step,value
320,0.0723538026213646
384,0.06541892141103745
688,0.0751265436410904
688,0.05939244478940964
784,0.07382598519325256
816,0.08645201474428177
864,0.05897116661071777
960,0.08882737904787064
1040,0.06839469820261002
1248,0.054477956146001816
1264,0.07748761028051376
1344,0.06336706131696701
1472,0.06830605119466782
1584,0.06409081816673279
1616,0.07602928578853607
1744,0.08491136133670807
1904,0.07731378078460693
1968,0.07154034823179245
2096,0.07647018134593964
2192,0.0773492231965065
2336,0.07803826034069061
2464,0.07555681467056274
2560,0.0876043438911438
2672,0.06151194125413895
2688,0.07974550873041153
2976,0.07407697290182114
3008,0.06638321280479431
3008,0.07419219613075256
3184,0.07860913872718811
3504,0.06241689622402191
3552,0.05934532731771469
3808,0.07478876411914825
3872,0.05800928175449371
3904,0.05108048766851425
4016,0.07963640987873077
4080,0.07528553158044815
4096,0.07495374977588654
4224,0.07656042277812958
4336,0.0636373907327652
4480,0.0851309597492218
4576,0.09633532166481018
4624,0.07835139334201813
4800,0.058882515877485275
4912,0.06459363549947739
5264,0.06698541343212128
5312,0.063487708568573
5520,0.07727500051259995
5616,0.07250005751848221
5664,0.060069337487220764
5712,0.0916973128914833
5920,0.06627122312784195
5984,0.06587929278612137
6000,0.062162794172763824
6032,0.06627844274044037
6112,0.07783963531255722
6144,0.07936771214008331
6208,0.07433638721704483
6272,0.0829409584403038
6352,0.06648419052362442
6496,0.0565904900431633
6688,0.06052880361676216
6992,0.05644300952553749
7232,0.08142296224832535
7232,0.09527791291475296
7696,0.07036503404378891
7760,0.078387051820755
8016,0.1016835942864418
8304,0.06563398241996765
8336,0.09413798898458481
8496,0.07584743201732635
8528,0.07420961558818817
8976,0.05535378307104111
9120,0.08235345780849457
9248,0.08526796847581863
9264,0.06529805064201355
9360,0.07513748109340668
9488,0.0725005716085434
9488,0.06396175175905228
9792,0.05563511699438095
10128,0.07672097533941269
10320,0.07348550856113434
10400,0.08141665905714035
10512,0.07363446056842804
10544,0.06307917088270187
10576,0.0967361256480217
10816,0.04865469038486481
10912,0.0734257847070694
10976,0.07377468049526215
11232,0.07430803775787354
11376,0.08136571198701859
11376,0.07744701951742172
11392,0.06611069291830063
11600,0.0793573409318924
11712,0.08007092028856277
11824,0.09471588581800461
12000,0.07883652299642563
12160,0.07423615455627441
12352,0.06956334412097931
12480,0.07869583368301392
12720,0.07612324506044388
12832,0.0828239768743515
13312,0.07772917300462723
13440,0.08608634024858475
13488,0.0739535316824913
13664,0.07234564423561096
13728,0.07076060026884079
14032,0.07409045100212097
14272,0.07780556380748749
14400,0.06408953666687012
14512,0.09634912759065628
14704,0.04881693422794342
14912,0.05992218479514122
14928,0.07788893580436707
15200,0.06249213591217995
15392,0.07950970530509949
15520,0.07501182705163956
15696,0.07221311330795288
15888,0.08526785671710968
15904,0.0833631381392479
15952,0.06793893873691559
16304,0.06166082248091698
16448,0.07164940983057022
16480,0.050773657858371735
16736,0.07596121728420258
16736,0.07479553669691086
16736,0.0509992353618145
16992,0.09863395243883133
17136,0.05173133313655853
17408,0.08026907593011856
17616,0.06347759068012238
17792,0.07570519298315048
17968,0.0709804967045784
18016,0.08579158037900925
18144,0.08193209767341614
18144,0.09975133836269379
18176,0.058935005217790604
18304,0.05975239351391792
18432,0.07524362206459045
18464,0.08083368092775345
18944,0.06451190263032913
19088,0.04978194832801819
19392,0.06400604546070099
19408,0.06360369175672531
19440,0.06234457716345787
19472,0.06583067774772644
19632,0.0788143202662468
19936,0.08004943281412125
20192,0.08335243910551071
20240,0.07102921605110168
20368,0.08775201439857483
20704,0.07127850502729416
20816,0.08357001841068268
20912,0.06634876132011414
21088,0.07428066432476044
21136,0.07145119458436966
21296,0.05546151101589203
21440,0.07446201890707016
21552,0.07422947138547897
21552,0.07582981884479523
21680,0.08411286771297455
21840,0.07503101974725723
22048,0.05117082595825195
22352,0.06057482585310936
22464,0.09836612641811371
22672,0.06540749967098236
22800,0.08357300609350204
23040,0.06447432190179825
23184,0.07839255034923553
23232,0.07790437340736389
23280,0.060175806283950806
23376,0.06735225766897202
23392,0.06184938922524452
23440,0.07625197619199753
23712,0.07748271524906158
23728,0.06423113495111465
23792,0.06386870890855789
23904,0.055204663425683975
23968,0.060620129108428955
24016,0.06702107936143875
24112,0.06376934051513672
24256,0.0823763906955719
24304,0.07587233930826187
24448,0.07443078607320786
24656,0.06981250643730164
24752,0.057048507034778595
24800,0.08437277376651764
24848,0.08460024744272232
24960,0.08970668166875839
25088,0.07774324715137482
25312,0.07795150578022003
25456,0.06781572848558426
25616,0.07573643326759338
25808,0.06983360648155212
26000,0.050458453595638275
26080,0.05857888236641884
26160,0.08637652546167374
26320,0.08926635980606079
26784,0.08165354281663895
26832,0.07482438534498215
27088,0.06686027348041534
27216,0.07593273371458054
27424,0.08040084689855576
27440,0.06116010248661041
27680,0.07544064521789551
27744,0.06564400345087051
27760,0.05234255641698837
27952,0.07439300417900085
28128,0.06496648490428925
28416,0.07043997943401337
28576,0.08183494955301285
28640,0.07713082432746887
28960,0.0927066057920456
28992,0.07378029078245163
29152,0.08069385588169098
29216,0.06350738555192947
29296,0.08018908649682999
29616,0.06187114492058754
29664,0.0655798614025116
29696,0.05423755943775177
29728,0.057738903909921646
29872,0.06580927968025208
29984,0.07507476210594177
30016,0.07416602224111557
30016,0.07410728931427002
30032,0.07933618873357773
30224,0.08159767091274261
30416,0.07652676105499268
30464,0.08646158128976822
30608,0.060449063777923584
30608,0.06417886167764664
30928,0.10721457004547119
30992,0.08393996208906174
31328,0.06761713325977325
31456,0.09310407191514969
31536,0.07296149432659149
31568,0.07454157620668411
31904,0.08027856051921844
32256,0.08259227126836777
32640,0.07447736710309982
32720,0.056279923766851425
33040,0.08568566292524338
33232,0.07394886016845703
33296,0.08060208708047867
33376,0.06449049711227417
33808,0.07449193298816681
34080,0.08866335451602936
34528,0.08344634622335434
34560,0.07130573689937592
34768,0.06391579657793045
35200,0.0878872349858284
35296,0.04633638262748718
35408,0.07219815254211426
35552,0.07122524082660675
36176,0.057195957750082016
36192,0.08531319350004196
36208,0.0643957257270813
36240,0.06735631823539734
36336,0.09079107642173767
36352,0.04711532965302467
36352,0.07801703363656998
36464,0.08160686492919922
36544,0.09238400310277939
36784,0.07720547914505005
36832,0.054258305579423904
36976,0.08364176005125046
37072,0.06690745800733566
37408,0.08624621480703354
37872,0.08062122762203217
37888,0.08240633457899094
38128,0.0632646381855011
38224,0.1016838327050209
38224,0.05274668335914612
38304,0.06494615226984024
38384,0.0544474758207798
38496,0.08032874763011932
38512,0.05342059209942818
38576,0.0994037538766861
38720,0.08040019124746323
38816,0.0637945830821991
38928,0.0785447359085083
39056,0.06786028295755386
39200,0.08909827470779419
39312,0.0763058215379715
39728,0.08807194977998734
39760,0.07418835163116455
39792,0.08369967341423035
40016,0.06120939552783966
40112,0.08565087616443634
40144,0.06943526864051819
40160,0.07111462205648422
40176,0.06550129503011703
40416,0.07732700556516647
40432,0.07859989255666733
40512,0.07523967325687408
40592,0.06831598281860352
40816,0.09375511109828949
40880,0.07934706658124924
41216,0.06539581716060638
41296,0.05151737481355667
41328,0.054400667548179626
41328,0.08731207251548767
41776,0.058761365711688995
41968,0.07422541826963425
42448,0.10165270417928696
42576,0.06026777997612953
42736,0.07605714350938797
42864,0.07597938925027847
42928,0.06332172453403473
42976,0.06507761776447296
43008,0.06328267604112625
43344,0.09023920446634293
43344,0.07180345803499222
43456,0.07722636312246323
43648,0.08618450909852982
43680,0.05236567184329033
43920,0.07559920847415924
43936,0.07521388679742813
43936,0.07832779735326767
44064,0.07774964720010757
44176,0.07041889429092407
44240,0.07427461445331573
44400,0.07764055579900742
44416,0.08242389559745789
44512,0.044235583394765854
44640,0.08518622070550919
44704,0.06559667736291885
44704,0.0657699853181839
44736,0.08746369928121567
44784,0.06518317759037018
44928,0.0718313604593277
45024,0.09424479305744171
45104,0.06840794533491135
45232,0.09871372580528259
45520,0.06632018089294434
45568,0.054555006325244904
45680,0.05059606209397316
45728,0.07153887301683426
45840,0.07652726769447327
45968,0.08083734661340714
46000,0.08724930882453918
46080,0.06327144056558609
46240,0.07924913614988327
46368,0.06804090738296509
46432,0.07167363166809082
46432,0.06461106985807419
46480,0.05632049962878227
46544,0.07734334468841553
46608,0.09049011766910553
46992,0.07594671845436096
47376,0.057958390563726425
47584,0.08302269876003265
47872,0.05455603078007698
47888,0.08321761339902878
48032,0.0675053820014
48048,0.07981761544942856
48160,0.053038522601127625
48160,0.06494683772325516
48336,0.06726430356502533
48352,0.07629679143428802
48496,0.06722841411828995
48512,0.07565577328205109
48688,0.06621169298887253
48816,0.10157085210084915
48896,0.07420507073402405
48928,0.07745759934186935
48992,0.07379608601331711
49040,0.07718885689973831
49088,0.0671984851360321
49248,0.05750274285674095
49488,0.06319493800401688
49552,0.0695900246500969
49584,0.05435928702354431
49696,0.07807113230228424
49888,0.08162829279899597
50016,0.10286179929971695
50352,0.08353915810585022
50400,0.0878182128071785
50592,0.07647782564163208
50800,0.07897228002548218
51312,0.08043120056390762
51376,0.06316967308521271
51456,0.05312246084213257
51536,0.0772445797920227
51984,0.06499495357275009
52000,0.07558434456586838
52032,0.07151364535093307
52032,0.06925881654024124
52384,0.07822336256504059
52688,0.10274554789066315
52768,0.07646244019269943
52864,0.0905747041106224
53216,0.07874880731105804
53248,0.07426868379116058
53408,0.06569290161132812
53440,0.09156153351068497
53472,0.08617869764566422
53696,0.06973495334386826
53920,0.07658765465021133
54320,0.08668820559978485
54384,0.07584626972675323
54624,0.05980135500431061
54656,0.0669180378317833
55056,0.08153112977743149
55392,0.09953617304563522
55616,0.07437266409397125
55728,0.07403741031885147
55744,0.0994277372956276
55872,0.08725680410861969
55888,0.08842363208532333
55984,0.07632363587617874
56048,0.07884393632411957
56160,0.09146957844495773
56208,0.1040566936135292
56368,0.08641494810581207
56416,0.10102371871471405
56480,0.07493992149829865
56720,0.07544940710067749
56768,0.07745494693517685
56848,0.06839409470558167
56944,0.05126189813017845
56944,0.08341135829687119
57184,0.07934758067131042
57360,0.09324239939451218
57424,0.08575362712144852
57584,0.10524345189332962
57824,0.07412654906511307
58176,0.0881337821483612
58336,0.09025727957487106
58480,0.08391045778989792
58560,0.10021837800741196
58576,0.089619942009449
58800,0.06872455775737762
58816,0.06713894009590149
58992,0.08750234544277191
59488,0.059702903032302856
59552,0.065447598695755
59696,0.07944483309984207
59936,0.05257688835263252
60624,0.07895562797784805
61136,0.09619291126728058
61440,0.07020916789770126
61680,0.08560614287853241
61712,0.07914958149194717
61872,0.08113659918308258
62928,0.08717814832925797
63376,0.11099504679441452
63504,0.054739829152822495
63600,0.0804978609085083
63696,0.0741354450583458
63824,0.07187698036432266
64000,0.0592653863132
64192,0.09406381100416183
64800,0.0737014189362526
65248,0.07681550085544586
65696,0.08073616772890091
65984,0.06372551620006561
66048,0.08153645694255829
66832,0.09295181185007095
66864,0.07155859470367432
67040,0.10360153019428253
67280,0.08125060796737671
67440,0.08105021715164185
68208,0.0746622160077095
68624,0.09645197540521622
68800,0.10312461853027344
68960,0.09544222056865692
69024,0.10009760409593582
69056,0.07900366932153702
69408,0.10047493129968643
69488,0.07505500316619873
69536,0.06639164686203003
69872,0.08929485827684402
69920,0.058784764260053635
70048,0.08779711276292801
70176,0.06939560920000076
70256,0.07122545689344406
70288,0.06548630446195602
70528,0.05463743582367897
70608,0.0917837843298912
71120,0.063909150660038
71168,0.09671802818775177
71200,0.08687309175729752
71392,0.05043310299515724
71520,0.09742015600204468
71712,0.08209168165922165
71872,0.09994186460971832
71984,0.07057959586381912
72128,0.08170002698898315
72192,0.08038245886564255
72304,0.06572643667459488
72624,0.07648762315511703
72672,0.08241618424654007
72672,0.0693359524011612
72816,0.10027995705604553
73056,0.06542032212018967
73312,0.07608689367771149
73680,0.08026422560214996
73824,0.06240924075245857
73840,0.10413137078285217
73952,0.07102685421705246
74304,0.08699038624763489
74432,0.0784367099404335
74896,0.06758273392915726
75040,0.048914700746536255
75104,0.10201098769903183
75376,0.08285336941480637
75376,0.06037228927016258
75584,0.09019339084625244
75776,0.0748472735285759
76064,0.09357549995183945
76224,0.060081545263528824
76400,0.06401306390762329
76736,0.08749601989984512
76784,0.08615642786026001
76912,0.07967253774404526
76944,0.07831206172704697
77328,0.06979095190763474
77472,0.11066526919603348
77536,0.062237273901700974
77952,0.07700390368700027
78464,0.08075214922428131
78592,0.0820063129067421
78736,0.07754146307706833
79440,0.07024379074573517
79584,0.07745668292045593
79776,0.07359138876199722
80736,0.08357395231723785
80944,0.09864743798971176
80976,0.09494740515947342
81232,0.07977015525102615
81472,0.059760209172964096
81648,0.0829746425151825
81696,0.08286461234092712
81872,0.07851652055978775
82224,0.09798964858055115
82352,0.0783233791589737
82624,0.09262796491384506
83872,0.09230202436447144
84096,0.10298565775156021
84480,0.08284564316272736
84640,0.06469616293907166
84672,0.0825388953089714
84800,0.07068932056427002
85200,0.06834627687931061
85856,0.10115071386098862
86384,0.06653296202421188
86416,0.10416151583194733
87040,0.10245481878519058
87152,0.09106457233428955
87392,0.06386477500200272
87488,0.0841178447008133
87920,0.10373874753713608
88096,0.08248831331729889
88288,0.07495331764221191
88496,0.07984057813882828
88976,0.09197507798671722
89024,0.0945168286561966
89056,0.07790977507829666
89216,0.09726077318191528
89344,0.07382157444953918
89552,0.07200619578361511
89616,0.07537861168384552
89680,0.10832678526639938
89744,0.10454551130533218
89952,0.08085202425718307
90320,0.08504175394773483
90928,0.10053447633981705
91072,0.09373673051595688
91712,0.08502187579870224
92320,0.10104791820049286
92720,0.10743371397256851
92768,0.10480676591396332
93120,0.10847113281488419
93408,0.09791626781225204
93744,0.10280697792768478
93808,0.10454791784286499
94016,0.07461494952440262
94032,0.08173392713069916
94112,0.08172434568405151
95024,0.1131863072514534
95120,0.09273545444011688
95424,0.08019779622554779
95600,0.09840194880962372
96448,0.09580062329769135
97536,0.1071305125951767
97568,0.08042285591363907
97840,0.05627848953008652
98256,0.09197067469358444
98624,0.10921264439821243
98688,0.10559402406215668
98976,0.10238347202539444
99120,0.09830394387245178
99232,0.09052885323762894
99376,0.09533124417066574
100512,0.09138544648885727
100560,0.08822702616453171
100752,0.06561971455812454
101376,0.09437897801399231
101408,0.08219212293624878
101600,0.07350180298089981
101744,0.09022917598485947
101744,0.10145852714776993
102128,0.06998708844184875
103552,0.09754953533411026
103984,0.1029454916715622
104720,0.10088139027357101
105056,0.09181181341409683
105168,0.10232000052928925
106112,0.09739135205745697
106736,0.08795136213302612
107296,0.05865730717778206
107312,0.10566100478172302
107536,0.09251946955919266
108272,0.11585137248039246
108288,0.10866256058216095
109504,0.10255667567253113
109824,0.09297069162130356
110944,0.08562752604484558
111088,0.09868018329143524
111408,0.058685410767793655
111584,0.09943818300962448
111840,0.08474782109260559
112096,0.10726580768823624
112400,0.08788610249757767
112880,0.11520137637853622
112928,0.08790120482444763
114656,0.10918118804693222
114816,0.06497599929571152
115056,0.09655286371707916
115088,0.10789669305086136
116272,0.10592349618673325
116480,0.06967970728874207
118176,0.07808872312307358
119072,0.06096446514129639
120128,0.07678717374801636
120256,0.09957024455070496
121040,0.07322037220001221
122560,0.0731726735830307
122800,0.11622681468725204
123664,0.09831565618515015
123696,0.09929133206605911
123904,0.11198640614748001
124320,0.11036229133605957
124560,0.07713816314935684
125360,0.09042532742023468
125536,0.09460970759391785
125872,0.07438347488641739
125904,0.10732156038284302
126048,0.10628970712423325
126224,0.09509994089603424
126480,0.10516922175884247
126928,0.1033138707280159
128176,0.08584655076265335
128256,0.10995803773403168
128832,0.06812219321727753
129376,0.08295655995607376
129712,0.11018982529640198
129728,0.1102740541100502
130496,0.06816095858812332
130544,0.09737666696310043
130832,0.09777149558067322
131408,0.10266298800706863
132080,0.10734041780233383
132288,0.1018785834312439
132480,0.07232719659805298
133872,0.09213069826364517
134032,0.11740610003471375
134400,0.07253815978765488
134400,0.09291163831949234
134848,0.09863850474357605
135808,0.08870846033096313
136048,0.0917128473520279
136704,0.11231424659490585
136784,0.11118645966053009
137488,0.10957034677267075
138064,0.10948289930820465
138080,0.12446412444114685
138512,0.10102802515029907
139760,0.10813527554273605
139952,0.07872391492128372
140000,0.07988996058702469
140432,0.08428141474723816
141552,0.1001964882016182
142240,0.06653537601232529
142448,0.08972512930631638
142464,0.09602183848619461
142944,0.11986613273620605
143008,0.06656201928853989
143072,0.10967927426099777
143248,0.10663851350545883
143392,0.10003147274255753
143472,0.08643664419651031
145040,0.08067575097084045
146432,0.09624317288398743
147104,0.06898681819438934
147664,0.08452926576137543
147712,0.10854418575763702
148672,0.11892744898796082
148880,0.06757659465074539
149184,0.12187934666872025
150240,0.10648053139448166
150800,0.08159279823303223
151264,0.10453393310308456
152080,0.11358403414487839
152128,0.11475513875484467
152576,0.10953331738710403
152704,0.08755706995725632
152768,0.10129646956920624
153280,0.05695463716983795
153520,0.09477642178535461
153776,0.10591866075992584
154496,0.09053978323936462
155040,0.09992645680904388
155504,0.10401806235313416
155760,0.11001861840486526
155808,0.09406957775354385
156672,0.09824903309345245
157696,0.09802492707967758
158560,0.10745199024677277
158704,0.0958525687456131
158928,0.10600369423627853
159600,0.10086280107498169
159728,0.09034974128007889
159744,0.09926769137382507
160176,0.11390116065740585
160256,0.07930301874876022
160288,0.10636838525533676
160544,0.10845553129911423
161152,0.10999499261379242
161248,0.12379512935876846
161376,0.07312200218439102
161440,0.09524939209222794
161520,0.09937720000743866
161632,0.10252155363559723
161696,0.10436125844717026
161696,0.08942132443189621
162064,0.05228109285235405
163376,0.10786259919404984
164176,0.11941695958375931
164464,0.09440982341766357
165136,0.12010866403579712
166016,0.10258466005325317
168384,0.11382089555263519
168432,0.11962532997131348
168928,0.09691130369901657
169552,0.11502373218536377
169712,0.08207035809755325
170528,0.11081207543611526
171328,0.12678205966949463
172736,0.11523491889238358
173120,0.123173788189888
173408,0.09151853621006012
173824,0.08669809997081757
174368,0.08654402941465378
177920,0.11111054569482803
178224,0.11901166290044785
178656,0.09956314414739609
178704,0.12108495086431503
180512,0.09654945880174637
182032,0.10409078747034073
182432,0.12011494487524033
183152,0.11446481943130493
183520,0.11908578127622604
184512,0.09934034198522568
184752,0.1167275533080101
187344,0.11752034723758698
187728,0.11320161074399948
187872,0.12765292823314667
189088,0.09737531840801239
189136,0.11468295007944107
189136,0.10989321023225784
189152,0.11133020371198654
189488,0.11423870176076889
189600,0.1269441395998001
191264,0.10986194759607315
191360,0.12092110514640808
192208,0.12413559854030609
192544,0.10019806772470474
192624,0.12634199857711792
193824,0.10996789485216141
194096,0.12642580270767212
194288,0.12127401679754257
194368,0.09696108102798462
194416,0.10292559862136841
195696,0.11729089915752411
196256,0.12513865530490875
197840,0.10369496047496796
198336,0.07819806784391403
198944,0.10232896357774734
199024,0.11391590535640717
199904,0.11296053230762482
200096,0.11436855047941208
200544,0.09535995125770569
204464,0.12318575382232666
204944,0.10874726623296738
204976,0.10825720429420471
205408,0.12166468054056168
205440,0.10748346149921417
207632,0.12300434708595276
207840,0.12043021619319916
208032,0.08057005703449249
208080,0.12031153589487076
208624,0.09282097965478897
208944,0.1237969771027565
208992,0.12226643413305283
209504,0.11780235171318054
209664,0.11422161012887955
211040,0.1253821849822998
211760,0.11943008005619049
212688,0.1168474406003952
212896,0.11729364842176437
215072,0.12179835140705109
215168,0.1162874847650528
218096,0.1248897984623909
218256,0.1126788929104805
218304,0.11895806342363358
218688,0.12305794656276703
219056,0.11568193137645721
219232,0.125212624669075
220432,0.10825584828853607
221632,0.12400560826063156
223808,0.10900727659463882
224368,0.10935240238904953
225344,0.10864754766225815
225744,0.09270533174276352
225824,0.11355513334274292
227216,0.11124082654714584
227232,0.10803846269845963
227520,0.08716874569654465
227664,0.11851904541254044
227968,0.12489734590053558
228416,0.10152571648359299
229344,0.11285018175840378
229456,0.10309265553951263
229904,0.11232893168926239
231920,0.12849998474121094
232176,0.07340649515390396
232368,0.12611941993236542
233392,0.12307660281658173
233712,0.1007452979683876
234848,0.10955305397510529
235232,0.10230735689401627
237008,0.1206691563129425
237264,0.11905275285243988
238896,0.12287913262844086
239872,0.11411706358194351
240512,0.1283673346042633
240912,0.12049044668674469
241184,0.12029615789651871
242144,0.10218483209609985
242496,0.10578419268131256
242560,0.1261669546365738
242816,0.1036311462521553
244288,0.10961522907018661
245232,0.1161770150065422
246160,0.11922576278448105
246448,0.11344508081674576
249824,0.12140283733606339
250144,0.11528611928224564
250240,0.12559352815151215
252192,0.11374975740909576
253424,0.11941535025835037
255920,0.12333299219608307
258976,0.12101981043815613
259008,0.11658906936645508
259072,0.12301071733236313
259248,0.12317022681236267
259440,0.10184232890605927
260256,0.09739234298467636
260896,0.12778589129447937
261216,0.11530167609453201
261328,0.12344075739383698
262480,0.1260828673839569
263904,0.10171515494585037
264432,0.12054844200611115
265888,0.12308250367641449
266208,0.09149495512247086
269600,0.113562673330307
272016,0.12408813089132309
272176,0.1264447122812271
273024,0.10263283550739288
274288,0.10256624221801758
276864,0.12343205511569977
278384,0.12143644690513611
279296,0.11179306358098984
279520,0.11826810985803604
280928,0.1177903264760971
280960,0.12478821724653244
283392,0.11929412931203842
283504,0.11730388551950455
285904,0.11488569527864456
287856,0.1252017319202423
287872,0.11331885308027267
287984,0.09749529510736465
288464,0.07355181127786636
288608,0.1206282451748848
289328,0.12739859521389008
289728,0.11561547964811325
290576,0.09499024599790573
290944,0.1299349069595337
292176,0.11868005245923996
294528,0.1250336915254593
296496,0.06197965145111084
297168,0.12200439721345901
298256,0.1255163550376892
298560,0.10976474732160568
299120,0.1250683218240738
299408,0.1032659038901329
300736,0.12440667301416397
302480,0.11323603242635727
303072,0.11503349244594574
304368,0.10540566593408585
304448,0.127064511179924
304496,0.10573025792837143
304672,0.12817130982875824
306144,0.12387079000473022
307408,0.11329018324613571
308032,0.12360352277755737
310352,0.07189323753118515
311888,0.11028601229190826
313744,0.11473537236452103
315120,0.12344999611377716
315200,0.12669290602207184
316288,0.11599846929311752
317520,0.12346048653125763
317568,0.12264034152030945
318784,0.12738832831382751
319504,0.11056184768676758
320560,0.12379974871873856
320896,0.12307428568601608
322368,0.11980690807104111
323040,0.12628592550754547
323152,0.11737149208784103
326304,0.12435614317655563
327280,0.08726997673511505
327328,0.12560467422008514
328112,0.12238706648349762
328240,0.12578526139259338
328944,0.10013481974601746
331008,0.12200891971588135
331216,0.12305165082216263
331888,0.12221229821443558
332336,0.12222030013799667
333376,0.12343897670507431
333584,0.12797477841377258
333664,0.12657634913921356
333904,0.12306177616119385
334688,0.09590618312358856
335280,0.12180774658918381
337664,0.12322176247835159
338672,0.1242411658167839
340752,0.12236038595438004
341792,0.1244637742638588
342496,0.12454618513584137
343536,0.11613713204860687
343632,0.12679697573184967
343984,0.1286308765411377
345904,0.12307713180780411
346016,0.11054547876119614
349408,0.11092554777860641
349568,0.12402507662773132
353712,0.11292575299739838
354000,0.10267266631126404
354192,0.122651606798172
354480,0.09428676962852478
355312,0.12486313283443451
355424,0.11432100087404251
356688,0.1176566481590271
356944,0.1238558292388916
357968,0.12392400205135345
358304,0.12166711688041687
358400,0.10637592524290085
359696,0.11447981745004654
360144,0.11712552607059479
360592,0.12167409807443619
361776,0.10103023052215576
362688,0.123853400349617
363776,0.12503501772880554
365360,0.12475281953811646
365744,0.08864687383174896
366048,0.125213623046875
366656,0.12364627420902252
367424,0.12045300751924515
369232,0.12942653894424438
369312,0.09324640035629272
369584,0.12418755888938904
373312,0.11750975251197815
374608,0.12371177971363068
376048,0.11945581436157227
376160,0.11994734406471252
376848,0.11119786649942398
377104,0.0823005959391594
379008,0.12148047238588333
379664,0.11883610486984253
380352,0.12341620028018951
383408,0.11079093813896179
384272,0.11980096995830536
385056,0.11954092979431152
385216,0.12406481057405472
385776,0.1129644513130188
386944,0.12524767220020294
387120,0.12870681285858154
390352,0.12698452174663544
392320,0.12574736773967743
393456,0.1211640015244484
397168,0.11983148008584976
398576,0.11393354833126068
398720,0.12576331198215485
398752,0.09440203756093979
398816,0.12866030633449554
400608,0.12601037323474884
402512,0.1116555705666542
403472,0.12328126281499863
404240,0.12666413187980652
404944,0.12061068415641785
407776,0.11949969083070755
409088,0.12272069603204727
409328,0.1274493783712387
410128,0.1161508783698082
411200,0.11957935988903046
411712,0.1185060366988182
411952,0.11175335198640823
413024,0.12324258685112
414704,0.12646794319152832
414704,0.09882263094186783
416768,0.12211974710226059
418368,0.11820463091135025
418944,0.10390801727771759
419824,0.12523843348026276
420128,0.11969877034425735
421936,0.12155317515134811
422640,0.11924625933170319
423040,0.12290719896554947
423408,0.11713627725839615
423536,0.12466435134410858
424656,0.12196575850248337
426224,0.1302804797887802
426288,0.1176464781165123
428480,0.1254645586013794
429008,0.12475624680519104
429248,0.12461943179368973
429584,0.12271708250045776
429968,0.12328164279460907
430512,0.07502558827400208
430656,0.12578245997428894
433776,0.11900439858436584
434944,0.10471862554550171
435440,0.12733422219753265
436096,0.12857215106487274
436592,0.09680502861738205
437888,0.12394122779369354
438736,0.11236406117677689
441168,0.12536461651325226
441824,0.12581755220890045
442096,0.12072312086820602
442960,0.1282094568014145
443888,0.12821993231773376
443968,0.1264605075120926
444720,0.12213993817567825
445648,0.12562760710716248
447856,0.11491108685731888
448656,0.12411931902170181
448848,0.12537802755832672
449184,0.12376704066991806
449424,0.125982865691185
450096,0.12120042741298676
451600,0.12732838094234467
453152,0.12338389456272125
455952,0.1280931681394577
456816,0.12725010514259338
459328,0.12043982744216919
461216,0.11556724458932877
461456,0.1264118254184723
461968,0.1260266751050949
463552,0.12059729546308517
464720,0.12717393040657043
465984,0.09758567810058594
469552,0.1287841796875
470720,0.1153406947851181
471904,0.09838660061359406
471968,0.1095527932047844
472720,0.12363839149475098
474592,0.11033734679222107
477200,0.11219076067209244
477840,0.12003995478153229
478000,0.13158611953258514
479104,0.1258843094110489
479872,0.12691091001033783
481344,0.1292702555656433
481904,0.1265701949596405
482880,0.12133198976516724
483504,0.11975462734699249
485136,0.12116513401269913
486368,0.1173393726348877
486464,0.1247381791472435
486608,0.11297054588794708
487072,0.12570452690124512
488512,0.11812268942594528
489792,0.1299671083688736
491184,0.12739986181259155
491936,0.08434911072254181
492512,0.12431075423955917
492592,0.11394258588552475
493088,0.09844041615724564
494704,0.12195910513401031
495568,0.11549774557352066
498640,0.09940601140260696
498656,0.1242266371846199
499248,0.11498107761144638
500016,0.12436102330684662
501280,0.12180393189191818
501904,0.12158667296171188
502496,0.12845681607723236
503312,0.11126759648323059
503520,0.12060359865427017
504848,0.12478237599134445
505648,0.1213240921497345
505776,0.12771636247634888
507200,0.11929092556238174
508512,0.12584467232227325
508704,0.11341597139835358
511504,0.11703770607709885
511664,0.11299355328083038
511840,0.11904674023389816
512336,0.11707238107919693
513360,0.10724685341119766
515168,0.11908319592475891
518592,0.12595216929912567
520448,0.12496244162321091
522752,0.1211855337023735
522960,0.12424677610397339
524832,0.1163271814584732
525680,0.12140055000782013
527616,0.1084117442369461
527648,0.12783944606781006
528448,0.11414463073015213
528464,0.10619188845157623
528592,0.10017310827970505
529152,0.12623196840286255
529648,0.11873771250247955
531264,0.12092452496290207
531504,0.12167901545763016
532016,0.12477508187294006
532720,0.1258225440979004
534064,0.11994460225105286
535008,0.11431442201137543
535024,0.1232057437300682
535520,0.125743567943573
535536,0.12089428305625916
537248,0.11837128549814224
537600,0.11334829777479172
537680,0.11442849040031433
538368,0.12615737318992615
541280,0.12780673801898956
541872,0.12343496829271317
542544,0.12777164578437805
543440,0.12362745404243469
544576,0.12621958553791046
545872,0.11806142330169678
547360,0.1231069564819336
547776,0.12986904382705688
549136,0.11527344584465027
549552,0.11945249140262604
550352,0.12496135383844376
551248,0.11437820643186569
552704,0.1253698766231537
553056,0.11884026974439621
554176,0.1278013437986374
557472,0.1254536211490631
557584,0.1210949569940567
557840,0.13158917427062988
558368,0.09781037271022797
558752,0.12547098100185394
559280,0.10768206417560577
559872,0.12657539546489716
561824,0.1242605596780777
563664,0.12487071007490158
564512,0.12344205379486084
565232,0.12317048013210297
566816,0.12304161489009857
567248,0.11300909519195557
567280,0.11858352273702621
568528,0.12654653191566467
569344,0.1274324208498001
570816,0.13135552406311035
570816,0.12346849590539932
571616,0.12895947694778442
572048,0.12455693632364273
572112,0.1264321208000183
573440,0.12130583822727203
574112,0.10944011807441711
576736,0.12093760818243027
577648,0.1248084306716919
579472,0.10248066484928131
579792,0.12012843787670135
581168,0.12665985524654388
581984,0.11383679509162903
583760,0.12644723057746887
584448,0.12491501122713089
585008,0.11327759921550751
585280,0.12597501277923584
585280,0.12560375034809113
585584,0.12526100873947144
589232,0.1209927573800087
590576,0.13003072142601013
590880,0.12369481474161148
592128,0.12755891680717468
592512,0.12186804413795471
592848,0.12393081188201904
593536,0.1168430745601654
594256,0.12289975583553314
597712,0.12290371209383011
597808,0.11309046298265457
600064,0.12506628036499023
600560,0.11484739184379578
601312,0.1287126988172531
601968,0.1284456104040146
602096,0.10452829301357269
602160,0.1273544579744339
603616,0.12462259083986282
605776,0.11942258477210999
607168,0.11853054910898209
609936,0.10655787587165833
610656,0.12192437052726746
612544,0.12030914425849915
613520,0.12169014662504196
614752,0.12209901958703995
615616,0.12717202305793762
616032,0.11450020968914032
618576,0.12666724622249603
618976,0.12161944061517715
619408,0.10674126446247101
621360,0.08281611651182175
621488,0.12151114642620087
622720,0.1272377371788025
624560,0.101839579641819
626256,0.12675175070762634
626496,0.11248724907636642
631616,0.11423900723457336
631888,0.10514313727617264
632448,0.12074204534292221
632448,0.12584128975868225
633296,0.12645204365253448
634000,0.12413245439529419
634592,0.11569578945636749
635616,0.11937510967254639
636704,0.07468490302562714
637808,0.11007896810770035
638800,0.12309236824512482
639072,0.11769706010818481
639200,0.11740225553512573
639280,0.12347009032964706
641968,0.1280325949192047
642928,0.11911480873823166
643200,0.1230597048997879
643792,0.12417104095220566
644784,0.12120278924703598
646704,0.12078849226236343
647008,0.08309683203697205
648240,0.1243964284658432
648464,0.12098866701126099
649264,0.09955466538667679
650560,0.11787885427474976
650784,0.12509305775165558
651760,0.12479075789451599
653152,0.12913234531879425
653408,0.10460683703422546
653440,0.12147952616214752
654192,0.10600212961435318
655376,0.12429593503475189
655968,0.12779666483402252
657968,0.12454583495855331
659344,0.12747067213058472
659552,0.12710615992546082
660624,0.11431434005498886
661216,0.12196116894483566
662000,0.10295093059539795
662912,0.12779058516025543
665680,0.12203694880008698
666592,0.12336821109056473
666784,0.12360496819019318
669696,0.10144340246915817
672416,0.12480033934116364
672528,0.10545232146978378
673472,0.12162285298109055
673632,0.12433544546365738
673824,0.11781222373247147
675440,0.11956270784139633
675584,0.11952678859233856
676304,0.11868292838335037
677392,0.13108386099338531
679008,0.12382584065198898
679264,0.11364037543535233
679728,0.11795621365308762
680016,0.12442190945148468
680640,0.12209466844797134
681008,0.1257942169904709
682848,0.11572099477052689
685136,0.12102188169956207
685552,0.12181275337934494
687200,0.12090026587247849
687248,0.12133514881134033
688128,0.12618990242481232
688432,0.10244681686162949
689040,0.11545354872941971
689776,0.12000168114900589
690096,0.12174069136381149
690736,0.11989527940750122
690976,0.09988083690404892
691360,0.11574921011924744
692064,0.11905168741941452
693232,0.12906961143016815
694384,0.12734733521938324
695008,0.11927425861358643
695632,0.10512477904558182
696736,0.1223636269569397
696752,0.09902066737413406
696976,0.12137089669704437
697904,0.1078212559223175
698272,0.12270810455083847
703280,0.1238379031419754
703920,0.12164666503667831
704080,0.10973883420228958
705472,0.12166618555784225
705936,0.1215333491563797
706464,0.10574447363615036
707504,0.11560435593128204
707696,0.10764339566230774
708944,0.12072741985321045
711056,0.10956470668315887
711536,0.11457899957895279
711760,0.10575903207063675
711792,0.11569313704967499
712048,0.11385542899370193
712096,0.10452110320329666
712192,0.10342425853013992
712240,0.12153735011816025
712336,0.10878809541463852
712496,0.09832561016082764
715184,0.1251637190580368
715760,0.1259162724018097
716528,0.12524834275245667
716688,0.10404040664434433
718464,0.11042456328868866
718896,0.11778011918067932
722032,0.10253489017486572
722896,0.11788289248943329
725584,0.11326047033071518
727504,0.10146064311265945
727952,0.12449762225151062
728112,0.10947877168655396
730272,0.125071719288826
730880,0.125034898519516
730960,0.12430458515882492
733184,0.11979151517152786
734368,0.12782837450504303
734496,0.12425103783607483
736480,0.12366318702697754
736560,0.10515516251325607
737872,0.12619607150554657
738064,0.12284434586763382
739088,0.12794646620750427
739424,0.10489697754383087
739808,0.10325510799884796
740736,0.10381852835416794
740864,0.09161309152841568
741520,0.12479064613580704
742336,0.12333209067583084
742432,0.1187838613986969
746512,0.12540565431118011
746800,0.12743711471557617
748736,0.12021050602197647
748736,0.10948891192674637
748848,0.09320369362831116
750448,0.12123855948448181
754768,0.11997926235198975
757456,0.12434236705303192
757552,0.1274499148130417
758304,0.11257511377334595
758448,0.11738622933626175
760416,0.10916256904602051
760864,0.11756457388401031
760992,0.13044632971286774
761424,0.12240919470787048
762976,0.12304620444774628
764480,0.12435159832239151
768768,0.12817439436912537
771424,0.12142075598239899
771712,0.12302122265100479
772160,0.12600861489772797
773952,0.1192813590168953
775264,0.10998162627220154
777072,0.12335463613271713
777680,0.1170952171087265
778848,0.12565088272094727
780320,0.11621776223182678
780896,0.09286760538816452
782352,0.12414941936731339
783136,0.12539145350456238
783856,0.125424325466156
787296,0.1233094334602356
790288,0.12567946314811707
790688,0.11275068670511246
790880,0.12852489948272705
791088,0.12325616925954819
791728,0.12810826301574707
792032,0.1255016177892685
792384,0.12629786133766174
795888,0.11979509890079498
797792,0.12691554427146912
798992,0.11367963254451752
799136,0.11922558397054672
800016,0.08284779638051987
800528,0.10743271559476852
802560,0.12674979865550995
802736,0.11797849088907242
802912,0.12358083575963974
804192,0.12099608778953552
805968,0.12970314919948578
808016,0.11679171025753021
808320,0.12484153360128403
808784,0.11918415129184723
809808,0.11619051545858383
809840,0.12421353906393051
810976,0.10302187502384186
813696,0.11091315001249313
814592,0.12452870607376099
815024,0.11641495674848557
815168,0.126957505941391
816464,0.11810797452926636
817184,0.12509062886238098
817216,0.11802534013986588
817280,0.11843403428792953
818112,0.12407569587230682
818352,0.1263299435377121
821520,0.12095263600349426
822112,0.12230286002159119
823120,0.12388525903224945
824288,0.12191133201122284
827888,0.11933466047048569
829344,0.12884122133255005
830144,0.1003715991973877
830272,0.10112956166267395
830976,0.11810992658138275
832128,0.12007304280996323
832784,0.12002626061439514
834992,0.118378646671772
836064,0.10424932837486267
836304,0.12440680712461472
839024,0.10789097100496292
840512,0.12355856597423553
840944,0.12042132019996643
841440,0.09588120132684708
842240,0.1273145228624344
845024,0.12634426355361938
845136,0.08379746973514557
845760,0.11328642070293427
845824,0.12332198023796082
845904,0.11456921696662903
848096,0.10398352891206741
848256,0.1189519390463829
849616,0.09880830347537994
851024,0.1176672950387001
852208,0.10721413791179657
852736,0.12720052897930145
852864,0.10394639521837234
853136,0.1083403006196022
854048,0.11739638447761536
854320,0.1290755271911621
855424,0.11883570998907089
855840,0.12513728439807892
856384,0.11380383372306824
859760,0.11997830867767334
859952,0.12470000982284546
860560,0.1228635385632515
861584,0.11452961713075638
861680,0.12647132575511932
862144,0.11069278419017792
862512,0.10751599818468094
863392,0.12400973588228226
866992,0.12459331005811691
867984,0.11958619952201843
870336,0.12781132757663727
870416,0.07946451008319855
870864,0.1196921318769455
873088,0.12897442281246185
874224,0.12445991486310959
877600,0.12362311780452728
877904,0.10837539285421371
880768,0.12939146161079407
881344,0.12401541322469711
882208,0.09633317589759827
885888,0.12201458215713501
888512,0.09663024544715881
888768,0.12898652255535126
889008,0.12509986758232117
889136,0.10977380722761154
890528,0.0897323340177536
891696,0.12115969508886337
892128,0.11703334748744965
892272,0.12662437558174133
892624,0.11605561524629593
893504,0.11942591518163681
893648,0.11501213163137436
894608,0.09894104301929474
896304,0.12302304804325104
897152,0.13072243332862854
899216,0.12451218068599701
899808,0.12783925235271454
899824,0.1260392814874649
900144,0.12519730627536774
900768,0.11618613451719284
901168,0.11722645163536072
901744,0.12262378633022308
902768,0.1215800791978836
905760,0.1251494139432907
907840,0.12645284831523895
908048,0.12176727503538132
908048,0.10189369320869446
908544,0.10253365337848663
908816,0.1263810247182846
909360,0.1237814798951149
909728,0.12612754106521606
910096,0.12657886743545532
910400,0.07851199805736542
911312,0.12548716366291046
911632,0.12480127066373825
912032,0.12735825777053833
912224,0.08075378090143204
912960,0.12441098690032959
913968,0.12248524278402328
915824,0.12480127066373825
915920,0.11977767199277878
917184,0.1215624287724495
917488,0.12135863304138184
917504,0.1223890483379364
919344,0.12314333021640778
919808,0.11155997961759567
921056,0.1245323121547699
921104,0.12869277596473694
921984,0.13106249272823334
922224,0.12306428700685501
922592,0.1223493367433548
924320,0.11996922641992569
929504,0.12594899535179138
929536,0.11715488880872726
929728,0.05985592305660248
930544,0.12191157788038254
932400,0.11014235764741898
934080,0.12284067273139954
934592,0.1174578070640564
935552,0.10306902974843979
935904,0.1291830986738205
936096,0.12322502583265305
936352,0.12322360277175903
937392,0.12477895617485046
939488,0.11742917448282242
939488,0.11624657362699509
940080,0.12592504918575287
940224,0.11981315165758133
942512,0.11894410848617554
943728,0.11729414761066437
945040,0.12460445612668991
948336,0.12430998682975769
948432,0.12371793389320374
948512,0.12905603647232056
950064,0.12678442895412445
950576,0.12385782599449158
952416,0.12324554473161697
953104,0.11884905397891998
953600,0.11906734853982925
954608,0.11019410938024521
955120,0.12235420197248459
958368,0.12633267045021057
959792,0.12105927616357803
961376,0.11444251239299774
961808,0.11000993102788925
963248,0.11671072989702225
964000,0.11932399868965149
964128,0.12130507081747055
964288,0.11768431961536407
965008,0.1253572702407837
965072,0.12174156308174133
966784,0.09928732365369797
970352,0.1252366453409195
973328,0.1263592392206192
975904,0.10885158181190491
976096,0.12535998225212097
976512,0.11541708558797836
977696,0.12094439566135406
978304,0.12366791814565659
978480,0.11109822243452072
978592,0.12031356245279312
979168,0.11067616194486618
979840,0.12240175902843475
980160,0.12268437445163727
980400,0.12198969721794128
981104,0.12695148587226868
982960,0.11784582585096359
983728,0.12368106096982956
983952,0.12077556550502777
984384,0.1090218722820282
986960,0.124907948076725
988912,0.12054143846035004
991600,0.10624971985816956
992704,0.11873143166303635
993072,0.12283307313919067
995744,0.12068167328834534
996368,0.10294180363416672
996448,0.09808439761400223
997056,0.10855822265148163
997088,0.12169844657182693
997616,0.11001016199588776
999120,0.1170601099729538
999280,0.1293342262506485
999568,0.11648456007242203
1000128,0.11074499040842056
1001216,0.08425861597061157
1001264,0.11239292472600937
1002960,0.11752467602491379
1003008,0.11907416582107544
1003088,0.12395250052213669
1003616,0.12523913383483887
1004848,0.11866819113492966
1005744,0.10494630038738251
1006208,0.11357999593019485
1006928,0.1189097985625267
1009680,0.10650109499692917
1012160,0.12365194410085678
1012672,0.1208350658416748
1012688,0.10653968155384064
1012880,0.11850081384181976
1013760,0.11179521679878235
1014704,0.10461296141147614
1014880,0.11953064799308777
1015696,0.12196698784828186
1016336,0.11864856630563736
1016544,0.06618542224168777
1017584,0.09904620051383972
1017888,0.12263339012861252
1017920,0.11134765297174454
1020624,0.11518767476081848
1021056,0.1046217679977417
1021488,0.12426558136940002
1022704,0.11009269207715988
1023200,0.10962796211242676
1023680,0.11837020516395569
1023760,0.12342055886983871
1025616,0.09233641624450684
1027104,0.11592525243759155
1027216,0.08304829150438309
1028832,0.12239717692136765
1029232,0.12516728043556213
1029248,0.10719507187604904
1030160,0.1052752137184143
1032800,0.12192949652671814
1034528,0.09330153465270996
1034768,0.12422521412372589
1035488,0.11881645023822784
1035920,0.12216049432754517
1037040,0.0960467979311943
1038144,0.11863002926111221
1038160,0.12553827464580536
1038880,0.1208578571677208
1039936,0.12553702294826508
1040880,0.10344965755939484
1041104,0.12476088851690292
1041424,0.12112206965684891
1041552,0.10556699335575104
1041792,0.12507183849811554
1042464,0.11979077756404877
1042816,0.1217697486281395
1043584,0.1253962218761444
1043856,0.12406140565872192
1044512,0.12940512597560883
1047968,0.11611500382423401
1048064,0.1118607223033905
1048256,0.12128694355487823
1051632,0.12257814407348633
1051936,0.12155100703239441
1054192,0.12570887804031372
1055040,0.11879899352788925
1055456,0.12011370807886124
1057568,0.10799823701381683
1058784,0.11324050277471542
1059408,0.09590443968772888
1062368,0.12364630401134491
1064288,0.11896962672472
1065152,0.11376561969518661
1066064,0.12775927782058716
1067152,0.12352297455072403
1068480,0.12212854623794556
1070832,0.1189982071518898
1073584,0.11498620361089706
1073824,0.12065175920724869
1075040,0.12812961637973785
1077088,0.10142100602388382
1078480,0.12052872031927109
1078688,0.11933746933937073
1080304,0.1218113973736763
1080624,0.12347551435232162
1081344,0.11819213628768921
1083088,0.12260385602712631
1084976,0.1276254504919052
1087088,0.10680412501096725
1087552,0.12280797213315964
1087792,0.12946560978889465
1088640,0.08506852388381958
1089632,0.12456664443016052
1090032,0.1300262063741684
1093664,0.12208135426044464
1094144,0.11835875362157822
1094192,0.10791106522083282
1094560,0.12242630124092102
1095104,0.12031695991754532
1095920,0.0955914705991745
1097344,0.11473767459392548
1101072,0.12112201750278473
1101680,0.11266464740037918
1101824,0.08979349583387375
1103712,0.1208331435918808
1104304,0.12413053214550018
1104352,0.11025623977184296
1106240,0.12601159512996674
1107152,0.11624036729335785
1108144,0.1096266359090805
1108784,0.09357813745737076
1109072,0.11412019282579422
1109216,0.10743509232997894
1109936,0.12724219262599945
1111440,0.11663496494293213
1111920,0.11097808182239532
1114912,0.11710763722658157
1116064,0.11871175467967987
1117136,0.12280189245939255
1117520,0.12302250415086746
1118320,0.12651535868644714
1119248,0.11997748166322708
1120768,0.10910537093877792
1121808,0.12399442493915558
1123024,0.12392152845859528
1123584,0.11976959556341171
1124544,0.11873753368854523
1125440,0.1174066886305809
1125664,0.12162850797176361
1126352,0.12345483899116516
1127072,0.09042055904865265
1127648,0.12716324627399445
1128912,0.1265430599451065
1129056,0.12415999919176102
1129440,0.10172343254089355
1131664,0.11596792936325073
1131824,0.11808717250823975
1134560,0.129414364695549
1134688,0.1293017566204071
1135168,0.1259322613477707
1137344,0.1253892481327057
1138480,0.11945686489343643
1138784,0.1223088875412941
1139920,0.12522335350513458
1141088,0.11937762796878815
1141136,0.08182453364133835
1141632,0.11865933239459991
1142384,0.12158872187137604
1144480,0.06530234962701797
1144736,0.11609353870153427
1144896,0.12199940532445908
1145376,0.11832104623317719
1146640,0.12052533775568008
1148016,0.1052585318684578
1148272,0.12908171117305756
1149456,0.1267981231212616
1149952,0.11626754701137543
1149968,0.10845788568258286
1150144,0.12366081774234772
1151280,0.12241604924201965
1151936,0.12015928328037262
1152080,0.11526383459568024
1152464,0.12682197988033295
1156000,0.11961556226015091
1156768,0.10441865772008896
1157232,0.1179388239979744
1157728,0.10322077572345734
1157728,0.11862222105264664
1161376,0.12499601393938065
1161888,0.10989856719970703
1166448,0.11808939278125763
1167344,0.12371531128883362
1167376,0.11196475476026535
1168816,0.11799202859401703
1170944,0.12292523682117462
1172528,0.12678110599517822
1173008,0.1307787150144577
1173552,0.097724549472332
1173840,0.12698116898536682
1174128,0.09593696147203445
1174240,0.11748572438955307
1174352,0.11460880935192108
1174384,0.11325539648532867
1176448,0.12333206087350845
1177312,0.10889039188623428
1177776,0.12748146057128906
1180816,0.11611292511224747
1181984,0.11866823583841324
1182816,0.11161747574806213
1183072,0.12178534269332886
1183344,0.11697573959827423
1184720,0.12294026464223862
1185040,0.11509536951780319
1186352,0.1241006925702095
1186352,0.12135886400938034
1187008,0.11862212419509888
1189952,0.11980472505092621
1190608,0.11096397042274475
1191136,0.10383974015712738
1191472,0.1167348250746727
1191856,0.11943929642438889
1192336,0.1157488152384758
1192752,0.11582061648368835
1195440,0.10048247128725052
1195504,0.12445833534002304
1196336,0.12360475957393646
1196480,0.11788612604141235
1197232,0.12185662984848022
1198160,0.11091878265142441
1198208,0.11353163421154022
1200816,0.11861263960599899
1201280,0.12520699203014374
1201696,0.11893898248672485
1201744,0.11452867090702057
1201920,0.11421842873096466
1206032,0.10742389410734177
1207968,0.12194543331861496
1208304,0.12524141371250153
1208848,0.10457151383161545
1209472,0.12276419997215271
1209552,0.07575689256191254
1209584,0.12627092003822327
1212320,0.12280426919460297
1213040,0.12155701965093613
1213648,0.09612659364938736
1214032,0.1258690059185028
1214272,0.11219599843025208
1215104,0.12737900018692017
1218016,0.12375501543283463
1221184,0.08513575792312622
1221648,0.11466746032238007
1221808,0.12772579491138458
1223760,0.12595993280410767
1224928,0.12475749850273132
1225520,0.1198825016617775
1226064,0.08410225063562393
1228304,0.12582528591156006
1228864,0.10463301837444305
1229632,0.12068554759025574
1230896,0.11906756460666656
1231280,0.12685458362102509
1233376,0.11913404613733292
1233968,0.10938490927219391
1234336,0.10992798954248428
1239136,0.08364646881818771
1239888,0.10664740204811096
1240224,0.12130030989646912
1241072,0.10735837370157242
1241568,0.12502682209014893
1241872,0.12359588593244553
1242192,0.11913097649812698
1245184,0.1159944161772728
1245232,0.12697835266590118
1245424,0.12332253903150558
1246672,0.12121953070163727
1247360,0.1031184047460556
1247552,0.0938173234462738
1247984,0.11835391074419022
1248096,0.1054881140589714
1248336,0.11357102543115616
1248800,0.12452218681573868
1249856,0.10949122905731201
1251216,0.11904363334178925
1251888,0.125278040766716
1254448,0.11704576760530472
1254816,0.12218845635652542
1254928,0.1238262802362442
1255120,0.12452473491430283
1255200,0.12740589678287506
1255376,0.1290477067232132
1256976,0.11527114361524582
1258400,0.12454245984554291
1258608,0.11132544279098511
1258976,0.10212371498346329
1259584,0.11446536332368851
1261072,0.12666024267673492
1262272,0.11868293583393097
1262640,0.12673227488994598
1263456,0.08513785898685455
1264608,0.12404239922761917
1265568,0.11822079122066498
1266704,0.11235855519771576
1266752,0.12336277216672897
1267968,0.10032748430967331
1269152,0.12946374714374542
1270352,0.1212993636727333
1272720,0.12187957763671875
1272784,0.11031433939933777
1272928,0.11268343031406403
1273584,0.12697447836399078
1273856,0.12876853346824646
1273872,0.12421993166208267
1274048,0.0933305099606514
1277488,0.11734342575073242
1278176,0.12265024334192276
1278768,0.1276112198829651
1279824,0.11386168003082275
1279840,0.09912904351949692
1279840,0.13021855056285858
1280096,0.12598606944084167
1281456,0.12466143071651459
1282672,0.1272144466638565
1283792,0.12058810889720917
1284624,0.1261781007051468
1284672,0.09348570555448532
1285168,0.11457794904708862
1285392,0.09946294128894806
1285472,0.09339180588722229
1287616,0.11958803236484528
1288832,0.11916076391935349
1289168,0.11269138753414154
1291120,0.08248785883188248
1291168,0.1282496601343155
1291888,0.07810261845588684
1292640,0.12431525439023972
1296736,0.12061353772878647
1296944,0.12369242310523987
1297184,0.12610670924186707
1301968,0.12481555342674255
1304000,0.12428205460309982
1305104,0.11929325014352798
1305568,0.12060016393661499
1306240,0.0867704376578331
1306352,0.13080266118049622
1306960,0.12658223509788513
1307552,0.12357695400714874
1307712,0.10320144891738892
1308064,0.10653483867645264
1309152,0.12299026548862457
1309360,0.11743362993001938
1309408,0.12141870707273483
1309424,0.11397413909435272
1309904,0.1232101321220398
1312976,0.12441820651292801
1314464,0.12440383434295654
1314800,0.12030196934938431
1317280,0.12135439366102219
1318016,0.12372085452079773
1318208,0.12325434386730194
1318272,0.12268506735563278
1318704,0.11821615695953369
1321744,0.12604008615016937
1322128,0.11932358145713806
1322368,0.12252558767795563
1323552,0.11598127335309982
1323584,0.12540706992149353
1323952,0.12031809240579605
1324528,0.12347591668367386
1327888,0.1252436488866806
1328592,0.12291929870843887
1329136,0.11640726774930954
1329568,0.11761019378900528
1330976,0.10190512239933014
1331456,0.12675370275974274
1333600,0.08379488438367844
1333664,0.10353537648916245
1334224,0.11567333340644836
1334384,0.1218719333410263
1335600,0.13170987367630005
1336656,0.12033168226480484
1336752,0.11579548567533493
1337872,0.11331677436828613
1338752,0.1211061030626297
1339200,0.12574172019958496
1339888,0.11229363828897476
1341632,0.12449336051940918
1342256,0.12419348210096359
1342864,0.1225704476237297
1343440,0.12437649071216583
1343952,0.10950004309415817
1344016,0.12099794298410416
1345888,0.13132432103157043
1345968,0.12302915751934052
1346608,0.11113443225622177
1346928,0.12873540818691254
1349888,0.12660081684589386
1350144,0.11836598068475723
1351872,0.12371285259723663
1352256,0.11679814755916595
1353008,0.12147676944732666
1353136,0.1164630651473999
1353296,0.09898438304662704
1354144,0.1116025373339653
1356096,0.1321016103029251
1358272,0.11616764217615128
1358416,0.11187202483415604
1359936,0.11171773821115494
1360208,0.11291507631540298
1360560,0.09932991862297058
1361808,0.12843400239944458
1361936,0.11455841362476349
1362896,0.10871753841638565
1363616,0.12445622682571411
1363808,0.12400434166193008
1365360,0.12328546494245529
1366848,0.09976483136415482
1367120,0.12392618507146835
1367328,0.1282697319984436
1368880,0.10342328995466232
1368928,0.12944424152374268
1370720,0.12242904305458069
1371344,0.10278858989477158
1372368,0.09222228080034256
1373744,0.11964177340269089
1373792,0.12225201725959778
1374880,0.12726205587387085
1376000,0.1254657357931137
1376368,0.12343361228704453
1376512,0.12723520398139954
1377296,0.12654772400856018
1377376,0.12272925674915314
1377488,0.10340084135532379
1378848,0.11620891839265823
1380992,0.12370471656322479
1381296,0.10208852589130402
1382368,0.12647686898708344
1383152,0.127907857298851
1384448,0.12592752277851105
1385840,0.10611375421285629
1386368,0.11014110594987869
1386416,0.11930552124977112
1387056,0.1256677359342575
1387088,0.12093327194452286
1387712,0.10645432025194168
1389824,0.12686988711357117
1389984,0.12206276506185532
1390656,0.1231767013669014
1391296,0.12472128868103027
1391472,0.10734723508358002
1392000,0.11426249146461487
1392624,0.12252146750688553
1393520,0.12572388350963593
1394288,0.12301260977983475
1396128,0.12170687317848206
1396272,0.11993739753961563
1396992,0.12056892365217209
1398320,0.12618613243103027
1400032,0.11911764740943909
1400208,0.12775230407714844
1400592,0.11983117461204529
1403280,0.12341292947530746
1403600,0.10395219922065735
1403776,0.12345755100250244
1406192,0.1010216474533081
1406944,0.09281354397535324
1407360,0.12634505331516266
1408800,0.09531638771295547
1410896,0.12055715173482895
1412976,0.12187336385250092
1413232,0.11274668574333191
1414032,0.10772273689508438
1414304,0.12341073155403137
1414400,0.12211846560239792
1415136,0.12222978472709656
1415712,0.1239967793226242
1416208,0.11941254138946533
1417328,0.11841533333063126
1418560,0.11171597242355347
1419408,0.11196887493133545
1420384,0.12468963861465454
1421296,0.12042204290628433
1422592,0.12183964252471924
1423008,0.0922282338142395
1426208,0.11890149861574173
1427232,0.12006360292434692
1427552,0.1144009381532669
1428592,0.11645480990409851
1428944,0.11652976274490356
1430208,0.10696474462747574
1431472,0.12951964139938354
1431696,0.11029145121574402
1432304,0.1229565441608429
1434656,0.12515263259410858
1435056,0.12443151324987411
1436032,0.10063870251178741
1438160,0.128748819231987
1438480,0.10929475724697113
1441968,0.12699615955352783
1442256,0.11377135664224625
1442336,0.12031136453151703
1443488,0.12194938212633133
1444416,0.07004231214523315
1445376,0.1230282112956047
1445904,0.12555550038814545
1446848,0.12245102971792221
1448800,0.11289697140455246
1449024,0.1264791041612625
1450240,0.12046566605567932
1450368,0.12158511579036713
1450656,0.12787070870399475
1452416,0.12750041484832764
1454960,0.12881697714328766
1456576,0.12029516696929932
1457488,0.12431582063436508
1457776,0.12631048262119293
1457936,0.12549173831939697
1459408,0.11541921645402908
1461056,0.12794314324855804
1461488,0.11951451003551483
1462112,0.12300904095172882
1462400,0.11755163222551346
1464032,0.12234511971473694
1464224,0.12404841929674149
1464656,0.12542510032653809
1465680,0.12779831886291504
1465760,0.12449359893798828
1466272,0.06833259761333466
1467440,0.11889725178480148
1467616,0.12390928715467453
1468176,0.12503495812416077
1468752,0.12432122975587845
1468816,0.11836124956607819
1469472,0.11181717365980148
1471280,0.1171528548002243
1472752,0.12026944756507874
1474176,0.11656739562749863
1474224,0.10171477496623993
1474800,0.1250477284193039
1475360,0.12407275289297104
1475888,0.12459582835435867
1476512,0.11451591551303864
1479104,0.12633633613586426
1479856,0.1302744299173355
1480000,0.1124679446220398
1481680,0.11853650212287903
1483424,0.1196218803524971
1487392,0.12125539034605026
1488432,0.12387462705373764
1488848,0.1251247078180313
1489984,0.12214913219213486
1490928,0.10525938123464584
1491040,0.11551841348409653
1494928,0.11344803124666214
1495392,0.12448194622993469
1495648,0.11976352334022522
1495984,0.12107643485069275
1497568,0.12737251818180084
1498096,0.11214413493871689
1501056,0.12686878442764282
1501072,0.1272762417793274
1502032,0.11726836115121841
1504320,0.08978965133428574
1504992,0.12178526073694229
1505264,0.12601107358932495
1505600,0.1223379448056221
1507184,0.10894007235765457
1507680,0.12187039107084274
1509808,0.1224910244345665
1510656,0.12222754210233688
1510880,0.1066691055893898
1512176,0.10854943841695786
1513616,0.10141130536794662
1514368,0.11923835426568985
1515888,0.11643906682729721
1517360,0.0965532436966896
1517808,0.12278245389461517
1518400,0.12774719297885895
1520336,0.125978022813797
1520816,0.12011368572711945
1522080,0.12256364524364471
1522240,0.11718151718378067
1523456,0.12654952704906464
1523920,0.12053557485342026
1524976,0.12516911327838898
1529728,0.1293720155954361
1530832,0.11159740388393402
1531456,0.12402846664190292
1532208,0.11511412262916565
1533296,0.1244899332523346
1537040,0.11743175983428955
1537328,0.12405957281589508
1537904,0.11692620068788528
1539008,0.12347784638404846
1539184,0.11236778646707535
1540064,0.09965751320123672
1540176,0.12515683472156525
1540912,0.1260683387517929
1541456,0.12600091099739075
1542224,0.12578636407852173
1543936,0.12879908084869385
1545712,0.1266595721244812
1545712,0.11636452376842499
1549456,0.1156993955373764
1549792,0.12821415066719055
1550800,0.12387066334486008
1551136,0.11326487362384796
1551872,0.1240348145365715
1553888,0.10990946739912033
1554208,0.11427877843379974
1555552,0.1030711755156517
1556080,0.11636864393949509
1557504,0.12186508625745773
1558352,0.1256372332572937
1558864,0.12342990189790726
1560384,0.1245248019695282
1561184,0.12613289058208466
1562464,0.11774033308029175
1562576,0.12218233942985535
1562752,0.12775567173957825
1563792,0.11532093584537506
1563808,0.12520484626293182
1564192,0.11080477386713028
1564848,0.10652384161949158
1565344,0.1282883882522583
1565984,0.12569200992584229
1567344,0.12484509497880936
1567680,0.12218226492404938
1568448,0.12196014076471329
1569488,0.12820646166801453
1571584,0.11187693476676941
1572736,0.12710662186145782
1572736,0.11129867285490036
1573376,0.12458531558513641
1574320,0.13170327246189117
1575696,0.11767683178186417
1576192,0.12858900427818298
1576400,0.12395831197500229
1576496,0.1242363229393959
1576608,0.1235746368765831
1576864,0.12690860033035278
1579808,0.11627953499555588
1579904,0.1292775273323059
1580448,0.11861031502485275
1582128,0.09780845791101456
1582352,0.12826035916805267
1584128,0.12091070413589478
1585968,0.1293494701385498
1586720,0.12350351363420486
1587040,0.11938120424747467
1587264,0.1182873472571373
1587776,0.11907819658517838
1589440,0.1266319453716278
1589584,0.11763302981853485
1591408,0.1155761331319809
1592912,0.1206989586353302
1593296,0.10122100263834
1593312,0.12967728078365326
1593440,0.11840319633483887
1595520,0.12142687290906906
1595856,0.10672593861818314
1596656,0.12827825546264648
1600256,0.12244101613759995
1600592,0.12059011310338974
1603296,0.11224990338087082
1603856,0.131273090839386
1607440,0.11740805953741074
1607856,0.12186594307422638
1607936,0.12326216697692871
1608816,0.10321641713380814
1609840,0.12541402876377106
1610080,0.12013064324855804
1610192,0.1220577210187912
1610576,0.114974744617939
1612880,0.11253897845745087
1613568,0.1163625568151474
1613632,0.12083059549331665
1614336,0.12833280861377716
1614368,0.12484636902809143
1615280,0.11140549182891846
1617440,0.1206825003027916
1620720,0.12499167025089264
1621520,0.12108489871025085
1622096,0.08986125886440277
1622848,0.11393620818853378
1623296,0.10492843389511108
1624048,0.10674268007278442
1624416,0.1045752689242363
1625056,0.12389592081308365
1627152,0.1089492067694664
1627968,0.10337525606155396
1630848,0.11854464560747147
1631584,0.1271999478340149
1636352,0.12072744220495224
1637280,0.11980696767568588
1639456,0.12173144519329071
1639856,0.10858507454395294
1639904,0.12370958179235458
1640304,0.11357935518026352
1640480,0.12856808304786682
1640592,0.1273229718208313
1641360,0.12390925735235214
1643536,0.11947834491729736
1643840,0.1222587376832962
1646144,0.1251727193593979
1647008,0.12684638798236847
1647360,0.12105665355920792
1647696,0.12584200501441956
1650944,0.12898248434066772
1651984,0.13071593642234802
1654272,0.12135934829711914
1654784,0.11072489619255066
1656848,0.1270933896303177
1657136,0.11699973791837692
1662976,0.12135887145996094
1664112,0.11178905516862869
1664320,0.10981223732233047
1664992,0.12340185791254044
1665584,0.11036732792854309
1666400,0.1250956952571869
1669920,0.09060772508382797
1670288,0.12152706831693649
1673344,0.11551380157470703
1673840,0.12312424182891846
1676416,0.10679296404123306
1676816,0.12574799358844757
1677072,0.1193709522485733
1678976,0.11673256754875183
1679808,0.10699260234832764
1680144,0.1143818199634552
1680896,0.11887992173433304
1680928,0.12174222618341446
1681264,0.12016575783491135
1682080,0.09827925264835358
1682368,0.12497928738594055
1683616,0.12595129013061523
1683968,0.10396622121334076
1684624,0.12212593108415604
1684800,0.12140024453401566
1685328,0.11912286281585693
1685392,0.1289183497428894
1686096,0.11165523529052734
1686160,0.09765247255563736
1686560,0.09017260372638702
1690928,0.12150608003139496
1691456,0.11700925976037979
1692080,0.11972133070230484
1693376,0.12268821895122528
1693600,0.09654862433671951
1694896,0.11496952176094055
1695600,0.0927160233259201
1695792,0.093259796500206
1696192,0.12512029707431793
1696912,0.12396164983510971
1697344,0.13111527264118195
1698064,0.12733547389507294
1700704,0.12236514687538147
1702096,0.09903024137020111
1702288,0.12387536466121674
1702848,0.1162073016166687
1704224,0.12019610404968262
1705600,0.11094234138727188
1706240,0.1162068173289299
1706304,0.12160786986351013
1707280,0.11290980875492096
1708016,0.12580955028533936
1708208,0.10678104311227798
1708272,0.12576952576637268
1709440,0.10941354930400848
1709696,0.12353949248790741
1710064,0.11899254471063614
1711216,0.12475025653839111
1712080,0.11909802258014679
1713728,0.1047094464302063
1714416,0.11977055668830872
1715008,0.12963394820690155
1715696,0.11815474182367325
1717216,0.1221500039100647
1717984,0.10306262969970703
1718592,0.1164558082818985
1719856,0.13180743157863617
1720048,0.09772079437971115
1720160,0.11638639867305756
1720224,0.10762222111225128
1720816,0.12135051935911179
1722112,0.12020203471183777
1722192,0.1188458651304245
1723776,0.12340298295021057
1724240,0.11324162036180496
1724944,0.1255069077014923
1726080,0.12238015979528427
1728496,0.12209852039813995
1729120,0.12205038964748383
1729824,0.11965324729681015
1730480,0.11870521306991577
1731344,0.1199231967329979
1734064,0.12720227241516113
1734528,0.12271726876497269
1735584,0.10880092531442642
1737776,0.11066394299268723
1739360,0.12419600039720535
1741664,0.12646524608135223
1741808,0.12760722637176514
1742592,0.11919961124658585
1742752,0.12038204073905945
1742912,0.1215563416481018
1742928,0.12625637650489807
1743536,0.12470671534538269
1745264,0.1102815791964531
1745328,0.10508643090724945
1746160,0.12716208398342133
1746304,0.12374984472990036
1746944,0.09970661252737045
1747040,0.10197482258081436
1747376,0.08816159516572952
1747792,0.09533244371414185
1748512,0.12534336745738983
1749392,0.12592728435993195
1749824,0.1254291981458664
1750224,0.12206196039915085
1750560,0.12353440374135971
1750848,0.12269101291894913
1752064,0.11376848816871643
1753408,0.12011553347110748
1755232,0.11465255916118622
1758080,0.12036468088626862
1758816,0.11061691492795944
1761952,0.1261022537946701
1762304,0.12731331586837769
1762656,0.12316036224365234
1764672,0.10459665209054947
1765104,0.111140675842762
1767104,0.12214065343141556
1771152,0.12804530560970306
1771696,0.11447915434837341
1771920,0.12317384779453278
1772192,0.11909981071949005
1773648,0.07186467945575714
1774144,0.12058334052562714
1774736,0.12232746928930283
1775680,0.12323742359876633
1776128,0.11421485990285873
1777648,0.12352501600980759
1777840,0.12103260308504105
1778704,0.12557880580425262
1780240,0.11244287341833115
1781184,0.12301383912563324
1781440,0.13145197927951813
1781984,0.11719400435686111
1782144,0.12317124009132385
1782528,0.12642550468444824
1785424,0.11727824062108994
1788896,0.11943389475345612
1788992,0.12399275600910187
1789040,0.12053987383842468
1790000,0.11831589788198471
1790784,0.10198353976011276
1791504,0.12145783752202988
1792480,0.12090200930833817
1792528,0.08906932920217514
1795104,0.11472044885158539
1795840,0.11836913973093033
1796048,0.0992121696472168
1796208,0.1276094764471054
1796240,0.10731109231710434
1798544,0.12446475028991699
1799136,0.12189847230911255
1799744,0.1178685799241066
1800448,0.12501779198646545
1801280,0.1296769082546234
1802672,0.12579597532749176
1803264,0.11844941973686218
1804416,0.11408723890781403
1804736,0.10988245159387589
1804864,0.12175256758928299
1806112,0.12280229479074478
1806720,0.10962149500846863
1808448,0.12539052963256836
1809296,0.12342929095029831
1809488,0.12210024893283844
1810688,0.12411616742610931
1811392,0.12556055188179016
1813920,0.12710294127464294
1814416,0.11024440824985504
1815536,0.1001133918762207
1815792,0.1233714297413826
1816432,0.11677147448062897
1816608,0.12278443574905396
1816672,0.12036149203777313
1818288,0.12479446083307266
1818960,0.1173035055398941
1819856,0.11662071198225021
1820032,0.12162349373102188
1820096,0.12176955491304398
1820224,0.09457527846097946
1820896,0.1243944764137268
1823424,0.11523090302944183
1824432,0.1041828989982605
1826272,0.12039286643266678
1827088,0.12017329782247543
1827376,0.12132102996110916
1827968,0.12697403132915497
1828768,0.1267506182193756
1830480,0.12439442425966263
1830624,0.12231605499982834
1830896,0.09717784821987152
1832400,0.12309011071920395
1834384,0.12190233916044235
1835280,0.12368352711200714
1835552,0.12514308094978333
1835824,0.11925192922353745
1836496,0.11975548416376114
1837344,0.11839074641466141
1837968,0.10795046389102936
1838800,0.12847286462783813
1842144,0.11280608922243118
1842704,0.12134639173746109
1843312,0.1224522590637207
1844032,0.10108045488595963
1844592,0.11423812806606293
1844912,0.11819212138652802
1845072,0.11814436316490173
1845344,0.12024406343698502
1846240,0.12100473046302795
1848528,0.11642836779356003
1848912,0.12697499990463257
1850384,0.1198306456208229
1851072,0.11761713773012161
1852864,0.12480203807353973
1854816,0.09254369884729385
1855072,0.12388134747743607
1855968,0.12159068882465363
1857648,0.12744343280792236
1858608,0.12132337689399719
1858864,0.10469420999288559
1859488,0.10371297597885132
1861872,0.1253526210784912
1863040,0.11993490904569626
1863600,0.12162301689386368
1864144,0.12245259433984756
1867648,0.1259588748216629
1868256,0.1222124993801117
1868368,0.10476212948560715
1868992,0.11605669558048248
1870624,0.12437260150909424
1870688,0.12891116738319397
1871152,0.10273506492376328
1871984,0.11441058665513992
1872592,0.08096807450056076
1873056,0.12525030970573425
1873968,0.11675257235765457
1874192,0.1273946315050125
1874224,0.1244489997625351
1874672,0.12311317026615143
1875280,0.11980779469013214
1880112,0.12006242573261261
1881024,0.10714366286993027
1881936,0.12439797818660736
1882256,0.115212582051754
1883184,0.1265086978673935
1887280,0.12471965700387955
1888512,0.11931896954774857
1888656,0.11021227389574051
1888720,0.12641926109790802
1889392,0.07547590136528015
1891232,0.11792336404323578
1892096,0.11848317831754684
1892432,0.12072096019983292
1893856,0.12473436444997787
1894768,0.12622900307178497
1896064,0.1164303570985794
1897136,0.11536453664302826
1898176,0.12416452914476395
1899264,0.09202799201011658
1900816,0.1265653520822525
1901232,0.12481079995632172
1902784,0.12597323954105377
1906224,0.12229567021131516
1906240,0.10646925121545792
1906304,0.12298490852117538
1907968,0.11706715822219849
1909328,0.11966883391141891
1909712,0.12221761792898178
1911632,0.12612901628017426
1912608,0.1207098513841629
1912912,0.12016214430332184
1913056,0.12164542078971863
1913248,0.12682273983955383
1915248,0.12376810610294342
1915744,0.114065982401371
1916160,0.10845768451690674
1916864,0.09030839800834656
1917728,0.12560279667377472
1918032,0.12483509629964828
1919856,0.12010374665260315
1920160,0.1188720166683197
1922560,0.08911523967981339
1923056,0.10565084964036942
1927568,0.0920851081609726
1928944,0.11832400411367416
1930128,0.12679849565029144
1932080,0.12472225725650787
1938336,0.12111283838748932
1939120,0.08534982800483704
1939808,0.11929909139871597
1940144,0.1267910599708557
1940192,0.12268643081188202
1940432,0.12195280194282532
1944144,0.12306927889585495
1945680,0.10554322600364685
1946208,0.12221620976924896
1946288,0.12426777929067612
1947104,0.1067604348063469
1947344,0.12433704733848572
1947472,0.09375295042991638
1948000,0.11767549812793732
1948192,0.12261349707841873
1948448,0.12271395325660706
1949376,0.1258510798215866
1951280,0.12204964458942413
1955296,0.12549707293510437
1955840,0.12284033745527267
1956176,0.1190592348575592
1956464,0.12573713064193726
1960608,0.11743558198213577
1961200,0.11130442470312119
1962992,0.12168180197477341
1963584,0.12753258645534515
1964176,0.11745967715978622
1965088,0.12246493250131607
1967856,0.12413603812456131
1969920,0.10952816903591156
1970368,0.12584786117076874
1973184,0.11374600976705551
1973808,0.1256859302520752
1975312,0.1213279739022255
1975728,0.1190185546875
1975760,0.12005457282066345
1976384,0.10671311616897583
1977552,0.12427946925163269
1978688,0.12102887034416199
1978960,0.10404898226261139
1980016,0.12462332099676132
1980048,0.1132645457983017
1980352,0.11990988254547119
1981408,0.07745712250471115
1983744,0.10053304582834244
1985824,0.12713216245174408
1985936,0.12123711407184601
1986832,0.09750159829854965
1989888,0.1205131784081459
1990048,0.11986719071865082
1991008,0.11478625982999802
1991952,0.12358105927705765
1992112,0.12541961669921875
1993232,0.12215272337198257
1993264,0.12441673129796982
1994096,0.11437351256608963
1994512,0.12618650496006012
1997008,0.12259302288293839
2002768,0.12218476086854935
2002784,0.1199527308344841
2003152,0.11605197936296463
2003456,0.08373948186635971
2003600,0.12402481585741043
2004176,0.11762291938066483
2004816,0.11854429543018341
2007408,0.10644975304603577
2008128,0.1017599031329155
2008944,0.12418335676193237
2010016,0.11894968897104263
2014128,0.12005321681499481
2016560,0.11365006864070892
2017120,0.12354183197021484
2017776,0.12800480425357819
2017888,0.12254515290260315
2018080,0.12063037604093552
2018336,0.12041670829057693
2019792,0.10795872658491135
2019872,0.10978080332279205
2019920,0.1240493506193161
2020832,0.09819735586643219
2022400,0.12318708747625351
2022544,0.12409958988428116
2022592,0.07943641394376755
2024096,0.12677110731601715
2024384,0.12940773367881775
2025168,0.12642709910869598
2028608,0.11716851592063904
2029232,0.11609650403261185
2029776,0.11884655058383942
2031392,0.12201883643865585
2033248,0.1306910514831543
2034720,0.12010195106267929
2036688,0.11691645532846451
2036928,0.11451171338558197
2037472,0.12525571882724762
2040224,0.12478458881378174
2040432,0.12144237011671066
2040432,0.12625190615653992
2040848,0.11991573870182037
2041776,0.11969643831253052
2042400,0.11854347586631775
2044400,0.12360591441392899
2044624,0.11876284331083298
2044944,0.12311440706253052
2045888,0.12560872733592987
2048160,0.12720181047916412
2048736,0.1277921199798584
2049504,0.11861099302768707
2050576,0.12622667849063873
2051104,0.0827193409204483
2051184,0.12318967282772064
2052256,0.12916162610054016
2052544,0.11947145313024521
2052960,0.10589304566383362
2056816,0.12337814271450043
2059392,0.12082809954881668
2060096,0.12174028158187866
2060464,0.12899498641490936
2060928,0.12415370345115662
2061744,0.12757296860218048
2061792,0.09448821097612381
2062016,0.11567247658967972
2062464,0.11962682753801346
2064288,0.09900158643722534
2065280,0.12262018024921417
2066752,0.11804434657096863
2068768,0.10578169673681259
2068944,0.12359155714511871
2069616,0.1092422604560852
2071312,0.11557170748710632
2071488,0.11414763331413269
2071776,0.12372191250324249
2072448,0.10227314382791519
2073328,0.1141727864742279
2074560,0.1080116331577301
2075552,0.11344002932310104
2076144,0.07989577203989029
2076192,0.12028513848781586
2078528,0.11684748530387878
2079632,0.11924891918897629
2079776,0.11851345002651215
2079776,0.12644244730472565
2079792,0.12479159981012344
2080544,0.11754009127616882
2081024,0.1187993735074997
2082768,0.1132621020078659
2083248,0.12471111863851547
2084064,0.12455017864704132
2084336,0.1074020192027092
2084592,0.12278983741998672
2084752,0.11741635948419571
2085488,0.10142457485198975
2088256,0.12868615984916687
2088960,0.12331926822662354
2088976,0.1271762102842331
2089200,0.1054961234331131
2090736,0.10554895550012589
2091824,0.12121541798114777
2091936,0.11805657297372818
2094880,0.11599540710449219
2094960,0.11589185148477554
2095280,0.09366068989038467
2097344,0.11815894395112991
2098560,0.12297044694423676
2099008,0.10800200700759888
2099792,0.09819863736629486
2100000,0.10549290478229523
2101408,0.12198197841644287
2102480,0.09524264931678772
2103248,0.11194844543933868
2105424,0.11138991266489029
2106560,0.12746559083461761
2106752,0.12167192250490189
2109376,0.108948715031147
2109520,0.11881081759929657
2109984,0.1216026097536087
2110576,0.08617794513702393
2111168,0.12140745669603348
2112512,0.10137484222650528
2116064,0.1197882890701294
2116656,0.11784611642360687
2116976,0.09907243400812149
2117472,0.08411426097154617
2117968,0.12353146821260452
2118144,0.09437023103237152
2118736,0.08836553990840912
2119536,0.11434196680784225
2121808,0.11635295301675797
2122672,0.11540518701076508
2123792,0.1121940091252327
2124112,0.10551413893699646
2124624,0.12437774240970612
2125184,0.10951624065637589
2125216,0.10215254873037338
2125904,0.09557946771383286
2127424,0.12224456667900085
2127680,0.1150592714548111
2128240,0.11771178245544434
2128320,0.11472001671791077
2129472,0.0990692526102066
2129920,0.1204289048910141
2131616,0.09331651777029037
2131744,0.12791188061237335
2132240,0.11868326365947723
2134976,0.11824309080839157
2135312,0.1118110716342926
2135856,0.12232312560081482
2136080,0.1174369677901268
2136352,0.09361416101455688
2138464,0.12317687273025513
2138624,0.11953739076852798
2139920,0.12471278011798859
2140016,0.12884777784347534
2141040,0.10474251210689545
2143536,0.11982068419456482
2144656,0.11471317708492279
2145696,0.12396571040153503
2146832,0.11971613019704819
2148688,0.11376352608203888
2152576,0.1287701427936554
2152608,0.12457296997308731
2153136,0.11716274917125702
2153408,0.10992150753736496
2154144,0.12084673345088959
2154176,0.11084850877523422
2155648,0.10840364545583725
2157664,0.12353666126728058
2159568,0.09982269257307053
2160800,0.10788166522979736
2161168,0.08352968096733093
2161728,0.106936015188694
2162528,0.07618009299039841
2163264,0.1060265377163887
2163856,0.12309613078832626
2164624,0.10798390209674835
2165632,0.12389717996120453
2166672,0.12758244574069977
2168512,0.11899223178625107
2169104,0.1276991069316864
2171968,0.0923028215765953
2173344,0.1015307679772377
2173392,0.11837930977344513
2173776,0.11992620676755905
2173968,0.12268269062042236
2174736,0.1275051087141037
2176576,0.12363962084054947
2177696,0.12236957997083664
2178016,0.1168053075671196
2178240,0.11903683841228485
2179024,0.12649552524089813
2180384,0.1133599504828453
2181216,0.11822719126939774
2182576,0.12690423429012299
2182624,0.11897265166044235
2182720,0.12480048835277557
2184048,0.115658700466156
2184464,0.12242795526981354
2185584,0.11587189137935638
2186224,0.12235339730978012
2187648,0.11785075813531876
2187712,0.11869389563798904
2187952,0.1214328333735466
2189952,0.1201995238661766
2190400,0.09217193722724915
2190896,0.10490784049034119
2192720,0.12104598432779312
2192976,0.11837299913167953
2194464,0.0838618353009224
2194624,0.12280943989753723
2196640,0.09903468191623688
2197232,0.10905512422323227
2197440,0.09581669420003891
2198112,0.11857989430427551
2199536,0.11379630863666534
2199904,0.12294302880764008
2200288,0.1155102550983429
2200496,0.10057079046964645
2200800,0.11951842159032822
2201872,0.10391994565725327
2203408,0.12240853160619736
2203856,0.11292475461959839
2203984,0.1151408702135086
2204048,0.126725971698761
2205392,0.09594404697418213
2206752,0.10958382487297058
2209264,0.10686901956796646
2210112,0.12515509128570557
2211008,0.10289201885461807
2211424,0.12095056474208832
2211792,0.12460127472877502
2212112,0.12898117303848267
2213536,0.116558738052845
2214256,0.11873737722635269
2214448,0.11744655668735504
2215168,0.12277426570653915
2216304,0.11877352744340897
2216480,0.12567806243896484
2216656,0.12697981297969818
2217104,0.1209138035774231
2217328,0.12475036829710007
2219152,0.11345679312944412
2219808,0.1240297332406044
2221456,0.12077773362398148
2221728,0.12057217955589294
2222432,0.1132408007979393
2224560,0.10266432166099548
2224912,0.09337034821510315
2225968,0.12516529858112335
2226032,0.12352152913808823
2226848,0.1225569024682045
2227520,0.1287490874528885
2228416,0.10773325711488724
2229600,0.11801863461732864
2230416,0.12211234122514725
2230816,0.09050240367650986
2230896,0.12010896950960159
2231408,0.12497323751449585
2233936,0.12610720098018646
2235328,0.0993223637342453
2235408,0.12581542134284973
2236032,0.12533117830753326
2236832,0.12143980711698532
2236960,0.1072794497013092
2237520,0.11987432092428207
2237632,0.1062304675579071
2238464,0.12046625465154648
2238816,0.12442048639059067
2239312,0.11835414916276932
2240224,0.11585132777690887
2240608,0.12141018360853195
2244560,0.08888361603021622
2244800,0.10841374844312668
2246560,0.11880465596914291
2246864,0.11355414241552353
2248112,0.11902724951505661
2249200,0.11802331358194351
2249504,0.12828826904296875
2249840,0.0975932851433754
2250080,0.11445904523134232
2250096,0.11929734796285629
2251696,0.12515544891357422
2253120,0.11588814854621887
2253616,0.09722519665956497
2254080,0.10819442570209503
2254848,0.11095122247934341
2255328,0.12174263596534729
2256224,0.12189199775457382
2256304,0.12142856419086456
2257184,0.12935656309127808
2257456,0.12186865508556366
2258352,0.12683330476284027
2258784,0.11930235475301743
2261264,0.12311961501836777
2261552,0.12513330578804016
2262336,0.12586525082588196
2262480,0.12244813144207001
2264768,0.11054323613643646
2265104,0.11073989421129227
2265488,0.12349378317594528
2266416,0.11651046574115753
2267872,0.12658141553401947
2272400,0.12590527534484863
2272544,0.12584511935710907
2272864,0.12996086478233337
2274992,0.12479324638843536
2276096,0.09975776821374893
2276880,0.1279948651790619
2277136,0.11527297645807266
2277696,0.10550476610660553
2280080,0.10897677391767502
2280112,0.12226707488298416
2280272,0.1152094379067421
2281504,0.12435749918222427
2281552,0.10315405577421188
2281696,0.12159661948680878
2282960,0.08724319189786911
2284080,0.12069804221391678
2284176,0.11352324485778809
2284560,0.1156594455242157
2284976,0.09859564155340195
2286064,0.12725023925304413
2287648,0.12036670744419098
2288848,0.13062191009521484
2289168,0.1210506409406662
2289808,0.12363950908184052
2290112,0.1217813491821289
2290880,0.12546665966510773
2291264,0.11997925490140915
2291792,0.12267114222049713
2292608,0.1252371370792389
2294144,0.11229103058576584
2296000,0.12012998014688492
2296720,0.12186108529567719
2298704,0.10872863978147507
2299088,0.12107951939105988
2300000,0.12433546781539917
2300144,0.12512825429439545
2300864,0.07787611335515976
2301936,0.11658388376235962
2302640,0.12722790241241455
2303424,0.10476969182491302
2303712,0.12291104346513748
2305296,0.12111255526542664
2310352,0.12214452773332596
2311360,0.12391042709350586
2312688,0.12432596832513809
2313552,0.10609132796525955
2315232,0.12437675893306732
2315824,0.10713347792625427
2316912,0.11198122799396515
2316944,0.12256681174039841
2318720,0.12143349647521973
2318912,0.0987374484539032
2319408,0.11387236416339874
2321712,0.10891187936067581
2321808,0.12491186708211899
2322208,0.11244260519742966
2325136,0.12281740456819534
2325264,0.12866660952568054
2325760,0.120555579662323
2325792,0.11899552494287491
2326880,0.12203048914670944
2327264,0.11597093939781189
2327664,0.1277640461921692
2330896,0.08110315352678299
2331040,0.10942932218313217
2331056,0.1275184601545334
2331072,0.10668059438467026
2334080,0.12787283957004547
2334432,0.12893535196781158
2334720,0.12181740999221802
2335664,0.12080607563257217
2337120,0.10069683194160461
2338416,0.12005326896905899
2338960,0.12023452669382095
2341616,0.12095985561609268
2343472,0.12601517140865326
2343728,0.11435171961784363
2345072,0.12165775150060654
2346656,0.10220286250114441
2348432,0.12269949913024902
2348576,0.1295449584722519
2348896,0.11361273378133774
2349072,0.11592963337898254
2349584,0.10995744168758392
2349632,0.12569023668766022
2351312,0.10518364608287811
2352000,0.12750275433063507
2352512,0.11688811331987381
2352592,0.10824105888605118
2354112,0.12625408172607422
2355600,0.12132126837968826
2356096,0.11944407224655151
2356720,0.12400556355714798
2357040,0.12370149046182632
2357040,0.12025386095046997
2359200,0.12022268027067184
2359824,0.116240955889225
2361040,0.12210443615913391
2362592,0.11025939881801605
2362688,0.11265496909618378
2362992,0.09957703202962875
2363088,0.12761953473091125
2363728,0.12688858807086945
2365552,0.12624891102313995
2366240,0.11979807913303375
2366512,0.12467213720083237
2368160,0.12502577900886536
2369136,0.11753124743700027
2369728,0.11402381211519241
2370144,0.12073345482349396
2371248,0.10090171545743942
2371504,0.11514735966920853
2372672,0.11640249192714691
2372752,0.1052168682217598
2373376,0.12094981223344803
2373952,0.12313930690288544
2375328,0.12162807583808899
2376080,0.10501032322645187
2377376,0.12005675584077835
2379792,0.11776451766490936
2379872,0.12194421887397766
2380048,0.09619314223527908
2382320,0.12785926461219788
2383408,0.1269790381193161
2384544,0.09832261502742767
2385632,0.11676499992609024
2386880,0.1204051673412323
2386944,0.1214883029460907
2387168,0.1265689730644226
2389856,0.12578493356704712
2390352,0.1223350465297699
2391024,0.1235676035284996
2392032,0.11421377211809158
2392880,0.12325873970985413
2392976,0.11126543581485748
2393456,0.12553855776786804
2393808,0.11764530092477798
2397376,0.11482509225606918
2398880,0.08327168226242065
2399040,0.11826218664646149
2401504,0.1235155537724495
2401552,0.11754831671714783
2403136,0.12253952026367188
2403584,0.12300321459770203
2404720,0.11226115375757217
2404816,0.12134265154600143
2405008,0.1261744350194931
2406576,0.11360840499401093
2407152,0.12490438669919968
2407824,0.12433545291423798
2409136,0.12366366386413574
2409264,0.12786079943180084
2409616,0.1244441345334053
2410896,0.10950078815221786
2412240,0.12264653295278549
2413584,0.12493529915809631
2413776,0.125088632106781
2415776,0.1089535504579544
2418912,0.1212601289153099
2419408,0.12813402712345123
2422816,0.11413922905921936
2424352,0.12210936844348907
2424976,0.11274946480989456
2428176,0.11124589294195175
2429120,0.09573972225189209
2430240,0.11177322268486023
2431680,0.12011519819498062
2432672,0.11073587089776993
2433552,0.12475232034921646
2433792,0.11074963957071304
2436272,0.12237252295017242
2436896,0.08198102563619614
2437424,0.08692726492881775
2437936,0.11078052967786789
2439104,0.11034594476222992
2440368,0.09179558604955673
2440448,0.1256152242422104
2440976,0.12196464091539383
2443376,0.1106908768415451
2445424,0.10209423303604126
2446224,0.12330964207649231
2446640,0.09957604110240936
2446672,0.1063801571726799
2447376,0.11340173333883286
2449440,0.10875425487756729
2450336,0.11858096718788147
2451232,0.1034952849149704
2453056,0.12558363378047943
2453872,0.11277458816766739
2454864,0.122623972594738
2455456,0.12130022794008255
2456480,0.12718988955020905
2456688,0.12383687496185303
2457968,0.09654493629932404
2458608,0.11603356897830963
2461568,0.12329830974340439
2461936,0.10515862703323364
2462160,0.127132847905159
2464176,0.1162768304347992
2464880,0.1228918582201004
2465104,0.12006743252277374
2465424,0.11479302495718002
2466128,0.07657749950885773
2466480,0.0963641107082367
2466768,0.10171489417552948
2467616,0.10658258944749832
2470640,0.11820343136787415
2470864,0.09424513578414917
2471344,0.11049335449934006
2471568,0.09837395697832108
2472304,0.1285041719675064
2472640,0.09847123920917511
2473600,0.12158448249101639
2473696,0.12234757095575333
2474400,0.12007125467061996
2476352,0.1282963901758194
2477072,0.10765048116445541
2478112,0.12179295718669891
2478432,0.11338956654071808
2479328,0.11052587628364563
2479568,0.08809001743793488
2482112,0.1168241798877716
2482160,0.11928413063287735
2483152,0.12068641185760498
2483952,0.1166999563574791
2485760,0.12758243083953857
2486000,0.10247339308261871
2486656,0.12844078242778778
2488416,0.10751248896121979
2489872,0.10242090374231339
2489984,0.11795968562364578
2490336,0.11644396185874939
2493184,0.11901145428419113
2493200,0.12266857922077179
2493328,0.1255447119474411
2493856,0.12530337274074554
2495536,0.12806321680545807
2496896,0.12626904249191284
2498048,0.11349213868379593
2498640,0.12305634468793869
2498656,0.1166454404592514
2500896,0.1211344450712204
2501584,0.12756438553333282
2502160,0.12688645720481873
2504000,0.12705841660499573
2508832,0.11171096563339233
2508848,0.12148448079824448
2509344,0.11903167515993118
2512080,0.11781920492649078
2512080,0.1123059019446373
2512400,0.1192583441734314
2515088,0.12439442425966263
2515280,0.12040256708860397
2515632,0.11715123802423477
2516480,0.12001410126686096
2518176,0.11707203835248947
2519232,0.12975890934467316
2519504,0.12131805717945099
2519760,0.10005950182676315
2521680,0.12618103623390198
2521936,0.12877680361270905
2522096,0.1183488667011261
2523600,0.12123598158359528
2524512,0.10493219643831253
2527152,0.12060484290122986
2527584,0.11976215243339539
2529072,0.11915510147809982
2529328,0.08024416118860245
2530048,0.11347651481628418
2530592,0.12415198236703873
2531168,0.1172390729188919
2531536,0.12738077342510223
2532832,0.1285296380519867
2533760,0.12615427374839783
2535312,0.11987427622079849
2535360,0.0972716361284256
2536288,0.11850149184465408
2536784,0.11881104111671448
2538608,0.1252305507659912
2539600,0.11605700105428696
2539968,0.11500810086727142
2540384,0.12294407933950424
2541904,0.11996801942586899
2543168,0.1259356141090393
2544064,0.0702575296163559
2544240,0.08432123064994812
2546528,0.12666335701942444
2546672,0.12388264387845993
2546864,0.12724071741104126
2546992,0.12821346521377563
2547472,0.08691826462745667
2547888,0.12460596859455109
2548768,0.12591540813446045
2549184,0.12517701089382172
2551392,0.11553439497947693
2551776,0.1013634130358696
2554096,0.12236008048057556
2555424,0.12433605641126633
2556304,0.12239695340394974
2557680,0.12502320110797882
2558432,0.119736447930336
2559056,0.12590865790843964
2559936,0.12309177219867706
2562816,0.12599672377109528
2564176,0.11519505828619003
2564864,0.11618325859308243
2565056,0.12127213925123215
2566928,0.12861919403076172
2567088,0.12478796392679214
2567520,0.1209128201007843
2567936,0.1176353394985199
2568544,0.1237427368760109
2569056,0.12263883650302887
2569488,0.12260507047176361
2571040,0.12904520332813263
2571456,0.12294459342956543
2572496,0.12955673038959503
2576128,0.11692176759243011
2576240,0.11698173731565475
2576880,0.12754704058170319
2577584,0.12297868728637695
2580192,0.12253794074058533
2580208,0.12156879156827927
2580480,0.11938897520303726
2581552,0.12664858996868134
2582080,0.1196969598531723
2582480,0.12478712201118469
2583584,0.12461472302675247
2583856,0.11797251552343369
2586288,0.10964835435152054
2586816,0.11406119167804718
2587152,0.11811286211013794
2590448,0.10989923775196075
2591040,0.12320239096879959
2591584,0.0839964970946312
2592448,0.12046768516302109
2595536,0.11870904266834259
2597552,0.11113044619560242
2597680,0.12457547336816788
2597808,0.09513942897319794
2598992,0.10944846272468567
2600048,0.11545104533433914
2600800,0.1278424710035324
2600928,0.12426605075597763
2601488,0.1126367449760437
2602256,0.10859749466180801
2603072,0.12685251235961914
2603344,0.09509455412626266
2604704,0.12239596247673035
2605104,0.107157401740551
2605328,0.1185867190361023
2608384,0.12207229435443878
2609824,0.1091666966676712
2609904,0.09446351230144501
2610784,0.12170151621103287
2610864,0.10325481742620468
2611648,0.1270170956850052
2612528,0.12285716831684113
2614400,0.11266248673200607
2615152,0.1268312931060791
2616048,0.1270664930343628
2616992,0.1266825646162033
2617216,0.11314836889505386
2617968,0.12176156044006348
2618896,0.12005302309989929
2619648,0.09914850443601608
2620144,0.11796881258487701
2620240,0.11736135929822922
2620464,0.12646222114562988
2623344,0.12705712020397186
2623952,0.1274590641260147
2624592,0.10947778075933456
2626848,0.13091599941253662
2628736,0.1287069469690323
2628944,0.12109746038913727
2630624,0.12155986577272415
2631936,0.11832082271575928
2634608,0.12546192109584808
2635472,0.12588290870189667
2636736,0.123724564909935
2637440,0.1250995248556137
2639024,0.11991868913173676
2639088,0.11936657130718231
2639840,0.12420111149549484
2640144,0.12742236256599426
2640960,0.1204000860452652
2641344,0.10570530593395233
2643376,0.12997552752494812
2643760,0.12567435204982758
2644144,0.12578921020030975
2645360,0.1286362111568451
2645440,0.11495159566402435
2646224,0.11738087981939316
2646848,0.0958690196275711
2647280,0.12351632863283157
2647280,0.12893758714199066
2647648,0.12853123247623444
2647744,0.10833421349525452
2649760,0.12280567735433578
2649904,0.11050719767808914
2651936,0.10322298854589462
2654048,0.12512075901031494
2654512,0.11589676141738892
2655216,0.12720264494419098
2655328,0.12275834381580353
2657184,0.1095162183046341
2658496,0.11788352578878403
2659264,0.07830736041069031
2660896,0.11269970238208771
2660896,0.12686799466609955
2661120,0.12063371390104294
2663168,0.11979235708713531
2664464,0.12039818614721298
2666656,0.1271636188030243
2667008,0.12055720388889313
2668144,0.1048065572977066
2668480,0.1207224652171135
2670144,0.10749252885580063
2670208,0.12397462129592896
2670560,0.11562071740627289
2671680,0.1290491670370102
2672352,0.11002033203840256
2673072,0.1170692890882492
2674752,0.12595121562480927
2675232,0.12086658179759979
2677728,0.1253574639558792
2678112,0.11241094022989273
2679760,0.12289369106292725
2680112,0.11660510301589966
2680768,0.12317486852407455
2681376,0.1268911510705948
2681696,0.12341645359992981
2683296,0.12540875375270844
2683808,0.11224675178527832
2684432,0.12402420490980148
2685424,0.11968374997377396
2686768,0.12108954787254333
2687344,0.12320065498352051
2688032,0.11411208659410477
2688128,0.1186407282948494
2688832,0.1271989941596985
2689104,0.12053459137678146
2689568,0.09931402653455734
2690352,0.1196441575884819
2691520,0.11495648324489594
2693968,0.105046346783638
2694720,0.07528814673423767
2696288,0.11892460286617279
2696480,0.12503111362457275
2697504,0.11593358218669891
2702304,0.1267114132642746
2702336,0.10825752466917038
2702624,0.11435528844594955
2703024,0.08005476742982864
2703168,0.11680235713720322
2703216,0.1045079454779625
2704112,0.11517012864351273
2704448,0.10236877202987671
2705792,0.11011188477277756
2706544,0.12363941967487335
2708032,0.1183868944644928
2708288,0.11814561486244202
2708352,0.1126263365149498
2709120,0.113815076649189
2709408,0.10905349254608154
2712480,0.12221497297286987
2712656,0.1184682697057724
2713024,0.12248484045267105
2713664,0.11853421479463577
2717888,0.10568293184041977
2718416,0.11983508616685867
2719040,0.10893075168132782
2719088,0.12659426033496857
2719920,0.12426098436117172
2720208,0.12236979603767395
2722080,0.1210019513964653
2722592,0.12702913582324982
2722608,0.11810570955276489
2723696,0.12150928378105164
2723792,0.11720076203346252
2724048,0.11995786428451538
2725200,0.10134284198284149
2725600,0.12849023938179016
2731616,0.12301227450370789
2733328,0.11812614649534225
2733568,0.12295827269554138
2734336,0.09080427139997482
2735216,0.11590326577425003
2736848,0.12008979916572571
2738192,0.12079378962516785
2740528,0.12156209349632263
2744032,0.12375407665967941
2746528,0.1251928210258484
2747936,0.1259762942790985
2749248,0.12771864235401154
2749392,0.10174216330051422
2750640,0.09352163225412369
2752848,0.12044716626405716
2754288,0.12587304413318634
2755968,0.11155547201633453
2756240,0.12191028892993927
2756656,0.12679700553417206
2759536,0.12231797724962234
2762144,0.11928857862949371
2762480,0.11085972189903259
2762592,0.12167070806026459
2762704,0.11376830190420151
2763136,0.11841540038585663
2765632,0.11194026470184326
2766752,0.10906434804201126
2768656,0.09692257642745972
2770304,0.12556688487529755
2770768,0.1208508163690567
2772192,0.10556463152170181
2772384,0.12589497864246368
2776144,0.12679040431976318
2778448,0.12641161680221558
2780608,0.12132396548986435
2780992,0.11053231358528137
2781808,0.11131073534488678
2782048,0.12406765669584274
2784416,0.12451779842376709
2784672,0.11258795857429504
2785584,0.11743039637804031
2787584,0.1030471995472908
2788288,0.12564703822135925
2790192,0.12300517410039902
2790752,0.11586258560419083
2791216,0.11928368359804153
2791488,0.1216360330581665
2791936,0.11676539480686188
2792368,0.10595901310443878
2792736,0.12164665758609772
2794160,0.11120794713497162
2794672,0.12526215612888336
2794896,0.11340481042861938
2795328,0.1217367872595787
2795440,0.11726420372724533
2797280,0.12589968740940094
2798432,0.1201363131403923
2800000,0.1244707927107811
2800192,0.11960776895284653
2802464,0.12352221459150314
2802576,0.11983411014080048
2806032,0.12416407465934753
2806208,0.11825919151306152
2807776,0.12505146861076355
2808608,0.11991208791732788
2809536,0.12836074829101562
2809680,0.12482988089323044
2810784,0.0775056704878807
2811056,0.10602055490016937
2812160,0.12110956013202667
2813424,0.11441561579704285
2815376,0.0860506072640419
2816160,0.125733882188797
2816816,0.074439637362957
2817120,0.12719546258449554
2817504,0.10485413670539856
2817776,0.12024476379156113
2818576,0.11597977578639984
2819984,0.12595902383327484
2820384,0.12165024876594543
2820448,0.12571199238300323
2821392,0.12155333906412125
2821888,0.10253138095140457
2823280,0.12542052567005157
2823376,0.12437397241592407
2823424,0.12411163747310638
2824720,0.1221713125705719
2826960,0.1209464818239212
2827504,0.12385156750679016
2828288,0.12448996305465698
2829296,0.1265878677368164
2830288,0.08615506440401077
2830560,0.11675283312797546
2831808,0.1252923160791397
2831808,0.08802080154418945
2833632,0.1275908648967743
2834064,0.1231788843870163
2837424,0.1189163476228714
2838608,0.12572869658470154
2840768,0.10325907915830612
2844400,0.10865675657987595
2845744,0.1172289103269577
2845856,0.11707597970962524
2845984,0.1213887557387352
2846384,0.10794111341238022
2847952,0.11467058956623077
2848080,0.12566494941711426
2848496,0.07882071286439896
2849376,0.12286403775215149
2849392,0.1187371015548706
2849632,0.10888805240392685
2852080,0.1254008710384369
2852096,0.12812229990959167
2855024,0.11890912055969238
2855264,0.12357834726572037
2855408,0.12091921269893646
2856080,0.11402028799057007
2856144,0.11275800317525864
2857456,0.12533126771450043
2858800,0.1287112683057785
2859648,0.12532997131347656
2861904,0.11887828260660172
2862272,0.111369788646698
2863680,0.11333753168582916
2865376,0.12631262838840485
2865440,0.12114383280277252
2865744,0.12262889742851257
2866096,0.12195759266614914
2866480,0.10903418809175491
2866592,0.12005023658275604
2867920,0.11336950212717056
2870016,0.10071801394224167
2870112,0.12525694072246552
2872304,0.11011214554309845
2872560,0.10722513496875763
2872736,0.12591923773288727
2873248,0.1248006820678711
2874720,0.1269279569387436
2875120,0.1156558096408844
2875632,0.1228494867682457
2875840,0.12426256388425827
2876736,0.1228792667388916
2877840,0.12196452915668488
2880720,0.109406977891922
2882400,0.12123612314462662
2882624,0.11978113651275635
2883088,0.10450788587331772
2884224,0.11512221395969391
2885024,0.13219018280506134
2885392,0.12299276888370514
2887216,0.12314407527446747
2887664,0.11791418492794037
2888992,0.12313621491193771
2889632,0.12010817229747772
2890320,0.11585494875907898
2891728,0.11024438589811325
2893360,0.1255539506673813
2893632,0.12486563622951508
2894016,0.12566520273685455
2894480,0.1122119203209877
2895600,0.07992443442344666
2896784,0.12688009440898895
2896992,0.12242404371500015
2899808,0.12426138669252396
2901152,0.1234133318066597
2903968,0.12384472042322159
2904192,0.12957072257995605
2906080,0.12134773284196854
2906112,0.11967993527650833
2906656,0.08934454619884491
2906672,0.11319535970687866
2907088,0.12772530317306519
2907136,0.11902026832103729
2907392,0.1225852370262146
2907744,0.12351856380701065
2910528,0.12422870844602585
2910912,0.11896965652704239
2911568,0.12498088926076889
2913328,0.12092013657093048
2916752,0.12428434938192368
2917680,0.12747493386268616
2917920,0.10199201107025146
2918128,0.12425410747528076
2918192,0.12257139384746552
2920048,0.12450484186410904
2920784,0.12245167046785355
2921600,0.12736393511295319
2922512,0.12080980092287064
2922704,0.12528462707996368
2923888,0.12376163899898529
2924304,0.126629039645195
2926240,0.12146026641130447
2926704,0.10425928980112076
2927296,0.1176842749118805
2928704,0.12485727667808533
2931312,0.11686983704566956
2931360,0.1234864667057991
2933632,0.1219572126865387
2936704,0.11785481125116348
2936816,0.12565739452838898
2937104,0.12984402477741241
2937248,0.12563948333263397
2937280,0.12724226713180542
2937408,0.11402466893196106
2937632,0.11821617931127548
2940896,0.12158330529928207
2942080,0.12644830346107483
2943024,0.11572852730751038
2944080,0.12731999158859253
2944112,0.126312717795372
2944608,0.12310323119163513
2946160,0.12343718111515045
2951296,0.1279817372560501
2951344,0.1241409182548523
2958048,0.12883511185646057
2958464,0.1200728490948677
2959168,0.12805508077144623
2960704,0.1261473298072815
2961424,0.12209047377109528
2962672,0.12566518783569336
2962928,0.12286005169153214
2963104,0.11386784166097641
2964752,0.12724336981773376
2965008,0.12024059146642685
2965040,0.1252494901418686
2965776,0.12238331884145737
2966224,0.12361832708120346
2966624,0.10621940344572067
2968512,0.12572605907917023
2970176,0.1228334903717041
2971744,0.10404461622238159
2973344,0.12369978427886963
2973760,0.12453044950962067
2975792,0.1258675456047058
2978752,0.12465299665927887
2980816,0.12320434302091599
2981792,0.1233566626906395
2982512,0.11676417291164398
2984544,0.12166272848844528
2985392,0.12208235263824463
2985664,0.10042580217123032
2985968,0.1202048659324646
2986240,0.12256237119436264
2987232,0.10702253878116608
2990224,0.12499689310789108
2991120,0.10691589117050171
2991360,0.11921531707048416
2991552,0.11902153491973877
2992112,0.1261206716299057
2993056,0.12415260821580887
2993104,0.11819793283939362
2993392,0.0981740951538086
2994656,0.11639522016048431
2994976,0.12114546447992325
2994992,0.12187018990516663
2995664,0.06426952034235
2996272,0.12965485453605652
2996560,0.10910222679376602
2997040,0.12183208763599396
2999328,0.12259181588888168
3001328,0.12503302097320557
3001728,0.1268056184053421
3002080,0.09406034648418427
3002848,0.11869780719280243
3002896,0.11895077675580978
3003072,0.12553980946540833
3003904,0.126508891582489
3006016,0.12062132358551025
3006288,0.09839211404323578
3006512,0.12613831460475922
3006576,0.1175709143280983
3006736,0.12555614113807678
3007440,0.11328308284282684
3008048,0.09599188715219498
3012112,0.12217337638139725
3013072,0.10354332625865936
3013264,0.12160346657037735
3013728,0.11936519294977188
3017200,0.12551629543304443
3017936,0.1285909116268158
3019104,0.10873463749885559
3019984,0.12736104428768158
3020400,0.11686141043901443
3021280,0.1265697181224823
3021552,0.11715010553598404
3021664,0.1269063800573349
3022640,0.1252373903989792
3022992,0.11718691140413284
3023152,0.11042463034391403
3023536,0.12272926419973373
3024656,0.11089760810136795
3026592,0.12433946877717972
3026640,0.12857243418693542
3028512,0.11461708694696426
3030160,0.12435141950845718
3031072,0.1096981093287468
3031088,0.12075068056583405
3031776,0.0809478759765625
3031872,0.12585090100765228
3032512,0.09997516870498657
3033760,0.11932584643363953
3033984,0.11828962713479996
3034672,0.124925896525383
3035408,0.11618762463331223
3037520,0.11045032739639282
3038592,0.11010921001434326
3038944,0.12264016270637512
3040368,0.12206988781690598
3042768,0.1248210221529007
3043776,0.06854373961687088
3048048,0.12427029758691788
3050128,0.1255546659231186
3050576,0.11771372705698013
3050896,0.12575054168701172
3051184,0.1268150806427002
3051728,0.12527750432491302
3052288,0.12701070308685303
3054352,0.11035244911909103
3057968,0.11862155050039291
3058016,0.12373851239681244
3060304,0.1216263547539711
3062016,0.11825849115848541
3062448,0.12293973565101624
3064368,0.1095762625336647
3064720,0.12261761724948883
3064832,0.11756608635187149
3064864,0.12535032629966736
3064896,0.1178717240691185
3065456,0.1251702755689621
3065744,0.12747636437416077
3068336,0.125003382563591
3068992,0.09854640066623688
3069168,0.12594282627105713
3069392,0.11322785913944244
3071376,0.12314078956842422
3074704,0.11685821413993835
3078576,0.12336736172437668
3078720,0.12252222001552582
3078800,0.11729907244443893
3079120,0.11641649901866913
3079936,0.12724705040454865
3080048,0.10437538474798203
3080560,0.10548879951238632
3080656,0.10821004211902618
3084112,0.07242902368307114
3085408,0.11814527213573456
3086336,0.11791229993104935
3087744,0.12050231546163559
3088896,0.12445348501205444
3089072,0.12452231347560883
3089568,0.11621494591236115
3089936,0.12061875313520432
3091152,0.11372043192386627
3091344,0.12715087831020355
3092624,0.12284055352210999
3093280,0.11995052546262741
3093472,0.12144643813371658
3094240,0.11499346792697906
3098256,0.10981953889131546
3099488,0.1199767142534256
3099648,0.11716610193252563
3100256,0.12874598801136017
3100528,0.12210453301668167
3102080,0.11639265716075897
3102688,0.1278512179851532
3102688,0.12647156417369843
3103200,0.12757307291030884
3104912,0.1120353564620018
3106320,0.10506469756364822
3108992,0.1185288280248642
3109360,0.11382591724395752
3109760,0.12367666512727737
3110224,0.11806470900774002
3112160,0.1229977160692215
3112336,0.11508706212043762
3113328,0.12202177196741104
3113488,0.12217400223016739
3116112,0.13320860266685486
3121456,0.12420300394296646
3122928,0.11947137117385864
3124032,0.11225701868534088
3127200,0.12253843247890472
3127552,0.12307911366224289
3127856,0.10626550018787384
3128064,0.1216740608215332
3128560,0.12213990837335587
3131440,0.11800606548786163
3132368,0.10491497814655304
3134704,0.1112198606133461
3135104,0.12525023519992828
3135712,0.07434994727373123
3136080,0.12465836107730865
3136608,0.11738211661577225
3136912,0.10408349335193634
3138800,0.12623745203018188
3141248,0.11536011844873428
3141680,0.10055036097764969
3141936,0.1169029027223587
3142688,0.1184079572558403
3142688,0.0939338281750679
3143824,0.12444959580898285
3145440,0.11587904393672943
3150800,0.12791807949543
3150928,0.1276455670595169
3153136,0.12172028422355652
3154384,0.12072213739156723
3157296,0.1248340755701065
3159104,0.11756773293018341
3159264,0.1233958899974823
3161520,0.12005487829446793
3163344,0.12288620322942734
3163888,0.11968487501144409
3164368,0.11370393633842468
3165008,0.1245662197470665
3165376,0.11785847693681717
3166688,0.12375254929065704
3167296,0.10968577861785889
3167344,0.1250852793455124
3168512,0.10379309207201004
3168960,0.12508392333984375
3168992,0.11351248621940613
3171664,0.11351672559976578
3172272,0.1209637001156807
3173680,0.12062869220972061
3175856,0.11059686541557312
3176016,0.129172682762146
3176128,0.12209443747997284
3176336,0.12470652163028717
3179136,0.12552818655967712
3179696,0.12510520219802856
3182336,0.1237037181854248
3184064,0.12630827724933624
3185040,0.12751413881778717
3185488,0.12542226910591125
3187360,0.12108904123306274
3188000,0.12484624981880188
3188384,0.12668806314468384
3190112,0.11667529493570328
3190144,0.11745282262563705
3190352,0.11551295965909958
3191024,0.112785205245018
3191680,0.0901203453540802
3193536,0.12379723787307739
3193776,0.13033366203308105
3194752,0.12683144211769104
3195264,0.1231851577758789
3196016,0.12803640961647034
3196464,0.12754078209400177
3197184,0.11975160986185074
3197376,0.12601017951965332
3198016,0.10757661610841751
3198160,0.10004591196775436
3198896,0.11996781080961227
3201072,0.12470719963312149
3201376,0.1256994754076004
3203104,0.12624524533748627
3204304,0.12144823372364044
3204656,0.12691161036491394
3205184,0.10678547620773315
3205216,0.11905277520418167
3207136,0.12355686724185944
3208336,0.11920925974845886
3208368,0.11832685768604279
3208448,0.11733677238225937
3208784,0.12075845152139664
3209792,0.12366075068712234
3211936,0.12523700296878815
3212288,0.12341556698083878
3213088,0.09816015511751175
3215232,0.12091365456581116
3217984,0.11761415749788284
3219056,0.11958719044923782
3222464,0.10660988837480545
3223600,0.12549059092998505
3223840,0.11911211907863617
3223936,0.10295325517654419
3226240,0.12538443505764008
3227152,0.12861505150794983
3227712,0.12160415202379227
3229808,0.12404050678014755
3230128,0.10613736510276794
3230688,0.12899495661258698
3230720,0.10966767370700836
3231056,0.11946272850036621
3231456,0.10503281652927399
3233440,0.12349490821361542
3233568,0.12589046359062195
3234560,0.12557050585746765
3234960,0.12373857945203781
3237632,0.1009446531534195
3239136,0.12087900191545486
3240672,0.12361285090446472
3241216,0.1221841350197792
3241296,0.09989795833826065
3241504,0.1248142197728157
3241568,0.12585970759391785
3241664,0.12338532507419586
3242128,0.12619160115718842
3242720,0.12441817671060562
3243280,0.1167975515127182
3243456,0.06646166741847992
3244144,0.12892374396324158
3244272,0.12213380634784698
3245104,0.11468171328306198
3246544,0.11954542994499207
3247664,0.10078081488609314
3247680,0.12350423634052277
3247760,0.1179886907339096
3250640,0.12400471419095993
3250752,0.1187133714556694
3251216,0.12491797655820847
3251248,0.11853737384080887
3251312,0.12425824254751205
3252240,0.11514436453580856
3255952,0.12734083831310272
3258320,0.12491386383771896
3258368,0.12486711889505386
3260896,0.10434968769550323
3261728,0.12365145236253738
3264624,0.11604020744562149
3265776,0.11741054803133011
3266656,0.12128081172704697
3266736,0.1211836189031601
3266960,0.10758725553750992
3268976,0.12799444794654846
3270400,0.11576531082391739
3271744,0.12785287201404572
3271760,0.11834099143743515
3272400,0.1162024512887001
3273152,0.12367825955152512
3273664,0.12193967401981354
3277696,0.1262539178133011
3278832,0.1268254816532135
3278976,0.12188210338354111
3279152,0.12639328837394714
3280816,0.1216638833284378
3281136,0.12108290940523148
3282384,0.12185673415660858
3282592,0.10524258762598038
3282736,0.11626890301704407
3283968,0.12395147979259491
3284416,0.12005269527435303
3285248,0.10856674611568451
3285616,0.1259494423866272
3288112,0.10544584691524506
3288160,0.12199237197637558
3289776,0.0879264622926712
3290544,0.11856638640165329
3291024,0.1152062639594078
3295616,0.12157460302114487
3296000,0.12831811606884003
3296704,0.11575563997030258
3296800,0.12395144253969193
3297040,0.1262282431125641
3297136,0.12290266901254654
3299200,0.11513633280992508
3300384,0.1229381337761879
3301056,0.1041756123304367
3302560,0.1139214038848877
3303264,0.11848074942827225
3303840,0.12240392714738846
3305872,0.13049454987049103
3306784,0.11932092905044556
3307328,0.1285744458436966
3307840,0.12944532930850983
3308032,0.11625192314386368
3308976,0.12367436289787292
3309696,0.12037952989339828
3310240,0.1149403303861618
3311296,0.1258646547794342
3313072,0.1193486824631691
3313280,0.1277412623167038
3315808,0.12496162205934525
3317072,0.12715207040309906
3317456,0.12758396565914154
3317872,0.11950181424617767
3318768,0.12450390309095383
3319040,0.1284930258989334
3319344,0.1226750984787941
3319504,0.11092539131641388
3322576,0.11956478655338287
3323952,0.12721064686775208
3324016,0.12385674566030502
3325984,0.12187334150075912
3326928,0.11045074462890625
3327552,0.1231577917933464
3327552,0.11903374642133713
3327680,0.1239648163318634
3328192,0.1196286752820015
3329584,0.09397473186254501
3337408,0.10779153555631638
3337424,0.10235769301652908
3337648,0.12142834812402725
3340112,0.08384886384010315
3340640,0.12516966462135315
3341296,0.11911805719137192
3342016,0.08747249841690063
3342592,0.12296457588672638
3342720,0.10617600381374359
3344240,0.11917052417993546
3344976,0.1245790347456932
3345184,0.10345190018415451
3347744,0.11754795908927917
3348608,0.1207173690199852
3349248,0.12055447697639465
3349952,0.1221604123711586
3349968,0.11815758794546127
3350896,0.12159674614667892
3351232,0.12322063744068146
3351936,0.12146478146314621
3352800,0.10532283782958984
3354400,0.12461866438388824
3354864,0.11871515959501266
3357232,0.1252550333738327
3359584,0.11710012704133987
3359888,0.12209241837263107
3360336,0.10755735635757446
3360656,0.11491615325212479
3361984,0.1191062405705452
3363008,0.12120848149061203
3363520,0.1200910434126854
3363904,0.11109422892332077
3364176,0.12400390952825546
3364368,0.12171521037817001
3366432,0.12486967444419861
3367632,0.11647389084100723
3367888,0.1259765923023224
3370016,0.12337533384561539
3370976,0.12121053040027618
3372496,0.11303511261940002
3373456,0.1244744211435318
3373600,0.12161187082529068
3374672,0.12471207231283188
3376400,0.12476026266813278
3377504,0.11500199884176254
3377680,0.11782822757959366
3377840,0.12256844341754913
3378272,0.11837700009346008
3379792,0.11584343761205673
3379968,0.12147919088602066
3382576,0.11470229923725128
3382944,0.10965912789106369
3384192,0.12526796758174896
3385232,0.12392484396696091
3385472,0.11845164746046066
3386464,0.11188699305057526
3388672,0.12408387660980225
3390320,0.12268364429473877
3391056,0.11486925184726715
3392400,0.11644239723682404
3393488,0.12039241939783096
3394128,0.12171671539545059
3395088,0.12281406670808792
3395392,0.12485669553279877
3396048,0.12121101468801498
3396416,0.09744919091463089
3398272,0.12352927029132843
3399216,0.12525923550128937
3401360,0.12163837254047394
3401568,0.12404433637857437
3402800,0.12175294756889343
3404496,0.12012922018766403
3405696,0.1287005990743637
3406096,0.12223687022924423
3408048,0.12611283361911774
3409136,0.09963804483413696
3409504,0.12618261575698853
3409664,0.12186550348997116
3410064,0.11721626669168472
3410400,0.10308889299631119
3411664,0.11943206191062927
3412304,0.11736568808555603
3413792,0.12198801338672638
3413984,0.11836660653352737
3414704,0.11365487426519394
3414752,0.12380377948284149
3415504,0.12291526794433594
3416320,0.11874257028102875
3417344,0.12767651677131653
3417744,0.12428543716669083
3419872,0.13011156022548676
3420912,0.13109727203845978
3421024,0.12386277318000793
3424560,0.12338631600141525
3424896,0.1271056830883026
3428032,0.1253589242696762
3428480,0.12570299208164215
3429120,0.12542390823364258
3429472,0.12607179582118988
3430400,0.12492361664772034
3431536,0.12033543735742569
3431632,0.12172482162714005
3433904,0.11759217083454132
3435104,0.12712949514389038
3435200,0.12836439907550812
3435248,0.12275324761867523
3436096,0.12070056051015854
3436352,0.12748102843761444
3439344,0.127642422914505
3439536,0.12207479774951935
3439744,0.1259947121143341
3441488,0.11671211570501328
3442288,0.12952905893325806
3442336,0.12424617260694504
3443072,0.12620654702186584
3444400,0.12238070368766785
3445840,0.12151076644659042
3446880,0.12357831001281738
3446992,0.12010318785905838
3447152,0.1274065375328064
3447952,0.12609513103961945
3448336,0.11478795111179352
3449328,0.12315723299980164
3449392,0.12027028203010559
3451536,0.12716607749462128
3452864,0.1255555897951126
3454672,0.11820271611213684
3456336,0.12316305190324783
3456512,0.1289459466934204
3456560,0.11832959949970245
3458192,0.12285829335451126
3461072,0.12314728647470474
3462176,0.11910668760538101
3462288,0.12141968309879303
3463696,0.12382299453020096
3463712,0.12117178738117218
3464352,0.12887638807296753
3470832,0.12021107226610184
3472448,0.10918959230184555
3474384,0.12598034739494324
3474384,0.11540612578392029
3476336,0.12881937623023987
3479488,0.12873755395412445
3484736,0.12297794222831726
3484976,0.11754421889781952
3485776,0.12389719486236572
3488240,0.11671658605337143
3490160,0.1138375997543335
3490176,0.1245637759566307
3491552,0.12406902015209198
3492256,0.11543307453393936
3494768,0.11587540805339813
3495696,0.07721320539712906
3495872,0.12036207318305969
3499408,0.11983895301818848
3502784,0.1251237541437149
3502784,0.11548429727554321
3503248,0.11871485412120819
3504768,0.12305272370576859
3507344,0.11051690578460693
3508080,0.11939410120248795
3510928,0.0897531732916832
3511776,0.11761044710874557
3514000,0.12332528084516525
3514432,0.12119914591312408
3515504,0.11890631169080734
3516784,0.1053055077791214
3516816,0.11180558800697327
3517984,0.12225326895713806
3518704,0.1246798112988472
3518928,0.12105704098939896
3520816,0.1216115653514862
3521568,0.12603789567947388
3525632,0.1276237815618515
3525744,0.12384290248155594
3526048,0.12507688999176025
3526672,0.12096301466226578
3527456,0.13137054443359375
3527728,0.12380687147378922
3530112,0.12315798550844193
3530496,0.1212199255824089
3531008,0.12360906600952148
3531200,0.1206090971827507
3531664,0.12290310859680176
3532320,0.11857815086841583
3532528,0.12487825751304626
3534336,0.12790870666503906
3534480,0.1246669813990593
3534512,0.12812787294387817
3537360,0.1230434849858284
3538016,0.1230233907699585
3538304,0.12139769643545151
3539552,0.12311960011720657
3540368,0.1254490166902542
3540496,0.1175050362944603
3540848,0.12233562767505646
3541056,0.12223576754331589
3541600,0.12200263142585754
3543632,0.12410226464271545
3544352,0.12692531943321228
3545200,0.12029457837343216
3545936,0.11659633368253708
3546352,0.12399116158485413
3546704,0.10859455913305283
3547200,0.1243349015712738
3547456,0.12148062884807587
3549776,0.1111549437046051
3549840,0.10604600608348846
3550736,0.12315502762794495
3552256,0.11819804459810257
3554608,0.11503550410270691
3554640,0.12739197909832
3555904,0.12428797036409378
3556528,0.1250431388616562
3556800,0.11881058663129807
3558400,0.12110607326030731
3560400,0.12535516917705536
3561568,0.12207428365945816
3562000,0.12276571989059448
3563120,0.12150388211011887
3564336,0.11273946613073349
3564384,0.12449130415916443
3565440,0.12430271506309509
3565472,0.12898626923561096
3567600,0.1214834600687027
3567792,0.1235194057226181
3568960,0.12808753550052643
3569120,0.12409644573926926
3571552,0.08567171543836594
3571952,0.11467724293470383
3572272,0.12300266325473785
3572496,0.11962661892175674
3573888,0.10120292752981186
3574496,0.11683390289545059
3574848,0.12321308255195618
3575296,0.12079556286334991
3575968,0.12138700485229492
3576272,0.11647576838731766
3576368,0.12731043994426727
3577504,0.12520992755889893
3578048,0.12373045086860657
3578544,0.12142211943864822
3583520,0.12275815010070801
3585712,0.11293424665927887
3586544,0.12683524191379547
3588960,0.1266113817691803
3589280,0.12042439728975296
3590144,0.12354090809822083
3591040,0.1225496381521225
3593216,0.12286267429590225
3594208,0.12102296948432922
3596800,0.11492110788822174
3597760,0.12245399504899979
3600048,0.12783919274806976
3600352,0.12068527936935425
3600576,0.12311729043722153
3602480,0.12375549226999283
3605056,0.11912108212709427
3607440,0.11650478094816208
3607536,0.1208215206861496
3609552,0.12084364145994186
3610256,0.12269070744514465
3611008,0.12261272966861725
3612992,0.10757999867200851
3614208,0.123607337474823
3614240,0.12563659250736237
3614640,0.1216452345252037
3614704,0.10626526921987534
3617376,0.1239219531416893
3617840,0.12031636387109756
3618080,0.12530620396137238
3618288,0.1233711987733841
3619344,0.11117090284824371
3619408,0.12366883456707001
3621616,0.12242519855499268
3621936,0.12243326753377914
3622528,0.11524035781621933
3622912,0.12701302766799927
3622944,0.12358124554157257
3624112,0.11540793627500534
3626096,0.12098002433776855
3628848,0.09939520806074142
3628864,0.12264355272054672
3629040,0.12117339670658112
3629696,0.11768080294132233
3632272,0.12650611996650696
3632416,0.12074117362499237
3635152,0.13080328702926636
3635216,0.12460878491401672
3635984,0.12186148762702942
3636208,0.11985950171947479
3640752,0.12141638994216919
3642256,0.12508800625801086
3643072,0.1190972700715065
3643392,0.12598921358585358
3644288,0.12299414724111557
3645712,0.11447465419769287
3646864,0.12143639475107193
3647872,0.1250198632478714
3649328,0.12044729292392731
3649456,0.11369338631629944
3650496,0.08786922693252563
3651312,0.12455929070711136
3651920,0.12231148779392242
3653056,0.12667204439640045
3653056,0.12078212946653366
3654016,0.12315525859594345
3656112,0.12446045875549316
3657312,0.12527038156986237
3657312,0.1237809881567955
3657616,0.12924824655056
3658464,0.09861471503973007
3659856,0.12525884807109833
3660352,0.12179334461688995
3661200,0.12332191318273544
3661968,0.1218888983130455
3665584,0.1263900250196457
3665712,0.12355794757604599
3666304,0.11864493787288666
3668512,0.12371481955051422
3669136,0.11617105454206467
3669296,0.11872683465480804
3669728,0.11169600486755371
3671616,0.12768997251987457
3671920,0.12492137402296066
3672688,0.10718057304620743
3672896,0.12235498428344727
3673424,0.11445418000221252
3676384,0.12278881669044495
3676864,0.12098962813615799
3677024,0.12708312273025513
3678816,0.12547878921031952
3679696,0.12321538478136063
3679872,0.12333748489618301
3682480,0.12101632356643677
3684512,0.1315269023180008
3685968,0.12060874700546265
3686176,0.1281723976135254
3686256,0.12064751237630844
3686848,0.12385618686676025
3686944,0.12466856837272644
3687120,0.07721444964408875
3687392,0.07718659937381744
3688000,0.12877216935157776
3690400,0.12091748416423798
3690432,0.12808863818645477
3691104,0.12231206893920898
3691104,0.12543009221553802
3692016,0.12718109786510468
3693984,0.12475869059562683
3694480,0.11097271740436554
3694480,0.11605016887187958
3694704,0.12376341223716736
3695168,0.12552854418754578
3695536,0.12672345340251923
3695952,0.11168517917394638
3696688,0.12189328670501709
3697696,0.12577900290489197
3698368,0.12119042128324509
3698752,0.12315811961889267
3700464,0.1253633350133896
3701344,0.126847505569458
3702272,0.12320423126220703
3704384,0.12322534620761871
3705088,0.12899842858314514
3705248,0.09118469059467316
3705872,0.12150509655475616
3706560,0.10961883515119553
3708672,0.12379580736160278
3709088,0.12115682661533356
3709216,0.1235339343547821
3709392,0.12382031232118607
3710112,0.12489775568246841
3710288,0.117375947535038
3712688,0.12440982460975647
3714352,0.1245737373828888
3715152,0.12493042647838593
3717952,0.11627372354269028
3719072,0.12691669166088104
3719280,0.11726322770118713
3719712,0.12468694895505905
3722048,0.12069855630397797
3724656,0.12998609244823456
3726736,0.11773847043514252
3728160,0.12040191888809204
3728896,0.12362035363912582
3730192,0.12386590242385864
3730400,0.12400656193494797
3732624,0.11874746531248093
3735264,0.1276978701353073
3735648,0.10535885393619537
3736016,0.11875072121620178
3739376,0.12179891765117645
3742976,0.12260806560516357
3743088,0.12311706691980362
3744800,0.12428152561187744
3745744,0.12743611633777618
3745936,0.12398834526538849
3746432,0.12296125292778015
3746688,0.11424734443426132
3747376,0.12022332847118378
3748288,0.1200360506772995
3750288,0.1239040344953537
3750704,0.11683017015457153
3751776,0.12239792943000793
3751904,0.12673141062259674
3752944,0.11307644098997116
3752976,0.11468242853879929
3753120,0.09631996601819992
3753712,0.12061535567045212
3754592,0.11018332839012146
3757280,0.11826824396848679
3757472,0.12106402218341827
3757744,0.12377122789621353
3759984,0.1207897886633873
3760832,0.12600940465927124
3761984,0.1208481416106224
3762272,0.11671455949544907
3762928,0.08629004657268524
3764208,0.12357553839683533
3765104,0.12251853942871094
3768384,0.11679387092590332
3768752,0.12044579535722733
3768784,0.12375154346227646
3770576,0.1204053983092308
3770832,0.11837314814329147
3772272,0.12481032311916351
3772368,0.12201666831970215
3772464,0.12211713194847107
3772800,0.1252431720495224
3774112,0.12093282490968704
3774944,0.11996646225452423
3775904,0.11959949880838394
3775984,0.11120624840259552
3776080,0.1202581450343132
3777904,0.0968889370560646
3780480,0.1134403720498085
3781216,0.1245146170258522
3782672,0.1212141215801239
3783168,0.12448505312204361
3784800,0.12330751121044159
3786032,0.1174309179186821
3786592,0.10191946476697922
3786640,0.10970183461904526
3786704,0.12028053402900696
3789488,0.13325904309749603
3792272,0.09333968907594681
3793008,0.1237047091126442
3793200,0.12060756236314774
3793888,0.12412557005882263
3795936,0.1169470027089119
3796288,0.12228970229625702
3796640,0.12144335359334946
3797408,0.1266876608133316
3798768,0.11999976634979248
3799120,0.10675816237926483
3800624,0.12573157250881195
3800816,0.11384221911430359
3802416,0.12520308792591095
3802992,0.12050614506006241
3803104,0.10953287780284882
3804800,0.12348635494709015
3806480,0.12043187022209167
3807136,0.08682568371295929
3807920,0.12107681483030319
3809680,0.11799030750989914
3810416,0.11882606148719788
3810656,0.12724022567272186
3811472,0.12270102649927139
3813168,0.12589584290981293
3813952,0.12871509790420532
3814320,0.12094267457723618
3814448,0.12110339105129242
3814992,0.12257971614599228
3817424,0.12232302129268646
3818048,0.12548956274986267
3818176,0.12407446652650833
3818272,0.12657785415649414
3820416,0.12650083005428314
3820464,0.1158764511346817
3821424,0.12229190766811371
3823376,0.12664802372455597
3823616,0.12858372926712036
3824016,0.07079200446605682
3824240,0.1000649705529213
3825024,0.11971799284219742
3825040,0.11487726122140884
3825664,0.11980482935905457
3826144,0.11267779022455215
3826448,0.12228591740131378
3827760,0.12166514247655869
3830736,0.11829410493373871
3833488,0.12384762614965439
3833616,0.12036312371492386
3833840,0.11999638378620148
3834048,0.12143633514642715
3834064,0.12071143090724945
3834592,0.11176201701164246
3835184,0.09629960358142853
3835552,0.1232881247997284
3835680,0.12037083506584167
3837616,0.12479274719953537
3838448,0.12357674539089203
3840416,0.11994308233261108
3842912,0.11671864986419678
3843920,0.12602265179157257
3844368,0.12749889492988586
3845200,0.12611427903175354
3846000,0.125413715839386
3846160,0.1255769431591034
3848752,0.12305301427841187
3849664,0.12422648072242737
3850272,0.0853888988494873
3851520,0.12038915604352951
3852304,0.12610411643981934
3853216,0.12131986021995544
3853280,0.12138723582029343
3853968,0.12114958465099335
3854416,0.12759630382061005
3854992,0.13251623511314392
3855888,0.12250154465436935
3856048,0.11903271079063416
3856848,0.12122180312871933
3857264,0.12677685916423798
3859168,0.12257490307092667
3860128,0.11936859786510468
3860448,0.12080622464418411
3863776,0.12282539159059525
3863936,0.1251874417066574
3865760,0.12151405960321426
3865856,0.0932980328798294
3867040,0.12380318343639374
3867568,0.11873290687799454
3870000,0.12452944368124008
3870752,0.12128401547670364
3871456,0.13484805822372437
3873024,0.1198873370885849
3873568,0.12649884819984436
3874240,0.12380224466323853
3876304,0.12315807491540909
3877120,0.12220063805580139
3879664,0.12215759605169296
3880144,0.11927841603755951
3882224,0.1241099163889885
3883184,0.12609976530075073
3884336,0.12263421714305878
3885536,0.12516197562217712
3885824,0.1250048726797104
3886752,0.12209977954626083
3887376,0.1177317351102829
3889824,0.12412694096565247
3891024,0.11682195216417313
3892192,0.08656294643878937
3895728,0.12505017220973969
3897200,0.12470968067646027
3898112,0.12296164035797119
3899312,0.1291567087173462
3901008,0.12246142327785492
3901296,0.1248493492603302
3901744,0.11708743870258331
3901968,0.12297198921442032
3902832,0.12800917029380798
3903840,0.1264672875404358
3905264,0.1277657002210617
3905328,0.12278477847576141
3906400,0.12212304025888443
3907920,0.12982335686683655
3909264,0.1272762268781662
3910368,0.12663787603378296
3911680,0.12316642701625824
3912768,0.12581370770931244
3914912,0.12272076308727264
3915696,0.12734264135360718
3916048,0.122904933989048
3916064,0.11982757598161697
3917056,0.12502138316631317
3918432,0.1238495334982872
3919984,0.12579426169395447
3923184,0.1157911941409111
3923456,0.124472975730896
3923488,0.12578123807907104
3923904,0.1155153438448906
3924320,0.1263115257024765
3925520,0.11731749027967453
3926720,0.11966349184513092
3929680,0.11928019672632217
3931360,0.12769103050231934
3931984,0.12282980978488922
3933904,0.1256254017353058
3934608,0.1222974881529808
3935552,0.12251964211463928
3939552,0.1282040774822235
3940976,0.12560506165027618
3943936,0.12338481843471527
3947616,0.120086669921875
3948112,0.11459317803382874
3948224,0.12393186241388321
3948352,0.1185174211859703
3949312,0.11906424909830093
3951040,0.12719938158988953
3951616,0.12939845025539398
3951664,0.12515020370483398
3951776,0.12414224445819855
3953680,0.09482559561729431
3954592,0.1264064610004425
3954784,0.12238530069589615
3956944,0.11858692020177841
3958192,0.12344267219305038
3959552,0.11795920878648758
3962112,0.12053750455379486
3963440,0.12295164912939072
3963728,0.11598039418458939
3965376,0.10749100893735886
3965984,0.12276411801576614
3966384,0.12417566776275635
3968320,0.10318919271230698
3969968,0.11366719007492065
3970000,0.12307436019182205
3973744,0.12094371020793915
3973824,0.12461001425981522
3975456,0.1283397376537323
3975920,0.12706290185451508
3977072,0.126651331782341
3977152,0.11867821216583252
3977360,0.12190769612789154
3977792,0.11996858566999435
3978432,0.12143958359956741
3978608,0.12685218453407288
3979088,0.12179804593324661
3979904,0.12104461342096329
3980640,0.12274976819753647
3981184,0.12388984858989716
3981360,0.12593239545822144
3981472,0.1140872985124588
3982544,0.1214161291718483
3984256,0.1263372153043747
3987840,0.12448128312826157
3988368,0.12343773990869522
3988432,0.12255395203828812
3988672,0.1314058154821396
3989824,0.1164642870426178
3992112,0.1090048998594284
3992304,0.11806312203407288
3993632,0.10169441998004913
3994928,0.12245573103427887
3995024,0.12056577205657959
3995520,0.12317168712615967
3996592,0.10928480327129364
3997648,0.12283945828676224
4000096,0.12791933119297028
4000208,0.12278315424919128
4001184,0.12659145891666412
4002080,0.11862239241600037
4002432,0.11695364117622375
4002672,0.11343176662921906
4004400,0.12348615378141403
4005616,0.12383154034614563
4005984,0.12532581388950348
4006048,0.12378015369176865
4006240,0.12325327843427658
4008320,0.11554785817861557
4009648,0.1280766874551773
4010016,0.11963596940040588
4010640,0.12543122470378876
4011856,0.12949277460575104
4013216,0.12090426683425903
4015216,0.1263786256313324
4015584,0.11513121426105499
4016240,0.12129832804203033
4016544,0.1186874583363533
4018944,0.11131918430328369
4020160,0.12200789898633957
4020208,0.1231091171503067
4022592,0.12257356941699982
4023120,0.11054175347089767
4025984,0.12051413953304291
4027920,0.12523946166038513
4029600,0.12219111621379852
4030688,0.12399608641862869
4033984,0.12464720755815506
4036704,0.12511788308620453
4037552,0.12565559148788452
4038800,0.12361013144254684
4039488,0.11480669677257538
4040416,0.12276176363229752
4041184,0.10725090652704239
4041392,0.1190870925784111
4044944,0.12350500375032425
4048304,0.12319193035364151
4048608,0.1274278610944748
4051840,0.11946351826190948
4051920,0.12214236706495285
4052272,0.11828731745481491
4052944,0.10549922287464142
4057504,0.10622499883174896
4057872,0.10744223743677139
4058832,0.11868320405483246
4059328,0.12897783517837524
4059744,0.12032069265842438
4063184,0.12700411677360535
4063664,0.11675448715686798
4066032,0.1280897557735443
4066384,0.08720477670431137
4070064,0.12465012818574905
4072336,0.11171431094408035
4073472,0.11653989553451538
4075392,0.11822805553674698
4075840,0.10904662311077118
4076224,0.11589272320270538
4077552,0.10372044891119003
4078880,0.12577971816062927
4081712,0.12209314107894897
4082464,0.12123694270849228
4083408,0.12466456741094589
4084000,0.11224775016307831
4085616,0.12653705477714539
4086528,0.11094410717487335
4087648,0.11753347516059875
4087984,0.13043279945850372
4088144,0.12048079818487167
4089520,0.1262170374393463
4090736,0.12890586256980896
4090992,0.1210399866104126
4091904,0.12088906764984131
4093440,0.11660932749509811
4094752,0.12486971914768219
4095120,0.12511813640594482
4097632,0.1118849515914917
4097984,0.11966440081596375
4098592,0.1274634450674057
4099184,0.0921916589140892
4099536,0.11675448715686798
4100400,0.12384553253650665
4100928,0.12521390616893768
4101664,0.1220368817448616
4102160,0.12511934340000153
4102176,0.11848945170640945
4102240,0.11747259646654129
4103104,0.12492339313030243
4104448,0.12413730472326279
4104800,0.11671245098114014
4105120,0.11294236779212952
4106352,0.1238698661327362
4109504,0.12878777086734772
4114688,0.11707351356744766
4116768,0.12006614357233047
4117216,0.12935014069080353
4119216,0.12539812922477722
4121040,0.11772157996892929
4121152,0.12378591299057007
4121536,0.1209627166390419
4125376,0.12247629463672638
4126176,0.11607880890369415
4126816,0.07966024428606033
4127328,0.12463418394327164
4127888,0.12299911677837372
4128880,0.12389706820249557
4129296,0.12901759147644043
4130416,0.13298086822032928
4130592,0.12350067496299744
4131360,0.10479869693517685
4131728,0.10891428589820862
4131936,0.12657973170280457
4132240,0.12624002993106842
4134880,0.12251607328653336
4135008,0.1235235333442688
4140128,0.1302020251750946
4144960,0.12261093407869339
4146272,0.12863531708717346
4148288,0.1293865442276001
4148480,0.12761235237121582
4148544,0.12709197402000427
4152928,0.12233935296535492
4153600,0.1236751601099968
4155936,0.12719176709651947
4156160,0.1221066564321518
4156704,0.12463492900133133
4159296,0.11904250085353851
4160656,0.1271783858537674
4163952,0.12620270252227783
4167120,0.13016167283058167
4167696,0.1285286694765091
4170032,0.1149522066116333
4170128,0.11956512928009033
4170608,0.12362360209226608
4171168,0.11661166697740555
4173648,0.1181555688381195
4175840,0.09366652369499207
4176656,0.12238512188196182
4177376,0.12606164813041687
4177680,0.1297231763601303
4179392,0.1251392811536789
4180880,0.12488869577646255
4184480,0.1248493641614914
4185104,0.12053544819355011
4185360,0.12351780384778976
4187984,0.11648550629615784
4188352,0.11957921087741852
4189632,0.12666378915309906
4190912,0.1243647038936615
4191520,0.11953198909759521
4191936,0.12192392349243164
4192208,0.1199338361620903
4194944,0.12969443202018738
4195872,0.12439058721065521
4199152,0.12788285315036774
4201360,0.11854568868875504
4202976,0.12582360208034515
4205568,0.12691770493984222
4205936,0.12554849684238434
4207264,0.11864420026540756
4208352,0.12127769738435745
4208704,0.12784311175346375
4209024,0.12250342965126038
4209072,0.13046972453594208
4210896,0.12674863636493683
4210944,0.12358909845352173
4213648,0.11993381381034851
4214624,0.1018153503537178
4215600,0.11397857964038849
4216096,0.12180335074663162
4216672,0.12006723880767822
4217168,0.12818868458271027
4218048,0.1219554916024208
4220880,0.12644977867603302
4221584,0.12971414625644684
4225072,0.12342177331447601
4226352,0.12329133599996567
4227648,0.11590489000082016
4230896,0.12211653590202332
4231520,0.12687835097312927
4231600,0.1265585720539093
4233760,0.12072569876909256
4236176,0.12502682209014893
4238816,0.12455598264932632
4239344,0.12092475593090057
4240512,0.12847602367401123
4241824,0.11960502713918686
4242736,0.12562040984630585
4243328,0.12270355224609375
4244112,0.1221361830830574
4244800,0.12819792330265045
4244912,0.115763820707798
4245264,0.12054356932640076
4245824,0.12385697662830353
4246592,0.11878333240747452
4247392,0.11423920840024948
4248448,0.1281856745481491
4254768,0.12554116547107697
4255888,0.12214644253253937
4257360,0.11377457529306412
4257696,0.12547972798347473
4260064,0.12392669916152954
4260176,0.1254294216632843
4262656,0.10902240127325058
4263696,0.12544643878936768
4264784,0.12451467663049698
4268512,0.13047300279140472
4269920,0.1242680624127388
4270016,0.12711642682552338
4270480,0.12717923521995544
4271136,0.13042578101158142
4272016,0.13074156641960144
4272528,0.13137486577033997
4273328,0.11799328774213791
4276880,0.12762877345085144
4277008,0.12637898325920105
4277104,0.1298953890800476
4277488,0.123796746134758
4278384,0.12612585723400116
4282736,0.11351683735847473
4285440,0.12655174732208252
4286256,0.12908798456192017
4286416,0.09857997298240662
4286544,0.1261347532272339
4287824,0.11589854955673218
4288400,0.1211651936173439
4289024,0.13183638453483582
4289488,0.12829184532165527
4292096,0.11745037883520126
4292624,0.12316379696130753
4292768,0.12518125772476196
4293216,0.12448801845312119
4294864,0.12328237295150757
4296672,0.12522634863853455
4296704,0.12928298115730286
4297936,0.12542724609375
4298368,0.13080963492393494
4299216,0.12870705127716064
4299408,0.12665672600269318
4299904,0.12565147876739502
4300256,0.12947288155555725
4300848,0.1176191046833992
4302128,0.12104015797376633
4302832,0.11716113984584808
4303872,0.12242399156093597
4307984,0.12303949892520905
4308928,0.12406208366155624
4313600,0.12325998395681381
4314720,0.12480033934116364
4315312,0.12173253297805786
4316496,0.1221616119146347
4317120,0.13047340512275696
4318912,0.12566827237606049
4319504,0.126642107963562
4320000,0.1296861320734024
4322976,0.12800449132919312
4323376,0.0742417648434639
4323568,0.12368442118167877
4325728,0.12665587663650513
4326496,0.12900309264659882
4327024,0.12047570943832397
4327120,0.12460784614086151
4328272,0.1287345439195633
4328416,0.12026595324277878
4331168,0.11592565476894379
4331808,0.12819595634937286
4333184,0.12686532735824585
4333712,0.12529726326465607
4333856,0.12255650758743286
4335008,0.12322551757097244
4335488,0.12854699790477753
4336736,0.12214811146259308
4337664,0.12321482598781586
4338272,0.12207735329866409
4340240,0.12403971701860428
4341168,0.11051075160503387
4341936,0.12666767835617065
4342544,0.1291980892419815
4343488,0.12007870525121689
4344784,0.12698599696159363
4345792,0.12575151026248932
4349248,0.12016460299491882
4350832,0.1289118230342865
4351584,0.10928073525428772
4352880,0.1227412223815918
4354944,0.12713570892810822
4355312,0.12833714485168457
4356032,0.11952116340398788
4356864,0.12807169556617737
4357632,0.12600097060203552
4358784,0.12432502955198288
4358864,0.12106602638959885
4358896,0.12438718974590302
4359744,0.1234012022614479
4361520,0.11704323440790176
4363152,0.12324263155460358
4365088,0.11975215375423431
4365936,0.12000294774770737
4365968,0.12164443731307983
4366080,0.129071444272995
4366128,0.12422638386487961
4368032,0.11991848796606064
4369136,0.12126386910676956
4369440,0.12954023480415344
4369520,0.12779733538627625
4369632,0.1231844499707222
4369840,0.12554340064525604
4370288,0.12421716004610062
4370704,0.11589410156011581
4372960,0.09791769832372665
4373152,0.1279093325138092
4375536,0.12609165906906128
4376752,0.11913018673658371
4377392,0.13070231676101685
4378720,0.12162254005670547
4380256,0.12965364754199982
4381760,0.12846042215824127
4384576,0.10121087729930878
4385296,0.12429629266262054
4386768,0.12080972641706467
4387152,0.12351925671100616
4387520,0.12302394956350327
4387792,0.1280452162027359
4387840,0.12868976593017578
4390848,0.11236166208982468
4390880,0.126380056142807
4391376,0.12720108032226562
4392448,0.123456209897995
4393472,0.1222408339381218
4397424,0.13090009987354279
4399680,0.10434383153915405
4400208,0.12927959859371185
4402064,0.12454824894666672
4404080,0.1205928772687912
4404896,0.12979726493358612
4405552,0.12422094494104385
4406416,0.12411312013864517
4406880,0.12242602556943893
4409152,0.12610533833503723
4409552,0.12180252373218536
4413088,0.1219373568892479
4413536,0.1210671067237854
4414848,0.12219793349504471
4418800,0.11725292354822159
4420144,0.12495975196361542
4422096,0.1250215321779251
4422416,0.11387687921524048
4423168,0.12003152817487717
4423344,0.12000081688165665
4423376,0.1246756836771965
4423712,0.11520639061927795
4424256,0.12041758745908737
4425872,0.12829330563545227
4425936,0.12390971928834915
4427088,0.11900970339775085
4427808,0.12529155611991882
4428224,0.11938031762838364
4428464,0.128572478890419
4429024,0.12450307607650757
4429904,0.12577001750469208
4430400,0.12294302135705948
4430880,0.12529700994491577
4432864,0.12622931599617004
4433440,0.12733551859855652
4434416,0.12587252259254456
4435712,0.12021799385547638
4436096,0.12676911056041718
4436432,0.12141750007867813
4436992,0.12693221867084503
4437632,0.12754589319229126
4437648,0.12795597314834595
4439056,0.11623815447092056
4440224,0.12680992484092712
4441392,0.13117800652980804
4441536,0.12493625283241272
4442080,0.12422071397304535
4442912,0.12422387301921844
4444304,0.11555216461420059
4444976,0.12540912628173828
4444992,0.12017132341861725
4445040,0.12863534688949585
4445808,0.12392081320285797
4446416,0.12652434408664703
4447920,0.12201712280511856
4449952,0.12581980228424072
4451040,0.12626713514328003
4451296,0.11907332390546799
4452240,0.11888371407985687
4458432,0.12228240817785263
4460064,0.12298507988452911
4462496,0.12348135560750961
4464816,0.1130828708410263
4468640,0.12701056897640228
4469312,0.12417050451040268
4469808,0.11259207874536514
4470992,0.12385962158441544
4471584,0.12574684619903564
4472496,0.1248355284333229
4472512,0.10535509139299393
4472672,0.09791058301925659
4473008,0.12198617309331894
4473024,0.12555170059204102
4476528,0.1231229230761528
4476720,0.12280873209238052
4479616,0.12093167752027512
4483360,0.121118925511837
4483520,0.12232638150453568
4483728,0.11868017166852951
4484304,0.1225309893488884
4487184,0.12198083102703094
4487440,0.0995204895734787
4490592,0.1276199370622635
4490784,0.10982190072536469
4493712,0.12501521408557892
4494464,0.12348634749650955
4494848,0.12112375348806381
4495840,0.12603086233139038
4496704,0.11154341697692871
4496832,0.10993063449859619
4498048,0.12705785036087036
4498544,0.11565717309713364
4499216,0.1241578459739685
4500416,0.12036175280809402
4501760,0.11694927513599396
4502064,0.12069549411535263
4504384,0.11664451658725739
4506768,0.12403257191181183
4507664,0.12486971914768219
4507856,0.1265924721956253
4508992,0.11917290091514587
4510496,0.12879718840122223
4511216,0.11551908403635025
4511232,0.12715083360671997
4512656,0.11727336794137955
4517680,0.12735915184020996
4518320,0.12230158597230911
4519024,0.12707000970840454
4523680,0.11914978176355362
4524816,0.1207125261425972
4525104,0.12407347559928894
4525376,0.1252673864364624
4525440,0.11841222643852234
4527344,0.12411989271640778
4528992,0.1258338838815689
4529040,0.11624999344348907
4530784,0.12234798073768616
4530880,0.12365233153104782
4531296,0.12937916815280914
4531712,0.12603998184204102
4532560,0.1237010732293129
4532992,0.1213030144572258
4534352,0.12393003702163696
4536080,0.11922253668308258
4539440,0.12311776727437973
4539600,0.12943316996097565
4539632,0.12655390799045563
4540896,0.12360373139381409
4541984,0.12123125046491623
4544400,0.12622475624084473
4545056,0.12776491045951843
4546752,0.12707948684692383
4547168,0.12677334249019623
4548624,0.12421828508377075
4549152,0.12616842985153198
4549440,0.12522761523723602
4550352,0.12569613754749298
4550368,0.1274658441543579
4550432,0.12680892646312714
4551456,0.12442493438720703
4551648,0.1253126561641693
4552704,0.1296876221895218
4553008,0.13053615391254425
4553472,0.11925847083330154
4553872,0.12150271236896515
4553920,0.12696492671966553
4554448,0.12322800606489182
4555248,0.12648651003837585
4555968,0.11922544240951538
4556304,0.12235073745250702
4557104,0.11428067833185196
4557264,0.12368781864643097
4557472,0.12295883148908615
4557904,0.10876806825399399
4558992,0.12903925776481628
4561008,0.12718212604522705
4561600,0.12469007819890976
4562176,0.12467994540929794
4564944,0.12303181737661362
4566688,0.12745745480060577
4566896,0.12279628217220306
4567056,0.12005139142274857
4568528,0.12354584038257599
4568560,0.11568441241979599
4569296,0.12424105405807495
4570016,0.1218177080154419
4572112,0.11752305179834366
4573824,0.12506994605064392
4574160,0.1273534595966339
4575664,0.12122749537229538
4576480,0.12628339231014252
4577152,0.11684608459472656
4579024,0.11919701844453812
4582432,0.11976469308137894
4583616,0.11901255697011948
4584432,0.12899748980998993
4585552,0.12680180370807648
4585984,0.12283612042665482
4586208,0.1225205808877945
4588288,0.11161305755376816
4589744,0.12616564333438873
4589824,0.11890588700771332
4589968,0.12749314308166504
4590080,0.12245839089155197
4590704,0.12243463099002838
4591776,0.1241767406463623
4592416,0.11594356596469879
4592608,0.12380754202604294
4592928,0.12437936663627625
4593456,0.12289834767580032
4594976,0.13025684654712677
4595360,0.12575675547122955
4597072,0.12072847038507462
4597216,0.12441830337047577
4599424,0.1248103454709053
4600784,0.12479375302791595
4601312,0.11985519528388977
4602048,0.12479051947593689
4605712,0.12271171808242798
4606544,0.12380249798297882
4610112,0.12524525821208954
4611216,0.1226058378815651
4611328,0.11359718441963196
4611408,0.12709979712963104
4611952,0.13010960817337036
4612112,0.10970906168222427
4613584,0.12620289623737335
4614784,0.12606067955493927
4614832,0.12541495263576508
4614896,0.12646014988422394
4617184,0.13043886423110962
4617440,0.11993707716464996
4617600,0.12685981392860413
4618336,0.1207982748746872
4618368,0.12859666347503662
4618944,0.13002614676952362
4620992,0.1235676109790802
4621856,0.12377046793699265
4624144,0.1254889965057373
4624304,0.1276627629995346
4624560,0.12590523064136505
4626384,0.12583675980567932
4627952,0.12321127951145172
4629184,0.12285857647657394
4630928,0.11965867877006531
4631680,0.12121032178401947
4632816,0.11661574989557266
4634608,0.12934379279613495
4634720,0.11679079383611679
4634848,0.12327375262975693
4635232,0.12793175876140594
4636512,0.12495119124650955
4637024,0.12397707253694534
4638784,0.12196440994739532
4638832,0.13066160678863525
4639968,0.12800662219524384
4640032,0.12522904574871063
4641872,0.12635557353496552
4644752,0.1292223334312439
4645968,0.12512055039405823
4647184,0.12191746383905411
4647680,0.11899256706237793
4648864,0.12260183691978455
4650336,0.12791679799556732
4650656,0.13136905431747437
4651808,0.12339666485786438
4652544,0.10997508466243744
4653920,0.11996766924858093
4655360,0.12455146014690399
4658224,0.1255093365907669
4658224,0.12410780042409897
4658992,0.12477530539035797
4659984,0.1210210919380188
4660736,0.12639926373958588
4661808,0.12251310050487518
4663008,0.12265855073928833
4663152,0.11584065854549408
4664352,0.1267193704843521
4664880,0.12669271230697632
4664896,0.10675002634525299
4668384,0.12308000773191452
4670736,0.12368743121623993
4674096,0.1250976324081421
4674304,0.12756502628326416
4676192,0.11552754044532776
4677312,0.09396790713071823
4679056,0.12620316445827484
4680640,0.0953759253025055
4682048,0.12292766571044922
4683376,0.12411602586507797
4684528,0.12434761971235275
4684848,0.12571348249912262
4685488,0.1264626532793045
4686960,0.12507383525371552
4689264,0.12173207104206085
4689968,0.12348838150501251
4693328,0.12206517159938812
4695072,0.13025261461734772
4695280,0.11951901018619537
4695520,0.12181419134140015
4702144,0.1255534589290619
4702448,0.1241314485669136
4703872,0.11476724594831467
4704672,0.11785458773374557
4705728,0.12183539569377899
4710688,0.12466951459646225
4711472,0.12142208963632584
4712176,0.1230219304561615
4714624,0.12487182766199112
4714688,0.11085213720798492
4714784,0.12394298613071442
4716320,0.12605011463165283
4718000,0.12421311438083649
4718192,0.1255882829427719
4718432,0.12478993088006973
4720176,0.11513740569353104
4720800,0.11776518076658249
4721728,0.12851321697235107
4722928,0.12081152945756912
4725312,0.1294236183166504
4725440,0.12370504438877106
4726736,0.1279691606760025
4727024,0.10853458940982819
4727248,0.11440126597881317
4727312,0.12038341164588928
4727680,0.11042991280555725
4728256,0.12705844640731812
4730304,0.1250300258398056
4731216,0.10096468776464462
4734352,0.1255301833152771
4734832,0.12526071071624756
4736080,0.12915398180484772
4736096,0.12434463948011398
4737392,0.1205667108297348
4738016,0.12122591584920883
4739472,0.1297646015882492
4739648,0.1312168538570404
4740256,0.12540769577026367
4740912,0.12577737867832184
4741280,0.1264897733926773
4743200,0.12617486715316772
4743520,0.1244906559586525
4743856,0.12374301999807358
4745152,0.12825952470302582
4747472,0.12779229879379272
4749376,0.12728750705718994
4750144,0.12460798025131226
4751984,0.128016397356987
4752560,0.12294960767030716
4755680,0.12455256283283234
4759888,0.12634433805942535
4760816,0.1255432367324829
4762096,0.12930180132389069
4762976,0.11862419545650482
4763328,0.12303336709737778
4763568,0.12511005997657776
4765360,0.1219797283411026
4766272,0.12822245061397552
4767056,0.11427213251590729
4768304,0.1283208131790161
4768928,0.12108475714921951
4769216,0.11891857534646988
4769216,0.12250228971242905
4773296,0.11501134932041168
4775520,0.12069793790578842
4776064,0.10803055018186569
4777248,0.12545494735240936
4777552,0.12148672342300415
4777568,0.1308370679616928
4779920,0.10397323966026306
4780592,0.11283119767904282
4781216,0.12465482205152512
4781328,0.1257263720035553
4783152,0.12773029506206512
4783440,0.12267794460058212
4783536,0.12344233691692352
4784832,0.12444743514060974
4785504,0.1260320395231247
4787072,0.1184338852763176
4787344,0.12496976554393768
4787600,0.066848024725914
4788000,0.12473573535680771
4788848,0.12124978750944138
4791168,0.12053617089986801
4791232,0.12307131290435791
4791328,0.12817108631134033
4792016,0.1257760226726532
4792064,0.11946255713701248
4792400,0.12505033612251282
4792608,0.12732458114624023
4795376,0.12950251996517181
4796640,0.11627086997032166
4796704,0.12255249172449112
4798400,0.12038451433181763
4802032,0.1264284998178482
4802704,0.12917479872703552
4804800,0.1278749704360962
4805648,0.12671461701393127
4805872,0.12214895337820053
4806000,0.1286901831626892
4806272,0.12519541382789612
4806560,0.12708264589309692
4807440,0.12534180283546448
4808176,0.12261568754911423
4808912,0.12175262719392776
4809200,0.12754586338996887
4809328,0.12527553737163544
4810096,0.12591062486171722
4811008,0.12540799379348755
4816768,0.1255258321762085
4817264,0.12428741157054901
4818144,0.1268397867679596
4819440,0.11474466323852539
4819632,0.12200860679149628
4819728,0.12906350195407867
4820320,0.12144988030195236
4822848,0.1178164929151535
4822912,0.11088790744543076
4822960,0.12518733739852905
4823168,0.12609589099884033
4824656,0.09502585977315903
4826016,0.12881715595722198
4828192,0.12771205604076385
4829536,0.12702612578868866
4829824,0.12881509959697723
4830000,0.12321806699037552
4833248,0.113493911921978
4833632,0.12341652810573578
4833920,0.12465445697307587
4834992,0.1212187185883522
4836064,0.12332645058631897
4837136,0.12598061561584473
4838576,0.12392009794712067
4839536,0.12405049800872803
4839536,0.1278669536113739
4840624,0.13236649334430695
4842080,0.1237025111913681
4844064,0.12517377734184265
4844448,0.12217733263969421
4844592,0.1209692656993866
4846000,0.12798908352851868
4846784,0.12712515890598297
4847408,0.12539374828338623
4847968,0.12801314890384674
4851072,0.1262608766555786
4851184,0.12325595319271088
4852480,0.12685726583003998
4852608,0.12811365723609924
4854976,0.12649159133434296
4858064,0.12541265785694122
4858336,0.12757523357868195
4861552,0.1262926161289215
4862176,0.1206338182091713
4863200,0.12670539319515228
4865136,0.12406272441148758
4865216,0.12554582953453064
4868816,0.10302397608757019
4869312,0.1274307519197464
4870208,0.12414934486150742
4870976,0.12650153040885925
4872336,0.1056576669216156
4872352,0.11889968812465668
4873728,0.13167725503444672
4876432,0.1296328455209732
4877344,0.12553367018699646
4877440,0.13021008670330048
4878128,0.12787429988384247
4879504,0.13001909852027893
4881696,0.1290859431028366
4883008,0.11870381236076355
4883072,0.12599684298038483
4886064,0.12901780009269714
4886640,0.1259845644235611
4890144,0.12545247375965118
4890736,0.11881256103515625
4891600,0.1247529685497284
4892720,0.1319480985403061
4893920,0.12281095236539841
4894496,0.12800081074237823
4899456,0.1305573284626007
4900864,0.12481530755758286
4900864,0.12192720919847488
4902144,0.10709019750356674
4902416,0.12123950570821762
4903088,0.12326527386903763
4903872,0.1227552518248558
4905200,0.11487503349781036
4905600,0.12419541925191879
4908720,0.1275128424167633
4909296,0.12434718757867813
4909424,0.12523449957370758
4912784,0.11489109694957733
4915024,0.12858735024929047
4916336,0.12541984021663666
4916720,0.1261100322008133
4917008,0.1164887547492981
4918576,0.1206454411149025
4919696,0.12580785155296326
4919776,0.12849995493888855
4920032,0.1257995367050171
4920624,0.11949200928211212
4921712,0.12380310148000717
4922672,0.12384381145238876
4924208,0.12925736606121063
4925296,0.11909841746091843
4926336,0.13133786618709564
4926880,0.1228523701429367
4926976,0.12007259577512741
4929264,0.12849806249141693
4929296,0.12468867003917694
4930608,0.12764224410057068
4932832,0.12461380660533905
4934160,0.12469766288995743
4934960,0.12424307316541672
4936336,0.13103003799915314
4936848,0.12972772121429443
4937504,0.13080480694770813
4937584,0.12845981121063232
4937792,0.12977950274944305
4937856,0.1300322711467743
4938480,0.1255999654531479
4938992,0.12594349682331085
4939888,0.13179560005664825
4940432,0.1272626519203186
4941088,0.1293005794286728
4942048,0.12942048907279968
4942880,0.1245684027671814
4944528,0.12540203332901
4946784,0.11694913357496262
4947312,0.1270810216665268
4947552,0.12544883787631989
4947824,0.11952264606952667
4948144,0.125453919172287
4948256,0.12890401482582092
4948784,0.12112924456596375
4950800,0.12721918523311615
4951872,0.12428253889083862
4954176,0.12424109131097794
4956272,0.12499036639928818
4956480,0.11086052656173706
4957344,0.12285616248846054
4958144,0.12606872618198395
4958432,0.1254863739013672
4959024,0.12763532996177673
4959760,0.13059332966804504
4960304,0.12183917313814163
4962272,0.12863971292972565
4963856,0.12441173940896988
4964224,0.12439821660518646
4965552,0.11673253029584885
4965840,0.12669982016086578
4966192,0.12791591882705688
4966608,0.12491880357265472
4967216,0.1265728920698166
4969056,0.12665393948554993
4969328,0.12394697964191437
4969872,0.12512090802192688
4970848,0.12574200332164764
4971808,0.12748293578624725
4972672,0.12528005242347717
4973344,0.12653736770153046
4975376,0.12554016709327698
4976208,0.1327093094587326
4980800,0.12500660121440887
4981216,0.11657275259494781
4985968,0.12677840888500214
4986400,0.12424072623252869
4986496,0.1273740828037262
4989424,0.1164456456899643
4989536,0.125286266207695
4990432,0.12457316368818283
4991104,0.12452592700719833
4991808,0.12313015758991241
4992048,0.1301579475402832
4992192,0.12263622134923935
4993024,0.12228673696517944
4993200,0.12131218612194061
4993968,0.12921741604804993
4994416,0.12807825207710266
4995744,0.12449422478675842
4996608,0.12702299654483795
4997168,0.12136229872703552
4997648,0.1273992657661438
4997936,0.13342638313770294
5000256,0.12689313292503357
5000768,0.12128989398479462
5001632,0.12201544642448425
5002768,0.12069018930196762
5006208,0.12875992059707642
5007440,0.12721623480319977
5008176,0.12468259036540985
5008480,0.1286812573671341
5008800,0.12924034893512726
5009728,0.12524786591529846
5010512,0.1262505054473877
5011392,0.12319523096084595
5012336,0.13011534512043
5012432,0.1272422820329666
5013632,0.12301599234342575
5016000,0.12820009887218475
5016000,0.13356941938400269
5017968,0.13017550110816956
5018912,0.1316540390253067
5019376,0.1270354986190796
5019632,0.12374252080917358
5020496,0.12675577402114868
5021376,0.12898051738739014
5021568,0.12246447801589966
5022560,0.11868354678153992
5024416,0.12841197848320007
5024912,0.12440788000822067
5024960,0.12370852380990982
5025104,0.1212327852845192
5025824,0.12771479785442352
5030224,0.13278828561306
5030272,0.12561871111392975
5032128,0.12757627665996552
5032544,0.12236585468053818
5033168,0.12448059022426605
5033216,0.12668755650520325
5033536,0.11791940778493881
5033728,0.13298539817333221
5035744,0.12635095417499542
5037312,0.13090433180332184
5037360,0.12034524232149124
5037904,0.12518465518951416
5039568,0.12986351549625397
5039568,0.12612010538578033
5044896,0.10620079189538956
5045136,0.11632408201694489
5048160,0.12415098398923874
5050768,0.11919930577278137
5050960,0.12225742638111115
5051440,0.12224217504262924
5052576,0.12952932715415955
5053776,0.1219727098941803
5054528,0.1267206072807312
5055728,0.12415280938148499
5055920,0.11954288184642792
5056160,0.12848477065563202
5057120,0.12253031134605408
5058112,0.12902365624904633
5058480,0.12264654785394669
5058800,0.12202929705381393
5058992,0.1269354224205017
5059104,0.11805109679698944
5059264,0.12617792189121246
5059696,0.12315059453248978
5060672,0.11856818199157715
5060880,0.1294925957918167
5061488,0.12293121963739395
5061984,0.12423481792211533
5062192,0.12377800792455673
5062304,0.12536996603012085
5062640,0.12409573793411255
5064192,0.12679366767406464
5064448,0.12660148739814758
5064992,0.12595154345035553
5065728,0.12871752679347992
5066176,0.13235576450824738
5068128,0.12576889991760254
5069312,0.12515553832054138
5069392,0.12907417118549347
5072928,0.125492662191391
5073120,0.12001819908618927
5073536,0.12079884856939316
5074784,0.12725651264190674
5076480,0.12312386929988861
5077184,0.12401113659143448
5080528,0.12908098101615906
5081024,0.1264415681362152
5087136,0.11852101236581802
5088304,0.12713700532913208
5090320,0.12414704263210297
5091408,0.1253831833600998
5095888,0.11221858859062195
5096064,0.12889184057712555
5097728,0.1274617463350296
5098336,0.12490692734718323
5099840,0.126802459359169
5100816,0.12485070526599884
5101616,0.12601546943187714
5103120,0.1246129646897316
5104272,0.12378808110952377
5104496,0.11778414249420166
5105024,0.1259859800338745
5105248,0.12207392603158951
5105440,0.129908949136734
5109600,0.12603501975536346
5111408,0.1278359591960907
5113728,0.12079841643571854
5114112,0.12693966925144196
5115664,0.12368132919073105
5118032,0.11927624046802521
5118352,0.07424473017454147
5118384,0.1148013100028038
5118464,0.1268986612558365
5118608,0.11639268696308136
5121360,0.1259344518184662
5121872,0.12653972208499908
5122736,0.12829504907131195
5122768,0.12673835456371307
5124480,0.12561778724193573
5128192,0.12263736128807068
5128672,0.12823154032230377
5129024,0.11889681965112686
5129200,0.10431836545467377
5130928,0.12589696049690247
5131712,0.12613138556480408
5132144,0.12813644111156464
5132304,0.12852522730827332
5132544,0.12496800720691681
5132752,0.12648481130599976
5133216,0.1065930724143982
5133472,0.12786711752414703
5133552,0.1271481215953827
5136160,0.12814666330814362
5136352,0.12352140247821808
5136768,0.1264469474554062
5138000,0.12951505184173584
5139344,0.12335257977247238
5140352,0.1207897886633873
5142736,0.11833696067333221
5143904,0.12351766973733902
5145120,0.1194063276052475
5145280,0.1272682547569275
5147456,0.11692854017019272
5147600,0.11608637869358063
5149200,0.11470387130975723
5149312,0.12307294458150864
5154624,0.11332005262374878
5155360,0.12729012966156006
5156528,0.11620926856994629
5160112,0.12649987637996674
5160720,0.1305312216281891
5161168,0.12536439299583435
5161344,0.12148331105709076
5161696,0.13137364387512207
5162864,0.1252155750989914
5164912,0.11359088867902756
5166624,0.12152574956417084
5167808,0.12760363519191742
5169968,0.10505620390176773
5170912,0.12945027649402618
5171056,0.12720036506652832
5172096,0.13347196578979492
5174592,0.12768769264221191
5175520,0.12950696051120758
5176304,0.10470765829086304
5178016,0.12404725700616837
5178192,0.126048743724823
5180240,0.1262424737215042
5182000,0.12635019421577454
5182880,0.1285158395767212
5188112,0.12411405146121979
5190080,0.1247219517827034
5191184,0.12357490509748459
5192400,0.1182962954044342
5195680,0.12891274690628052
5198640,0.12439694255590439
5198784,0.12763868272304535
5199248,0.1257294863462448
5199648,0.1252935826778412
5200816,0.0995861068367958
5200832,0.12600202858448029
5201936,0.12448945641517639
5202144,0.12653419375419617
5202240,0.1279383897781372
5202896,0.12765587866306305
5203200,0.12929600477218628
5203232,0.12196724116802216
5205776,0.12831801176071167
5206848,0.12835486233234406
5208928,0.1238970160484314
5209360,0.13028986752033234
5210032,0.11945614963769913
5210480,0.11373982578516006
5210640,0.12914156913757324
5211120,0.12245458364486694
5211728,0.12461326271295547
5213664,0.11477974057197571
5215216,0.12396876513957977
5215296,0.12656253576278687
5216016,0.12107949703931808
5217232,0.12630800902843475
5220848,0.12442154437303543
5222192,0.12692758440971375
5226288,0.13015107810497284
5226640,0.12981495261192322
5229328,0.1201174333691597
5229408,0.12124299257993698
5229920,0.11942826956510544
5230560,0.1231459230184555
5231344,0.1181512400507927
5232496,0.124430350959301
5232832,0.1262902170419693
5233504,0.12309956550598145
5234128,0.12584421038627625
5235456,0.12866374850273132
5236960,0.12402142584323883
5237120,0.12475191801786423
5237664,0.12803587317466736
5238784,0.12394384294748306
5238864,0.1276683658361435
5238896,0.12607441842556
5239936,0.13005973398685455
5240496,0.1242886483669281
5240656,0.12570632994174957
5241776,0.12563453614711761
5242336,0.12868818640708923
5242672,0.12751737236976624
5244368,0.1306537389755249
5244800,0.12921260297298431
5248256,0.11603957414627075
5248704,0.12156029045581818
5249024,0.11126678436994553
5249136,0.12227503210306168
5249568,0.1292703002691269
5252336,0.1286640614271164
5252608,0.12295732647180557
5253504,0.13112172484397888
5255216,0.12447135895490646
5255680,0.11691228300333023
5259360,0.13114595413208008
5261776,0.13229277729988098
5262944,0.1224883645772934
5264160,0.1279054433107376
5266080,0.11589508503675461
5269120,0.12776482105255127
5270496,0.12353525310754776
5272256,0.12340277433395386
5272688,0.1276121586561203
5273184,0.1275935024023056
5273504,0.12752850353717804
5273616,0.12935854494571686
5274832,0.12440529465675354
5274944,0.10489212721586227
5275408,0.1206265389919281
5275840,0.12376801669597626
5277200,0.12600485980510712
5277600,0.13117726147174835
5278352,0.12509742379188538
5279072,0.11974018812179565
5279408,0.12678948044776917
5282960,0.12216871976852417
5285008,0.13179732859134674
5285520,0.12084173411130905
5287008,0.12316356599330902
5288288,0.13114097714424133
5288800,0.10915183275938034
5290272,0.1234641745686531
5290480,0.11662154644727707
5294144,0.12708935141563416
5294704,0.1292833536863327
5298240,0.1252911388874054
5299744,0.12713566422462463
5300096,0.10940781235694885
5301440,0.12656629085540771
5301632,0.1236800029873848
5301712,0.12617385387420654
5302784,0.12669746577739716
5302864,0.12495119124650955
5302896,0.12923309206962585
5304688,0.1243499368429184
5305312,0.12532268464565277
5306336,0.11691012978553772
5306416,0.12677812576293945
5307344,0.13106456398963928
5310128,0.12412480264902115
5310896,0.12932944297790527
5313216,0.12429750710725784
5315536,0.12775428593158722
5315696,0.1287522315979004
5316960,0.12794865667819977
5319104,0.1189323291182518
5320528,0.12635083496570587
5321008,0.12480328232049942
5322800,0.12084056437015533
5324080,0.12764513492584229
5326656,0.12341254949569702
5327680,0.12412647902965546
5328320,0.12212367355823517
5328752,0.12373445183038712
5329712,0.1260508894920349
5330128,0.12874354422092438
5333008,0.12883862853050232
5333376,0.12820440530776978
5333856,0.11129320412874222
5334752,0.1302201747894287
5335776,0.10688301175832748
5337728,0.12240492552518845
5340640,0.11886860430240631
5341664,0.12969841063022614
5343920,0.12649321556091309
5344224,0.12537112832069397
5344272,0.12997926771640778
5344304,0.10246029496192932
5344416,0.12624295055866241
5344688,0.1271830052137375
5345600,0.12587109208106995
5347136,0.13124290108680725
5347392,0.12945900857448578
5347472,0.11248286813497543
5348512,0.12257872521877289
5352368,0.08635110408067703
5353872,0.1138148158788681
5354416,0.12530799210071564
5355536,0.12906484305858612
5356336,0.12203184515237808
5356624,0.10647645592689514
5358048,0.12716713547706604
5358144,0.12809181213378906
5358464,0.12237019091844559
5358736,0.13238473236560822
5359136,0.11047835648059845
5359872,0.1312541514635086
5362352,0.12311377376317978
5362624,0.1276433765888214
5363456,0.12965255975723267
5363872,0.1260930597782135
5364912,0.12906785309314728
5365264,0.12574732303619385
5366224,0.1281045377254486
5366720,0.12002643197774887
5371664,0.12407901883125305
5372384,0.12609413266181946
5373360,0.12490079551935196
5376912,0.12347330152988434
5376960,0.12163108587265015
5379504,0.1247551292181015
5380752,0.1241919994354248
5382448,0.12396018207073212
5383088,0.12283679097890854
5383920,0.12400135397911072
5386064,0.12630897760391235
5387568,0.12526345252990723
5387600,0.123652383685112
5389584,0.12318161129951477
5389840,0.12395497411489487
5391088,0.12462467700242996
5391216,0.12003355473279953
5391216,0.12560734152793884
5393136,0.12860077619552612
5393168,0.12346404790878296
5393408,0.12740153074264526
5398160,0.12404252588748932
5398496,0.12675809860229492
5400832,0.12491475045681
5401776,0.1164618656039238
5402208,0.12622562050819397
5403392,0.12087329477071762
5403408,0.12099191546440125
5404080,0.12497030943632126
5404576,0.0891728475689888
5406960,0.12108881026506424
5409328,0.12753790616989136
5411056,0.13058243691921234
5412736,0.12876397371292114
5414784,0.11854003369808197
5415712,0.12403405457735062
5415936,0.12345098704099655
5416432,0.1290108859539032
5416560,0.12601985037326813
5418368,0.1194910779595375
5419344,0.12805074453353882
5420016,0.12626835703849792
5424672,0.12161494046449661
5425296,0.11490498483181
5425552,0.12581385672092438
5425632,0.1274888962507248
5427392,0.11735553294420242
5427520,0.12845423817634583
5428256,0.1236124262213707
5429040,0.12657053768634796
5430640,0.12988202273845673
5430864,0.12946704030036926
5431840,0.12401658296585083
5433632,0.12653687596321106
5438960,0.12426820397377014
5439840,0.12774498760700226
5441184,0.12600433826446533
5441600,0.1271233856678009
5441648,0.13001158833503723
5443120,0.12941256165504456
5444304,0.12884114682674408
5445104,0.1277134120464325
5448560,0.12464803457260132
5449648,0.12584443390369415
5450512,0.1279643177986145
5451104,0.12666957080364227
5451200,0.12548218667507172
5452208,0.12574927508831024
5452352,0.1309499442577362
5454096,0.12784481048583984
5454160,0.12716902792453766
5455072,0.12978403270244598
5455152,0.12099795788526535
5455664,0.12412291020154953
5455696,0.12738047540187836
5458208,0.12278617918491364
5458544,0.12906257808208466
5458576,0.12706829607486725
5459232,0.12290016561746597
5460336,0.1071368008852005
5461248,0.11993555724620819
5461328,0.12631061673164368
5465344,0.12113454937934875
5468832,0.12355351448059082
5470080,0.12644238770008087
5472448,0.12758705019950867
5472464,0.12381096184253693
5474288,0.12662704288959503
5475888,0.11173117905855179
5476608,0.12753178179264069
5477168,0.11926642060279846
5477296,0.11302629858255386
5479744,0.12976285815238953
5480144,0.1233314573764801
5480704,0.12750400602817535
5480832,0.12389876693487167
5481360,0.12556467950344086
5482064,0.12739327549934387
5484256,0.1269160956144333
5484448,0.12202110141515732
5485600,0.12679097056388855
5487792,0.1324644237756729
5488096,0.12069627642631531
5488400,0.10390308499336243
5488480,0.12971726059913635
5489648,0.12858237326145172
5491696,0.1259283721446991
5493120,0.1197962611913681
5493136,0.12673696875572205
5494000,0.12229675054550171
5494976,0.12389659881591797
5495008,0.12282824516296387
5497408,0.12590061128139496
5498048,0.12527397274971008
5498832,0.12624502182006836
5500224,0.13022905588150024
5504800,0.1241716593503952
5505152,0.1261933296918869
5507568,0.12034773081541061
5511792,0.12590917944908142
5512496,0.113459013402462
5513056,0.10593605041503906
5515808,0.12728822231292725
5516528,0.12782348692417145
5517296,0.11470495909452438
5517760,0.12235016375780106
5518096,0.12261509150266647
5518256,0.12424485385417938
5519376,0.12356188893318176
5522640,0.12462129443883896
5522976,0.12272389978170395
5523200,0.12146374583244324
5523584,0.12195491045713425
5525392,0.12152200937271118
5526848,0.12221455574035645
5527872,0.12635929882526398
5528064,0.12796853482723236
5528592,0.12585079669952393
5528720,0.12663975358009338
5529296,0.12642383575439453
5531184,0.11371738463640213
5531472,0.12170916795730591
5534288,0.12838634848594666
5536080,0.12341136485338211
5537088,0.12160851806402206
5537344,0.11387854069471359
5537440,0.13041897118091583
5539152,0.1277661770582199
5539600,0.1271563023328781
5545568,0.1299002319574356
5546272,0.1243055984377861
5547152,0.1266755908727646
5548880,0.12433162331581116
5549120,0.12461446970701218
5550144,0.12523002922534943
5550272,0.12657779455184937
5551712,0.12776219844818115
5553824,0.12197001278400421
5556304,0.12734612822532654
5556928,0.12036817520856857
5557408,0.12807586789131165
5557520,0.12118452042341232
5557536,0.12776000797748566
5558576,0.12320576608181
5559504,0.13204896450042725
5559808,0.12797775864601135
5561184,0.12163710594177246
5564080,0.1283542960882187
5564528,0.12394256889820099
5567024,0.1215880811214447
5567360,0.12188547104597092
5568832,0.12691263854503632
5571632,0.12654677033424377
5571808,0.12223018705844879
5574064,0.11600244790315628
5577328,0.12463320791721344
5578976,0.12417970597743988
5579024,0.12346524000167847
5580000,0.12255435436964035
5580336,0.12594877183437347
5581152,0.13178089261054993
5581696,0.11883405596017838
5584496,0.12169885635375977
5584784,0.12228929996490479
5585296,0.1287597119808197
5585984,0.12970036268234253
5587360,0.12552635371685028
5587456,0.12433753907680511
5588464,0.11986130475997925
5588928,0.12835069000720978
5589712,0.12181436270475388
5593216,0.12374331802129745
5595056,0.13140611350536346
5598096,0.1266971081495285
5599536,0.1274881213903427
5600336,0.12760178744792938
5600400,0.12493551522493362
5601664,0.12649255990982056
5602224,0.12515458464622498
5602752,0.12886612117290497
5603840,0.12996767461299896
5603920,0.12450248003005981
5605152,0.13153651356697083
5605968,0.13016627728939056
5606656,0.12653565406799316
5606768,0.12222195416688919
5607488,0.12812483310699463
5608144,0.1303819715976715
5608800,0.11949585378170013
5609184,0.11619680374860764
5610000,0.12200095504522324
5611632,0.130019411444664
5612176,0.12455296516418457
5612480,0.1268567591905594
5613680,0.12879067659378052
5614112,0.1285557597875595
5615184,0.1225723996758461
5615760,0.12577062845230103
5619360,0.1266878843307495
5619648,0.12746082246303558
5622192,0.12760478258132935
5623280,0.1226913332939148
5624896,0.12519167363643646
5626416,0.12617209553718567
5627312,0.12415369600057602
5628448,0.1232130378484726
5628848,0.12806633114814758
5629024,0.12713491916656494
5630000,0.12615184485912323
5631536,0.1244029700756073
5631552,0.12594322860240936
5632864,0.12552717328071594
5636032,0.12426874786615372
5639488,0.12153486907482147
5641264,0.12723912298679352
5642304,0.12556192278862
5642816,0.12408532947301865
5643760,0.12247784435749054
5644032,0.12197841703891754
5644928,0.12078817188739777
5645312,0.12745627760887146
5645888,0.11305975168943405
5646784,0.11986660212278366
5647984,0.12671327590942383
5648288,0.12007676064968109
5649360,0.12741190195083618
5649968,0.129905566573143
5652960,0.12375873327255249
5655488,0.12475337088108063
5655744,0.12113465368747711
5656592,0.11971063911914825
5656640,0.12572628259658813
5658640,0.1262659728527069
5659056,0.12928061187267303
5659488,0.13167482614517212
5660688,0.12461297959089279
5663408,0.1243397668004036
5664208,0.12965594232082367
5664288,0.12098263949155807
5665552,0.12448171526193619
5667712,0.1287604421377182
5668160,0.12397758662700653
5669632,0.12879645824432373
5670000,0.12411097437143326
5670496,0.12961791455745697
5670992,0.12536384165287018
5671008,0.13035045564174652
5674624,0.12502875924110413
5674864,0.12629297375679016
5677152,0.11927489936351776
5678160,0.1191948875784874
5680336,0.13362649083137512
5683520,0.1285352259874344
5685360,0.10912370681762695
5687232,0.12688151001930237
5688288,0.12550462782382965
5688880,0.12506234645843506
5689616,0.12617401778697968
5690496,0.11967373639345169
5692528,0.12771499156951904
5692800,0.1270364373922348
5692832,0.12009382247924805
5694112,0.12663869559764862
5694688,0.12283116579055786
5695488,0.11891959607601166
5696464,0.1231415644288063
5698288,0.12422452867031097
5699984,0.12388037890195847
5701648,0.12742669880390167
5701856,0.09283756464719772
5702560,0.12975017726421356
5702608,0.12006384879350662
5703312,0.1257690042257309
5703520,0.12976974248886108
5703568,0.12233936041593552
5705008,0.1280689239501953
5705424,0.11467021703720093
5706128,0.12654756009578705
5709024,0.12329130619764328
5710592,0.131156787276268
5712880,0.11841001361608505
5713280,0.12409041821956635
5713712,0.13272704184055328
5716800,0.1270943135023117
5718416,0.12919296324253082
5719728,0.12733975052833557
5720400,0.12104406952857971
5721456,0.12998107075691223
5723232,0.12577557563781738
5724848,0.1251695603132248
5725584,0.1267406940460205
5726832,0.12646417319774628
5730416,0.12616649270057678
5730416,0.12477132678031921
5731136,0.12710371613502502
5731712,0.13046185672283173
5732176,0.12564635276794434
5732832,0.12344279140233994
5733888,0.11457820981740952
5736320,0.12881816923618317
5736880,0.1259188950061798
5737440,0.1286635398864746
5737648,0.12415983527898788
5738800,0.11999227851629257
5738928,0.12932230532169342
5741072,0.1280301958322525
5743568,0.12922997772693634
5743808,0.12900124490261078
5744512,0.11725617200136185
5745136,0.11189696192741394
5748480,0.1255027800798416
5748784,0.12228570133447647
5749808,0.13107232749462128
5750672,0.1271490901708603
5750944,0.12867121398448944
5751600,0.12940070033073425
5752368,0.12993009388446808
5753040,0.13407427072525024
5755200,0.12832079827785492
5755312,0.11912932991981506
5755536,0.1297636330127716
5758736,0.12304243445396423
5760240,0.1271541565656662
5760320,0.12663696706295013
5761248,0.1253657042980194
5761376,0.12809160351753235
5761648,0.12478553503751755
5762064,0.11992812901735306
5764112,0.12805518507957458
5765984,0.1240706667304039
5766160,0.1264512538909912
5769552,0.12603993713855743
5773360,0.1244276762008667
5774176,0.12749871611595154
5774448,0.12616600096225739
5775888,0.13230279088020325
5776800,0.12597419321537018
5779120,0.12926840782165527
5780448,0.12414578348398209
5781312,0.12299831956624985
5782672,0.13337035477161407
5782944,0.1308934986591339
5785184,0.12336130440235138
5785312,0.12679728865623474
5786064,0.11818499863147736
5786736,0.12720540165901184
5786816,0.12632693350315094
5787376,0.12662258744239807
5787680,0.130401611328125
5788464,0.12904134392738342
5788592,0.1269862949848175
5788864,0.12679168581962585
5791280,0.12821179628372192
5791968,0.12353987246751785
5792288,0.12734229862689972
5793184,0.12829242646694183
5795552,0.12863725423812866
5796784,0.1249808594584465
5797424,0.1275911033153534
5797488,0.12393227964639664
5797840,0.1239684522151947
5798224,0.1237054094672203
5799200,0.12487255781888962
5799696,0.13458602130413055
5801776,0.12539078295230865
5801808,0.12278654426336288
5802576,0.12362544983625412
5803952,0.12329265475273132
5805264,0.12587817013263702
5806368,0.12234317511320114
5809056,0.12446637451648712
5809344,0.12763239443302155
5809920,0.1262512058019638
5811024,0.13218796253204346
5811680,0.12751902639865875
5812464,0.13039396703243256
5812592,0.12060155719518661
5814800,0.12250449508428574
5815296,0.11990433931350708
5815648,0.13265590369701385
5816496,0.12075471878051758
5816880,0.12820567190647125
5817072,0.12564878165721893
5819632,0.12460772693157196
5819968,0.12350742518901825
5821840,0.12568822503089905
5822784,0.12078148126602173
5822832,0.12689824402332306
5823584,0.12677617371082306
5826880,0.12385843694210052
5827168,0.12534542381763458
5827280,0.11878079921007156
5827776,0.12155279517173767
5829520,0.12837716937065125
5829920,0.12699918448925018
5830240,0.12320568412542343
5831376,0.12814773619174957
5834016,0.12621787190437317
5836656,0.129653662443161
5836944,0.12620991468429565
5837424,0.1254689246416092
5838672,0.12342816591262817
5840560,0.12082609534263611
5840752,0.12410918623209
5840896,0.12364578247070312
5841168,0.12156280875205994
5842032,0.12279794365167618
5842224,0.12827572226524353
5843168,0.12789002060890198
5844288,0.1286977082490921
5844416,0.12656190991401672
5845792,0.12587465345859528
5846880,0.12784619629383087
5849408,0.10482263565063477
5851648,0.1297297328710556
5851888,0.1251230388879776
5854848,0.12409895658493042
5855168,0.12330717593431473
5855424,0.13160380721092224
5856368,0.1249324232339859
5858768,0.12685692310333252
5859888,0.12751363217830658
5862816,0.11826907843351364
5865008,0.13138826191425323
5865760,0.12650154531002045
5869296,0.12595392763614655
5869968,0.12353600561618805
5870432,0.12613216042518616
5872096,0.12517942488193512
5872640,0.12311307340860367
5873056,0.13253052532672882
5876448,0.12592867016792297
5876544,0.11568339169025421
5880064,0.12978604435920715
5880432,0.1251993030309677
5883440,0.12389881163835526
5883440,0.12756741046905518
5883664,0.1298869550228119
5886608,0.12145857512950897
5887296,0.12526944279670715
5887296,0.12288092076778412
5887440,0.12825767695903778
5888384,0.1254255771636963
5889760,0.11335128545761108
5890128,0.12914462387561798
5890896,0.12623026967048645
5891904,0.1253393143415451
5892752,0.12513381242752075
5895456,0.1287839412689209
5895584,0.1249406561255455
5896320,0.12656356394290924
5897088,0.1280418485403061
5898032,0.12391891330480576
5898064,0.12304629385471344
5899216,0.12052341550588608
5900560,0.13086755573749542
5900880,0.12424317002296448
5901328,0.1241341158747673
5901616,0.12714791297912598
5901984,0.1269562840461731
5904224,0.12373866140842438
5905584,0.12523294985294342
5907920,0.12446080148220062
5907984,0.1263035237789154
5908832,0.12830610573291779
5911568,0.12964904308319092
5912208,0.12468970566987991
5913440,0.12957367300987244
5914832,0.1322489082813263
5918432,0.12237734347581863
5918704,0.13099971413612366
5919312,0.12115583568811417
5919344,0.1268993467092514
5919376,0.12646135687828064
5919680,0.12563760578632355
5919808,0.12808087468147278
5922144,0.12419436872005463
5923216,0.1249457448720932
5925424,0.12927140295505524
5925712,0.1254657506942749
5925840,0.1280539333820343
5926432,0.12644095718860626
5934464,0.1271592229604721
5936800,0.12943455576896667
5937600,0.12570242583751678
5938432,0.12363225966691971
5938560,0.1223602220416069
5939552,0.1252136528491974
5940608,0.1227666363120079
5940688,0.1280641257762909
5942032,0.1303233504295349
5944176,0.12852245569229126
5946704,0.12757080793380737
5946752,0.1290721446275711
5947104,0.12289588153362274
5947648,0.1318613886833191
5947696,0.1279088258743286
5947872,0.13317780196666718
5949984,0.1271909773349762
5960560,0.1284952312707901
5961008,0.1254207044839859
5961120,0.1245916411280632
5963552,0.12813973426818848
5964400,0.1276610642671585
5964784,0.1221611350774765
5965392,0.12965013086795807
5969024,0.12908576428890228
5969936,0.1289585381746292
5971968,0.12564456462860107
5972992,0.1251181662082672
5974384,0.12724243104457855
5975104,0.13085870444774628
5975264,0.11687246710062027
5975776,0.13104601204395294
5977808,0.12682968378067017
5978320,0.13086354732513428
5979824,0.12623175978660583
5979920,0.12144136428833008
5980176,0.12831524014472961
5981888,0.13246788084506989
5982448,0.12531816959381104
5983440,0.12775692343711853
5985888,0.12148047238588333
5986512,0.12208899110555649
5986832,0.12305391579866409
5987152,0.13082940876483917
5987296,0.1304226815700531
5988352,0.13010425865650177
5988640,0.1299404352903366
5990384,0.1303674578666687
5990416,0.12743248045444489
5991344,0.12772323191165924
5993040,0.11959413439035416
5993328,0.1276981234550476
5994208,0.12717728316783905
5995376,0.1216011568903923
5995504,0.12605617940425873
5995792,0.12711751461029053
5997184,0.13053785264492035
5998352,0.1291736215353012
5998528,0.12708717584609985
5998736,0.12498868256807327
5999056,0.12536755204200745
6001040,0.12837813794612885
6002256,0.12030747532844543
6003648,0.12664249539375305
6005088,0.1217832863330841
6005088,0.12725333869457245
6005456,0.12528127431869507
6005696,0.11929837614297867
6008576,0.12214822322130203
6009056,0.12218650430440903
6009152,0.1289793998003006
6011376,0.11976194381713867
6011824,0.12683996558189392
6012720,0.12557841837406158
6015376,0.12308758497238159
6016896,0.13070352375507355
6018096,0.11285173147916794
6018144,0.12232411652803421
6019760,0.12962427735328674
6021984,0.12296970933675766
6025072,0.13148799538612366
6025232,0.12730582058429718
6025776,0.12609075009822845
6027248,0.1259027123451233
6029216,0.13009466230869293
6032400,0.12992599606513977
6032400,0.12400467693805695
6032800,0.12833498418331146
6033120,0.1257820874452591
6034128,0.12882183492183685
6037664,0.11944311112165451
6037696,0.12860023975372314
6039552,0.12910416722297668
6039664,0.1255158632993698
6044880,0.12509794533252716
6045280,0.1297629028558731
6046448,0.12841525673866272
6046592,0.12787732481956482
6046832,0.12363538146018982
6047088,0.1268223524093628
6050000,0.12842482328414917
6050656,0.12389077991247177
6050752,0.13130734860897064
6050800,0.13087902963161469
6051008,0.12189958244562149
6051072,0.13035160303115845
6052016,0.12073514610528946
6053600,0.12878873944282532
6054160,0.12303870916366577
6054336,0.12812861800193787
6054672,0.12211132794618607
6055504,0.12914171814918518
6055600,0.13028715550899506
6055904,0.12333154678344727
6056576,0.11004602164030075
6057792,0.12869927287101746
6057872,0.12719634175300598
6058240,0.12860742211341858
6060688,0.115101657807827
6060688,0.12506045401096344
6061360,0.12801983952522278
6061728,0.13064265251159668
6062592,0.12199902534484863
6062624,0.1272871345281601
6064224,0.126787930727005
6064432,0.12254607677459717
6064880,0.13013094663619995
6065264,0.11615653336048126
6067856,0.12113352119922638
6068688,0.12411384284496307
6070176,0.12869876623153687
6071536,0.12644918262958527
6074096,0.13146954774856567
6075616,0.12860530614852905
6076048,0.13354255259037018
6077216,0.12725849449634552
6079008,0.13035912811756134
6079040,0.1278022825717926
6079184,0.12391172349452972
6082544,0.13160161674022675
6082976,0.12153873592615128
6083360,0.12405524402856827
6084400,0.1304052472114563
6086320,0.12946273386478424
6090496,0.13206474483013153
6091520,0.13153424859046936
6092400,0.11774174869060516
6092864,0.1272977739572525
6093408,0.1294519603252411
6094016,0.12631051242351532
6095392,0.12676675617694855
6095952,0.12505245208740234
6099424,0.12980738282203674
6100080,0.12590834498405457
6100544,0.12972280383110046
6102240,0.1316397488117218
6105120,0.12437719851732254
6106704,0.12577110528945923
6107168,0.1276913434267044
6109648,0.12691247463226318
6110704,0.12054520100355148
6111584,0.12915821373462677
6112992,0.12119008600711823
6113552,0.12036502361297607
6113776,0.12141849100589752
6113776,0.1287933588027954
6114768,0.12694363296031952
6114912,0.11395303905010223
6117360,0.11871252954006195
6117952,0.1258053183555603
6118336,0.12816250324249268
6118496,0.12647664546966553
6118512,0.12773184478282928
6118720,0.12766656279563904
6121136,0.12454033643007278
6121392,0.127984881401062
6121792,0.12666627764701843
6124144,0.12680532038211823
6125872,0.1295451521873474
6127472,0.1205771192908287
6127728,0.12185715138912201
6130768,0.12813052535057068
6135072,0.12712422013282776
6135136,0.1262543648481369
6136320,0.1282615065574646
6139568,0.12898775935173035
6140752,0.12293514609336853
6141472,0.12895667552947998
6142112,0.1266927719116211
6142224,0.13065461814403534
6142448,0.12429957836866379
6142928,0.12746284902095795
6143408,0.12904246151447296
6145840,0.12477052211761475
6145920,0.1324683427810669
6146672,0.08961660414934158
6148368,0.12342014163732529
6149312,0.12069907784461975
6150528,0.12494843453168869
6152208,0.1152942106127739
6153264,0.13025814294815063
6153632,0.12275069952011108
6155984,0.11627351492643356
6158576,0.12587568163871765
6159136,0.12668316066265106
6160032,0.10347728431224823
6163504,0.12009351700544357
6164416,0.12732771039009094
6164896,0.1241057962179184
6166208,0.1273496001958847
6166544,0.12685413658618927
6167168,0.12787359952926636
6167200,0.1272336095571518
6168304,0.13143564760684967
6170080,0.12634263932704926
6170432,0.11910783499479294
6170848,0.11878641694784164
6174448,0.1302211731672287
6174688,0.12807217240333557
6176832,0.1260412186384201
6181168,0.12728071212768555
6181216,0.12497871369123459
6181440,0.12266724556684494
6182352,0.12351475656032562
6183904,0.1273108720779419
6184736,0.12569831311702728
6185008,0.12905065715312958
6185264,0.11523561924695969
6185328,0.1279352456331253
6187056,0.10732320696115494
6187456,0.12812578678131104
6188256,0.13034389913082123
6189696,0.12702563405036926
6189952,0.12171085923910141
6191376,0.10514359921216965
6191488,0.12286694347858429
6193264,0.1268901228904724
6194896,0.12932147085666656
6194976,0.11255700141191483
6198496,0.128164142370224
6201968,0.10982540249824524
6202704,0.1250256896018982
6202864,0.1294734627008438
6203408,0.12752528488636017
6203776,0.12858468294143677
6204288,0.1260782778263092
6209456,0.11224709451198578
6210560,0.12116573750972748
6212320,0.12009592354297638
6212784,0.12734299898147583
6214032,0.12727487087249756
6214464,0.11848018318414688
6217520,0.1264941692352295
6217584,0.12261350452899933
6218176,0.1206231489777565
6219952,0.12960326671600342
6221120,0.12548819184303284
6224592,0.12768223881721497
6225360,0.12475636601448059
6226656,0.12857647240161896
6227840,0.12300318479537964
6228192,0.1307188868522644
6228816,0.1330656111240387
6230272,0.12546545267105103
6231920,0.11767249554395676
6232336,0.127692312002182
6233456,0.1267256736755371
6233744,0.12202704697847366
6234144,0.12558390200138092
6234800,0.12317203730344772
6235408,0.12693080306053162
6237024,0.12640216946601868
6237424,0.12590816617012024
6242960,0.1284417062997818
6244960,0.12032408267259598
6247920,0.13148808479309082
6248048,0.12311435490846634
6248416,0.12678740918636322
6250048,0.1273481249809265
6250128,0.12333013862371445
6251024,0.12561990320682526
6253776,0.1285097897052765
6254320,0.12376964092254639
6254480,0.13237501680850983
6255120,0.12795457243919373
6256752,0.1212531104683876
6256992,0.1242222934961319
6257312,0.1250907927751541
6257872,0.12299411743879318
6258192,0.1257583051919937
6260880,0.12826958298683167
6261808,0.1198573112487793
6262912,0.12033577263355255
6263424,0.1237945631146431
6265056,0.12434295564889908
6265824,0.13108907639980316
6266464,0.12442083656787872
6267600,0.12485600262880325
6268384,0.12647461891174316
6268816,0.11874186992645264
6269664,0.12296581268310547
6271968,0.12842480838298798
6272496,0.13174977898597717
6272496,0.12965476512908936
6272736,0.1288890242576599
6275504,0.11967325955629349
6277712,0.11898133903741837
6278352,0.1331178843975067
6279120,0.12876935303211212
6279888,0.12885750830173492
6280784,0.1266971379518509
6281712,0.12187331169843674
6281792,0.12337039411067963
6282128,0.12949484586715698
6282192,0.13176682591438293
6282816,0.12832729518413544
6283424,0.12444470822811127
6283888,0.12687046825885773
6284400,0.12764015793800354
6285744,0.1298607438802719
6286224,0.12990424036979675
6288432,0.1312360316514969
6288816,0.12857459485530853
6289488,0.12271315604448318
6292384,0.11733684688806534
6292752,0.12782149016857147
6293072,0.12466900795698166
6294464,0.12413166463375092
6296048,0.10254359990358353
6296224,0.12837399542331696
6297136,0.1297176033258438
6298544,0.1122257336974144
6300016,0.12185907363891602
6301488,0.13278262317180634
6303408,0.12829923629760742
6303488,0.11410003900527954
6303824,0.12698940932750702
6304624,0.11840006709098816
6305312,0.12545672059059143
6305360,0.12731149792671204
6306368,0.12458696961402893
6308160,0.12396442145109177
6309728,0.12322508543729782
6310240,0.12729491293430328
6311776,0.12948787212371826
6313584,0.12250593304634094
6314016,0.13386958837509155
6316064,0.1282399445772171
6316064,0.12888550758361816
6316928,0.1228349506855011
6317536,0.12684756517410278
6317776,0.13525481522083282
6318704,0.12385362386703491
6320816,0.12402721494436264
6321024,0.12694846093654633
6322464,0.12866424024105072
6324960,0.13038833439350128
6328064,0.1242499127984047
6328320,0.12750957906246185
6328400,0.12970903515815735
6328512,0.12637095153331757
6330416,0.12365903705358505
6331120,0.12701068818569183
6331600,0.1265827864408493
6331760,0.12690849602222443
6331952,0.12442827224731445
6332080,0.12378125637769699
6335952,0.12864746153354645
6337504,0.12419908493757248
6338272,0.12633411586284637
6342672,0.12831127643585205
6342720,0.1348678022623062
6345872,0.1258494108915329
6347360,0.12772692739963531
6348144,0.1256377249956131
6349488,0.11772472411394119
6352976,0.12996327877044678
6353728,0.13113975524902344
6354576,0.12788189947605133
6355248,0.12577567994594574
6356016,0.12837845087051392
6356656,0.13064463436603546
6358096,0.12633003294467926
6358848,0.12704192101955414
6362512,0.1195351704955101
6364272,0.1294943243265152
6364304,0.1279565989971161
6367312,0.12323351204395294
6367328,0.12309198826551437
6367504,0.12781217694282532
6368800,0.12508243322372437
6369600,0.129318967461586
6370816,0.130436509847641
6371424,0.12945719063282013
6372304,0.12988309562206268
6373920,0.12396658957004547
6374016,0.12934565544128418
6374352,0.12899041175842285
6374352,0.12436850368976593
6375920,0.13013577461242676
6377664,0.12601184844970703
6379168,0.12884901463985443
6379312,0.13008710741996765
6380272,0.13040713965892792
6385600,0.1276257485151291
6387776,0.12761463224887848
6387984,0.11908825486898422
6388848,0.11675913631916046
6391536,0.12874723970890045
6392880,0.12488576769828796
6395840,0.1266748607158661
6396336,0.12342032045125961
6401968,0.12372556328773499
6402256,0.11859676241874695
6403040,0.12463144958019257
6403392,0.12649574875831604
6404544,0.11701926589012146
6405488,0.12062174826860428
6406576,0.1295834332704544
6406720,0.12445800751447678
6407040,0.1302376687526703
6408368,0.12937189638614655
6408720,0.12844198942184448
6410640,0.12385670095682144
6414192,0.12575379014015198
6417584,0.13020387291908264
6420768,0.1272255927324295
6421008,0.12526161968708038
6422752,0.12117846310138702
6423152,0.12894408404827118
6423280,0.12279067188501358
6423312,0.13100747764110565
6423360,0.12754054367542267
6424640,0.09956084191799164
6425584,0.1220671758055687
6426912,0.12333948910236359
6428176,0.12396088242530823
6429088,0.13015644252300262
6430448,0.1145583987236023
6430896,0.1253378838300705
6431408,0.12046831846237183
6431696,0.12516580522060394
6435328,0.1259492039680481
6436976,0.12388826906681061
6436976,0.12371394783258438
6437328,0.12571093440055847
6437936,0.12204122543334961
6437984,0.12632764875888824
6438816,0.13111834228038788
6438816,0.126285582780838
6440000,0.12665337324142456
6442384,0.1334695965051651
6443584,0.1263163536787033
6444512,0.12772758305072784
6446752,0.1312662661075592
6448080,0.12475591897964478
6448576,0.12755228579044342
6449376,0.1288604736328125
6449504,0.12074419856071472
6451680,0.12242279201745987
6453904,0.13096082210540771
6454272,0.12762534618377686
6454880,0.12725983560085297
6455408,0.1253589242696762
6456752,0.12572269141674042
6458464,0.1286238729953766
6460288,0.1282912641763687
6462272,0.11218398064374924
6462528,0.12196394056081772
6463216,0.13115167617797852
6465008,0.12937580049037933
6465232,0.1238795593380928
6466096,0.12948103249073029
6466448,0.1273377239704132
6466480,0.125162735581398
6466960,0.12697429955005646
6468544,0.13083523511886597
6469200,0.1257464736700058
6469408,0.1299697756767273
6471792,0.1265697479248047
6472112,0.12944920361042023
6472336,0.12480799108743668
6473440,0.12516744434833527
6473632,0.11923974752426147
6476704,0.12415674328804016
6477600,0.1304512768983841
6480240,0.1305723935365677
6480544,0.12562480568885803
6481280,0.11907891929149628
6481424,0.12436309456825256
6482576,0.12762539088726044
6483296,0.12721532583236694
6484288,0.11909884959459305
6484768,0.11659973114728928
6486864,0.12748615443706512
6487856,0.11902511119842529
6487872,0.12610004842281342
6488288,0.11921467632055283
6489056,0.12310581654310226
6489680,0.12656107544898987
6494608,0.12587866187095642
6495456,0.1296367645263672
6496256,0.11489470303058624
6499136,0.1257837563753128
6499152,0.12421240657567978
6500848,0.12581530213356018
6502048,0.12777398526668549
6504368,0.13008426129817963
6506176,0.12469502538442612
6506272,0.12245408445596695
6506496,0.13030841946601868
6507408,0.12687724828720093
6509744,0.12220676988363266
6509792,0.12738516926765442
6510992,0.12995782494544983
6511424,0.1251029521226883
6512384,0.1252649575471878
6512704,0.12448082864284515
6513696,0.1265759915113449
6514576,0.12523694336414337
6515424,0.12887677550315857
6515888,0.12322497367858887
6516800,0.12784720957279205
6519456,0.12155766040086746
6520048,0.1254732459783554
6520480,0.12846645712852478
6523984,0.12860116362571716
6524608,0.12501558661460876
6525696,0.12844692170619965
6526896,0.12428068369626999
6527024,0.1228778138756752
6527664,0.1290866881608963
6528160,0.12727011740207672
6529232,0.12904413044452667
6529440,0.12120425701141357
6530976,0.13152563571929932
6531552,0.1203652024269104
6536192,0.12997335195541382
6538272,0.12355083227157593
6538432,0.1256047934293747
6538832,0.12831908464431763
6538928,0.12702392041683197
6541696,0.13122312724590302
6542512,0.12772540748119354
6542816,0.1292438507080078
6543792,0.1251385658979416
6544320,0.1285352110862732
6544528,0.12851227819919586
6544832,0.12849797308444977
6545360,0.12835486233234406
6546080,0.12856002151966095
6548592,0.11826854199171066
6549184,0.09933076798915863
6549536,0.11987911909818649
6549712,0.1257999986410141
6549856,0.13037514686584473
6550896,0.1262134313583374
6553760,0.12845483422279358
6555792,0.12381387501955032
6556096,0.1276545375585556
6556784,0.13195592164993286
6558416,0.13430167734622955
6560224,0.12176002562046051
6561072,0.12559454143047333
6561920,0.1286582201719284
6563088,0.12788766622543335
6563392,0.12425702065229416
6565152,0.12727321684360504
6566304,0.1252121478319168
6567296,0.12644049525260925
6569808,0.12538538873195648
6570832,0.12985171377658844
6572720,0.12271904945373535
6574080,0.12501859664916992
6576512,0.13193470239639282
6577648,0.12735404074192047
6577968,0.1323491781949997
6578832,0.12639270722866058
6579872,0.12645171582698822
6581184,0.12776422500610352
6586512,0.1226789653301239
6587184,0.12354622781276703
6588176,0.12645938992500305
6590576,0.12427881360054016
6590816,0.12730816006660461
6591168,0.1209222823381424
6592032,0.12806850671768188
6592256,0.12567901611328125
6594096,0.1265215277671814
6595728,0.12299327552318573
6595840,0.1278710961341858
6596624,0.12364457547664642
6596656,0.11881482601165771
6597168,0.1223045065999031
6597632,0.1250322461128235
6598368,0.12115206569433212
6601536,0.1287449151277542
6601920,0.12249211221933365
6604736,0.12553344666957855
6604784,0.12919461727142334
6605488,0.12694159150123596
6605568,0.12725260853767395
6606608,0.1252063810825348
6607648,0.12073679268360138
6607904,0.1281096190214157
6609888,0.12529142200946808
6610144,0.1296081393957138
6611376,0.1254955530166626
6611488,0.12305527925491333
6612528,0.12541498243808746
6613264,0.1258300393819809
6613440,0.12841005623340607
6614464,0.13144546747207642
6616640,0.12711597979068756
6617232,0.12847992777824402
6620176,0.12749965488910675
6622512,0.12971432507038116
6623280,0.12315122038125992
6623984,0.1284148246049881
6624368,0.12358038872480392
6625408,0.128744974732399
6626080,0.1305982917547226
6627008,0.1276690512895584
6628992,0.12634101510047913
6630672,0.12967655062675476
6632912,0.1265043169260025
6633616,0.12763959169387817
6634016,0.11242859065532684
6634592,0.13120539486408234
6635088,0.12319260090589523
6636048,0.12464713305234909
6636768,0.12368790060281754
6637792,0.12695305049419403
6639600,0.12494703382253647
6644672,0.1258760541677475
6644800,0.12560361623764038
6644864,0.12246360629796982
6645424,0.12019462883472443
6647408,0.13063740730285645
6649344,0.12610477209091187
6650880,0.1301369071006775
6651248,0.12182352691888809
6651808,0.12448692321777344
6652032,0.12179437279701233
6653376,0.12655508518218994
6654064,0.12077556550502777
6657296,0.12443247437477112
6659232,0.12941190600395203
6659648,0.12273702770471573
6662448,0.12376334518194199
6662656,0.13054852187633514
6665760,0.12846004962921143
6665968,0.12511545419692993
6666704,0.10848073661327362
6668288,0.12291045486927032
6669776,0.1256057471036911
6670320,0.12917065620422363
6670416,0.1294834166765213
6670720,0.13065490126609802
6672560,0.12899121642112732
6674592,0.12259818613529205
6675312,0.12248100340366364
6675856,0.13158582150936127
6676672,0.12366265058517456
6679776,0.12482158839702606
6680336,0.11918255686759949
6680432,0.12702326476573944
6682528,0.12061619758605957
6683984,0.12897653877735138
6686048,0.11805251985788345
6686144,0.12323486059904099
6686416,0.12866948544979095
6688880,0.1252341866493225
6691856,0.12702837586402893
6693488,0.12977349758148193
6693952,0.12942267954349518
6694160,0.12362752854824066
6698176,0.12665900588035583
6698752,0.12402165681123734
6698848,0.12808720767498016
6699056,0.12371489405632019
6699424,0.13083797693252563
6700320,0.1289350986480713
6702384,0.13161906599998474
6703088,0.1183844655752182
6703664,0.1107509434223175
6703952,0.12656813859939575
6705872,0.1279788464307785
6705904,0.12649425864219666
6707424,0.1245245486497879
6707808,0.1296972632408142
6710256,0.1315516233444214
6711136,0.12816208600997925
6711952,0.1047080010175705
6713680,0.12923386693000793
6713840,0.12565311789512634
6714512,0.12192092835903168
6714704,0.12921907007694244
6716368,0.12499132752418518
6716624,0.12443317472934723
6718224,0.12834778428077698
6719056,0.12119203060865402
6720192,0.12120634317398071
6723552,0.13012735545635223
6723744,0.13106916844844818
6724112,0.12418212741613388
6725200,0.12155869603157043
6725632,0.12417194992303848
6727120,0.12762068212032318
6728080,0.1277090609073639
6734176,0.1320214420557022
6734304,0.12432166934013367
6736160,0.10879381000995636
6737344,0.1287090927362442
6737680,0.13138170540332794
6739584,0.12872831523418427
6740448,0.1277087926864624
6740528,0.12271573394536972
6740592,0.1289517879486084
6741312,0.12836921215057373
6742992,0.12558701634407043
6743248,0.12549564242362976
6749072,0.12270749360322952
6750528,0.1243806704878807
6751264,0.12519483268260956
6752096,0.12198417633771896
6752608,0.12406843155622482
6753008,0.12944863736629486
6754848,0.1296839416027069
6755072,0.12778659164905548
6756208,0.12923306226730347
6756528,0.13186322152614594
6758720,0.10419952124357224
6759840,0.12240789085626602
6762016,0.13123425841331482
6762864,0.12952585518360138
6765216,0.13076862692832947
6766144,0.12201675772666931
6766544,0.1288953274488449
6767056,0.1286563277244568
6769136,0.13004857301712036
6769440,0.11849237233400345
6769648,0.1260937601327896
6770048,0.12459072470664978
6770096,0.12729378044605255
6770816,0.12566785514354706
6771872,0.12012706696987152
6772400,0.11823996901512146
6773760,0.11293403804302216
6775712,0.12694668769836426
6776400,0.12991805374622345
6776416,0.1262727975845337
6776464,0.1238967552781105
6782736,0.12970539927482605
6783488,0.12446031719446182
6784400,0.12017618864774704
6784880,0.12616108357906342
6785280,0.1344088912010193
6786080,0.12285200506448746
6786256,0.13035188615322113
6786656,0.12590286135673523
6786704,0.12481434643268585
6788048,0.12800844013690948
6789360,0.12509772181510925
6793328,0.12656426429748535
6793344,0.13019464910030365
6794896,0.12747222185134888
6797744,0.1251092106103897
6798320,0.12741650640964508
6800224,0.13087542355060577
6801424,0.12379497289657593
6804624,0.12632866203784943
6804784,0.12943729758262634
6805696,0.11700820922851562
6805904,0.1274813562631607
6808208,0.11897723376750946
6808992,0.12387251108884811
6809168,0.1239214837551117
6810720,0.13024970889091492
6810976,0.12902121245861053
6812016,0.12588852643966675
6815248,0.1279182732105255
6815536,0.12659978866577148
6817248,0.1319969743490219
6817920,0.12900742888450623
6818112,0.11642896384000778
6818784,0.12919281423091888
6823648,0.12105002254247665
6824704,0.12688690423965454
6825248,0.12649786472320557
6826432,0.12563198804855347
6826688,0.13067401945590973
6830128,0.1243891492486
6830336,0.12433890998363495
6830816,0.13014431297779083
6833264,0.12837505340576172
6833472,0.13134659826755524
6835280,0.11272656917572021
6836704,0.1255795955657959
6836800,0.1271239072084427
6839280,0.12709945440292358
6839888,0.12561668455600739
6840192,0.1279909610748291
6840320,0.12525026500225067
6841552,0.12693066895008087
6846304,0.12489502131938934
6850512,0.1292906552553177
6850848,0.1260366588830948
6852240,0.1240445002913475
6853312,0.12873801589012146
6853440,0.12442128360271454
6854432,0.12789052724838257
6855872,0.12313049286603928
6856688,0.1223665252327919
6857168,0.11998607218265533
6858496,0.13087977468967438
6862016,0.12913480401039124
6862560,0.12504751980304718
6863952,0.12859809398651123
6864304,0.1281876266002655
6864336,0.12779930233955383
6866944,0.12739430367946625
6869168,0.12713292241096497
6869200,0.12628872692584991
6871984,0.11278535425662994
6872496,0.12709754705429077
6872736,0.11933574825525284
6872752,0.1283191740512848
6874416,0.12607771158218384
6875024,0.11919886618852615
6875568,0.11942154169082642
6877952,0.1280326396226883
6878352,0.13125933706760406
6878544,0.1274711638689041
6879088,0.12612594664096832
6879584,0.12597952783107758
6879936,0.127390518784523
6879936,0.12494272738695145
6882320,0.12893354892730713
6885632,0.129240021109581
6886272,0.12883691489696503
6886912,0.1296052187681198
6887088,0.12516114115715027
6889264,0.12573163211345673
6889376,0.12255749851465225
6891888,0.1304861158132553
6892096,0.12670694291591644
6892160,0.11975584924221039
6892656,0.12913008034229279
6892912,0.12434529513120651
6893328,0.12782177329063416
6893376,0.13072913885116577
6894016,0.129285529255867
6896208,0.11798154562711716
6896288,0.11155040562152863
6896432,0.1295936405658722
6899328,0.12786033749580383
6899792,0.12965860962867737
6903296,0.12263020128011703
6903344,0.12367855757474899
6904928,0.12671701610088348
6905472,0.1267271637916565
6907216,0.1257600635290146
6908448,0.1255572885274887
6910912,0.12808331847190857
6911296,0.12788911163806915
6912016,0.12376674264669418
6912560,0.1288500726222992
6913520,0.12953700125217438
6915776,0.12099624425172806
6918256,0.13165487349033356
6918416,0.12995634973049164
6919184,0.12514150142669678
6921056,0.12621250748634338
6921504,0.13073121011257172
6924080,0.13349466025829315
6924896,0.12731684744358063
6925264,0.12364882230758667
6928160,0.12585094571113586
6931520,0.11674606800079346
6932656,0.12607534229755402
6934864,0.1243579164147377
6935728,0.12456681579351425
6937408,0.12593291699886322
6940640,0.12976990640163422
6942000,0.1249314621090889
6943344,0.12918058037757874
6944208,0.129364475607872
6944768,0.13120508193969727
6946752,0.13090530037879944
6947488,0.11057763546705246
6947600,0.1334751397371292
6948000,0.12945184111595154
6949264,0.13099752366542816
6950304,0.12711021304130554
6951056,0.1246432214975357
6951824,0.11287637054920197
6952176,0.12979698181152344
6952512,0.1328648179769516
6952832,0.1298830509185791
6953536,0.12628693878650665
6953920,0.12733964622020721
6954736,0.12778079509735107
6955120,0.12726831436157227
6956352,0.12443600594997406
6956752,0.13028739392757416
6957328,0.1276664286851883
6957408,0.1276637315750122
6957728,0.12925489246845245
6957744,0.11768019944429398
6958320,0.12229462713003159
6958864,0.1301172822713852
6960992,0.11891748011112213
6961232,0.12131005525588989
6961872,0.13122905790805817
6962400,0.12725123763084412
6962448,0.1232285350561142
6965904,0.12414634227752686
6966592,0.12719109654426575
6968112,0.1276785284280777
6968416,0.12077559530735016
6968976,0.12000808119773865
6970576,0.12824401259422302
6971872,0.12328139692544937
6971968,0.1306086778640747
6972528,0.1285400688648224
6973600,0.12752121686935425
6974768,0.10940803587436676
6975504,0.12896475195884705
6977760,0.1245531514286995
6979072,0.1239047572016716
6979104,0.10836036503314972
6980416,0.12558585405349731
6980784,0.12351386249065399
6981840,0.12419403344392776
6982096,0.12447517365217209
6983360,0.1303895264863968
6986096,0.12904369831085205
6989696,0.1284763664007187
6989936,0.1267431676387787
6990976,0.1248672604560852
6994080,0.12472259253263474
6994240,0.1290046125650406
6996144,0.12166936695575714
6996192,0.11996971815824509
6996352,0.1251734346151352
6996656,0.12711159884929657
6996992,0.12019360065460205
6997648,0.128401517868042
6999888,0.12501652538776398
6999920,0.12928058207035065
7001408,0.12296676635742188
7001616,0.12648876011371613
7003264,0.1305503100156784
7004928,0.12689407169818878
7005184,0.12751473486423492
7006000,0.11629856377840042
7007264,0.12826992571353912
7007920,0.12216516584157944
7009536,0.11810129880905151
7011440,0.12773659825325012
7012096,0.12796732783317566
7015968,0.12521962821483612
7015968,0.1272944062948227
7016400,0.12517130374908447
7019376,0.12402263283729553
7022928,0.1263788640499115
7023152,0.11815663427114487
7024704,0.1291201412677765
7025136,0.13048242032527924
7026304,0.1285587102174759
7026640,0.13125143945217133
7027008,0.12452427297830582
7028704,0.12620829045772552
7029712,0.1248902678489685
7030320,0.12037782371044159
7031792,0.12696018815040588
7032704,0.12422508001327515
7034432,0.12471920251846313
7035296,0.12477301806211472
7039152,0.12601670622825623
7039344,0.13028769195079803
7040496,0.12472954392433167
7041056,0.12620988488197327
7043520,0.12682068347930908
7044432,0.12258824706077576
7044464,0.12397447973489761
7046080,0.127132847905159
7049568,0.12432251870632172
7049776,0.12365397810935974
7053472,0.12884746491909027
7054304,0.1233653649687767
7054688,0.12990066409111023
7055328,0.12844282388687134
7058240,0.1270914077758789
7058848,0.12366417050361633
7060080,0.13169986009597778
7060464,0.124141164124012
7063888,0.12936259806156158
7064000,0.1275782287120819
7064208,0.12132175266742706
7065792,0.12654884159564972
7068528,0.12829329073429108
7070176,0.11887098103761673
7071312,0.12552720308303833
7071936,0.12977266311645508
7072784,0.11905993521213531
7073280,0.1310177892446518
7073760,0.1244613528251648
7075104,0.1293768733739853
7075584,0.11911872029304504
7076656,0.1239936426281929
7076736,0.13038919866085052
7076928,0.13028250634670258
7077440,0.12469466775655746
7078272,0.1304326057434082
7082464,0.11113826930522919
7082848,0.12463925033807755
7083584,0.12799978256225586
7084048,0.1294960379600525
7086384,0.12921230494976044
7087680,0.12150274217128754
7087696,0.1273013800382614
7088224,0.1242222934961319
7091328,0.12486910074949265
7091584,0.12227221578359604
7092528,0.12701959908008575
7094832,0.1320711076259613
7094976,0.12140309065580368
7096144,0.12275869399309158
7097120,0.12633486092090607
7097136,0.1273501217365265
7098048,0.12732255458831787
7098384,0.12737736105918884
7098544,0.12719696760177612
7100368,0.12677839398384094
7100448,0.12784159183502197
7100704,0.12319567799568176
7100768,0.12030676752328873
7103488,0.12373921275138855
7104304,0.12571033835411072
7105584,0.12327390164136887
7106320,0.12068738043308258
7107488,0.12865079939365387
7107824,0.12853708863258362
7109216,0.13108807802200317
7110464,0.12580043077468872
7112448,0.10740800201892853
7112768,0.12581516802310944
7114096,0.12582896649837494
7115104,0.1304994821548462
7116352,0.13041914999485016
7118176,0.1273392140865326
7119824,0.1288670003414154
7119920,0.1255180984735489
7120704,0.11937148869037628
7120736,0.12782180309295654
7121760,0.12886396050453186
7123424,0.13115666806697845
7124352,0.12310213595628738
7126624,0.12079226970672607
7126848,0.1267281025648117
7127920,0.12865637242794037
7128416,0.12746097147464752
7129216,0.13036929070949554
7131920,0.12557083368301392
7132784,0.12651848793029785
7132944,0.12534251809120178
7134112,0.1253657341003418
7136336,0.1303381621837616
7141408,0.12689143419265747
7144912,0.13148458302021027
7145696,0.12755630910396576
7148448,0.13277465105056763
7148512,0.13140970468521118
7152864,0.1230945736169815
7156816,0.12673012912273407
7158720,0.12950636446475983
7158992,0.12184233963489532
7160064,0.12657001614570618
7160368,0.12766195833683014
7162928,0.12230042368173599
7167152,0.12422981858253479
7167520,0.12571606040000916
7167728,0.12418467551469803
7169824,0.13095177710056305
7170768,0.12576740980148315
7171824,0.12634356319904327
7172336,0.12377377599477768
7173472,0.1268501728773117
7173936,0.12667518854141235
7175408,0.12594226002693176
7175920,0.12847556173801422
7176704,0.1303890198469162
7177104,0.12489796429872513
7180080,0.12499983608722687
7181920,0.12855863571166992
7183024,0.12564586102962494
7183264,0.12855948507785797
7184704,0.12616367638111115
7185440,0.10642418265342712
7188496,0.12801611423492432
7189088,0.12517540156841278
7189648,0.12783929705619812
7190208,0.11377287656068802
7193824,0.125755175948143
7193824,0.12715865671634674
7193840,0.1161668673157692
7194368,0.12323801219463348
7194416,0.12992516160011292
7195120,0.12933392822742462
7196272,0.127594992518425
7196800,0.12466461956501007
7197392,0.12428191304206848
7197984,0.1257859319448471
7198656,0.13028857111930847
7200320,0.1262175738811493
7203360,0.13114629685878754
7204448,0.12639980018138885
7204464,0.12958203256130219
7205712,0.13034453988075256
7207264,0.1219693273305893
7208336,0.12269720435142517
7209232,0.12821045517921448
7211616,0.12286510318517685
7212304,0.12051969021558762
7215168,0.12832467257976532
7218032,0.1212061196565628
7221664,0.12330635637044907
7222336,0.1261727511882782
7222448,0.12266629934310913
7222448,0.12540145218372345
7223920,0.12616880238056183
7224912,0.11697987467050552
7226576,0.12147939950227737
7226752,0.12260512262582779
7228512,0.12352264672517776
7228576,0.12620334327220917
7229664,0.12256719172000885
7231280,0.12961414456367493
7231936,0.11961401998996735
7233152,0.12404908984899521
7234624,0.13072575628757477
7235840,0.10425149649381638
7236752,0.1272132694721222
7236784,0.12754471600055695
7237456,0.12567147612571716
7238544,0.12684595584869385
7241856,0.12273070216178894
7242832,0.1272852122783661
7243712,0.13285911083221436
7245568,0.12640736997127533
7246368,0.1270502507686615
7246464,0.12377296388149261
7246496,0.12911447882652283
7247232,0.12368618696928024
7247504,0.1292176991701126
7249472,0.12525436282157898
7249968,0.11792932450771332
7249984,0.1270919293165207
7250080,0.12063083052635193
7251104,0.12305539101362228
7252688,0.12693357467651367
7253792,0.12263480573892593
7254560,0.13332509994506836
7255952,0.12306462228298187
7257024,0.1283700317144394
7257408,0.12717226147651672
7259072,0.1287064254283905
7260640,0.12319499999284744
7261648,0.1287139356136322
7264448,0.12294614315032959
7265488,0.12082750350236893
7268144,0.12619169056415558
7270592,0.12409926950931549
7271392,0.12734420597553253
7272384,0.1270885020494461
7275248,0.12438593804836273
7275920,0.13496267795562744
7276944,0.12211663275957108
7277456,0.1265440583229065
7279808,0.12799295783042908
7280928,0.13051974773406982
7282368,0.12640337646007538
7284448,0.12992489337921143
7284976,0.1318361908197403
7286928,0.12775234878063202
7287456,0.12787364423274994
7288096,0.12772056460380554
7289296,0.13061541318893433
7289504,0.12612347304821014
7289600,0.12244433164596558
7289936,0.1322486251592636
7290976,0.12753209471702576
7291664,0.12060616910457611
7294576,0.12302713096141815
7295168,0.1268450915813446
7295232,0.12713921070098877
7297584,0.12908867001533508
7299472,0.12778516113758087
7299600,0.12556664645671844
7299808,0.1310618668794632
7300320,0.12914881110191345
7301168,0.12297119945287704
7303936,0.12106740474700928
7304048,0.12439440935850143
7304608,0.1281735599040985
7305312,0.12951621413230896
7307472,0.12761521339416504
7309424,0.12857747077941895
7310928,0.12390220165252686
7311008,0.12905560433864594
7311136,0.12646564841270447
7311152,0.12932977080345154
7312896,0.13009755313396454
7316096,0.1284836083650589
7317296,0.1263418197631836
7317600,0.13110040128231049
7318976,0.12312379479408264
7319776,0.12276840209960938
7320160,0.12502071261405945
7320736,0.13521020114421844
7321536,0.13080061972141266
7322800,0.1269286572933197
7323696,0.12551860511302948
7324304,0.1306750625371933
7324352,0.1317855715751648
7324432,0.12392763048410416
7327232,0.12377268821001053
7328016,0.1277812123298645
7328640,0.12991775572299957
7329696,0.1279514580965042
7329968,0.12929075956344604
7330512,0.12452612072229385
7331680,0.12421057373285294
7331840,0.1287112832069397
7335744,0.12812964618206024
7336128,0.12899844348430634
7337056,0.1293952316045761
7337728,0.12216770648956299
7338528,0.12349844723939896
7338816,0.12885159254074097
7339648,0.12700419127941132
7342272,0.12801513075828552
7344080,0.12962625920772552
7347424,0.13410168886184692
7347520,0.1231689304113388
7347728,0.13046656548976898
7348384,0.12845894694328308
7351280,0.13129167258739471
7351904,0.12894976139068604
7353296,0.11927969008684158
7354000,0.12829068303108215
7354896,0.12662991881370544
7356384,0.11916442215442657
7356416,0.12954184412956238
7356880,0.13133224844932556
7357120,0.1253679245710373
7357344,0.12172939628362656
7357392,0.1267765909433365
7358176,0.12559565901756287
7359040,0.12397732585668564
7359936,0.1276409775018692
7361024,0.12832503020763397
7363040,0.12961328029632568
7364544,0.11981593817472458
7365312,0.12878702580928802
7366432,0.1311349868774414
7367344,0.12343863397836685
7368032,0.12447281181812286
7369104,0.11548314243555069
7370992,0.12944459915161133
7372528,0.12363512814044952
7373648,0.12636810541152954
7373888,0.130263090133667
7374512,0.12855352461338043
7377056,0.128103107213974
7377408,0.11854498833417892
7377472,0.12820914387702942
7379616,0.12471192330121994
7380096,0.11628469079732895
7383120,0.12829673290252686
7384128,0.12270418554544449
7384928,0.1265583634376526
7385280,0.11573207378387451
7385856,0.12713897228240967
7388096,0.12840202450752258
7389040,0.11789514869451523
7390448,0.1256544440984726
7391328,0.1197165846824646
7391360,0.132192000746727
7392288,0.1314912885427475
7396256,0.12557034194469452
7398416,0.128505140542984
7398528,0.12523536384105682
7398976,0.12425574660301208
7401008,0.12402160465717316
7401152,0.1266418844461441
7404112,0.12860055267810822
7404784,0.1157255619764328
7405600,0.1242501512169838
7406448,0.12295427173376083
7407456,0.12261815369129181
7407648,0.11592570692300797
7408224,0.12298652529716492
7409856,0.1231628879904747
7410160,0.1274801343679428
7411984,0.12649278342723846
7412672,0.12917955219745636
7412736,0.1282913088798523
7412816,0.13323497772216797
7413680,0.1271021068096161
7414464,0.12705016136169434
7414560,0.1284099668264389
7415200,0.12148735672235489
7417040,0.12493681907653809
7418048,0.1280577927827835
7419024,0.12442463636398315
7419728,0.1298135370016098
7419824,0.12344531714916229
7421168,0.12640318274497986
7421664,0.12968507409095764
7425232,0.12744849920272827
7425264,0.13103893399238586
7427056,0.12186761945486069
7428096,0.12890540063381195
7428656,0.12924440205097198
7428784,0.12681563198566437
7428960,0.13183394074440002
7434480,0.1227487176656723
7436048,0.12509159743785858
7437904,0.1173907145857811
7438048,0.13079257309436798
7438336,0.12651607394218445
7438752,0.12826992571353912
7441184,0.12578672170639038
7442000,0.12955766916275024
7442048,0.12868645787239075
7442352,0.12638773024082184
7445104,0.12911935150623322
7448928,0.12814490497112274
7449216,0.12114803493022919
7450480,0.1264665126800537
7451760,0.1277054101228714
7452224,0.12512457370758057
7452752,0.12385734170675278
7453888,0.12513509392738342
7455696,0.12790176272392273
7456016,0.12550562620162964
7456320,0.12995614111423492
7460720,0.13123947381973267
7460992,0.12987495958805084
7463280,0.12079868465662003
7466096,0.1283269077539444
7467040,0.12906895577907562
7467136,0.12284448742866516
7468192,0.13022665679454803
7470256,0.12692692875862122
7470672,0.1261325180530548
7473008,0.12747858464717865
7473264,0.12125258147716522
7473856,0.12596972286701202
7473968,0.12980049848556519
7474288,0.12196781486272812
7474816,0.13003893196582794
7476848,0.12401394546031952
7477120,0.12635266780853271
7477152,0.1187659278512001
7477344,0.1236598789691925
7477440,0.1283525675535202
7477840,0.12286427617073059
7480480,0.12396149337291718
7480976,0.12780486047267914
7481856,0.12478101998567581
7482240,0.12811297178268433
7485792,0.12670505046844482
7488032,0.1271556317806244
7489024,0.12265035510063171
7489328,0.12717211246490479
7492592,0.12724493443965912
7494688,0.12853193283081055
7495216,0.12288761138916016
7495344,0.12734119594097137
7496464,0.1255304515361786
7498128,0.1283458024263382
7498784,0.13056670129299164
7498928,0.12250223010778427
7499072,0.12871581315994263
7499888,0.12394429743289948
7500320,0.1269834041595459
7501952,0.12372845411300659
7502624,0.12324316054582596
7502656,0.1256801038980484
7502816,0.1303504854440689
7505904,0.1250639110803604
7506064,0.12550649046897888
7506272,0.12478189170360565
7507024,0.12609638273715973
7508848,0.1254173368215561
7509056,0.13015255331993103
7509504,0.1317344456911087
7509760,0.13131113350391388
7509872,0.12269175797700882
7510688,0.12621387839317322
7512928,0.1255957931280136
7513616,0.1275274157524109
7514064,0.12681373953819275
7517168,0.12268463522195816
7517664,0.1252623051404953
7517824,0.13442960381507874
7520048,0.12128059566020966
7520064,0.12973777949810028
7520224,0.12266502529382706
7520528,0.12795348465442657
7521360,0.1262749582529068
7523632,0.12954585254192352
7523632,0.12887196242809296
7524384,0.12419822812080383
7527344,0.12531813979148865
7527664,0.13033170998096466
7528592,0.12373602390289307
7529904,0.12383527308702469
7530496,0.12587976455688477
7530928,0.12866899371147156
7531168,0.12068266421556473
7534080,0.12775613367557526
7534384,0.12985935807228088
7535152,0.124440498650074
7535504,0.12392088770866394
7537088,0.1268954873085022
7538096,0.1294122040271759
7538160,0.12845078110694885
7538176,0.12173939496278763
7538192,0.11744078993797302
7541664,0.12529103457927704
7542656,0.13010694086551666
7542816,0.12420748919248581
7544000,0.12171278893947601
7544944,0.13029012084007263
7545200,0.12278350442647934
7545280,0.12390769273042679
7547872,0.12099405378103256
7548480,0.13254670798778534
7548720,0.12618762254714966
7549376,0.1255345642566681
7549792,0.13038527965545654
7549904,0.12495997548103333
7551216,0.12415359169244766
7551424,0.1288621872663498
7551648,0.10884125530719757
7551984,0.11917486041784286
7552432,0.12956109642982483
7554896,0.12828955054283142
7555872,0.12658095359802246
7558416,0.12818683683872223
7558672,0.12620963156223297
7559504,0.13113366067409515
7559552,0.1199423149228096
7559680,0.12671004235744476
7561136,0.11091358214616776
7561888,0.1145288497209549
7562528,0.12795835733413696
7564624,0.13125894963741302
7566784,0.12242462486028671
7567664,0.12776340544223785
7568400,0.1311941146850586
7569408,0.08301391452550888
7569792,0.11956589668989182
7572848,0.12701137363910675
7573344,0.12757143378257751
7575248,0.12682563066482544
7576512,0.12998515367507935
7576944,0.13047057390213013
7580736,0.12701784074306488
7582544,0.11820321530103683
7584256,0.12377484887838364
7584752,0.12247558683156967
7587264,0.13290247321128845
7587280,0.12422899156808853
7589024,0.13104958832263947
7589952,0.12410471588373184
7590832,0.12861457467079163
7591216,0.12173139303922653
7591280,0.12525397539138794
7591344,0.12855860590934753
7593264,0.12672366201877594
7595072,0.12839066982269287
7596880,0.12232963740825653
7597872,0.12572535872459412
7601520,0.12534549832344055
7601568,0.12009287625551224
7602624,0.12380731850862503
7602640,0.13074374198913574
7603008,0.12481934577226639
7603424,0.1250443309545517
7606992,0.128583163022995
7608512,0.1157907173037529
7610560,0.07906213402748108
7615616,0.12531276047229767
7616352,0.12769368290901184
7621920,0.12499255686998367
7622928,0.12964504957199097
7623456,0.12799452245235443
7627056,0.12251688539981842
7628496,0.12272892892360687
7629904,0.1258210986852646
7630288,0.11857045441865921
7630640,0.12361478060483932
7631968,0.12906986474990845
7632112,0.12409819662570953
7632736,0.13254161179065704
7633424,0.13146187365055084
7633856,0.12561176717281342
7634512,0.12626907229423523
7636240,0.1323164701461792
7638624,0.12465337663888931
7639280,0.12456665188074112
7639744,0.12884964048862457
7640720,0.10847681015729904
7642160,0.12869517505168915
7642752,0.12455949187278748
7642848,0.11894965916872025
7642896,0.12367802858352661
7643264,0.12510430812835693
7644096,0.12755419313907623
7646448,0.12468348443508148
7646768,0.11262940615415573
7647632,0.12652017176151276
7647808,0.12624618411064148
7649328,0.12890665233135223
7650320,0.1278272420167923
7650384,0.1264546662569046
7651360,0.1179729551076889
7653616,0.1271757036447525
7654016,0.12835025787353516
7655616,0.12485165894031525
7657088,0.12685395777225494
7657648,0.12559841573238373
7658432,0.12685851752758026
7659184,0.12200988829135895
7660672,0.12330678105354309
7662032,0.12656104564666748
7664224,0.12850791215896606
7664832,0.12194567918777466
7665840,0.1305963397026062
7667152,0.12352141737937927
7668144,0.12555666267871857
7670432,0.13357475399971008
7671936,0.12698909640312195
7674944,0.12712478637695312
7677856,0.11573278903961182
7681216,0.12783411145210266
7681408,0.1232246607542038
7682752,0.11844475567340851
7683104,0.12349236756563187
7683392,0.12492799013853073
7683440,0.12330988794565201
7683472,0.1282595992088318
7684992,0.12217389047145844
7686112,0.12078410387039185
7689152,0.1252855658531189
7691984,0.12660960853099823
7693216,0.12063846737146378
7693600,0.1175374835729599
7694176,0.12616708874702454
7698848,0.12205952405929565
7699152,0.1253005564212799
7699280,0.1274816244840622
7700704,0.124087855219841
7701536,0.12122803181409836
7702576,0.11834278702735901
7702816,0.12846212089061737
7706320,0.12893471121788025
7707248,0.1295631229877472
7707584,0.12717275321483612
7709568,0.13004682958126068
7711120,0.12783122062683105
7713312,0.1221323311328888
7713472,0.12357273697853088
7713520,0.12734876573085785
7714720,0.12523747980594635
7715280,0.1290903240442276
7717232,0.13009710609912872
7717552,0.12656304240226746
7717920,0.126231387257576
7718512,0.13014431297779083
7719376,0.1221226379275322
7721120,0.12490136176347733
7721600,0.12869665026664734
7722048,0.12438749521970749
7725408,0.12888552248477936
7726144,0.12898796796798706
7727520,0.13124950230121613
7727536,0.12770305573940277
7728256,0.12681035697460175
7728576,0.125053271651268
7728896,0.13210514187812805
7729216,0.12733307480812073
7729504,0.12379895895719528
7731392,0.12457776069641113
7732208,0.12246955931186676
7734752,0.13095104694366455
7735024,0.13233017921447754
7736784,0.12996231019496918
7738272,0.12080731242895126
7738304,0.12866027653217316
7738368,0.12412812560796738
7738624,0.12504491209983826
7739600,0.1179952397942543
7741712,0.11372468620538712
7741872,0.13208459317684174
7742944,0.1313663125038147
7745712,0.11612984538078308
7745840,0.13433946669101715
7745840,0.12667648494243622
7746160,0.12502065300941467
7747248,0.12710519134998322
7747472,0.12000138312578201
7748864,0.1307724416255951
7749040,0.11010082811117172
7750032,0.12417564541101456
7750576,0.11805108934640884
7750688,0.12559179961681366
7752608,0.11973977088928223
7753856,0.12660183012485504
7754624,0.1295638233423233
7756176,0.1288110911846161
7756752,0.12401621788740158
7757728,0.1281489133834839
7759104,0.12482471019029617
7759456,0.13204358518123627
7759712,0.12290601432323456
7759776,0.1286964863538742
7760304,0.12204794585704803
7762880,0.12575069069862366
7764336,0.1208086684346199
7766880,0.12585465610027313
7770784,0.13037866353988647
7771904,0.12860625982284546
7772448,0.12983481585979462
7773248,0.12937158346176147
7774272,0.12992951273918152
7775488,0.13080914318561554
7777456,0.12715765833854675
7777600,0.12591037154197693
7780816,0.12983471155166626
7781008,0.12768353521823883
7781728,0.11889457702636719
7782656,0.12677732110023499
7782656,0.12739893794059753
7785232,0.12898020446300507
7785392,0.12298659235239029
7786864,0.12642709910869598
7788816,0.12941469252109528
7789840,0.12394943833351135
7791248,0.12005342543125153
7795360,0.12846069037914276
7797008,0.12332424521446228
7798416,0.12044878304004669
7799120,0.12213537842035294
7799792,0.1259503960609436
7801648,0.10832388699054718
7802704,0.12410806864500046
7803616,0.12976638972759247
7803696,0.128729447722435
7805456,0.12630106508731842
7805568,0.12014072388410568
7805968,0.12633495032787323
7809360,0.11775029450654984
7809504,0.125750333070755
7809552,0.11585108935832977
7813088,0.12878476083278656
7813152,0.12527327239513397
7814240,0.1292349398136139
7816144,0.11955288052558899
7816608,0.13351531326770782
7818400,0.12551234662532806
7821936,0.11524508148431778
7821952,0.13273580372333527
7822256,0.098736472427845
7825920,0.11923091113567352
7826768,0.12719868123531342
7826768,0.12569791078567505
7827376,0.12647950649261475
7827680,0.1273638904094696
7828560,0.13096271455287933
7828624,0.12245114892721176
7829344,0.13290730118751526
7830912,0.12524940073490143
7831824,0.11283668130636215
7833968,0.12362055480480194
7833968,0.11925497651100159
7834224,0.12897437810897827
7836640,0.12739545106887817
7839680,0.13115890324115753
7840208,0.12584719061851501
7841168,0.1250889152288437
7841856,0.1246233582496643
7841968,0.12864138185977936
7843680,0.11768144369125366
7844592,0.12661303579807281
7845216,0.12393765896558762
7845520,0.1287062019109726
7846000,0.1273074746131897
7846320,0.1291377693414688
7847328,0.12787164747714996
7848128,0.12511122226715088
7848480,0.13571804761886597
7848704,0.12845481932163239
7848832,0.1270924210548401
7855776,0.12922072410583496
7855872,0.12696953117847443
7858128,0.12654224038124084
7858768,0.12731920182704926
7863808,0.1256348043680191
7865184,0.12756474316120148
7867680,0.12719137966632843
7868784,0.12989920377731323
7870144,0.1326923817396164
7870560,0.12236987054347992
7870976,0.12395147979259491
7875856,0.12226659804582596
7878496,0.12172265350818634
7880496,0.12580136954784393
7880768,0.13029438257217407
7881616,0.12508833408355713
7883120,0.12110812962055206
7883168,0.12653681635856628
7884624,0.12551747262477875
7884976,0.11874238401651382
7885728,0.13124431669712067
7886224,0.12689585983753204
7892336,0.11881877481937408
7893056,0.13095314800739288
7893312,0.1275569200515747
7894304,0.12625955045223236
7895312,0.12600493431091309
7898128,0.12653681635856628
7900784,0.12884895503520966
7900864,0.11878649145364761
7903328,0.12269563227891922
7903504,0.12498483806848526
7903760,0.12401668727397919
7903920,0.1280476450920105
7904464,0.12719985842704773
7907072,0.13567610085010529
7907376,0.12294549494981766
7907440,0.12547391653060913
7908176,0.12586145102977753
7908368,0.12629763782024384
7908944,0.11678184568881989
7910368,0.12895467877388
7910512,0.12766508758068085
7911008,0.12264996021986008
7911408,0.12668730318546295
7911632,0.1286274790763855
7911712,0.12345177680253983
7912624,0.12353052943944931
7915440,0.13102762401103973
7915840,0.1180788204073906
7918048,0.12352199852466583
7918960,0.1306968480348587
7919376,0.12994064390659332
7919456,0.13182297348976135
7920896,0.12814801931381226
7922160,0.12270906567573547
7923008,0.1286931335926056
7924592,0.1303371787071228
7924816,0.12953567504882812
7924896,0.12740856409072876
7926048,0.11873433738946915
7926864,0.1292751133441925
7927968,0.1290305107831955
7929392,0.125961571931839
7929392,0.12685558199882507
7932048,0.12712159752845764
7932384,0.1247783824801445
7932896,0.1280163824558258
7933712,0.12563642859458923
7933984,0.12759952247142792
7936448,0.12973837554454803
7936496,0.1278836727142334
7936960,0.12767283618450165
7937232,0.12597021460533142
7937328,0.11636824905872345
7937568,0.12833364307880402
7939088,0.1282981038093567
7942928,0.12282673269510269
7943040,0.1258276104927063
7943856,0.12214876711368561
7945968,0.12492284178733826
7946576,0.12720142304897308
7947120,0.13077382743358612
7947184,0.12537600100040436
7947376,0.12514758110046387
7951344,0.1236477792263031
7951616,0.12611207365989685
7953824,0.12308059632778168
7954352,0.12453844398260117
7954896,0.12599799036979675
7958400,0.12943266332149506
7958832,0.11755544692277908
7960272,0.12142448872327805
7961552,0.12580794095993042
7961792,0.12928007543087006
7962288,0.1267274171113968
7963344,0.12203940004110336
7964240,0.11948968470096588
7966912,0.12802764773368835
7967104,0.12541507184505463
7970576,0.12780967354774475
7971696,0.12396830320358276
7972944,0.1263788938522339
7973952,0.10500688850879669
7976064,0.12375231832265854
7976576,0.13125139474868774
7977088,0.12979713082313538
7979840,0.12585902214050293
7980688,0.12246053665876389
7981280,0.12802907824516296
7981280,0.12607915699481964
7983120,0.1324170082807541
7983824,0.12578584253787994
7984304,0.1274304836988449
7984816,0.12848205864429474
7984832,0.1309918612241745
7986736,0.13317447900772095
7987232,0.12751826643943787
7988176,0.10778553783893585
7989216,0.12050849944353104
7991952,0.12960068881511688
7992256,0.12530551850795746
7993984,0.12377079576253891
7995024,0.12764793634414673
7996864,0.1252056211233139
7999200,0.1232730820775032
8001072,0.1288396120071411
8002304,0.10990233719348907
8002768,0.12762625515460968
8003888,0.12582927942276
8004592,0.12886300683021545
8005856,0.12133828550577164
8006096,0.12423957139253616
8006368,0.1241774708032608
8009952,0.13154806196689606
8011712,0.126662477850914
8013104,0.12651172280311584
8013264,0.12247435748577118
8013568,0.12536269426345825
8014224,0.12796540558338165
8016448,0.12532901763916016
8016640,0.12442971765995026
8017504,0.11366626620292664
8018352,0.12784217298030853
8019312,0.12516887485980988
8020720,0.12312201410531998
8022560,0.12547661364078522
8022832,0.1288134902715683
8024080,0.1229173094034195
8027392,0.12915149331092834
8027712,0.12219519168138504
8028816,0.12814223766326904
8029344,0.12136391550302505
8030448,0.12566706538200378
8031264,0.1253785938024521
8031280,0.126779243350029
8031600,0.1195603534579277
8033008,0.12800294160842896
8034576,0.12787887454032898
8035280,0.12597645819187164
8035968,0.12719610333442688
8036496,0.11839407682418823
8037536,0.1222618892788887
8038080,0.12538938224315643
8038368,0.12696321308612823
8041104,0.126977801322937
8041600,0.12825925648212433
8042336,0.1221211701631546
8043936,0.12848053872585297
8045168,0.12696021795272827
8047456,0.1302826851606369
8047504,0.12990525364875793
8049104,0.1342511922121048
8050096,0.12868091464042664
8052368,0.11530746519565582
8052464,0.11623108386993408
8054544,0.12227252870798111
8055200,0.131691113114357
8056032,0.12450271844863892
8058160,0.12316666543483734
8058688,0.10807182639837265
8058864,0.1289597898721695
8059728,0.11952290683984756
8062432,0.13252700865268707
8063760,0.12033863365650177
8064320,0.12321759015321732
8066656,0.12674909830093384
8068352,0.13002362847328186
8068912,0.12469995766878128
8069536,0.13170816004276276
8071424,0.1314586102962494
8073568,0.12450738996267319
8074080,0.12638963758945465
8074928,0.12903672456741333
8078480,0.12198570370674133
8079568,0.12344206124544144
8079680,0.12214449048042297
8080352,0.12536583840847015
8082448,0.12702596187591553
8082672,0.12739795446395874
8083184,0.12413905560970306
8083776,0.13181212544441223
8087328,0.13300111889839172
8087952,0.12663860619068146
8088272,0.12975214421749115
8088912,0.12358096987009048
8089216,0.11655478924512863
8089456,0.12695720791816711
8090944,0.12994690239429474
8091024,0.13268649578094482
8091872,0.12604518234729767
8091888,0.12881377339363098
8093984,0.1260753870010376
8095408,0.12902714312076569
8097600,0.11309638619422913
8101088,0.1263192892074585
8103264,0.12605975568294525
8106416,0.12227479368448257
8108016,0.11728809028863907
8108816,0.13220912218093872
8108960,0.11787504702806473
8109312,0.129120334982872
8109488,0.1286943405866623
8110416,0.12760160863399506
8111616,0.12776648998260498
8113392,0.12846924364566803
8115328,0.12994606792926788
8115888,0.12496408820152283
8116592,0.12849973142147064
8117056,0.11991096287965775
8118816,0.13224390149116516
8120032,0.12410659343004227
8120064,0.1276979148387909
8120416,0.12512436509132385
8122960,0.131512850522995
8123216,0.12347148358821869
8123600,0.12371887266635895
8126096,0.1265455037355423
8127184,0.1291506439447403
8127504,0.12926514446735382
8127744,0.1287107765674591
8129632,0.12716805934906006
8130288,0.12835149466991425
8130608,0.12240453064441681
8130752,0.12746180593967438
8131952,0.1268792301416397
8132864,0.12221555411815643
8133840,0.13043569028377533
8134304,0.12235633283853531
8134528,0.12472157180309296
8135504,0.1259293109178543
8138160,0.125367671251297
8139056,0.1269501894712448
8140704,0.12557929754257202
8141024,0.1261797845363617
8142672,0.12949241697788239
8145248,0.1309289187192917
8148640,0.12630169093608856
8148704,0.12936308979988098
8149776,0.12513522803783417
8150672,0.11035031080245972
8151344,0.1124967485666275
8151696,0.12736111879348755
8151968,0.13086314499378204
8152256,0.12649470567703247
8154752,0.1299976259469986
8155200,0.12436243891716003
8157904,0.12823046743869781
8157936,0.1285594254732132
8158464,0.13302554190158844
8160416,0.1260956972837448
8166272,0.12878435850143433
8169856,0.12904219329357147
8172944,0.12371672689914703
8173248,0.1280880868434906
8173424,0.12707041203975677
8174720,0.127170130610466
8176208,0.12554407119750977
8176256,0.12341722846031189
8179024,0.1248258724808693
8182992,0.12407352775335312
8183264,0.12408352643251419
8183360,0.13142773509025574
8186560,0.125407874584198
8187360,0.12912443280220032
8187840,0.12165030092000961
8188736,0.13276980817317963
8189008,0.12767042219638824
8190368,0.11023824661970139
8190864,0.12918154895305634
8190864,0.13109752535820007
8191344,0.1292659342288971
8194416,0.12579120695590973
8194464,0.12384956330060959
8194992,0.12924054265022278
8195376,0.12966659665107727
8198528,0.129043310880661
8199328,0.1272403597831726
8199744,0.12880834937095642
8201920,0.12948249280452728
8204448,0.1261739432811737
8205216,0.12940849363803864
8205584,0.12493780255317688
8205680,0.12409473955631256
8206480,0.12957575917243958
8208192,0.1286974847316742
8208288,0.12078110128641129
8208672,0.13197027146816254
8209344,0.12883740663528442
8210448,0.12705539166927338
8212784,0.12493050843477249
8214512,0.12620176374912262
8215232,0.12473231554031372
8215392,0.1228032186627388
8215600,0.1281505674123764
8219312,0.12923553586006165
8219888,0.12818917632102966
8222528,0.1250622719526291
8222752,0.12363944202661514
8222944,0.13273224234580994
8225344,0.1251218169927597
8226320,0.1335812211036682
8226720,0.12540557980537415
8227024,0.12406286597251892
8228576,0.1286672204732895
8229536,0.12105800211429596
8229680,0.12813052535057068
8230144,0.12696929275989532
8230384,0.12975677847862244
8230640,0.12843358516693115
8232048,0.1272497922182083
8232944,0.13046294450759888
8233344,0.12593290209770203
8233344,0.13025139272212982
8236592,0.1251228004693985
8237104,0.12743930518627167
8239664,0.13022089004516602
8240784,0.1279904842376709
8240976,0.13212232291698456
8241040,0.1278005987405777
8241248,0.12640433013439178
8241568,0.12391896545886993
8242752,0.12711676955223083
8242912,0.11055289953947067
8243744,0.12237302958965302
8244128,0.13384942710399628
8247232,0.115569107234478
8247712,0.12729570269584656
8248784,0.13282279670238495
8250288,0.125501811504364
8250752,0.1281711310148239
8251536,0.12422892451286316
8251776,0.13286139070987701
8252240,0.1265074908733368
8252448,0.12634459137916565
8254432,0.11711153388023376
8254976,0.12603963911533356
8258608,0.12787240743637085
8259504,0.12587057054042816
8261536,0.1265897899866104
8261744,0.12665505707263947
8262512,0.12649209797382355
8265296,0.13173645734786987
8265696,0.12656007707118988
8266032,0.12760399281978607
8266384,0.13007588684558868
8269248,0.1326712965965271
8269696,0.12782368063926697
8270544,0.11775751411914825
8271680,0.12579749524593353
8272320,0.1328428089618683
8272496,0.12287960201501846
8272800,0.12642519176006317
8272928,0.13003957271575928
8273120,0.11761479824781418
8273216,0.13300828635692596
8274880,0.1196560487151146
8275152,0.12626686692237854
8275952,0.1272488534450531
8276400,0.1283307522535324
8277248,0.12659798562526703
8279088,0.1186794638633728
8279504,0.129149928689003
8279728,0.12638986110687256
8280160,0.12602275609970093
8280432,0.12944889068603516
8283808,0.1265212893486023
8284016,0.12752673029899597
8284784,0.12623557448387146
8285184,0.1240939199924469
8288784,0.1252022683620453
8289552,0.11898797005414963
8290240,0.12736506760120392
8290864,0.12796896696090698
8291936,0.12618838250637054
8293520,0.12826620042324066
8293760,0.13013800978660583
8293936,0.12473202496767044
8295856,0.09779110550880432
8295920,0.12795813381671906
8298032,0.1273699849843979
8299440,0.13040535151958466
8299440,0.1277317851781845
8300896,0.12679722905158997
8301104,0.1271411031484604
8301168,0.1262158751487732
8301632,0.12288295477628708
8301888,0.12595689296722412
8302192,0.10959617793560028
8305200,0.1298256665468216
8305904,0.12393710762262344
8308064,0.1252608597278595
8308288,0.1254013329744339
8308608,0.12821613252162933
8310112,0.12592117488384247
8312336,0.12761308252811432
8315888,0.1270669847726822
8315936,0.13071487843990326
8316464,0.12875881791114807
8318560,0.12448133528232574
8318960,0.12585380673408508
8319472,0.12992049753665924
8320720,0.1279441863298416
8320864,0.12973423302173615
8321952,0.12581844627857208
8322336,0.12522198259830475
8322992,0.13008294999599457
8329888,0.13276030123233795
8330800,0.13385029137134552
8331616,0.12393411248922348
8332528,0.11940839886665344
8332816,0.11771725118160248
8332928,0.12879760563373566
8335424,0.13385599851608276
8335712,0.1284153312444687
8336480,0.12801654636859894
8336640,0.12648767232894897
8338176,0.11493368446826935
8338672,0.12832655012607574
8338944,0.1260569989681244
8340000,0.1270819455385208
8340144,0.12681518495082855
8342352,0.12771199643611908
8345056,0.12749691307544708
8345888,0.12724874913692474
8347392,0.13111472129821777
8350688,0.1277391016483307
8351152,0.12539049983024597
8353168,0.12413939088582993
8355568,0.12588170170783997
8356016,0.13019998371601105
8356208,0.12494048476219177
8356544,0.12596943974494934
8358160,0.13014937937259674
8360320,0.12841883301734924
8361424,0.1281196027994156
8361680,0.12699446082115173
8362880,0.12320882827043533
8362928,0.12618011236190796
8363328,0.12764672935009003
8366480,0.129451185464859
8366480,0.13369177281856537
8366768,0.13033463060855865
8368304,0.1308136135339737
8368576,0.12434807419776917
8369776,0.12817925214767456
8370000,0.12716346979141235
8370176,0.12273138761520386
8371984,0.12868647277355194
8372128,0.1251932978630066
8372416,0.1128125935792923
8373600,0.12827616930007935
8373600,0.1223130002617836
8373872,0.1282406747341156
8375520,0.12629680335521698
8379296,0.13109880685806274
8379504,0.12802430987358093
8382592,0.13132646679878235
8382832,0.1262834668159485
8382848,0.13055101037025452
8386208,0.13193754851818085
8386352,0.12438447773456573
8386608,0.13433992862701416
8389920,0.12708213925361633
8391888,0.12935301661491394
8393744,0.12751621007919312
8394560,0.13087938725948334
8395408,0.12836718559265137
8395536,0.12028712034225464
8397024,0.1244630441069603
8397456,0.12462350726127625
8398528,0.1280793398618698
8399840,0.1259225308895111
8399920,0.12691855430603027
8402032,0.12494300305843353
8402464,0.12419580668210983
8403456,0.12979651987552643
8405824,0.11793702095746994
8406912,0.1258998066186905
8407760,0.13187560439109802
8409168,0.12757109105587006
8410736,0.12795895338058472
8415264,0.12622027099132538
8415728,0.12961791455745697
8416560,0.12133511900901794
8417440,0.1232721284031868
8418864,0.12824726104736328
8419840,0.12947054207324982
8419968,0.12395636737346649
8420944,0.12809395790100098
8421184,0.13114510476589203
8421504,0.12345210462808609
8427088,0.1288139522075653
8429536,0.1263580024242401
8430448,0.12934644520282745
8430608,0.13053911924362183
8432144,0.12469727545976639
8434160,0.1252739429473877
8437792,0.12310639768838882
8440208,0.13221976161003113
8440512,0.12629064917564392
8441376,0.114766426384449
8441392,0.12342973798513412
8442272,0.12523753941059113
8442560,0.12585538625717163
8442864,0.1286647468805313
8444656,0.129723459482193
8445200,0.1250743716955185
8445776,0.12324325740337372
8445872,0.1319064199924469
8447184,0.12816853821277618
8449424,0.12931038439273834
8449440,0.12173053622245789
8450592,0.1232018917798996
8454752,0.12127042561769485
8455904,0.12781740725040436
8456432,0.12540660798549652
8459104,0.12871281802654266
8460160,0.12666809558868408
8460240,0.12575353682041168
8460320,0.12808620929718018
8460752,0.12847131490707397
8462336,0.1309642195701599
8463504,0.1251147985458374
8467120,0.12462519109249115
8467328,0.12805627286434174
8467344,0.12325741350650787
8467824,0.12763077020645142
8467968,0.12417790293693542
8468928,0.127053901553154
8469776,0.12759773433208466
8470096,0.12739120423793793
8470448,0.12947724759578705
8470656,0.1265696883201599
8470736,0.12890222668647766
8470816,0.12660318613052368
8470864,0.13027378916740417
8471328,0.12583418190479279
8471856,0.11930876970291138
8474304,0.122102752327919
8475376,0.12485156953334808
8477856,0.12907999753952026
8477920,0.12833969295024872
8479776,0.11960987001657486
8480448,0.12724125385284424
8480960,0.11031320691108704
8481936,0.12701760232448578
8484400,0.12774762511253357
8485056,0.12089035660028458
8486448,0.12389986962080002
8488128,0.1253778487443924
8489600,0.12690047919750214
8492176,0.12444257736206055
8492256,0.10990981757640839
8492464,0.11487538367509842
8493120,0.12996573746204376
8495200,0.1255469024181366
8495920,0.130435973405838
8496688,0.1294293999671936
8499296,0.12961801886558533
8502160,0.12213800102472305
8502560,0.1251644343137741
8503264,0.12796001136302948
8503808,0.12693637609481812
8504432,0.12732744216918945
8506320,0.1264469176530838
8506816,0.12485527992248535
8507392,0.12695546448230743
8509264,0.12871095538139343
8509936,0.1323520541191101
8513168,0.1232384517788887
8515280,0.12342020869255066
8515360,0.1314704269170761
8518928,0.11929634213447571
8519920,0.12662141025066376
8520480,0.13045711815357208
8521328,0.12641341984272003
8522368,0.12408020347356796
8522384,0.1281725913286209
8523664,0.12836168706417084
8523696,0.1268630474805832
8524128,0.1250266134738922
8525952,0.12637045979499817
8527200,0.13182789087295532
8527376,0.13108043372631073
8527712,0.12698866426944733
8530144,0.1281624585390091
8534320,0.12978821992874146
8536032,0.12333753705024719
8536736,0.1244262307882309
8537728,0.12163622677326202
8538912,0.12266871333122253
8539328,0.1296529620885849
8542656,0.11546819657087326
8543888,0.12618735432624817
8544800,0.12530812621116638
8545008,0.12572281062602997
8545616,0.1277795284986496
8547392,0.12790195643901825
8547808,0.13159939646720886
8548208,0.12377149611711502
8548592,0.12604723870754242
8548608,0.13081100583076477
8553216,0.1302955597639084
8554640,0.12532658874988556
8554976,0.1262226402759552
8555312,0.12541553378105164
8555520,0.12945400178432465
8555760,0.1251012235879898
8557456,0.1291511058807373
8558720,0.12693125009536743
8559328,0.1290716975927353
8562064,0.12208058685064316
8562848,0.12595154345035553
8562896,0.12780268490314484
8563120,0.12320917844772339
8565216,0.12498994916677475
8565392,0.12361331284046173
8565920,0.12579825520515442
8566144,0.12968258559703827
8572768,0.11130151897668839
8573008,0.12453143298625946
8573552,0.1274866908788681
8574416,0.12807026505470276
8576192,0.11853601783514023
8576912,0.12774696946144104
8577024,0.12641027569770813
8580320,0.12199442833662033
8580576,0.12956537306308746
8583072,0.12899163365364075
8583488,0.1257990449666977
8584096,0.1314108967781067
8584256,0.13121777772903442
8587008,0.12970739603042603
8587600,0.12888769805431366
8587888,0.126774400472641
8588768,0.11743076890707016
8590016,0.11809466034173965
8593248,0.12460927665233612
8594400,0.12406402826309204
8594928,0.12816868722438812
8594960,0.1255817860364914
8596832,0.12888246774673462
8597552,0.12840016186237335
8600096,0.1288803368806839
8600864,0.132565438747406
8601856,0.12983408570289612
8602000,0.13193640112876892
8602096,0.12789955735206604
8603680,0.12686364352703094
8605616,0.12846845388412476
8607616,0.13054174184799194
8608272,0.12341412901878357
8608496,0.12222438305616379
8611536,0.12975047528743744
8611808,0.13171255588531494
8612640,0.1256808638572693
8612816,0.1252487450838089
8614688,0.12851716578006744
8614848,0.13118639588356018
8614976,0.1286820024251938
8615664,0.12469533830881119
8615744,0.1284981220960617
8616272,0.12945997714996338
8618880,0.12638024985790253
8619344,0.12445814907550812
8619904,0.1264951229095459
8622928,0.12915150821208954
8623184,0.12626755237579346
8623408,0.1341668963432312
8625424,0.12032438814640045
8626176,0.12942704558372498
8626560,0.11545580625534058
8627072,0.11938584595918655
8627648,0.1259801685810089
8629472,0.12588058412075043
8629488,0.12135733664035797
8630096,0.1282452493906021
8630208,0.1247965469956398
8630576,0.12657098472118378
8632592,0.1248364970088005
8632800,0.12297170609235764
8633616,0.1301182508468628
8634128,0.12884613871574402
8636128,0.13606229424476624
8636560,0.12667156755924225
8639664,0.1294814795255661
8640112,0.1265922486782074
8640112,0.1296258419752121
8641152,0.12364891171455383
8641200,0.12715907394886017
8643648,0.12789149582386017
8645456,0.1260024458169937
8646784,0.12706299126148224
8647264,0.1289786994457245
8647264,0.11987703293561935
8647632,0.1261434555053711
8647856,0.12960487604141235
8647920,0.12845845520496368
8648096,0.12636463344097137
8648288,0.1309012770652771
8650720,0.1302998811006546
8651712,0.1235940009355545
8653792,0.12204437702894211
8654400,0.11826182901859283
8654400,0.12392426282167435
8654656,0.12526844441890717
8654816,0.12742500007152557
8655088,0.12400378286838531
8655264,0.12928369641304016
8657552,0.12478660047054291
8657584,0.12229184061288834
8657904,0.12930262088775635
8657920,0.1309719830751419
8658176,0.1278621256351471
8661008,0.13078856468200684
8664528,0.1257069855928421
8664720,0.11645607650279999
8664960,0.13152773678302765
8666016,0.1250012218952179
8666800,0.12885679304599762
8667744,0.11136012524366379
8668048,0.12718389928340912
8669552,0.12551414966583252
8669728,0.1251504272222519
8673296,0.12693607807159424
8675328,0.12563078105449677
8679296,0.12425217777490616
8679728,0.130132794380188
8680496,0.12199842929840088
8685664,0.1200060024857521
8686000,0.12332918494939804
8686320,0.12327714264392853
8686352,0.12411405146121979
8686384,0.12855057418346405
8687616,0.127444326877594
8687632,0.12733255326747894
8689072,0.13451869785785675
8689552,0.12952499091625214
8689680,0.12893490493297577
8690704,0.13135328888893127
8693056,0.12366528809070587
8694256,0.12900689244270325
8694688,0.12993848323822021
8694784,0.1284373253583908
8697328,0.13106246292591095
8700704,0.1311795860528946
8703392,0.12315043061971664
8704256,0.13131998479366302
8706832,0.12967605888843536
8706960,0.12373882532119751
8707408,0.12745118141174316
8707488,0.1295901983976364
8708496,0.12281710654497147
8708800,0.1283905804157257
8710336,0.12805157899856567
8712544,0.1229369044303894
8714048,0.1288311779499054
8714176,0.12954343855381012
8716096,0.13172587752342224
8717680,0.12980495393276215
8717760,0.12610116600990295
8718384,0.12619931995868683
8718576,0.12793134152889252
8722784,0.12061239778995514
8723152,0.1316298097372055
8726688,0.13023187220096588
8728480,0.1248343214392662
8729248,0.12777183949947357
8729312,0.1256117969751358
8731776,0.12764082849025726
8731792,0.12884356081485748
8733728,0.12614446878433228
8735312,0.125702366232872
8736000,0.12150831520557404
8736432,0.1319044828414917
8738688,0.12880294024944305
8739008,0.12410229444503784
8739680,0.12837916612625122
8739984,0.12807926535606384
8742304,0.12927494943141937
8742304,0.12889613211154938
8742576,0.12823373079299927
8742848,0.12779998779296875
8744144,0.1271110326051712
8745328,0.1288648247718811
8746016,0.12446580827236176
8747168,0.12607619166374207
8749696,0.12674522399902344
8750432,0.1258493959903717
8752496,0.11625281721353531
8753248,0.13221454620361328
8753296,0.12322235852479935
8753520,0.12386121600866318
8754896,0.12147623300552368
8756080,0.12387288361787796
8756112,0.12705551087856293
8756832,0.12866458296775818
8757120,0.12629202008247375
8759680,0.12793657183647156
8761424,0.13127394020557404
8761440,0.12931694090366364
8763904,0.13454227149486542
8763904,0.12568217515945435
8763968,0.12850220501422882
8764384,0.12403441965579987
8764416,0.13067135214805603
8767552,0.1280069500207901
8768016,0.1304730474948883
8768352,0.12658600509166718
8769376,0.10490239411592484
8769952,0.12164446711540222
8771184,0.13082371652126312
8771904,0.12522420287132263
8772048,0.12925760447978973
8773712,0.12992990016937256
8774704,0.1297174096107483
8777552,0.12598514556884766
8778368,0.11917993426322937
8779152,0.12231415510177612
8780176,0.11768556386232376
8782608,0.12919548153877258
8785152,0.1258862316608429
8785440,0.1325184851884842
8785504,0.12425443530082703
8786272,0.1293289214372635
8789312,0.11624918133020401
8791344,0.13224799931049347
8792240,0.12748688459396362
8792800,0.1236509382724762
8793312,0.12765033543109894
8794304,0.12434433400630951
8795808,0.11560731381177902
8799264,0.12657468020915985
8799632,0.13287398219108582
8801376,0.11908842623233795
8801680,0.13168691098690033
8802704,0.11245175451040268
8803328,0.1241331398487091
8805264,0.12805739045143127
8806240,0.129810631275177
8807152,0.130126953125
8807408,0.12904858589172363
8808176,0.12561343610286713
8810400,0.12213224172592163
8811712,0.12915462255477905
8813408,0.12887810170650482
8813824,0.12527357041835785
8814320,0.12902890145778656
8814416,0.1248641163110733
8815248,0.12551061809062958
8818816,0.1310766190290451
8820496,0.12622489035129547
8820560,0.12906472384929657
8820880,0.12185181677341461
8821472,0.12426735460758209
8824544,0.12870146334171295
8825216,0.1300094723701477
8826688,0.1267479956150055
8828608,0.1313248723745346
8829552,0.13115236163139343
8830144,0.11639600992202759
8830544,0.1299387812614441
8831344,0.12685054540634155
8832672,0.12285608053207397
8833168,0.12014491856098175
8833792,0.10380540788173676
8834224,0.12399814277887344
8834912,0.12965761125087738
8837856,0.12349878996610641
8839824,0.12852655351161957
8840832,0.1279192417860031
8843344,0.13279789686203003
8845328,0.13275502622127533
8845552,0.1282326728105545
8849792,0.12190210819244385
8850448,0.13000242412090302
8851552,0.12608438730239868
8852064,0.12724892795085907
8852400,0.12950077652931213
8854000,0.1268583983182907
8856320,0.124064601957798
8857632,0.12163472175598145
8858576,0.12301335483789444
8859168,0.13191600143909454
8859184,0.12984828650951385
8860416,0.1305711716413498
8862224,0.1314074546098709
8862704,0.13112738728523254
8862816,0.1264783889055252
8863440,0.1255750060081482
8865680,0.1263820379972458
8866608,0.11933127790689468
8868720,0.12578076124191284
8871040,0.12560832500457764
8871984,0.13205276429653168
8874416,0.12860527634620667
8878432,0.12650205194950104
8878816,0.12533238530158997
8879520,0.12851166725158691
8880560,0.1335098147392273
8880880,0.12450902163982391
8881184,0.12962517142295837
8884160,0.12977294623851776
8884864,0.12884490191936493
8887184,0.12462271004915237
8887712,0.13003015518188477
8887984,0.12986458837985992
8888688,0.13147976994514465
8888864,0.13309639692306519
8889024,0.12475013732910156
8889712,0.1244213879108429
8890144,0.12786370515823364
8890752,0.11876484006643295
8892032,0.12749376893043518
8892208,0.13679608702659607
8892208,0.12236150354146957
8894160,0.13259807229042053
8894864,0.12786424160003662
8895104,0.12687450647354126
8895728,0.12653088569641113
8895936,0.1282692700624466
8897280,0.13478729128837585
8898464,0.13346052169799805
8898720,0.12766748666763306
8899712,0.12571103870868683
8901504,0.1256265640258789
8901632,0.12526653707027435
8902528,0.12577982246875763
8904288,0.12488027662038803
8904384,0.12123671174049377
8905152,0.11982791870832443
8905616,0.12992781400680542
8905744,0.12628142535686493
8906800,0.13370361924171448
8907552,0.13552433252334595
8908432,0.12431096285581589
8909360,0.1252252757549286
8910288,0.1299414187669754
8911712,0.1269557923078537
8914704,0.12584753334522247
8915248,0.12890200316905975
8916992,0.12873315811157227
8917152,0.13041581213474274
8917776,0.12696638703346252
8921136,0.12465038150548935
8924112,0.12390995025634766
8924368,0.11881311982870102
8925392,0.12633882462978363
8925392,0.12690354883670807
8926096,0.11336757242679596
8928048,0.1278430074453354
8928240,0.13196797668933868
8929168,0.12697914242744446
8930576,0.13086554408073425
8935424,0.12246868014335632
8935584,0.12673769891262054
8935824,0.12733528017997742
8937056,0.12307938188314438
8938976,0.1273157000541687
8940528,0.12824171781539917
8941264,0.12311684340238571
8942544,0.1278458684682846
8943376,0.12866823375225067
8945472,0.12481459230184555
8945648,0.12760843336582184
8946272,0.12922705709934235
8946720,0.13052214682102203
8946880,0.121654212474823
8949792,0.12456740438938141
8949984,0.13446488976478577
8950192,0.12813305854797363
8951632,0.1255917251110077
8951904,0.1256750524044037
8952608,0.13007418811321259
8953968,0.13119575381278992
8954656,0.11685450375080109
8958688,0.12906460464000702
8960320,0.12568120658397675
8960944,0.1314491480588913
8961840,0.12801750004291534
8963376,0.12650281190872192
8963680,0.12874890863895416
8965728,0.11942636221647263
8967056,0.1310742050409317
8967472,0.12589532136917114
8967776,0.12892697751522064
8968064,0.1322592943906784
8971024,0.12617316842079163
8971632,0.13026215136051178
8973232,0.13197526335716248
8974064,0.12872694432735443
8974528,0.12907211482524872
8975200,0.1267787516117096
8975904,0.12381478399038315
8975952,0.11024022102355957
8976816,0.12988215684890747
8977920,0.13507802784442902
8978784,0.1299535632133484
8979920,0.12440761178731918
8981600,0.12767009437084198
8983120,0.12640278041362762
8983520,0.12878979742527008
8985152,0.1272568702697754
8986912,0.12430725246667862
8986992,0.12948866188526154
8988384,0.1284063309431076
8994192,0.12405169010162354
8994240,0.1295354664325714
8995488,0.12638625502586365
8995920,0.12477605044841766
8997792,0.12726156413555145
8999360,0.1307562291622162
8999520,0.1252240091562271
9000240,0.12662774324417114
9000480,0.12938137352466583
9001152,0.13020747900009155
9001248,0.13246949017047882
9001344,0.13152432441711426
9002112,0.12315232306718826
9002576,0.12440301477909088
9003824,0.13393326103687286
9004608,0.1352248191833496
9004656,0.1268703192472458
9006320,0.11539506167173386
9006752,0.12852774560451508
9007472,0.12237460911273956
9010128,0.1254688799381256
9010160,0.12542304396629333
9010384,0.12410001456737518
9011936,0.13030217587947845
9012032,0.1295912116765976
9015504,0.1270262449979782
9016240,0.13240718841552734
9017248,0.1347099244594574
9017568,0.1258898228406906
9018576,0.12342265993356705
9019120,0.12532557547092438
9019792,0.12971074879169464
9019872,0.12606434524059296
9021120,0.12571032345294952
9022480,0.1281369924545288
9024080,0.1320243924856186
9024752,0.1298816204071045
9026336,0.12383973598480225
9027056,0.1264140009880066
9029344,0.13024277985095978
9033424,0.12617845833301544
9034016,0.127107173204422
9034256,0.127631276845932
9034784,0.13075552880764008
9036432,0.1279003620147705
9036576,0.12717127799987793
9036944,0.12457219511270523
9037040,0.12737898528575897
9037648,0.12434090673923492
9038048,0.1293337345123291
9038944,0.12991435825824738
9040032,0.12801505625247955
9042176,0.13316775858402252
9042960,0.12847281992435455
9043696,0.12543919682502747
9046224,0.13209527730941772
9047136,0.1294025331735611
9048400,0.1279793083667755
9050656,0.12434965372085571
9051248,0.12624800205230713
9051248,0.13343876600265503
9053408,0.12723255157470703
9054240,0.1305433064699173
9054864,0.12211361527442932
9056304,0.13069406151771545
9056448,0.12902173399925232
9056656,0.12815415859222412
9056960,0.12858322262763977
9059136,0.128475621342659
9060000,0.13023003935813904
9060176,0.12566755712032318
9060432,0.12341323494911194
9060576,0.12903834879398346
9063376,0.12611989676952362
9065280,0.12949982285499573
9066816,0.12898118793964386
9067664,0.13045234978199005
9069952,0.12617021799087524
9073616,0.1219424307346344
9074336,0.13027141988277435
9074416,0.12345707416534424
9077040,0.13063809275627136
9077872,0.12882860004901886
9079824,0.12635134160518646
9081472,0.12679988145828247
9082288,0.13023214042186737
9083040,0.12519559264183044
9084336,0.1319745033979416
9085568,0.12812122702598572
9086416,0.1297425478696823
9086832,0.12778562307357788
9087536,0.12836934626102448
9087584,0.12589004635810852
9090176,0.12657387554645538
9091424,0.12646783888339996
9093024,0.12674158811569214
9093600,0.1255607306957245
9093728,0.12838388979434967
9096288,0.1219315379858017
9096576,0.13114021718502045
9098544,0.13214917480945587
9101632,0.13279439508914948
9101904,0.12838022410869598
9103392,0.1301874816417694
9106912,0.12642306089401245
9107904,0.12095949798822403
9108688,0.1274936944246292
9112528,0.1250118464231491
9114960,0.13287711143493652
9118576,0.12513630092144012
9119472,0.12413671612739563
9119552,0.12810328602790833
9121616,0.12994249165058136
9121744,0.13128414750099182
9122176,0.1247364953160286
9122720,0.12971989810466766
9122832,0.1304677128791809
9123248,0.12197975814342499
9126480,0.1262107789516449
9126704,0.12911662459373474
9130064,0.12823781371116638
9130160,0.12577049434185028
9130240,0.12729917466640472
9130736,0.12811119854450226
9132240,0.12769469618797302
9132960,0.11980600655078888
9133584,0.12759284675121307
9133632,0.13021999597549438
9134272,0.12467393279075623
9134336,0.12901827692985535
9135824,0.11895943433046341
9139632,0.1263941377401352
9140736,0.1245407834649086
9140896,0.12706178426742554
9144480,0.1298462450504303
9144672,0.1313330978155136
9147312,0.12243049591779709
9147520,0.1259886771440506
9148000,0.12829768657684326
9148032,0.12808282673358917
9151344,0.1305559128522873
9156160,0.12827403843402863
9158672,0.1280176192522049
9158720,0.12142273783683777
9159200,0.12751948833465576
9159312,0.12963545322418213
9161520,0.12985974550247192
9162192,0.12465415894985199
9162224,0.1245017796754837
9162304,0.1308683156967163
9162432,0.12746165692806244
9163584,0.12481752038002014
9165904,0.12149535119533539
9165936,0.12609171867370605
9166832,0.1090608611702919
9168592,0.12682054936885834
9168832,0.123395174741745
9168976,0.12285105884075165
9169312,0.12568503618240356
9169488,0.13229341804981232
9170064,0.11690810322761536
9172528,0.12794461846351624
9173072,0.12904410064220428
9173120,0.12785756587982178
9173392,0.1258247047662735
9173600,0.12608352303504944
9175888,0.12344666570425034
9176352,0.13137829303741455
9176672,0.12484799325466156
9178544,0.124589703977108
9179312,0.12998458743095398
9179440,0.12645922601222992
9179776,0.12325011938810349
9180560,0.1301737278699875
9181840,0.12601631879806519
9182832,0.12840132415294647
9183520,0.11957695335149765
9183840,0.1257755160331726
9188944,0.13044293224811554
9190592,0.12473364174365997
9190976,0.12844222784042358
9191936,0.13133417069911957
9192032,0.12594997882843018
9196592,0.13164402544498444
9198176,0.13093909621238708
9199680,0.12081743031740189
9201584,0.12572574615478516
9201904,0.12828777730464935
9202576,0.13023129105567932
9204320,0.12843023240566254
9205280,0.1263592541217804
9208320,0.1308317333459854
9208640,0.13414829969406128
9211344,0.12903131544589996
9211360,0.1302099972963333
9213328,0.12360968440771103
9213872,0.1303214579820633
9214128,0.13021335005760193
9216528,0.12340943515300751
9217504,0.12203880399465561
9219008,0.12625053524971008
9219184,0.12547409534454346
9219232,0.12373070418834686
9221056,0.12741030752658844
9225680,0.1312716156244278
9226432,0.1289624124765396
9229808,0.12598498165607452
9229888,0.1237124428153038
9231184,0.12815135717391968
9231792,0.12785683572292328
9231856,0.11703765392303467
9233360,0.1334514617919922
9233424,0.12720035016536713
9233664,0.1275024712085724
9234752,0.1299496293067932
9236368,0.12948481738567352
9237104,0.1274074912071228
9237168,0.13008536398410797
9243568,0.13069719076156616
9244272,0.12692326307296753
9245472,0.11987712234258652
9246064,0.12590256333351135
9247168,0.12756408751010895
9247760,0.12935829162597656
9247856,0.12424731254577637
9249664,0.12480673938989639
9250496,0.12476327270269394
9251920,0.11871900409460068
9252496,0.1263398677110672
9254352,0.12439987808465958
9256144,0.1281708925962448
9259056,0.12634053826332092
9259600,0.1289132684469223
9262000,0.1281093955039978
9264176,0.1257251501083374
9264432,0.1245475709438324
9265056,0.12717492878437042
9265360,0.12852732837200165
9266000,0.12362449616193771
9268208,0.12881477177143097
9268288,0.12772662937641144
9269888,0.12657307088375092
9271808,0.1277109533548355
9273072,0.13046398758888245
9273808,0.12683992087841034
9275264,0.1267821192741394
9276416,0.13155554234981537
9279360,0.1261884570121765
9280112,0.1268312931060791
9280512,0.12869280576705933
9281936,0.1258140355348587
9282368,0.13219645619392395
9284592,0.12352616339921951
9286352,0.12709997594356537
9287920,0.1241409108042717
9289440,0.12770865857601166
9289536,0.1260845959186554
9289568,0.12352883815765381
9290768,0.1282939463853836
9291824,0.12683910131454468
9293008,0.1283481866121292
9296576,0.13050971925258636
9300352,0.12610970437526703
9300512,0.12406206876039505
9302864,0.12756124138832092
9303408,0.11418459564447403
9304864,0.12230253219604492
9307152,0.13032838702201843
9307408,0.12816503643989563
9308224,0.12784655392169952
9308688,0.11960003525018692
9309200,0.12919850647449493
9310176,0.12153904885053635
9310960,0.12668727338314056
9311024,0.1269911378622055
9311088,0.1228104904294014
9312752,0.13205142319202423
9313584,0.13042284548282623
9313744,0.1323683261871338
9314208,0.1338902711868286
9314544,0.12978343665599823
9314832,0.12949509918689728
9314848,0.1280028074979782
9315296,0.12658226490020752
9318368,0.12544815242290497
9320816,0.12582604587078094
9322544,0.09285300225019455
9322832,0.12208157032728195
9323472,0.11655273288488388
9325264,0.12817233800888062
9325424,0.13110312819480896
9325552,0.12602433562278748
9325920,0.13015049695968628
9328608,0.12686847150325775
9329440,0.12134646624326706
9329632,0.12707358598709106
9331888,0.1305265575647354
9332128,0.12598855793476105
9332512,0.12705400586128235
9332688,0.13215389847755432
9333200,0.12982241809368134
9336544,0.12108877301216125
9336800,0.13082604110240936
9339024,0.12932045757770538
9339680,0.12830312550067902
9340416,0.127825528383255
9341280,0.1288781762123108
9346192,0.12981440126895905
9346832,0.13055163621902466
9346848,0.1268274337053299
9346880,0.12835995852947235
9347216,0.12983249127864838
9347248,0.1274123638868332
9347744,0.12390448153018951
9349760,0.12508119642734528
9350880,0.12593117356300354
9351312,0.13198134303092957
9354032,0.13115160167217255
9357008,0.12196466326713562
9357536,0.12530945241451263
9357808,0.13017025589942932
9358416,0.12675318121910095
9361104,0.12564155459403992
9366976,0.12919215857982635
9368464,0.1293623298406601
9370512,0.12860922515392303
9371296,0.12846888601779938
9372400,0.13022296130657196
9372448,0.1321062296628952
9372592,0.1267957240343094
9374064,0.12514589726924896
9375392,0.12833543121814728
9378832,0.12818723917007446
9379136,0.12928563356399536
9383072,0.1267402172088623
9383344,0.12348626554012299
9385568,0.12545298039913177
9387376,0.12494846433401108
9389696,0.12730394303798676
9389968,0.13021159172058105
9393424,0.12387365102767944
9393808,0.12573234736919403
9395744,0.12829189002513885
9396480,0.13161148130893707
9396832,0.12316130101680756
9399712,0.12999628484249115
9400272,0.1291799545288086
9400512,0.12651151418685913
9400608,0.1314404159784317
9400816,0.13205185532569885
9400928,0.12578091025352478
9401136,0.1258815973997116
9402368,0.13206109404563904
9403744,0.12881149351596832
9404688,0.12998026609420776
9407280,0.12042604386806488
9407728,0.13040193915367126
9409600,0.12359514087438583
9410368,0.12872005999088287
9411216,0.1334119737148285
9413440,0.12550106644630432
9414448,0.12965743243694305
9415136,0.1314394623041153
9418080,0.12610630691051483
9418384,0.12756836414337158
9418672,0.12379752844572067
9418880,0.12938901782035828
9420640,0.12750229239463806
9421024,0.1330559402704239
9423216,0.12939351797103882
9423488,0.13171333074569702
9425232,0.12882542610168457
9425776,0.12871815264225006
9425904,0.12815876305103302
9427664,0.12531830370426178
9428080,0.12247849255800247
9428816,0.12896166741847992
9428928,0.13001151382923126
9429536,0.12430324405431747
9430640,0.13171672821044922
9432448,0.1273263692855835
9432464,0.13302916288375854
9432560,0.12927532196044922
9433840,0.13027311861515045
9437376,0.13033267855644226
9439264,0.12068019062280655
9439584,0.13366471230983734
9442752,0.12887588143348694
9443488,0.13082429766654968
9445904,0.1293317824602127
9446784,0.12261776626110077
9446800,0.12944117188453674
9449056,0.1299751251935959
9450336,0.12835492193698883
9452672,0.12240583449602127
9453472,0.12085660547018051
9454080,0.13012190163135529
9454704,0.12940818071365356
9455264,0.1321239322423935
9455968,0.13396693766117096
9456528,0.12536367774009705
9457248,0.128841832280159
9457504,0.1264859288930893
9458192,0.11865068227052689
9460016,0.12964695692062378
9465264,0.13295486569404602
9465616,0.1170073077082634
9467232,0.11977386474609375
9473696,0.12214939296245575
9475968,0.12355395406484604
9479040,0.1293153464794159
9479712,0.12779833376407623
9480064,0.11350036412477493
9483648,0.1272910237312317
9484240,0.12927593290805817
9484992,0.12806707620620728
9486144,0.12767887115478516
9488496,0.1296842396259308
9489680,0.12810848653316498
9490272,0.12751932442188263
9490864,0.1278635412454605
9492000,0.1243148073554039
9492048,0.12972567975521088
9492112,0.11052848398685455
9493216,0.13091391324996948
9493360,0.1185743436217308
9494416,0.1265222728252411
9494448,0.12019123136997223
9497984,0.12311709672212601
9499136,0.1283954530954361
9500480,0.12443970888853073
9503264,0.1266113519668579
9505040,0.13369059562683105
9505120,0.12767817080020905
9506288,0.12931032478809357
9508144,0.12561450898647308
9509952,0.12609072029590607
9512272,0.1317250281572342
9519856,0.1271275132894516
9523712,0.13366056978702545
9523920,0.12508343160152435
9524560,0.12545837461948395
9527088,0.12855403125286102
9528816,0.1291964203119278
9532464,0.13019418716430664
9532512,0.12521469593048096
9534352,0.1249895989894867
9535936,0.1296946406364441
9535968,0.13502013683319092
9537136,0.12323687225580215
9538016,0.12208707630634308
9540720,0.1266598105430603
9541408,0.12252667546272278
9541968,0.13064515590667725
9542064,0.12192139029502869
9543056,0.12106454372406006
9543136,0.12611408531665802
9543328,0.12864354252815247
9543712,0.12775737047195435
9544320,0.12736189365386963
9545280,0.12981976568698883
9545744,0.11783833056688309
9546064,0.12828080356121063
9547248,0.12800081074237823
9550352,0.13008718192577362
9551856,0.12349392473697662
9552352,0.11938400566577911
9553248,0.12773913145065308
9553792,0.13243430852890015
9556176,0.12205592542886734
9556752,0.1316724419593811
9558032,0.12292241305112839
9559264,0.13125748932361603
9562064,0.12885351479053497
9562368,0.08738408982753754
9563312,0.12518545985221863
9564720,0.13063602149486542
9565776,0.11959175765514374
9566592,0.12901902198791504
9568480,0.1256445199251175
9569488,0.12383831292390823
9570064,0.12733101844787598
9571776,0.12631730735301971
9572016,0.12783539295196533
9573008,0.1224428191781044
9577840,0.12667670845985413
9580992,0.1310635656118393
9582320,0.13175725936889648
9584352,0.1262626349925995
9584608,0.1310500055551529
9585904,0.13088290393352509
9586272,0.12990058958530426
9586672,0.12555848062038422
9586688,0.12783107161521912
9587216,0.1267513930797577
9587984,0.1242947056889534
9589632,0.12870801985263824
9590256,0.12644299864768982
9590784,0.12813495099544525
9593168,0.12321095913648605
9593200,0.12614504992961884
9593760,0.12804986536502838
9594592,0.13060808181762695
9596752,0.12437709420919418
9597648,0.12595205008983612
9598224,0.12637899816036224
9598864,0.12185648083686829
9598960,0.1186319887638092
9600896,0.12674365937709808
9602352,0.1217455193400383
9606080,0.12394259870052338
9606080,0.12748555839061737
9607696,0.12850640714168549
9608000,0.1296362280845642
9611088,0.12743224203586578
9611504,0.1278676986694336
9613072,0.12790988385677338
9614192,0.13139528036117554
9615296,0.12757623195648193
9616000,0.12273474782705307
9616656,0.12552130222320557
9617680,0.11389793455600739
9618112,0.12727582454681396
9620288,0.1276157945394516
9620448,0.12181443721055984
9621216,0.1275487095117569
9621696,0.13163971900939941
9622400,0.126919224858284
9622992,0.12968121469020844
9624368,0.13036710023880005
9625248,0.13001510500907898
9626144,0.12836483120918274
9627712,0.12778085470199585
9629664,0.11709948629140854
9632576,0.1271413117647171
9633792,0.12358567118644714
9634864,0.12940411269664764
9636512,0.1245361790060997
9638192,0.12691235542297363
9638256,0.12215292453765869
9638512,0.12371893972158432
9643392,0.13050605356693268
9644544,0.10897151380777359
9645392,0.12752701342105865
9647344,0.1315131038427353
9648992,0.12667925655841827
9649104,0.12512028217315674
9650080,0.13149921596050262
9652640,0.12627629935741425
9654400,0.1291481852531433
9654928,0.13112901151180267
9656112,0.12692244350910187
9656864,0.13290080428123474
9658480,0.12428949028253555
9658736,0.13053324818611145
9658736,0.12641093134880066
9660336,0.12511461973190308
9661344,0.1228245347738266
9663232,0.12783890962600708
9664960,0.12445798516273499
9668032,0.12413737922906876
9668496,0.12988826632499695
9670336,0.1301894336938858
9670944,0.12801493704319
9671376,0.12074527889490128
9671696,0.12336701899766922
9672288,0.13274262845516205
9673904,0.12556752562522888
9674048,0.1307854801416397
9675104,0.12366054952144623
9676624,0.12107018381357193
9678416,0.12518203258514404
9678880,0.13016051054000854
9678960,0.1259298026561737
9679392,0.1278437227010727
9681648,0.12559372186660767
9682240,0.13196207582950592
9682256,0.1317671686410904
9686016,0.1260814368724823
9686528,0.12531067430973053
9686880,0.13095012307167053
9688160,0.12326723337173462
9691888,0.11449003964662552
9692768,0.12466029077768326
9693456,0.12938185036182404
9696368,0.1279137283563614
9696800,0.12993377447128296
9696992,0.12549936771392822
9699680,0.1266033947467804
9699696,0.12475773692131042
9700400,0.1279572695493698
9700768,0.12732407450675964
9702528,0.127702534198761
9707888,0.13044442236423492
9709824,0.12044288218021393
9711440,0.1263919174671173
9712384,0.13082070648670197
9712448,0.1292106658220291
9713248,0.12404460459947586
9713360,0.13058556616306305
9713904,0.13032644987106323
9714608,0.12297804653644562
9715200,0.11459802091121674
9718128,0.1282648891210556
9718576,0.12751328945159912
9718720,0.12310399115085602
9720544,0.1298951357603073
9721232,0.12464766949415207
9721888,0.1319655179977417
9724784,0.12674161791801453
9725776,0.12543369829654694
9725872,0.12692023813724518
9727408,0.12901000678539276
9728304,0.1293206512928009
9729504,0.12641683220863342
9730784,0.1252010315656662
9731696,0.12385813146829605
9731776,0.13073858618736267
9731856,0.126710444688797
9732640,0.12770456075668335
9732640,0.11098778992891312
9732880,0.12992435693740845
9732896,0.12136171758174896
9733712,0.12311767786741257
9735328,0.13354215025901794
9735696,0.12885430455207825
9736656,0.12742255628108978
9737440,0.12302257120609283
9739152,0.11455345898866653
9744608,0.12825851142406464
9745104,0.1275728940963745
9745856,0.12666861712932587
9746944,0.13231924176216125
9747312,0.13150742650032043
9748736,0.12585899233818054
9749440,0.12360114604234695
9750000,0.1257893294095993
9751056,0.12664420902729034
9752176,0.1269516795873642
9752256,0.126164972782135
9753440,0.12688396871089935
9753968,0.12864556908607483
9754592,0.12963365018367767
9755152,0.12739479541778564
9755728,0.1270376294851303
9755840,0.12340248376131058
9757040,0.12410946190357208
9758016,0.12417834252119064
9758208,0.12426788359880447
9760560,0.12472853064537048
9764912,0.1286507397890091
9766560,0.1271027773618698
9768320,0.11626039445400238
9771056,0.12255213409662247
9772240,0.12978816032409668
9772528,0.13039851188659668
9773120,0.13210554420948029
9775504,0.1266021877527237
9775888,0.12376509606838226
9777152,0.13226699829101562
9777648,0.1220397874712944
9778816,0.12429723888635635
9778896,0.13153086602687836
9780320,0.1283653974533081
9781248,0.1179967001080513
9785904,0.12791481614112854
9786320,0.12904401123523712
9790560,0.1296478658914566
9791408,0.09576840698719025
9791488,0.12408038228750229
9791984,0.12761595845222473
9793216,0.1284969002008438
9793232,0.12842006981372833
9793424,0.12629997730255127
9793440,0.1262165606021881
9793936,0.12392003834247589
9796272,0.1262340098619461
9796800,0.12633731961250305
9797152,0.11288326233625412
9797504,0.12902969121932983
9799216,0.11239087581634521
9800656,0.12835054099559784
9803136,0.13025057315826416
9803520,0.12852247059345245
9804624,0.12325072288513184
9805744,0.1228722408413887
9806640,0.12374439835548401
9807472,0.12539787590503693
9809328,0.13007353246212006
9810224,0.12617486715316772
9810368,0.11965316534042358
9811296,0.1280808448791504
9811632,0.12624835968017578
9814560,0.12692852318286896
9815472,0.13114789128303528
9816416,0.12963205575942993
9817520,0.12479192018508911
9817728,0.12132977694272995
9818096,0.1269671469926834
9818384,0.12264611572027206
9818960,0.12424767762422562
9820336,0.12317627668380737
9821328,0.12637659907341003
9822064,0.12319687753915787
9823632,0.12691769003868103
9824832,0.1230926364660263
9825232,0.12799252569675446
9825248,0.13029423356056213
9825520,0.12859411537647247
9825680,0.12482701241970062
9828704,0.12891674041748047
9828848,0.12725941836833954
9829056,0.13214051723480225
9829072,0.12511517107486725
9829536,0.12540483474731445
9829600,0.12311801314353943
9830544,0.12968075275421143
9832432,0.1285073459148407
9832544,0.12417308986186981
9832624,0.12966546416282654
9833344,0.12548521161079407
9836176,0.12740455567836761
9836240,0.13013511896133423
9838160,0.11946693807840347
9839472,0.12756547331809998
9840480,0.12915615737438202
9841696,0.1302897334098816
9841712,0.13170555233955383
9842112,0.12176597118377686
9843008,0.12129803001880646
9843168,0.12150059640407562
9843296,0.12538352608680725
9843360,0.12562839686870575
9843376,0.13059046864509583
9845312,0.13107825815677643
9845664,0.12814103066921234
9848720,0.126614511013031
9849200,0.1279248148202896
9849392,0.11898699402809143
9852960,0.12692542374134064
9855888,0.12644337117671967
9855936,0.13089871406555176
9856368,0.12568125128746033
9859952,0.1288004070520401
9862720,0.12703274190425873
9863424,0.124064140021801
9864432,0.10568054765462875
9865184,0.13296544551849365
9865744,0.10841181874275208
9866304,0.12801998853683472
9867216,0.12333368510007858
9868688,0.13254569470882416
9870784,0.12146952003240585
9872304,0.12991833686828613
9874720,0.12696555256843567
9874720,0.12955576181411743
9874992,0.1277250349521637
9875904,0.12916283309459686
9877280,0.1268138736486435
9879040,0.12771430611610413
9879360,0.1130334883928299
9879456,0.12535032629966736
9881888,0.13243702054023743
9882160,0.13101519644260406
9882256,0.13032251596450806
9882896,0.1296895295381546
9885520,0.12785546481609344
9886384,0.12858401238918304
9889744,0.12567457556724548
9890080,0.125960111618042
9891280,0.12312973290681839
9891520,0.12838301062583923
9891968,0.12799420952796936
9893632,0.12867097556591034
9896032,0.11851011216640472
9896240,0.12915422022342682
9896896,0.13126623630523682
9899024,0.1269543319940567
9900384,0.12806753814220428
9900832,0.11928701400756836
9900880,0.12841056287288666
9902480,0.12611758708953857
9902768,0.12937717139720917
9907712,0.1243104487657547
9907792,0.12918470799922943
9908048,0.13090139627456665
9908320,0.13019675016403198
9908592,0.12763884663581848
9910672,0.12191273272037506
9912560,0.1252860426902771
9913808,0.12687809765338898
9916832,0.13249589502811432
9916912,0.12705440819263458
9919280,0.1146705225110054
9919584,0.1271851360797882
9920592,0.12858788669109344
9921232,0.11963892728090286
9921888,0.12342321127653122
9922880,0.12434202432632446
9923904,0.1286614090204239
9924080,0.12516126036643982
9925680,0.12423323094844818
9927728,0.12829329073429108
9927792,0.11489088088274002
9929200,0.1306401491165161
9931408,0.11928130686283112
9935024,0.12482848018407822
9935520,0.12831056118011475
9936304,0.1254926323890686
9937184,0.13293884694576263
9938528,0.12666819989681244
9938768,0.12807433307170868
9941616,0.12922587990760803
9941632,0.12614664435386658
9942064,0.12682577967643738
9943456,0.12405119091272354
9946080,0.12390809506177902
9947440,0.1290796846151352
9947872,0.12644337117671967
9948096,0.12006550282239914
9951040,0.12960588932037354
9954288,0.12201738357543945
9954624,0.11205991357564926
9958800,0.12856611609458923
9959808,0.12616102397441864
9959824,0.12818562984466553
9965248,0.12866920232772827
9965280,0.1278776228427887
9965648,0.12618333101272583
9967024,0.1236189529299736
9969616,0.12453830242156982
9971104,0.1303294450044632
9974352,0.12288086861371994
9977680,0.1265452802181244
9978016,0.12844862043857574
9978192,0.12545643746852875
9979808,0.12852223217487335
9979840,0.12676216661930084
9981200,0.12489078938961029
9981616,0.1233457699418068
9982992,0.1282416731119156
9984912,0.13217033445835114
9986128,0.12247952818870544
9991088,0.12641441822052002
9992336,0.12272211909294128
9994048,0.12733204662799835
