step,value
320,1.899999976158142
384,1.5833333730697632
688,1.440000057220459
688,2.82608699798584
784,3.224489688873291
816,1.600000023841858
864,2.648648738861084
960,1.8235293626785278
1040,3.1578948497772217
1248,2.392857074737549
1264,1.2083333730697632
1344,2.5217392444610596
1472,2.307692289352417
1584,1.0
1616,1.3809523582458496
1744,2.857142925262451
1904,3.529411792755127
1968,1.894736886024475
2096,2.090909004211426
2192,1.8125
2336,1.814814805984497
2464,2.941176414489746
2560,3.5
2672,2.799999952316284
2688,2.6818182468414307
2976,2.0
3008,2.95652174949646
3008,2.8421051502227783
3184,3.7567567825317383
3504,3.799999952316284
3552,3.057142972946167
3808,2.2352941036224365
3872,2.2857143878936768
3904,2.0370371341705322
4016,2.119999885559082
4080,2.2352941036224365
4096,2.2352941036224365
4224,1.3809523582458496
4336,1.7200000286102295
4480,1.3809523582458496
4576,2.620689630508423
4624,2.6666667461395264
4800,1.1428571939468384
4912,2.5714285373687744
5264,3.6842105388641357
5312,2.7391304969787598
5520,1.8125
5616,1.4500000476837158
5664,1.7241379022598267
5712,2.5
5920,1.0
5984,2.736842155456543
6000,2.2068965435028076
6032,2.5199999809265137
6112,1.2083333730697632
6144,2.2121212482452393
6208,2.8235294818878174
6272,2.2857143878936768
6352,3.2352941036224365
6496,3.225806474685669
6688,2.5517241954803467
6992,1.7297297716140747
7232,2.0833332538604736
7232,2.4800000190734863
7696,2.222222328186035
7760,2.299999952316284
8016,2.370370388031006
8304,1.8125
8336,1.6799999475479126
8496,1.4736841917037964
8528,1.0
8976,1.2564102411270142
9120,1.7391303777694702
9248,3.6111111640930176
9264,3.2051281929016113
9360,1.923076868057251
9488,1.4838709831237793
9488,1.0
9792,3.215686321258545
10128,2.9285714626312256
10320,1.5263158082962036
10400,1.84375
10512,1.75
10544,2.375
10576,4.25
10816,2.3698630332946777
10912,4.050000190734863
10976,2.5999999046325684
11232,1.0
11376,1.440000057220459
11376,1.4500000476837158
11392,2.1034483909606934
11600,1.95652174949646
11712,3.08695650100708
11824,4.42307710647583
12000,2.411764621734619
12160,1.0
12352,4.142857074737549
12480,3.6470587253570557
12720,2.3529412746429443
12832,1.7826087474822998
13312,2.971428632736206
13440,2.5806450843811035
13488,1.4500000476837158
13664,2.2857143878936768
13728,1.5263158082962036
14032,2.0
14272,2.692307710647583
14400,1.0
14512,2.5
14704,2.7428572177886963
14912,2.068965435028076
14928,1.2083333730697632
15200,2.950000047683716
15392,2.555555582046509
15520,3.119999885559082
15696,2.107142925262451
15888,2.548387050628662
15904,1.899999976158142
15952,2.142857074737549
16304,2.1034483909606934
16448,2.1666667461395264
16480,2.5593221187591553
16736,3.470588207244873
16736,2.8235294818878174
16736,2.722222328186035
16992,2.607142925262451
17136,2.060606002807617
17408,1.4500000476837158
17616,2.7352941036224365
17792,2.592592477798462
17968,2.8125
18016,1.2083333730697632
18144,2.7441861629486084
18144,2.941176414489746
18176,2.08695650100708
18304,1.3448275327682495
18432,2.941176414489746
18464,3.076923131942749
18944,2.473684310913086
19088,3.270270347595215
19392,2.2352941036224365
19408,1.5263158082962036
19440,2.08695650100708
19472,2.736842155456543
19632,2.7647058963775635
19936,1.7826087474822998
20192,3.549999952316284
20240,2.0
20368,2.307692289352417
20704,2.2941176891326904
20816,3.3333332538604736
20912,2.6315789222717285
21088,1.0
21136,1.736842155456543
21296,2.7666666507720947
21440,2.555555582046509
21552,1.0
21552,3.5789473056793213
21680,2.696969747543335
21840,3.411764621734619
22048,2.34375
22352,2.322580575942993
22464,2.799999952316284
22672,2.8947367668151855
22800,2.799999952316284
23040,2.8214285373687744
23184,3.0
23232,1.914893627166748
23280,2.972972869873047
23376,2.75
23392,3.161290407180786
23440,2.8947367668151855
23712,2.692307710647583
23728,1.0
23792,1.0
23904,3.3333332538604736
23968,2.7428572177886963
24016,3.529411792755127
24112,1.0
24256,3.076923131942749
24304,3.3333332538604736
24448,3.25
24656,1.5384615659713745
24752,1.2564102411270142
24800,2.931034564971924
24848,2.473684310913086
24960,1.9629629850387573
25088,2.8974359035491943
25312,2.2580645084381104
25456,3.1818182468414307
25616,2.944444417953491
25808,3.526315689086914
26000,2.6341464519500732
26080,1.6111111640930176
26160,2.2285714149475098
26320,2.0930233001708984
26784,3.142857074737549
26832,2.2352941036224365
27088,1.5416666269302368
27216,2.5999999046325684
27424,1.4500000476837158
27440,3.085714340209961
27680,1.923076868057251
27744,1.4736841917037964
27760,2.242424249649048
27952,1.8387097120285034
28128,1.8125
28416,1.5199999809265137
28576,3.1621620655059814
28640,2.3902440071105957
28960,1.6956521272659302
28992,1.4736841917037964
29152,2.1600000858306885
29216,1.5263158082962036
29296,1.4500000476837158
29616,3.375
29664,1.5833333730697632
29696,2.5
29728,3.4054055213928223
29872,3.0526316165924072
29984,2.4666666984558105
30016,1.0
30016,3.5333333015441895
30032,1.7200000286102295
30224,2.2058823108673096
30416,1.5384615659713745
30464,2.3333332538604736
30608,1.3333333730697632
30608,1.5263158082962036
30928,2.0
30992,1.6956521272659302
31328,2.8181817531585693
31456,2.13043475151062
31536,1.5945945978164673
31568,3.642857074737549
31904,3.125
32256,1.9583333730697632
32640,2.736842155456543
32720,1.8125
33040,2.1818182468414307
33232,1.8125
33296,2.0
33376,3.529411792755127
33808,2.0625
34080,2.153846263885498
34528,1.8095238208770752
34560,1.899999976158142
34768,1.0
35200,1.7391303777694702
35296,1.4893616437911987
35408,3.0999999046325684
35552,2.444444417953491
36176,2.1764705181121826
36192,2.759999990463257
36208,1.5833333730697632
36240,3.28125
36336,2.423076868057251
36352,2.302325487136841
36352,1.2083333730697632
36464,2.6875
36544,3.142857074737549
36784,3.7037036418914795
36832,2.4347825050354004
36976,1.8095238208770752
37072,3.2352941036224365
37408,3.3333332538604736
37872,2.880000114440918
37888,3.4482758045196533
38128,2.200000047683716
38224,2.4761905670166016
38224,3.0625
38304,2.299999952316284
38384,2.8333332538604736
38496,2.799999952316284
38512,3.04347825050354
38576,2.8541667461395264
38720,1.440000057220459
38816,1.0
38928,3.2352941036224365
39056,3.2121212482452393
39200,2.0833332538604736
39312,2.21052622795105
39728,1.7272727489471436
39760,1.0
39792,3.4347825050354004
40016,2.090909004211426
40112,3.0999999046325684
40144,4.342857360839844
40160,2.7857143878936768
40176,1.5833333730697632
40416,1.2083333730697632
40432,2.529411792755127
40512,2.2352941036224365
40592,1.6785714626312256
40816,3.326530694961548
40880,2.8235294818878174
41216,3.3529412746429443
41296,1.8108108043670654
41328,3.068965435028076
41328,2.1481480598449707
41776,3.4375
41968,1.0
42448,4.185184955596924
42576,3.1290323734283447
42736,3.6842105388641357
42864,2.344827651977539
42928,3.4857141971588135
42976,1.8125
43008,1.5263158082962036
43344,2.965517282485962
43344,2.1666667461395264
43456,1.3333333730697632
43648,2.473684310913086
43680,3.8125
43920,2.6666667461395264
43936,3.3333332538604736
43936,4.038461685180664
44064,1.6799999475479126
44176,1.4500000476837158
44240,1.0
44400,2.941176414489746
44416,2.068965435028076
44512,2.4054055213928223
44640,4.0714287757873535
44704,3.8888888359069824
44704,2.722222328186035
44736,2.4000000953674316
44784,2.7567567825317383
44928,3.5
45024,1.814814805984497
45104,3.21052622795105
45232,2.5
45520,2.319999933242798
45568,3.057142972946167
45680,4.594594478607178
45728,2.1034483909606934
45840,2.6315789222717285
45968,1.5416666269302368
46000,4.814815044403076
46080,2.5161290168762207
46240,3.117647171020508
46368,2.7058823108673096
46432,1.5384615659713745
46432,3.3333332538604736
46480,3.5862069129943848
46544,2.882352828979492
46608,4.079999923706055
46992,1.4736841917037964
47376,2.5128204822540283
47584,3.4782607555389404
47872,3.8157894611358643
47888,3.6111111640930176
48032,2.107142925262451
48048,3.6363637447357178
48160,2.799999952316284
48160,3.470588207244873
48336,3.454545497894287
48352,3.6111111640930176
48496,3.08695650100708
48512,1.4736841917037964
48688,2.945945978164673
48816,2.8958332538604736
48896,3.3157894611358643
48928,3.529411792755127
48992,1.5
49040,2.4583332538604736
49088,2.629629611968994
49248,3.5999999046325684
49488,3.277777671813965
49552,3.942857027053833
49584,3.4000000953674316
49696,3.677419424057007
49888,1.8095238208770752
50016,2.384615421295166
50352,2.7083332538604736
50400,3.8043477535247803
50592,3.75
50800,2.5
51312,4.0625
51376,2.4772727489471436
51456,3.935483932495117
51536,1.8125
51984,2.7826087474823
52000,3.759999990463257
52032,3.2571427822113037
52032,3.6666667461395264
52384,3.04347825050354
52688,3.680000066757202
52768,4.103448390960693
52864,1.7241379022598267
53216,4.117647171020508
53248,2.8947367668151855
53408,2.682926893234253
53440,2.0
53472,3.200000047683716
53696,2.6315789222717285
53920,3.6111111640930176
54320,4.583333492279053
54384,4.310344696044922
54624,2.2727272510528564
54656,2.39393949508667
55056,2.5833332538604736
55392,3.799999952316284
55616,3.8235294818878174
55728,2.263157844543457
55744,1.4814814329147339
55872,2.359999895095825
55888,3.534883737564087
55984,3.3421051502227783
56048,3.722222328186035
56160,2.759999990463257
56208,4.78000020980835
56368,3.3658535480499268
56416,3.200000047683716
56480,3.526315689086914
56720,3.39393949508667
56768,4.476190567016602
56848,3.8684210777282715
56944,2.1621620655059814
56944,2.736842155456543
57184,2.4000000953674316
57360,3.5
57424,2.6086957454681396
57584,5.186440467834473
57824,2.857142925262451
58176,3.1111111640930176
58336,4.53125
58480,2.060606002807617
58560,3.09375
58576,4.404761791229248
58800,2.5
58816,1.9285714626312256
58992,3.9285714626312256
59488,3.0
59552,2.9285714626312256
59696,2.799999952316284
59936,2.736842155456543
60624,3.461538553237915
61136,4.680850982666016
61440,5.945945739746094
61680,3.7931034564971924
61712,3.171428680419922
61872,2.7857143878936768
62928,2.0799999237060547
63376,2.5
63504,2.970588207244873
63600,4.758620738983154
63696,1.0
63824,5.294117450714111
64000,2.8333332538604736
64192,3.1204819679260254
64800,2.4583332538604736
65248,1.3809523582458496
65696,2.629629611968994
65984,3.529411792755127
66048,3.4137930870056152
66832,3.6666667461395264
66864,4.416666507720947
67040,4.411764621734619
67280,4.388888835906982
67440,4.5
68208,3.7878787517547607
68624,2.307692289352417
68800,4.551281929016113
68960,3.633333444595337
69024,3.846153736114502
69056,4.947368621826172
69408,4.724137783050537
69488,5.714285850524902
69536,2.21052622795105
69872,4.67391300201416
69920,3.5897436141967773
70048,3.9285714626312256
70176,3.1666667461395264
70256,1.4500000476837158
70288,3.3333332538604736
70528,3.5641026496887207
70608,3.769230842590332
71120,3.0357143878936768
71168,3.75
71200,3.5714285373687744
71392,3.375
71520,4.285714149475098
71712,6.25
71872,5.807229042053223
71984,2.884615421295166
72128,6.0
72192,4.3125
72304,2.8947367668151855
72624,2.46875
72672,3.1724138259887695
72672,3.971428632736206
72816,3.6792452335357666
73056,4.0
73312,4.645161151885986
73680,2.555555582046509
73824,4.193548202514648
73840,5.190839767456055
73952,4.199999809265137
74304,5.714285850524902
74432,5.135135173797607
74896,4.117647171020508
75040,3.1315789222717285
75104,5.254901885986328
75376,4.464285850524902
75376,1.7241379022598267
75584,3.4782607555389404
75776,3.828571319580078
76064,4.920634746551514
76224,2.08695650100708
76400,4.581395149230957
76736,2.9761905670166016
76784,3.4210526943206787
76912,5.294117450714111
76944,2.2941176891326904
77328,2.2413792610168457
77472,5.205479621887207
77536,4.388888835906982
77952,3.277777671813965
78464,5.263157844543457
78592,4.836065769195557
78736,3.7931034564971924
79440,5.5714287757873535
79584,3.36956524848938
79776,3.9473683834075928
80736,5.422222137451172
80944,3.6111111640930176
80976,5.384615421295166
81232,3.6363637447357178
81472,3.0
81648,1.6956521272659302
81696,3.60606050491333
81872,5.121212005615234
82224,5.0
82352,5.0
82624,4.081632614135742
83872,4.0
84096,4.659090995788574
84480,4.599999904632568
84640,3.2291667461395264
84672,4.139534950256348
84800,1.0
85200,5.3125
85856,4.905660152435303
86384,4.0
86416,5.4268293380737305
87040,5.1315789222717285
87152,5.3255815505981445
87392,3.8064515590667725
87488,5.105633735656738
87920,5.5
88096,5.4285712242126465
88288,3.13043475151062
88496,5.0
88976,5.185184955596924
89024,3.7333333492279053
89056,3.9473683834075928
89216,5.789473533630371
89344,4.058823585510254
89552,3.09375
89616,3.4782607555389404
89680,4.661016941070557
89744,4.726027488708496
89952,1.6666666269302368
90320,3.939393997192383
90928,5.15625
91072,5.440000057220459
91712,5.254237174987793
92320,5.054878234863281
92720,4.45945930480957
92768,4.660377502441406
93120,5.588235378265381
93408,4.526315689086914
93744,5.099999904632568
93808,4.73118257522583
94016,4.55555534362793
94032,2.7857143878936768
94112,5.648148059844971
95024,4.642857074737549
95120,4.958333492279053
95424,4.277777671813965
95600,5.3947367668151855
96448,4.91566276550293
97536,4.415584564208984
97568,3.5416667461395264
97840,4.25
98256,4.0853657722473145
98624,5.546218395233154
98688,4.876847267150879
98976,5.384615421295166
99120,5.064935207366943
99232,4.902912616729736
99376,3.701298713684082
100512,4.474999904632568
100560,3.5714285373687744
100752,2.777777671813965
101376,4.512195110321045
101408,4.474999904632568
101600,2.5789473056793213
101744,4.468085289001465
101744,5.2013421058654785
102128,4.130434989929199
103552,6.041666507720947
103984,5.696202754974365
104720,5.088889122009277
105056,4.642857074737549
105168,5.2727274894714355
106112,5.4268293380737305
106736,4.210526466369629
107296,3.142857074737549
107312,5.145630836486816
107536,5.454545497894287
108272,5.536585330963135
108288,5.197916507720947
109504,4.963414669036865
109824,5.5
110944,5.142857074737549
111088,5.391061305999756
111408,4.583333492279053
111584,5.344827651977539
111840,5.430107593536377
112096,5.649350643157959
112400,4.699999809265137
112880,5.377906799316406
112928,2.9629628658294678
114656,6.0
114816,5.3947367668151855
115056,3.970588207244873
115088,5.333333492279053
116272,5.245614051818848
116480,4.487179279327393
118176,5.853658676147461
119072,4.285714149475098
120128,5.147058963775635
120256,5.42553186416626
121040,3.8333332538604736
122560,4.820512771606445
122800,5.293103218078613
123664,5.35971212387085
123696,5.818181991577148
123904,5.022471904754639
124320,5.852534770965576
124560,3.277777671813965
125360,5.342465877532959
125536,5.704225540161133
125872,3.91304349899292
125904,5.058823585510254
126048,5.76086950302124
126224,5.561797618865967
126480,3.653846263885498
126928,5.4639177322387695
128176,5.42553186416626
128256,4.905660152435303
128832,6.40625
129376,5.535714149475098
129712,5.206521511077881
129728,5.3608245849609375
130496,5.416666507720947
130544,3.853658437728882
130832,5.210526466369629
131408,5.148148059844971
132080,6.133333206176758
132288,4.146341323852539
132480,5.4285712242126465
133872,5.357142925262451
134032,5.633802890777588
134400,5.595238208770752
134400,6.030534267425537
134848,5.0
135808,5.535714149475098
136048,5.05747127532959
136704,5.906432628631592
136784,5.096774101257324
137488,5.617977619171143
138064,5.597345352172852
138080,6.157205104827881
138512,6.074766159057617
139760,5.5757575035095215
139952,4.75
140000,6.463414669036865
140432,5.60606050491333
141552,5.539682388305664
142240,6.309523582458496
142448,5.535714149475098
142464,5.67460298538208
142944,5.4375
143008,5.526315689086914
143072,5.651162624359131
143248,5.806451797485352
143392,5.086206912994385
143472,4.909090995788574
145040,5.370370388031006
146432,5.403225898742676
147104,5.25
147664,4.352941036224365
147712,5.711297035217285
148672,6.036585330963135
148880,5.1315789222717285
149184,6.018099784851074
150240,5.8479533195495605
150800,5.714285850524902
151264,6.18055534362793
152080,5.91304349899292
152128,5.783783912658691
152576,5.441860675811768
152704,4.25
152768,6.358024597167969
153280,5.581395149230957
153520,5.869565010070801
153776,6.140350818634033
154496,5.740740776062012
155040,5.510204315185547
155504,4.339622497558594
155760,6.4371256828308105
155808,5.802469253540039
156672,6.147541046142578
157696,5.777777671813965
158560,6.239669322967529
158704,3.076923131942749
158928,5.988372325897217
159600,5.5069122314453125
159728,4.761904716491699
159744,6.083333492279053
160176,6.047120571136475
160256,6.25
160288,6.168224334716797
160544,5.650000095367432
161152,5.400000095367432
161248,6.447963714599609
161376,5.641025543212891
161440,6.276595592498779
161520,5.722891330718994
161632,6.219511985778809
161696,6.300000190734863
161696,4.760000228881836
162064,5.800000190734863
163376,5.8370041847229
164176,5.757575988769531
164464,5.869158744812012
165136,5.986238479614258
166016,6.4233574867248535
168384,6.096938610076904
168432,6.052631378173828
168928,5.763888835906982
169552,6.316964149475098
169712,6.097560882568359
170528,6.0
171328,6.363636493682861
172736,6.550218105316162
173120,6.322869777679443
173408,6.44444465637207
173824,6.164383411407471
174368,5.9375
177920,6.369863033294678
178224,6.136363506317139
178656,6.625
178704,6.422222137451172
180512,6.760563373565674
182032,6.288659572601318
182432,7.085201740264893
183152,6.737804889678955
183520,6.5217390060424805
184512,5.809523582458496
184752,6.53153133392334
187344,5.986842155456543
187728,6.6964287757873535
187872,6.940639495849609
189088,6.934306621551514
189136,6.92307710647583
189136,6.5
189152,6.6183576583862305
189488,6.71999979019165
189600,6.73423433303833
191264,5.915493011474609
191360,6.592920303344727
192208,7.204545497894287
192544,6.455696105957031
192624,6.589861869812012
193824,6.323529243469238
194096,6.8526787757873535
194288,6.853333473205566
194368,6.94915246963501
194416,6.666666507720947
195696,6.939393997192383
196256,6.056337833404541
197840,6.866952896118164
198336,7.17391300201416
198944,6.935483932495117
199024,6.895833492279053
199904,7.080745220184326
200096,5.530303001403809
200544,6.751824855804443
204464,7.142857074737549
204944,7.169811248779297
204976,6.385542392730713
205408,7.096774101257324
205440,6.833333492279053
207632,7.590090274810791
207840,7.354259967803955
208032,5.757575988769531
208080,6.995433807373047
208624,6.5625
208944,7.613636493682861
208992,7.409090995788574
209504,7.378854751586914
209664,7.426900386810303
211040,7.863636493682861
211760,7.533632278442383
212688,6.616379261016846
212896,6.6086955070495605
215072,7.375565528869629
215168,7.186147212982178
218096,7.657657623291016
218256,7.77439022064209
218304,6.860215187072754
218688,7.244444370269775
219056,7.296943187713623
219232,7.624434471130371
220432,7.2071003913879395
221632,7.5
223808,7.218935012817383
224368,7.470588207244873
225344,6.909090995788574
225744,7.755102157592773
225824,7.818181991577148
227216,7.288235187530518
227232,7.612612724304199
227520,7.570093631744385
227664,7.890173435211182
227968,7.723214149475098
228416,6.814159393310547
229344,7.546583652496338
229456,7.653061389923096
229904,7.300000190734863
231920,7.511312007904053
232176,6.764705657958984
232368,7.792792797088623
233392,7.281105995178223
233712,6.415094375610352
234848,6.92391300201416
235232,7.0
237008,7.155555725097656
237264,7.601809978485107
238896,7.657657623291016
239872,7.560975551605225
240512,7.82110071182251
240912,7.643171787261963
241184,7.782805442810059
242144,8.0
242496,7.307692527770996
242560,7.7130045890808105
242816,6.666666507720947
244288,7.378640651702881
245232,7.333333492279053
246160,7.601809978485107
246448,7.2093024253845215
249824,7.850877285003662
250144,7.5652174949646
250240,7.5
252192,7.456692695617676
253424,7.433035850524902
255920,7.844444274902344
258976,7.840909004211426
259008,7.765486717224121
259072,8.201754570007324
259248,7.850877285003662
259440,6.340425491333008
260256,7.8481011390686035
260896,7.3972601890563965
261216,7.725118637084961
261328,7.615740776062012
262480,8.101851463317871
263904,6.947368621826172
264432,7.976744174957275
265888,7.892376899719238
266208,7.457627296447754
269600,7.919254779815674
272016,7.7230048179626465
272176,7.876712322235107
273024,7.7540106773376465
274288,7.6785712242126465
276864,8.082191467285156
278384,8.04054069519043
279296,7.866666793823242
279520,7.899543285369873
280928,7.777777671813965
280960,7.6785712242126465
283392,8.206277847290039
283504,7.691244125366211
285904,8.26589584350586
287856,8.116591453552246
287872,8.035714149475098
287984,7.014925479888916
288464,7.413793087005615
288608,8.097345352172852
289328,8.32579231262207
289728,8.095237731933594
290576,5.55555534362793
290944,8.32579231262207
292176,7.7876105308532715
294528,7.533632278442383
296496,7.142857074737549
297168,8.096330642700195
298256,8.529411315917969
298560,6.603773593902588
299120,8.144796371459961
299408,8.131868362426758
300736,8.085585594177246
302480,8.020833015441895
303072,7.938596725463867
304368,7.603305816650391
304448,8.280543327331543
304496,7.5
304672,8.16513729095459
306144,8.198198318481445
307408,8.109756469726562
308032,8.385650634765625
310352,7.3684210777282715
311888,7.4375
313744,8.4375
315120,8.447488784790039
315200,8.456221580505371
316288,7.379310131072998
317520,8.378377914428711
317568,8.177778244018555
318784,8.385650634765625
319504,8.073394775390625
320560,8.363636016845703
320896,8.102678298950195
322368,8.295964241027832
323040,8.363636016845703
323152,8.44720458984375
326304,8.101851463317871
327280,7.3684210777282715
327328,8.409090995788574
328112,8.235294342041016
328240,8.538812637329102
328944,8.103447914123535
331008,8.165939331054688
331216,7.802690505981445
331888,7.7727274894714355
332336,7.9279279708862305
333376,8.090909004211426
333584,7.9452056884765625
333664,8.1963472366333
333904,8.071748733520508
334688,7.361111164093018
335280,8.045454978942871
337664,7.9375
338672,8.333333015441895
340752,7.7792792320251465
341792,8.190045356750488
342496,8.148148536682129
343536,8.363636016845703
343632,8.272727012634277
343984,8.018017768859863
345904,8.16513729095459
346016,7.638036727905273
349408,8.139534950256348
349568,8.461538314819336
353712,8.006329536437988
354000,7.8947367668151855
354192,7.747747898101807
354480,7.7419352531433105
355312,8.108108520507812
355424,7.931034564971924
356688,8.125
356944,8.108108520507812
357968,8.409090995788574
358304,7.828054428100586
358400,6.865671634674072
359696,7.943925380706787
360144,7.7230048179626465
360592,8.193832397460938
361776,7.599999904632568
362688,8.21100902557373
363776,8.108108520507812
365360,7.937219619750977
365744,6.804878234863281
366048,8.141592979431152
366656,8.355555534362793
367424,7.929515361785889
369232,8.34101390838623
369312,7.636363506317139
369584,8.401826858520508
373312,8.405172348022461
374608,8.49099063873291
376048,8.288288116455078
376160,8.278302192687988
376848,8.139534950256348
377104,7.058823585510254
379008,8.190045356750488
379664,8.14102554321289
380352,8.371560096740723
383408,8.404908180236816
384272,8.549107551574707
385056,8.318181991577148
385216,8.371040344238281
385776,8.035714149475098
386944,8.5
387120,8.264840126037598
390352,8.181818008422852
392320,8.636363983154297
393456,8.303030014038086
397168,7.958115100860596
398576,8.07453441619873
398720,8.303571701049805
398752,8.0
398816,8.099547386169434
400608,8.363228797912598
402512,7.953216552734375
403472,8.430493354797363
404240,8.584071159362793
404944,8.461538314819336
407776,8.181818008422852
409088,8.318181991577148
409328,8.19444465637207
410128,8.302752494812012
411200,8.133333206176758
411712,8.140000343322754
411952,8.098159790039062
413024,8.587444305419922
414704,8.027523040771484
414704,8.5
416768,8.177778244018555
418368,8.1578950881958
418944,7.88732385635376
419824,8.636363983154297
420128,8.039216041564941
421936,8.513513565063477
422640,8.526785850524902
423040,8.933333396911621
423408,8.497757911682129
423536,8.636363983154297
424656,8.409090995788574
426224,8.4375
426288,8.502202987670898
428480,8.318181991577148
429008,8.506787300109863
429248,8.62385368347168
429584,8.778280258178711
429968,8.908296585083008
430512,7.2727274894714355
430656,8.363636016845703
433776,8.666666984558105
434944,7.884615421295166
435440,8.721973419189453
436096,8.506787300109863
436592,8.541666984558105
437888,8.1614351272583
438736,8.414633750915527
441168,8.577981948852539
441824,8.424657821655273
442096,8.526785850524902
442960,8.973214149475098
443888,8.89908218383789
443968,8.761061668395996
444720,8.687783241271973
445648,8.32579231262207
447856,8.421052932739258
448656,8.392070770263672
448848,8.638392448425293
449184,8.325892448425293
449424,8.995433807373047
450096,8.788820266723633
451600,8.88888931274414
453152,8.4375
455952,8.44444465637207
456816,8.82629108428955
459328,8.69565200805664
461216,8.364779472351074
461456,8.080357551574707
461968,8.727272987365723
463552,8.812785148620605
464720,8.89908218383789
465984,5.642857074737549
469552,8.175675392150879
470720,8.3259916305542
471904,8.35616397857666
471968,7.941176414489746
472720,7.893401145935059
474592,8.109756469726562
477200,7.9938273429870605
477840,8.105727195739746
478000,8.55203628540039
479104,7.982062816619873
479872,8.1963472366333
481344,8.279069900512695
481904,8.44444465637207
482880,8.235294342041016
483504,8.144796371459961
485136,7.882883071899414
486368,8.034934043884277
486464,8.256880760192871
486608,8.14102554321289
487072,8.153153419494629
488512,8.348214149475098
489792,8.520179748535156
491184,8.080357551574707
491936,8.043478012084961
492512,8.363636016845703
492592,8.012422561645508
493088,8.333333015441895
494704,8.333333015441895
495568,8.395061492919922
498640,9.134614944458008
498656,8.310811042785645
499248,8.263473510742188
500016,8.311111450195312
501280,8.222222328186035
501904,8.370043754577637
502496,8.235294342041016
503312,8.318777084350586
503520,8.116591453552246
504848,8.46846866607666
505648,8.853211402893066
505776,8.479262351989746
507200,8.64628791809082
508512,7.982456207275391
508704,8.0625
511504,8.105022430419922
511664,7.294117450714111
511840,8.054298400878906
512336,7.52212381362915
513360,8.245614051818848
515168,8.04651165008545
518592,7.937219619750977
520448,8.171296119689941
522752,7.924107074737549
522960,7.6712327003479
524832,7.782805442810059
525680,8.099547386169434
527616,4.642857074737549
527648,8.190045356750488
528448,7.802690505981445
528464,6.5333333015441895
528592,8.008130073547363
529152,8.122270584106445
529648,8.0
531264,7.955555438995361
531504,8.169642448425293
532016,8.461538314819336
532720,7.815315246582031
534064,8.295964241027832
535008,8.421052932739258
535024,8.333333015441895
535520,8.385650634765625
535536,8.127854347229004
537248,8.571428298950195
537600,8.25
537680,8.355555534362793
538368,8.636363983154297
541280,8.348214149475098
541872,8.378377914428711
542544,8.372093200683594
543440,8.904109954833984
544576,8.511628150939941
545872,8.407079696655273
547360,8.318584442138672
547776,8.772727012634277
549136,8.602620124816895
549552,8.384279251098633
550352,8.812785148620605
551248,8.509316444396973
552704,8.60360336303711
553056,8.48888874053955
554176,8.409090995788574
557472,8.597285270690918
557584,8.772727012634277
557840,8.709677696228027
558368,7.916666507720947
558752,8.532110214233398
559280,8.297872543334961
559872,8.243243217468262
561824,8.697674751281738
563664,8.508771896362305
564512,8.835616111755371
565232,8.565022468566895
566816,8.591548919677734
567248,8.831169128417969
567280,8.849557876586914
568528,8.243243217468262
569344,8.587963104248047
570816,8.772727012634277
570816,8.761260986328125
571616,8.733031272888184
572048,8.558558464050293
572112,8.520179748535156
573440,8.744394302368164
574112,8.634146690368652
576736,8.272727012634277
577648,8.227272987365723
579472,7.931034564971924
579792,8.765957832336426
581168,8.584474563598633
581984,8.05555534362793
583760,8.018867492675781
584448,8.440366744995117
585008,8.144104957580566
585280,8.526785850524902
585280,8.303571701049805
585584,8.482142448425293
589232,8.502202987670898
590576,8.558558464050293
590880,8.34080696105957
592128,7.9910712242126465
592512,8.114034652709961
592848,8.222222328186035
593536,8.181818008422852
594256,8.280543327331543
597712,8.310185432434082
597808,8.217391014099121
600064,8.036529541015625
600560,7.8947367668151855
601312,8.236607551574707
601968,8.248847961425781
602096,7.743902206420898
602160,8.584474563598633
603616,8.076923370361328
605776,8.199999809265137
607168,8.073394775390625
609936,8.75
610656,8.343558311462402
612544,7.873302936553955
613520,8.251121520996094
614752,8.49315071105957
615616,8.378377914428711
616032,8.115182876586914
618576,7.9493088722229
618976,8.280543327331543
619408,7.8930816650390625
621360,7.61904764175415
621488,7.797356605529785
622720,7.7130045890808105
624560,7.956989288330078
626256,7.954545497894287
626496,7.638036727905273
631616,8.113207817077637
631888,7.383177757263184
632448,7.892376899719238
632448,8.251121520996094
633296,7.9452056884765625
634000,8.204545021057129
634592,7.8527607917785645
635616,7.918781757354736
636704,7.5
637808,7.8070173263549805
638800,8.125
639072,7.976744174957275
639200,8.086956977844238
639280,8.119266510009766
641968,8.266666412353516
642928,8.105727195739746
643200,8.108108520507812
643792,8.097345352172852
644784,7.911110877990723
646704,8.082191467285156
647008,6.096774101257324
648240,8.16513729095459
648464,7.816594123840332
649264,8.26530647277832
650560,7.96380090713501
650784,8.009259223937988
651760,8.538812637329102
653152,8.287036895751953
653408,8.276836395263672
653440,8.054298400878906
654192,8.488371849060059
655376,8.387096405029297
655968,8.363636016845703
657968,7.922374248504639
659344,8.099547386169434
659552,8.251121520996094
660624,8.295964241027832
661216,8.251121520996094
662000,8.46846866607666
662912,7.767857074737549
665680,7.660550594329834
666592,7.657657623291016
666784,7.702702522277832
669696,7.395833492279053
672416,7.764976978302002
672528,7.72357702255249
673472,7.85067892074585
673632,7.954545497894287
673824,8.11111068725586
675440,7.6315789222717285
675584,7.743362903594971
676304,7.5806450843811035
677392,7.695852756500244
679008,7.747747898101807
679264,7.6875
679728,8.169642448425293
680016,8.0
680640,7.986725807189941
681008,7.690582752227783
682848,7.982456207275391
685136,7.825112342834473
685552,7.9464287757873535
687200,7.668161392211914
687248,7.7272725105285645
688128,7.456140518188477
688432,7.480000019073486
689040,7.1929826736450195
689776,7.58695650100708
690096,7.747747898101807
690736,7.388392925262451
690976,7.5
691360,8.0
692064,7.920353889465332
693232,7.692307472229004
694384,7.941176414489746
695008,7.488986968994141
695632,7.611940383911133
696736,7.614678859710693
696752,7.3913044929504395
696976,7.276785850524902
697904,7.441860675811768
698272,7.466960430145264
703280,7.454545497894287
703920,7.400881290435791
704080,7.161290168762207
705472,7.276785850524902
705936,7.304347991943359
706464,7.305389404296875
707504,7.33695650100708
707696,6.179999828338623
708944,7.511111259460449
711056,7.558823585510254
711536,7.3913044929504395
711760,7.614678859710693
711792,7.476635456085205
712048,7.534883499145508
712096,7.622951030731201
712192,7.244444370269775
712240,7.207207202911377
712336,7.916666507720947
712496,7.865168571472168
715184,7.511111259460449
715760,7.792792797088623
716528,7.935780048370361
716688,7.441314697265625
718464,7.65217399597168
718896,7.3684210777282715
722032,7.2727274894714355
722896,7.65625
725584,7.405405521392822
727504,7.28000020980835
727952,7.533632278442383
728112,7.515923500061035
730272,7.654867172241211
730880,7.567567348480225
730960,7.441860675811768
733184,7.668161392211914
734368,7.6497697830200195
734496,7.666666507720947
736480,7.647058963775635
736560,7.664670467376709
737872,7.590090274810791
738064,7.657657623291016
739088,7.364864826202393
739424,7.752809047698975
739808,7.473684310913086
740736,7.764705657958984
740864,6.63265323638916
741520,7.5
742336,7.714931964874268
742432,7.4539875984191895
746512,7.798165321350098
746800,7.454545497894287
748736,7.9279279708862305
748736,7.520661354064941
748848,6.938775539398193
750448,7.797356605529785
754768,7.6785712242126465
757456,7.704545497894287
757552,8.136363983154297
758304,7.6875
758448,7.5471696853637695
760416,7.526881694793701
760864,7.305194854736328
760992,7.636363506317139
761424,7.601809978485107
762976,8.009049415588379
764480,7.8222222328186035
768768,8.054298400878906
771424,8.303030014038086
771712,8.371040344238281
772160,8.355855941772461
773952,8.133333206176758
775264,8.280543327331543
777072,7.614678859710693
777680,8.463855743408203
778848,7.9464287757873535
780320,8.098159790039062
780896,7.900000095367432
782352,8.394495010375977
783136,8.227272987365723
783856,8.386363983154297
787296,8.15068531036377
790288,7.96380090713501
790688,7.865853786468506
790880,7.762557029724121
791088,7.899543285369873
791728,7.731481552124023
792032,8.21100902557373
792384,8.045454978942871
795888,7.48427677154541
797792,8.017621040344238
798992,7.68558931350708
799136,7.688889026641846
800016,7.592592716217041
800528,7.848837375640869
802560,7.702702522277832
802736,7.839506149291992
802912,7.523148059844971
804192,7.719298362731934
805968,8.018017768859863
808016,7.675438404083252
808320,7.808218955993652
808784,7.982062816619873
809808,7.758620738983154
809840,8.251121520996094
810976,7.642857074737549
813696,7.947368621826172
814592,7.777777671813965
815024,7.546583652496338
815168,8.294930458068848
816464,7.66519832611084
817184,8.133333206176758
817216,7.762557029724121
817280,7.4666666984558105
818112,8.173516273498535
818352,7.590090274810791
821520,7.873302936553955
822112,8.088889122009277
823120,7.9464287757873535
824288,8.018433570861816
827888,7.668161392211914
829344,7.935780048370361
830144,7.288135528564453
830272,8.070175170898438
830976,7.763975143432617
832128,7.956521511077881
832784,8.06306266784668
834992,7.409909725189209
836064,8.284314155578613
836304,7.757847309112549
839024,7.662722110748291
840512,7.433628082275391
840944,7.624434471130371
841440,7.8947367668151855
842240,7.857142925262451
845024,8.206277847290039
845136,7.857142925262451
845760,7.28125
845824,8.06306266784668
845904,7.7272725105285645
848096,8.206896781921387
848256,7.511312007904053
849616,7.659574508666992
851024,7.792792797088623
852208,8.032787322998047
852736,8.258928298950195
852864,7.800000190734863
853136,7.899543285369873
854048,8.301886558532715
854320,8.190045356750488
855424,7.9279279708862305
855840,8.193832397460938
856384,7.95597505569458
859760,7.692307472229004
859952,8.153153419494629
860560,7.892376899719238
861584,8.385092735290527
861680,8.363636016845703
862144,8.159509658813477
862512,8.627450942993164
863392,8.05936050415039
866992,8.571428298950195
867984,8.070175170898438
870336,8.272727012634277
870416,7.5
870864,8.045454978942871
873088,8.073394775390625
874224,8.0
877600,7.954545497894287
877904,8.125
880768,8.295454978942871
881344,7.9910712242126465
882208,7.303370952606201
885888,8.004385948181152
888512,6.901408672332764
888768,8.0
889008,7.972350120544434
889136,7.473684310913086
890528,8.043478012084961
891696,8.41317367553711
892128,7.955555438995361
892272,8.116591453552246
892624,8.35616397857666
893504,7.974137783050537
893648,8.301886558532715
894608,7.777777671813965
896304,8.071748733520508
897152,8.509174346923828
899216,8.108108520507812
899808,8.394495010375977
899824,8.43891429901123
900144,8.119266510009766
900768,7.97468376159668
901168,7.723214149475098
901744,7.7727274894714355
902768,7.972972869873047
905760,7.926267147064209
907840,8.565022468566895
908048,8.075221061706543
908048,7.9012346267700195
908544,7.777777671813965
908816,8.279816627502441
909360,8.34080696105957
909728,8.597285270690918
910096,7.96380090713501
910400,8.292682647705078
911312,8.333333015441895
911632,8.1614351272583
912032,8.087557792663574
912224,7.777777671813965
912960,8.258928298950195
913968,8.288288116455078
915824,7.9464287757873535
915920,8.125
917184,8.479262351989746
917488,8.144796371459961
917504,8.41772174835205
919344,8.242009162902832
919808,8.140496253967285
921056,8.198198318481445
921104,8.125
921984,8.05936050415039
922224,8.119266510009766
922592,7.6785712242126465
924320,8.009049415588379
929504,7.75
929536,7.78787899017334
929728,7.75
930544,7.681818008422852
932400,7.724550724029541
934080,7.792792797088623
934592,8.04878044128418
935552,7.764705657958984
935904,7.52293586730957
936096,7.545454502105713
936352,7.644444465637207
937392,7.912844181060791
939488,7.938596725463867
939488,7.865853786468506
940080,7.918551921844482
940224,7.7300615310668945
942512,8.108108520507812
943728,7.578616142272949
945040,7.899543285369873
948336,7.982062816619873
948432,7.937219619750977
948512,8.009259223937988
950064,7.7727274894714355
950576,8.288288116455078
952416,8.139013290405273
953104,8.132911682128906
953600,8.459821701049805
954608,8.240740776062012
955120,8.219178199768066
958368,7.873302936553955
959792,7.901785850524902
961376,7.797618865966797
961808,7.956989288330078
963248,7.566964149475098
964000,7.8481011390686035
964128,7.991266250610352
964288,7.8947367668151855
965008,8.119468688964844
965072,7.860360145568848
966784,7.450980186462402
970352,7.636363506317139
973328,7.9279279708862305
975904,7.333333492279053
976096,7.488584518432617
976512,7.259615421295166
977696,7.488888740539551
978304,7.635135173797607
978480,7.375
978592,7.71689510345459
979168,7.0625
979840,7.374429225921631
980160,7.092511177062988
980400,7.443946361541748
981104,7.25
982960,7.456140518188477
983728,7.409909725189209
983952,7.2687225341796875
984384,7.1929826736450195
986960,7.174887657165527
988912,7.659090995788574
991600,7.045454502105713
992704,6.7410712242126465
993072,7.1875
995744,6.986899375915527
996368,6.685714244842529
996448,6.133333206176758
997056,6.797752857208252
997088,6.960352420806885
997616,6.823204517364502
999120,6.7136149406433105
999280,7.136363506317139
999568,6.6822428703308105
1000128,7.094017028808594
1001216,5.642857074737549
1001264,6.839827060699463
1002960,6.9213972091674805
1003008,6.783439636230469
1003088,7.168949604034424
1003616,7.348837375640869
1004848,6.7920355796813965
1005744,7.012195110321045
1006208,7.0
1006928,6.92307710647583
1009680,7.348837375640869
1012160,7.455357074737549
1012672,7.336244583129883
1012688,7.267441749572754
1012880,7.733333110809326
1013760,7.393617153167725
1014704,7.662337779998779
1014880,7.400000095367432
1015696,7.2727274894714355
1016336,7.318181991577148
1016544,7.121212005615234
1017584,7.316384315490723
1017888,7.219730854034424
1017920,7.142857074737549
1020624,7.03125
1021056,7.307692527770996
1021488,7.410714149475098
1022704,7.441860675811768
1023200,6.9268293380737305
1023680,7.114537239074707
1023760,7.181818008422852
1025616,7.0333333015441895
1027104,7.056074619293213
1027216,5.714285850524902
1028832,7.252252101898193
1029232,7.244444370269775
1029248,7.288135528564453
1030160,6.754385948181152
1032800,7.544642925262451
1034528,7.735848903656006
1034768,7.207207202911377
1035488,7.375
1035920,7.375565528869629
1037040,7.348484992980957
1038144,7.456140518188477
1038160,7.466367721557617
1038880,7.374429225921631
1039936,7.782805442810059
1040880,7.844827651977539
1041104,7.803738117218018
1041424,7.636363506317139
1041552,7.373271942138672
1041792,7.511013031005859
1042464,7.556053638458252
1042816,7.466063499450684
1043584,7.648401737213135
1043856,7.511312007904053
1044512,7.7419352531433105
1047968,7.456896781921387
1048064,7.591463565826416
1048256,7.8947367668151855
1051632,7.454955101013184
1051936,7.17889928817749
1054192,7.455357074737549
1055040,7.041284561157227
1055456,7.237442970275879
1057568,7.464788913726807
1058784,7.432432651519775
1059408,6.764705657958984
1062368,7.4776787757873535
1064288,7.668161392211914
1065152,7.183544158935547
1066064,7.7272725105285645
1067152,8.156682014465332
1068480,7.954545497894287
1070832,7.59825325012207
1073584,7.621951103210449
1073824,7.903225898742676
1075040,7.5
1077088,7.777777671813965
1078480,7.792792797088623
1078688,7.66519832611084
1080304,7.622222423553467
1080624,7.545454502105713
1081344,7.515151500701904
1083088,7.44444465637207
1084976,7.47787618637085
1087088,7.706421852111816
1087552,7.477477550506592
1087792,8.054298400878906
1088640,8.269230842590332
1089632,7.660550594329834
1090032,7.725225448608398
1093664,7.676990985870361
1094144,7.7160491943359375
1094192,7.314815044403076
1094560,7.692307472229004
1095104,7.297297477722168
1095920,6.86274528503418
1097344,7.307692527770996
1101072,7.214612007141113
1101680,7.052631378173828
1101824,7.156862735748291
1103712,7.270642280578613
1104304,7.309417247772217
1104352,7.654321193695068
1106240,7.654867172241211
1107152,7.079439163208008
1108144,7.454545497894287
1108784,7.0
1109072,7.367021083831787
1109216,7.07831335067749
1109936,7.409090995788574
1111440,7.117116928100586
1111920,6.845238208770752
1114912,7.0506911277771
1116064,7.488789081573486
1117136,7.767857074737549
1117520,7.454955101013184
1118320,7.899543285369873
1119248,8.0
1120768,8.257575988769531
1121808,7.587719440460205
1123024,7.2272725105285645
1123584,8.105727195739746
1124544,7.668161392211914
1125440,7.577639579772949
1125664,7.702702522277832
1126352,7.892376899719238
1127072,7.954545497894287
1127648,8.363636016845703
1128912,8.018017768859863
1129056,7.863636493682861
1129440,4.400000095367432
1131664,7.839506149291992
1131824,7.747747898101807
1134560,7.828054428100586
1134688,7.5806450843811035
1135168,7.47706413269043
1137344,7.995495319366455
1138480,8.082191467285156
1138784,7.777777671813965
1139920,7.847533702850342
1141088,7.181818008422852
1141136,7.045454502105713
1141632,7.6497697830200195
1142384,7.723214149475098
1144480,6.75
1144736,7.7092509269714355
1144896,7.579908847808838
1145376,7.777777671813965
1146640,7.7397260665893555
1148016,7.4772725105285645
1148272,7.704545497894287
1149456,7.7272725105285645
1149952,7.387387275695801
1149968,7.523809432983398
1150144,7.324561595916748
1151280,7.280701637268066
1151936,7.7253217697143555
1152080,7.20858907699585
1152464,7.55656099319458
1156000,7.533632278442383
1156768,7.2151899337768555
1157232,7.25
1157728,7.196261882781982
1157728,7.1118011474609375
1161376,7.136363506317139
1161888,7.196531772613525
1166448,7.358490467071533
1167344,7.387387275695801
1167376,7.196652889251709
1168816,7.435897350311279
1170944,7.455357074737549
1172528,7.808218955993652
1173008,7.450980186462402
1173552,6.456521511077881
1173840,7.47706413269043
1174128,7.959183692932129
1174240,7.969696998596191
1174352,7.78787899017334
1174384,7.873831748962402
1176448,7.792792797088623
1177312,8.202247619628906
1177776,7.9452056884765625
1180816,7.2466959953308105
1181984,7.432432651519775
1182816,7.342857360839844
1183072,6.928251266479492
1183344,7.40174674987793
1184720,7.603686809539795
1185040,7.292576313018799
1186352,7.136363506317139
1186352,7.644444465637207
1187008,7.318181991577148
1189952,7.098214149475098
1190608,7.439759254455566
1191136,6.857142925262451
1191472,7.1022725105285645
1191856,7.207207202911377
1192336,6.993865013122559
1192752,6.564417362213135
1195440,6.228070259094238
1195504,7.146118640899658
1196336,7.309417247772217
1196480,7.130044937133789
1197232,7.040358543395996
1198160,7.573964595794678
1198208,7.52212381362915
1200816,7.757847309112549
1201280,7.305935859680176
1201696,7.6687116622924805
1201744,7.636363506317139
1201920,7.692307472229004
1206032,7.599009990692139
1207968,7.488584518432617
1208304,7.442922592163086
1208848,7.5
1209472,7.831050395965576
1209552,5.588235378265381
1209584,7.986425399780273
1212320,7.55656099319458
1213040,7.545454502105713
1213648,7.708333492279053
1214032,7.737556457519531
1214272,7.151515007019043
1215104,7.579908847808838
1218016,7.545454502105713
1221184,6.73913049697876
1221648,7.345132827758789
1221808,7.893518447875977
1223760,7.752293586730957
1224928,7.694064140319824
1225520,7.489177703857422
1226064,7.8125
1228304,8.0316743850708
1228864,7.382550239562988
1229632,7.643171787261963
1230896,7.841409683227539
1231280,7.882883071899414
1233376,7.6785712242126465
1233968,7.958115100860596
1234336,7.861445903778076
1239136,8.472222328186035
1239888,7.843137264251709
1240224,8.185840606689453
1241072,6.929824352264404
1241568,8.219178199768066
1241872,8.155555725097656
1242192,7.715517044067383
1245184,7.588235378265381
1245232,8.0
1245424,7.782805442810059
1246672,7.955555438995361
1247360,8.425926208496094
1247552,8.260869979858398
1247984,7.798742294311523
1248096,7.083333492279053
1248336,7.425149917602539
1248800,8.018017768859863
1249856,7.626262664794922
1251216,7.755555629730225
1251888,7.601809978485107
1254448,7.772925853729248
1254816,7.723214149475098
1254928,7.954545497894287
1255120,7.911110877990723
1255200,8.116591453552246
1255376,7.926267147064209
1256976,8.125
1258400,7.3660712242126465
1258608,8.160377502441406
1258976,7.592592716217041
1259584,7.9012346267700195
1261072,7.625570774078369
1262272,7.847533702850342
1262640,7.954545497894287
1263456,7.3913044929504395
1264608,8.045454978942871
1265568,7.935780048370361
1266704,7.714285850524902
1266752,7.690582752227783
1267968,8.13559341430664
1269152,8.071748733520508
1270352,8.04444408416748
1272720,7.319819927215576
1272784,7.7533040046691895
1272928,7.528735637664795
1273584,7.7419352531433105
1273856,7.981651306152344
1273872,7.922374248504639
1274048,7.523809432983398
1277488,7.61061954498291
1278176,8.009259223937988
1278768,8.385650634765625
1279824,8.256880760192871
1279840,7.599999904632568
1279840,7.909090995788574
1280096,7.785387992858887
1281456,8.0316743850708
1282672,7.52293586730957
1283792,7.73913049697876
1284624,7.725225448608398
1284672,8.0
1285168,7.65625
1285392,7.373737335205078
1285472,7.5
1287616,7.937219619750977
1288832,7.942477703094482
1289168,8.219895362854004
1291120,7.2093024253845215
1291168,8.32579231262207
1291888,8.409090995788574
1292640,8.116591453552246
1296736,8.3259916305542
1296944,8.054298400878906
1297184,7.873302936553955
1301968,8.511628150939941
1304000,8.202764511108398
1305104,8.202764511108398
1305568,8.520179748535156
1306240,8.292682647705078
1306352,8.302752494812012
1306960,8.416289329528809
1307552,8.55203628540039
1307712,8.351648330688477
1308064,8.301886558532715
1309152,8.721461296081543
1309360,8.5029935836792
1309408,8.60360336303711
1309424,7.897196292877197
1309904,8.590909004211426
1312976,8.333333015441895
1314464,8.264840126037598
1314800,8.48888874053955
1317280,8.1304349899292
1318016,8.235294342041016
1318208,8.565217018127441
1318272,8.097345352172852
1318704,8.236607551574707
1321744,8.240740776062012
1322128,8.139013290405273
1322368,8.222222328186035
1323552,8.125
1323584,7.7419352531433105
1323952,7.767857074737549
1324528,7.802690505981445
1327888,7.857142925262451
1328592,7.995391845703125
1329136,7.594936847686768
1329568,7.488986968994141
1330976,8.214285850524902
1331456,7.792792797088623
1333600,7.7868852615356445
1333664,7.365269660949707
1334224,7.623318195343018
1334384,7.797356605529785
1335600,7.880184173583984
1336656,7.725225448608398
1336752,7.488789081573486
1337872,8.203593254089355
1338752,7.932098865509033
1339200,7.65625
1339888,7.519999980926514
1341632,7.577777862548828
1342256,7.534883499145508
1342864,7.702702522277832
1343440,7.828054428100586
1343952,7.559055328369141
1344016,7.297297477722168
1345888,7.330316543579102
1345968,7.504424571990967
1346608,6.686747074127197
1346928,7.327188968658447
1349888,7.110091686248779
1350144,7.38095235824585
1351872,6.891891956329346
1352256,7.311110973358154
1353008,7.330316543579102
1353136,7.399103164672852
1353296,7.647058963775635
1354144,7.1681413650512695
1356096,7.692307472229004
1358272,7.735848903656006
1358416,7.5460124015808105
1359936,7.947368621826172
1360208,7.20858907699585
1360560,8.050847053527832
1361808,7.818181991577148
1361936,7.345132827758789
1362896,7.796610355377197
1363616,7.613636493682861
1363808,7.4193549156188965
1365360,7.918551921844482
1366848,7.708333492279053
1367120,7.660550594329834
1367328,7.853881359100342
1368880,7.604166507720947
1368928,7.8378376960754395
1370720,7.8348212242126465
1371344,7.4528303146362305
1372368,7.635135173797607
1373744,7.785387992858887
1373792,7.811059951782227
1374880,7.590909004211426
1376000,7.857142925262451
1376368,7.909090995788574
1376512,7.792792797088623
1377296,7.714931964874268
1377376,7.757847309112549
1377488,7.7272725105285645
1378848,7.909090995788574
1380992,7.82110071182251
1381296,7.556180000305176
1382368,7.828054428100586
1383152,7.377777576446533
1384448,7.883720874786377
1385840,7.093023300170898
1386368,7.216495037078857
1386416,7.375
1387056,7.567567348480225
1387088,7.194570064544678
1387712,7.589285850524902
1389824,7.207207202911377
1389984,7.612612724304199
1390656,7.387387275695801
1391296,7.331838607788086
1391472,7.657657623291016
1392000,7.222222328186035
1392624,7.085201740264893
1393520,7.590909004211426
1394288,7.566371917724609
1396128,7.623456954956055
1396272,7.2687225341796875
1396992,7.142857074737549
1398320,7.545454502105713
1400032,7.2839508056640625
1400208,7.219730854034424
1400592,7.723214149475098
1403280,7.142857074737549
1403600,7.326203346252441
1403776,7.770270347595215
1406192,7.450980186462402
1406944,7.6086955070495605
1407360,7.488789081573486
1408800,7.659574508666992
1410896,6.910112380981445
1412976,6.982378959655762
1413232,7.210300445556641
1414032,7.379032135009766
1414304,7.174887657165527
1414400,7.110091686248779
1415136,7.363636493682861
1415712,7.270642280578613
1416208,7.232142925262451
1417328,7.340909004211426
1418560,6.892655372619629
1419408,6.818181991577148
1420384,7.55656099319458
1421296,7.171945571899414
1422592,7.0547943115234375
1423008,6.73913049697876
1426208,7.7130045890808105
1427232,7.307692527770996
1427552,7.488888740539551
1428592,7.515527725219727
1428944,7.848484992980957
1430208,7.199999809265137
1431472,7.924107074737549
1431696,7.538860321044922
1432304,7.297297477722168
1434656,7.692307472229004
1435056,7.601809978485107
1436032,7.17391300201416
1438160,7.568807125091553
1438480,7.488584518432617
1441968,7.612612724304199
1442256,7.354259967803955
1442336,7.299107074737549
1443488,7.599999904632568
1444416,6.875
1445376,7.802690505981445
1445904,7.747747898101807
1446848,7.566964149475098
1448800,7.758620738983154
1449024,7.659090995788574
1450240,7.659090995788574
1450368,7.853881359100342
1450656,7.909090995788574
1452416,7.798165321350098
1454960,8.036529541015625
1456576,7.58849573135376
1457488,7.893518447875977
1457776,7.818181991577148
1457936,7.488789081573486
1459408,7.224770545959473
1461056,7.950450420379639
1461488,7.375565528869629
1462112,7.55555534362793
1462400,7.543478488922119
1464032,7.869955062866211
1464224,7.6027398109436035
1464656,7.663551330566406
1465680,8.04054069519043
1465760,7.863636493682861
1466272,7.659574508666992
1467440,7.543859481811523
1467616,7.73542594909668
1468176,8.073394775390625
1468752,8.1578950881958
1468816,8.354430198669434
1469472,7.888888835906982
1471280,7.614678859710693
1472752,8.371040344238281
1474176,7.97468376159668
1474224,8.269230842590332
1474800,7.990867614746094
1475360,7.825112342834473
1475888,7.660550594329834
1476512,8.222222328186035
1479104,8.156682014465332
1479856,7.935780048370361
1480000,8.036529541015625
1481680,7.53125
1483424,7.545454502105713
1487392,7.926267147064209
1488432,7.780269145965576
1488848,7.911110877990723
1489984,7.7272725105285645
1490928,7.596899032592773
1491040,8.142857551574707
1494928,8.222222328186035
1495392,7.622222423553467
1495648,7.72123908996582
1495984,7.876106262207031
1497568,7.8947367668151855
1498096,8.084112167358398
1501056,7.9452056884765625
1501072,7.958715438842773
1502032,8.017621040344238
1504320,7.356321811676025
1504992,8.133333206176758
1505264,7.853881359100342
1505600,8.31838607788086
1507184,7.763819217681885
1507680,7.969432353973389
1509808,7.7727274894714355
1510656,7.69911527633667
1510880,7.896825313568115
1512176,7.862903118133545
1513616,7.5153374671936035
1514368,7.7272725105285645
1515888,7.878787994384766
1517360,7.252747058868408
1517808,7.6785712242126465
1518400,7.9772725105285645
1520336,7.6744184494018555
1520816,7.441860675811768
1522080,7.729257583618164
1522240,7.432432651519775
1523456,7.636363506317139
1523920,7.690582752227783
1524976,7.387387275695801
1529728,7.889908313751221
1530832,7.964601993560791
1531456,8.363636016845703
1532208,7.991266250610352
1533296,8.243243217468262
1537040,7.8881988525390625
1537328,8.502202987670898
1537904,8.153153419494629
1539008,8.472222328186035
1539184,8.04878044128418
1540064,7.96875
1540176,8.378377914428711
1540912,8.609865188598633
1541456,8.068181991577148
1542224,8.116591453552246
1543936,8.34101390838623
1545712,8.663594245910645
1545712,8.231707572937012
1549456,8.625
1549792,8.378995895385742
1550800,8.475336074829102
1551136,8.5
1551872,8.356481552124023
1553888,8.15999984741211
1554208,8.042452812194824
1555552,8.160919189453125
1556080,8.518518447875977
1557504,8.311111450195312
1558352,8.125
1558864,7.755555629730225
1560384,8.185840606689453
1561184,7.972350120544434
1562464,8.169642448425293
1562576,7.808218955993652
1562752,8.130841255187988
1563792,8.103447914123535
1563808,8.228699684143066
1564192,7.97468376159668
1564848,8.333333015441895
1565344,8.251121520996094
1565984,7.488584518432617
1567344,8.009049415588379
1567680,8.16513729095459
1568448,8.035714149475098
1569488,8.16513729095459
1571584,7.844827651977539
1572736,7.636363506317139
1572736,7.73109245300293
1573376,7.828054428100586
1574320,7.579908847808838
1575696,7.564655303955078
1576192,7.982062816619873
1576400,7.6315789222717285
1576496,7.88732385635376
1576608,7.972350120544434
1576864,7.96875
1579808,8.242424011230469
1579904,7.52293586730957
1580448,8.02690601348877
1582128,7.408759117126465
1582352,7.657657623291016
1584128,7.59825325012207
1585968,7.5
1586720,7.96380090713501
1587040,7.780269145965576
1587264,7.388392925262451
1587776,7.66519832611084
1589440,7.71689510345459
1589584,7.170212745666504
1591408,7.969696998596191
1592912,7.97777795791626
1593296,7.549019813537598
1593312,7.847222328186035
1593440,7.924528121948242
1595520,7.623318195343018
1595856,7.2727274894714355
1596656,7.853881359100342
1600256,8.0
1600592,7.8947367668151855
1603296,8.154762268066406
1603856,8.085585594177246
1607440,7.319819927215576
1607856,7.387387275695801
1607936,7.7272725105285645
1608816,7.6271185874938965
1609840,7.692307472229004
1610080,7.2687225341796875
1610192,7.4776787757873535
1610576,7.604166507720947
1612880,7.604790210723877
1613568,7.413793087005615
1613632,7.8378376960754395
1614336,7.754629611968994
1614368,7.577777862548828
1615280,7.267441749572754
1617440,7.387387275695801
1620720,7.579908847808838
1621520,8.094170570373535
1622096,7.17391300201416
1622848,7.229437351226807
1623296,7.345132827758789
1624048,7.396449565887451
1624416,7.44444465637207
1625056,7.601809978485107
1627152,8.275861740112305
1627968,8.035714149475098
1630848,7.650602340698242
1631584,8.105727195739746
1636352,8.110599517822266
1637280,8.088889122009277
1639456,7.982456207275391
1639856,7.558139324188232
1639904,7.938596725463867
1640304,7.553647994995117
1640480,8.018433570861816
1640592,8.099547386169434
1641360,7.737556457519531
1643536,7.723214149475098
1643840,7.954545497894287
1646144,7.916666507720947
1647008,8.148148536682129
1647360,7.534246444702148
1647696,7.7727274894714355
1650944,7.623318195343018
1651984,7.522522449493408
1654272,7.4666666984558105
1654784,7.959770202636719
1656848,7.420091152191162
1657136,7.666666507720947
1662976,7.636363506317139
1664112,7.2131147384643555
1664320,7.25
1664992,7.488789081573486
1665584,7.048192977905273
1666400,7.15596342086792
1669920,7.586206912994385
1670288,7.4776787757873535
1673344,7.123287677764893
1673840,7.117116928100586
1676416,7.226890563964844
1676816,7.044444561004639
1677072,7.3275861740112305
1678976,7.48427677154541
1679808,7.205882549285889
1680144,7.133620738983154
1680896,7.314815044403076
1680928,6.803652763366699
1681264,7.1875
1682080,7.464788913726807
1682368,7.386363506317139
1683616,7.094594478607178
1683968,6.969696998596191
1684624,7.0
1684800,7.204545497894287
1685328,6.754385948181152
1685392,7.387387275695801
1686096,6.6878981590271
1686160,7.117116928100586
1686560,7.199999809265137
1690928,7.543859481811523
1691456,7.0535712242126465
1692080,7.3660712242126465
1693376,7.26457405090332
1693600,6.900000095367432
1694896,7.546583652496338
1695600,8.428571701049805
1695792,6.764705657958984
1696192,7.1759257316589355
1696912,7.113636493682861
1697344,7.351598262786865
1698064,7.087155818939209
1700704,7.0720720291137695
1702096,7.804878234863281
1702288,7.544642925262451
1702848,7.723214149475098
1704224,7.659090995788574
1705600,7.270642280578613
1706240,7.458563327789307
1706304,7.352941036224365
1707280,7.225131034851074
1708016,7.361111164093018
1708208,8.070175170898438
1708272,7.2272725105285645
1709440,7.445652008056641
1709696,7.418604850769043
1710064,7.47787618637085
1711216,7.171945571899414
1712080,7.317073345184326
1713728,7.724359035491943
1714416,7.114537239074707
1715008,7.545454502105713
1715696,7.47863245010376
1717216,7.351598262786865
1717984,7.5
1718592,7.833333492279053
1719856,7.7272725105285645
1720048,7.2131147384643555
1720160,7.568305969238281
1720224,7.981651306152344
1720816,7.895927429199219
1722112,7.6712327003479
1722192,7.409909725189209
1723776,7.511312007904053
1724240,7.797618865966797
1724944,7.384259223937988
1726080,7.590909004211426
1728496,7.420814514160156
1729120,7.2272725105285645
1729824,7.567567348480225
1730480,7.183405876159668
1731344,7.409090995788574
1734064,7.568807125091553
1734528,7.432432651519775
1735584,7.1875
1737776,6.7289719581604
1739360,7.235023021697998
1741664,7.26457405090332
1741808,7.511111259460449
1742592,7.3913044929504395
1742752,7.136563777923584
1742912,7.26457405090332
1742928,7.589285850524902
1743536,7.466063499450684
1745264,7.023255825042725
1745328,7.199999809265137
1746160,7.454955101013184
1746304,7.44343900680542
1746944,6.979166507720947
1747040,7.285714149475098
1747376,6.904761791229248
1747792,7.1022725105285645
1748512,7.327188968658447
1749392,7.239819049835205
1749824,7.285068035125732
1750224,7.5
1750560,7.232142925262451
1750848,7.1990742683410645
1752064,7.5
1753408,7.443946361541748
1755232,7.402597427368164
1758080,7.101769924163818
1758816,7.663551330566406
1761952,7.5
1762304,7.7419352531433105
1762656,7.662036895751953
1764672,7.244897842407227
1765104,7.6271185874938965
1767104,7.094594478607178
1771152,7.239819049835205
1771696,7.763157844543457
1771920,7.511111259460449
1772192,7.747747898101807
1773648,7.25
1774144,7.488372325897217
1774736,8.064516067504883
1775680,7.7397260665893555
1776128,7.52212381362915
1777648,7.362385272979736
1777840,7.511312007904053
1778704,7.7727274894714355
1780240,8.291925430297852
1781184,8.0
1781440,7.511210918426514
1781984,7.564655303955078
1782144,7.723214149475098
1782528,7.692307472229004
1785424,8.04878044128418
1788896,8.243243217468262
1788992,8.018017768859863
1789040,8.045454978942871
1790000,7.825112342834473
1790784,8.333333015441895
1791504,8.288288116455078
1792480,7.982062816619873
1792528,7.7272725105285645
1795104,7.814070224761963
1795840,8.311111450195312
1796048,7.579908847808838
1796208,7.869955062866211
1796240,7.131147384643555
1798544,7.557077407836914
1799136,7.990867614746094
1799744,8.090909004211426
1800448,7.755555629730225
1801280,7.882883071899414
1802672,7.818181991577148
1803264,7.621951103210449
1804416,7.515527725219727
1804736,7.5625
1804864,8.02690601348877
1806112,8.177778244018555
1806720,7.460317611694336
1808448,8.228699684143066
1809296,7.770270347595215
1809488,7.818181991577148
1810688,8.026315689086914
1811392,8.127854347229004
1813920,8.127854347229004
1814416,8.024691581726074
1815536,8.076923370361328
1815792,7.660550594329834
1816432,8.15286636352539
1816608,7.938596725463867
1816672,7.876106262207031
1818288,8.04651165008545
1818960,8.171806335449219
1819856,7.950450420379639
1820032,8.125
1820096,8.271889686584473
1820224,8.472222328186035
1820896,7.973568439483643
1823424,8.169013977050781
1824432,7.604166507720947
1826272,8.101851463317871
1827088,7.390350818634033
1827376,7.725225448608398
1827968,8.090909004211426
1828768,7.880184173583984
1830480,7.909090995788574
1830624,8.045454978942871
1830896,7.5
1832400,7.777777671813965
1834384,7.83410120010376
1835280,7.8009257316589355
1835552,7.568807125091553
1835824,7.5223212242126465
1836496,7.723214149475098
1837344,7.533936500549316
1837968,7.0987653732299805
1838800,7.420814514160156
1842144,7.621951103210449
1842704,7.442922592163086
1843312,7.623318195343018
1844032,7.157894611358643
1844592,6.956521511077881
1844912,7.288888931274414
1845072,7.466063499450684
1845344,7.4242424964904785
1846240,7.318181991577148
1848528,7.352941036224365
1848912,7.387387275695801
1850384,7.013574600219727
1851072,7.2151899337768555
1852864,6.914414405822754
1854816,6.274509906768799
1855072,7.6712327003479
1855968,7.52212381362915
1857648,7.281105995178223
1858608,7.2272725105285645
1858864,7.238095283508301
1859488,6.969696998596191
1861872,7.690582752227783
1863040,7.442922592163086
1863600,7.330316543579102
1864144,7.909090995788574
1867648,7.981651306152344
1868256,7.8240742683410645
1868368,7.454545497894287
1868992,7.636363506317139
1870624,7.96380090713501
1870688,8.009259223937988
1871152,7.111111164093018
1871984,7.803738117218018
1872592,7.567567348480225
1873056,7.9279279708862305
1873968,8.01369857788086
1874192,7.522522449493408
1874224,7.702702522277832
1874672,7.648401737213135
1875280,7.244444370269775
1880112,7.757575988769531
1881024,7.450980186462402
1881936,7.6339287757873535
1882256,8.109756469726562
1883184,7.41150426864624
1887280,8.018017768859863
1888512,7.853881359100342
1888656,8.255813598632812
1888720,8.090909004211426
1889392,7.0731706619262695
1891232,8.34375
1892096,8.02690601348877
1892432,8.116591453552246
1893856,8.008849143981934
1894768,7.568181991577148
1896064,7.38938045501709
1897136,7.666666507720947
1898176,7.363636493682861
1899264,7.333333492279053
1900816,7.931818008422852
1901232,8.085585594177246
1902784,8.242009162902832
1906224,8.018017768859863
1906240,7.96610164642334
1906304,7.8222222328186035
1907968,7.931034564971924
1909328,8.144796371459961
1909712,7.488789081573486
1911632,7.733333110809326
1912608,8.051947593688965
1912912,7.982062816619873
1913056,7.792207717895508
1913248,7.681818008422852
1915248,7.926267147064209
1915744,7.702702522277832
1916160,7.659574508666992
1916864,8.409090995788574
1917728,7.614678859710693
1918032,7.624434471130371
1919856,7.369565010070801
1920160,7.399103164672852
1922560,7.1875
1923056,7.7272725105285645
1927568,7.123287677764893
1928944,7.533632278442383
1930128,8.125
1932080,7.318181991577148
1938336,7.911110877990723
1939120,8.020833015441895
1939808,7.3913044929504395
1940144,7.870370388031006
1940192,7.889908313751221
1940432,7.422360420227051
1944144,7.654867172241211
1945680,7.412587642669678
1946208,7.465437889099121
1946288,7.901785850524902
1947104,6.363636493682861
1947344,7.544642925262451
1947472,7.142857074737549
1948000,7.804347991943359
1948192,7.387387275695801
1948448,7.954545497894287
1949376,7.5
1951280,7.782805442810059
1955296,7.669683456420898
1955840,7.6315789222717285
1956176,7.3972601890563965
1956464,7.882883071899414
1960608,7.55760383605957
1961200,7.177914142608643
1962992,7.14932107925415
1963584,7.422222137451172
1964176,7.7312774658203125
1965088,7.319819927215576
1967856,7.242152690887451
1969920,7.752525329589844
1970368,7.704545497894287
1973184,7.5428571701049805
1973808,7.545454502105713
1975312,7.511111259460449
1975728,7.376543045043945
1975760,7.454955101013184
1976384,6.979166507720947
1977552,7.3214287757873535
1978688,7.442922592163086
1978960,6.4285712242126465
1980016,7.420814514160156
1980048,7.544909954071045
1980352,7.4666666984558105
1981408,7.558139324188232
1983744,7.432432651519775
1985824,7.44239616394043
1985936,7.557077407836914
1986832,6.612903118133545
1989888,7.5471696853637695
1990048,7.432432651519775
1991008,7.151515007019043
1991952,7.544642925262451
1992112,7.853881359100342
1993232,7.918551921844482
1993264,7.511111259460449
1994096,7.662337779998779
1994512,7.614678859710693
1997008,7.895927429199219
2002768,7.7272725105285645
2002784,7.918551921844482
2003152,7.6086955070495605
2003456,7.3684210777282715
2003600,7.614678859710693
2004176,7.757847309112549
2004816,7.555066108703613
2007408,7.166666507720947
2008128,7.450980186462402
2008944,7.4666666984558105
2010016,8.096330642700195
2014128,7.704545497894287
2016560,7.898089408874512
2017120,8.191964149475098
2017776,7.83410120010376
2017888,8.045454978942871
2018080,8.393939018249512
2018336,7.930232524871826
2019792,8.166666984558105
2019872,7.892376899719238
2019920,8.423423767089844
2020832,7.244897842407227
2022400,8.362832069396973
2022544,8.136363983154297
2022592,7.6744184494018555
2024096,8.018433570861816
2024384,8.144796371459961
2025168,8.05309772491455
2028608,8.008849143981934
2029232,8.068181991577148
2029776,8.036529541015625
2031392,7.714931964874268
2033248,7.853881359100342
2034720,7.7272725105285645
2036688,8.035714149475098
2036928,7.683982849121094
2037472,7.511520862579346
2040224,7.909090995788574
2040432,7.870370388031006
2040432,7.729357719421387
2040848,7.645740032196045
2041776,7.700892925262451
2042400,7.244444370269775
2044400,6.877828121185303
2044624,7.123287677764893
2044944,7.795454502105713
2045888,7.511312007904053
2048160,7.545454502105713
2048736,7.6497697830200195
2049504,7.52293586730957
2050576,7.295454502105713
2051104,6.914893627166748
2051184,7.1875
2052256,7.146118640899658
2052544,7.117116928100586
2052960,7.109375
2056816,7.455357074737549
2059392,7.386363506317139
2060096,7.798165321350098
2060464,7.477477550506592
2060928,7.644444465637207
2061744,7.096774101257324
2061792,7.246376991271973
2062016,6.65919303894043
2062464,7.1621623039245605
2064288,7.269503593444824
2065280,7.090909004211426
2066752,7.5
2068768,7.222222328186035
2068944,7.456140518188477
2069616,7.606635093688965
2071312,7.142857074737549
2071488,7.303921699523926
2071776,7.47787618637085
2072448,7.023809432983398
2073328,7.532467365264893
2074560,8.136792182922363
2075552,7.4539875984191895
2076144,7.375
2076192,7.085201740264893
2078528,7.695852756500244
2079632,7.038626670837402
2079776,7.323009014129639
2079776,7.668161392211914
2079792,7.410714149475098
2080544,7.47787618637085
2081024,7.079646110534668
2082768,7.4860334396362305
2083248,7.4666666984558105
2084064,7.511415481567383
2084336,7.410714149475098
2084592,7.207207202911377
2084752,7.4539875984191895
2085488,8.169013977050781
2088256,7.47706413269043
2088960,7.41150426864624
2088976,7.83410120010376
2089200,7.397959232330322
2090736,6.7272725105285645
2091824,7.297297477722168
2091936,7.224669456481934
2094880,7.012195110321045
2094960,7.068965435028076
2095280,7.333333492279053
2097344,6.937798976898193
2098560,7.0535712242126465
2099008,7.533632278442383
2099792,7.88732385635376
2100000,7.416666507720947
2101408,7.455752372741699
2102480,7.586206912994385
2103248,7.104072570800781
2105424,6.630434989929199
2106560,7.104072570800781
2106752,7.229729652404785
2109376,6.97183084487915
2109520,6.913580417633057
2109984,6.8526787757873535
2110576,6.84782600402832
2111168,6.990950107574463
2112512,7.0
2116064,7.14932107925415
2116656,7.125
2116976,6.742856979370117
2117472,6.599999904632568
2117968,6.877828121185303
2118144,6.703296661376953
2118736,7.178217887878418
2119536,6.645962715148926
2121808,6.929824352264404
2122672,7.168949604034424
2123792,7.0
2124112,6.532258033752441
2124624,6.711711883544922
2125184,6.869748115539551
2125216,6.857142925262451
2125904,6.836734771728516
2127424,7.234513282775879
2127680,7.297297477722168
2128240,6.9060773849487305
2128320,6.869565010070801
2129472,6.4285712242126465
2129920,7.142857074737549
2131616,7.011494159698486
2131744,7.018348693847656
2132240,7.21875
2134976,7.037036895751953
2135312,7.068062782287598
2135856,7.316513538360596
2136080,7.01257848739624
2136352,7.407407283782959
2138464,7.305935859680176
2138624,7.092511177062988
2139920,7.117116928100586
2140016,7.377777576446533
2141040,7.222222328186035
2143536,7.422222137451172
2144656,7.243589878082275
2145696,7.224770545959473
2146832,7.202643394470215
2148688,7.3006134033203125
2152576,7.5227274894714355
2152608,7.566371917724609
2153136,7.31441068649292
2153408,6.969696998596191
2154144,7.004405498504639
2154176,7.373737335205078
2155648,7.207207202911377
2157664,7.285068035125732
2159568,7.6027398109436035
2160800,7.465116500854492
2161168,7.6744184494018555
2161728,6.491228103637695
2162528,8.0
2163264,7.789473533630371
2163856,7.454545497894287
2164624,7.277777671813965
2165632,7.432432651519775
2166672,7.375565528869629
2168512,7.252252101898193
2169104,7.395349025726318
2171968,7.311828136444092
2173344,6.9285712242126465
2173392,7.070484638214111
2173776,7.14932107925415
2173968,7.4193549156188965
2174736,7.232142925262451
2176576,7.276785850524902
2177696,6.900452613830566
2178016,6.635802268981934
2178240,6.834862232208252
2179024,6.912442207336426
2180384,6.6315789222717285
2181216,6.92307710647583
2182576,6.5158371925354
2182624,6.502242088317871
2182720,7.0217390060424805
2184048,6.885964870452881
2184464,6.171171188354492
2185584,6.491228103637695
2186224,6.949541091918945
2187648,6.931818008422852
2187712,6.622807025909424
2187952,6.9264068603515625
2189952,6.771300315856934
2190400,6.776315689086914
2190896,6.4210524559021
2192720,7.060184955596924
2192976,6.96875
2194464,6.162790775299072
2194624,6.953488349914551
2196640,6.938775539398193
2197232,6.790123462677002
2197440,6.276595592498779
2198112,6.5765767097473145
2199536,6.987951755523682
2199904,7.092511177062988
2200288,6.607929706573486
2200496,7.1621623039245605
2200800,6.888888835906982
2201872,6.94915246963501
2203408,6.793722152709961
2203856,6.756756782531738
2203984,6.790392875671387
2204048,6.832579135894775
2205392,6.50602388381958
2206752,7.2093024253845215
2209264,6.95364236831665
2210112,7.197309494018555
2211008,6.909090995788574
2211424,7.0547943115234375
2211792,7.14932107925415
2212112,6.860986709594727
2213536,7.379912853240967
2214256,7.511312007904053
2214448,7.599999904632568
2215168,7.55555534362793
2216304,7.592592716217041
2216480,7.8222222328186035
2216656,7.5227274894714355
2217104,7.5
2217328,7.668161392211914
2219152,7.464788913726807
2219808,7.47706413269043
2221456,7.3684210777282715
2221728,7.587719440460205
2222432,6.993865013122559
2224560,7.461139678955078
2224912,7.058823585510254
2225968,7.363636493682861
2226032,7.309417247772217
2226848,7.876106262207031
2227520,7.579908847808838
2228416,7.610063076019287
2229600,7.612612724304199
2230416,7.545454502105713
2230816,7.400000095367432
2230896,7.828054428100586
2231408,7.644444465637207
2233936,7.4776787757873535
2235328,7.1186442375183105
2235408,7.685184955596924
2236032,7.6339287757873535
2236832,7.534246444702148
2236960,8.292682647705078
2237520,7.533632278442383
2237632,6.818181991577148
2238464,7.456140518188477
2238816,7.4193549156188965
2239312,6.746987819671631
2240224,6.875
2240608,6.960352420806885
2244560,7.142857074737549
2244800,6.724137783050537
2246560,6.92307710647583
2246864,7.6339287757873535
2248112,7.057522296905518
2249200,7.117116928100586
2249504,6.936936855316162
2249840,6.80232572555542
2250080,7.226890563964844
2250096,7.363636493682861
2251696,6.928251266479492
2253120,7.0535712242126465
2253616,6.97183084487915
2254080,7.34782600402832
2254848,7.431192874908447
2255328,7.30088472366333
2256224,8.096330642700195
2256304,7.522522449493408
2257184,7.590090274810791
2257456,7.853881359100342
2258352,7.431192874908447
2258784,7.3270440101623535
2261264,7.4666666984558105
2261552,7.702702522277832
2262336,7.873302936553955
2262480,7.75
2264768,7.392638206481934
2265104,7.2699384689331055
2265488,7.533632278442383
2266416,7.444933891296387
2267872,7.578475475311279
2272400,7.363636493682861
2272544,7.916666507720947
2272864,7.899543285369873
2274992,7.621145248413086
2276096,7.0
2276880,7.545454502105713
2277136,7.7876105308532715
2277696,7.365269660949707
2280080,7.543859481811523
2280112,7.757847309112549
2280272,7.65625
2281504,7.737556457519531
2281552,7.410714149475098
2281696,7.375565528869629
2282960,6.86274528503418
2284080,7.8125
2284176,7.649572849273682
2284560,8.148148536682129
2284976,7.2727274894714355
2286064,7.363636493682861
2287648,7.546296119689941
2288848,7.84403657913208
2289168,7.7160491943359375
2289808,7.7130045890808105
2290112,7.937219619750977
2290880,7.636363506317139
2291264,7.866666793823242
2291792,7.567567348480225
2292608,7.803738117218018
2294144,7.215909004211426
2296000,7.657657623291016
2296720,7.039473533630371
2298704,6.722689151763916
2299088,7.511111259460449
2300000,7.058823585510254
2300144,7.638888835906982
2300864,7.5
2301936,7.643171787261963
2302640,7.624434471130371
2303424,7.425149917602539
2303712,7.792792797088623
2305296,7.6785712242126465
2310352,6.97777795791626
2311360,7.26457405090332
2312688,6.9819817543029785
2313552,6.766467094421387
2315232,7.130044937133789
2315824,6.875
2316912,6.748466491699219
2316944,7.092511177062988
2318720,6.645962715148926
2318912,7.155172348022461
2319408,6.666666507720947
2321712,7.365591526031494
2321808,7.420091152191162
2322208,7.075471878051758
2325136,7.104072570800781
2325264,7.14932107925415
2325760,7.420814514160156
2325792,7.288888931274414
2326880,7.26457405090332
2327264,7.359307289123535
2327664,7.331838607788086
2330896,7.111111164093018
2331040,7.100591659545898
2331056,7.180616855621338
2331072,6.909090995788574
2334080,7.420814514160156
2334432,7.409090995788574
2334720,7.57709264755249
2335664,7.5
2337120,7.222222328186035
2338416,6.9650654792785645
2338960,7.5
2341616,6.905829429626465
2343472,7.590909004211426
2343728,7.21212100982666
2345072,7.2687225341796875
2346656,6.946902751922607
2348432,7.096069812774658
2348576,7.385321140289307
2348896,7.360248565673828
2349072,6.8061676025390625
2349584,7.454545497894287
2349632,7.5
2351312,6.666666507720947
2352000,7.342342376708984
2352512,7.355555534362793
2352592,6.940639495849609
2354112,7.342342376708984
2355600,7.1875
2356096,7.84403657913208
2356720,7.785387992858887
2357040,7.352941036224365
2357040,7.5
2359200,7.544642925262451
2359824,7.4782609939575195
2361040,7.893518447875977
2362592,7.732558250427246
2362688,7.373271942138672
2362992,6.785714149475098
2363088,7.931818008422852
2363728,7.847533702850342
2365552,8.237885475158691
2366240,7.847533702850342
2366512,7.762557029724121
2368160,7.841409683227539
2369136,7.378640651702881
2369728,7.149122714996338
2370144,8.06306266784668
2371248,7.4157304763793945
2371504,7.407407283782959
2372672,7.763975143432617
2372752,7.461538314819336
2373376,7.621145248413086
2373952,7.762557029724121
2375328,7.410714149475098
2376080,7.559523582458496
2377376,7.681818008422852
2379792,7.256637096405029
2379872,7.544642925262451
2380048,7.013888835906982
2382320,7.466063499450684
2383408,7.718894004821777
2384544,6.481481552124023
2385632,7.2981367111206055
2386880,7.644444465637207
2386944,7.454545497894287
2387168,7.466063499450684
2389856,7.612612724304199
2390352,7.3214287757873535
2391024,7.136363506317139
2392032,7.017543792724609
2392880,7.568807125091553
2392976,7.7018632888793945
2393456,7.6785712242126465
2393808,7.330316543579102
2397376,6.964285850524902
2398880,6.5714287757873535
2399040,7.866666793823242
2401504,8.048245429992676
2401552,7.568807125091553
2403136,7.647058963775635
2403584,7.625570774078369
2404720,7.9525861740112305
2404816,7.668161392211914
2405008,7.247706413269043
2406576,7.7092509269714355
2407152,7.567567348480225
2407824,7.964601993560791
2409136,7.792792797088623
2409264,7.601809978485107
2409616,7.567567348480225
2410896,6.339285850524902
2412240,7.444933891296387
2413584,7.590909004211426
2413776,7.44343900680542
2415776,6.89393949508667
2418912,7.2727274894714355
2419408,7.420814514160156
2422816,7.34104061126709
2424352,7.155555725097656
2424976,7.251461982727051
2428176,7.604790210723877
2429120,6.830986022949219
2430240,7.211538314819336
2431680,7.6729559898376465
2432672,7.590361595153809
2433552,7.247706413269043
2433792,7.090909004211426
2436272,7.1621623039245605
2436896,7.17391300201416
2437424,6.5625
2437936,7.317073345184326
2439104,7.30088472366333
2440368,6.785714149475098
2440448,7.737556457519531
2440976,7.420814514160156
2443376,7.2192511558532715
2445424,6.933962345123291
2446224,7.152466297149658
2446640,7.2839508056640625
2446672,7.218935012817383
2447376,7.477477550506592
2449440,7.199999809265137
2450336,6.973684310913086
2451232,7.117116928100586
2453056,7.064219951629639
2453872,6.818181991577148
2454864,6.836283206939697
2455456,6.8222222328186035
2456480,7.0227274894714355
2456688,6.755555629730225
2457968,6.947368621826172
2458608,7.381974220275879
2461568,7.152777671813965
2461936,7.288135528564453
2462160,7.239819049835205
2464176,6.975308418273926
2464880,7.442922592163086
2465104,7.232142925262451
2465424,7.281105995178223
2466128,7.2093024253845215
2466480,7.171717166900635
2466768,6.301369667053223
2467616,6.73913049697876
2470640,6.738197326660156
2470864,6.333333492279053
2471344,6.636904716491699
2471568,6.153846263885498
2472304,7.174887657165527
2472640,6.534090995788574
2473600,6.991150379180908
2473696,6.830357074737549
2474400,6.704545497894287
2476352,6.92307710647583
2477072,6.867469787597656
2478112,6.5765767097473145
2478432,6.883408069610596
2479328,6.770186424255371
2479568,6.467391490936279
2482112,6.703056812286377
2482160,6.754385948181152
2483152,7.239819049835205
2483952,7.515527725219727
2485760,7.013574600219727
2486000,6.545454502105713
2486656,7.201834678649902
2488416,6.760563373565674
2489872,6.760563373565674
2489984,7.222222328186035
2490336,7.0535712242126465
2493184,7.083333492279053
2493200,7.117903709411621
2493328,7.207207202911377
2493856,7.990867614746094
2495536,7.660550594329834
2496896,7.567567348480225
2498048,7.161571979522705
2498640,7.545454502105713
2498656,7.675438404083252
2500896,7.533632278442383
2501584,7.71689510345459
2502160,8.119266510009766
2504000,7.828054428100586
2508832,7.772925853729248
2508848,7.488888740539551
2509344,7.235023021697998
2512080,7.692307472229004
2512080,7.98913049697876
2512400,7.763975143432617
2515088,7.590909004211426
2515280,7.785387992858887
2515632,7.782805442810059
2516480,7.882883071899414
2518176,7.763975143432617
2519232,7.863636493682861
2519504,8.273542404174805
2519760,7.300000190734863
2521680,7.935780048370361
2521936,8.394495010375977
2522096,7.577639579772949
2523600,7.972972869873047
2524512,7.5471696853637695
2527152,7.888888835906982
2527584,8.177778244018555
2529072,7.590909004211426
2529328,7.75
2530048,7.8318586349487305
2530592,7.892376899719238
2531168,8.02690601348877
2531536,8.288288116455078
2532832,8.536036491394043
2533760,7.84403657913208
2535312,7.850877285003662
2535360,6.810344696044922
2536288,7.863436222076416
2536784,7.52293586730957
2538608,7.9452056884765625
2539600,7.767857074737549
2539968,8.1578950881958
2540384,7.8125
2541904,7.612612724304199
2543168,7.792792797088623
2544064,7.1875
2544240,6.44444465637207
2546528,7.889908313751221
2546672,7.647058963775635
2546864,7.782805442810059
2546992,8.159090995788574
2547472,7.816901206970215
2547888,7.433628082275391
2548768,7.534883499145508
2549184,7.918551921844482
2551392,7.5460124015808105
2551776,7.395833492279053
2554096,7.922374248504639
2555424,8.3259916305542
2556304,8.090909004211426
2557680,8.280543327331543
2558432,8.348624229431152
2559056,8.230088233947754
2559936,7.986425399780273
2562816,8.303167343139648
2564176,8.296703338623047
2564864,8.114034652709961
2565056,7.818181991577148
2566928,8.082191467285156
2567088,8.243243217468262
2567520,8.431818008422852
2567936,8.136646270751953
2568544,7.860261917114258
2569056,8.333333015441895
2569488,8.270440101623535
2571040,8.173516273498535
2571456,7.762557029724121
2572496,8.32579231262207
2576128,7.256637096405029
2576240,7.421383857727051
2576880,7.901785850524902
2577584,7.545454502105713
2580192,7.65625
2580208,7.8009257316589355
2580480,7.901785850524902
2581552,8.054298400878906
2582080,7.668161392211914
2582480,7.409090995788574
2583584,7.3214287757873535
2583856,7.587719440460205
2586288,7.52293586730957
2586816,7.924528121948242
2587152,7.5
2590448,7.204300880432129
2591040,7.2272725105285645
2591584,7.1710524559021
2592448,7.3125
2595536,7.266666889190674
2597552,7.383720874786377
2597680,7.092511177062988
2597808,6.595744609832764
2598992,7.348837375640869
2600048,7.563024997711182
2600800,7.004608154296875
2600928,7.305935859680176
2601488,7.445415019989014
2602256,7.38095235824585
2603072,7.28310489654541
2603344,6.710526466369629
2604704,7.41150426864624
2605104,7.096774101257324
2605328,7.3660712242126465
2608384,7.423580646514893
2609824,6.685393333435059
2609904,6.736111164093018
2610784,7.244444370269775
2610864,6.8867926597595215
2611648,7.692307472229004
2612528,7.42290735244751
2614400,7.514619827270508
2615152,7.4772725105285645
2616048,7.6027398109436035
2616992,7.400881290435791
2617216,7.361701965332031
2617968,7.455357074737549
2618896,7.5
2619648,6.894410133361816
2620144,7.818181991577148
2620240,7.3660712242126465
2620464,7.453703880310059
2623344,7.625570774078369
2623952,7.47706413269043
2624592,6.610169410705566
2626848,7.912844181060791
2628736,7.780269145965576
2628944,7.657657623291016
2630624,7.66519832611084
2631936,7.695652008056641
2634608,7.6744184494018555
2635472,7.792792797088623
2636736,8.0
2637440,8.153153419494629
2639024,7.442922592163086
2639088,7.55656099319458
2639840,7.892376899719238
2640144,7.6339287757873535
2640960,8.251121520996094
2641344,7.3913044929504395
2643376,7.557077407836914
2643760,8.04444408416748
2644144,7.7419352531433105
2645360,7.760180950164795
2645440,7.484472274780273
2646224,7.533632278442383
2646848,6.79104471206665
2647280,7.6712327003479
2647280,7.828054428100586
2647648,7.614678859710693
2647744,7.853535175323486
2649760,7.636363506317139
2649904,7.445887565612793
2651936,7.211538314819336
2654048,7.937219619750977
2654512,7.554584980010986
2655216,7.924107074737549
2655328,7.797356605529785
2657184,7.168674468994141
2658496,7.455357074737549
2659264,7.0731706619262695
2660896,7.0621466636657715
2660896,7.162790775299072
2661120,7.104072570800781
2663168,7.625570774078369
2664464,7.456896781921387
2666656,6.705069065093994
2667008,7.288888931274414
2668144,6.296296119689941
2668480,7.3660712242126465
2670144,7.1875
2670208,7.398190021514893
2670560,7.601809978485107
2671680,7.229729652404785
2672352,7.114285945892334
2673072,7.318181991577148
2674752,7.477477550506592
2675232,7.692307472229004
2677728,7.6785712242126465
2678112,6.986301422119141
2679760,7.623318195343018
2680112,7.640692710876465
2680768,7.688889026641846
2681376,7.568807125091553
2681696,7.792792797088623
2683296,7.454545497894287
2683808,8.050847053527832
2684432,7.763157844543457
2685424,7.65625
2686768,7.579908847808838
2687344,7.55656099319458
2688032,7.8125
2688128,7.467248916625977
2688832,7.702702522277832
2689104,7.5109171867370605
2689568,6.901408672332764
2690352,7.2869954109191895
2691520,7.270742416381836
2693968,6.964285850524902
2694720,6.73913049697876
2696288,7.256637096405029
2696480,7.3684210777282715
2697504,7.545454502105713
2702304,7.5
2702336,7.347560882568359
2702624,7.125
2703024,7.386363506317139
2703168,7.2839508056640625
2703216,7.747747898101807
2704112,7.217194557189941
2704448,5.755555629730225
2705792,6.871165752410889
2706544,7.168949604034424
2708032,7.174887657165527
2708288,7.7720208168029785
2708352,7.510729789733887
2709120,5.882352828979492
2709408,6.5740742683410645
2712480,7.568807125091553
2712656,6.818181991577148
2713024,7.355555534362793
2713664,7.511312007904053
2717888,7.251461982727051
2718416,7.6086955070495605
2719040,7.256097793579102
2719088,7.345132827758789
2719920,7.5
2720208,7.276785850524902
2722080,7.309417247772217
2722592,7.579185485839844
2722608,7.237442970275879
2723696,7.085201740264893
2723792,7.409909725189209
2724048,7.309417247772217
2725200,6.549295902252197
2725600,7.342342376708984
2731616,7.398190021514893
2733328,7.235023021697998
2733568,6.919642925262451
2734336,6.849315166473389
2735216,7.142857074737549
2736848,7.311110973358154
2738192,6.743119239807129
2740528,6.7841410636901855
2744032,7.244444370269775
2746528,7.14932107925415
2747936,7.534246444702148
2749248,7.0535712242126465
2749392,6.666666507720947
2750640,6.931818008422852
2752848,7.098214149475098
2754288,7.309417247772217
2755968,7.962963104248047
2756240,7.566371917724609
2756656,7.899543285369873
2759536,7.342342376708984
2762144,7.747747898101807
2762480,7.485380172729492
2762592,7.488888740539551
2762704,7.070063591003418
2763136,7.410714149475098
2765632,7.603686809539795
2766752,7.259259223937988
2768656,6.875
2770304,7.692307472229004
2770768,7.351598262786865
2772192,7.5
2772384,7.214612007141113
2776144,7.556053638458252
2778448,7.43055534362793
2780608,7.612612724304199
2780992,7.303370952606201
2781808,7.42307710647583
2782048,7.5223212242126465
2784416,7.313084125518799
2784672,7.361963272094727
2785584,7.330508708953857
2787584,7.697841644287109
2788288,7.911110877990723
2790192,7.737556457519531
2790752,7.456896781921387
2791216,7.41150426864624
2791488,7.624434471130371
2791936,7.42290735244751
2792368,6.851851940155029
2792736,7.623318195343018
2794160,7.267080783843994
2794672,7.372093200683594
2794896,7.3214287757873535
2795328,7.309417247772217
2795440,7.142857074737549
2797280,7.194570064544678
2798432,7.219730854034424
2800000,7.454545497894287
2800192,6.956521511077881
2802464,7.5
2802576,7.455357074737549
2806032,6.95945930480957
2806208,7.256637096405029
2807776,7.229729652404785
2808608,7.133333206176758
2809536,6.976744174957275
2809680,7.092511177062988
2810784,3.529411792755127
2811056,7.034313678741455
2812160,6.990950107574463
2813424,6.768558979034424
2815376,6.127167701721191
2816160,6.666666507720947
2816816,6.125
2817120,6.5401787757873535
2817504,6.780303001403809
2817776,6.9819817543029785
2818576,6.620370388031006
2819984,7.2123894691467285
2820384,6.666666507720947
2820448,7.235023021697998
2821392,6.866666793823242
2821888,6.034482955932617
2823280,7.262443542480469
2823376,6.71875
2823424,7.004608154296875
2824720,7.297297477722168
2826960,6.931818008422852
2827504,7.027027130126953
2828288,7.522522449493408
2829296,7.342342376708984
2830288,6.554054260253906
2830560,7.254464149475098
2831808,7.214612007141113
2831808,6.511627674102783
2833632,7.330316543579102
2834064,7.385321140289307
2837424,7.544642925262451
2838608,7.762557029724121
2840768,7.142857074737549
2844400,7.2081217765808105
2845744,7.438271522521973
2845856,7.47787618637085
2845984,7.219730854034424
2846384,6.906779766082764
2847952,7.345132827758789
2848080,7.123287677764893
2848496,6.5217390060424805
2849376,7.354259967803955
2849392,7.224669456481934
2849632,7.48427677154541
2852080,7.466367721557617
2852096,7.388392925262451
2855024,7.589285850524902
2855264,7.0720720291137695
2855408,7.578475475311279
2856080,7.548387050628662
2856144,7.569060802459717
2857456,7.792792797088623
2858800,7.5
2859648,7.274774551391602
2861904,7.215569019317627
2862272,7.1472392082214355
2863680,7.390350818634033
2865376,7.453703880310059
2865440,7.117903709411621
2865744,7.454545497894287
2866096,7.160493850708008
2866480,6.92307710647583
2866592,7.44444465637207
2867920,7.162790775299072
2870016,7.443609237670898
2870112,7.123893737792969
2872304,7.365853786468506
2872560,7.350427150726318
2872736,7.591742992401123
2873248,8.16513729095459
2874720,7.567567348480225
2875120,7.48427677154541
2875632,7.318181991577148
2875840,7.568181991577148
2876736,7.880184173583984
2877840,7.399103164672852
2880720,7.096774101257324
2882400,7.4193549156188965
2882624,7.354259967803955
2883088,7.096774101257324
2884224,7.443946361541748
2885024,7.276785850524902
2885392,7.420814514160156
2887216,7.61061954498291
2887664,7.6339287757873535
2888992,7.590909004211426
2889632,7.589285850524902
2890320,7.333333492279053
2891728,7.670454502105713
2893360,7.420814514160156
2893632,7.433628082275391
2894016,7.219730854034424
2894480,7.444933891296387
2895600,6.75
2896784,7.589285850524902
2896992,7.47787618637085
2899808,7.305935859680176
2901152,7.385321140289307
2903968,7.669683456420898
2904192,7.8378376960754395
2906080,7.710280418395996
2906112,7.885462760925293
2906656,6.956521511077881
2906672,7.956989288330078
2907088,7.6712327003479
2907136,8.1304349899292
2907392,7.903225898742676
2907744,7.96380090713501
2910528,8.037383079528809
2910912,7.6027398109436035
2911568,7.792792797088623
2913328,7.973568439483643
2916752,8.136363983154297
2917680,7.828054428100586
2917920,7.9347825050354
2918128,7.8348212242126465
2918192,8.018017768859863
2920048,7.8378376960754395
2920784,8.370043754577637
2921600,7.782805442810059
2922512,8.088889122009277
2922704,7.798165321350098
2923888,8.0
2924304,7.785387992858887
2926240,7.818181991577148
2926704,7.363636493682861
2927296,7.625
2928704,8.027523040771484
2931312,7.469135761260986
2931360,7.831050395965576
2933632,7.7727274894714355
2936704,7.694064140319824
2936816,7.850467205047607
2937104,7.685184955596924
2937248,7.782805442810059
2937280,7.558685302734375
2937408,7.625
2937632,7.577639579772949
2940896,7.733333110809326
2942080,7.747747898101807
2943024,7.7533040046691895
2944080,7.621145248413086
2944112,7.685184955596924
2944608,7.6339287757873535
2946160,7.623318195343018
2951296,7.933333396911621
2951344,7.377777576446533
2958048,7.71689510345459
2958464,7.590090274810791
2959168,7.6785712242126465
2960704,7.168949604034424
2961424,7.4666666984558105
2962672,7.431192874908447
2962928,7.342342376708984
2963104,7.55760383605957
2964752,7.373271942138672
2965008,7.702702522277832
2965040,7.433035850524902
2965776,7.3660712242126465
2966224,7.737556457519531
2966624,6.621621608734131
2968512,7.222222328186035
2970176,7.330316543579102
2971744,7.133758068084717
2973344,7.3660712242126465
2973760,7.305935859680176
2975792,7.412280559539795
2978752,7.174887657165527
2980816,7.444933891296387
2981792,7.477477550506592
2982512,7.433628082275391
2984544,7.636363506317139
2985392,7.723214149475098
2985664,7.230769157409668
2985968,7.5
2986240,7.44343900680542
2987232,7.371133804321289
2990224,7.432432651519775
2991120,7.481481552124023
2991360,7.276785850524902
2991552,7.420814514160156
2992112,7.599999904632568
2993056,7.26457405090332
2993104,6.954545497894287
2993392,7.319587707519531
2994656,7.659090995788574
2994976,7.5333333015441895
2994992,7.285068035125732
2995664,5.952381134033203
2996272,7.102803707122803
2996560,6.737287998199463
2997040,7.467248916625977
2999328,6.995515823364258
3001328,7.293578147888184
3001728,7.454955101013184
3002080,6.08695650100708
3002848,7.336244583129883
3002896,7.027027130126953
3003072,7.235023021697998
3003904,7.600896835327148
3006016,7.297297477722168
3006288,6.621621608734131
3006512,7.599999904632568
3006576,7.247706413269043
3006736,7.181818008422852
3007440,7.127192974090576
3008048,6.901408672332764
3012112,7.062780380249023
3013072,7.3913044929504395
3013264,7.244444370269775
3013728,6.986607074737549
3017200,7.207207202911377
3017936,7.297297477722168
3019104,7.181818008422852
3019984,7.387387275695801
3020400,7.316017150878906
3021280,7.3660712242126465
3021552,7.377777576446533
3021664,7.276785850524902
3022640,6.940639495849609
3022992,7.309417247772217
3023152,6.840909004211426
3023536,6.877828121185303
3024656,7.229437351226807
3026592,7.031963348388672
3026640,7.235023021697998
3028512,7.359307289123535
3030160,6.95945930480957
3031072,7.63313627243042
3031088,7.0720720291137695
3031776,6.666666507720947
3031872,7.556053638458252
3032512,6.712328910827637
3033760,7.0535712242126465
3033984,7.058823585510254
3034672,7.232142925262451
3035408,6.794871807098389
3037520,7.0858893394470215
3038592,6.491228103637695
3038944,7.017937183380127
3040368,7.239819049835205
3042768,7.455752372741699
3043776,7.441860675811768
3048048,7.603686809539795
3050128,7.685184955596924
3050576,7.386363506317139
3050896,7.3660712242126465
3051184,7.431192874908447
3051728,7.55760383605957
3052288,7.191781044006348
3054352,7.1472392082214355
3057968,7.129629611968994
3058016,7.342342376708984
3060304,7.333333492279053
3062016,7.5
3062448,7.092511177062988
3064368,6.806722640991211
3064720,7.104072570800781
3064832,7.14932107925415
3064864,7.214612007141113
3064896,7.149122714996338
3065456,7.077625751495361
3065744,7.47706413269043
3068336,7.2272725105285645
3068992,6.597222328186035
3069168,6.990950107574463
3069392,7.160493850708008
3071376,7.027027130126953
3074704,6.807229042053223
3078576,7.013274192810059
3078720,6.924778938293457
3078800,7.017543792724609
3079120,6.886227607727051
3079936,7.237442970275879
3080048,6.797235012054443
3080560,6.7889909744262695
3080656,6.526315689086914
3084112,6.92307710647583
3085408,7.309417247772217
3086336,7.160493850708008
3087744,7.079646110534668
3088896,7.096774101257324
3089072,7.100456714630127
3089568,7.26457405090332
3089936,7.455357074737549
3091152,7.169811248779297
3091344,7.0720720291137695
3092624,7.331838607788086
3093280,6.950672626495361
3093472,7.090909004211426
3094240,6.666666507720947
3098256,7.195121765136719
3099488,7.2727274894714355
3099648,6.986301422119141
3100256,7.443946361541748
3100528,7.0
3102080,6.7281107902526855
3102688,7.252252101898193
3102688,7.191781044006348
3103200,7.081448078155518
3104912,6.832579135894775
3106320,6.881720542907715
3108992,6.927711009979248
3109360,7.219730854034424
3109760,7.171945571899414
3110224,6.931818008422852
3112160,7.227074146270752
3112336,7.234513282775879
3113328,7.2727274894714355
3113488,7.064219951629639
3116112,7.363636493682861
3121456,7.307692527770996
3122928,7.035398006439209
3124032,7.488372325897217
3127200,7.1621623039245605
3127552,7.031963348388672
3127856,6.666666507720947
3128064,7.319819927215576
3128560,6.954545497894287
3131440,7.357142925262451
3132368,7.166666507720947
3134704,7.117116928100586
3135104,7.252252101898193
3135712,6.486486434936523
3136080,7.327188968658447
3136608,7.067901134490967
3136912,7.093023300170898
3138800,7.2727274894714355
3141248,7.0
3141680,6.824324131011963
3141936,6.820276260375977
3142688,7.104072570800781
3142688,7.2727274894714355
3143824,7.376681804656982
3145440,7.444933891296387
3150800,7.579908847808838
3150928,7.15596342086792
3153136,7.41150426864624
3154384,7.399103164672852
3157296,7.645740032196045
3159104,7.204545497894287
3159264,7.214612007141113
3161520,7.100456714630127
3163344,7.745535850524902
3163888,7.149122714996338
3164368,7.465437889099121
3165008,7.235023021697998
3165376,6.818181991577148
3166688,7.295454502105713
3167296,6.698113441467285
3167344,7.0720720291137695
3168512,6.340579509735107
3168960,7.090909004211426
3168992,7.454545497894287
3171664,7.1165642738342285
3172272,7.236842155456543
3173680,7.3660712242126465
3175856,7.155172348022461
3176016,7.064219951629639
3176128,7.092511177062988
3176336,7.009132385253906
3179136,7.422222137451172
3179696,7.252252101898193
3182336,7.058823585510254
3184064,7.351598262786865
3185040,7.181818008422852
3185488,7.211981773376465
3187360,7.174887657165527
3188000,7.117116928100586
3188384,7.279069900512695
3190112,7.578475475311279
3190144,7.309417247772217
3190352,7.345971584320068
3191024,7.340425491333008
3191680,7.007575988769531
3193536,7.30088472366333
3193776,7.181818008422852
3194752,7.041284561157227
3195264,7.219730854034424
3196016,7.077625751495361
3196464,6.855203628540039
3197184,7.399103164672852
3197376,7.3660712242126465
3198016,6.77419376373291
3198160,6.94915246963501
3198896,7.566371917724609
3201072,7.126697063446045
3201376,6.909090995788574
3203104,7.1759257316589355
3204304,7.004504680633545
3204656,7.100456714630127
3205184,6.666666507720947
3205216,7.13450288772583
3207136,6.914414405822754
3208336,7.052401542663574
3208368,7.5109171867370605
3208448,7.412280559539795
3208784,7.2098212242126465
3209792,7.1875
3211936,7.104072570800781
3212288,7.062780380249023
3213088,6.597222328186035
3215232,6.877828121185303
3217984,7.205240249633789
3219056,7.297297477722168
3222464,6.910377502441406
3223600,7.123893737792969
3223840,7.171945571899414
3223936,6.888888835906982
3226240,7.068181991577148
3227152,6.92307710647583
3227712,7.256637096405029
3229808,6.561086177825928
3230128,7.116279125213623
3230688,7.045454502105713
3230720,6.330986022949219
3231056,7.369565010070801
3231456,7.1508378982543945
3233440,7.130044937133789
3233568,6.991150379180908
3234560,7.683486461639404
3234960,7.1621623039245605
3237632,6.907894611358643
3239136,7.26457405090332
3240672,6.955555438995361
3241216,7.26457405090332
3241296,6.800000190734863
3241504,7.027027130126953
3241568,6.95945930480957
3241664,6.712328910827637
3242128,6.968325614929199
3242720,7.309417247772217
3243280,6.913580417633057
3243456,7.435897350311279
3244144,6.880733966827393
3244272,7.1651787757873535
3245104,7.243243217468262
3246544,6.89497709274292
3247664,7.115384578704834
3247680,6.73913049697876
3247760,6.9178080558776855
3250640,7.01086950302124
3250752,6.956521511077881
3251216,6.990950107574463
3251248,7.409909725189209
3251312,6.92307710647583
3252240,6.804347991943359
3255952,7.018348693847656
3258320,7.1875
3258368,6.527777671813965
3260896,7.11267614364624
3261728,6.8061676025390625
3264624,6.973684310913086
3265776,6.7477874755859375
3266656,6.909090995788574
3266736,7.0535712242126465
3266960,6.0638298988342285
3268976,7.062780380249023
3270400,7.183098793029785
3271744,6.909090995788574
3271760,7.079646110534668
3272400,7.004504680633545
3273152,7.149122714996338
3273664,7.142857074737549
3277696,7.1681413650512695
3278832,7.207207202911377
3278976,7.194570064544678
3279152,7.120535850524902
3280816,6.972476959228516
3281136,6.950672626495361
3282384,6.651583671569824
3282592,7.155555725097656
3282736,6.809815883636475
3283968,7.299107074737549
3284416,6.902654647827148
3285248,6.837209224700928
3285616,7.03125
3288112,6.14503812789917
3288160,7.098214149475098
3289776,5.0
3290544,6.914414405822754
3291024,7.044198989868164
3295616,6.587677955627441
3296000,6.834862232208252
3296704,6.886363506317139
3296800,6.7281107902526855
3297040,6.735159873962402
3297136,6.89497709274292
3299200,6.711711883544922
3300384,6.768558979034424
3301056,6.698113441467285
3302560,6.7289719581604
3303264,6.688889026641846
3303840,7.305935859680176
3305872,6.756756782531738
3306784,6.621004581451416
3307328,6.866359233856201
3307840,6.900452613830566
3308032,6.735159873962402
3308976,6.6891889572143555
3309696,6.622222423553467
3310240,6.767441749572754
3311296,6.572770118713379
3313072,6.836283206939697
3313280,6.824324131011963
3315808,6.681614398956299
3317072,6.689497947692871
3317456,7.0089287757873535
3317872,6.767241477966309
3318768,6.89497709274292
3319040,6.559633255004883
3319344,6.818181991577148
3319504,6.558139324188232
3322576,6.75
3323952,6.877828121185303
3324016,6.425339221954346
3325984,6.718061447143555
3326928,6.722222328186035
3327552,6.7410712242126465
3327552,6.090909004211426
3327680,6.712328910827637
3328192,6.681614398956299
3329584,6.25
3337408,6.953125
3337424,6.382978916168213
3337648,6.615044116973877
3340112,6.590909004211426
3340640,6.877828121185303
3341296,6.5198235511779785
3342016,6.818181991577148
3342592,6.339285850524902
3342720,6.962616920471191
3344240,6.603773593902588
3344976,6.431818008422852
3345184,6.770833492279053
3347744,6.674312114715576
3348608,7.035398006439209
3349248,6.359649181365967
3349952,6.697247505187988
3349968,6.991150379180908
3350896,7.1875
3351232,6.828193664550781
3351936,6.875
3352800,6.877828121185303
3354400,6.651376247406006
3354864,6.703296661376953
3357232,6.711711883544922
3359584,6.9730939865112305
3359888,6.877828121185303
3360336,6.647058963775635
3360656,7.041419982910156
3361984,7.004608154296875
3363008,7.087155818939209
3363520,7.1681413650512695
3363904,6.760563373565674
3364176,7.13302755355835
3364368,7.364864826202393
3366432,7.14932107925415
3367632,6.810344696044922
3367888,6.860986709594727
3370016,6.860986709594727
3370976,7.130044937133789
3372496,7.130801677703857
3373456,7.171945571899414
3373600,7.197309494018555
3374672,6.986301422119141
3376400,6.931818008422852
3377504,7.17391300201416
3377680,6.880530834197998
3377840,6.902654647827148
3378272,7.0089287757873535
3379792,7.152466297149658
3379968,6.801801681518555
3382576,6.930232524871826
3382944,7.040816307067871
3384192,7.096774101257324
3385232,6.735159873962402
3385472,7.0089287757873535
3386464,6.837209224700928
3388672,6.907894611358643
3390320,7.26457405090332
3391056,6.947115421295166
3392400,6.950672626495361
3393488,6.743119239807129
3394128,6.905829429626465
3395088,7.0089287757873535
3395392,6.607142925262451
3396048,6.696035385131836
3396416,6.376811504364014
3398272,6.877828121185303
3399216,7.090909004211426
3401360,6.82608699798584
3401568,6.80555534362793
3402800,6.726457595825195
3404496,7.043478488922119
3405696,7.15596342086792
3406096,7.256637096405029
3408048,6.771300315856934
3409136,6.641790866851807
3409504,7.045454502105713
3409664,7.117116928100586
3410064,6.89497709274292
3410400,6.84782600402832
3411664,6.964285850524902
3412304,7.205240249633789
3413792,7.037036895751953
3413984,7.017937183380127
3414704,7.270642280578613
3414752,7.3660712242126465
3415504,7.062780380249023
3416320,7.017937183380127
3417344,7.14932107925415
3417744,7.085201740264893
3419872,7.669683456420898
3420912,7.375565528869629
3421024,7.7533040046691895
3424560,7.52293586730957
3424896,7.239819049835205
3428032,7.725225448608398
3428480,7.556053638458252
3429120,8.04444408416748
3429472,7.702702522277832
3430400,7.214612007141113
3431536,7.385321140289307
3431632,7.224669456481934
3433904,7.293578147888184
3435104,7.590090274810791
3435200,7.648401737213135
3435248,7.3972601890563965
3436096,7.375565528869629
3436352,7.293578147888184
3439344,7.168949604034424
3439536,7.7397260665893555
3439744,7.281105995178223
3441488,7.2687225341796875
3442288,7.668161392211914
3442336,7.201834678649902
3443072,7.636363506317139
3444400,7.136363506317139
3445840,7.031963348388672
3446880,7.2272725105285645
3446992,7.590090274810791
3447152,7.431192874908447
3447952,7.058823585510254
3448336,7.110091686248779
3449328,7.522522449493408
3449392,7.41150426864624
3451536,7.578475475311279
3452864,7.136363506317139
3454672,7.142857074737549
3456336,7.0
3456512,7.297297477722168
3456560,7.1651787757873535
3458192,6.941964149475098
3461072,6.986301422119141
3462176,7.276785850524902
3462288,7.181818008422852
3463696,7.4666666984558105
3463712,6.968325614929199
3464352,7.027649879455566
3470832,7.194570064544678
3472448,6.785714149475098
3474384,7.330316543579102
3474384,7.117903709411621
3476336,7.219730854034424
3479488,7.0
3484736,7.2272725105285645
3484976,6.622807025909424
3485776,6.872146129608154
3488240,7.087155818939209
3490160,6.635944843292236
3490176,6.643835544586182
3491552,7.049549579620361
3492256,6.636363506317139
3494768,6.859903335571289
3495696,1.8125
3495872,6.718061447143555
3499408,6.390134334564209
3502784,6.7488789558410645
3502784,6.418269157409668
3503248,6.65919303894043
3504768,7.0089287757873535
3507344,6.681818008422852
3508080,6.719457149505615
3510928,5.0
3511776,6.995305061340332
3514000,6.65919303894043
3514432,6.651376247406006
3515504,6.742081642150879
3516784,6.170212745666504
3516816,6.590909004211426
3517984,6.561086177825928
3518704,6.803652763366699
3518928,7.013574600219727
3520816,6.529680252075195
3521568,6.591928482055664
3525632,7.0547943115234375
3525744,7.0720720291137695
3526048,6.8693695068359375
3526672,6.674107074737549
3527456,6.583710193634033
3527728,6.607142925262451
3530112,6.950672626495361
3530496,6.768558979034424
3531008,6.832579135894775
3531200,6.7272725105285645
3531664,6.529680252075195
3532320,6.583710193634033
3532528,6.55555534362793
3534336,6.73423433303833
3534480,6.681818008422852
3534512,6.81192684173584
3537360,6.732456207275391
3538016,6.909090995788574
3538304,6.921296119689941
3539552,7.104072570800781
3540368,6.877828121185303
3540496,7.5
3540848,6.858407020568848
3541056,6.849315166473389
3541600,7.174887657165527
3543632,7.009132385253906
3544352,6.605504512786865
3545200,6.755555629730225
3545936,6.891891956329346
3546352,6.53153133392334
3546704,6.507936477661133
3547200,6.914414405822754
3547456,6.666666507720947
3549776,6.878172397613525
3549840,6.341463565826416
3550736,6.89497709274292
3552256,6.697247505187988
3554608,6.63755464553833
3554640,6.911110877990723
3555904,6.712963104248047
3556528,6.954545497894287
3556800,6.481481552124023
3558400,6.725663661956787
3560400,6.651785850524902
3561568,6.905829429626465
3562000,6.6964287757873535
3563120,6.8510637283325195
3564336,6.686747074127197
3564384,6.771300315856934
3565440,6.605504512786865
3565472,6.80555534362793
3567600,6.454545497894287
3567792,7.142857074737549
3568960,6.621004581451416
3569120,6.933333396911621
3571552,6.590909004211426
3571952,6.397515296936035
3572272,6.720930099487305
3572496,6.666666507720947
3573888,6.206896781921387
3574496,6.5789475440979
3574848,6.642857074737549
3575296,6.517857074737549
3575968,6.666666507720947
3576272,6.956521511077881
3576368,6.719457149505615
3577504,6.644444465637207
3578048,6.696832656860352
3578544,6.25
3583520,7.309417247772217
3585712,6.760563373565674
3586544,6.575342655181885
3588960,6.803652763366699
3589280,6.952789783477783
3590144,6.756756782531738
3591040,6.666666507720947
3593216,6.756756782531738
3594208,6.756756782531738
3596800,6.6964287757873535
3597760,6.938325881958008
3600048,6.914414405822754
3600352,6.785714149475098
3600576,6.3761467933654785
3602480,6.205357074737549
3605056,7.0535712242126465
3607440,6.651583671569824
3607536,6.875
3609552,6.644144058227539
3610256,6.255707740783691
3611008,6.7792792320251465
3612992,6.433121204376221
3614208,6.834862232208252
3614240,6.644144058227539
3614640,6.877828121185303
3614704,6.58695650100708
3617376,6.742081642150879
3617840,6.5625
3618080,6.5740742683410645
3618288,6.771300315856934
3619344,6.666666507720947
3619408,6.513761520385742
3621616,6.613636493682861
3621936,6.828193664550781
3622528,6.883408069610596
3622912,6.666666507720947
3622944,6.875
3624112,6.951754570007324
3626096,7.027027130126953
3628848,6.1489362716674805
3628864,6.711711883544922
3629040,6.25550651550293
3629696,7.098214149475098
3632272,6.891891956329346
3632416,6.621621608734131
3635152,6.412556171417236
3635216,6.5625
3635984,6.644144058227539
3636208,6.711711883544922
3640752,6.742081642150879
3642256,6.742081642150879
3643072,6.820175647735596
3643392,7.013574600219727
3644288,6.6589860916137695
3645712,6.219511985778809
3646864,6.931818008422852
3647872,6.438356399536133
3649328,6.933333396911621
3649456,6.520737171173096
3650496,6.527777671813965
3651312,6.495326995849609
3651920,7.077625751495361
3653056,6.891891956329346
3653056,6.651785850524902
3654016,6.575342655181885
3656112,6.763392925262451
3657312,6.431818008422852
3657312,6.340909004211426
3657616,6.607142925262451
3658464,5.7746477127075195
3659856,6.826484203338623
3660352,6.718061447143555
3661200,6.4349775314331055
3661968,6.846847057342529
3665584,6.577777862548828
3665712,6.681222915649414
3666304,6.620370388031006
3668512,6.415929317474365
3669136,7.013574600219727
3669296,6.547085285186768
3669728,6.0625
3671616,6.711711883544922
3671920,6.583710193634033
3672688,6.214285850524902
3672896,6.53153133392334
3673424,6.391509532928467
3676384,6.696832656860352
3676864,6.542056083679199
3677024,6.2272725105285645
3678816,6.488888740539551
3679696,6.50684928894043
3679872,6.401869297027588
3682480,6.438053131103516
3684512,6.621004581451416
3685968,6.77419376373291
3686176,6.928251266479492
3686256,7.136363506317139
3686848,6.4666666984558105
3686944,6.860465049743652
3687120,1.8125
3687392,1.8125
3688000,6.198156833648682
3690400,6.607929706573486
3690432,6.36771297454834
3691104,6.712963104248047
3691104,6.80555534362793
3692016,6.261062145233154
3693984,6.425339221954346
3694480,6.476190567016602
3694480,6.261062145233154
3694704,6.7410712242126465
3695168,6.569506645202637
3695536,6.666666507720947
3695952,6.432748317718506
3696688,6.704545497894287
3697696,6.328828811645508
3698368,6.5789475440979
3698752,6.591928482055664
3700464,6.5401787757873535
3701344,6.199095249176025
3702272,6.830357074737549
3704384,6.81614351272583
3705088,6.552511215209961
3705248,6.274509906768799
3705872,6.450892925262451
3706560,6.666666507720947
3708672,6.636771202087402
3709088,6.7889909744262695
3709216,6.363636493682861
3709392,6.392693996429443
3710112,6.493212699890137
3710288,6.132075309753418
3712688,6.71875
3714352,6.294642925262451
3715152,6.636363506317139
3717952,6.294642925262451
3719072,6.347032070159912
3719280,6.3537116050720215
3719712,6.3364057540893555
3722048,6.153846263885498
3724656,6.328828811645508
3726736,6.184210300445557
3728160,6.412556171417236
3728896,6.651583671569824
3730192,6.3255815505981445
3730400,6.488888740539551
3732624,6.097560882568359
3735264,6.283783912658691
3735648,6.219511985778809
3736016,6.165919303894043
3739376,6.400000095367432
3742976,6.563876628875732
3743088,6.244131565093994
3744800,6.153846263885498
3745744,6.1187214851379395
3745936,6.266666889190674
3746432,6.138392925262451
3746688,6.580086708068848
3747376,6.15625
3748288,6.278027057647705
3750288,6.294642925262451
3750704,6.113537311553955
3751776,6.181818008422852
3751904,5.8222222328186035
3752944,5.974842548370361
3752976,6.396396160125732
3753120,5.75
3753712,6.460176944732666
3754592,5.71090030670166
3757280,5.900900840759277
3757472,6.4285712242126465
3757744,6.261261463165283
3759984,6.2443437576293945
3760832,6.221719264984131
3761984,6.103603839874268
3762272,6.357758522033691
3762928,6.025640964508057
3764208,6.266666889190674
3765104,6.216216087341309
3768384,6.457398891448975
3768752,5.881057262420654
3768784,6.205357074737549
3770576,6.141552448272705
3770832,6.3761467933654785
3772272,6.143497943878174
3772368,6.4349775314331055
3772464,6.577777862548828
3772800,6.5848212242126465
3774112,6.0
3774944,6.088889122009277
3775904,6.2443437576293945
3775984,6.454545497894287
3776080,6.695652008056641
3777904,6.318408012390137
3780480,6.238937854766846
3781216,6.194690227508545
3782672,6.322869777679443
3783168,6.473214149475098
3784800,6.098654747009277
3786032,4.8684210777282715
3786592,5.8108110427856445
3786640,6.412036895751953
3786704,6.334841728210449
3789488,6.069767475128174
3792272,5.775862216949463
3793008,5.9817352294921875
3793200,6.361607074737549
3793888,6.73423433303833
3795936,6.469298362731934
3796288,6.504424571990967
3796640,6.3274335861206055
3797408,6.334841728210449
3798768,6.488888740539551
3799120,6.376811504364014
3800624,6.283783912658691
3800816,6.222707271575928
3802416,6.25
3802992,6.438356399536133
3803104,5.787036895751953
3804800,6.36771297454834
3806480,6.6589860916137695
3807136,5.8552632331848145
3807920,6.223176002502441
3809680,6.470588207244873
3810416,6.3913044929504395
3810656,6.369863033294678
3811472,6.561086177825928
3813168,6.832579135894775
3813952,6.636363506317139
3814320,6.643835544586182
3814448,6.4782609939575195
3814992,6.712328910827637
3817424,6.620370388031006
3818048,6.495535850524902
3818176,7.194570064544678
3818272,6.425339221954346
3820416,6.968325614929199
3820464,7.130044937133789
3821424,6.636363506317139
3823376,6.659388542175293
3823616,6.451612949371338
3824016,6.153846263885498
3824240,6.099999904632568
3825024,6.629464149475098
3825040,6.3274335861206055
3825664,6.63755464553833
3826144,6.559829235076904
3826448,6.851851940155029
3827760,6.712328910827637
3830736,6.704545497894287
3833488,6.742081642150879
3833616,6.620370388031006
3833840,6.464088439941406
3834048,6.3839287757873535
3834064,7.387387275695801
3834592,6.425438404083252
3835184,5.0
3835552,6.345291614532471
3835680,6.889400959014893
3837616,6.787330150604248
3838448,6.44444465637207
3840416,6.651376247406006
3842912,6.9264068603515625
3843920,6.81192684173584
3844368,6.261467933654785
3845200,6.619718074798584
3846000,6.3242011070251465
3846160,6.44444465637207
3848752,6.651583671569824
3849664,6.469298362731934
3850272,5.897435665130615
3851520,6.742081642150879
3852304,6.900452613830566
3853216,6.674208164215088
3853280,6.7727274894714355
3853968,6.869565010070801
3854416,6.590909004211426
3854992,6.431818008422852
3855888,6.36771297454834
3856048,6.2272725105285645
3856848,6.891891956329346
3857264,6.614349842071533
3859168,6.696832656860352
3860128,6.681614398956299
3860448,6.294642925262451
3863776,6.607929706573486
3863936,6.451612949371338
3865760,6.392693996429443
3865856,3.6666667461395264
3867040,6.55555534362793
3867568,6.5789475440979
3870000,6.4349775314331055
3870752,6.438053131103516
3871456,6.590909004211426
3873024,6.718061447143555
3873568,6.6964287757873535
3874240,6.313364028930664
3876304,7.079646110534668
3877120,6.809954643249512
3879664,6.5570173263549805
3880144,6.7488789558410645
3882224,6.495326995849609
3883184,6.757990837097168
3884336,6.830357074737549
3885536,6.696035385131836
3885824,6.342592716217041
3886752,6.666666507720947
3887376,6.7488789558410645
3889824,6.771300315856934
3891024,6.738197326660156
3892192,5.460526466369629
3895728,6.590909004211426
3897200,6.463963985443115
3898112,6.756756782531738
3899312,6.726457595825195
3901008,6.372093200683594
3901296,6.221719264984131
3901744,6.431717872619629
3901968,6.674107074737549
3902832,6.255707740783691
3903840,6.493212699890137
3905264,6.787330150604248
3905328,6.591928482055664
3906400,6.53153133392334
3907920,6.824324131011963
3909264,6.780821800231934
3910368,6.5
3911680,6.785714149475098
3912768,6.330275058746338
3914912,6.766055107116699
3915696,6.538461685180664
3916048,6.81614351272583
3916064,6.5848212242126465
3917056,6.36771297454834
3918432,6.369863033294678
3919984,6.517857074737549
3923184,6.454545497894287
3923456,6.504424571990967
3923488,6.743119239807129
3923904,6.811594009399414
3924320,6.651583671569824
3925520,6.936936855316162
3926720,6.65919303894043
3929680,6.535087585449219
3931360,6.5740742683410645
3931984,6.888888835906982
3933904,6.5765767097473145
3934608,6.733333110809326
3935552,6.509008884429932
3939552,6.461187362670898
3940976,6.704545497894287
3943936,6.622222423553467
3947616,6.593886375427246
3948112,6.586538314819336
3948224,6.7272725105285645
3948352,6.836283206939697
3949312,6.986607074737549
3951040,6.6284403800964355
3951616,6.605504512786865
3951664,6.968325614929199
3951776,6.621621608734131
3953680,6.610169410705566
3954592,6.855203628540039
3954784,6.688889026641846
3956944,6.960352420806885
3958192,6.964285850524902
3959552,6.625766754150391
3962112,6.359447002410889
3963440,6.4285712242126465
3963728,6.896551609039307
3965376,6.644144058227539
3965984,6.3973798751831055
3966384,6.986301422119141
3968320,6.137930870056152
3969968,6.36771297454834
3970000,6.756756782531738
3973744,6.5227274894714355
3973824,6.3364057540893555
3975456,6.467889785766602
3975920,6.509008884429932
3977072,6.65919303894043
3977152,6.463963985443115
3977360,6.386363506317139
3977792,6.21004581451416
3978432,6.575342655181885
3978608,6.486486434936523
3979088,6.7920355796813965
3979904,6.467889785766602
3980640,6.56682014465332
3981184,6.569506645202637
3981360,6.373873710632324
3981472,6.495326995849609
3982544,6.69767427444458
3984256,6.577777862548828
3987840,6.7477874755859375
3988368,6.643835544586182
3988432,6.800000190734863
3988672,6.422222137451172
3989824,7.161571979522705
3992112,6.886363506317139
3992304,6.637167930603027
3993632,6.703910827636719
3994928,6.444953918457031
3995024,6.681614398956299
3995520,6.705069065093994
3996592,6.39175271987915
3997648,6.696035385131836
4000096,6.563876628875732
4000208,6.844444274902344
4001184,6.5
4002080,6.5158371925354
4002432,6.681416034698486
4002672,6.698113441467285
4004400,6.858407020568848
4005616,6.545454502105713
4005984,6.674208164215088
4006048,6.590909004211426
4006240,6.441441535949707
4008320,6.36771297454834
4009648,6.674107074737549
4010016,6.681614398956299
4010640,6.454545497894287
4011856,6.591928482055664
4013216,6.801801681518555
4015216,6.666666507720947
4015584,6.659482955932617
4016240,6.490825653076172
4016544,6.594827651977539
4018944,6.698564529418945
4020160,6.858407020568848
4020208,6.681818008422852
4022592,6.513157844543457
4023120,6.706730842590332
4025984,6.681614398956299
4027920,6.704545497894287
4029600,6.511111259460449
4030688,6.7272725105285645
4033984,6.454545497894287
4036704,6.402714729309082
4037552,6.621621608734131
4038800,6.666666507720947
4039488,6.614349842071533
4040416,6.548672676086426
4041184,6.465116500854492
4041392,6.755555629730225
4044944,6.470588207244873
4048304,6.380090713500977
4048608,6.3063063621521
4051840,6.864035129547119
4051920,6.2723212242126465
4052272,6.484715938568115
4052944,6.52439022064209
4057504,6.553191661834717
4057872,6.582914352416992
4058832,6.342592716217041
4059328,6.651785850524902
4059744,6.5158371925354
4063184,6.614349842071533
4063664,6.508620738983154
4066032,6.880733966827393
4066384,5.492957592010498
4070064,6.5401787757873535
4072336,6.933962345123291
4073472,6.4349775314331055
4075392,6.7488789558410645
4075840,6.353210926055908
4076224,6.140350818634033
4077552,6.621621608734131
4078880,6.866359233856201
4081712,6.681614398956299
4082464,6.7488789558410645
4083408,6.561086177825928
4084000,6.538461685180664
4085616,6.8222222328186035
4086528,6.907216548919678
4087648,6.479820728302002
4087984,7.123287677764893
4088144,6.681416034698486
4089520,6.909090995788574
4090736,6.704035758972168
4090992,6.8693695068359375
4091904,6.5570173263549805
4093440,6.635944843292236
4094752,6.743119239807129
4095120,6.65919303894043
4097632,6.887754917144775
4097984,6.606334686279297
4098592,6.886363506317139
4099184,5.54054069519043
4099536,6.894410133361816
4100400,7.009132385253906
4100928,6.438356399536133
4101664,6.479820728302002
4102160,6.936936855316162
4102176,6.974248886108398
4102240,6.877828121185303
4103104,6.7792792320251465
4104448,6.621004581451416
4104800,6.795454502105713
4105120,6.604650974273682
4106352,7.0720720291137695
4109504,6.402714729309082
4114688,6.7272725105285645
4116768,6.73913049697876
4117216,6.621004581451416
4119216,6.7727274894714355
4121040,6.511111259460449
4121152,6.682027816772461
4121536,6.644144058227539
4125376,6.589861869812012
4126176,6.7942585945129395
4126816,4.871794700622559
4127328,6.990740776062012
4127888,6.4285712242126465
4128880,6.651376247406006
4129296,6.484018325805664
4130416,6.5848212242126465
4130592,6.696832656860352
4131360,6.18055534362793
4131728,6.477987289428711
4131936,6.5
4132240,6.75
4134880,6.704545497894287
4135008,6.872246742248535
4140128,6.711111068725586
4144960,6.824324131011963
4146272,6.606334686279297
4148288,6.6284403800964355
4148480,6.712328910827637
4148544,6.5
4152928,6.681614398956299
4153600,6.651583671569824
4155936,6.787330150604248
4156160,6.467889785766602
4156704,6.333333492279053
4159296,6.493212699890137
4160656,6.756756782531738
4163952,6.886363506317139
4167120,6.5366973876953125
4167696,6.968325614929199
4170032,6.645021438598633
4170128,6.818181991577148
4170608,6.6289591789245605
4171168,6.905829429626465
4173648,6.711111068725586
4175840,5.800000190734863
4176656,6.891891956329346
4177376,6.36771297454834
4177680,6.863636493682861
4179392,7.013574600219727
4180880,6.614349842071533
4184480,6.891891956329346
4185104,6.8526787757873535
4185360,6.7889909744262695
4187984,6.7410712242126465
4188352,6.535087585449219
4189632,6.91304349899292
4190912,6.192660331726074
4191520,6.568181991577148
4191936,6.860986709594727
4192208,6.438356399536133
4194944,6.5
4195872,6.820175647735596
4199152,6.891891956329346
4201360,6.463414669036865
4202976,6.463963985443115
4205568,6.4349775314331055
4205936,6.583710193634033
4207264,6.517857074737549
4208352,6.279069900512695
4208704,6.392693996429443
4209024,6.261261463165283
4209072,6.490825653076172
4210896,6.592920303344727
4210944,6.322869777679443
4213648,6.595091819763184
4214624,6.25
4215600,6.176470756530762
4216096,6.21004581451416
4216672,6.345291614532471
4217168,6.461187362670898
4218048,6.630434989929199
4220880,6.621621608734131
4221584,6.614349842071533
4225072,6.359447002410889
4226352,6.40969181060791
4227648,6.795454502105713
4230896,6.800000190734863
4231520,6.606334686279297
4231600,6.7889909744262695
4233760,6.386363506317139
4236176,6.577777862548828
4238816,6.7792792320251465
4239344,6.771300315856934
4240512,6.818181991577148
4241824,6.704035758972168
4242736,6.644144058227539
4243328,6.785714149475098
4244112,6.964285850524902
4244800,6.6891889572143555
4244912,6.565656661987305
4245264,6.985981464385986
4245824,6.581395149230957
4246592,6.703539848327637
4247392,6.972972869873047
4248448,6.681818008422852
4254768,6.757990837097168
4255888,6.7792792320251465
4257360,6.877828121185303
4257696,6.605504512786865
4260064,7.0720720291137695
4260176,6.591928482055664
4262656,6.222222328186035
4263696,7.079646110534668
4264784,6.800000190734863
4268512,6.7272725105285645
4269920,6.986301422119141
4270016,6.940639495849609
4270480,6.837209224700928
4271136,6.59817361831665
4272016,6.674312114715576
4272528,7.068181991577148
4273328,6.651583671569824
4276880,6.705069065093994
4277008,6.438356399536133
4277104,6.742081642150879
4277488,7.199999809265137
4278384,6.857798099517822
4282736,5.9633026123046875
4285440,6.5401787757873535
4286256,6.529680252075195
4286416,5.422535419464111
4286544,6.697247505187988
4287824,6.558441638946533
4288400,6.418919086456299
4289024,6.704035758972168
4289488,6.3839287757873535
4292096,6.5217390060424805
4292624,6.681614398956299
4292768,6.719457149505615
4293216,6.627906799316406
4294864,6.666666507720947
4296672,6.636771202087402
4296704,7.073732852935791
4297936,6.347032070159912
4298368,6.559633255004883
4299216,6.486486434936523
4299408,6.547085285186768
4299904,6.457398891448975
4300256,6.877828121185303
4300848,6.566523551940918
4302128,6.527777671813965
4302832,6.563876628875732
4303872,6.756756782531738
4307984,6.568181991577148
4308928,6.5740742683410645
4313600,6.278027057647705
4314720,6.704035758972168
4315312,6.636363506317139
4316496,6.412036895751953
4317120,6.666666507720947
4318912,6.2276787757873535
4319504,6.502347469329834
4320000,6.513761520385742
4322976,6.388888835906982
4323376,1.0
4323568,6.766055107116699
4325728,6.380090713500977
4326496,6.529680252075195
4327024,6.621621608734131
4327120,6.990950107574463
4328272,6.726457595825195
4328416,6.6891889572143555
4331168,6.3761467933654785
4331808,6.318181991577148
4333184,6.561086177825928
4333712,6.589861869812012
4333856,6.883408069610596
4335008,6.509008884429932
4335488,6.787330150604248
4336736,6.470588207244873
4337664,6.636771202087402
4338272,6.622222423553467
4340240,6.5
4341168,6.49289083480835
4341936,6.828703880310059
4342544,7.0
4343488,6.918103218078613
4344784,6.55555534362793
4345792,6.386363506317139
4349248,6.828193664550781
4350832,6.780821800231934
4351584,6.572052478790283
4352880,6.538461685180664
4354944,6.606334686279297
4355312,6.5
4356032,6.199999809265137
4356864,6.849315166473389
4357632,6.388888835906982
4358784,6.222222328186035
4358864,6.6589860916137695
4358896,6.418919086456299
4359744,6.4349775314331055
4361520,6.3122172355651855
4363152,6.629464149475098
4365088,6.171171188354492
4365936,6.328828811645508
4365968,6.454545497894287
4366080,6.388888835906982
4366128,6.382488250732422
4368032,6.481481552124023
4369136,6.143497943878174
4369440,6.590909004211426
4369520,6.838564872741699
4369632,6.334841728210449
4369840,6.622222423553467
4370288,6.363636493682861
4370704,6.613636493682861
4372960,5.9633026123046875
4373152,6.3839287757873535
4375536,6.392693996429443
4376752,6.517857074737549
4377392,6.301369667053223
4378720,6.75
4380256,6.513761520385742
4381760,6.351351261138916
4384576,5.714285850524902
4385296,6.386363506317139
4386768,6.826484203338623
4387152,6.561086177825928
4387520,6.266968250274658
4387792,6.3364057540893555
4387840,6.36771297454834
4390848,6.30232572555542
4390880,6.244239807128906
4391376,6.386363506317139
4392448,6.081080913543701
4393472,6.495326995849609
4397424,6.351351261138916
4399680,6.172839641571045
4400208,6.412036895751953
4402064,6.6964287757873535
4404080,6.6891889572143555
4404896,6.554054260253906
4405552,6.311110973358154
4406416,6.568181991577148
4406880,6.155555725097656
4409152,6.3122172355651855
4409552,6.5509257316589355
4413088,6.5
4413536,6.6964287757873535
4414848,6.355555534362793
4418800,6.4375
4420144,6.369863033294678
4422096,6.4349775314331055
4422416,6.366459846496582
4423168,6.482300758361816
4423344,6.307339668273926
4423376,6.613636493682861
4423712,6.171171188354492
4424256,6.371681213378906
4425872,6.36771297454834
4425936,6.438356399536133
4427088,6.462882041931152
4427808,6.470588207244873
4428224,6.543778896331787
4428464,6.3242011070251465
4429024,6.543778896331787
4429904,6.348837375640869
4430400,6.322869777679443
4430880,6.5765767097473145
4432864,6.527777671813965
4433440,6.295454502105713
4434416,6.181818008422852
4435712,6.899563312530518
4436096,6.369863033294678
4436432,6.351351261138916
4436992,6.470588207244873
4437632,6.5158371925354
4437648,6.5366973876953125
4439056,6.375
4440224,6.4772725105285645
4441392,6.351351261138916
4441536,6.569506645202637
4442080,6.288209438323975
4442912,6.278538703918457
4444304,6.467391490936279
4444976,6.143497943878174
4444992,6.143497943878174
4445040,6.513761520385742
4445808,6.5198235511779785
4446416,6.3242011070251465
4447920,6.176470756530762
4449952,6.363636493682861
4451040,6.504629611968994
4451296,6.196319103240967
4452240,6.696035385131836
4458432,6.143497943878174
4460064,6.479820728302002
4462496,6.288888931274414
4464816,6.15217399597168
4468640,6.295454502105713
4469312,6.148648738861084
4469808,6.559139728546143
4470992,6.136363506317139
4471584,6.204545497894287
4472496,6.318181991577148
4472512,5.263157844543457
4472672,5.633802890777588
4473008,6.3839287757873535
4473024,6.3122172355651855
4476528,6.3761467933654785
4476720,6.311110973358154
4479616,6.221719264984131
4483360,6.244444370269775
4483520,6.3215861320495605
4483728,6.351351261138916
4484304,6.181818008422852
4487184,6.359649181365967
4487440,6.066176414489746
4490592,6.300448417663574
4490784,6.355932235717773
4493712,6.2272725105285645
4494464,6.085972785949707
4494848,6.4349775314331055
4495840,6.2155961990356445
4496704,6.257668495178223
4496832,5.993788719177246
4498048,6.569506645202637
4498544,6.732456207275391
4499216,6.25
4500416,6.233183860778809
4501760,6.471861362457275
4502064,6.301369667053223
4504384,6.134969234466553
4506768,6.238532066345215
4507664,6.095890522003174
4507856,6.450892925262451
4508992,6.261261463165283
4510496,6.199095249176025
4511216,6.194690227508545
4511232,6.171171188354492
4512656,6.037735939025879
4517680,6.502242088317871
4518320,6.396396160125732
4519024,6.470588207244873
4523680,6.543210029602051
4524816,6.4349775314331055
4525104,6.538461685180664
4525376,6.342592716217041
4525440,6.090047359466553
4527344,6.357466220855713
4528992,6.666666507720947
4529040,6.479820728302002
4530784,6.554054260253906
4530880,6.5
4531296,6.666666507720947
4531712,6.6587677001953125
4532560,6.643835544586182
4532992,6.644144058227539
4534352,6.322869777679443
4536080,6.809954643249512
4539440,6.409090995788574
4539600,6.719457149505615
4539632,6.441441535949707
4540896,7.309417247772217
4541984,6.95945930480957
4544400,6.743119239807129
4545056,6.467889785766602
4546752,6.5625
4547168,6.962616920471191
4548624,6.711711883544922
4549152,6.883408069610596
4549440,6.651583671569824
4550352,6.787330150604248
4550368,6.756756782531738
4550432,6.5401787757873535
4551456,6.636771202087402
4551648,6.883408069610596
4552704,6.674208164215088
4553008,6.936936855316162
4553472,6.355555534362793
4553872,6.674312114715576
4553920,6.53153133392334
4554448,6.9347825050354
4555248,6.004464149475098
4555968,6.5217390060424805
4556304,6.513761520385742
4557104,6.637167930603027
4557264,6.52466344833374
4557472,6.5625
4557904,6.666666507720947
4558992,6.605504512786865
4561008,6.5
4561600,6.569506645202637
4562176,6.484018325805664
4564944,6.7289719581604
4566688,6.582568645477295
4566896,6.517857074737549
4567056,6.75
4568528,6.545454502105713
4568560,6.636363506317139
4569296,6.441441535949707
4570016,6.486486434936523
4572112,6.377777576446533
4573824,6.538461685180664
4574160,6.098654747009277
4575664,6.561086177825928
4576480,6.390134334564209
4577152,6.8279571533203125
4579024,6.475770950317383
4582432,6.4285712242126465
4583616,6.559633255004883
4584432,6.295454502105713
4585552,6.026785850524902
4585984,6.199095249176025
4586208,6.2723212242126465
4588288,6.617647171020508
4589744,6.221198081970215
4589824,6.622222423553467
4589968,6.363636493682861
4590080,6.294642925262451
4590704,6.133333206176758
4591776,6.451612949371338
4592416,6.473214149475098
4592608,6.098654747009277
4592928,6.203703880310059
4593456,6.199095249176025
4594976,6.301369667053223
4595360,6.4349775314331055
4597072,6.111111164093018
4597216,6.155555725097656
4599424,6.165919303894043
4600784,6.058558464050293
4601312,6.058558464050293
4602048,6.004566192626953
4605712,6.40350866317749
4606544,6.479820728302002
4610112,6.1936936378479
4611216,6.278027057647705
4611328,6.206896781921387
4611408,6.447963714599609
4611952,6.461187362670898
4612112,5.438596725463867
4613584,6.181818008422852
4614784,6.283783912658691
4614832,6.377777576446533
4614896,6.554054260253906
4617184,6.590909004211426
4617440,6.419753074645996
4617600,6.232876777648926
4618336,6.289592742919922
4618368,6.388888835906982
4618944,6.353210926055908
4620992,6.221719264984131
4621856,6.301369667053223
4624144,6.3761467933654785
4624304,6.474654197692871
4624560,6.756756782531738
4626384,6.2443437576293945
4627952,6.1210761070251465
4629184,6.409090995788574
4630928,6.486486434936523
4631680,6.444953918457031
4632816,6.769911289215088
4634608,6.461187362670898
4634720,6.231155872344971
4634848,6.509008884429932
4635232,6.165919303894043
4636512,6.479820728302002
4637024,6.493212699890137
4638784,6.463963985443115
4638832,6.412556171417236
4639968,6.402714729309082
4640032,6.369863033294678
4641872,6.098654747009277
4644752,6.25
4645968,6.696832656860352
4647184,6.769911289215088
4647680,6.548672676086426
4648864,6.552511215209961
4650336,6.4285712242126465
4650656,6.333333492279053
4651808,6.425339221954346
4652544,6.538461685180664
4653920,6.412556171417236
4655360,6.2443437576293945
4658224,6.380090713500977
4658224,6.405529975891113
4658992,6.461187362670898
4659984,6.488372325897217
4660736,6.674208164215088
4661808,6.300448417663574
4663008,6.233183860778809
4663152,6.3839287757873535
4664352,6.488888740539551
4664880,6.289592742919922
4664896,6.018518447875977
4668384,6.422222137451172
4670736,6.082949161529541
4674096,6.75
4674304,6.330275058746338
4676192,6.410256385803223
4677312,5.945945739746094
4679056,6.244444370269775
4680640,5.813953399658203
4682048,6.569506645202637
4683376,6.599099159240723
4684528,6.25
4684848,6.113636493682861
4685488,6.214953422546387
4686960,6.098654747009277
4689264,6.529680252075195
4689968,6.402714729309082
4693328,6.479820728302002
4695072,6.153846263885498
4695280,6.357466220855713
4695520,6.418919086456299
4702144,6.2107625007629395
4702448,6.418919086456299
4703872,6.7379679679870605
4704672,6.4347825050354
4705728,6.36771297454834
4710688,6.1187214851379395
4711472,6.238738536834717
4712176,6.5158371925354
4714624,6.4976959228515625
4714688,6.223404407501221
4714784,5.97777795791626
4716320,6.068181991577148
4718000,6.513157844543457
4718192,6.3063063621521
4718432,6.3215861320495605
4720176,6.5418500900268555
4720800,6.55555534362793
4721728,6.2723212242126465
4722928,6.387665271759033
4725312,6.545454502105713
4725440,6.392693996429443
4726736,6.509008884429932
4727024,6.037735939025879
4727248,6.359649181365967
4727312,6.294642925262451
4727680,6.261467933654785
4728256,6.7272725105285645
4730304,6.607142925262451
4731216,6.630434989929199
4734352,6.438356399536133
4734832,6.479820728302002
4736080,6.347032070159912
4736096,6.0
4737392,6.261261463165283
4738016,6.322869777679443
4739472,6.2155961990356445
4739648,6.261261463165283
4740256,6.1210761070251465
4740912,6.232876777648926
4741280,6.361607074737549
4743200,6.380090713500977
4743520,6.493212699890137
4743856,6.25
4745152,6.266666889190674
4747472,6.377777576446533
4749376,6.55555534362793
4750144,6.363636493682861
4751984,6.393805503845215
4752560,6.377777576446533
4755680,6.300448417663574
4759888,6.25
4760816,6.181818008422852
4762096,6.444953918457031
4762976,6.311110973358154
4763328,6.2155961990356445
4763568,6.960352420806885
4765360,6.44444465637207
4766272,6.543778896331787
4767056,6.290322780609131
4768304,6.412556171417236
4768928,6.463963985443115
4769216,6.4285712242126465
4769216,6.517857074737549
4773296,6.339285850524902
4775520,6.600877285003662
4776064,6.959064483642578
4777248,6.422222137451172
4777552,6.517857074737549
4777568,6.666666507720947
4779920,4.900000095367432
4780592,6.459227561950684
4781216,6.547085285186768
4781328,6.351351261138916
4783152,6.340909004211426
4783440,6.351351261138916
4783536,6.44444465637207
4784832,6.25
4785504,6.605504512786865
4787072,6.482300758361816
4787344,6.390134334564209
4787600,4.0
4788000,6.357466220855713
4788848,6.517857074737549
4791168,6.569506645202637
4791232,6.561086177825928
4791328,6.300448417663574
4792016,6.808035850524902
4792064,6.340909004211426
4792400,6.334841728210449
4792608,6.36771297454834
4795376,6.17511510848999
4796640,6.191860675811768
4796704,6.351351261138916
4798400,6.322869777679443
4802032,6.612903118133545
4802704,6.418919086456299
4804800,6.255707740783691
4805648,6.377777576446533
4805872,6.5765767097473145
4806000,6.409090995788574
4806272,6.509008884429932
4806560,6.621004581451416
4807440,6.133333206176758
4808176,6.390134334564209
4808912,6.615044116973877
4809200,6.3122172355651855
4809328,6.3255815505981445
4810096,6.363636493682861
4811008,6.3063063621521
4816768,6.371681213378906
4817264,6.457398891448975
4818144,6.704035758972168
4819440,6.497461795806885
4819632,6.52466344833374
4819728,6.607142925262451
4820320,6.547085285186768
4822848,6.902654647827148
4822912,6.459627151489258
4822960,6.575342655181885
4823168,6.7272725105285645
4824656,3.673469305038452
4826016,6.527777671813965
4828192,6.795454502105713
4829536,6.552511215209961
4829824,6.351351261138916
4830000,6.832579135894775
4833248,6.688311576843262
4833632,6.412556171417236
4833920,6.5227274894714355
4834992,6.688889026641846
4836064,6.511111259460449
4837136,6.720183372497559
4838576,6.636771202087402
4839536,6.6891889572143555
4839536,6.855203628540039
4840624,6.92307710647583
4842080,6.659090995788574
4844064,6.751152038574219
4844448,6.666666507720947
4844592,6.666666507720947
4846000,6.726457595825195
4846784,6.651982307434082
4847408,6.441441535949707
4847968,6.757990837097168
4851072,6.431818008422852
4851184,6.704035758972168
4852480,6.592920303344727
4852608,6.348837375640869
4854976,6.431818008422852
4858064,6.903669834136963
4858336,6.92307710647583
4861552,6.313364028930664
4862176,6.7272725105285645
4863200,6.502242088317871
4865136,6.222222328186035
4865216,6.372093200683594
4868816,5.877192974090576
4869312,6.756756782531738
4870208,6.495535850524902
4870976,6.666666507720947
4872336,6.796536922454834
4872352,6.7281107902526855
4873728,6.820276260375977
4876432,6.651583671569824
4877344,6.488888740539551
4877440,6.527777671813965
4878128,6.470588207244873
4879504,6.583710193634033
4881696,6.711711883544922
4883008,6.800000190734863
4883072,6.936936855316162
4886064,6.386363506317139
4886640,6.801801681518555
4890144,6.467889785766602
4890736,6.5401787757873535
4891600,6.606334686279297
4892720,6.689497947692871
4893920,6.7272725105285645
4894496,6.9457011222839355
4899456,6.569506645202637
4900864,6.5227274894714355
4900864,6.545454502105713
4902144,6.433333396911621
4902416,6.719457149505615
4903088,6.371681213378906
4903872,6.425339221954346
4905200,6.340909004211426
4905600,6.651583671569824
4908720,6.689497947692871
4909296,6.644144058227539
4909424,6.703539848327637
4912784,6.4285712242126465
4915024,6.651376247406006
4916336,6.826484203338623
4916720,6.463963985443115
4917008,6.798245429992676
4918576,6.711711883544922
4919696,6.583710193634033
4919776,6.365740776062012
4920032,6.606334686279297
4920624,6.577777862548828
4921712,6.548672676086426
4922672,6.3839287757873535
4924208,6.726457595825195
4925296,6.771300315856934
4926336,6.843317985534668
4926880,7.013274192810059
4926976,6.8125
4929264,6.651785850524902
4929296,6.733333110809326
4930608,6.6744184494018555
4932832,6.801801681518555
4934160,6.5158371925354
4934960,6.928251266479492
4936336,6.5366973876953125
4936848,6.493212699890137
4937504,6.666666507720947
4937584,6.418919086456299
4937792,6.689497947692871
4937856,6.743119239807129
4938480,6.666666507720947
4938992,6.81614351272583
4939888,6.575342655181885
4940432,6.785714149475098
4941088,6.65919303894043
4942048,6.824324131011963
4942880,6.465116500854492
4944528,6.350710868835449
4946784,6.719576835632324
4947312,6.565420627593994
4947552,6.5625
4947824,6.787330150604248
4948144,6.688889026641846
4948256,6.949541091918945
4948784,6.315789699554443
4950800,6.244239807128906
4951872,6.377777576446533
4954176,6.438356399536133
4956272,6.5625
4956480,5.809523582458496
4957344,6.681614398956299
4958144,6.444953918457031
4958432,6.359447002410889
4959024,6.583710193634033
4959760,6.612903118133545
4960304,6.490825653076172
4962272,6.111111164093018
4963856,6.742081642150879
4964224,6.5848212242126465
4965552,6.256684303283691
4965840,6.6891889572143555
4966192,6.372093200683594
4966608,6.2727274894714355
4967216,6.7477874755859375
4969056,6.412036895751953
4969328,6.77419376373291
4969872,6.621621608734131
4970848,6.836283206939697
4971808,6.7272725105285645
4972672,6.591928482055664
4973344,6.888888835906982
4975376,6.5765767097473145
4976208,6.704545497894287
4980800,6.561086177825928
4981216,6.517857074737549
4985968,6.8693695068359375
4986400,6.790392875671387
4986496,6.963470458984375
4989424,6.458333492279053
4989536,6.590909004211426
4990432,6.591928482055664
4991104,6.339285850524902
4991808,6.52466344833374
4992048,6.5227274894714355
4992192,6.636771202087402
4993024,6.919642925262451
4993200,6.81614351272583
4993968,6.454545497894287
4994416,6.575342655181885
4995744,6.764705657958984
4996608,6.681614398956299
4997168,6.479820728302002
4997648,6.559633255004883
4997936,6.369863033294678
5000256,6.771300315856934
5000768,6.830357074737549
5001632,6.4772725105285645
5002768,6.5333333015441895
5006208,6.467889785766602
5007440,6.946902751922607
5008176,6.53153133392334
5008480,6.659090995788574
5008800,6.418919086456299
5009728,6.50684928894043
5010512,6.529680252075195
5011392,6.689497947692871
5012336,6.5227274894714355
5012432,6.712328910827637
5013632,6.459627151489258
5016000,6.365740776062012
5016000,7.027027130126953
5017968,6.589861869812012
5018912,6.575342655181885
5019376,6.95852518081665
5019632,6.651583671569824
5020496,6.636771202087402
5021376,6.59817361831665
5021568,6.495535850524902
5022560,6.5198235511779785
5024416,6.470588207244873
5024912,6.743119239807129
5024960,6.4349775314331055
5025104,6.431818008422852
5025824,6.444953918457031
5030224,6.751152038574219
5030272,6.651583671569824
5032128,6.554054260253906
5032544,6.506550312042236
5033168,6.891891956329346
5033216,7.058823585510254
5033536,6.25
5033728,6.880733966827393
5035744,6.5227274894714355
5037312,6.53153133392334
5037360,6.703539848327637
5037904,6.552511215209961
5039568,6.561086177825928
5039568,6.6284403800964355
5044896,5.384615421295166
5045136,6.666666507720947
5048160,6.488888740539551
5050768,6.746725082397461
5050960,6.621004581451416
5051440,6.785714149475098
5052576,6.396396160125732
5053776,6.7410712242126465
5054528,6.415929317474365
5055728,6.490825653076172
5055920,6.7289719581604
5056160,6.636771202087402
5057120,6.438356399536133
5058112,6.888888835906982
5058480,6.484018325805664
5058800,6.615720748901367
5058992,6.7889909744262695
5059104,6.392693996429443
5059264,6.681818008422852
5059696,6.409090995788574
5060672,6.606334686279297
5060880,6.7488789558410645
5061488,6.384976387023926
5061984,6.883408069610596
5062192,6.4976959228515625
5062304,6.330275058746338
5062640,6.475770950317383
5064192,6.484018325805664
5064448,6.824324131011963
5064992,6.605504512786865
5065728,6.886363506317139
5066176,6.704545497894287
5068128,6.506550312042236
5069312,6.666666507720947
5069392,6.599099159240723
5072928,6.636363506317139
5073120,6.293103218078613
5073536,6.55555534362793
5074784,6.643835544586182
5076480,6.855203628540039
5077184,6.25550651550293
5080528,6.441441535949707
5081024,6.561086177825928
5087136,6.554054260253906
5088304,6.621004581451416
5090320,6.919642925262451
5091408,6.5158371925354
5095888,6.616915225982666
5096064,6.517857074737549
5097728,6.3761467933654785
5098336,6.369863033294678
5099840,6.5198235511779785
5100816,6.509008884429932
5101616,6.554054260253906
5103120,6.6891889572143555
5104272,6.340909004211426
5104496,6.745689868927002
5105024,6.313364028930664
5105248,6.349557399749756
5105440,6.301369667053223
5109600,6.538461685180664
5111408,6.50684928894043
5113728,6.363636493682861
5114112,6.547085285186768
5115664,6.591928482055664
5118032,6.186046600341797
5118352,1.0
5118384,6.190476417541504
5118464,6.289592742919922
5118608,6.266968250274658
5121360,6.2844038009643555
5121872,6.529680252075195
5122736,6.444953918457031
5122768,6.160714149475098
5124480,6.2107625007629395
5128192,6.471861362457275
5128672,6.5625
5129024,6.307339668273926
5129200,5.322580814361572
5130928,6.345291614532471
5131712,6.50684928894043
5132144,6.300448417663574
5132304,6.283185958862305
5132544,6.1725664138793945
5132752,6.153846263885498
5133216,5.535714149475098
5133472,6.222222328186035
5133552,6.188340663909912
5136160,6.5333333015441895
5136352,6.311110973358154
5136768,6.3122172355651855
5138000,6.181818008422852
5139344,6.238738536834717
5140352,6.322869777679443
5142736,6.0227274894714355
5143904,5.791855335235596
5145120,5.895196437835693
5145280,6.041666507720947
5147456,6.0
5147600,6.028707981109619
5149200,5.957446575164795
5149312,6.387665271759033
5154624,6.5418500900268555
5155360,5.904977321624756
5156528,6.343612194061279
5160112,6.160714149475098
5160720,6.278027057647705
5161168,6.296296119689941
5161344,6.457398891448975
5161696,6.330275058746338
5162864,6.2107625007629395
5164912,6.025000095367432
5166624,6.255605220794678
5167808,6.1238532066345215
5169968,5.93220329284668
5170912,6.160714149475098
5171056,6.0
5172096,6.018099784851074
5174592,5.9772725105285645
5175520,6.176470756530762
5176304,5.254237174987793
5178016,6.345291614532471
5178192,6.316964149475098
5180240,6.330275058746338
5182000,5.9276018142700195
5182880,6.1187214851379395
5188112,6.187214374542236
5190080,6.238738536834717
5191184,6.337719440460205
5192400,6.08695650100708
5195680,6.123348236083984
5198640,6.451612949371338
5198784,5.972850799560547
5199248,6.418919086456299
5199648,6.294642925262451
5200816,6.130434989929199
5200832,6.339285850524902
5201936,6.146789073944092
5202144,6.0714287757873535
5202240,6.40625
5202896,6.333333492279053
5203200,6.425339221954346
5203232,6.190476417541504
5205776,5.954545497894287
5206848,6.211453914642334
5208928,6.128318786621094
5209360,6.143497943878174
5210032,6.205357074737549
5210480,6.570796489715576
5210640,6.199095249176025
5211120,6.004464149475098
5211728,6.203703880310059
5213664,6.329787254333496
5215216,6.090909004211426
5215296,6.283783912658691
5216016,5.931818008422852
5217232,5.900900840759277
5220848,6.044444561004639
5222192,5.957943916320801
5226288,6.090909004211426
5226640,6.295454502105713
5229328,6.233183860778809
5229408,6.004464149475098
5229920,6.039823055267334
5230560,6.026785850524902
5231344,6.232876777648926
5232496,6.2272725105285645
5232832,5.894495487213135
5233504,6.233183860778809
5234128,6.418919086456299
5235456,6.068181991577148
5236960,6.013513565063477
5237120,6.128318786621094
5237664,6.181818008422852
5238784,6.25
5238864,6.1160712242126465
5238896,6.311110973358154
5239936,6.063348293304443
5240496,6.221719264984131
5240656,6.088889122009277
5241776,6.171171188354492
5242336,6.085972785949707
5242672,6.3215861320495605
5244368,5.890410900115967
5244800,6.278538703918457
5248256,5.764331340789795
5248704,5.949367046356201
5249024,5.9210524559021
5249136,5.917431354522705
5249568,6.129032135009766
5252336,5.973451137542725
5252608,6.4349775314331055
5253504,6.369863033294678
5255216,6.233183860778809
5255680,6.446808338165283
5259360,6.171171188354492
5261776,6.199095249176025
5262944,6.295454502105713
5264160,6.108597278594971
5266080,6.153846263885498
5269120,6.0
5270496,6.018099784851074
5272256,6.351351261138916
5272688,5.878378391265869
5273184,6.318181991577148
5273504,6.198156833648682
5273616,6.036036014556885
5274832,6.2443437576293945
5274944,6.055046081542969
5275408,6.3063063621521
5275840,6.278027057647705
5277200,6.4285712242126465
5277600,6.131221771240234
5278352,6.068181991577148
5279072,6.3815789222717285
5279408,6.216216087341309
5282960,6.04072380065918
5285008,6.371681213378906
5285520,6.222222328186035
5287008,5.7727274894714355
5288288,6.159090995788574
5288800,5.769230842590332
5290272,6.088889122009277
5290480,6.183035850524902
5294144,6.1936936378479
5294704,6.143497943878174
5298240,6.162280559539795
5299744,6.289592742919922
5300096,6.572165012359619
5301440,6.457398891448975
5301632,6.233183860778809
5301712,6.111111164093018
5302784,6.103603839874268
5302864,6.529680252075195
5302896,6.363636493682861
5304688,6.612903118133545
5305312,6.4285712242126465
5306336,6.199095249176025
5306416,6.289592742919922
5307344,6.199095249176025
5310128,6.04072380065918
5310896,6.063348293304443
5313216,6.444953918457031
5315536,6.345291614532471
5315696,6.221719264984131
5316960,6.1187214851379395
5319104,6.441441535949707
5320528,6.148648738861084
5321008,6.763392925262451
5322800,6.400000095367432
5324080,6.199095249176025
5326656,6.146789073944092
5327680,6.2723212242126465
5328320,6.316964149475098
5328752,6.066666603088379
5329712,6.238532066345215
5330128,6.301369667053223
5333008,6.340909004211426
5333376,5.9633026123046875
5333856,6.487069129943848
5334752,6.295454502105713
5335776,6.0740742683410645
5337728,6.155555725097656
5340640,5.9429826736450195
5341664,6.036036014556885
5343920,6.031390190124512
5344224,6.233183860778809
5344272,5.954545497894287
5344304,5.884146213531494
5344416,6.1777777671813965
5344688,6.447963714599609
5345600,6.377777576446533
5347136,5.9633026123046875
5347392,6.013824939727783
5347472,5.989847660064697
5348512,6.106194496154785
5352368,6.290322780609131
5353872,5.943396091461182
5354416,6.16740083694458
5355536,6.176470756530762
5356336,6.5570173263549805
5356624,5.535714149475098
5358048,6.290322780609131
5358144,6.187214374542236
5358464,6.113636493682861
5358736,6.301369667053223
5359136,6.321838855743408
5359872,6.205357074737549
5362352,6.4666666984558105
5362624,6.2672810554504395
5363456,6.2272725105285645
5363872,6.330275058746338
5364912,6.5158371925354
5365264,6.3063063621521
5366224,6.3761467933654785
5366720,6.121495246887207
5371664,6.488888740539551
5372384,6.380090713500977
5373360,6.438356399536133
5376912,6.495535850524902
5376960,6.40969181060791
5379504,6.422018527984619
5380752,6.568181991577148
5382448,6.711711883544922
5383088,6.793722152709961
5383920,6.361607074737549
5386064,6.622222423553467
5387568,6.696832656860352
5387600,6.063348293304443
5389584,6.475770950317383
5389840,6.636771202087402
5391088,6.438356399536133
5391216,6.785714149475098
5391216,6.577777862548828
5393136,6.334841728210449
5393168,6.81614351272583
5393408,6.554054260253906
5398160,6.547085285186768
5398496,6.763392925262451
5400832,6.552511215209961
5401776,6.4666666984558105
5402208,6.6289591789245605
5403392,6.563876628875732
5403408,6.6875
5404080,6.726457595825195
5404576,6.111111164093018
5406960,6.5765767097473145
5409328,6.425339221954346
5411056,6.49779748916626
5412736,6.506550312042236
5414784,6.745689868927002
5415712,6.651376247406006
5415936,6.479820728302002
5416432,6.570796489715576
5416560,6.2443437576293945
5418368,6.538461685180664
5419344,6.5418500900268555
5420016,6.25
5424672,6.674208164215088
5425296,6.711711883544922
5425552,6.793722152709961
5425632,6.629464149475098
5427392,6.5217390060424805
5427520,6.569506645202637
5428256,6.345291614532471
5429040,6.659090995788574
5430640,6.454545497894287
5430864,6.583710193634033
5431840,6.569506645202637
5433632,6.725663661956787
5438960,6.373873710632324
5439840,6.473214149475098
5441184,6.255605220794678
5441600,6.777777671813965
5441648,6.438356399536133
5443120,6.136363506317139
5444304,6.396396160125732
5445104,6.422018527984619
5448560,6.278538703918457
5449648,6.5198235511779785
5450512,6.090909004211426
5451104,6.328828811645508
5451200,6.3274335861206055
5452208,6.470588207244873
5452352,6.2107625007629395
5454096,6.390134334564209
5454160,6.221198081970215
5455072,6.53153133392334
5455152,6.607929706573486
5455664,6.418604850769043
5455696,6.467889785766602
5458208,6.266968250274658
5458544,6.134259223937988
5458576,6.373873710632324
5459232,6.238738536834717
5460336,6.058823585510254
5461248,6.425339221954346
5461328,6.3063063621521
5465344,6.586021423339844
5468832,6.382488250732422
5470080,6.4772725105285645
5472448,6.216216087341309
5472464,6.305309772491455
5474288,6.351351261138916
5475888,6.542056083679199
5476608,6.318181991577148
5477168,6.343612194061279
5477296,6.637930870056152
5479744,6.2107625007629395
5480144,6.318181991577148
5480704,6.454545497894287
5480832,6.517857074737549
5481360,6.529680252075195
5482064,6.425339221954346
5484256,6.457398891448975
5484448,6.422222137451172
5485600,6.454545497894287
5487792,6.159090995788574
5488096,6.674008846282959
5488400,5.55555534362793
5488480,6.490825653076172
5489648,6.529680252075195
5491696,6.361607074737549
5493120,6.371681213378906
5493136,6.221198081970215
5494000,6.126126289367676
5494976,6.44444465637207
5495008,6.278027057647705
5497408,6.3122172355651855
5498048,6.316964149475098
5498832,6.194690227508545
5500224,6.181818008422852
5504800,6.136363506317139
5505152,6.386363506317139
5507568,6.311110973358154
5511792,6.629955768585205
5512496,5.4782609939575195
5513056,5.245901584625244
5515808,6.369863033294678
5516528,6.447963714599609
5517296,6.524064064025879
5517760,6.233183860778809
5518096,6.422018527984619
5518256,6.1187214851379395
5519376,6.3063063621521
5522640,6.4666666984558105
5522976,6.25
5523200,6.636771202087402
5523584,6.371681213378906
5525392,6.373873710632324
5526848,6.4772725105285645
5527872,6.425339221954346
5528064,6.470588207244873
5528592,6.2723212242126465
5528720,6.1936936378479
5529296,6.031390190124512
5531184,6.39484977722168
5531472,6.365638732910156
5534288,6.490825653076172
5536080,5.9954752922058105
5537088,6.1777777671813965
5537344,6.5366973876953125
5537440,6.345291614532471
5539152,6.463963985443115
5539600,6.552511215209961
5545568,6.441441535949707
5546272,6.266968250274658
5547152,6.2272725105285645
5548880,6.6964287757873535
5549120,6.380090713500977
5550144,6.073059558868408
5550272,6.582568645477295
5551712,6.418919086456299
5553824,6.194690227508545
5556304,6.490825653076172
5556928,6.5227274894714355
5557408,6.614349842071533
5557520,6.513157844543457
5557536,6.56682014465332
5558576,6.444953918457031
5559504,6.36771297454834
5559808,6.697247505187988
5561184,6.40350866317749
5564080,6.318181991577148
5564528,6.181818008422852
5567024,6.447368621826172
5567360,6.345291614532471
5568832,6.345291614532471
5571632,6.36771297454834
5571808,6.25
5574064,6.415094375610352
5577328,6.509008884429932
5578976,6.2276787757873535
5579024,6.261062145233154
5580000,6.271551609039307
5580336,6.2844038009643555
5581152,6.359447002410889
5581696,6.300448417663574
5584496,6.409090995788574
5584784,6.194690227508545
5585296,6.199095249176025
5585984,6.482300758361816
5587360,6.289592742919922
5587456,6.470588207244873
5588464,6.048035144805908
5588928,6.415929317474365
5589712,6.3537116050720215
5593216,6.307339668273926
5595056,6.59817361831665
5598096,6.351351261138916
5599536,6.502242088317871
5600336,6.363636493682861
5600400,6.55555534362793
5601664,6.049107074737549
5602224,6.517857074737549
5602752,6.463963985443115
5603840,6.334841728210449
5603920,6.347032070159912
5605152,6.425339221954346
5605968,6.484018325805664
5606656,6.216216087341309
5606768,6.098654747009277
5607488,6.216216087341309
5608144,6.192660331726074
5608800,6.2443437576293945
5609184,6.5
5610000,6.469298362731934
5611632,6.4976959228515625
5612176,6.454545497894287
5612480,6.495535850524902
5613680,6.3364057540893555
5614112,6.361607074737549
5615184,6.402714729309082
5615760,6.412556171417236
5619360,6.316964149475098
5619648,6.159090995788574
5622192,6.382488250732422
5623280,6.460176944732666
5624896,6.143497943878174
5626416,6.425339221954346
5627312,6.3839287757873535
5628448,6.380090713500977
5628848,6.330275058746338
5629024,6.355555534362793
5630000,6.511111259460449
5631536,6.2276787757873535
5631552,6.636363506317139
5632864,6.233183860778809
5636032,6.5625
5639488,6.402714729309082
5641264,6.184210300445557
5642304,6.830357074737549
5642816,6.345291614532471
5643760,6.128318786621094
5644032,6.3274335861206055
5644928,6.337719440460205
5645312,6.2155961990356445
5645888,6.331775665283203
5646784,6.026200771331787
5647984,6.165919303894043
5648288,6.357466220855713
5649360,6.388888835906982
5649968,6.187214374542236
5652960,6.138392925262451
5655488,6.636771202087402
5655744,6.358024597167969
5656592,6.203703880310059
5656640,6.199095249176025
5658640,6.696832656860352
5659056,6.126126289367676
5659488,6.095890522003174
5660688,6.396396160125732
5663408,6.5366973876953125
5664208,6.425339221954346
5664288,6.5625
5665552,6.425339221954346
5667712,6.357466220855713
5668160,6.582568645477295
5669632,6.073059558868408
5670000,6.371681213378906
5670496,6.363636493682861
5670992,6.50684928894043
5671008,6.164383411407471
5674624,6.244444370269775
5674864,6.6891889572143555
5677152,6.053811550140381
5678160,6.233479976654053
5680336,6.409090995788574
5683520,6.25
5685360,6.631799221038818
5687232,6.349557399749756
5688288,6.554054260253906
5688880,6.769911289215088
5689616,6.538461685180664
5690496,6.556603908538818
5692528,6.4772725105285645
5692800,6.278027057647705
5692832,6.81614351272583
5694112,6.355555534362793
5694688,6.453744411468506
5695488,6.4242424964904785
5696464,6.308411121368408
5698288,6.2723212242126465
5699984,6.461187362670898
5701648,6.388888835906982
5701856,5.93220329284668
5702560,6.438053131103516
5702608,6.299559593200684
5703312,6.460176944732666
5703520,6.479820728302002
5703568,6.36771297454834
5705008,6.502242088317871
5705424,5.604395389556885
5706128,6.351351261138916
5709024,6.441441535949707
5710592,6.294642925262451
5712880,6.431717872619629
5713280,6.357466220855713
5713712,6.651583671569824
5716800,6.347032070159912
5718416,6.1238532066345215
5719728,6.295454502105713
5720400,6.339285850524902
5721456,6.418919086456299
5723232,6.334841728210449
5724848,6.2723212242126465
5725584,6.25
5726832,6.294642925262451
5730416,6.390134334564209
5730416,6.134259223937988
5731136,6.233183860778809
5731712,6.3761467933654785
5732176,6.4349775314331055
5732832,6.422222137451172
5733888,6.17511510848999
5736320,6.405529975891113
5736880,6.2276787757873535
5737440,6.447963714599609
5737648,6.460176944732666
5738800,6.148325443267822
5738928,6.288888931274414
5741072,6.552511215209961
5743568,6.409090995788574
5743808,6.454545497894287
5744512,6.234568119049072
5745136,6.162790775299072
5748480,6.40969181060791
5748784,6.299559593200684
5749808,6.396396160125732
5750672,6.330275058746338
5750944,6.216216087341309
5751600,6.181818008422852
5752368,6.255605220794678
5753040,6.568181991577148
5755200,6.204545497894287
5755312,6.5
5755536,6.187214374542236
5758736,6.547085285186768
5760240,6.233183860778809
5760320,6.087963104248047
5761248,6.2272725105285645
5761376,6.438356399536133
5761648,6.5625
5762064,6.400000095367432
5764112,6.575342655181885
5765984,6.733333110809326
5766160,6.126126289367676
5769552,6.441441535949707
5773360,6.39484977722168
5774176,6.666666507720947
5774448,6.40625
5775888,6.40625
5776800,6.5333333015441895
5779120,6.422018527984619
5780448,6.563876628875732
5781312,6.550218105316162
5782672,6.425339221954346
5782944,6.674107074737549
5785184,6.299559593200684
5785312,6.577777862548828
5786064,6.27962064743042
5786736,6.441441535949707
5786816,6.4976959228515625
5787376,6.441441535949707
5787680,6.371681213378906
5788464,6.392693996429443
5788592,6.278027057647705
5788864,6.538461685180664
5791280,6.183035850524902
5791968,6.36771297454834
5792288,6.473214149475098
5793184,6.369863033294678
5795552,6.3761467933654785
5796784,6.450892925262451
5797424,6.621621608734131
5797488,6.651785850524902
5797840,6.5740742683410645
5798224,6.204545497894287
5799200,6.711111068725586
5799696,6.545454502105713
5801776,6.461187362670898
5801808,6.3913044929504395
5802576,6.322869777679443
5803952,6.509008884429932
5805264,6.7410712242126465
5806368,6.482300758361816
5809056,6.666666507720947
5809344,6.44444465637207
5809920,6.441441535949707
5811024,6.457398891448975
5811680,6.380090713500977
5812464,6.255707740783691
5812592,6.441441535949707
5814800,6.6489362716674805
5815296,6.711111068725586
5815648,6.081080913543701
5816496,6.52466344833374
5816880,6.4772725105285645
5817072,6.441441535949707
5819632,6.5401787757873535
5819968,6.386363506317139
5821840,6.25
5822784,6.300000190734863
5822832,6.606334686279297
5823584,6.02222204208374
5826880,6.133333206176758
5827168,6.36771297454834
5827280,6.043478488922119
5827776,6.450892925262451
5829520,6.444953918457031
5829920,6.418919086456299
5830240,6.169724941253662
5831376,5.982142925262451
5834016,6.365638732910156
5836656,6.036036014556885
5836944,5.913241863250732
5837424,6.165919303894043
5838672,6.4349775314331055
5840560,6.133333206176758
5840752,6.0714287757873535
5840896,6.098654747009277
5841168,6.146789073944092
5842032,6.100917339324951
5842224,6.2443437576293945
5843168,6.330275058746338
5844288,5.886363506317139
5844416,6.232876777648926
5845792,6.261261463165283
5846880,5.840909004211426
5849408,5.8715596199035645
5851648,6.221198081970215
5851888,6.2443437576293945
5854848,6.2723212242126465
5855168,6.138392925262451
5855424,6.295454502105713
5856368,6.179039478302002
5858768,6.026785850524902
5859888,6.255707740783691
5862816,6.373626232147217
5865008,6.3364057540893555
5865760,6.21004581451416
5869296,6.412556171417236
5869968,6.351351261138916
5870432,6.221198081970215
5872096,6.386363506317139
5872640,6.552511215209961
5873056,6.415524959564209
5876448,6.045454502105713
5876544,6.301369667053223
5880064,6.238738536834717
5880432,6.328828811645508
5883440,6.399082660675049
5883440,6.316964149475098
5883664,6.25
5886608,6.012269973754883
5887296,6.140350818634033
5887296,6.4285712242126465
5887440,6.3122172355651855
5888384,6.244239807128906
5889760,6.315789699554443
5890128,6.575342655181885
5890896,6.2276787757873535
5891904,6.3242011070251465
5892752,5.933333396911621
5895456,6.063348293304443
5895584,6.204545497894287
5896320,5.8108110427856445
5897088,6.278027057647705
5898032,6.316964149475098
5898064,6.3242011070251465
5899216,6.128318786621094
5900560,6.176470756530762
5900880,6.076233386993408
5901328,6.181818008422852
5901616,6.322869777679443
5901984,5.829493045806885
5904224,6.390134334564209
5905584,6.073059558868408
5907920,6.425339221954346
5907984,6.085972785949707
5908832,6.063348293304443
5911568,6.165919303894043
5912208,6.031390190124512
5913440,6.164383411407471
5914832,6.146789073944092
5918432,6.004464149475098
5918704,6.199999809265137
5919312,6.289592742919922
5919344,6.108597278594971
5919376,6.261062145233154
5919680,6.2155961990356445
5919808,6.238532066345215
5922144,6.039823055267334
5923216,6.159090995788574
5925424,6.461187362670898
5925712,6.328828811645508
5925840,6.222222328186035
5926432,6.380090713500977
5934464,6.4285712242126465
5936800,6.5740742683410645
5937600,6.473214149475098
5938432,6.425339221954346
5938560,6.2276787757873535
5939552,6.40625
5940608,6.441441535949707
5940688,6.18055534362793
5942032,6.049107074737549
5944176,6.520737171173096
5946704,6.143497943878174
5946752,6.2093024253845215
5947104,6.369863033294678
5947648,6.273148059844971
5947696,6.261261463165283
5947872,6.113636493682861
5949984,6.380090713500977
5960560,6.659090995788574
5961008,6.300448417663574
5961120,6.221719264984131
5963552,6.176470756530762
5964400,6.181818008422852
5964784,6.228070259094238
5965392,6.221719264984131
5969024,5.995370388031006
5969936,6.238317966461182
5971968,6.138392925262451
5972992,6.44444465637207
5974384,6.160714149475098
5975104,6.575342655181885
5975264,6.361607074737549
5975776,6.351351261138916
5977808,6.3839287757873535
5978320,6.405529975891113
5979824,6.098654747009277
5979920,6.347032070159912
5980176,6.328828811645508
5981888,6.463963985443115
5982448,6.482300758361816
5983440,6.301369667053223
5985888,6.460176944732666
5986512,6.090909004211426
5986832,6.222222328186035
5987152,6.2672810554504395
5987296,6.435184955596924
5988352,6.490825653076172
5988640,5.9772725105285645
5990384,6.402714729309082
5990416,6.373873710632324
5991344,6.3761467933654785
5993040,6.666666507720947
5993328,6.392693996429443
5994208,6.5227274894714355
5995376,6.481481552124023
5995504,6.418919086456299
5995792,6.328828811645508
5997184,6.582568645477295
5998352,6.5
5998528,6.486486434936523
5998736,6.554054260253906
5999056,6.5158371925354
6001040,6.493212699890137
6002256,6.347032070159912
6003648,6.620370388031006
6005088,6.400862216949463
6005088,6.294642925262451
6005456,6.2443437576293945
6005696,6.283783912658691
6008576,6.221198081970215
6009056,6.36771297454834
6009152,6.1777777671813965
6011376,6.283185958862305
6011824,6.188340663909912
6012720,6.441441535949707
6015376,6.266968250274658
6016896,6.400000095367432
6018096,6.281406879425049
6018144,6.355555534362793
6019760,6.1160712242126465
6021984,6.2727274894714355
6025072,6.351351261138916
6025232,6.238738536834717
6025776,6.146789073944092
6027248,6.36771297454834
6029216,6.192660331726074
6032400,6.2276787757873535
6032400,6.355555534362793
6032800,6.3839287757873535
6033120,6.351351261138916
6034128,6.582568645477295
6037664,6.369565010070801
6037696,6.5765767097473145
6039552,6.575342655181885
6039664,6.3122172355651855
6044880,6.422018527984619
6045280,6.289592742919922
6046448,6.357466220855713
6046592,6.126126289367676
6046832,6.165919303894043
6047088,6.486486434936523
6050000,6.561086177825928
6050656,6.377777576446533
6050752,6.53153133392334
6050800,6.328828811645508
6051008,6.396396160125732
6051072,6.330275058746338
6052016,6.188340663909912
6053600,6.3839287757873535
6054160,6.601731777191162
6054336,6.340909004211426
6054672,6.205357074737549
6055504,6.301369667053223
6055600,6.322869777679443
6055904,6.415524959564209
6056576,6.261062145233154
6057792,6.401869297027588
6057872,6.108597278594971
6058240,6.183035850524902
6060688,6.50537633895874
6060688,6.266968250274658
6061360,6.402714729309082
6061728,6.4285712242126465
6062592,6.599999904632568
6062624,6.467889785766602
6064224,6.363636493682861
6064432,6.44444465637207
6064880,6.438356399536133
6065264,6.613636493682861
6067856,6.875
6068688,6.506550312042236
6070176,6.2443437576293945
6071536,6.457398891448975
6074096,6.5509257316589355
6075616,6.334841728210449
6076048,6.575342655181885
6077216,6.345291614532471
6079008,6.454545497894287
6079040,6.334841728210449
6079184,6.621621608734131
6082544,6.204545497894287
6082976,6.422222137451172
6083360,6.4285712242126465
6084400,6.5401787757873535
6086320,6.372093200683594
6090496,6.5848212242126465
6091520,6.380090713500977
6092400,6.335403919219971
6092864,6.457398891448975
6093408,6.233183860778809
6094016,6.369863033294678
6095392,6.347032070159912
6095952,6.160714149475098
6099424,6.25
6100080,6.482300758361816
6100544,6.369863033294678
6102240,6.357466220855713
6105120,6.160714149475098
6106704,6.017699241638184
6107168,6.294642925262451
6109648,6.199095249176025
6110704,6.545454502105713
6111584,6.583710193634033
6112992,6.402714729309082
6113552,6.087963104248047
6113776,6.305309772491455
6113776,6.307339668273926
6114768,6.380090713500977
6114912,6.424870491027832
6117360,6.4349775314331055
6117952,6.205357074737549
6118336,6.328828811645508
6118496,6.316964149475098
6118512,6.517857074737549
6118720,6.554054260253906
6121136,6.5
6121392,6.431717872619629
6121792,6.017699241638184
6124144,6.527777671813965
6125872,6.5158371925354
6127472,6.5853657722473145
6127728,6.143497943878174
6130768,6.345291614532471
6135072,6.353210926055908
6135136,6.479820728302002
6136320,6.454545497894287
6139568,6.538461685180664
6140752,6.52466344833374
6141472,6.365638732910156
6142112,6.4285712242126465
6142224,6.318181991577148
6142448,6.090909004211426
6142928,6.283783912658691
6143408,6.561086177825928
6145840,6.2276787757873535
6145920,6.2727274894714355
6146672,6.09649133682251
6148368,6.340909004211426
6149312,6.2727274894714355
6150528,6.221719264984131
6152208,6.266666889190674
6153264,6.148648738861084
6153632,6.460176944732666
6155984,6.255319118499756
6158576,6.221719264984131
6159136,6.126126289367676
6160032,5.2727274894714355
6163504,6.164383411407471
6164416,6.068181991577148
6164896,6.045454502105713
6166208,6.049107074737549
6166544,6.300448417663574
6167168,6.176470756530762
6167200,6.013513565063477
6168304,6.266968250274658
6170080,6.045454502105713
6170432,6.25
6170848,6.179039478302002
6174448,6.108597278594971
6174688,6.261261463165283
6176832,6.050228118896484
6181168,6.216216087341309
6181216,6.2723212242126465
6181440,5.9817352294921875
6182352,6.351351261138916
6183904,6.164383411407471
6184736,6.1936936378479
6185008,6.1936936378479
6185264,6.415524959564209
6185328,6.004566192626953
6187056,5.902777671813965
6187456,6.176470756530762
6188256,6.313364028930664
6189696,6.307339668273926
6189952,6.108597278594971
6191376,6.0
6191488,6.319018363952637
6193264,6.013513565063477
6194896,6.255707740783691
6194976,6.153846263885498
6198496,6.25
6201968,6.388888835906982
6202704,6.392693996429443
6202864,6.204545497894287
6203408,6.192660331726074
6203776,6.21004581451416
6204288,6.278027057647705
6209456,6.330275058746338
6210560,6.283185958862305
6212320,6.184210300445557
6212784,6.261261463165283
6214032,6.31944465637207
6214464,6.053811550140381
6217520,6.475770950317383
6217584,6.17391300201416
6218176,6.298701286315918
6219952,6.349557399749756
6221120,6.5848212242126465
6224592,6.347032070159912
6225360,6.491228103637695
6226656,6.164383411407471
6227840,6.1184210777282715
6228192,6.143497943878174
6228816,6.131221771240234
6230272,6.02222204208374
6231920,5.840517044067383
6232336,5.909090995788574
6233456,6.063348293304443
6233744,5.986238479614258
6234144,6.129032135009766
6234800,6.2727274894714355
6235408,5.9772725105285645
6237024,6.148648738861084
6237424,6.098654747009277
6242960,6.081080913543701
6244960,6.3215861320495605
6247920,6.232876777648926
6248048,6.2107625007629395
6248416,5.906976699829102
6250048,6.050228118896484
6250128,6.294642925262451
6251024,6.168224334716797
6253776,6.431717872619629
6254320,6.199999809265137
6254480,6.186046600341797
6255120,5.894495487213135
6256752,6.400000095367432
6256992,6.138392925262451
6257312,6.25
6257872,6.176470756530762
6258192,6.192660331726074
6260880,6.098654747009277
6261808,6.066666603088379
6262912,6.234568119049072
6263424,6.2727274894714355
6265056,6.108597278594971
6265824,6.322869777679443
6266464,6.3122172355651855
6267600,6.1187214851379395
6268384,6.392693996429443
6268816,6.763392925262451
6269664,6.400000095367432
6271968,6.36771297454834
6272496,6.334841728210449
6272496,6.3761467933654785
6272736,6.148648738861084
6275504,6.096256732940674
6277712,6.294642925262451
6278352,6.396396160125732
6279120,6.666666507720947
6279888,5.9276018142700195
6280784,6.103603839874268
6281712,6.205357074737549
6281792,6.2443437576293945
6282128,6.176470756530762
6282192,6.1160712242126465
6282816,6.153846263885498
6283424,6.2727274894714355
6283888,6.058558464050293
6284400,6.622222423553467
6285744,6.380090713500977
6286224,6.232876777648926
6288432,6.599099159240723
6288816,6.583710193634033
6289488,6.629464149475098
6292384,6.448087215423584
6292752,6.5401787757873535
6293072,6.345291614532471
6294464,6.222222328186035
6296048,5.357142925262451
6296224,6.599099159240723
6297136,6.25
6298544,6.079999923706055
6300016,6.559633255004883
6301488,6.643835544586182
6303408,6.169724941253662
6303488,6.279069900512695
6303824,6.390134334564209
6304624,6.149068355560303
6305312,6.377777576446533
6305360,6.554054260253906
6306368,6.6964287757873535
6308160,6.5227274894714355
6309728,6.681614398956299
6310240,6.755555629730225
6311776,6.50684928894043
6313584,6.469298362731934
6314016,6.880733966827393
6316064,6.53153133392334
6316064,6.554054260253906
6316928,6.5198235511779785
6317536,6.415524959564209
6317776,6.431818008422852
6318704,6.405529975891113
6320816,6.205357074737549
6321024,6.454545497894287
6322464,6.357466220855713
6324960,6.380090713500977
6328064,6.4666666984558105
6328320,6.447963714599609
6328400,6.651583671569824
6328512,6.493212699890137
6330416,6.6447367668151855
6331120,6.801801681518555
6331600,6.5
6331760,6.651583671569824
6331952,6.425339221954346
6332080,6.486486434936523
6335952,6.606334686279297
6337504,6.614349842071533
6338272,6.644144058227539
6342672,6.613636493682861
6342720,6.255707740783691
6345872,6.301369667053223
6347360,6.590909004211426
6348144,6.651583671569824
6349488,6.44444465637207
6352976,6.295454502105713
6353728,6.330275058746338
6354576,6.454545497894287
6355248,6.53153133392334
6356016,6.4285712242126465
6356656,6.422018527984619
6358096,6.643835544586182
6358848,6.450892925262451
6362512,6.440678119659424
6364272,6.4349775314331055
6364304,6.3255815505981445
6367312,6.511111259460449
6367328,6.561086177825928
6367504,6.547085285186768
6368800,6.733333110809326
6369600,6.846847057342529
6370816,6.244239807128906
6371424,6.418919086456299
6372304,6.422018527984619
6373920,6.333333492279053
6374016,6.136363506317139
6374352,6.454545497894287
6374352,6.3839287757873535
6375920,6.1187214851379395
6377664,6.288888931274414
6379168,6.513761520385742
6379312,6.116279125213623
6380272,6.1210761070251465
6385600,6.479820728302002
6387776,6.3063063621521
6387984,6.393442630767822
6388848,6.367521286010742
6391536,5.8597283363342285
6392880,6.1160712242126465
6395840,6.313364028930664
6396336,6.233183860778809
6401968,6.192660331726074
6402256,6.221719264984131
6403040,6.484018325805664
6403392,6.032110214233398
6404544,6.051502227783203
6405488,6.143497943878174
6406576,6.181818008422852
6406720,6.081080913543701
6407040,6.050228118896484
6408368,6.278538703918457
6408720,6.25
6410640,6.316964149475098
6414192,6.153846263885498
6417584,6.0
6420768,6.295454502105713
6421008,6.088889122009277
6422752,6.183035850524902
6423152,6.131221771240234
6423280,6.463963985443115
6423312,6.5158371925354
6423360,6.283783912658691
6424640,5.822784900665283
6425584,6.278027057647705
6426912,6.238937854766846
6428176,6.159090995788574
6429088,6.2844038009643555
6430448,6.397515296936035
6430896,6.283783912658691
6431408,6.375545978546143
6431696,6.289592742919922
6435328,6.164383411407471
6436976,6.232558250427246
6436976,6.290322780609131
6437328,6.031390190124512
6437936,6.5740742683410645
6437984,6.441441535949707
6438816,6.493212699890137
6438816,6.396396160125732
6440000,6.157407283782959
6442384,6.283783912658691
6443584,6.053811550140381
6444512,6.340909004211426
6446752,6.077981472015381
6448080,6.261261463165283
6448576,6.204545497894287
6449376,6.340909004211426
6449504,6.205357074737549
6451680,6.1160712242126465
6453904,6.425339221954346
6454272,6.076233386993408
6454880,6.244444370269775
6455408,6.301369667053223
6456752,6.365638732910156
6458464,6.076233386993408
6460288,6.431818008422852
6462272,6.307339668273926
6462528,6.4349775314331055
6463216,6.085972785949707
6465008,6.199095249176025
6465232,6.490825653076172
6466096,6.266968250274658
6466448,6.261261463165283
6466480,6.482300758361816
6466960,6.450892925262451
6468544,6.409090995788574
6469200,6.40625
6469408,6.5
6471792,6.305309772491455
6472112,6.238738536834717
6472336,6.392693996429443
6473440,6.561086177825928
6473632,6.1936936378479
6476704,6.129032135009766
6477600,6.444953918457031
6480240,6.5
6480544,6.081080913543701
6481280,6.206030368804932
6481424,6.2272725105285645
6482576,6.289592742919922
6483296,6.111111164093018
6484288,6.387665271759033
6484768,6.279069900512695
6486864,6.418919086456299
6487856,6.3063063621521
6487872,6.371681213378906
6488288,6.216814041137695
6489056,6.0714287757873535
6489680,6.322869777679443
6494608,6.36771297454834
6495456,6.470588207244873
6496256,6.143497943878174
6499136,6.1777777671813965
6499152,6.061946868896484
6500848,6.53153133392334
6502048,6.25
6504368,6.392693996429443
6506176,6.412556171417236
6506272,6.838564872741699
6506496,6.3063063621521
6507408,6.502242088317871
6509744,6.3122172355651855
6509792,6.278538703918457
6510992,6.300448417663574
6511424,6.467889785766602
6512384,6.711111068725586
6512704,6.204545497894287
6513696,6.221719264984131
6514576,6.36771297454834
6515424,6.238738536834717
6515888,6.5366973876953125
6516800,6.396396160125732
6519456,6.148648738861084
6520048,6.614349842071533
6520480,6.585903167724609
6523984,6.53153133392334
6524608,6.681818008422852
6525696,6.4976959228515625
6526896,6.349557399749756
6527024,6.3839287757873535
6527664,6.318181991577148
6528160,6.470588207244873
6529232,6.454545497894287
6529440,6.526548862457275
6530976,6.232876777648926
6531552,6.345291614532471
6536192,6.111111164093018
6538272,6.447963714599609
6538432,6.2107625007629395
6538832,6.238937854766846
6538928,6.318181991577148
6541696,6.238532066345215
6542512,6.188340663909912
6542816,6.418919086456299
6543792,6.431717872619629
6544320,6.447963714599609
6544528,6.488888740539551
6544832,6.295454502105713
6545360,6.712328910827637
6546080,6.554054260253906
6548592,6.343283653259277
6549184,5.352112770080566
6549536,6.289592742919922
6549712,6.460176944732666
6549856,6.392693996429443
6550896,6.543778896331787
6553760,6.261467933654785
6555792,6.495535850524902
6556096,6.334841728210449
6556784,6.3242011070251465
6558416,6.409090995788574
6560224,6.339285850524902
6561072,6.318181991577148
6561920,6.605504512786865
6563088,6.547085285186768
6563392,6.409090995788574
6565152,6.2723212242126465
6566304,6.311110973358154
6567296,6.390134334564209
6569808,6.2844038009643555
6570832,6.238317966461182
6572720,6.3815789222717285
6574080,6.386363506317139
6576512,6.2443437576293945
6577648,6.1936936378479
6577968,6.7272725105285645
6578832,6.467889785766602
6579872,6.495535850524902
6581184,6.4349775314331055
6586512,6.098654747009277
6587184,6.1936936378479
6588176,6.289592742919922
6590576,6.222222328186035
6590816,6.447963714599609
6591168,6.495535850524902
6592032,6.307339668273926
6592256,6.55555534362793
6594096,6.504424571990967
6595728,6.278027057647705
6595840,6.412556171417236
6596624,6.5158371925354
6596656,6.1016950607299805
6597168,6.266968250274658
6597632,6.644444465637207
6598368,6.244444370269775
6601536,6.643835544586182
6601920,6.5158371925354
6604736,6.405529975891113
6604784,6.357466220855713
6605488,6.473214149475098
6605568,6.415524959564209
6606608,6.371681213378906
6607648,6.454545497894287
6607904,6.09375
6609888,6.333333492279053
6610144,6.340909004211426
6611376,6.328828811645508
6611488,6.502242088317871
6612528,6.21004581451416
6613264,5.9772725105285645
6613440,6.221719264984131
6614464,6.334841728210449
6616640,6.644144058227539
6617232,6.486486434936523
6620176,6.318181991577148
6622512,6.159090995788574
6623280,6.2443437576293945
6623984,6.238532066345215
6624368,6.418919086456299
6625408,6.457398891448975
6626080,6.441441535949707
6627008,6.509008884429932
6628992,6.502242088317871
6630672,6.192660331726074
6632912,6.369863033294678
6633616,6.5158371925354
6634016,6.121495246887207
6634592,6.396396160125732
6635088,6.334841728210449
6636048,6.444953918457031
6636768,6.076233386993408
6637792,6.155555725097656
6639600,6.141552448272705
6644672,6.454545497894287
6644800,6.4285712242126465
6644864,6.5765767097473145
6645424,6.337719440460205
6647408,5.9234232902526855
6649344,6.409090995788574
6650880,6.294642925262451
6651248,6.088889122009277
6651808,6.181818008422852
6652032,6.044444561004639
6653376,6.113636493682861
6654064,6.335078716278076
6657296,6.380090713500977
6659232,6.216216087341309
6659648,6.008968830108643
6662448,6.40625
6662656,6.266968250274658
6665760,6.3122172355651855
6665968,6.347032070159912
6666704,6.170212745666504
6668288,6.289592742919922
6669776,6.2844038009643555
6670320,6.289592742919922
6670416,6.316964149475098
6670720,6.1210761070251465
6672560,6.204545497894287
6674592,6.486486434936523
6675312,6.1777777671813965
6675856,6.098654747009277
6676672,6.25
6679776,6.25550651550293
6680336,6.1184210777282715
6680432,6.441441535949707
6682528,6.153846263885498
6683984,6.289592742919922
6686048,6.25550651550293
6686144,6.171171188354492
6686416,6.2093024253845215
6688880,6.133333206176758
6691856,6.322869777679443
6693488,6.415524959564209
6693952,5.9276018142700195
6694160,6.4666666984558105
6698176,6.050228118896484
6698752,6.36771297454834
6698848,6.25
6699056,6.283783912658691
6699424,6.605504512786865
6700320,6.2443437576293945
6702384,6.2272725105285645
6703088,6.337719440460205
6703664,6.129032135009766
6703952,6.418919086456299
6705872,6.4976959228515625
6705904,6.486486434936523
6707424,6.547085285186768
6707808,6.266968250274658
6710256,6.181818008422852
6711136,6.365740776062012
6711952,3.9285714626312256
6713680,6.402714729309082
6713840,6.300448417663574
6714512,6.4782609939575195
6714704,6.441441535949707
6716368,6.502242088317871
6716624,6.2723212242126465
6718224,6.2443437576293945
6719056,6.138392925262451
6720192,6.844444274902344
6723552,6.493212699890137
6723744,6.425339221954346
6724112,6.369863033294678
6725200,6.36771297454834
6725632,6.40969181060791
6727120,6.509008884429932
6728080,6.289592742919922
6734176,6.3122172355651855
6734304,6.328828811645508
6736160,5.903614521026611
6737344,6.205357074737549
6737680,6.261467933654785
6739584,6.261261463165283
6740448,6.355555534362793
6740528,6.183035850524902
6740592,6.1936936378479
6741312,6.349557399749756
6742992,6.222222328186035
6743248,6.17511510848999
6749072,6.396396160125732
6750528,6.233479976654053
6751264,6.311110973358154
6752096,6.526548862457275
6752608,6.333333492279053
6753008,6.454545497894287
6754848,6.300448417663574
6755072,6.009174346923828
6756208,6.3839287757873535
6756528,6.141552448272705
6758720,6.213235378265381
6759840,6.593886375427246
6762016,6.165919303894043
6762864,6.255605220794678
6765216,6.131221771240234
6766144,6.233183860778809
6766544,6.199095249176025
6767056,6.3815789222717285
6769136,6.126126289367676
6769440,6.036036014556885
6769648,6.192660331726074
6770048,6.261467933654785
6770096,6.289592742919922
6770816,6.159090995788574
6771872,6.09375
6772400,6.155555725097656
6773760,6.060606002807617
6775712,6.1936936378479
6776400,6.300448417663574
6776416,5.954545497894287
6776464,6.181818008422852
6782736,6.418919086456299
6783488,5.829493045806885
6784400,5.950226306915283
6784880,5.964125633239746
6785280,5.9772725105285645
6786080,6.340909004211426
6786256,6.21004581451416
6786656,6.300448417663574
6786704,6.039823055267334
6788048,5.945945739746094
6789360,6.098654747009277
6793328,6.228070259094238
6793344,6.2107625007629395
6794896,6.153846263885498
6797744,6.311110973358154
6798320,5.921658992767334
6800224,6.181818008422852
6801424,6.425438404083252
6804624,5.97777795791626
6804784,6.059907913208008
6805696,6.40969181060791
6805904,5.972850799560547
6808208,6.278027057647705
6808992,6.146789073944092
6809168,6.203703880310059
6810720,6.1187214851379395
6810976,6.081080913543701
6812016,6.073059558868408
6815248,6.105990886688232
6815536,5.730593681335449
6817248,5.806451797485352
6817920,6.25550651550293
6818112,6.155555725097656
6818784,6.386363506317139
6823648,6.1777777671813965
6824704,5.950226306915283
6825248,6.085972785949707
6826432,6.027397155761719
6826688,5.917431354522705
6830128,6.049107074737549
6830336,6.073059558868408
6830816,6.0714287757873535
6833264,6.153846263885498
6833472,6.171171188354492
6835280,5.813953399658203
6836704,6.221719264984131
6836800,6.2727274894714355
6839280,6.087963104248047
6839888,5.840909004211426
6840192,6.013513565063477
6840320,6.311110973358154
6841552,6.222222328186035
6846304,6.098654747009277
6850512,5.950226306915283
6850848,6.0
6852240,6.233183860778809
6853312,5.879629611968994
6853440,6.318181991577148
6854432,6.21004581451416
6855872,6.415929317474365
6856688,6.380090713500977
6857168,6.206896781921387
6858496,6.171171188354492
6862016,6.44444465637207
6862560,6.165919303894043
6863952,6.090909004211426
6864304,6.3839287757873535
6864336,5.863636493682861
6866944,6.1936936378479
6869168,6.113636493682861
6869200,6.176470756530762
6871984,6.278027057647705
6872496,6.316964149475098
6872736,5.96846866607666
6872752,6.045454502105713
6874416,6.392693996429443
6875024,6.25
6875568,6.294642925262451
6877952,6.363636493682861
6878352,6.382488250732422
6878544,6.357466220855713
6879088,6.3242011070251465
6879584,6.3761467933654785
6879936,6.299559593200684
6879936,6.221719264984131
6882320,6.221198081970215
6885632,6.085972785949707
6886272,6.153846263885498
6886912,5.96846866607666
6887088,6.25
6889264,6.380090713500977
6889376,6.400000095367432
6891888,6.520737171173096
6892096,6.126126289367676
6892160,6.393805503845215
6892656,6.141552448272705
6892912,6.402714729309082
6893328,6.3063063621521
6893376,6.357466220855713
6894016,6.339285850524902
6896208,6.289592742919922
6896288,6.118143558502197
6896432,6.1187214851379395
6899328,6.204545497894287
6899792,6.3761467933654785
6903296,6.340909004211426
6903344,6.289592742919922
6904928,6.221198081970215
6905472,6.205357074737549
6907216,6.1187214851379395
6908448,6.187214374542236
6910912,6.283783912658691
6911296,6.322869777679443
6912016,6.283783912658691
6912560,6.1160712242126465
6913520,6.372093200683594
6915776,5.973451137542725
6918256,6.307339668273926
6918416,6.141552448272705
6919184,6.266666889190674
6921056,6.441441535949707
6921504,6.238532066345215
6924080,6.278538703918457
6924896,6.045454502105713
6925264,6.486486434936523
6928160,6.216216087341309
6931520,6.417112350463867
6932656,6.238937854766846
6934864,6.26086950302124
6935728,6.143497943878174
6937408,6.184210300445557
6940640,6.3242011070251465
6942000,6.300448417663574
6943344,6.3122172355651855
6944208,6.171171188354492
6944768,6.131221771240234
6946752,6.1160712242126465
6947488,6.153846263885498
6947600,6.087963104248047
6948000,6.136363506317139
6949264,6.192660331726074
6950304,6.3122172355651855
6951056,6.058558464050293
6951824,6.087963104248047
6952176,6.058558464050293
6952512,6.181818008422852
6952832,6.058558464050293
6953536,6.108597278594971
6953920,6.036866188049316
6954736,6.136363506317139
6955120,6.486486434936523
6956352,5.8447489738464355
6956752,6.032110214233398
6957328,6.068181991577148
6957408,6.018099784851074
6957728,6.004464149475098
6957744,6.441717624664307
6958320,6.0775861740112305
6958864,6.1238532066345215
6960992,6.162280559539795
6961232,5.829493045806885
6961872,5.833333492279053
6962400,5.890410900115967
6962448,6.098654747009277
6965904,6.2844038009643555
6966592,6.09375
6968112,6.0
6968416,6.266666889190674
6968976,6.1210761070251465
6970576,6.181818008422852
6971872,5.9633026123046875
6971968,6.266968250274658
6972528,5.904977321624756
6973600,5.848214149475098
6974768,5.967741966247559
6975504,6.300448417663574
6977760,6.111111164093018
6979072,6.013513565063477
6979104,5.6626505851745605
6980416,5.913241863250732
6980784,6.171171188354492
6981840,6.085972785949707
6982096,5.982532978057861
6983360,6.032110214233398
6986096,5.848214149475098
6989696,6.077981472015381
6989936,5.945945739746094
6990976,6.009174346923828
6994080,6.138392925262451
6994240,5.986238479614258
6996144,5.748898506164551
6996192,6.150442600250244
6996352,5.825892925262451
6996656,6.221719264984131
6996992,6.0227274894714355
6997648,6.036036014556885
6999888,6.0227274894714355
6999920,6.0
7001408,5.9598212242126465
7001616,6.422018527984619
7003264,5.8597283363342285
7004928,6.461187362670898
7005184,6.1160712242126465
7006000,5.823529243469238
7007264,5.986546993255615
7007920,6.140350818634033
7009536,6.090909004211426
7011440,6.095890522003174
7012096,6.261261463165283
7015968,6.018099784851074
7015968,5.911110877990723
7016400,6.044444561004639
7019376,6.21004581451416
7022928,6.131221771240234
7023152,6.288209438323975
7024704,6.126760482788086
7025136,6.176470756530762
7026304,5.784753322601318
7026640,6.073059558868408
7027008,5.921658992767334
7028704,6.261261463165283
7029712,6.181818008422852
7030320,5.895196437835693
7031792,6.0
7032704,5.762331962585449
7034432,6.266968250274658
7035296,5.886363506317139
7039152,5.973451137542725
7039344,6.081080913543701
7040496,6.171171188354492
7041056,6.017699241638184
7043520,6.1210761070251465
7044432,6.199999809265137
7044464,5.990566253662109
7046080,5.958904266357422
7049568,6.103603839874268
7049776,6.425339221954346
7053472,5.848214149475098
7054304,5.973451137542725
7054688,5.9259257316589355
7055328,6.2727274894714355
7058240,5.898617744445801
7058848,6.050228118896484
7060080,6.049107074737549
7060464,6.1210761070251465
7063888,6.171171188354492
7064000,6.159090995788574
7064208,6.283185958862305
7065792,6.032110214233398
7068528,6.238532066345215
7070176,6.04938268661499
7071312,6.008968830108643
7071936,6.0227274894714355
7072784,6.04938268661499
7073280,6.188340663909912
7073760,6.1210761070251465
7075104,6.238532066345215
7075584,6.206896781921387
7076656,5.990991115570068
7076736,6.103603839874268
7076928,6.377777576446533
7077440,6.103603839874268
7078272,5.990991115570068
7082464,6.308139324188232
7082848,6.1210761070251465
7083584,6.255605220794678
7084048,5.950226306915283
7086384,6.090909004211426
7087680,6.387665271759033
7087696,6.189427375793457
7088224,6.266968250274658
7091328,6.299559593200684
7091584,6.261261463165283
7092528,6.221719264984131
7094832,6.192660331726074
7094976,6.04938268661499
7096144,6.333333492279053
7097120,6.073059558868408
7097136,6.2155961990356445
7098048,5.940366744995117
7098384,6.108597278594971
7098544,6.238738536834717
7100368,6.131221771240234
7100448,6.103603839874268
7100704,6.138392925262451
7100768,6.387665271759033
7103488,6.084070682525635
7104304,6.2272725105285645
7105584,6.305309772491455
7106320,6.475770950317383
7107488,6.204545497894287
7107824,5.945945739746094
7109216,6.171171188354492
7110464,6.1210761070251465
7112448,5.602837085723877
7112768,6.143497943878174
7114096,6.460176944732666
7115104,6.098654747009277
7116352,6.053811550140381
7118176,6.266968250274658
7119824,6.036866188049316
7119920,6.377777576446533
7120704,6.233479976654053
7120736,6.2107625007629395
7121760,6.479820728302002
7123424,6.294642925262451
7124352,6.133333206176758
7126624,6.49779748916626
7126848,6.2107625007629395
7127920,6.058558464050293
7128416,6.160714149475098
7129216,6.1238532066345215
7131920,6.2155961990356445
7132784,6.058558464050293
7132944,6.547085285186768
7134112,6.1238532066345215
7136336,6.169724941253662
7141408,6.25
7144912,6.318181991577148
7145696,6.266666889190674
7148448,6.136363506317139
7148512,6.261261463165283
7152864,6.41304349899292
7156816,6.5158371925354
7158720,6.355555534362793
7158992,6.222222328186035
7160064,6.351351261138916
7160368,6.108597278594971
7162928,6.36771297454834
7167152,6.474654197692871
7167520,6.328828811645508
7167728,6.278538703918457
7169824,6.422018527984619
7170768,6.322869777679443
7171824,6.318181991577148
7172336,6.785714149475098
7173472,6.5198235511779785
7173936,6.1255412101745605
7175408,6.098654747009277
7175920,6.390134334564209
7176704,6.313364028930664
7177104,6.395349025726318
7180080,6.0714287757873535
7181920,6.204545497894287
7183024,5.945945739746094
7183264,6.221198081970215
7184704,6.261261463165283
7185440,5.438596725463867
7188496,6.3242011070251465
7189088,6.4349775314331055
7189648,6.2723212242126465
7190208,6.009389877319336
7193824,6.266666889190674
7193824,6.726457595825195
7193840,6.645962715148926
7194368,6.278538703918457
7194416,6.152073860168457
7195120,6.199095249176025
7196272,6.583710193634033
7196800,6.278027057647705
7197392,6.351351261138916
7197984,6.509008884429932
7198656,6.318181991577148
7200320,6.301369667053223
7203360,6.3063063621521
7204448,6.155555725097656
7204464,6.187214374542236
7205712,6.313364028930664
7207264,6.141552448272705
7208336,6.400000095367432
7209232,6.073059558868408
7211616,6.300448417663574
7212304,6.387434482574463
7215168,6.176470756530762
7218032,6.294642925262451
7221664,6.23913049697876
7222336,6.008968830108643
7222448,6.128318786621094
7222448,6.369863033294678
7223920,6.027397155761719
7224912,6.1875
7226576,6.106194496154785
7226752,6.074561595916748
7228512,6.049107074737549
7228576,5.9234232902526855
7229664,6.084070682525635
7231280,6.25
7231936,6.152073860168457
7233152,6.061946868896484
7234624,6.058558464050293
7235840,5.808823585510254
7236752,6.150442600250244
7236784,6.084070682525635
7237456,6.380090713500977
7238544,6.039823055267334
7241856,6.026200771331787
7242832,6.0714287757873535
7243712,6.2272725105285645
7245568,5.9210524559021
7246368,6.300448417663574
7246464,5.941704273223877
7246496,6.0227274894714355
7247232,5.82191801071167
7247504,5.97777795791626
7249472,6.221719264984131
7249968,6.422222137451172
7249984,6.377777576446533
7250080,6.04072380065918
7251104,6.04072380065918
7252688,6.159090995788574
7253792,6.320346355438232
7254560,6.131221771240234
7255952,6.063348293304443
7257024,6.081080913543701
7257408,5.955555438995361
7259072,6.334841728210449
7260640,6.066666603088379
7261648,6.261261463165283
7264448,6.0714287757873535
7265488,6.148648738861084
7268144,6.044444561004639
7270592,5.991189479827881
7271392,6.44444465637207
7272384,6.2443437576293945
7275248,6.1777777671813965
7275920,6.136363506317139
7276944,6.135371208190918
7277456,6.278027057647705
7279808,6.108597278594971
7280928,6.064815044403076
7282368,6.018099784851074
7284448,5.972850799560547
7284976,5.9954752922058105
7286928,6.004464149475098
7287456,6.141552448272705
7288096,5.972850799560547
7289296,6.0227274894714355
7289504,5.982142925262451
7289600,6.013513565063477
7289936,6.103603839874268
7290976,6.045454502105713
7291664,6.0792951583862305
7294576,6.049107074737549
7295168,6.0
7295232,5.990991115570068
7297584,5.9633026123046875
7299472,5.97777795791626
7299600,5.811403274536133
7299808,5.9772725105285645
7300320,6.113636493682861
7301168,5.964125633239746
7303936,5.955555438995361
7304048,5.800000190734863
7304608,5.986546993255615
7305312,5.8968610763549805
7307472,6.045454502105713
7309424,5.9772725105285645
7310928,5.917431354522705
7311008,6.204545497894287
7311136,6.105990886688232
7311152,6.073059558868408
7312896,6.283783912658691
7316096,6.063348293304443
7317296,6.108597278594971
7317600,6.2844038009643555
7318976,6.053811550140381
7319776,6.0572686195373535
7320160,6.026785850524902
7320736,6.045454502105713
7321536,6.009174346923828
7322800,6.059907913208008
7323696,6.068181991577148
7324304,6.1936936378479
7324352,6.055046081542969
7324432,6.1777777671813965
7327232,5.954545497894287
7328016,5.964125633239746
7328640,5.9817352294921875
7329696,6.25
7329968,6.299559593200684
7330512,6.216216087341309
7331680,6.216216087341309
7331840,6.053811550140381
7335744,6.09375
7336128,6.095890522003174
7337056,6.238532066345215
7337728,6.091702938079834
7338528,6.153846263885498
7338816,5.964125633239746
7339648,6.1187214851379395
7342272,6.031390190124512
7344080,6.3063063621521
7347424,5.909090995788574
7347520,6.205357074737549
7347728,5.986238479614258
7348384,6.113636493682861
7351280,6.085972785949707
7351904,5.8447489738464355
7353296,6.160714149475098
7354000,6.036036014556885
7354896,6.288888931274414
7356384,6.026200771331787
7356416,6.081080913543701
7356880,6.188340663909912
7357120,5.829596519470215
7357344,6.319018363952637
7357392,5.8715596199035645
7358176,6.045454502105713
7359040,6.063348293304443
7359936,6.131221771240234
7361024,6.04072380065918
7363040,6.008968830108643
7364544,6.147186279296875
7365312,6.171171188354492
7366432,6.018099784851074
7367344,6.294642925262451
7368032,6.053811550140381
7369104,6.27717399597168
7370992,6.222222328186035
7372528,6.0714287757873535
7373648,5.954545497894287
7373888,6.181818008422852
7374512,6.278538703918457
7377056,6.103603839874268
7377408,6.232876777648926
7377472,6.143497943878174
7379616,6.073059558868408
7380096,6.349693298339844
7383120,6.146789073944092
7384128,6.082949161529541
7384928,6.013513565063477
7385280,6.048035144805908
7385856,6.018099784851074
7388096,6.369863033294678
7389040,6.231155872344971
7390448,5.8447489738464355
7391328,6.026785850524902
7391360,6.2107625007629395
7392288,5.936072826385498
7396256,6.09375
7398416,6.129032135009766
7398528,6.311110973358154
7398976,6.106194496154785
7401008,5.899122714996338
7401152,6.345291614532471
7404112,5.833333492279053
7404784,6.349557399749756
7405600,5.955555438995361
7406448,6.319018363952637
7407456,6.333333492279053
7407648,6.0
7408224,6.255605220794678
7409856,6.206140518188477
7410160,6.347032070159912
7411984,6.183035850524902
7412672,6.204545497894287
7412736,6.3242011070251465
7412816,6.0
7413680,6.255707740783691
7414464,6.345291614532471
7414560,6.105990886688232
7415200,6.111111164093018
7417040,6.482300758361816
7418048,6.457398891448975
7419024,6.599099159240723
7419728,6.373873710632324
7419824,6.068181991577148
7421168,6.349557399749756
7421664,6.3122172355651855
7425232,6.148648738861084
7425264,6.330275058746338
7427056,6.271929740905762
7428096,6.183035850524902
7428656,6.164383411407471
7428784,5.9954752922058105
7428960,6.164383411407471
7434480,6.234568119049072
7436048,6.278027057647705
7437904,6.585903167724609
7438048,6.396396160125732
7438336,6.126126289367676
7438752,6.21004581451416
7441184,6.164383411407471
7442000,6.278538703918457
7442048,6.088889122009277
7442352,6.2155961990356445
7445104,6.045454502105713
7448928,6.081080913543701
7449216,6.44444465637207
7450480,6.181818008422852
7451760,6.25
7452224,6.188340663909912
7452752,6.295454502105713
7453888,6.311110973358154
7455696,6.435184955596924
7456016,6.315789699554443
7456320,6.148648738861084
7460720,6.396396160125732
7460992,6.076233386993408
7463280,6.098654747009277
7466096,6.2107625007629395
7467040,6.438356399536133
7467136,6.160714149475098
7468192,6.188340663909912
7470256,6.2844038009643555
7470672,6.636363506317139
7473008,6.181818008422852
7473264,6.393805503845215
7473856,6.2272725105285645
7473968,6.333333492279053
7474288,6.473214149475098
7474816,6.347032070159912
7476848,5.990991115570068
7477120,6.085972785949707
7477152,6.400000095367432
7477344,6.40625
7477440,6.793722152709961
7477840,6.334841728210449
7480480,6.181818008422852
7480976,6.431818008422852
7481856,6.181818008422852
7482240,6.307339668273926
7485792,6.3122172355651855
7488032,6.027397155761719
7489024,6.450892925262451
7489328,6.136363506317139
7492592,5.945945739746094
7494688,6.108597278594971
7495216,6.25550651550293
7495344,6.221719264984131
7496464,6.113636493682861
7498128,6.463963985443115
7498784,6.509008884429932
7498928,6.188340663909912
7499072,6.238532066345215
7499888,6.266666889190674
7500320,6.316964149475098
7501952,6.400000095367432
7502624,6.131221771240234
7502656,6.055046081542969
7502816,6.188340663909912
7505904,6.334841728210449
7506064,6.050228118896484
7506272,6.288888931274414
7507024,6.289592742919922
7508848,6.187214374542236
7509056,6.380090713500977
7509504,6.415524959564209
7509760,6.502242088317871
7509872,6.5625
7510688,6.3122172355651855
7512928,6.351351261138916
7513616,6.3274335861206055
7514064,6.482300758361816
7517168,6.2443437576293945
7517664,6.380090713500977
7517824,6.568181991577148
7520048,6.400000095367432
7520064,6.590909004211426
7520224,6.380090713500977
7520528,6.216216087341309
7521360,6.568181991577148
7523632,6.605504512786865
7523632,6.278027057647705
7524384,6.36771297454834
7527344,6.318181991577148
7527664,6.090909004211426
7528592,6.074561595916748
7529904,6.402714729309082
7530496,6.386363506317139
7530928,6.145374298095703
7531168,6.351931095123291
7534080,6.2107625007629395
7534384,6.351351261138916
7535152,6.100917339324951
7535504,6.2727274894714355
7537088,6.261467933654785
7538096,5.9772725105285645
7538160,6.134259223937988
7538176,6.339285850524902
7538192,4.018518447875977
7541664,6.5848212242126465
7542656,6.176470756530762
7542816,6.266968250274658
7544000,6.289308071136475
7544944,6.073059558868408
7545200,5.9772725105285645
7545280,6.2107625007629395
7547872,5.9782609939575195
7548480,6.068181991577148
7548720,6.027397155761719
7549376,6.081080913543701
7549792,6.026785850524902
7549904,6.026200771331787
7551216,6.008968830108643
7551424,5.972850799560547
7551648,6.036585330963135
7551984,6.387665271759033
7552432,6.053811550140381
7554896,6.157205104827881
7555872,5.890410900115967
7558416,6.027397155761719
7558672,5.990991115570068
7559504,5.904977321624756
7559552,6.136363506317139
7559680,6.017699241638184
7561136,5.773195743560791
7561888,6.203703880310059
7562528,5.795454502105713
7564624,6.082949161529541
7566784,6.3063063621521
7567664,5.9633026123046875
7568400,6.295454502105713
7569408,1.3636363744735718
7569792,6.026200771331787
7572848,6.2155961990356445
7573344,6.138392925262451
7575248,6.059907913208008
7576512,6.1238532066345215
7576944,6.045454502105713
7580736,6.363636493682861
7582544,6.625
7584256,6.261261463165283
7584752,6.160714149475098
7587264,6.153846263885498
7587280,6.100917339324951
7589024,6.2727274894714355
7589952,6.205357074737549
7590832,6.171171188354492
7591216,6.200873374938965
7591280,6.301369667053223
7591344,6.148648738861084
7593264,6.502242088317871
7595072,5.972850799560547
7596880,6.266666889190674
7597872,6.045454502105713
7601520,6.25
7601568,6.23913049697876
7602624,6.334841728210449
7602640,6.153846263885498
7603008,6.136363506317139
7603424,5.991189479827881
7606992,6.53153133392334
7608512,6.228448390960693
7610560,6.25
7615616,6.431818008422852
7616352,6.266666889190674
7621920,6.563876628875732
7622928,6.357466220855713
7623456,6.199095249176025
7627056,6.106194496154785
7628496,6.674208164215088
7629904,6.238532066345215
7630288,6.296296119689941
7630640,6.482300758361816
7631968,6.318181991577148
7632112,6.355555534362793
7632736,6.222222328186035
7633424,6.3242011070251465
7633856,6.486486434936523
7634512,6.153846263885498
7636240,6.278538703918457
7638624,6.138392925262451
7639280,6.261062145233154
7639744,6.458333492279053
7640720,5.344827651977539
7642160,6.2727274894714355
7642752,6.288888931274414
7642848,6.188340663909912
7642896,6.244444370269775
7643264,6.095890522003174
7644096,6.359447002410889
7646448,6.357466220855713
7646768,6.2672810554504395
7647632,6.409090995788574
7647808,6.233183860778809
7649328,6.221719264984131
7650320,6.334841728210449
7650384,6.6289591789245605
7651360,6.142241477966309
7653616,6.160714149475098
7654016,6.301369667053223
7655616,6.278027057647705
7657088,6.18055534362793
7657648,6.111111164093018
7658432,6.373873710632324
7659184,6.511111259460449
7660672,6.438053131103516
7662032,6.25
7664224,5.9954752922058105
7664832,6.128318786621094
7665840,6.171171188354492
7667152,6.277533054351807
7668144,5.964125633239746
7670432,6.121495246887207
7671936,6.131221771240234
7674944,6.3761467933654785
7677856,6.311110973358154
7681216,6.278027057647705
7681408,5.9954752922058105
7682752,6.158536434173584
7683104,6.343612194061279
7683392,6.422018527984619
7683440,6.148648738861084
7683472,6.140350818634033
7684992,6.1777777671813965
7686112,6.148325443267822
7689152,6.216216087341309
7691984,6.40625
7693216,5.954545497894287
7693600,6.458333492279053
7694176,6.4349775314331055
7698848,6.277533054351807
7699152,6.4285712242126465
7699280,6.322869777679443
7700704,6.153846263885498
7701536,6.1777777671813965
7702576,6.162280559539795
7702816,6.2727274894714355
7706320,6.261261463165283
7707248,6.136363506317139
7707584,6.063348293304443
7709568,5.964125633239746
7711120,6.295454502105713
7713312,6.36771297454834
7713472,6.074561595916748
7713520,6.194690227508545
7714720,5.9375
7715280,6.345291614532471
7717232,6.171171188354492
7717552,6.188340663909912
7717920,6.255605220794678
7718512,5.986546993255615
7719376,6.2272725105285645
7721120,6.171171188354492
7721600,6.2727274894714355
7722048,6.318181991577148
7725408,5.9276018142700195
7726144,6.1160712242126465
7727520,6.131221771240234
7727536,6.0
7728256,6.300448417663574
7728576,6.049107074737549
7728896,5.898617744445801
7729216,6.150442600250244
7729504,6.188340663909912
7731392,6.216216087341309
7732208,6.3978495597839355
7734752,6.2155961990356445
7735024,6.176470756530762
7736784,6.289592742919922
7738272,6.013513565063477
7738304,6.176470756530762
7738368,6.0572686195373535
7738624,6.188340663909912
7739600,6.04072380065918
7741712,5.913461685180664
7741872,6.216216087341309
7742944,6.159090995788574
7745712,6.1725664138793945
7745840,6.418919086456299
7745840,5.936072826385498
7746160,6.187214374542236
7747248,6.199095249176025
7747472,6.396396160125732
7748864,6.131221771240234
7749040,6.594202995300293
7750032,6.113636493682861
7750576,6.211180210113525
7750688,6.0280375480651855
7752608,6.013513565063477
7753856,6.261261463165283
7754624,6.266968250274658
7756176,6.2107625007629395
7756752,5.990991115570068
7757728,6.1187214851379395
7759104,6.36771297454834
7759456,6.232876777648926
7759712,6.25
7759776,6.143497943878174
7760304,6.462882041931152
7762880,5.957943916320801
7764336,6.455026626586914
7766880,6.3063063621521
7770784,6.004566192626953
7771904,6.098654747009277
7772448,6.261261463165283
7773248,6.388888835906982
7774272,6.027397155761719
7775488,5.8968610763549805
7777456,6.087963104248047
7777600,6.073059558868408
7780816,5.986546993255615
7781008,6.018099784851074
7781728,6.04072380065918
7782656,6.345291614532471
7782656,6.095890522003174
7785232,6.100917339324951
7785392,6.108597278594971
7786864,6.106194496154785
7788816,6.188340663909912
7789840,6.25550651550293
7791248,6.158536434173584
7795360,6.17511510848999
7797008,6.328828811645508
7798416,6.455696105957031
7799120,6.199999809265137
7799792,6.153846263885498
7801648,6.257309913635254
7802704,6.194690227508545
7803616,6.300448417663574
7803696,6.205357074737549
7805456,6.027397155761719
7805568,6.082251071929932
7805968,6.283185958862305
7809360,6.293859481811523
7809504,6.431818008422852
7809552,6.1875
7813088,6.316964149475098
7813152,6.473214149475098
7814240,6.409090995788574
7816144,6.157205104827881
7816608,6.552511215209961
7818400,6.108597278594971
7821936,5.9259257316589355
7821952,6.289592742919922
7822256,5.633802890777588
7825920,6.324324131011963
7826768,6.334841728210449
7826768,6.561086177825928
7827376,6.318181991577148
7827680,6.238937854766846
7828560,6.666666507720947
7828624,6.457398891448975
7829344,6.136363506317139
7830912,6.340909004211426
7831824,6.532663345336914
7833968,6.2723212242126465
7833968,6.387665271759033
7834224,6.490825653076172
7836640,6.484018325805664
7839680,6.59817361831665
7840208,6.36771297454834
7841168,6.392693996429443
7841856,6.390134334564209
7841968,6.526548862457275
7843680,6.459627151489258
7844592,6.340909004211426
7845216,6.475770950317383
7845520,6.622807025909424
7846000,6.592920303344727
7846320,6.484018325805664
7847328,6.422222137451172
7848128,5.954545497894287
7848480,6.278538703918457
7848704,6.17511510848999
7848832,6.629464149475098
7855776,6.415524959564209
7855872,6.4285712242126465
7858128,6.053811550140381
7858768,6.396396160125732
7863808,6.392693996429443
7865184,6.431818008422852
7867680,6.176470756530762
7868784,6.278538703918457
7870144,6.171171188354492
7870560,6.023255825042725
7870976,6.311110973358154
7875856,6.351351261138916
7878496,6.460176944732666
7880496,6.138392925262451
7880768,6.113636493682861
7881616,6.342592716217041
7883120,6.294642925262451
7883168,6.103603839874268
7884624,6.40625
7884976,6.355555534362793
7885728,6.126126289367676
7886224,5.890410900115967
7892336,6.244541645050049
7893056,6.113636493682861
7893312,6.3242011070251465
7894304,5.96846866607666
7895312,6.261261463165283
7898128,6.295454502105713
7900784,6.018099784851074
7900864,6.3125
7903328,6.543478488922119
7903504,6.081080913543701
7903760,6.222707271575928
7903920,5.9772725105285645
7904464,6.09375
7907072,6.143497943878174
7907376,6.013216018676758
7907440,6.027397155761719
7908176,6.187214374542236
7908368,6.255605220794678
7908944,6.437768459320068
7910368,6.108597278594971
7910512,6.278027057647705
7911008,6.039823055267334
7911408,6.164383411407471
7911632,6.232876777648926
7911712,6.113636493682861
7912624,6.288209438323975
7915440,6.361607074737549
7915840,6.196319103240967
7918048,6.055046081542969
7918960,6.21004581451416
7919376,6.2272725105285645
7919456,6.25
7920896,6.328828811645508
7922160,6.25
7923008,6.283185958862305
7924592,6.3122172355651855
7924816,6.349557399749756
7924896,6.295454502105713
7926048,6.479820728302002
7926864,6.17511510848999
7927968,6.255605220794678
7929392,6.457398891448975
7929392,6.221198081970215
7932048,6.301369667053223
7932384,6.3761467933654785
7932896,6.2155961990356445
7933712,6.334841728210449
7933984,6.143497943878174
7936448,6.108597278594971
7936496,6.318181991577148
7936960,6.493212699890137
7937232,6.1187214851379395
7937328,6.543478488922119
7937568,6.233183860778809
7939088,6.036866188049316
7942928,6.238937854766846
7943040,6.152073860168457
7943856,6.073059558868408
7945968,6.233183860778809
7946576,6.153846263885498
7947120,6.25
7947184,6.255605220794678
7947376,6.278538703918457
7951344,6.412556171417236
7951616,6.25
7953824,5.8715596199035645
7954352,6.176470756530762
7954896,6.380090713500977
7958400,6.330275058746338
7958832,6.1936936378479
7960272,6.400000095367432
7961552,6.4349775314331055
7961792,5.9954752922058105
7962288,6.2272725105285645
7963344,6.349206447601318
7964240,6.463963985443115
7966912,5.900900840759277
7967104,6.646341323852539
7970576,6.283783912658691
7971696,6.334841728210449
7972944,6.153846263885498
7973952,6.285714149475098
7976064,6.334841728210449
7976576,6.199095249176025
7977088,6.238738536834717
7979840,6.25
7980688,6.205357074737549
7981280,6.058558464050293
7981280,5.945945739746094
7983120,5.886363506317139
7983824,6.085972785949707
7984304,6.133333206176758
7984816,5.9954752922058105
7984832,5.9954752922058105
7986736,6.036036014556885
7987232,6.238738536834717
7988176,4.086206912994385
7989216,6.222707271575928
7991952,5.990991115570068
7992256,6.106194496154785
7993984,6.159090995788574
7995024,6.134259223937988
7996864,6.133333206176758
7999200,6.138392925262451
8001072,6.402714729309082
8002304,6.004901885986328
8002768,6.081080913543701
8003888,6.058558464050293
8004592,6.004566192626953
8005856,6.199095249176025
8006096,6.169724941253662
8006368,6.40625
8009952,6.098654747009277
8011712,5.9954752922058105
8013104,6.017699241638184
8013264,6.1160712242126465
8013568,6.244444370269775
8014224,5.886363506317139
8016448,6.081080913543701
8016640,6.261261463165283
8017504,5.762712001800537
8018352,6.25
8019312,6.0714287757873535
8020720,6.044444561004639
8022560,6.02222204208374
8022832,5.890410900115967
8024080,6.0227274894714355
8027392,6.026785850524902
8027712,6.017699241638184
8028816,6.081080913543701
8029344,5.9375
8030448,6.25
8031264,6.090909004211426
8031280,5.9234232902526855
8031600,6.073619842529297
8033008,5.950226306915283
8034576,5.954545497894287
8035280,6.048035144805908
8035968,6.1160712242126465
8036496,6.140350818634033
8037536,6.1777777671813965
8038080,6.055046081542969
8038368,6.392693996429443
8041104,6.221719264984131
8041600,6.415524959564209
8042336,6.113636493682861
8043936,6.266968250274658
8045168,6.5765767097473145
8047456,6.027397155761719
8047504,6.058558464050293
8049104,6.108597278594971
8050096,6.004464149475098
8052368,6.489361763000488
8052464,6.1049723625183105
8054544,6.126126289367676
8055200,5.7762556076049805
8056032,5.990991115570068
8058160,6.133333206176758
8058688,5.199999809265137
8058864,5.941704273223877
8059728,6.16740083694458
8062432,6.164383411407471
8063760,6.183035850524902
8064320,6.143497943878174
8066656,6.036036014556885
8068352,5.9633026123046875
8068912,6.009174346923828
8069536,6.153846263885498
8071424,6.136363506317139
8073568,6.095890522003174
8074080,6.183035850524902
8074928,6.055046081542969
8078480,5.814479827880859
8079568,5.851528167724609
8079680,6.09375
8080352,6.2723212242126465
8082448,5.91928243637085
8082672,6.192660331726074
8083184,6.133333206176758
8083776,5.9954752922058105
8087328,6.2844038009643555
8087952,6.2276787757873535
8088272,6.146789073944092
8088912,5.947136402130127
8089216,5.8119659423828125
8089456,5.972222328186035
8090944,6.1777777671813965
8091024,5.855855941772461
8091872,6.090909004211426
8091888,5.844444274902344
8093984,6.031390190124512
8095408,6.0
8097600,6.156069278717041
8101088,6.013824939727783
8103264,6.063348293304443
8106416,6.0792951583862305
8108016,5.867579936981201
8108816,5.986546993255615
8108960,6.202531814575195
8109312,6.063348293304443
8109488,6.159090995788574
8110416,6.02222204208374
8111616,6.183035850524902
8113392,5.972850799560547
8115328,6.2672810554504395
8115888,6.328828811645508
8116592,6.008968830108643
8117056,6.206140518188477
8118816,6.1160712242126465
8120032,6.1936936378479
8120064,5.944700241088867
8120416,6.1936936378479
8122960,5.964125633239746
8123216,5.878378391265869
8123600,6.036036014556885
8126096,6.066666603088379
8127184,6.351351261138916
8127504,6.032110214233398
8127744,6.073059558868408
8129632,6.045454502105713
8130288,6.035242080688477
8130608,5.973451137542725
8130752,6.098654747009277
8131952,5.825687885284424
8132864,6.004366874694824
8133840,5.9276018142700195
8134304,6.126126289367676
8134528,6.073059558868408
8135504,6.402714729309082
8138160,6.3242011070251465
8139056,5.917030334472656
8140704,6.283783912658691
8141024,6.159090995788574
8142672,6.018099784851074
8145248,6.216216087341309
8148640,6.053811550140381
8148704,6.164383411407471
8149776,6.2443437576293945
8150672,6.435184955596924
8151344,6.3125
8151696,6.21004581451416
8151968,5.936072826385498
8152256,6.221719264984131
8154752,6.053811550140381
8155200,6.2844038009643555
8157904,6.301369667053223
8157936,6.1187214851379395
8158464,6.484018325805664
8160416,6.357466220855713
8166272,6.013513565063477
8169856,6.0
8172944,5.929203510284424
8173248,6.222222328186035
8173424,5.982142925262451
8174720,6.126126289367676
8176208,6.036036014556885
8176256,6.04072380065918
8179024,6.261062145233154
8182992,6.171171188354492
8183264,5.9276018142700195
8183360,6.3242011070251465
8186560,6.1936936378479
8187360,5.913241863250732
8187840,6.1936936378479
8188736,6.21004581451416
8189008,6.113636493682861
8190368,5.985915660858154
8190864,5.972850799560547
8190864,5.940366744995117
8191344,6.171171188354492
8194416,5.982142925262451
8194464,6.160714149475098
8194992,6.181818008422852
8195376,6.153846263885498
8198528,6.0
8199328,6.098654747009277
8199744,6.171171188354492
8201920,5.7762556076049805
8204448,6.377777576446533
8205216,6.008968830108643
8205584,6.4285712242126465
8205680,6.3122172355651855
8206480,5.96846866607666
8208192,6.146789073944092
8208288,6.2276787757873535
8208672,6.1187214851379395
8209344,5.7762556076049805
8210448,6.199095249176025
8212784,6.045454502105713
8214512,5.9234232902526855
8215232,6.018099784851074
8215392,6.216216087341309
8215600,5.96846866607666
8219312,6.1187214851379395
8219888,5.9375
8222528,5.855855941772461
8222752,6.088889122009277
8222944,6.164383411407471
8225344,6.131221771240234
8226320,5.9234232902526855
8226720,6.063348293304443
8227024,5.8913044929504395
8228576,5.852534770965576
8229536,5.97777795791626
8229680,6.098654747009277
8230144,6.148648738861084
8230384,5.855855941772461
8230640,5.97777795791626
8232048,5.96846866607666
8232944,6.357466220855713
8233344,5.903083801269531
8233344,6.152073860168457
8236592,6.123348236083984
8237104,5.9151787757873535
8239664,5.82191801071167
8240784,5.878378391265869
8240976,6.04072380065918
8241040,6.068181991577148
8241248,6.159090995788574
8241568,6.186046600341797
8242752,5.799086570739746
8242912,5.804195880889893
8243744,6.150442600250244
8244128,6.233183860778809
8247232,5.2727274894714355
8247712,6.098654747009277
8248784,6.148648738861084
8250288,6.018099784851074
8250752,5.936072826385498
8251536,5.8968610763549805
8251776,5.990991115570068
8252240,6.090909004211426
8252448,6.295454502105713
8254432,6.090909004211426
8254976,5.917431354522705
8258608,5.862832069396973
8259504,6.113636493682861
8261536,6.183035850524902
8261744,6.143497943878174
8262512,6.305309772491455
8265296,6.103603839874268
8265696,6.045454502105713
8266032,5.91928243637085
8266384,6.3364057540893555
8269248,5.904977321624756
8269696,6.126126289367676
8270544,6.186440467834473
8271680,6.17511510848999
8272320,6.036866188049316
8272496,6.238937854766846
8272800,5.9276018142700195
8272928,6.165919303894043
8273120,6.5625
8273216,6.21004581451416
8274880,6.3125
8275152,6.301369667053223
8275952,6.1725664138793945
8276400,6.160714149475098
8277248,6.17511510848999
8279088,6.211180210113525
8279504,6.1238532066345215
8279728,6.088889122009277
8280160,5.91928243637085
8280432,6.3063063621521
8283808,5.958904266357422
8284016,6.098654747009277
8284784,6.004464149475098
8285184,6.149068355560303
8288784,6.138392925262451
8289552,6.1725664138793945
8290240,5.941704273223877
8290864,6.1238532066345215
8291936,6.0714287757873535
8293520,6.255605220794678
8293760,6.255707740783691
8293936,6.2443437576293945
8295856,5.416666507720947
8295920,5.913241863250732
8298032,5.863636493682861
8299440,6.164383411407471
8299440,6.188340663909912
8300896,6.058558464050293
8301104,6.300448417663574
8301168,6.140350818634033
8301632,6.315789699554443
8301888,6.311110973358154
8302192,6.30232572555542
8305200,6.0227274894714355
8305904,6.133333206176758
8308064,5.911110877990723
8308288,6.0227274894714355
8308608,6.018099784851074
8310112,6.04072380065918
8312336,6.050228118896484
8315888,6.04072380065918
8315936,6.2443437576293945
8316464,5.795454502105713
8318560,6.358024597167969
8318960,6.278027057647705
8319472,6.386363506317139
8320720,6.199095249176025
8320864,6.1210761070251465
8321952,6.187214374542236
8322336,6.199999809265137
8322992,6.036036014556885
8329888,5.941704273223877
8330800,6.2727274894714355
8331616,6.150442600250244
8332528,6.160714149475098
8332816,6.196319103240967
8332928,6.105990886688232
8335424,6.073059558868408
8335712,6.289592742919922
8336480,6.018099784851074
8336640,5.950226306915283
8338176,6.130653381347656
8338672,6.25
8338944,6.187214374542236
8340000,6.21004581451416
8340144,6.307339668273926
8342352,6.148648738861084
8345056,6.100917339324951
8345888,6.0
8347392,6.447963714599609
8350688,6.074766159057617
8351152,6.138392925262451
8353168,5.8597283363342285
8355568,6.098654747009277
8356016,6.090909004211426
8356208,6.162790775299072
8356544,6.043478488922119
8358160,6.2276787757873535
8360320,6.082949161529541
8361424,6.412556171417236
8361680,6.159090995788574
8362880,6.25
8362928,6.0
8363328,5.9598212242126465
8366480,6.09375
8366480,6.055046081542969
8366768,6.018099784851074
8368304,6.422222137451172
8368576,6.266968250274658
8369776,6.266968250274658
8370000,6.21004581451416
8370176,6.217391490936279
8371984,6.027397155761719
8372128,6.153846263885498
8372416,5.376344203948975
8373600,6.095890522003174
8373600,6.294642925262451
8373872,6.2672810554504395
8375520,6.0
8379296,6.148648738861084
8379504,6.2155961990356445
8382592,6.146789073944092
8382832,6.063348293304443
8382848,6.063348293304443
8386208,6.400000095367432
8386352,6.073059558868408
8386608,5.931818008422852
8389920,6.2272725105285645
8391888,6.255605220794678
8393744,6.068181991577148
8394560,6.058558464050293
8395408,5.964125633239746
8395536,5.991189479827881
8397024,6.103603839874268
8397456,6.126126289367676
8398528,6.261467933654785
8399840,6.098654747009277
8399920,6.129032135009766
8402032,5.990991115570068
8402464,6.136363506317139
8403456,5.931818008422852
8405824,6.082251071929932
8406912,6.181818008422852
8407760,6.131221771240234
8409168,6.103603839874268
8410736,6.199095249176025
8415264,6.126126289367676
8415728,6.159090995788574
8416560,6.2276787757873535
8417440,6.008968830108643
8418864,5.982142925262451
8419840,6.289592742919922
8419968,6.098654747009277
8420944,6.009174346923828
8421184,5.990991115570068
8421504,6.131221771240234
8427088,6.076233386993408
8429536,6.2443437576293945
8430448,6.232876777648926
8430608,6.232876777648926
8432144,5.848214149475098
8434160,6.018099784851074
8437792,5.951327323913574
8440208,6.169724941253662
8440512,6.128318786621094
8441376,6.300448417663574
8441392,6.266968250274658
8442272,6.311110973358154
8442560,6.09375
8442864,6.171171188354492
8444656,6.085972785949707
8445200,6.090909004211426
8445776,6.090909004211426
8445872,5.986238479614258
8447184,6.295454502105713
8449424,6.088889122009277
8449440,5.96846866607666
8450592,6.171171188354492
8454752,6.066666603088379
8455904,5.9817352294921875
8456432,6.0
8459104,5.990991115570068
8460160,6.013513565063477
8460240,5.990991115570068
8460320,5.8447489738464355
8460752,5.8447489738464355
8462336,5.898617744445801
8463504,5.875576019287109
8467120,6.181818008422852
8467328,6.073059558868408
8467344,6.222222328186035
8467824,6.017699241638184
8467968,6.035242080688477
8468928,5.972222328186035
8469776,5.8222222328186035
8470096,6.295454502105713
8470448,6.221198081970215
8470656,6.068181991577148
8470736,6.113636493682861
8470816,6.081080913543701
8470864,6.2272725105285645
8471328,6.085972785949707
8471856,6.330275058746338
8474304,6.418919086456299
8475376,5.9817352294921875
8477856,6.153846263885498
8477920,5.9772725105285645
8479776,6.063348293304443
8480448,6.216216087341309
8480960,6.342857360839844
8481936,5.78341007232666
8484400,6.1210761070251465
8485056,6.187214374542236
8486448,6.196319103240967
8488128,6.1210761070251465
8489600,6.018099784851074
8492176,5.982142925262451
8492256,6.341463565826416
8492464,6.196319103240967
8493120,6.073059558868408
8495200,6.169724941253662
8495920,5.874439239501953
8496688,6.216216087341309
8499296,6.141552448272705
8502160,5.9598212242126465
8502560,6.068181991577148
8503264,6.2443437576293945
8503808,6.221719264984131
8504432,6.059907913208008
8506320,6.380090713500977
8506816,6.199095249176025
8507392,6.188340663909912
8509264,6.238738536834717
8509936,6.2672810554504395
8513168,6.4772725105285645
8515280,6.1777777671813965
8515360,6.036036014556885
8518928,6.171171188354492
8519920,6.289592742919922
8520480,6.141552448272705
8521328,6.0792951583862305
8522368,6.088889122009277
8522384,6.108597278594971
8523664,5.986238479614258
8523696,6.221719264984131
8524128,6.165919303894043
8525952,6.192660331726074
8527200,6.2727274894714355
8527376,6.046511650085449
8527712,6.2107625007629395
8530144,6.1936936378479
8534320,5.986546993255615
8536032,6.1184210777282715
8536736,6.216814041137695
8537728,5.813953399658203
8538912,6.045454502105713
8539328,6.266968250274658
8542656,6.232558250427246
8543888,6.131221771240234
8544800,6.233183860778809
8545008,6.261467933654785
8545616,6.081080913543701
8547392,6.148648738861084
8547808,6.153846263885498
8548208,6.08695650100708
8548592,6.211453914642334
8548608,6.205357074737549
8553216,6.068181991577148
8554640,6.1936936378479
8554976,6.0714287757873535
8555312,6.1187214851379395
8555520,5.9151787757873535
8555760,6.090909004211426
8557456,6.018099784851074
8558720,6.25
8559328,6.02222204208374
8562064,6.103603839874268
8562848,6.0227274894714355
8562896,6.076233386993408
8563120,6.036036014556885
8565216,6.183035850524902
8565392,6.049107074737549
8565920,6.153846263885498
8566144,6.148648738861084
8572768,5.974842548370361
8573008,6.188340663909912
8573552,6.013513565063477
8574416,6.261062145233154
8576192,6.198156833648682
8576912,6.085972785949707
8577024,6.134259223937988
8580320,5.9234232902526855
8580576,6.018099784851074
8583072,6.21004581451416
8583488,5.884955883026123
8584096,6.004566192626953
8584256,6.0227274894714355
8587008,6.004566192626953
8587600,6.25
8587888,6.105990886688232
8588768,6.060606002807617
8590016,6.082949161529541
8593248,6.204545497894287
8594400,6.126126289367676
8594928,6.090909004211426
8594960,6.053811550140381
8596832,6.322869777679443
8597552,6.188340663909912
8600096,6.153846263885498
8600864,6.1238532066345215
8601856,6.009174346923828
8602000,6.100917339324951
8602096,6.126126289367676
8603680,5.8968610763549805
8605616,6.004566192626953
8607616,6.008968830108643
8608272,6.278027057647705
8608496,6.211453914642334
8611536,6.0
8611808,6.0
8612640,6.061946868896484
8612816,6.1184210777282715
8614688,6.004566192626953
8614848,6.357466220855713
8614976,6.2443437576293945
8615664,5.921658992767334
8615744,6.049107074737549
8616272,5.990991115570068
8618880,6.3242011070251465
8619344,6.339285850524902
8619904,6.295454502105713
8622928,6.1210761070251465
8623184,6.216814041137695
8623408,6.21004581451416
8625424,6.1210761070251465
8626176,6.0
8626560,6.371681213378906
8627072,6.206140518188477
8627648,6.295454502105713
8629472,6.0792951583862305
8629488,6.21004581451416
8630096,6.322869777679443
8630208,6.453744411468506
8630576,6.131221771240234
8632592,6.1936936378479
8632800,6.1210761070251465
8633616,6.187214374542236
8634128,5.9954752922058105
8636128,6.100917339324951
8636560,6.153846263885498
8639664,6.2727274894714355
8640112,6.2443437576293945
8640112,6.1936936378479
8641152,5.950226306915283
8641200,5.954545497894287
8643648,6.2727274894714355
8645456,6.058558464050293
8646784,5.9817352294921875
8647264,6.073059558868408
8647264,6.509008884429932
8647632,6.482300758361816
8647856,6.045454502105713
8647920,5.954545497894287
8648096,5.945945739746094
8648288,6.289592742919922
8650720,6.018099784851074
8651712,6.1210761070251465
8653792,6.113636493682861
8654400,6.126126289367676
8654400,6.008968830108643
8654656,5.9817352294921875
8654816,5.991189479827881
8655088,5.982142925262451
8655264,6.176470756530762
8657552,6.073059558868408
8657584,6.148648738861084
8657904,6.278538703918457
8657920,6.050228118896484
8658176,5.867579936981201
8661008,6.347032070159912
8664528,6.255707740783691
8664720,6.01265811920166
8664960,6.013824939727783
8666016,6.183035850524902
8666800,6.009174346923828
8667744,6.276595592498779
8668048,6.095890522003174
8669552,6.2727274894714355
8669728,6.098654747009277
8673296,6.013513565063477
8675328,6.061946868896484
8679296,6.039823055267334
8679728,6.053811550140381
8680496,6.026785850524902
8685664,6.255411148071289
8686000,5.9210524559021
8686320,6.103603839874268
8686352,6.073059558868408
8686384,6.0714287757873535
8687616,6.148648738861084
8687632,6.084070682525635
8689072,6.113636493682861
8689552,6.2443437576293945
8689680,6.238532066345215
8690704,6.390134334564209
8693056,5.9598212242126465
8694256,6.04072380065918
8694688,5.9817352294921875
8694784,6.244444370269775
8697328,6.2443437576293945
8700704,6.233183860778809
8703392,6.031390190124512
8704256,6.131221771240234
8706832,6.159090995788574
8706960,5.833333492279053
8707408,5.973451137542725
8707488,6.081080913543701
8708496,6.09375
8708800,5.917431354522705
8710336,6.009174346923828
8712544,6.3364057540893555
8714048,6.199999809265137
8714176,6.055046081542969
8716096,6.176470756530762
8717680,5.940366744995117
8717760,5.799086570739746
8718384,6.085972785949707
8718576,5.840909004211426
8722784,6.088889122009277
8723152,6.318181991577148
8726688,6.176470756530762
8728480,6.160714149475098
8729248,6.538461685180664
8729312,6.085972785949707
8731776,6.199999809265137
8731792,6.2272725105285645
8733728,6.018099784851074
8735312,6.0227274894714355
8736000,6.238937854766846
8736432,6.222222328186035
8738688,5.9772725105285645
8739008,6.1936936378479
8739680,6.255605220794678
8739984,6.373873710632324
8742304,6.369863033294678
8742304,6.199999809265137
8742576,6.283783912658691
8742848,6.018518447875977
8744144,6.451612949371338
8745328,6.090909004211426
8746016,5.9772725105285645
8747168,6.103603839874268
8749696,5.972850799560547
8750432,6.316964149475098
8752496,6.217616558074951
8753248,6.380090713500977
8753296,6.026785850524902
8753520,6.165919303894043
8754896,6.3215861320495605
8756080,6.128318786621094
8756112,6.222222328186035
8756832,6.425339221954346
8757120,6.3839287757873535
8759680,5.990991115570068
8761424,5.951327323913574
8761440,6.278027057647705
8763904,6.244444370269775
8763904,6.126126289367676
8763968,6.031390190124512
8764384,6.09375
8764416,6.111111164093018
8767552,6.299559593200684
8768016,6.068181991577148
8768352,5.902777671813965
8769376,6.01265811920166
8769952,6.195652008056641
8771184,6.334841728210449
8771904,6.221719264984131
8772048,6.318181991577148
8773712,6.21004581451416
8774704,6.081080913543701
8777552,6.074561595916748
8778368,6.088889122009277
8779152,6.206140518188477
8780176,6.319018363952637
8782608,6.300448417663574
8785152,6.126126289367676
8785440,6.126126289367676
8785504,5.929203510284424
8786272,6.058558464050293
8789312,6.082251071929932
8791344,6.105990886688232
8792240,6.045454502105713
8792800,6.328828811645508
8793312,6.093023300170898
8794304,6.2723212242126465
8795808,6.380368232727051
8799264,6.129032135009766
8799632,6.238738536834717
8801376,6.08695650100708
8801680,5.909090995788574
8802704,5.853658676147461
8803328,6.289592742919922
8805264,6.008968830108643
8806240,6.295454502105713
8807152,6.108597278594971
8807408,6.255707740783691
8808176,6.131221771240234
8810400,6.027397155761719
8811712,6.090909004211426
8813408,6.0
8813824,5.950226306915283
8814320,6.026785850524902
8814416,5.990991115570068
8815248,6.0227274894714355
8818816,6.3063063621521
8820496,5.888888835906982
8820560,5.9817352294921875
8820880,5.995575428009033
8821472,6.2107625007629395
8824544,6.026785850524902
8825216,6.169724941253662
8826688,6.261261463165283
8828608,6.261261463165283
8829552,6.146789073944092
8830144,6.127659797668457
8830544,6.176470756530762
8831344,6.155555725097656
8832672,6.048035144805908
8833168,6.111111164093018
8833792,5.344827651977539
8834224,5.950226306915283
8834912,6.126126289367676
8837856,5.951327323913574
8839824,5.936072826385498
8840832,6.113636493682861
8843344,6.301369667053223
8845328,6.013824939727783
8845552,6.165919303894043
8849792,6.196319103240967
8850448,6.255707740783691
8851552,6.101321697235107
8852064,6.032110214233398
8852400,5.882352828979492
8854000,6.199095249176025
8856320,6.1936936378479
8857632,6.150442600250244
8858576,6.018099784851074
8859168,5.990991115570068
8859184,6.126126289367676
8860416,5.9633026123046875
8862224,6.307339668273926
8862704,6.126126289367676
8862816,6.123348236083984
8863440,6.400000095367432
8865680,6.2723212242126465
8866608,6.211180210113525
8868720,6.148648738861084
8871040,6.1160712242126465
8871984,6.1936936378479
8874416,6.181818008422852
8878432,6.1936936378479
8878816,5.867579936981201
8879520,5.972850799560547
8880560,6.068181991577148
8880880,6.055046081542969
8881184,6.0
8884160,6.138392925262451
8884864,6.134259223937988
8887184,6.3063063621521
8887712,6.036036014556885
8887984,6.095890522003174
8888688,5.931818008422852
8888864,5.972850799560547
8889024,6.073059558868408
8889712,5.917431354522705
8890144,6.050228118896484
8890752,5.9234232902526855
8892032,6.133333206176758
8892208,6.027397155761719
8892208,5.802469253540039
8894160,6.009174346923828
8894864,6.036036014556885
8895104,5.990991115570068
8895728,5.9817352294921875
8895936,5.886363506317139
8897280,6.143497943878174
8898464,6.04072380065918
8898720,6.266666889190674
8899712,6.0227274894714355
8901504,5.837103843688965
8901632,6.2276787757873535
8902528,6.113636493682861
8904288,6.073059558868408
8904384,5.982142925262451
8905152,6.369863033294678
8905616,6.221719264984131
8905744,6.2272725105285645
8906800,6.095890522003174
8907552,5.852534770965576
8908432,5.730088710784912
8909360,6.111111164093018
8910288,6.183035850524902
8911712,5.91928243637085
8914704,6.018099784851074
8915248,6.090909004211426
8916992,5.825687885284424
8917152,6.103603839874268
8917776,5.950226306915283
8921136,6.058558464050293
8924112,5.898617744445801
8924368,6.0
8925392,6.113636493682861
8925392,5.878378391265869
8926096,6.056034564971924
8928048,6.138392925262451
8928240,6.108597278594971
8929168,5.972850799560547
8930576,5.9817352294921875
8935424,5.8222222328186035
8935584,6.085972785949707
8935824,5.909090995788574
8937056,6.2276787757873535
8938976,6.063348293304443
8940528,6.3122172355651855
8941264,6.053811550140381
8942544,5.76576566696167
8943376,6.164383411407471
8945472,6.0714287757873535
8945648,6.045454502105713
8946272,5.96846866607666
8946720,6.100917339324951
8946880,6.195652008056641
8949792,5.9817352294921875
8949984,6.111111164093018
8950192,5.730593681335449
8951632,6.2443437576293945
8951904,5.769230842590332
8952608,6.081080913543701
8953968,5.958904266357422
8954656,6.255707740783691
8958688,6.018099784851074
8960320,6.031390190124512
8960944,5.8447489738464355
8961840,6.2443437576293945
8963376,6.018099784851074
8963680,6.004566192626953
8965728,6.194690227508545
8967056,6.098654747009277
8967472,6.088889122009277
8967776,5.791855335235596
8968064,6.148648738861084
8971024,6.153846263885498
8971632,6.103603839874268
8973232,6.068181991577148
8974064,6.009174346923828
8974528,5.917431354522705
8975200,6.148648738861084
8975904,6.058558464050293
8975952,5.090909004211426
8976816,6.1210761070251465
8977920,6.009174346923828
8978784,6.098654747009277
8979920,6.013824939727783
8981600,6.098654747009277
8983120,6.081080913543701
8983520,5.931818008422852
8985152,6.063348293304443
8986912,6.1936936378479
8986992,6.055046081542969
8988384,6.076233386993408
8994192,6.418919086456299
8994240,6.148648738861084
8995488,6.050228118896484
8995920,6.199095249176025
8997792,6.108597278594971
8999360,6.2727274894714355
8999520,5.9598212242126465
9000240,6.143497943878174
9000480,6.159090995788574
9001152,6.085972785949707
9001248,6.415524959564209
9001344,6.153846263885498
9002112,6.199999809265137
9002576,6.153846263885498
9003824,6.345291614532471
9004608,6.244239807128906
9004656,6.055046081542969
9006320,6.183035850524902
9006752,6.111111164093018
9007472,6.40969181060791
9010128,6.316964149475098
9010160,6.188340663909912
9010384,6.371681213378906
9011936,6.146789073944092
9012032,5.814479827880859
9015504,6.3063063621521
9016240,6.055046081542969
9017248,6.295454502105713
9017568,5.990783214569092
9018576,6.017699241638184
9019120,6.244444370269775
9019792,6.2443437576293945
9019872,6.164383411407471
9021120,6.266968250274658
9022480,6.09375
9024080,6.199999809265137
9024752,6.283185958862305
9026336,6.488888740539551
9027056,6.008968830108643
9029344,6.148648738861084
9033424,6.307339668273926
9034016,6.031390190124512
9034256,6.138392925262451
9034784,6.266968250274658
9036432,6.278538703918457
9036576,6.2727274894714355
9036944,6.181818008422852
9037040,6.155555725097656
9037648,6.1725664138793945
9038048,6.361607074737549
9038944,6.073059558868408
9040032,6.1936936378479
9042176,6.353210926055908
9042960,6.164383411407471
9043696,6.232876777648926
9046224,6.205357074737549
9047136,6.0
9048400,5.967741966247559
9050656,5.913241863250732
9051248,6.081080913543701
9051248,6.036036014556885
9053408,6.205357074737549
9054240,6.233183860778809
9054864,6.222222328186035
9056304,6.488888740539551
9056448,6.181818008422852
9056656,6.027397155761719
9056960,6.176470756530762
9059136,6.205357074737549
9060000,6.199095249176025
9060176,6.095890522003174
9060432,5.986238479614258
9060576,6.311110973358154
9063376,6.183035850524902
9065280,6.126126289367676
9066816,6.058558464050293
9067664,6.126126289367676
9069952,6.361607074737549
9073616,6.061946868896484
9074336,6.04072380065918
9074416,6.035242080688477
9077040,6.139534950256348
9077872,6.2272725105285645
9079824,5.972850799560547
9081472,6.294642925262451
9082288,6.073059558868408
9083040,6.053811550140381
9084336,6.077981472015381
9085568,6.077981472015381
9086416,5.913241863250732
9086832,6.199095249176025
9087536,6.255605220794678
9087584,5.859030723571777
9090176,6.031390190124512
9091424,6.0217390060424805
9093024,6.0
9093600,6.066666603088379
9093728,5.882352828979492
9096288,5.714285850524902
9096576,6.085972785949707
9098544,6.181818008422852
9101632,5.941704273223877
9101904,5.900900840759277
9103392,6.095890522003174
9106912,6.026785850524902
9107904,5.852017879486084
9108688,6.204545497894287
9112528,6.027397155761719
9114960,6.131221771240234
9118576,6.111111164093018
9119472,6.026785850524902
9119552,6.081080913543701
9121616,6.085972785949707
9121744,5.990991115570068
9122176,6.2276787757873535
9122720,6.02222204208374
9122832,5.950226306915283
9123248,6.15217399597168
9126480,6.035242080688477
9126704,5.78341007232666
9130064,6.081080913543701
9130160,5.91928243637085
9130240,5.886363506317139
9130736,6.081080913543701
9132240,5.91928243637085
9132960,5.9763312339782715
9133584,5.9234232902526855
9133632,5.9234232902526855
9134272,6.032110214233398
9134336,5.982142925262451
9135824,5.9429826736450195
9139632,5.911110877990723
9140736,6.031390190124512
9140896,6.113636493682861
9144480,6.143497943878174
9144672,5.7727274894714355
9147312,6.184210300445557
9147520,6.081080913543701
9148000,6.169724941253662
9148032,6.21004581451416
9151344,6.008771896362305
9156160,6.098654747009277
9158672,6.013513565063477
9158720,6.081080913543701
9159200,5.917431354522705
9159312,6.3063063621521
9161520,5.9772725105285645
9162192,6.1210761070251465
9162224,6.100917339324951
9162304,6.111111164093018
9162432,6.289592742919922
9163584,6.369565010070801
9165904,6.320346355438232
9165936,6.283185958862305
9166832,6.068181991577148
9168592,6.063348293304443
9168832,6.018099784851074
9168976,6.199095249176025
9169312,6.027397155761719
9169488,6.008968830108643
9170064,6.144278526306152
9172528,6.108597278594971
9173072,5.941704273223877
9173120,6.1210761070251465
9173392,6.126126289367676
9173600,5.954545497894287
9175888,6.09375
9176352,5.940366744995117
9176672,6.026785850524902
9178544,6.164383411407471
9179312,6.21004581451416
9179440,6.108597278594971
9179776,6.035242080688477
9180560,6.081080913543701
9181840,5.9633026123046875
9182832,5.867579936981201
9183520,5.8222222328186035
9183840,6.1210761070251465
9188944,5.936072826385498
9190592,5.878378391265869
9190976,5.9598212242126465
9191936,6.004566192626953
9192032,5.931818008422852
9196592,6.085972785949707
9198176,5.990991115570068
9199680,6.289592742919922
9201584,6.063348293304443
9201904,6.176470756530762
9202576,6.160714149475098
9204320,6.164383411407471
9205280,6.136363506317139
9208320,5.990783214569092
9208640,6.169724941253662
9211344,6.027397155761719
9211360,6.081080913543701
9213328,5.990991115570068
9213872,6.063348293304443
9214128,5.911110877990723
9216528,6.159090995788574
9217504,6.08695650100708
9219008,5.8552632331848145
9219184,6.1210761070251465
9219232,6.216216087341309
9221056,5.950226306915283
9225680,5.878378391265869
9226432,6.139534950256348
9229808,6.153846263885498
9229888,6.0792951583862305
9231184,6.066666603088379
9231792,5.746606349945068
9231856,6.219511985778809
9233360,5.9276018142700195
9233424,6.136363506317139
9233664,6.0714287757873535
9234752,6.036036014556885
9236368,6.204545497894287
9237104,6.3537116050720215
9237168,5.990783214569092
9243568,6.176470756530762
9244272,6.153846263885498
9245472,6.024844646453857
9246064,6.008968830108643
9247168,6.049107074737549
9247760,5.944700241088867
9247856,5.9375
9249664,6.138392925262451
9250496,5.8968610763549805
9251920,6.172839641571045
9252496,6.068181991577148
9254352,5.933333396911621
9256144,6.261062145233154
9259056,6.153846263885498
9259600,5.900900840759277
9262000,5.931818008422852
9264176,6.233183860778809
9264432,6.216216087341309
9265056,5.944700241088867
9265360,6.058558464050293
9266000,5.938864707946777
9268208,5.82191801071167
9268288,6.090909004211426
9269888,6.081080913543701
9271808,5.9817352294921875
9273072,6.129032135009766
9273808,6.068181991577148
9275264,5.833333492279053
9276416,6.018099784851074
9279360,6.098654747009277
9280112,5.96846866607666
9280512,6.108597278594971
9281936,5.867579936981201
9282368,6.238738536834717
9284592,6.074561595916748
9286352,6.090909004211426
9287920,6.063348293304443
9289440,6.008968830108643
9289536,6.031390190124512
9289568,6.228070259094238
9290768,6.039823055267334
9291824,5.9598212242126465
9293008,6.081080913543701
9296576,6.013513565063477
9300352,6.244444370269775
9300512,6.199095249176025
9302864,5.972850799560547
9303408,6.225490093231201
9304864,6.2723212242126465
9307152,6.1210761070251465
9307408,5.995370388031006
9308224,5.931818008422852
9308688,6.113537311553955
9309200,5.7727274894714355
9310176,6.293103218078613
9310960,5.8968610763549805
9311024,5.866666793823242
9311088,5.892857074737549
9312752,6.04072380065918
9313584,5.96846866607666
9313744,6.396396160125732
9314208,6.187214374542236
9314544,6.1210761070251465
9314832,5.8071746826171875
9314848,5.940366744995117
9315296,6.221719264984131
9318368,6.027397155761719
9320816,5.837103843688965
9322544,5.614035129547119
9322832,5.9375
9323472,6.121212005615234
9325264,5.954545497894287
9325424,6.113636493682861
9325552,5.878378391265869
9325920,6.053811550140381
9328608,6.04072380065918
9329440,6.035242080688477
9329632,5.890410900115967
9331888,5.9633026123046875
9332128,5.936072826385498
9332512,5.913241863250732
9332688,6.013513565063477
9333200,5.990991115570068
9336544,5.892857074737549
9336800,5.9598212242126465
9339024,5.833333492279053
9339680,5.945945739746094
9340416,6.288888931274414
9341280,6.153846263885498
9346192,6.131221771240234
9346832,6.1777777671813965
9346848,6.422018527984619
9346880,6.045454502105713
9347216,5.878378391265869
9347248,6.153846263885498
9347744,5.941704273223877
9349760,6.1160712242126465
9350880,6.150442600250244
9351312,6.013513565063477
9354032,6.1187214851379395
9357008,6.066666603088379
9357536,5.96846866607666
9357808,5.967741966247559
9358416,6.088889122009277
9361104,6.181818008422852
9366976,5.9259257316589355
9368464,6.081080913543701
9370512,6.2727274894714355
9371296,5.8968610763549805
9372400,5.870535850524902
9372448,5.894495487213135
9372592,6.081080913543701
9374064,6.221719264984131
9375392,5.863636493682861
9378832,6.0227274894714355
9379136,5.9954752922058105
9383072,5.852017879486084
9383344,6.131221771240234
9385568,5.884955883026123
9387376,5.791855335235596
9389696,5.972850799560547
9389968,5.9633026123046875
9393424,6.02222204208374
9393808,6.181818008422852
9395744,6.2727274894714355
9396480,6.148648738861084
9396832,5.954545497894287
9399712,5.950226306915283
9400272,6.076233386993408
9400512,5.991189479827881
9400608,6.017699241638184
9400816,6.063348293304443
9400928,6.036036014556885
9401136,5.818181991577148
9402368,6.0227274894714355
9403744,6.013513565063477
9404688,5.9954752922058105
9407280,6.090909004211426
9407728,6.013824939727783
9409600,6.111111164093018
9410368,6.0227274894714355
9411216,5.909090995788574
9413440,6.018099784851074
9414448,6.084070682525635
9415136,6.222222328186035
9418080,6.128318786621094
9418384,6.095890522003174
9418672,6.204545497894287
9418880,6.018099784851074
9420640,6.278027057647705
9421024,6.018099784851074
9423216,6.108597278594971
9423488,6.103603839874268
9425232,6.1210761070251465
9425776,6.412556171417236
9425904,6.0
9427664,6.3063063621521
9428080,6.3274335861206055
9428816,6.463963985443115
9428928,6.204545497894287
9429536,6.216216087341309
9430640,6.031390190124512
9432448,6.199999809265137
9432464,6.159090995788574
9432560,6.3122172355651855
9433840,5.931818008422852
9437376,6.25
9439264,6.04938268661499
9439584,6.278027057647705
9442752,5.898617744445801
9443488,6.0227274894714355
9445904,6.146789073944092
9446784,6.133333206176758
9446800,6.018099784851074
9449056,6.081080913543701
9450336,6.04072380065918
9452672,5.933333396911621
9453472,6.352201461791992
9454080,6.278027057647705
9454704,6.181818008422852
9455264,5.986546993255615
9455968,6.334841728210449
9456528,6.244444370269775
9457248,5.929203510284424
9457504,6.143497943878174
9458192,5.987654209136963
9460016,6.25
9465264,5.972850799560547
9465616,5.974842548370361
9467232,6.01265811920166
9473696,5.936072826385498
9475968,5.852534770965576
9479040,6.261467933654785
9479712,6.073059558868408
9480064,4.736842155456543
9483648,6.077981472015381
9484240,6.105990886688232
9484992,6.238532066345215
9486144,6.159090995788574
9488496,6.077981472015381
9489680,6.4285712242126465
9490272,6.2155961990356445
9490864,6.017699241638184
9492000,6.068376064300537
9492048,6.2443437576293945
9492112,6.232876777648926
9493216,6.2727274894714355
9493360,6.135371208190918
9494416,6.063348293304443
9494448,6.271551609039307
9497984,6.3063063621521
9499136,6.153846263885498
9500480,6.113636493682861
9503264,6.199095249176025
9505040,6.164383411407471
9505120,6.216216087341309
9506288,6.066666603088379
9508144,6.131221771240234
9509952,6.25550651550293
9512272,6.143497943878174
9519856,6.238738536834717
9523712,5.9234232902526855
9523920,6.068181991577148
9524560,6.150442600250244
9527088,5.878378391265869
9528816,6.031390190124512
9532464,6.077981472015381
9532512,6.0227274894714355
9534352,6.039823055267334
9535936,5.855855941772461
9535968,5.848623752593994
9537136,6.053811550140381
9538016,6.0
9540720,6.1210761070251465
9541408,6.02222204208374
9541968,6.138392925262451
9542064,6.088889122009277
9543056,5.904977321624756
9543136,6.138392925262451
9543328,6.081080913543701
9543712,6.053811550140381
9544320,6.073059558868408
9545280,6.004566192626953
9545744,6.026200771331787
9546064,6.153846263885498
9547248,6.045454502105713
9550352,5.866666793823242
9551856,5.740740776062012
9552352,5.9817352294921875
9553248,6.138392925262451
9553792,5.941704273223877
9556176,6.055046081542969
9556752,5.894495487213135
9558032,6.305309772491455
9559264,6.160714149475098
9562064,5.950226306915283
9562368,5.106382846832275
9563312,6.111111164093018
9564720,6.2276787757873535
9565776,6.298701286315918
9566592,6.136363506317139
9568480,6.036036014556885
9569488,6.088889122009277
9570064,6.063348293304443
9571776,5.9772725105285645
9572016,5.863636493682861
9573008,5.68493127822876
9577840,5.633484363555908
9580992,5.837103843688965
9582320,6.0
9584352,5.78125
9584608,6.044444561004639
9585904,6.098654747009277
9586272,5.8108110427856445
9586672,6.153846263885498
9586688,5.878378391265869
9587216,5.825687885284424
9587984,5.973451137542725
9589632,6.026785850524902
9590256,5.990991115570068
9590784,6.081080913543701
9593168,6.044444561004639
9593200,5.982142925262451
9593760,6.050228118896484
9594592,5.9234232902526855
9596752,6.300448417663574
9597648,5.7589287757873535
9598224,5.799086570739746
9598864,6.017699241638184
9598960,6.004464149475098
9600896,5.886363506317139
9602352,6.065573692321777
9606080,5.8071746826171875
9606080,5.818583965301514
9607696,5.8597283363342285
9608000,5.78125
9611088,5.8447489738464355
9611504,5.760368824005127
9613072,6.136363506317139
9614192,6.017699241638184
9615296,6.2723212242126465
9616000,5.9429826736450195
9616656,5.672645568847656
9617680,6.040462493896484
9618112,5.986238479614258
9620288,6.136363506317139
9620448,6.061946868896484
9621216,5.886363506317139
9621696,5.874439239501953
9622400,5.878378391265869
9622992,5.900900840759277
9624368,6.131221771240234
9625248,6.018099784851074
9626144,5.8108110427856445
9627712,5.8447489738464355
9629664,5.936072826385498
9632576,6.153846263885498
9633792,5.909090995788574
9634864,5.852017879486084
9636512,6.073059558868408
9638192,6.053811550140381
9638256,6.233766078948975
9638512,6.123348236083984
9643392,6.004566192626953
9644544,6.598837375640869
9645392,6.373873710632324
9647344,6.031390190124512
9648992,6.160714149475098
9649104,6.143497943878174
9650080,6.082949161529541
9652640,5.886363506317139
9654400,6.085972785949707
9654928,6.278027057647705
9656112,6.3063063621521
9656864,6.088889122009277
9658480,6.3122172355651855
9658736,5.8968610763549805
9658736,6.095890522003174
9660336,6.041666507720947
9661344,6.063348293304443
9663232,6.085972785949707
9664960,6.261261463165283
9668032,6.171171188354492
9668496,6.181818008422852
9670336,6.018099784851074
9670944,5.8597283363342285
9671376,5.986842155456543
9671696,6.162280559539795
9672288,5.852534770965576
9673904,6.1936936378479
9674048,5.972850799560547
9675104,6.0
9676624,6.125
9678416,5.964125633239746
9678880,6.068181991577148
9678960,6.123348236083984
9679392,6.188340663909912
9681648,6.013513565063477
9682240,6.136363506317139
9682256,6.058558464050293
9686016,6.169724941253662
9686528,6.136363506317139
9686880,6.153846263885498
9688160,5.964125633239746
9691888,5.974026203155518
9692768,6.2155961990356445
9693456,6.181818008422852
9696368,6.049107074737549
9696800,6.063348293304443
9696992,6.090909004211426
9699680,6.143497943878174
9699696,5.931818008422852
9700400,6.146789073944092
9700768,5.879629611968994
9702528,6.1210761070251465
9707888,6.238937854766846
9709824,6.288888931274414
9711440,6.058558464050293
9712384,5.82191801071167
9712448,5.867579936981201
9713248,6.183035850524902
9713360,5.954545497894287
9713904,6.216216087341309
9714608,6.081080913543701
9715200,5.8450703620910645
9718128,6.21004581451416
9718576,6.311110973358154
9718720,6.160714149475098
9720544,6.484018325805664
9721232,6.108597278594971
9721888,6.386363506317139
9724784,5.9598212242126465
9725776,6.068181991577148
9725872,6.0714287757873535
9727408,6.131221771240234
9728304,6.095890522003174
9729504,5.936072826385498
9730784,5.986546993255615
9731696,6.453744411468506
9731776,6.136363506317139
9731856,6.289592742919922
9732640,5.931818008422852
9732640,6.0
9732880,6.300448417663574
9732896,6.088889122009277
9733712,6.1187214851379395
9735328,6.2443437576293945
9735696,5.760368824005127
9736656,6.199999809265137
9737440,6.036036014556885
9739152,5.860465049743652
9744608,6.143497943878174
9745104,6.131221771240234
9745856,6.050228118896484
9746944,6.04072380065918
9747312,6.2727274894714355
9748736,6.194690227508545
9749440,6.098654747009277
9750000,6.261261463165283
9751056,5.990991115570068
9752176,6.09375
9752256,6.164383411407471
9753440,6.316964149475098
9753968,5.913241863250732
9754592,5.982142925262451
9755152,6.261261463165283
9755728,5.972850799560547
9755840,6.300448417663574
9757040,6.09375
9758016,5.986842155456543
9758208,6.222222328186035
9760560,5.940366744995117
9764912,6.153846263885498
9766560,5.882352828979492
9768320,5.822784900665283
9771056,5.769230842590332
9772240,6.085972785949707
9772528,6.031390190124512
9773120,6.036036014556885
9775504,6.133333206176758
9775888,6.066666603088379
9777152,6.2844038009643555
9777648,5.96846866607666
9778816,5.91928243637085
9778896,6.204545497894287
9780320,6.155555725097656
9781248,6.183035850524902
9785904,6.018099784851074
9786320,5.936072826385498
9790560,5.863636493682861
9791408,5.616438388824463
9791488,5.900900840759277
9791984,5.736607074737549
9793216,6.21004581451416
9793232,5.9151787757873535
9793424,6.098654747009277
9793440,6.098654747009277
9793936,5.856481552124023
9796272,6.160714149475098
9796800,6.058558464050293
9797152,6.163793087005615
9797504,6.1936936378479
9799216,5.9782609939575195
9800656,5.874439239501953
9803136,5.874439239501953
9803520,5.837103843688965
9804624,5.995575428009033
9805744,6.128318786621094
9806640,6.032110214233398
9807472,6.081080913543701
9809328,6.053811550140381
9810224,6.188340663909912
9810368,5.989305019378662
9811296,5.833333492279053
9811632,5.900900840759277
9814560,6.176470756530762
9815472,6.1210761070251465
9816416,5.7272725105285645
9817520,6.266666889190674
9817728,6.053811550140381
9818096,5.8597283363342285
9818384,6.278027057647705
9818960,6.036866188049316
9820336,6.095890522003174
9821328,6.25
9822064,5.97777795791626
9823632,6.153846263885498
9824832,6.194690227508545
9825232,5.9234232902526855
9825248,6.25
9825520,5.936072826385498
9825680,6.111111164093018
9828704,5.833333492279053
9828848,5.907079696655273
9829056,5.863636493682861
9829072,6.036036014556885
9829536,6.216216087341309
9829600,6.150442600250244
9830544,5.945945739746094
9832432,5.9375
9832544,6.1086955070495605
9832624,6.131221771240234
9833344,6.081080913543701
9836176,5.791855335235596
9836240,5.958904266357422
9838160,6.0
9839472,6.322869777679443
9840480,6.004566192626953
9841696,6.2727274894714355
9841712,6.233183860778809
9842112,6.294642925262451
9843008,6.090909004211426
9843168,5.825892925262451
9843296,6.150442600250244
9843360,6.103603839874268
9843376,6.108597278594971
9845312,6.0714287757873535
9845664,6.04072380065918
9848720,5.890410900115967
9849200,6.0
9849392,6.0625
9852960,6.238738536834717
9855888,6.063348293304443
9855936,5.91928243637085
9856368,5.990783214569092
9859952,6.165919303894043
9862720,6.2727274894714355
9863424,6.238738536834717
9864432,5.645161151885986
9865184,6.063348293304443
9865744,6.111111164093018
9866304,6.322869777679443
9867216,5.904977321624756
9868688,6.148648738861084
9870784,5.874439239501953
9872304,6.155555725097656
9874720,6.160714149475098
9874720,6.04072380065918
9874992,5.799086570739746
9875904,6.0714287757873535
9877280,5.954545497894287
9879040,6.063348293304443
9879360,6.149068355560303
9879456,6.108597278594971
9881888,6.076233386993408
9882160,6.068181991577148
9882256,6.103603839874268
9882896,5.931818008422852
9885520,6.150442600250244
9886384,6.04072380065918
9889744,5.909090995788574
9890080,5.96846866607666
9891280,6.133333206176758
9891520,6.288888931274414
9891968,6.1187214851379395
9893632,6.0227274894714355
9896032,6.1875
9896240,5.990783214569092
9896896,5.990991115570068
9899024,5.954545497894287
9900384,6.255707740783691
9900832,5.730088710784912
9900880,5.8968610763549805
9902480,5.863636493682861
9902768,6.2727274894714355
9907712,6.106194496154785
9907792,5.806451797485352
9908048,5.900900840759277
9908320,6.095890522003174
9908592,5.940366744995117
9910672,6.073619842529297
9912560,6.1187214851379395
9913808,5.888888835906982
9916832,6.289592742919922
9916912,5.944700241088867
9919280,6.083333492279053
9919584,5.9817352294921875
9920592,6.063348293304443
9921232,5.8450703620910645
9921888,6.095890522003174
9922880,6.2276787757873535
9923904,6.136363506317139
9924080,6.217391490936279
9925680,6.0714287757873535
9927728,6.108597278594971
9927792,6.281406879425049
9929200,5.8447489738464355
9931408,6.266666889190674
9935024,6.1184210777282715
9935520,6.162790775299072
9936304,6.357466220855713
9937184,6.169724941253662
9938528,6.169724941253662
9938768,6.1160712242126465
9941616,5.958904266357422
9941632,5.723981857299805
9942064,6.113636493682861
9943456,6.1936936378479
9946080,6.100917339324951
9947440,5.848214149475098
9947872,5.837103843688965
9948096,6.452514171600342
9951040,6.0714287757873535
9954288,5.933333396911621
9954624,6.091370582580566
9958800,6.2443437576293945
9959808,6.1187214851379395
9959824,5.753424644470215
9965248,6.077981472015381
9965280,6.148648738861084
9965648,6.100917339324951
9967024,6.030701637268066
9969616,5.982142925262451
9971104,5.91928243637085
9974352,5.9598212242126465
9977680,6.013513565063477
9978016,5.890410900115967
9978192,6.131221771240234
9979808,6.073059558868408
9979840,5.8071746826171875
9981200,5.954545497894287
9981616,6.160714149475098
9982992,5.954545497894287
9984912,5.958904266357422
9986128,6.09375
9991088,6.164383411407471
9992336,5.941704273223877
9994048,6.25
