step,value
272,0.9937707781791687
320,1.1470760107040405
384,1.2700541019439697
688,1.7745498418807983
688,1.033892273902893
720,1.6159318685531616
784,2.4958083629608154
816,1.8613004684448242
864,1.6304478645324707
960,2.495130777359009
1040,0.9762511849403381
1040,1.5461853742599487
1248,1.1788427829742432
1264,1.8289783000946045
1344,1.0074423551559448
1472,1.410395860671997
1584,1.260701298713684
1616,1.5626323223114014
1744,1.9697291851043701
1888,0.9181034564971924
1904,0.864334225654602
1920,2.2842257022857666
1968,1.1482034921646118
2096,1.4968171119689941
2192,1.012587547302246
2336,1.7320328950881958
2352,2.264514923095703
2416,1.0992166996002197
2464,0.9094658493995667
2560,1.4275041818618774
2672,1.6000646352767944
2688,1.3825206756591797
2720,0.9925172924995422
2832,1.7647104263305664
2896,1.7165770530700684
2976,1.1074624061584473
3008,1.0018137693405151
3008,0.95965176820755
3184,1.858538269996643
3344,1.8314175605773926
3408,1.5222172737121582
3504,1.1448396444320679
3520,1.3836147785186768
3552,1.456857442855835
3696,1.3748615980148315
3744,1.5274277925491333
3808,0.9714089632034302
3872,1.30218505859375
3904,1.1206647157669067
3920,1.1939030885696411
4016,1.7219558954238892
4080,0.9798540472984314
4096,0.974213719367981
4128,1.2389729022979736
4224,1.5623935461044312
4304,0.8137140870094299
4320,1.2602143287658691
4336,1.3937638998031616
4480,1.5627501010894775
4576,2.1937241554260254
4592,0.9807673692703247
4624,1.7505416870117188
4800,1.8328691720962524
4912,1.7362005710601807
5264,1.495445728302002
5312,1.1165714263916016
5520,1.0114001035690308
5600,1.610025405883789
5616,1.3813153505325317
5664,1.458323359489441
5712,1.9305511713027954
5712,1.4562785625457764
5728,1.2606216669082642
5920,1.2603989839553833
5920,1.1714781522750854
5984,0.9907894134521484
6000,1.3978831768035889
6032,1.2975274324417114
6064,1.5594414472579956
6112,1.8244048357009888
6128,2.135105848312378
6144,2.1452014446258545
6208,0.8887185454368591
6272,1.467712640762329
6352,0.8747153282165527
6416,2.8847036361694336
6496,1.1845452785491943
6544,3.480956554412842
6688,1.2562711238861084
6800,1.4136855602264404
6960,0.7211514711380005
6992,1.7600102424621582
7104,1.3796173334121704
7232,1.5791510343551636
7232,1.856947898864746
7552,1.259093165397644
7696,2.1277289390563965
7696,1.6899826526641846
7760,1.8266116380691528
7808,1.3070863485336304
7856,1.5600471496582031
8016,2.2529497146606445
8304,1.0101155042648315
8336,2.1267495155334473
8384,2.033068895339966
8400,1.3308918476104736
8496,1.2161012887954712
8528,1.259982705116272
8688,2.4416890144348145
8704,0.9314146041870117
8912,1.4590963125228882
8976,1.2594016790390015
8976,2.0025434494018555
8976,0.9923976063728333
9072,1.5638376474380493
9072,1.5237247943878174
9120,1.7864799499511719
9248,2.2402544021606445
9264,1.748225450515747
9344,1.99094820022583
9360,1.6815273761749268
9472,1.5543533563613892
9488,2.0405476093292236
9488,1.2595871686935425
9488,1.857591152191162
9552,1.3294718265533447
9696,1.2337076663970947
9744,1.4832192659378052
9872,1.5686705112457275
9872,1.8319531679153442
10112,2.3610618114471436
10272,1.5116894245147705
10320,1.1712247133255005
10400,2.1553330421447754
10416,1.6428688764572144
10544,1.5810526609420776
10592,1.7820147275924683
10592,1.8218364715576172
10736,1.1097052097320557
10736,1.9606280326843262
10864,1.614985704421997
10960,2.1255736351013184
10976,1.2201204299926758
11120,0.9754429459571838
11184,1.2594698667526245
11328,0.8538166880607605
11328,1.2128945589065552
11376,1.7652552127838135
11376,1.384108304977417
11488,0.8308225870132446
11520,1.5581637620925903
11664,1.0932682752609253
11680,1.7520287036895752
11728,1.0664278268814087
11888,2.124141216278076
12112,0.9299242496490479
12112,1.3802258968353271
12112,0.9716092348098755
12160,1.344315767288208
12192,1.6776847839355469
12384,1.2616910934448242
12448,0.9931086897850037
12624,1.782922625541687
12704,1.0754146575927734
12752,1.1682177782058716
12928,1.4346013069152832
13168,5.2797136306762695
13376,1.4576904773712158
13392,1.0634959936141968
13440,2.3465394973754883
13488,1.3838412761688232
13664,1.0070197582244873
13680,0.9945585131645203
13696,1.9270107746124268
13808,1.600468397140503
13872,1.7545803785324097
14080,1.179601788520813
14096,1.605314016342163
14128,2.230120897293091
14256,2.0278711318969727
14432,1.294262409210205
14448,1.0969756841659546
14624,1.5102832317352295
14656,1.1912304162979126
14848,1.6823508739471436
14848,1.3521599769592285
14880,2.0188214778900146
14880,1.6499305963516235
14912,2.0629987716674805
14912,1.4337373971939087
14976,1.1448886394500732
14976,1.4450147151947021
14976,1.2600343227386475
15152,1.571445107460022
15296,3.3620505332946777
15376,1.7657252550125122
15584,0.8853734731674194
15744,1.0462663173675537
15760,2.278879404067993
15824,1.25869619846344
16112,1.7014203071594238
16272,0.7788898348808289
16304,1.4548333883285522
16304,1.8064643144607544
16432,2.229969024658203
16512,0.9601081013679504
16544,1.2321563959121704
16560,0.6840701699256897
16784,1.0871288776397705
16816,1.4601441621780396
16944,1.9433910846710205
17056,0.8562739491462708
17152,1.1279159784317017
17264,1.8026078939437866
17328,1.5494309663772583
17424,1.5633814334869385
17536,1.4107588529586792
17616,1.4082380533218384
17744,1.1380947828292847
17792,1.6684823036193848
17792,1.3438317775726318
17824,2.05014705657959
17856,2.421998977661133
18064,1.8330100774765015
18176,1.1441963911056519
18208,1.443315863609314
18240,1.0918588638305664
18272,1.3072922229766846
18288,1.2541086673736572
18304,2.511077642440796
18416,1.5657702684402466
18640,1.5447945594787598
18672,1.0605037212371826
18784,1.642765998840332
18864,0.9633408188819885
18912,1.3731077909469604
19056,0.7790777683258057
19056,4.001031398773193
19120,1.5075865983963013
19232,1.9370832443237305
19264,1.9158698320388794
19296,1.9441026449203491
19344,1.7793362140655518
19360,1.9631426334381104
19376,1.0152844190597534
19440,1.1954424381256104
19648,0.7556124329566956
19744,1.0090317726135254
19856,1.7983310222625732
19920,1.161084532737732
20032,2.4734723567962646
20144,1.7266780138015747
20272,1.0785908699035645
20368,1.3082389831542969
20496,1.48580002784729
20496,1.9933770895004272
20496,2.680842638015747
20560,1.705211877822876
20608,6.524974346160889
20816,1.5863900184631348
20896,1.6056872606277466
20944,1.1696377992630005
21008,1.8404561281204224
21136,1.15324068069458
21200,1.2593566179275513
21216,1.2603507041931152
21296,1.0024722814559937
21440,2.277369499206543
21520,0.8951411843299866
21600,1.1703685522079468
21712,1.109713077545166
21712,0.8098332285881042
21760,1.1564946174621582
21776,1.7050434350967407
21904,1.4334489107131958
22048,1.0609769821166992
22064,1.2315903902053833
22144,1.666255235671997
22192,2.6078171730041504
22368,4.271547794342041
22448,1.1845118999481201
22448,1.2592263221740723
22480,2.215158224105835
22576,1.8067890405654907
22784,1.2607942819595337
22912,1.1509400606155396
22960,1.086409330368042
23024,1.4662996530532837
23072,1.1090247631072998
23072,3.717926263809204
23072,2.2022275924682617
23104,1.560551404953003
23168,0.831209659576416
23376,1.822515606880188
23504,0.8177722096443176
23520,2.530848264694214
23520,2.135486364364624
23568,1.5643569231033325
23648,1.2163914442062378
23680,1.3668270111083984
23712,1.0131007432937622
23744,1.1504520177841187
23920,1.2593904733657837
24000,1.4677014350891113
24032,1.1845581531524658
24096,1.0103036165237427
24112,1.2599031925201416
24304,0.9154002666473389
24336,1.973778486251831
24448,1.1524943113327026
24480,1.1811299324035645
24496,1.60404634475708
24512,1.6113486289978027
24512,1.3791841268539429
24624,1.2602814435958862
24704,1.424301028251648
24976,1.4542534351348877
25104,2.2928450107574463
25120,1.4680581092834473
25168,2.257676601409912
25264,2.151512622833252
25280,1.2592777013778687
25312,2.528898239135742
25328,1.601345181465149
25328,2.4804701805114746
25504,1.6474742889404297
25648,1.6769688129425049
25648,1.461883783340454
25712,0.97981858253479
25744,1.7646543979644775
25792,1.2892552614212036
26032,1.7291288375854492
26064,1.2619147300720215
26352,2.1294689178466797
26368,1.0306949615478516
26432,1.0448559522628784
26480,2.1209704875946045
26656,1.7816135883331299
26656,3.9087653160095215
26752,1.2981085777282715
26768,1.0327470302581787
26832,0.9716415405273438
26928,0.903507649898529
26960,1.7665082216262817
26976,1.2405728101730347
27088,1.174338936805725
27088,1.6830434799194336
27280,1.2642890214920044
27360,0.8098841905593872
27424,2.09639310836792
27488,1.7041293382644653
27568,1.734209656715393
27840,0.8180884122848511
28096,1.292431354522705
28256,1.5642632246017456
28256,2.2997660636901855
28336,1.3757662773132324
28496,1.4812734127044678
28592,1.066544532775879
28704,1.6181998252868652
28704,1.522373080253601
28816,1.4720498323440552
28832,1.8563169240951538
28832,1.6747846603393555
28848,1.1714860200881958
28848,1.5513018369674683
28976,1.2601113319396973
29168,1.1520061492919922
29216,1.0775128602981567
29280,2.0855445861816406
29296,1.56325364112854
29296,1.2602554559707642
29328,1.2601816654205322
29504,0.8244803547859192
29552,1.1982945203781128
29600,1.1065847873687744
29648,1.2599468231201172
29648,1.338974952697754
29696,1.6231725215911865
29776,1.9831509590148926
29792,1.0474952459335327
29792,1.4536821842193604
29920,1.2414743900299072
29952,1.165353775024414
30144,1.4954711198806763
30160,1.4046753644943237
30240,0.9615984559059143
30256,1.4891777038574219
30272,1.3159765005111694
30464,1.8031249046325684
30560,0.8918501734733582
30576,2.0103204250335693
30608,1.3976364135742188
30912,1.0658034086227417
30960,1.638247013092041
31040,2.152411937713623
31040,1.600999355316162
31056,1.7743196487426758
31120,1.2949132919311523
31296,1.3810845613479614
31344,1.6589710712432861
31376,1.2597676515579224
31664,1.1351016759872437
31792,1.4071009159088135
31840,0.9700322151184082
31856,1.4261956214904785
31920,1.2633676528930664
32240,1.1702275276184082
32288,1.2157955169677734
32384,1.5681118965148926
32576,1.4270950555801392
32608,1.8093855381011963
32640,0.8894549012184143
32640,1.2902204990386963
32704,1.1236376762390137
32800,1.3687604665756226
32976,1.5163424015045166
33008,1.2604467868804932
33088,1.4508986473083496
33200,1.6058478355407715
33216,1.302551031112671
33296,1.5850030183792114
33424,1.3846768140792847
33440,1.2181758880615234
33584,1.4166256189346313
33760,1.0750367641448975
33760,1.519058108329773
33792,1.6237571239471436
33904,1.471274733543396
33920,1.121966004371643
34144,1.3931249380111694
34256,2.356276273727417
34320,1.673088788986206
34336,1.271224856376648
34480,2.0197174549102783
34720,2.9734158515930176
34736,1.573659896850586
35008,0.9723657369613647
35024,0.9753445982933044
35152,0.8772212862968445
35168,0.8913298845291138
35312,0.9724704623222351
35440,1.5535074472427368
35488,1.0631660223007202
35632,1.171703577041626
35792,1.1942843198776245
35936,1.2344646453857422
35968,1.2593507766723633
35968,1.0291738510131836
36000,1.6644184589385986
36032,1.383252501487732
36048,1.8877463340759277
36096,1.970905065536499
36144,1.1554911136627197
36208,1.8291425704956055
36208,1.8141549825668335
36240,1.1487421989440918
36240,4.8727707862854
36288,0.9952180981636047
36352,2.7890889644622803
36592,1.2846413850784302
36624,0.9147996306419373
36624,2.1853864192962646
36704,1.4510031938552856
36752,2.0890252590179443
36816,1.3179295063018799
36864,2.8404593467712402
37056,0.8855205774307251
37104,0.9400241374969482
37408,2.2832746505737305
37472,1.3868151903152466
37488,1.4508143663406372
37616,1.827954888343811
37616,1.7647178173065186
37680,1.8282207250595093
37712,1.0054250955581665
37792,1.766021728515625
37840,2.9012811183929443
37856,1.1265183687210083
38032,0.9890992641448975
38160,1.686971664428711
38192,1.777860403060913
38256,1.5615489482879639
38288,1.653077244758606
38384,1.0859324932098389
38464,1.2615281343460083
38640,1.2470510005950928
38720,1.7602442502975464
38816,1.1236826181411743
38864,1.9565315246582031
38976,1.4132087230682373
39120,1.818732500076294
39360,1.0126957893371582
39440,1.5867881774902344
39440,1.5229594707489014
39456,1.755814790725708
39472,2.102330446243286
39568,1.463172435760498
39600,1.0100126266479492
39728,0.9278963804244995
39760,1.8312009572982788
39776,1.8857065439224243
39856,1.6020382642745972
39872,0.9603998064994812
39872,0.8432804346084595
40048,0.8870565295219421
40096,2.756263017654419
40144,1.974678635597229
40272,2.0937883853912354
40288,1.3831322193145752
40448,1.8398396968841553
40528,1.8663995265960693
40912,0.8293381929397583
40960,1.6710436344146729
40992,1.9098485708236694
41024,1.63840651512146
41040,2.5063042640686035
41200,2.6604700088500977
41264,3.1361660957336426
41536,1.1330565214157104
41552,2.388427734375
41600,1.260797381401062
41632,1.423980951309204
42128,1.389255404472351
42304,1.3814371824264526
42416,1.3639835119247437
42416,1.0113368034362793
42464,1.8763870000839233
42576,2.1365699768066406
42720,1.035516381263733
42736,1.3925714492797852
42768,1.9593864679336548
42896,0.8970481157302856
43056,1.5074329376220703
43056,1.8915414810180664
43248,1.7377070188522339
43312,1.8677703142166138
43328,2.7094454765319824
43376,1.6291782855987549
43456,1.6132423877716064
43552,1.603412389755249
43648,1.8842012882232666
43744,1.6385860443115234
43776,1.4286117553710938
43792,1.4474796056747437
43840,0.8911613821983337
43856,1.7336171865463257
43856,1.871569037437439
43904,2.0651841163635254
43952,1.810434341430664
44096,1.2591227293014526
44128,1.385887861251831
44144,1.725337028503418
44192,1.398200273513794
44256,1.7624495029449463
44288,1.5516265630722046
44352,1.8135136365890503
44368,0.9085887670516968
44416,1.8573564291000366
44544,1.3100031614303589
44560,2.343559741973877
44608,1.2450462579727173
44832,1.4657795429229736
44880,1.2120078802108765
44896,0.992618978023529
44992,2.4850735664367676
45104,2.139155626296997
45296,1.6493313312530518
45312,1.7704085111618042
45344,1.2610567808151245
45456,1.3095011711120605
45456,1.701265811920166
45472,1.6020252704620361
45568,3.739119291305542
45616,1.0770996809005737
45728,1.527995228767395
45776,1.0778201818466187
45808,1.5668301582336426
45808,1.614967942237854
45936,1.6072038412094116
45936,1.6047033071517944
45952,1.2660900354385376
45968,1.3609812259674072
46096,1.261278748512268
46112,1.091503620147705
46208,1.60426664352417
46352,1.7881914377212524
46480,1.6854380369186401
46656,1.8646541833877563
46672,1.232014536857605
46720,1.0036240816116333
46736,0.8945831060409546
46832,1.2137951850891113
46848,1.9105198383331299
46896,1.9556653499603271
47056,1.0785760879516602
47056,1.0202053785324097
47104,1.6822338104248047
47328,1.1403160095214844
47344,1.5408512353897095
47392,0.8006064295768738
47440,1.0805953741073608
47440,0.9699100852012634
47472,1.5618990659713745
47584,0.9939841628074646
47632,0.8190152645111084
47664,1.2144039869308472
47744,0.9929376244544983
47776,2.360602855682373
47776,1.7823327779769897
47840,1.1844953298568726
47920,1.440069556236267
48064,2.7333779335021973
48160,3.1847851276397705
48240,1.7180007696151733
48304,1.2974241971969604
48320,1.6743841171264648
48352,1.7926883697509766
48448,0.9499266147613525
48480,1.4742431640625
48560,4.113365173339844
48576,1.1699774265289307
48624,1.4628335237503052
48640,1.2609394788742065
48752,1.7734671831130981
48784,2.234869956970215
48816,1.2529367208480835
48832,1.2597264051437378
48896,1.1717208623886108
49120,1.41835355758667
49184,0.9613033533096313
49216,1.3802878856658936
49328,1.915117621421814
49440,1.3902486562728882
49456,0.9355975985527039
49632,1.3859788179397583
49680,1.9161473512649536
49952,1.8328461647033691
50112,1.6119022369384766
50320,1.5342917442321777
50320,0.9601226449012756
50320,1.4160374402999878
50352,1.7230101823806763
50480,1.8219146728515625
50576,2.9130208492279053
50672,1.2589938640594482
50944,1.795677661895752
50976,0.9349885582923889
50976,1.0638892650604248
51024,2.3010499477386475
51248,1.4176090955734253
51360,2.029212713241577
51584,1.054505705833435
51600,2.1001572608947754
51776,1.3135799169540405
51776,1.2336316108703613
51792,1.5289043188095093
51872,1.2983752489089966
52032,1.4922152757644653
52096,0.9840413331985474
52112,1.0652761459350586
52208,1.3297325372695923
52288,2.3362789154052734
52320,2.3868212699890137
52384,1.1043275594711304
52464,2.9568684101104736
52512,1.2150251865386963
52576,1.6233036518096924
52688,1.4588066339492798
52768,2.0938916206359863
52912,1.4319031238555908
53088,1.2596622705459595
53184,1.559147596359253
53232,1.0787476301193237
53264,2.17692232131958
53264,1.0158472061157227
53296,1.0112102031707764
53520,1.6013743877410889
53568,1.011521339416504
53680,1.3175715208053589
53712,1.1739858388900757
53712,1.6091426610946655
53728,4.064034461975098
53984,0.8117677569389343
54144,1.0307197570800781
54336,1.6205248832702637
54352,1.560956358909607
54400,1.675032377243042
54416,1.5618042945861816
54448,1.2688629627227783
54544,1.7652366161346436
54624,1.8270485401153564
54656,1.7015676498413086
54752,1.8088696002960205
54848,0.9944427609443665
54928,1.6285252571105957
54976,1.5635899305343628
55040,1.1962859630584717
55088,1.0634970664978027
55120,1.4218076467514038
55168,1.2605303525924683
55168,1.883311152458191
55264,4.468178749084473
55360,2.3527660369873047
55504,1.8614141941070557
55520,1.004727840423584
55696,1.3822815418243408
55728,1.354138970375061
55760,1.3037219047546387
55792,2.585832357406616
55824,1.5374804735183716
55840,1.2600221633911133
55920,1.6815788745880127
56016,1.260162353515625
56096,2.3398404121398926
56128,2.3425559997558594
56144,1.61410653591156
56192,1.010231614112854
56560,1.873201847076416
56624,1.2390073537826538
56688,1.6832200288772583
56784,1.7181031703948975
56848,0.9595483541488647
56864,0.9780259132385254
57056,1.8528739213943481
57072,1.260973334312439
57104,2.100961446762085
57136,1.60250723361969
57280,1.8813446760177612
57408,1.5802364349365234
57552,1.4657684564590454
57568,2.783153772354126
57664,1.670696496963501
57760,1.466708779335022
57872,1.259959101676941
58064,1.242388367652893
58192,1.254526972770691
58256,1.3297035694122314
58480,2.3250503540039062
58496,0.927137017250061
58544,1.465864896774292
58656,1.511029839515686
58848,1.5165849924087524
58896,1.3819053173065186
58960,1.604799509048462
59184,1.0998526811599731
59216,1.715070128440857
59312,2.112863779067993
59344,1.7834590673446655
59568,1.0112197399139404
59600,1.3137966394424438
59680,1.929262638092041
59696,1.8348747491836548
60368,0.8563557863235474
60384,1.5623338222503662
60400,2.0228867530822754
60416,1.6666032075881958
60512,1.8322759866714478
60544,1.3405944108963013
60624,0.9791238307952881
60816,1.0105937719345093
60832,0.8017700910568237
60848,2.501784086227417
60864,0.9735444784164429
60912,1.8195233345031738
60944,1.2603038549423218
60960,2.1405482292175293
61200,1.8387175798416138
61216,0.9748781323432922
61216,1.4823715686798096
61344,1.1565691232681274
61440,1.3801952600479126
61776,1.470780372619629
61936,1.2447655200958252
62000,1.286481499671936
62048,4.709291458129883
62096,0.9170659184455872
62144,1.6524299383163452
62336,1.6411747932434082
62368,1.260521411895752
62496,1.8256841897964478
62512,1.6409326791763306
62560,2.1275808811187744
62784,1.8099651336669922
62928,2.2251064777374268
63056,2.0492913722991943
63232,2.2642688751220703
63264,1.25947105884552
63344,1.8631013631820679
63520,1.5725023746490479
63824,0.879991888999939
63872,1.9888637065887451
63872,2.0797348022460938
63872,0.8958272933959961
63920,1.3116793632507324
64048,1.3216546773910522
64224,4.488771438598633
64224,1.1463688611984253
64256,4.519131660461426
64384,1.2260087728500366
64416,1.7168726921081543
64560,1.3803294897079468
64816,2.0228495597839355
64864,1.0511467456817627
64880,1.2607625722885132
65248,2.0504653453826904
65248,1.1503528356552124
65328,6.284726619720459
65360,1.2591392993927002
65392,2.1974241733551025
65552,0.9659128189086914
65600,1.635891318321228
65616,1.0091546773910522
65632,2.5085537433624268
65952,2.1420788764953613
66032,1.7154922485351562
66128,1.2319296598434448
66128,3.6577742099761963
66192,1.384997010231018
66272,1.721900224685669
66368,1.4342241287231445
66480,0.9942768216133118
66528,1.6032462120056152
66624,2.6612179279327393
66656,1.4048247337341309
66672,1.6621639728546143
66832,1.3890084028244019
66912,1.954285740852356
66992,1.1236999034881592
67072,1.8245697021484375
67104,1.6136844158172607
67376,0.9445677995681763
67440,1.1597115993499756
67456,1.3851003646850586
67504,1.2141764163970947
67536,1.1699950695037842
67536,4.987349987030029
67552,1.123842477798462
67744,1.1674861907958984
67760,2.2805285453796387
67952,1.9205244779586792
68032,1.2659553289413452
68176,1.1721065044403076
68208,1.9986541271209717
68304,1.3787815570831299
68352,0.8951207399368286
68368,1.381168246269226
68656,1.6510437726974487
68672,1.7471917867660522
68688,5.67604398727417
68752,1.5066584348678589
68928,0.9067913293838501
68960,1.6425262689590454
69040,1.4537640810012817
69056,1.1705719232559204
69104,2.1153035163879395
69376,1.1698132753372192
69424,0.9814223051071167
69440,1.2937158346176147
69520,1.5687023401260376
69648,1.6549559831619263
69680,1.169603943824768
69872,1.9800028800964355
69904,1.782869815826416
69936,0.9071582555770874
69952,1.2736352682113647
70096,2.1052162647247314
70336,2.0050902366638184
70432,1.1696758270263672
70512,5.123948097229004
70624,2.0014662742614746
70704,1.1102081537246704
70800,1.0525513887405396
70992,1.081558346748352
71024,1.7681608200073242
71072,1.6490691900253296
71104,1.2214137315750122
71216,2.417229652404785
71216,1.7625758647918701
71328,1.7349956035614014
71472,3.581772804260254
71504,1.6491576433181763
71568,1.9530258178710938
71568,1.816772222518921
71616,1.4581626653671265
71664,1.3804389238357544
71680,1.74808669090271
71984,1.2610995769500732
72048,1.6334401369094849
72048,1.599859356880188
72064,1.9472895860671997
72528,1.4951051473617554
72640,1.828389286994934
72704,2.1797690391540527
72800,6.517227649688721
72800,1.121900200843811
72816,1.5690301656723022
72944,1.8729373216629028
72976,1.1036018133163452
73088,1.469423770904541
73408,1.2615370750427246
73552,0.8868547081947327
73568,2.7689173221588135
73648,1.6792573928833008
73936,1.9960482120513916
73952,1.699550986289978
73984,1.3471182584762573
74384,1.2589027881622314
74480,1.200427770614624
74544,1.2696613073349
74576,1.5275986194610596
74592,1.4961873292922974
74608,1.2606433629989624
74784,1.1354107856750488
74976,1.9746108055114746
75024,1.5010148286819458
75136,1.446016788482666
75216,1.0211976766586304
75696,1.1000564098358154
75712,3.3995778560638428
75776,1.8836381435394287
75936,1.262412190437317
75936,3.325049877166748
76432,1.2817891836166382
76736,0.9935916662216187
76832,3.1037144660949707
77056,1.9154636859893799
77104,2.422724723815918
77184,1.4428092241287231
77200,1.6473610401153564
77264,0.9739957451820374
77392,2.1789021492004395
77456,1.8434476852416992
77504,1.1694059371948242
77552,1.2400362491607666
77936,1.599035382270813
78272,0.8895902037620544
78352,7.592704772949219
78656,1.0702602863311768
78672,1.2592897415161133
78976,1.1350046396255493
79024,1.0456163883209229
79120,3.5038065910339355
79120,1.7711007595062256
79136,1.5230374336242676
79312,1.776041030883789
79424,4.668342590332031
79440,1.4332449436187744
79568,1.470700979232788
79632,1.132181167602539
79840,1.6554385423660278
79888,1.261908769607544
79952,1.1705342531204224
80176,3.6567471027374268
80256,1.3788944482803345
80336,1.1127607822418213
80416,1.2276562452316284
80432,1.3954403400421143
80432,1.8270704746246338
80640,4.615312099456787
80672,1.3505243062973022
80768,1.415473222732544
80896,4.453980445861816
80992,2.020568370819092
81072,1.7027322053909302
81168,1.3258280754089355
81184,2.1801517009735107
81632,1.0478795766830444
81840,2.0322823524475098
82032,1.958445429801941
82064,3.8493378162384033
82400,1.7885713577270508
82480,5.633338451385498
82512,1.713998556137085
82576,1.419021487236023
82736,1.721657395362854
82832,2.3414859771728516
82928,1.365744948387146
82992,1.0113976001739502
83072,2.1063215732574463
83168,4.406255722045898
83232,6.039360523223877
83232,1.0120149850845337
83328,2.1401705741882324
83584,0.9627405405044556
83632,0.9169397354125977
83648,2.0509512424468994
83664,1.241342306137085
83712,1.5680279731750488
84080,1.51502525806427
84128,1.9094041585922241
84224,3.5835368633270264
84272,2.309875965118408
84448,2.3332443237304688
84496,5.50823974609375
84512,1.6919260025024414
84608,2.125081777572632
84816,1.2600692510604858
84816,1.0773564577102661
84880,1.3941518068313599
84896,2.122056007385254
85200,3.4871737957000732
85200,6.791229248046875
85408,1.5805447101593018
85424,1.774656891822815
85632,1.7380059957504272
85632,1.8170223236083984
85696,2.4294137954711914
85792,0.8845607042312622
85952,1.938683032989502
86304,2.1863229274749756
86320,1.237446904182434
86368,1.5671988725662231
86480,1.6614083051681519
86576,1.4166538715362549
86832,1.9464402198791504
87184,1.485889196395874
87248,4.5293402671813965
87344,2.203354835510254
87456,1.0126196146011353
87632,3.710542678833008
87664,1.9631898403167725
87664,2.998117446899414
87952,0.9731461405754089
88048,4.577591419219971
88240,1.336467981338501
88288,1.747733473777771
88352,1.797104001045227
88496,4.370644569396973
88560,1.2573683261871338
88640,1.5219054222106934
88640,2.304205894470215
88656,5.315301895141602
88752,3.602604627609253
88800,4.94257926940918
88832,1.2965078353881836
88928,2.1821680068969727
89312,1.849953293800354
89392,1.5299166440963745
89648,3.9940860271453857
89808,1.6120891571044922
90128,1.6483739614486694
90384,1.8009989261627197
90416,1.1517739295959473
90448,1.8432015180587769
90544,2.1700475215911865
90864,0.9701172709465027
91088,2.31101655960083
91376,0.6785763502120972
91392,1.0477946996688843
91424,1.705406904220581
91888,4.5651044845581055
91904,1.7648853063583374
92144,6.043201446533203
92336,1.1622291803359985
92560,1.6244312524795532
92608,4.584315776824951
92640,3.916619062423706
92720,1.6350319385528564
92896,3.880017042160034
92896,1.4033530950546265
92896,1.3208611011505127
93104,3.3908531665802
93200,1.834225058555603
93472,1.0110174417495728
93616,2.2717905044555664
93632,4.110610008239746
93648,1.7108880281448364
93680,1.7861433029174805
93680,1.1915037631988525
93792,1.2152824401855469
94112,4.149694919586182
94144,1.9828321933746338
94176,1.8375790119171143
94272,1.342671513557434
94304,2.00338077545166
94384,1.082096815109253
94608,5.281778812408447
94896,1.3634910583496094
95184,4.675497531890869
95312,1.6247966289520264
95328,3.2090845108032227
95344,1.8343074321746826
95456,1.0123028755187988
95648,1.3796576261520386
95824,7.354720115661621
95840,1.5762525796890259
95840,5.9767584800720215
96000,2.4917263984680176
96544,2.113210439682007
96560,3.48038649559021
96880,1.7257832288742065
97024,5.157564640045166
97168,4.740567684173584
97184,2.0244762897491455
97200,2.64996075630188
97440,1.945717453956604
97568,4.95999002456665
97600,1.4118645191192627
97696,2.7937417030334473
97968,4.533992290496826
98272,4.586410999298096
98352,3.4145941734313965
98688,4.188138484954834
98848,3.5801753997802734
98880,1.4583317041397095
98976,2.1051812171936035
99584,4.881801128387451
100064,2.273508310317993
100416,3.4220221042633057
100512,1.382196068763733
100640,4.190765857696533
100704,1.6274299621582031
100720,1.9568983316421509
100752,1.4603698253631592
101056,1.4832396507263184
101264,2.6416091918945312
101280,1.3626350164413452
101408,4.680332660675049
101584,1.1347688436508179
101664,2.6978988647460938
102016,2.312331199645996
102048,1.3124184608459473
102096,1.9930942058563232
102224,3.44685435295105
102272,1.6473108530044556
102544,7.536423206329346
102544,1.2758312225341797
102576,1.2587836980819702
102592,1.377851128578186
102960,11.818868637084961
102976,2.0149714946746826
103152,2.033043384552002
103680,8.68077278137207
104208,1.5481815338134766
104304,1.606959342956543
104320,3.652552604675293
104736,1.7705154418945312
105024,2.297358751296997
105040,8.165881156921387
105088,4.978981971740723
105136,2.1256847381591797
105200,2.151564121246338
105568,1.628795862197876
105632,1.7583246231079102
105680,4.441301345825195
105712,2.4841883182525635
105760,1.5404536724090576
105840,3.594935894012451
105872,2.700061321258545
105920,1.442474126815796
105952,1.0094127655029297
106192,1.593848705291748
106352,1.1751281023025513
106512,1.9486472606658936
106544,7.113191604614258
106656,6.8619866371154785
106656,7.551455020904541
106880,2.9968459606170654
107280,3.472106456756592
107520,2.3045201301574707
107760,4.228555202484131
107808,3.6149656772613525
107920,2.1828629970550537
108048,4.153412342071533
108128,3.04704213142395
108416,9.41015338897705
108480,5.117303371429443
108576,5.563939571380615
108928,4.200305938720703
108960,8.705886840820312
109040,1.7804187536239624
109104,2.337238311767578
109216,2.5655627250671387
109392,1.6372389793395996
109424,3.897068977355957
109472,4.309157848358154
109504,1.6505612134933472
109696,2.2196292877197266
109696,1.999624490737915
110080,1.7419795989990234
110336,1.57936692237854
110432,2.394139289855957
110432,1.1203886270523071
110464,6.082633018493652
110480,2.366220474243164
110768,1.5327496528625488
111376,2.779118776321411
111584,1.9293715953826904
111952,2.012683868408203
112000,7.1580939292907715
112000,1.074084997177124
112096,8.574606895446777
112256,4.652275085449219
112352,5.523780345916748
112352,1.5857373476028442
112368,3.3588666915893555
112560,7.250255584716797
112736,3.539456605911255
112752,1.9636366367340088
112944,4.027177333831787
113280,0.9458792209625244
113344,1.9370194673538208
113456,1.6517759561538696
113472,3.672037124633789
113664,1.9969642162322998
114016,3.3961000442504883
114288,1.011626124382019
114336,3.130836009979248
114384,3.881350517272949
114688,1.053757905960083
114736,5.558772087097168
115056,5.613955020904541
115104,1.6692852973937988
115248,2.0312681198120117
115344,2.2101423740386963
115824,1.580557942390442
115968,3.8841042518615723
115968,3.154481887817383
116000,4.315767288208008
116288,1.2979613542556763
116704,1.47707200050354
116800,3.0444118976593018
117152,2.583167552947998
117552,8.257776260375977
117584,2.538719892501831
117792,2.2418649196624756
117984,9.088010787963867
118016,5.398500919342041
118304,6.664805889129639
118464,1.4097965955734253
118656,1.8413516283035278
118720,0.8876796364784241
118912,6.283321857452393
119152,1.4518648386001587
119392,2.2033581733703613
119824,1.0694780349731445
120224,5.307135581970215
120256,1.1876579523086548
120384,3.1631927490234375
120432,5.629831790924072
120512,0.8856363892555237
120528,1.9203846454620361
120544,5.108177661895752
120816,1.1861521005630493
120896,16.49538230895996
121248,2.0814526081085205
121296,2.47383451461792
121392,8.684209823608398
121440,1.4847928285598755
121552,4.006811618804932
121808,1.700683832168579
121968,1.6926836967468262
121984,1.3182296752929688
122160,6.224161624908447
122224,6.815553665161133
122320,3.300204277038574
122496,1.5875422954559326
122688,2.673062562942505
122768,7.38209867477417
123008,2.0608696937561035
123104,4.119757652282715
123104,2.6879165172576904
123216,2.365337610244751
123376,1.3803486824035645
123584,11.555071830749512
123600,1.2417314052581787
123760,1.2959003448486328
123856,3.729433298110962
123872,6.682445526123047
123888,3.9908554553985596
124144,2.5090866088867188
124576,1.7458666563034058
124800,4.166211128234863
124960,2.147185802459717
125136,5.066547393798828
125152,13.736560821533203
125424,3.3419365882873535
125888,4.146754741668701
126000,3.834805488586426
126304,1.4615635871887207
127040,2.998943328857422
127552,1.5173612833023071
127728,1.5457162857055664
127840,7.091187953948975
128128,3.632080316543579
128176,6.936764717102051
128432,18.80845832824707
128560,11.794900894165039
128960,1.9659291505813599
128976,4.364744663238525
128992,2.04278826713562
129136,2.2398438453674316
129200,4.096695423126221
129344,8.945856094360352
129360,1.2353543043136597
129360,1.3778972625732422
129808,1.82514226436615
129904,4.2297563552856445
130144,3.7342307567596436
130672,2.6873674392700195
131072,5.373510360717773
131104,6.445373058319092
131472,5.685070991516113
131696,6.881136894226074
131728,1.342151165008545
132368,13.38115119934082
132400,6.118495941162109
132432,1.6259504556655884
132544,6.629308223724365
133104,6.998483180999756
133968,8.506573677062988
134032,1.9930284023284912
134096,5.3605427742004395
134176,18.62681770324707
134304,3.0933477878570557
134720,4.1679816246032715
134864,1.7834346294403076
135264,1.4438695907592773
135680,14.345502853393555
136720,6.633533954620361
136944,11.287459373474121
137104,1.4658329486846924
137216,4.0013508796691895
137584,8.552471160888672
137936,4.0455522537231445
138000,1.708930253982544
138064,2.9661388397216797
138080,9.01612377166748
138288,1.7002500295639038
138304,5.126330852508545
138592,1.271666407585144
138608,7.824063777923584
138704,6.12926721572876
139040,2.966095209121704
139328,2.9979183673858643
139360,1.8443448543548584
139376,8.243620872497559
139472,1.806255578994751
139744,1.4089518785476685
139888,1.509676456451416
139984,1.653312087059021
140112,3.4671082496643066
140192,10.231643676757812
140208,3.1435368061065674
140256,0.9624950885772705
140384,8.058897018432617
140432,4.511647701263428
140480,15.26574420928955
140512,5.904275417327881
141216,6.1617937088012695
141488,4.139660835266113
141648,17.431034088134766
141728,3.3681678771972656
141840,4.551279067993164
141952,7.658238887786865
142096,5.712785243988037
142224,2.216418981552124
142784,12.76236343383789
143200,6.518049240112305
143392,4.245492935180664
143680,3.946176290512085
143808,3.758119583129883
143984,16.66830825805664
144288,4.063423156738281
144880,4.979531764984131
145232,2.466451644897461
145248,2.5600602626800537
145648,0.9935573935508728
145808,13.4226655960083
146128,6.623309135437012
146384,4.48139762878418
146384,3.8594462871551514
146480,3.5366194248199463
146528,0.855883777141571
146528,1.3727596998214722
146880,1.866428017616272
147120,1.7113057374954224
147600,8.116499900817871
147744,2.0978784561157227
148464,11.925877571105957
149440,3.093717336654663
149760,5.636847019195557
149904,15.07739543914795
149936,4.19123649597168
150096,15.655364990234375
150256,3.1074910163879395
151008,3.806671142578125
151008,12.290168762207031
151040,2.638530731201172
151168,6.519829273223877
151216,13.21303653717041
151360,1.0297805070877075
151552,2.020287036895752
151648,5.022140979766846
151680,3.6202259063720703
151792,4.479931831359863
151920,16.58681869506836
152080,1.2271535396575928
152384,7.452768802642822
152512,4.146435737609863
152624,2.8410580158233643
152896,8.07482624053955
153024,4.896610736846924
153584,8.769655227661133
153600,1.3576749563217163
153664,5.833137512207031
153680,2.6950390338897705
154224,1.8173801898956299
154320,3.300940990447998
155088,5.460698127746582
155184,6.922426223754883
155408,3.5415761470794678
155440,2.5377562046051025
155856,11.9468355178833
155952,2.6376442909240723
156144,2.2766380310058594
156624,1.876934289932251
156848,15.733753204345703
156944,5.5024871826171875
157136,2.309357166290283
157200,4.150737762451172
157584,2.0414271354675293
158416,1.8544116020202637
158752,2.173187017440796
158928,15.506153106689453
160272,4.65756893157959
160448,2.385859251022339
161168,13.013199806213379
161696,13.406235694885254
161904,6.33536958694458
162000,10.772602081298828
162768,3.9557883739471436
162832,7.12589168548584
163104,6.681520938873291
163424,1.545259714126587
163472,6.6140971183776855
163792,14.987173080444336
163904,7.350203990936279
164128,1.345112681388855
164656,11.251612663269043
164704,12.691717147827148
165136,12.792872428894043
165184,3.55365252494812
165232,2.1461689472198486
165888,6.417036056518555
166000,4.9443230628967285
166416,4.785083293914795
166544,2.0555782318115234
166560,1.20269775390625
166576,15.293731689453125
166688,4.380741119384766
166736,5.414573669433594
166736,6.191557884216309
167264,2.884248733520508
167312,13.297433853149414
168320,3.996699571609497
168512,4.683508396148682
168528,15.498932838439941
168640,9.038905143737793
168848,18.05146598815918
169232,4.075235843658447
169520,1.6270146369934082
169744,14.016823768615723
169952,5.424559116363525
170112,3.0772581100463867
171584,8.546483039855957
171792,3.548013687133789
171984,1.6913729906082153
172128,17.081987380981445
172320,2.10892391204834
172688,8.93232250213623
173152,6.19113302230835
173344,17.782562255859375
173424,5.27287483215332
173648,17.687545776367188
173760,17.379329681396484
174096,12.887298583984375
174560,3.485321283340454
174912,2.6574831008911133
174912,18.47103500366211
175344,2.975485324859619
175840,3.537717580795288
176208,17.84111213684082
176784,3.1065144538879395
176896,2.2389509677886963
177248,18.798418045043945
177696,11.784306526184082
177952,16.297222137451172
178256,7.122101783752441
178864,3.834474802017212
179072,3.0539257526397705
179264,5.320411205291748
179392,13.868026733398438
179904,19.108856201171875
180144,2.2351861000061035
180656,4.943907260894775
180880,2.8393797874450684
181792,3.0522420406341553
182976,10.715615272521973
183936,5.221139430999756
184048,12.10720157623291
184240,8.504549026489258
184368,1.5537611246109009
184432,11.492796897888184
184752,1.0795421600341797
185136,5.734238147735596
185168,1.7463470697402954
185456,1.2607274055480957
185952,9.424271583557129
185984,4.040853977203369
186128,8.705255508422852
186432,1.9610334634780884
186528,8.380433082580566
187312,4.768920421600342
187552,2.3165602684020996
188672,13.53934383392334
188720,2.002657890319824
188752,10.634623527526855
188960,7.321321964263916
190112,1.7145004272460938
190160,5.376487731933594
190912,16.65606117248535
191280,6.3864946365356445
192288,18.637317657470703
192432,8.208625793457031
192768,6.598153591156006
192832,16.144895553588867
193056,17.166677474975586
193680,3.49806809425354
194224,1.6539568901062012
194304,17.735065460205078
194352,2.000450849533081
194960,16.432632446289062
195136,4.508872032165527
195216,3.443850040435791
195600,8.128822326660156
196960,6.803404331207275
197168,11.478568077087402
197296,1.9989558458328247
197456,4.5655646324157715
197552,3.853255271911621
197712,2.1283211708068848
197776,11.290569305419922
199216,6.686924457550049
199312,13.17601490020752
200336,10.140645027160645
200592,17.365713119506836
202512,1.3326048851013184
202752,3.87782883644104
203328,1.67522132396698
203648,1.93946373462677
203664,8.204233169555664
203744,4.149075508117676
203824,15.721601486206055
203888,14.242244720458984
204080,17.22715187072754
204384,3.892080783843994
204816,3.6428442001342773
205072,7.483386993408203
205104,2.7652382850646973
205120,16.647981643676758
205728,7.950320243835449
206624,7.324416160583496
208288,4.958735942840576
209136,11.433034896850586
209680,1.5487656593322754
209712,1.7281997203826904
210224,4.097250461578369
210304,11.062397956848145
210384,2.782942771911621
210848,16.82887840270996
211280,3.514493703842163
211296,3.995288848876953
211552,4.341660022735596
211776,15.131622314453125
211840,2.661954164505005
212368,1.331252098083496
212624,8.073702812194824
212704,3.8813648223876953
212944,5.224412441253662
213344,3.003199338912964
213664,17.938642501831055
214000,5.704782485961914
214048,13.692791938781738
214080,3.4794867038726807
214880,6.032670021057129
214928,11.855599403381348
215040,17.260696411132812
215088,10.231009483337402
215632,11.84416389465332
216048,4.71975040435791
217360,16.4571590423584
217552,17.377229690551758
218656,16.949350357055664
218976,1.2582343816757202
219024,5.171669006347656
219088,4.5300612449646
219216,8.875358581542969
219264,17.254262924194336
220464,7.545744895935059
221568,11.953371047973633
221824,16.043487548828125
222000,6.037952423095703
222112,9.46713638305664
222384,14.348559379577637
222448,8.001084327697754
222672,16.388141632080078
222864,2.0403223037719727
224160,16.866436004638672
224224,4.320414066314697
224240,5.486428260803223
225120,14.867365837097168
225168,4.519336223602295
225376,12.140098571777344
225472,16.972660064697266
225888,2.56489896774292
225936,2.7600014209747314
226624,3.0932435989379883
226640,17.582782745361328
227216,1.2963101863861084
227472,8.967263221740723
227808,10.279041290283203
228432,7.266757011413574
228608,2.941849708557129
229168,11.522647857666016
230144,3.7078804969787598
230432,6.9355974197387695
230784,12.512470245361328
230864,7.534205913543701
231648,17.898290634155273
231712,11.521467208862305
233408,4.819972038269043
233456,15.291836738586426
233472,3.7779808044433594
233712,4.071314334869385
234032,15.228581428527832
234048,1.4947373867034912
234096,14.61253833770752
234448,17.322162628173828
234448,1.320067048072815
234480,5.50911808013916
234496,10.034175872802734
234784,3.833371162414551
234816,2.0058512687683105
235360,15.13243579864502
235440,12.477042198181152
236976,16.052873611450195
237248,10.911331176757812
238320,11.888997077941895
238928,15.963837623596191
239968,6.698263168334961
240416,9.322321891784668
240608,3.5652236938476562
240800,15.427088737487793
241040,0.6841963529586792
241184,16.280488967895508
241824,15.880819320678711
241904,15.815979957580566
242208,5.5410308837890625
242640,15.863150596618652
242720,6.287020683288574
243104,2.9105730056762695
243280,15.034485816955566
243344,10.64780330657959
243568,16.113826751708984
243760,10.181755065917969
244240,15.899347305297852
244352,15.92800521850586
245488,9.792466163635254
246000,10.322348594665527
246592,4.578404903411865
246992,2.165915012359619
247296,11.737168312072754
249024,2.8265483379364014
249456,14.68502426147461
249488,1.4014835357666016
250576,10.62093448638916
250720,16.26759910583496
250912,13.575797080993652
251552,3.901956558227539
252112,10.850459098815918
252192,10.735891342163086
252688,0.929618775844574
253168,10.60768985748291
253280,2.849431037902832
254112,3.457329034805298
254608,3.7259879112243652
254736,9.72667407989502
255344,14.970110893249512
255376,6.675713062286377
255616,13.300786018371582
256688,16.221324920654297
257216,6.759760856628418
257792,14.934778213500977
258224,14.618574142456055
259360,9.80355453491211
260848,10.229168891906738
261216,16.07609748840332
261440,15.41318130493164
261552,15.159248352050781
262416,15.395096778869629
262576,0.7628298997879028
262848,15.454716682434082
263088,14.779629707336426
263504,13.9940185546875
263680,2.587157964706421
263744,7.120423316955566
263856,3.8404641151428223
265408,15.408191680908203
265456,10.264079093933105
266032,1.7743651866912842
266528,11.92601203918457
266592,2.101351499557495
267024,15.573653221130371
267168,2.676492691040039
267952,13.570984840393066
268256,10.949462890625
268448,16.240638732910156
268816,3.3164613246917725
269712,15.534241676330566
269936,7.778115272521973
270208,13.105199813842773
270656,9.8197603225708
271120,2.884336471557617
271888,15.227396011352539
272112,13.970698356628418
272288,15.188583374023438
272656,14.03717041015625
273024,9.188907623291016
273312,15.455708503723145
273312,16.555755615234375
273520,10.137991905212402
274160,14.33957290649414
274720,10.509012222290039
275296,4.576725959777832
275440,14.918777465820312
276880,14.2281494140625
277136,12.634052276611328
277376,11.222084999084473
277776,2.934966802597046
277904,3.8805575370788574
278432,15.76880931854248
279200,15.055063247680664
279440,14.75772476196289
279584,14.740991592407227
279728,4.377602577209473
281360,13.725815773010254
282336,4.001949310302734
284496,10.773194313049316
284976,5.7974629402160645
284992,14.674854278564453
285280,2.5368740558624268
285568,3.2724123001098633
286624,15.63843822479248
287392,5.628901481628418
287600,2.468571901321411
288160,14.133209228515625
288176,10.269621849060059
288512,17.27357292175293
290032,15.958348274230957
290144,15.279075622558594
290544,1.6179320812225342
290624,15.285945892333984
290928,16.153728485107422
291728,15.58006477355957
292784,16.40616798400879
293728,15.310257911682129
294112,2.922017812728882
294912,14.955965995788574
295152,10.591280937194824
296320,15.999537467956543
297104,13.992987632751465
297520,14.001057624816895
298208,1.9281352758407593
298736,16.542112350463867
299648,5.259365558624268
299696,1.1959788799285889
300000,14.566039085388184
300416,15.327832221984863
300960,14.86137866973877
302144,14.44131088256836
302192,6.745415210723877
302288,15.513398170471191
302672,5.103989124298096
303008,1.2570955753326416
304176,10.77836799621582
304576,14.482712745666504
305824,10.34140396118164
306320,14.227739334106445
307632,15.4761323928833
307968,3.54305362701416
308832,13.981285095214844
308992,2.755552291870117
309328,15.127392768859863
309792,15.313268661499023
309920,16.07427978515625
310720,2.3822567462921143
311072,1.9474670886993408
311360,5.456974029541016
312384,15.955605506896973
312400,11.508666038513184
312544,14.761425018310547
312960,14.972180366516113
313392,1.7418596744537354
313424,9.514184951782227
313440,2.890868902206421
314576,3.35190749168396
314688,15.640195846557617
315008,10.291589736938477
315552,1.9216134548187256
316112,16.578617095947266
316432,14.959639549255371
317072,4.226253032684326
317280,15.099505424499512
317760,15.156445503234863
317904,6.069035530090332
318256,1.1932867765426636
320272,3.260474443435669
320992,14.856344223022461
321440,16.570877075195312
322752,16.081214904785156
323424,10.021096229553223
324064,10.570833206176758
324128,15.963876724243164
325376,16.02907371520996
326432,15.918570518493652
326576,11.370738983154297
326832,15.84304428100586
328016,15.880821228027344
328752,14.188148498535156
329040,10.759926795959473
330032,16.209924697875977
330304,5.2104315757751465
330416,8.931770324707031
331088,9.429889678955078
331856,13.380008697509766
331920,1.5180381536483765
332336,15.314664840698242
334000,15.888603210449219
334336,9.56392765045166
334576,2.495059013366699
334800,3.669980764389038
334800,0.8532992601394653
334816,15.35386848449707
334976,13.260703086853027
335152,11.603976249694824
335536,14.784130096435547
335872,14.856945037841797
335920,4.009097576141357
336304,8.57337760925293
336960,11.419717788696289
337376,15.196999549865723
337776,11.01014518737793
337888,15.11624813079834
338592,15.44299030303955
339936,2.980087995529175
340608,6.5900983810424805
341168,10.295990943908691
342064,15.731646537780762
342256,14.907540321350098
343088,14.86961555480957
343488,10.416028022766113
344144,15.646146774291992
344208,14.424973487854004
344464,15.869688987731934
345552,4.852839946746826
345664,6.505837917327881
345696,17.181915283203125
345952,16.04887580871582
346688,15.356998443603516
347168,15.087013244628906
347664,11.497028350830078
347696,15.130109786987305
348384,16.107173919677734
348640,3.2775747776031494
349168,14.921670913696289
349872,8.13880729675293
350864,5.549920082092285
352352,4.670042991638184
354016,15.165792465209961
354096,15.854653358459473
354848,6.516046524047852
354960,15.43720817565918
355424,15.160408020019531
355440,14.799337387084961
355664,15.61673641204834
355872,5.5954132080078125
357888,16.791200637817383
357952,15.471070289611816
358544,14.91939926147461
359664,1.0603684186935425
359872,9.673048973083496
360864,4.693968772888184
361680,15.614789962768555
361792,10.277363777160645
362432,2.4031307697296143
362816,11.79383659362793
362896,15.489436149597168
363232,15.405189514160156
363280,2.5980958938598633
363456,8.66517162322998
364672,3.126112461090088
364800,16.485546112060547
364880,14.433101654052734
365440,13.9552640914917
366256,15.860450744628906
367232,10.614571571350098
367248,5.768394470214844
367472,9.944419860839844
368224,9.79626750946045
368320,10.21794319152832
368864,16.06278419494629
369344,14.858125686645508
369808,4.39789342880249
370272,15.207633018493652
370832,9.336695671081543
371760,10.322154998779297
372272,4.999388694763184
372528,13.994911193847656
372624,16.97382354736328
372720,13.563566207885742
372944,8.96993637084961
373424,15.07071304321289
375984,15.938883781433105
376064,13.742233276367188
376064,5.274702548980713
376560,14.848587989807129
376816,1.7173199653625488
377024,5.785611629486084
378000,14.817934036254883
379616,16.52092933654785
379648,13.827249526977539
380160,15.787162780761719
380192,15.402461051940918
381104,16.41425895690918
381552,16.13851547241211
382640,16.882349014282227
383200,10.632352828979492
383216,15.866877555847168
383744,1.0209729671478271
383776,14.005929946899414
384064,9.32226848602295
385264,15.368134498596191
386224,16.80118751525879
386544,5.062399864196777
386640,11.683520317077637
386768,14.477156639099121
386832,16.321575164794922
386832,10.951229095458984
387296,2.259814500808716
387632,3.530827760696411
387984,10.066967964172363
388160,3.845919370651245
389216,5.778540134429932
389936,15.594704627990723
390656,5.666167259216309
390864,12.972515106201172
391568,5.4888386726379395
392032,15.317453384399414
393152,14.865710258483887
393904,13.865816116333008
394384,17.58431625366211
395632,15.395977020263672
395664,11.09719467163086
397520,16.873870849609375
398864,16.64278221130371
399296,15.978286743164062
399680,4.492384433746338
400848,15.507733345031738
401136,16.456621170043945
403152,16.710466384887695
403264,15.927566528320312
403968,1.9405231475830078
404432,7.09766960144043
404992,10.664392471313477
405584,1.9199836254119873
406592,10.509949684143066
406656,11.777932167053223
407024,9.592877388000488
407360,16.088903427124023
408016,15.481119155883789
408272,10.523354530334473
408720,3.8042213916778564
408912,3.4797680377960205
409264,14.702471733093262
409264,2.231058120727539
409344,13.872397422790527
409568,9.698135375976562
410304,16.05742645263672
410944,1.7093051671981812
411008,4.068305015563965
411728,10.538143157958984
411776,14.498103141784668
411792,14.751418113708496
411888,14.162583351135254
411968,3.047018051147461
412944,3.9606170654296875
413536,10.03113079071045
413808,15.995074272155762
414496,14.728300094604492
414512,15.867321968078613
415424,14.390678405761719
416448,15.265419960021973
417440,16.77978515625
417984,9.617935180664062
417984,12.317729949951172
418080,16.05150032043457
418256,1.956566572189331
419392,13.777219772338867
419456,16.54233741760254
420832,13.977521896362305
421552,15.15206527709961
421568,15.999505043029785
422480,16.115360260009766
422496,3.597653388977051
422592,11.129603385925293
423168,14.18518352508545
423392,2.6110682487487793
424240,15.414712905883789
424304,8.427597045898438
425040,15.304431915283203
425056,16.039953231811523
426304,14.957770347595215
426928,11.453518867492676
427216,15.813552856445312
427616,1.6281191110610962
427872,17.61382293701172
428384,5.2848334312438965
429536,15.070836067199707
430160,2.3346383571624756
430624,15.275022506713867
430864,14.319727897644043
431184,16.760953903198242
431520,14.252514839172363
432352,15.39736557006836
432928,14.59282112121582
432928,2.889721632003784
433024,15.133520126342773
433264,10.779780387878418
433424,12.285585403442383
434464,15.547118186950684
434912,13.991058349609375
435648,15.670536041259766
436448,18.078577041625977
437200,16.037797927856445
437280,15.07780647277832
437552,1.8032302856445312
438096,16.864652633666992
438640,14.729687690734863
439072,10.799812316894531
439120,7.810608863830566
439568,15.666888236999512
440064,3.4250991344451904
441712,15.598731994628906
441824,6.410097599029541
442384,15.098325729370117
442704,4.797822952270508
442736,14.945722579956055
444048,1.6739203929901123
444304,10.936588287353516
444384,5.029312610626221
446336,15.788905143737793
446384,15.282727241516113
446800,5.170249938964844
447280,16.34716033935547
447856,12.308003425598145
448016,5.093433856964111
448368,4.970303058624268
449120,6.54595947265625
449312,2.8514246940612793
449968,15.991073608398438
450304,11.201788902282715
451424,8.673954010009766
451504,4.429071426391602
451520,14.217668533325195
451904,16.858224868774414
452208,16.886863708496094
452432,3.398289442062378
452768,15.90134048461914
453152,16.372575759887695
453488,16.38941192626953
454224,16.214252471923828
454960,1.8459734916687012
455856,14.927417755126953
456160,10.03151798248291
456288,3.8332600593566895
457264,4.80350399017334
457744,15.9706392288208
458352,14.52481460571289
458384,16.650638580322266
458624,16.441572189331055
458656,15.752409934997559
458784,12.072161674499512
458992,9.875446319580078
459184,4.546008110046387
459840,5.735744953155518
459904,16.750158309936523
462128,16.574430465698242
463440,16.84554100036621
463488,2.2590506076812744
463488,2.4124839305877686
464352,14.893548011779785
466096,10.00357723236084
466192,15.411430358886719
466368,2.158736228942871
466560,16.370779037475586
466720,15.286385536193848
466992,15.739380836486816
467104,16.264793395996094
467360,16.969600677490234
467504,4.317803382873535
467824,15.135330200195312
467984,15.951216697692871
468800,4.553928852081299
470208,15.200907707214355
470864,17.338565826416016
471184,15.434298515319824
471216,17.330204010009766
471760,4.183621883392334
472704,1.4511204957962036
474368,8.199918746948242
474816,10.60152816772461
475216,6.401398181915283
475360,14.571454048156738
475632,2.449254274368286
476000,6.266279220581055
476192,2.8094115257263184
476784,17.207380294799805
478416,16.271047592163086
478800,15.867107391357422
479376,9.712593078613281
479696,16.485233306884766
480208,16.11400604248047
480656,7.274276256561279
481520,5.303397178649902
481536,6.249246120452881
482336,2.8687665462493896
482688,10.457813262939453
483152,14.814391136169434
483280,17.280458450317383
483328,15.24752140045166
485312,9.993459701538086
485824,10.265392303466797
486016,15.994911193847656
486192,1.674173355102539
486480,15.1669340133667
486672,15.322712898254395
487616,3.255235195159912
488000,14.869916915893555
488112,9.969067573547363
488864,15.646801948547363
490240,14.480863571166992
490240,16.22842788696289
490512,15.789627075195312
492384,14.871614456176758
492464,2.0419039726257324
492608,12.539587020874023
493184,13.69577407836914
493424,8.647695541381836
493440,16.325300216674805
493824,15.95707893371582
494288,13.707392692565918
494768,14.54213809967041
494848,5.598803997039795
495040,13.56704330444336
496048,15.092207908630371
496160,14.251708984375
496576,6.099104881286621
496976,15.435222625732422
497216,14.770307540893555
497456,4.163196563720703
498432,17.02957534790039
498720,9.943370819091797
499216,15.805023193359375
499232,6.882481575012207
499424,14.941950798034668
499488,11.405235290527344
499904,10.640833854675293
500304,5.394186973571777
500992,16.144628524780273
501920,14.346569061279297
502336,9.076086044311523
503040,3.8252243995666504
503264,15.805635452270508
503520,15.160099029541016
503744,1.9277372360229492
504576,15.198518753051758
504640,15.784283638000488
506448,7.1836018562316895
506752,15.281988143920898
507008,14.752660751342773
507952,4.037200927734375
508480,14.354138374328613
509968,15.184487342834473
509968,15.65405559539795
510352,15.10661506652832
511584,10.156014442443848
512384,15.514691352844238
512864,9.747105598449707
512880,9.238929748535156
513632,9.799500465393066
513696,15.444456100463867
514944,3.703305244445801
515376,16.076704025268555
515792,14.89832592010498
516480,16.368488311767578
518768,9.249934196472168
518880,15.2596435546875
519232,15.659579277038574
519392,15.583953857421875
519872,5.171769142150879
519936,9.712594985961914
521056,2.5278429985046387
521088,2.4013071060180664
521248,4.384496212005615
521616,16.18653678894043
522288,15.627079963684082
522560,15.48663330078125
522656,10.103130340576172
522848,15.070408821105957
523232,15.17636775970459
524816,12.668391227722168
524992,9.821109771728516
525840,5.016997337341309
526512,15.685139656066895
528208,15.964275360107422
529296,14.707983016967773
529488,15.30085277557373
529776,14.33152961730957
529872,16.379892349243164
530720,2.5664641857147217
530976,15.749542236328125
531808,3.521373987197876
532800,15.965871810913086
532864,13.965566635131836
533088,16.486120223999023
533456,16.11769676208496
534512,5.959110260009766
535456,15.303901672363281
535776,16.265823364257812
536256,13.691100120544434
536928,10.830523490905762
537104,3.436906576156616
537312,10.148319244384766
537744,10.785665512084961
538512,4.694986343383789
539040,15.400959968566895
540672,16.643352508544922
540864,8.231574058532715
541264,3.9900710582733154
541488,16.396451950073242
541680,3.3239636421203613
542544,10.873811721801758
543056,12.760982513427734
543408,7.0500335693359375
543744,8.408977508544922
543840,4.228940010070801
544320,3.2768752574920654
544896,6.877108097076416
544960,6.576131820678711
545136,15.249274253845215
546000,16.071481704711914
546160,14.895267486572266
546288,3.959599733352661
546704,2.2023215293884277
546992,17.597198486328125
548560,15.63165283203125
548672,10.859099388122559
549056,7.800933361053467
549152,15.055278778076172
549360,9.563314437866211
550336,11.655041694641113
551280,6.312936782836914
551584,5.846776962280273
551600,3.7289388179779053
551952,17.390291213989258
552768,2.226405143737793
553200,4.781756401062012
554032,10.741180419921875
554400,3.6268818378448486
556400,15.402878761291504
556768,7.602016925811768
557488,17.341854095458984
557504,2.743485450744629
558016,15.654644012451172
558848,16.587738037109375
559024,11.012228965759277
559424,5.0296149253845215
559984,17.55439567565918
560256,14.22584342956543
560368,12.089201927185059
560576,1.2994893789291382
560688,11.974164009094238
561168,11.434988021850586
561696,4.750421047210693
561952,5.03452730178833
562080,15.171408653259277
562912,4.397134780883789
563472,16.42654800415039
563712,17.483943939208984
563840,17.305761337280273
564256,13.825888633728027
564272,11.480009078979492
564784,18.31081199645996
564960,6.009827613830566
565056,6.470144271850586
565344,16.359027862548828
565520,10.84205436706543
565808,17.114776611328125
567280,16.41316795349121
568528,14.584999084472656
568976,16.456134796142578
569488,15.961527824401855
569536,3.2454936504364014
569632,15.64307975769043
570624,3.1919233798980713
570752,14.16391658782959
570976,14.855777740478516
571360,15.770059585571289
572128,5.91109561920166
572704,17.596378326416016
573040,16.94147491455078
573872,8.319856643676758
574992,13.30634880065918
576480,15.615761756896973
576704,13.103800773620605
577664,8.744561195373535
577760,1.3097628355026245
578768,9.959527015686035
578944,2.681168556213379
578944,6.979094982147217
581184,7.284666061401367
581200,16.40831184387207
581424,14.418050765991211
581552,10.23339557647705
581696,13.906270980834961
582528,17.137035369873047
583296,4.595885276794434
583504,17.593551635742188
584576,13.749239921569824
584800,15.670187950134277
584896,9.500404357910156
586432,16.500469207763672
587040,7.610424995422363
587424,7.13247537612915
587936,16.599016189575195
588208,15.818153381347656
588368,14.769408226013184
588560,10.882542610168457
588720,1.7918046712875366
589328,14.524182319641113
589616,5.42922306060791
589680,6.304633140563965
590176,10.28651237487793
590384,9.34457015991211
590768,8.058415412902832
590848,3.226318836212158
591328,3.1716012954711914
591408,13.689493179321289
591952,15.843223571777344
592688,3.0703229904174805
592928,14.03139591217041
593440,10.860006332397461
594848,10.206294059753418
595008,16.49598503112793
596000,4.042513370513916
596288,16.32355308532715
597648,14.9266357421875
597744,4.530811786651611
597808,16.11516571044922
598368,16.625267028808594
598864,7.519817352294922
599568,15.865317344665527
599600,5.052217483520508
601200,11.668113708496094
603488,16.66825294494629
604416,8.402474403381348
605008,15.007901191711426
605408,3.1213934421539307
605568,12.150655746459961
605648,14.089795112609863
606944,16.00310516357422
607152,16.670005798339844
607200,2.8932418823242188
607296,15.344305992126465
607648,16.676855087280273
608992,15.153143882751465
609120,15.007189750671387
609168,15.055258750915527
609184,18.02389144897461
609440,16.097570419311523
609664,15.230422973632812
609952,1.8040026426315308
610464,15.997978210449219
610672,3.5775740146636963
611600,2.457487106323242
612256,15.970982551574707
612448,17.127328872680664
612672,14.52949333190918
612960,15.777952194213867
614256,15.875215530395508
614640,11.034322738647461
616272,15.756162643432617
617488,6.593780040740967
618736,9.541800498962402
618784,14.853263854980469
618880,11.351003646850586
619248,10.159222602844238
619408,15.512728691101074
619568,16.735942840576172
620016,3.8043386936187744
620784,1.4965927600860596
621152,16.40676498413086
621248,6.0889787673950195
621600,3.8161251544952393
621872,10.76519775390625
622192,10.484630584716797
622512,0.902739405632019
622928,2.8790531158447266
623456,5.512867450714111
624032,4.745265483856201
625120,15.253210067749023
625984,15.29660701751709
626032,4.884828567504883
626208,9.800602912902832
627056,15.113615989685059
627104,14.05902099609375
627280,14.861787796020508
627568,5.81983757019043
627920,2.886293411254883
628224,15.212398529052734
628464,15.530529975891113
629840,16.622989654541016
630544,6.805522918701172
630912,15.897902488708496
633248,14.98166275024414
633664,16.04125213623047
633904,0.6386522054672241
634336,14.71055793762207
634512,4.105072975158691
634608,13.702573776245117
634672,9.883035659790039
635360,15.655926704406738
635376,1.6245468854904175
635392,15.421387672424316
635616,16.09225082397461
636624,16.174713134765625
638000,6.370080947875977
638256,15.195272445678711
638288,15.262664794921875
639040,15.488151550292969
639808,4.983810901641846
640000,14.831830024719238
640160,2.7764644622802734
641040,15.840641975402832
641472,1.5988845825195312
641584,16.244516372680664
642432,11.227638244628906
642624,14.952507019042969
643296,9.466127395629883
644912,16.973068237304688
645008,12.81217098236084
645056,15.455344200134277
645152,9.752522468566895
645392,17.007415771484375
646144,11.786371231079102
647072,2.1006364822387695
647568,15.814390182495117
647632,4.400038242340088
647728,10.97398853302002
648384,1.5310590267181396
648896,13.26639461517334
649104,6.604885578155518
649392,10.835224151611328
650256,3.684584140777588
650496,4.632186412811279
651424,16.641475677490234
651648,10.897141456604004
651792,15.667169570922852
651872,1.3487809896469116
652464,16.928630828857422
653360,11.244194984436035
654304,3.412339687347412
654352,6.0589423179626465
654464,9.910643577575684
655136,15.243766784667969
655760,14.794644355773926
655824,13.67182445526123
656208,15.659494400024414
656528,6.185146808624268
657376,5.37688684463501
657712,3.6294000148773193
657840,8.572732925415039
658288,16.67892837524414
658672,10.314545631408691
658720,16.54749298095703
659232,15.397122383117676
660800,8.338003158569336
661824,10.87126350402832
663232,15.467231750488281
663408,17.886192321777344
665696,16.092512130737305
665792,15.954044342041016
666784,16.347278594970703
667264,4.349913597106934
667344,16.036415100097656
667968,4.138372421264648
668320,10.57273006439209
669808,10.894174575805664
670000,15.559426307678223
670096,15.277483940124512
670496,1.357326865196228
670528,11.960411071777344
671552,14.134866714477539
671840,4.1219305992126465
672224,1.100165605545044
673984,14.662480354309082
674720,12.063366889953613
674864,16.208656311035156
675120,16.330808639526367
675408,11.971748352050781
676032,10.642178535461426
676608,16.42767333984375
676672,14.789997100830078
678384,16.052453994750977
678688,15.616388320922852
678704,16.88374900817871
678992,15.527867317199707
679248,14.798937797546387
679664,11.136649131774902
680480,12.30633544921875
681840,10.912005424499512
682528,17.264562606811523
684224,13.057768821716309
684224,13.517006874084473
685104,9.682206153869629
685296,15.021100997924805
685408,15.354154586791992
685472,15.465405464172363
685728,15.009888648986816
686496,3.872410774230957
686784,5.423850059509277
686880,14.292472839355469
686992,1.6703181266784668
689168,14.617100715637207
689296,15.54552936553955
690144,1.8856488466262817
690288,9.22021770477295
690368,3.819517135620117
690880,2.264845132827759
691312,2.594421625137329
691328,15.006759643554688
691568,4.170370578765869
692144,7.133729934692383
692320,15.697128295898438
693472,10.319168090820312
693616,15.473967552185059
693888,15.375133514404297
694272,1.5074398517608643
696800,6.764706134796143
697104,3.1069047451019287
697200,15.881719589233398
697904,15.390678405761719
698176,6.816455364227295
698208,16.30184555053711
698400,14.416194915771484
698592,14.009060859680176
698608,6.856735706329346
698912,14.35013484954834
699248,9.884941101074219
699392,13.640639305114746
699840,10.104596138000488
700672,2.7161009311676025
701472,1.7471842765808105
703568,6.701374053955078
703904,10.842337608337402
704416,1.2474417686462402
705312,16.23319435119629
705984,15.867202758789062
706240,6.673746109008789
706544,8.119067192077637
707056,16.65984344482422
707648,15.58288288116455
707728,3.2423949241638184
708944,15.128887176513672
709056,14.950392723083496
709680,14.437305450439453
709776,15.163321495056152
710144,15.979248046875
711248,15.89802360534668
711952,11.144989967346191
712864,3.824434757232666
713392,4.036245346069336
714960,5.784398555755615
714992,10.709250450134277
715328,16.09918212890625
716208,6.372707366943359
717424,15.566834449768066
718784,5.125589847564697
719184,6.598427772521973
719600,15.287879943847656
719808,16.29159164428711
720528,5.6510748863220215
721440,16.10225486755371
721824,10.54493236541748
722176,4.085881233215332
722416,14.293622970581055
722736,3.586369037628174
725088,14.521292686462402
725328,14.23604679107666
725920,15.788579940795898
726000,15.980445861816406
726272,15.797613143920898
727568,15.637245178222656
728352,4.3662428855896
728464,14.729995727539062
728800,12.806623458862305
728912,10.015711784362793
729056,15.411527633666992
729312,15.188036918640137
730416,5.638379096984863
730912,1.011858344078064
731344,8.685153007507324
731488,11.643330574035645
731664,1.2603189945220947
732160,16.40712547302246
732160,2.8801379203796387
732656,11.2953462600708
732768,10.92685317993164
733792,14.752872467041016
733920,7.2970991134643555
734240,10.262277603149414
734928,14.826373100280762
735328,10.47535228729248
736112,10.7681884765625
737360,10.390870094299316
737536,14.34512996673584
737984,7.854734420776367
738336,16.718358993530273
739296,5.703266143798828
739936,16.277435302734375
740272,14.59257984161377
740352,15.997102737426758
740944,16.85376739501953
740960,14.252628326416016
741168,12.729867935180664
741952,10.546456336975098
742640,1.6066184043884277
742752,15.310131072998047
743360,5.398780345916748
743888,14.74897289276123
744176,3.20033597946167
744336,15.845178604125977
744624,16.1948299407959
746320,16.393346786499023
747424,12.476207733154297
747504,14.694649696350098
748256,14.569595336914062
748368,14.468997955322266
748560,5.3623270988464355
749456,10.956303596496582
749536,16.79936408996582
750896,16.310884475708008
751056,14.327468872070312
751328,10.74979305267334
751984,14.511421203613281
752160,4.114935874938965
752352,1.3017734289169312
752832,2.9988420009613037
753008,16.320297241210938
753072,16.0023136138916
754448,16.50269317626953
754544,10.4537353515625
755472,14.539419174194336
757536,10.87529468536377
758224,16.071950912475586
758480,3.5681917667388916
759040,17.86332893371582
759120,11.294759750366211
759360,4.9329986572265625
759552,3.57375431060791
760480,16.092180252075195
761056,2.11213755607605
761296,13.240293502807617
762400,4.985867500305176
763040,15.778950691223145
763056,3.0012047290802
763120,2.723572254180908
764208,4.086312294006348
764272,15.98260498046875
764416,12.993391036987305
764608,16.093395233154297
764736,9.866336822509766
765024,2.842874526977539
765648,17.13347625732422
765824,2.1118364334106445
766864,3.057317018508911
767088,10.760991096496582
767376,10.943615913391113
767440,11.75078296661377
767952,15.655111312866211
768080,15.457694053649902
768208,16.7886905670166
768480,17.623905181884766
769280,15.904229164123535
770288,10.167033195495605
770944,10.342687606811523
771344,16.61260414123535
772160,1.799930453300476
772416,16.211715698242188
774192,3.812368154525757
774592,13.74700927734375
774912,15.295567512512207
775200,17.375158309936523
776448,1.865371584892273
776752,16.57282257080078
777488,8.03056526184082
778160,15.938118934631348
778416,15.107057571411133
779120,17.591825485229492
779856,14.761322975158691
780240,10.862360954284668
780304,16.108598709106445
780496,1.0112967491149902
780720,2.263805866241455
781344,11.513830184936523
781360,4.8495917320251465
782336,12.685547828674316
783504,14.564521789550781
784288,16.794864654541016
784672,3.6252846717834473
785360,6.192401885986328
785392,15.642621040344238
785856,16.857784271240234
786144,3.8592169284820557
787440,10.681472778320312
787840,15.831718444824219
788032,5.226451396942139
788352,1.959173321723938
788704,4.544400691986084
788944,3.667771339416504
788992,17.21555519104004
789056,16.14219856262207
789808,4.849009037017822
790224,18.023670196533203
790384,14.760649681091309
791120,3.559957265853882
791408,11.093897819519043
791600,6.478395938873291
794032,18.340272903442383
794208,16.765607833862305
795040,16.052091598510742
796160,15.975089073181152
796880,10.278822898864746
797376,16.81320571899414
797376,16.485454559326172
798848,16.104707717895508
799344,16.90681266784668
799376,4.565744876861572
799536,15.347018241882324
800816,11.09876537322998
800944,16.11083984375
800944,15.80136489868164
801296,10.835994720458984
801344,2.132444381713867
801680,15.476449012756348
802080,14.724691390991211
802144,2.594135284423828
802784,1.2597618103027344
802912,15.828553199768066
803104,9.906632423400879
803632,6.003242492675781
803936,16.674041748046875
804176,15.878618240356445
804448,16.6469669342041
804688,4.965246200561523
805488,2.671245574951172
805632,10.197389602661133
805792,1.6430294513702393
806560,8.11563777923584
806720,16.829315185546875
806816,10.860000610351562
808192,3.399812698364258
808224,13.012873649597168
808704,16.84434700012207
808912,13.809588432312012
809008,10.370933532714844
809328,18.13640594482422
810464,17.627687454223633
810784,11.494370460510254
811248,15.930002212524414
811760,9.941970825195312
812240,17.143095016479492
814048,17.012670516967773
814288,14.95044994354248
816896,3.537592649459839
817456,16.585329055786133
817792,16.60032844543457
817824,17.059309005737305
818384,13.723248481750488
818432,4.2187652587890625
818576,12.005826950073242
818640,6.829583168029785
819248,1.956390380859375
820064,11.02914047241211
820224,17.379133224487305
820336,9.9111328125
820384,2.1554505825042725
821312,2.6107747554779053
821568,18.011613845825195
822240,10.677077293395996
822288,3.950503349304199
823296,2.9378890991210938
823360,12.352540016174316
823680,16.905597686767578
824368,6.310192584991455
824864,16.330167770385742
825312,5.554981231689453
825360,13.946616172790527
825536,13.393255233764648
825824,16.371612548828125
826080,9.722660064697266
826176,7.156670093536377
826976,11.938809394836426
827312,5.204887390136719
829104,18.049575805664062
829136,15.889485359191895
829600,15.839280128479004
829904,1.864421010017395
829936,3.5859034061431885
829952,13.156781196594238
830368,4.189553737640381
830784,4.4362969398498535
830880,7.369621753692627
831232,4.930034637451172
831296,1.5913833379745483
831488,7.35775899887085
832160,10.337505340576172
832384,15.33788013458252
832384,10.632341384887695
832688,4.619101047515869
833904,15.493111610412598
834480,17.10183334350586
834896,16.35569953918457
835664,3.7353203296661377
835760,13.798030853271484
837312,1.0785890817642212
838336,4.257851600646973
838896,5.770465850830078
839376,18.374488830566406
839536,17.281587600708008
839552,17.46126365661621
839952,15.607942581176758
840064,3.496035099029541
840080,11.857083320617676
840320,7.076379299163818
840944,15.489212036132812
841024,3.015536308288574
842848,6.955296516418457
842992,15.955873489379883
843072,12.651744842529297
843872,12.86841106414795
844368,3.8273274898529053
844432,11.402885437011719
846176,1.395939588546753
846480,10.49581527709961
846544,15.63300895690918
847216,10.495137214660645
847280,3.645970582962036
847328,14.902545928955078
847456,12.417922973632812
850672,14.2015962600708
850960,14.902360916137695
851072,15.7124605178833
851488,16.555435180664062
851616,16.720413208007812
852736,14.89931869506836
853456,1.7339974641799927
853520,10.238682746887207
853840,15.950713157653809
854096,10.956143379211426
854576,15.075702667236328
855248,15.538381576538086
855520,3.1764283180236816
855600,1.9254906177520752
855968,2.60860013961792
855984,3.229982376098633
856464,14.756685256958008
857168,2.466230630874634
857216,3.6475043296813965
857360,16.46059226989746
857728,15.944809913635254
857792,14.524249076843262
858128,11.029410362243652
858336,1.3382025957107544
858352,3.567359447479248
858528,11.463706016540527
858672,9.015955924987793
859248,2.351006269454956
859360,12.46556568145752
860704,16.481813430786133
861360,9.590210914611816
862048,4.452030181884766
862768,16.377586364746094
862976,14.4587984085083
863552,16.411264419555664
863968,10.127998352050781
865424,11.260970115661621
865648,14.354623794555664
866560,10.86645221710205
867072,7.246496677398682
867088,15.76284122467041
867472,3.817164421081543
868464,16.90236473083496
868864,5.749237537384033
869008,14.853156089782715
869888,7.1732635498046875
870512,15.160770416259766
870576,16.38701820373535
870640,14.564250946044922
870720,1.3452163934707642
871472,2.224088430404663
871936,4.812413215637207
872784,17.73822021484375
873632,12.063835144042969
874432,4.77040433883667
874800,15.149514198303223
875360,15.342734336853027
875456,5.3937859535217285
875600,1.475347638130188
877072,6.389906883239746
877232,4.0480828285217285
878000,15.705129623413086
878896,16.973125457763672
879392,15.760009765625
879696,1.2168430089950562
880320,3.9026904106140137
880784,16.439498901367188
881248,14.808467864990234
881424,16.32988739013672
881808,1.8670605421066284
882000,16.689973831176758
882896,1.2607617378234863
883856,15.935802459716797
884064,4.141753673553467
884304,16.618654251098633
884608,9.92741870880127
885120,15.776042938232422
885120,4.355033874511719
885888,5.093087196350098
887456,14.403371810913086
887696,15.560653686523438
888400,16.936683654785156
888640,16.144546508789062
889760,2.6283199787139893
889792,3.4983787536621094
890640,13.193913459777832
891248,2.7058563232421875
892192,16.20220184326172
892192,17.154672622680664
892832,16.21973419189453
893408,10.174361228942871
894608,17.214120864868164
894832,10.6058988571167
894960,7.767385959625244
895760,15.759115219116211
896016,17.168506622314453
896448,10.694037437438965
897376,10.618754386901855
897792,2.873222589492798
898112,10.107177734375
898304,10.482207298278809
899040,10.33769416809082
899968,9.429801940917969
900048,5.170032024383545
900064,3.5183517932891846
902000,16.232332229614258
902528,15.044473648071289
902624,8.654336929321289
902656,10.901598930358887
902944,17.119647979736328
903952,10.604188919067383
905264,15.140448570251465
906160,15.622698783874512
906608,16.834606170654297
907040,10.100656509399414
907632,15.176051139831543
909696,14.801959991455078
909792,15.412232398986816
910624,0.95413738489151
910688,15.676644325256348
910944,17.534257888793945
911280,13.45528793334961
911664,15.030345916748047
912736,6.709833145141602
913072,17.05154800415039
913248,14.453505516052246
913472,15.40298080444336
913616,2.701992988586426
914496,15.155804634094238
915216,10.974261283874512
915312,10.578371047973633
915856,15.117910385131836
915968,1.0078548192977905
917200,13.76785945892334
917872,14.383966445922852
918512,14.105576515197754
918656,12.360929489135742
919472,15.978716850280762
919520,14.87959098815918
919552,10.730198860168457
919728,5.374586582183838
920224,16.145978927612305
920640,3.9249703884124756
921344,14.839344024658203
922432,16.027997970581055
923936,11.543402671813965
925568,16.767913818359375
925696,15.429177284240723
925920,10.09420394897461
925968,2.7421822547912598
926048,15.136918067932129
926704,3.4720990657806396
928544,1.1463710069656372
929312,2.6830506324768066
929488,14.898895263671875
929488,14.686280250549316
929584,15.64692211151123
930448,15.093631744384766
930512,3.029322385787964
930528,15.490087509155273
931136,6.9072041511535645
931600,15.197206497192383
932192,9.552054405212402
932992,11.384845733642578
933120,14.850896835327148
934080,14.996017456054688
934176,16.448020935058594
934848,14.675692558288574
935248,16.02151870727539
935648,13.725533485412598
935680,8.169538497924805
936208,14.801214218139648
937424,16.207242965698242
937648,16.38127326965332
937776,15.505217552185059
938016,15.764955520629883
938880,2.913804292678833
940736,16.30463218688965
941008,16.25716781616211
941632,8.107426643371582
942464,2.2558672428131104
942560,13.443690299987793
943424,14.544257164001465
943936,9.946166038513184
944896,15.73442554473877
945216,16.581676483154297
945680,15.53490161895752
946016,16.334041595458984
946464,3.8548362255096436
948352,15.37832260131836
948384,15.890917778015137
948784,14.33601188659668
949264,12.570910453796387
949936,15.769536972045898
951264,9.994888305664062
951520,15.621732711791992
951824,15.564123153686523
951904,15.450875282287598
951952,15.60486125946045
952176,3.2598235607147217
952368,14.283215522766113
952640,15.498689651489258
952832,15.2095947265625
953520,1.8562989234924316
953616,14.78501033782959
953648,16.058042526245117
953696,2.59847092628479
953920,4.581873416900635
955296,15.250268936157227
955456,15.953176498413086
956352,3.2430474758148193
956384,3.9800496101379395
956976,16.489042282104492
957072,13.447160720825195
957120,11.750248908996582
957312,15.104510307312012
957376,2.8591530323028564
958096,3.702784299850464
958240,14.7326078414917
958688,12.885156631469727
961808,16.609935760498047
961840,17.620820999145508
962208,4.453559875488281
962304,16.189607620239258
962416,15.766264915466309
962752,17.549970626831055
963712,10.819366455078125
963712,11.328200340270996
964432,11.415946960449219
964544,15.411623001098633
965792,11.767598152160645
966368,1.0207749605178833
967072,11.785669326782227
967296,15.828292846679688
967776,1.2481058835983276
968704,10.979114532470703
969840,3.2579965591430664
970640,2.212890148162842
971840,2.9672608375549316
971904,2.7878527641296387
972448,10.76162052154541
972608,16.072946548461914
973920,8.895870208740234
975520,15.593097686767578
975808,17.31425666809082
977536,14.92883014678955
977728,16.532085418701172
978048,14.793907165527344
979024,15.140928268432617
979152,15.219314575195312
979408,11.963953971862793
979472,15.258476257324219
979504,16.824905395507812
979584,15.79487419128418
980384,9.564088821411133
980384,2.776989221572876
981520,13.952635765075684
981920,10.78605842590332
981920,10.312512397766113
981920,1.8822407722473145
982688,16.010107040405273
982784,3.3814923763275146
983856,15.456616401672363
985216,8.059163093566895
986640,13.756253242492676
986832,5.106578826904297
987088,16.65723991394043
987168,10.581374168395996
987392,15.076359748840332
987824,11.317960739135742
988704,17.087337493896484
989984,8.373576164245605
990240,15.242166519165039
990992,2.914071798324585
993824,8.727166175842285
994304,15.252485275268555
994672,16.585723876953125
994928,14.924415588378906
995008,3.6615848541259766
995744,15.456690788269043
996272,14.850214004516602
996448,10.618584632873535
996928,16.30938148498535
997632,14.00865650177002
998880,9.55058765411377
998976,10.083749771118164
999152,5.150763034820557
999488,13.07068920135498
999808,15.032641410827637
1000608,16.485816955566406
1000784,9.838984489440918
1001008,15.482123374938965
1002048,5.28416633605957
1002656,14.617531776428223
1003008,2.0293171405792236
1003088,13.456863403320312
1003184,9.278823852539062
1003184,16.33848762512207
1003376,16.413440704345703
1003600,2.9067142009735107
1004400,9.868276596069336
1006816,14.891477584838867
1008080,16.68606948852539
1008848,16.052404403686523
1008880,15.501606941223145
1009680,15.413505554199219
1010304,14.900894165039062
1010464,14.659998893737793
1010576,9.696392059326172
1011296,16.00001335144043
1011440,14.40347671508789
1012464,15.578636169433594
1012496,15.176602363586426
1012656,16.094682693481445
1012864,15.651371955871582
1012928,14.090662002563477
1014096,15.267513275146484
1014768,15.37360954284668
1015056,2.8125178813934326
1015968,2.8209922313690186
1016016,15.058186531066895
1016080,3.2166860103607178
1016592,14.64908504486084
1017376,14.438045501708984
1017392,16.356908798217773
1018656,13.558384895324707
1019600,15.154568672180176
1019936,14.647367477416992
1021152,15.419848442077637
1022576,4.554757118225098
1022976,15.324763298034668
1023728,12.349547386169434
1024320,6.024473190307617
1024512,4.360770225524902
1024736,16.475473403930664
1025344,13.702007293701172
1025504,15.209833145141602
1025648,16.484935760498047
1026784,14.877964973449707
1027616,15.195021629333496
1027840,15.372617721557617
1028432,14.845695495605469
1029744,5.811676025390625
1029760,16.022974014282227
1030112,14.511198043823242
1030848,2.0307297706604004
1030992,10.57985782623291
1031936,16.4516658782959
1033296,14.272941589355469
1033904,1.0837117433547974
1033936,1.6980351209640503
1033952,6.068423748016357
1034160,13.859383583068848
1034400,14.0828218460083
1034672,1.0101854801177979
1035216,0.9725598692893982
1035824,16.634004592895508
1036016,17.256654739379883
1036032,14.78897476196289
1036576,6.161342620849609
1036976,16.090957641601562
1037472,15.470697402954102
1037504,14.454895973205566
1039056,5.811874866485596
1039360,14.19465160369873
1040032,10.302045822143555
1040848,10.022826194763184
1041456,14.406207084655762
1041696,16.004379272460938
1041840,11.349197387695312
1042032,5.701100826263428
1042112,0.9607546329498291
1042368,10.137866973876953
1042496,10.412740707397461
1043072,11.440871238708496
1043184,15.639763832092285
1043552,1.2943108081817627
1044144,7.162669658660889
1045392,13.552873611450195
1045568,15.825787544250488
1045728,15.845525741577148
1046160,9.730820655822754
1047104,3.267335891723633
1047248,14.809053421020508
1047616,9.089662551879883
1048000,2.430182456970215
1048208,15.498185157775879
1048800,10.95950698852539
1049072,10.71224594116211
1049152,16.93794822692871
1049584,4.108967304229736
1050592,15.582030296325684
1050592,9.761517524719238
1050912,14.476730346679688
1051760,15.59962272644043
1052544,15.220264434814453
1052672,15.184686660766602
1053696,15.719161033630371
1054208,14.81836986541748
1054240,13.696438789367676
1055312,15.27298641204834
1055376,15.354680061340332
1056112,15.06457805633545
1056976,5.311764717102051
1057712,16.880680084228516
1057744,13.560098648071289
1058560,8.957969665527344
1058560,3.0332565307617188
1059072,7.103446006774902
1059600,15.664511680603027
1060176,15.71095085144043
1060208,15.559135437011719
1061200,14.983478546142578
1061216,16.256101608276367
1062096,3.7106244564056396
1062368,16.755544662475586
1062768,1.9618821144104004
1063344,4.446139335632324
1063648,3.852370500564575
1063824,14.523633003234863
1064960,14.659174919128418
1065328,4.77830696105957
1066000,8.10124397277832
1066096,17.365570068359375
1066368,1.0100406408309937
1066496,16.44538688659668
1067312,8.73663330078125
1068080,2.838870048522949
1068592,15.458890914916992
1068928,5.894350528717041
1069408,4.798832893371582
1069472,16.622661590576172
1070800,4.146881103515625
1070880,13.667695045471191
1071648,17.223447799682617
1072448,16.01957893371582
1072576,12.42935848236084
1073072,16.188108444213867
1073216,11.094329833984375
1073472,11.87983226776123
1074176,5.250532627105713
1074912,2.713772773742676
1076128,16.79395294189453
1076784,16.49445915222168
1077008,15.806809425354004
1077632,4.6842169761657715
1077680,17.26508140563965
1077808,14.698354721069336
1077856,15.998189926147461
1078624,14.43713092803955
1079376,14.732004165649414
1079952,3.7227580547332764
1080528,10.234861373901367
1081392,4.790942192077637
1081488,15.879888534545898
1082032,15.776958465576172
1082528,8.29827880859375
1083408,17.009511947631836
1083856,14.220815658569336
1083952,17.157894134521484
1084384,1.214845895767212
1084688,12.1049165725708
1085392,0.8398705720901489
1086992,14.335953712463379
1087328,17.00897979736328
1087584,15.781932830810547
1088448,2.875439405441284
1088608,14.339665412902832
1089600,14.58323860168457
1089952,10.197010040283203
1090528,4.432612895965576
1090784,1.4358338117599487
1091056,10.090991020202637
1092592,4.004055500030518
1092624,6.710547924041748
1093328,5.123788356781006
1093424,4.4978532791137695
1093792,10.253937721252441
1094256,14.749354362487793
1094624,14.852953910827637
1094960,10.383764266967773
1095024,15.573629379272461
1095792,16.746397018432617
1096064,16.30807876586914
1096160,14.568084716796875
1096272,3.3098597526550293
1096976,17.4591064453125
1097200,9.870035171508789
1097408,15.856661796569824
1098704,11.438770294189453
1098912,3.5369598865509033
1098960,16.58528709411621
1099680,11.959123611450195
1099872,15.83553409576416
1100048,10.626011848449707
1100176,5.635542392730713
1100480,17.542861938476562
1100672,15.494930267333984
1101408,16.818313598632812
1101712,15.717339515686035
1102032,17.193506240844727
1102384,3.394367218017578
1103392,15.523527145385742
1103648,14.965550422668457
1103872,1.6089582443237305
1103968,16.365436553955078
1104224,16.145265579223633
1104320,6.013355731964111
1104480,10.881932258605957
1104544,2.9968059062957764
1104832,5.045167446136475
1106880,14.43814754486084
1107776,3.2220065593719482
1108592,16.187524795532227
1108944,14.57555103302002
1109648,10.367128372192383
1110496,10.456747055053711
1110624,16.22211456298828
1111280,16.306608200073242
1111824,15.290425300598145
1112048,15.79562759399414
1112080,17.119895935058594
1112528,11.761070251464844
1112608,15.178470611572266
1112624,14.894433975219727
1115184,10.293767929077148
1115568,15.995780944824219
1115632,2.192255973815918
1115744,10.484049797058105
1116288,10.652057647705078
1116496,2.040926456451416
1116624,3.432614326477051
1117200,1.4480310678482056
1117408,16.588483810424805
1118320,3.0302839279174805
1119648,17.310514450073242
1120160,15.879558563232422
1121312,16.592924118041992
1121616,15.405138969421387
1121840,13.750143051147461
1122400,4.552136421203613
1122880,14.805848121643066
1123152,1.6787840127944946
1123296,9.675680160522461
1124464,11.931906700134277
1124512,4.2082414627075195
1124640,14.950457572937012
1125520,14.545981407165527
1126144,8.32070255279541
1126464,4.636585712432861
1126528,16.093507766723633
1126720,15.480451583862305
1126768,15.400813102722168
1128080,16.194053649902344
1128496,1.0505478382110596
1128544,14.80123233795166
1128992,15.84820556640625
1129424,2.676150321960449
1130432,17.194734573364258
1131152,9.79175090789795
1131472,8.111151695251465
1132368,5.458927631378174
1132528,16.816495895385742
1132592,16.118633270263672
1133152,14.127038955688477
1133216,13.932947158813477
1134032,9.808661460876465
1134096,4.684264183044434
1135456,15.51233196258545
1136160,16.754697799682617
1136368,15.62109661102295
1136704,15.752309799194336
1136960,15.487687110900879
1137056,3.8090901374816895
1137520,14.738836288452148
1137760,12.623053550720215
1137920,5.217743396759033
1139040,13.028108596801758
1139904,1.9885071516036987
1140240,16.7489070892334
1140576,14.591348648071289
1142144,1.163197636604309
1142480,11.066887855529785
1142960,14.746153831481934
1143152,14.762587547302246
1143200,1.4948716163635254
1143296,15.744674682617188
1143760,14.674580574035645
1143792,4.506174564361572
1143808,16.38973617553711
1144352,16.25318145751953
1145920,10.597611427307129
1146032,16.029340744018555
1147376,15.16008186340332
1148576,4.927645683288574
1148624,10.435863494873047
1148832,11.69741439819336
1149456,15.585330963134766
1150384,10.689796447753906
1150576,2.3076345920562744
1150608,12.017562866210938
1151344,9.088618278503418
1151552,4.29529333114624
1151584,1.3479944467544556
1151920,14.849671363830566
1151968,4.939178466796875
1152160,14.547462463378906
1152352,5.942038059234619
1153360,15.001272201538086
1153696,15.477343559265137
1154144,10.327204704284668
1155088,15.92485237121582
1155232,16.416711807250977
1155824,15.799627304077148
1155888,13.962993621826172
1156480,10.834282875061035
1156544,12.452180862426758
1157216,16.618728637695312
1157264,6.711623668670654
1157664,16.8818359375
1157840,9.740701675415039
1158368,11.3414945602417
1159088,16.621578216552734
1159584,10.726743698120117
1160176,15.05700969696045
1160976,16.302392959594727
1161248,15.814425468444824
1161824,16.078510284423828
1162256,17.554630279541016
1163040,16.273792266845703
1163200,16.61908721923828
1163616,16.141857147216797
1163664,15.646895408630371
1164496,16.53046226501465
1165360,16.038970947265625
1165760,10.347819328308105
1165776,10.31784725189209
1166288,17.070547103881836
1166320,15.425834655761719
1166752,15.252695083618164
1167184,15.806173324584961
1167216,16.05510139465332
1168608,5.2292656898498535
1169984,16.12596321105957
1170448,3.045278549194336
1170832,16.934711456298828
1171520,6.054659843444824
1171632,2.462237596511841
1172528,17.236553192138672
1172896,5.127863883972168
1174128,3.4264817237854004
1174224,11.561779975891113
1174240,15.971860885620117
1174368,16.770761489868164
1174416,17.24309730529785
1174960,16.226383209228516
1175536,12.150534629821777
1175712,4.8091301918029785
1175744,5.0028533935546875
1175808,12.644269943237305
1175904,15.457159042358398
1177744,15.59325885772705
1177760,16.393762588500977
1178624,14.991170883178711
1178848,2.84944486618042
1178896,3.5624680519104004
1179280,14.409195899963379
1179312,17.47034454345703
1179360,15.426994323730469
1179488,16.688962936401367
1179584,12.462800979614258
1180512,15.74832820892334
1181184,6.895230770111084
1182400,16.615129470825195
1182848,17.77142333984375
1182928,5.823760509490967
1183152,16.085012435913086
1183712,16.824756622314453
1184672,11.123857498168945
1185408,12.804405212402344
1186032,16.928556442260742
1186320,10.299993515014648
1186368,3.048624277114868
1187104,15.104561805725098
1187504,10.48476505279541
1188912,11.372093200683594
1189552,15.787942886352539
1189728,0.6979372501373291
1190064,10.39757251739502
1190144,16.147396087646484
1190368,9.831319808959961
1190384,16.448230743408203
1190896,16.33269500732422
1191008,3.3103864192962646
1191040,16.678043365478516
1191152,11.498586654663086
1191504,12.171469688415527
1192304,17.223896026611328
1193552,1.183121919631958
1193792,10.69890308380127
1194288,3.2260565757751465
1194816,16.40575408935547
1195248,5.66072416305542
1195840,16.94056510925293
1196352,5.310728073120117
1197360,16.104778289794922
1197952,7.088828086853027
1198784,17.006853103637695
1199088,16.441787719726562
1199312,15.259435653686523
1200000,15.991867065429688
1200112,17.004316329956055
1200928,17.511415481567383
1201600,15.414199829101562
1201888,9.809186935424805
1202688,7.798634052276611
1202848,16.039045333862305
1202944,17.545989990234375
1203344,17.15665626525879
1204544,17.329328536987305
1205968,15.426976203918457
1206096,9.670207023620605
1206160,10.915094375610352
1206400,16.652477264404297
1206448,15.704246520996094
1206640,15.776959419250488
1207248,17.028987884521484
1208240,2.609480381011963
1208880,16.93014144897461
1209104,10.2547025680542
1211392,6.6369309425354
1211888,5.419962406158447
1213024,7.285409927368164
1213600,17.2376708984375
1215040,13.147494316101074
1215072,2.4884068965911865
1215168,15.219022750854492
1215536,14.667767524719238
1215696,16.14086151123047
1217216,17.399702072143555
1217728,11.236836433410645
1217840,4.637345314025879
1218368,11.823737144470215
1219264,17.78072738647461
1219280,5.162744045257568
1220432,6.753237247467041
1220720,4.9957475662231445
1221248,13.184319496154785
1221328,15.451379776000977
1222320,16.540285110473633
1222432,3.078914165496826
1222768,4.096526622772217
1224976,13.533018112182617
1225328,16.150102615356445
1225632,4.060610294342041
1225744,1.1157550811767578
1225904,18.770536422729492
1225984,17.5443058013916
1226352,14.283615112304688
1226416,16.68449592590332
1227248,3.0031116008758545
1227712,13.403307914733887
1227984,16.627975463867188
1228960,4.0862603187561035
1229008,3.7154784202575684
1229312,7.10348653793335
1229808,9.721434593200684
1230432,2.9952220916748047
1231056,6.287322998046875
1231536,17.419204711914062
1231664,8.580216407775879
1232272,1.6363863945007324
1232496,15.66297435760498
1232576,3.5405521392822266
1233392,15.529191970825195
1233584,15.894904136657715
1234352,16.580808639526367
1236752,16.708301544189453
1237120,14.367984771728516
1237312,11.670085906982422
1238208,14.436904907226562
1238976,11.593583106994629
1239072,18.004440307617188
1239168,17.672849655151367
1239632,16.621837615966797
1239712,10.79381275177002
1239888,16.35306739807129
1239904,7.519662380218506
1240704,3.7002546787261963
1240864,3.7581636905670166
1241776,16.849777221679688
1242704,15.160512924194336
1242784,7.511529922485352
1242960,14.853964805603027
1243920,17.210641860961914
1244528,16.278486251831055
1244592,17.64989471435547
1245152,11.072173118591309
1245184,7.130221366882324
1245536,14.91476821899414
1246032,16.042795181274414
1246256,16.010343551635742
1246400,17.159570693969727
1246512,5.633335113525391
1247184,4.674454689025879
1247408,17.353229522705078
1247600,2.961857318878174
1247840,15.56718635559082
1248512,11.855685234069824
1248816,16.066003799438477
1248992,5.607102870941162
1249344,2.1966936588287354
1249376,4.1839094161987305
1249504,17.49052619934082
1250640,4.204136371612549
1251648,4.273928642272949
1251984,11.473087310791016
1252464,11.026360511779785
1252752,5.103116989135742
1252752,2.398007869720459
1253104,15.707829475402832
1253312,3.6849546432495117
1253792,9.780031204223633
1253904,11.053239822387695
1254128,17.294254302978516
1254256,17.516216278076172
1255200,18.86098861694336
1256112,9.736790657043457
1257408,16.387195587158203
1257600,12.198139190673828
1257632,10.670281410217285
1257808,15.112396240234375
1258320,15.825987815856934
1258656,17.307043075561523
1260096,14.235407829284668
1260896,11.082820892333984
1260928,10.77638053894043
1261104,15.809347152709961
1261392,1.029658317565918
1261760,4.560229778289795
1262176,15.512742042541504
1263968,15.335343360900879
1264784,15.73646354675293
1265280,15.901473999023438
1265568,15.749918937683105
1265728,16.70219612121582
1266112,14.378475189208984
1266288,15.746649742126465
1267104,11.192032814025879
1267152,15.044588088989258
1267584,4.277019023895264
1267744,1.2675269842147827
1268080,14.544647216796875
1268832,17.312938690185547
1270496,3.9451417922973633
1270752,6.544733047485352
1270976,11.299409866333008
1271408,3.682009220123291
1271952,16.094205856323242
1272400,17.774227142333984
1272432,15.692468643188477
1272448,17.308189392089844
1272576,15.15568733215332
1272784,10.623313903808594
1273248,2.849574327468872
1275520,11.735079765319824
1275600,1.1722949743270874
1276848,15.439637184143066
1277120,13.78182601928711
1277904,4.026480197906494
1278016,15.411376953125
1278432,15.1344633102417
1278528,3.2653982639312744
1279216,1.8288551568984985
1279424,14.71672534942627
1279952,15.11089038848877
1280192,3.111680507659912
1280336,3.1111462116241455
1280720,15.8172607421875
1281664,16.177021026611328
1282448,16.692407608032227
1282688,6.173223972320557
1283200,15.606240272521973
1284768,16.441442489624023
1286160,5.732849597930908
1286672,2.9432404041290283
1287696,16.550195693969727
1288032,4.3595404624938965
1288368,6.019894123077393
1288608,14.776490211486816
1288768,11.087508201599121
1288848,16.284549713134766
1289648,7.986401557922363
1290544,16.6445369720459
1291472,16.17910385131836
1291488,10.795527458190918
1291728,3.390704393386841
1292048,14.383039474487305
1293488,15.633387565612793
1294144,15.108593940734863
1294976,14.78001880645752
1295056,16.060020446777344
1295088,15.896770477294922
1295264,15.64390754699707
1295648,1.0427759885787964
1295696,10.600635528564453
1295920,2.7904903888702393
1295936,17.473936080932617
1296192,15.766651153564453
1296224,9.90499496459961
1297152,3.916323661804199
1298240,4.0105204582214355
1298464,15.618218421936035
1298576,2.0272865295410156
1298896,14.463504791259766
1300048,14.745532035827637
1300048,12.243291854858398
1300288,14.715004920959473
1300992,0.9620368480682373
1301280,9.507970809936523
1301776,15.630165100097656
1302688,10.15327262878418
1302816,14.709569931030273
1302928,2.8094873428344727
1304928,3.8892836570739746
1306064,3.6703219413757324
1306336,14.86525821685791
1306448,16.03165054321289
1306512,14.521563529968262
1307184,12.635018348693848
1308944,3.531442165374756
1308992,11.104111671447754
1309184,10.741951942443848
1309280,1.0115712881088257
1309296,6.05025053024292
1309408,2.789257049560547
1309936,15.732839584350586
1310224,16.167682647705078
1310832,15.421690940856934
1311056,16.413511276245117
1311488,7.686734199523926
1311696,9.855076789855957
1312256,2.093771457672119
1312416,15.70853328704834
1313008,14.025613784790039
1313504,3.0296502113342285
1313536,15.789133071899414
1314240,11.053071022033691
1314448,2.626067876815796
1316416,15.865158081054688
1316960,16.94321060180664
1317136,3.4833412170410156
1317792,16.259952545166016
1318000,1.6426764726638794
1318352,16.466461181640625
1318560,15.16848373413086
1319280,14.699743270874023
1319840,3.8627939224243164
1320144,5.1660661697387695
1320688,11.194817543029785
1320752,16.550731658935547
1321872,16.030757904052734
1321936,14.048513412475586
1322672,10.722474098205566
1323232,3.620737314224243
1323616,11.161245346069336
1323968,16.28928565979004
1324480,12.435941696166992
1325408,5.276706218719482
1326128,17.599220275878906
1326368,16.84091567993164
1327040,16.70025062561035
1327312,15.521531105041504
1328464,6.801808834075928
1328496,17.449575424194336
1329104,8.462265968322754
1329568,15.538416862487793
1329680,0.8848539590835571
1330016,9.293085098266602
1330560,4.719305038452148
1330784,13.869222640991211
1330880,3.7770369052886963
1331056,10.811068534851074
1331760,1.1869728565216064
1331792,15.502422332763672
1332352,16.971364974975586
1332880,10.431683540344238
1333216,5.479464054107666
1334096,14.012690544128418
1334672,13.540124893188477
1335488,3.082371473312378
1335984,7.142146587371826
1337280,15.64398193359375
1337680,16.83608627319336
1337888,16.624469757080078
1338080,14.319008827209473
1338096,9.68048095703125
1338944,16.34233283996582
1339024,4.533956527709961
1339200,14.816583633422852
1339216,3.380864381790161
1340064,16.594762802124023
1340480,15.322471618652344
1340720,11.512467384338379
1340912,8.290958404541016
1341600,15.418706893920898
1342624,14.822809219360352
1342768,15.932910919189453
1342912,15.998336791992188
1343072,15.76230525970459
1343696,16.09713363647461
1344128,2.072549343109131
1344336,14.863770484924316
1344384,15.454553604125977
1345008,15.16236686706543
1345600,11.525350570678711
1345744,10.120306968688965
1346272,4.6416916847229
1346304,15.511676788330078
1346448,15.849102973937988
1346496,17.22856330871582
1347984,16.100160598754883
1348688,1.8365720510482788
1349856,3.2581098079681396
1350080,14.877849578857422
1350720,5.368487358093262
1351200,14.899483680725098
1351456,15.26834774017334
1352144,15.098814010620117
1352624,15.762116432189941
1352912,15.700202941894531
1353008,16.956501007080078
1353360,1.564292550086975
1354192,16.900903701782227
1354352,16.624568939208984
1354544,10.542086601257324
1354672,1.262054443359375
1355344,15.646490097045898
1355744,15.218720436096191
1355744,15.97514820098877
1356400,1.0116121768951416
1356448,16.31081771850586
1356576,16.47797393798828
1356880,16.50699806213379
1357616,3.1899795532226562
1357728,15.306758880615234
1358416,10.739264488220215
1358528,16.890993118286133
1359056,11.244397163391113
1359088,10.730698585510254
1359200,6.154448986053467
1359744,16.375244140625
1360416,4.073002815246582
1361936,16.568017959594727
1361984,17.072649002075195
1362640,3.0640788078308105
1362864,15.543864250183105
1363952,16.864065170288086
1364160,1.5140503644943237
1364720,3.700612783432007
1365520,6.374959468841553
1365536,6.329282760620117
1366592,10.746835708618164
1367696,16.56206512451172
1368224,16.688161849975586
1368448,5.553158283233643
1368736,5.813960075378418
1369184,7.328067779541016
1369200,10.691415786743164
1369504,16.640338897705078
1370016,14.549156188964844
1371216,16.226028442382812
1371552,14.534852981567383
1372752,3.2532880306243896
1372768,14.738531112670898
1372896,15.199702262878418
1373040,15.646581649780273
1374464,14.466934204101562
1374608,16.519954681396484
1375088,15.1282320022583
1375888,16.86408042907715
1376432,13.866397857666016
1377056,13.39179515838623
1378688,10.727115631103516
1378944,10.963086128234863
1379520,17.34638023376465
1379600,14.481034278869629
1381216,10.538529396057129
1381328,9.938192367553711
1381744,14.872659683227539
1382192,16.38535499572754
1382448,4.986800193786621
1382528,15.591248512268066
1382960,10.636679649353027
1383120,1.261182188987732
1383200,15.932403564453125
1383392,6.40556526184082
1384240,9.124585151672363
1386528,14.959517478942871
1386736,15.518077850341797
1387856,15.657918930053711
1387872,2.7688987255096436
1387920,10.30656909942627
1388144,1.0102452039718628
1389664,5.959428310394287
1390208,14.373175621032715
1391408,6.228309631347656
1391568,15.674616813659668
1392480,4.63027286529541
1392752,15.626117706298828
1392768,11.034302711486816
1393632,14.533866882324219
1394928,16.54351806640625
1395088,17.055200576782227
1395968,16.52076530456543
1396832,3.4298129081726074
1397008,17.15869140625
1397136,15.650351524353027
1397296,4.940656661987305
1397408,4.008101940155029
1397808,1.5761866569519043
1397936,15.454843521118164
1397968,15.861095428466797
1398560,5.798422336578369
1399920,15.999995231628418
1400608,13.700915336608887
1400688,15.032079696655273
1400736,2.71484637260437
1400832,16.815174102783203
1400944,15.863303184509277
1402160,15.497660636901855
1404448,13.833050727844238
1404960,7.828059196472168
1405008,16.312559127807617
1407568,7.415956020355225
1407968,15.392651557922363
1408208,15.497400283813477
1409040,4.163088798522949
1410160,9.434609413146973
1411024,17.396533966064453
1412080,15.280742645263672
1412400,15.692914962768555
1415712,15.274864196777344
1416080,6.989510536193848
1416288,14.52390193939209
1416704,11.096362113952637
1417184,3.0918195247650146
1417648,15.166321754455566
1418912,15.14472770690918
1419424,13.472183227539062
1419808,9.68856143951416
1420080,15.03402042388916
1420288,10.418465614318848
1420640,16.04432487487793
1422960,15.282313346862793
1423312,8.927757263183594
1423616,14.5640869140625
1423936,14.388106346130371
1424288,14.196270942687988
1426192,9.433005332946777
1426656,15.174886703491211
1427584,5.764922618865967
1428576,14.796173095703125
1430416,10.675251007080078
1430960,16.256389617919922
1431072,6.090224742889404
1431072,15.288788795471191
1432048,11.903067588806152
1432864,10.079957962036133
1432944,14.821958541870117
1433520,14.726259231567383
1433856,10.425803184509277
1434096,10.516180992126465
1434400,4.424529075622559
1434576,16.772598266601562
1435232,1.7810975313186646
1435456,15.560040473937988
1436112,7.845851898193359
1436816,15.178589820861816
1437232,6.20139741897583
1437552,14.660199165344238
1437552,10.08960247039795
1437632,15.712346076965332
1437648,16.366544723510742
1437904,16.012165069580078
1438096,15.620240211486816
1439296,14.260841369628906
1439952,9.496070861816406
1440784,14.146682739257812
1441184,13.870248794555664
1443376,11.813864707946777
1444336,3.5245399475097656
1444640,2.6271982192993164
1444720,10.611119270324707
1445936,17.340940475463867
1445968,5.560050964355469
1446448,10.807308197021484
1447728,11.11341667175293
1448288,16.268917083740234
1448368,16.519458770751953
1449264,15.827980995178223
1449504,15.836508750915527
1449984,16.40729522705078
1450256,12.420357704162598
1451264,16.143999099731445
1451632,16.618797302246094
1453824,1.7715669870376587
1454224,1.674526572227478
1455232,5.999186038970947
1455344,15.536578178405762
1455488,15.493657112121582
1456448,8.649762153625488
1456960,15.16580867767334
1457008,5.6862616539001465
1457632,16.16495704650879
1458480,6.334740161895752
1458896,15.205421447753906
1458944,14.998152732849121
1459120,16.03901481628418
1459440,15.660821914672852
1460384,15.665918350219727
1460592,5.517267227172852
1461104,14.469552040100098
1461696,15.529247283935547
1461904,11.890066146850586
1461904,5.545418739318848
1462048,10.739219665527344
1462544,17.147356033325195
1462880,3.8526864051818848
1463376,15.633752822875977
1464256,8.520232200622559
1464624,17.356632232666016
1465488,3.7844555377960205
1465488,15.40357494354248
1467248,9.996156692504883
1467552,15.097736358642578
1468160,17.202983856201172
1468288,14.584817886352539
1469120,15.361745834350586
1469888,15.229203224182129
1470144,15.506852149963379
1470496,15.564197540283203
1470752,15.454301834106445
1470832,8.611570358276367
1471024,15.693857192993164
1471360,4.690428733825684
1471760,14.832049369812012
1472080,9.441957473754883
1472320,15.858519554138184
1473968,14.927210807800293
1474400,7.424964904785156
1474400,16.240678787231445
1474400,11.09162712097168
1474416,14.408549308776855
1474432,15.707674026489258
1475472,3.253541946411133
1475936,15.45797348022461
1476640,13.508075714111328
1476944,15.58236026763916
1477904,14.889607429504395
1477936,14.645545959472656
1478000,13.9082612991333
1478608,15.03388500213623
1478928,15.333917617797852
1479440,15.165496826171875
1479856,15.385103225708008
1480080,5.346395969390869
1480224,14.081561088562012
1480480,6.84706974029541
1482000,10.316667556762695
1483120,8.827272415161133
1483744,15.036559104919434
1483872,15.490751266479492
1484048,16.37172508239746
1485056,15.353633880615234
1485200,13.887675285339355
1485408,1.4620567560195923
1486640,15.178167343139648
1487312,15.789566040039062
1487680,15.377001762390137
1488432,15.842973709106445
1488608,15.071895599365234
1489088,8.11362075805664
1489408,1.2599395513534546
1490176,14.569548606872559
1490608,15.261811256408691
1491488,3.031153678894043
1492096,15.282588958740234
1492448,16.180362701416016
1492928,15.217281341552734
1493552,14.653905868530273
1494208,14.79921817779541
1494256,16.1081600189209
1494368,9.695507049560547
1494976,15.2951021194458
1495760,13.574251174926758
1496016,15.81908130645752
1496256,15.325239181518555
1496880,14.254443168640137
1497600,15.6968994140625
1497712,15.489696502685547
1497888,16.067087173461914
1498560,15.775296211242676
1499264,15.777938842773438
1500288,12.899545669555664
1500720,9.629098892211914
1501344,15.202507019042969
1501360,15.733268737792969
1502768,15.483847618103027
1503168,15.261052131652832
1503584,15.490767478942871
1503920,15.140182495117188
1504832,15.398770332336426
1504928,3.5531492233276367
1505568,14.603018760681152
1507408,15.033082962036133
1507696,7.305033206939697
1508384,15.313263893127441
1508384,16.039438247680664
1508384,14.195493698120117
1508384,7.166236877441406
1509408,14.617063522338867
1510256,9.696003913879395
1511344,12.317727088928223
1512000,16.290863037109375
1512928,16.36136817932129
1513616,8.888840675354004
1513856,15.553744316101074
1514400,11.272334098815918
1515024,15.20474910736084
1515056,3.2620396614074707
1516000,15.495495796203613
1516528,15.546401023864746
1516608,15.631760597229004
1516848,1.2599592208862305
1517440,7.965394496917725
1518880,14.829541206359863
1519360,15.24935531616211
1520976,17.155649185180664
1522512,15.550153732299805
1523888,15.169412612915039
1525376,1.7225390672683716
1525488,9.739448547363281
1525680,14.228532791137695
1526096,14.883112907409668
1526480,9.38182544708252
1526896,1.621140480041504
1527328,15.300975799560547
1528896,15.501908302307129
1529344,15.355432510375977
1529392,15.382107734680176
1530144,16.464214324951172
1530464,14.624605178833008
1532112,14.612388610839844
1532224,16.08425521850586
1532960,15.499327659606934
1533104,14.7263822555542
1533552,15.345562934875488
1533776,15.367693901062012
1535232,9.887770652770996
1535712,15.266419410705566
1535824,15.127881050109863
1535888,10.373822212219238
1537136,4.590703964233398
1537184,16.468952178955078
1537504,15.622382164001465
1537936,14.476510047912598
1538816,15.735987663269043
1539008,5.618314743041992
1539408,15.980514526367188
1540544,11.175607681274414
1540736,15.99980640411377
1540768,15.27895736694336
1541120,5.874798774719238
1541792,15.993553161621094
1541904,7.016714096069336
1541952,3.0733916759490967
1542960,17.35660171508789
1543136,14.368416786193848
1544176,15.300156593322754
1544208,14.871673583984375
1544240,4.264747142791748
1544288,14.792765617370605
1544368,12.011428833007812
1544672,9.73129653930664
1545456,16.150718688964844
1546176,4.802449703216553
1547344,15.002481460571289
1547360,16.8441219329834
1547744,15.469438552856445
1547792,16.319080352783203
1547872,14.846440315246582
1547936,15.897941589355469
1547984,14.415475845336914
1549760,16.40716552734375
1550240,16.15831184387207
1550912,15.684680938720703
1551488,16.359893798828125
1551568,16.211742401123047
1552576,14.175618171691895
1552896,11.796424865722656
1553696,4.911567687988281
1554192,5.414697647094727
1554752,14.221574783325195
1555024,16.954235076904297
1555168,3.695552349090576
1556240,17.001893997192383
1556240,14.065902709960938
1556544,17.133920669555664
1557024,11.253105163574219
1557808,11.621954917907715
1558160,4.386030197143555
1558368,17.78975486755371
1558640,16.751638412475586
1558672,5.764754295349121
1558848,6.53474760055542
1559024,13.8389253616333
1559104,1.8290596008300781
1559520,3.9827167987823486
1559808,5.284936904907227
1560176,15.859621047973633
1560448,1.014291763305664
1560512,2.5205636024475098
1560800,17.02263641357422
1561584,16.229524612426758
1562432,15.68513011932373
1562608,17.47608184814453
1563808,5.144412517547607
1564192,15.342872619628906
1565232,15.649243354797363
1565328,15.005993843078613
1565680,16.366649627685547
1566112,5.42493200302124
1566224,13.5518798828125
1567840,16.013336181640625
1568080,15.862363815307617
1568496,16.108243942260742
1568704,9.774703979492188
1568720,7.894126892089844
1568864,16.83900260925293
1569072,15.140996932983398
1569248,16.142467498779297
1569440,9.54886245727539
1569712,16.407487869262695
1569712,0.9539845585823059
1570912,7.6731109619140625
1571808,14.978528022766113
1571952,12.205711364746094
1572432,15.441561698913574
1573376,17.164432525634766
1573568,15.142793655395508
1575136,13.751908302307129
1575632,15.566119194030762
1575936,11.123757362365723
1576176,15.495920181274414
1576272,9.240114212036133
1576352,16.148273468017578
1577760,11.761221885681152
1577856,17.18181800842285
1577872,16.971607208251953
1579120,16.859970092773438
1579152,16.96854591369629
1579536,18.120079040527344
1581488,15.046825408935547
1582224,16.972339630126953
1583056,15.025300979614258
1583232,8.019906997680664
1583248,16.528181076049805
1583920,1.5569772720336914
1584144,6.776876449584961
1584544,5.880128860473633
1584800,11.414194107055664
1585200,10.07397174835205
1585360,15.641153335571289
1586208,15.551650047302246
1586496,16.069067001342773
1587136,15.383034706115723
1587600,14.03073501586914
1588128,11.569700241088867
1588704,14.524197578430176
1588912,1.6463390588760376
1590080,16.352493286132812
1590752,16.292234420776367
1590896,17.294532775878906
1591872,14.767352104187012
1592192,13.954422950744629
1592288,16.24261474609375
1592544,17.46134376525879
1592560,6.88569974899292
1593536,15.296290397644043
1593936,16.700403213500977
1594176,16.16533660888672
1594256,16.574312210083008
1594608,9.296022415161133
1595792,14.028265953063965
1595808,16.147113800048828
1596064,17.180166244506836
1596320,17.87349510192871
1598144,6.862787246704102
1599376,16.69188690185547
1599488,16.441164016723633
1601776,16.74568748474121
1603152,16.91691780090332
1603200,3.245425224304199
1603760,4.819270610809326
1603904,8.96190357208252
1604784,16.696802139282227
1605728,10.170902252197266
1606560,10.036986351013184
1606624,17.180015563964844
1606688,16.14381217956543
1606864,15.398810386657715
1607296,16.826152801513672
1608624,16.424470901489258
1610240,17.86605453491211
1611520,1.5360080003738403
1611648,16.740093231201172
1612096,16.458396911621094
1612176,16.77112579345703
1612192,15.15013599395752
1612896,1.3961848020553589
1614080,11.267195701599121
1614112,3.970311164855957
1614448,15.476629257202148
1615168,17.834667205810547
1615808,7.1453752517700195
1615840,16.54090118408203
1616544,14.512005805969238
1616608,2.8056082725524902
1616688,2.7330400943756104
1616736,16.10346031188965
1617424,3.474076509475708
1617680,16.737268447875977
1617856,13.040722846984863
1618112,1.009470820426941
1618144,1.6042174100875854
1619520,15.89051628112793
1619584,6.1635355949401855
1620112,16.42936897277832
1620256,16.857341766357422
1620576,16.207307815551758
1620640,13.55290412902832
1620832,17.61127281188965
1621216,8.483226776123047
1621328,3.646913528442383
1621696,14.149580955505371
1622848,4.006533145904541
1623712,17.45884132385254
1626000,16.284412384033203
1626512,17.321748733520508
1627296,11.563786506652832
1627920,12.905583381652832
1628144,15.15163516998291
1628576,11.26583480834961
1629152,12.167712211608887
1629376,15.425115585327148
1631136,16.323328018188477
1632704,17.684782028198242
1633056,17.4527530670166
1633120,14.89350700378418
1634624,9.66254997253418
1634896,17.09770393371582
1634960,16.871112823486328
1634992,15.327919006347656
1635632,1.7885684967041016
1635856,13.579859733581543
1636192,16.42428970336914
1636592,16.790706634521484
1636624,17.29003143310547
1637904,2.570636510848999
1637984,6.872256278991699
1639152,11.158342361450195
1640192,16.322423934936523
1642272,16.045507431030273
1642448,15.966384887695312
1643680,17.425968170166016
1643824,16.06484031677246
1645056,15.879448890686035
1646448,4.480254650115967
1646544,16.083805084228516
1648256,16.191774368286133
1650624,17.02381706237793
1651008,14.9302396774292
1651040,15.922514915466309
1651088,16.143381118774414
1651696,15.46186351776123
1652688,15.737071990966797
1652976,15.34216022491455
1653888,15.437054634094238
1654512,13.024877548217773
1655584,12.688383102416992
1655680,15.814997673034668
1657232,1.5807108879089355
1657472,17.01594352722168
1657568,6.509553909301758
1658032,14.19896411895752
1658080,6.764836311340332
1658096,13.272232055664062
1658544,15.746211051940918
1658864,13.103116035461426
1659232,2.7252540588378906
1660592,11.902716636657715
1660768,15.803983688354492
1660992,14.571738243103027
1661376,10.710280418395996
1661744,15.693304061889648
1662416,17.007923126220703
1662656,16.583528518676758
1663280,3.535865545272827
1664128,14.446935653686523
1666352,12.885454177856445
1666384,15.46491813659668
1666656,12.830192565917969
1666976,16.121620178222656
1669840,13.992939949035645
1671728,16.771024703979492
1672080,13.384817123413086
1672864,3.1972849369049072
1673152,15.663383483886719
1673360,16.3885498046875
1673888,16.33755874633789
1674720,15.604002952575684
1676432,16.796283721923828
1676720,15.922801971435547
1677728,11.1195650100708
1678480,10.063450813293457
1679312,10.149114608764648
1680016,16.981786727905273
1683520,15.061746597290039
1683568,16.558794021606445
1683984,15.424453735351562
1684688,9.629838943481445
1684816,15.930307388305664
1685568,11.080397605895996
1685680,10.721445083618164
1685840,16.654067993164062
1686352,17.236743927001953
1686448,16.633840560913086
1686560,15.55350399017334
1688128,16.795072555541992
1688272,16.009815216064453
1690256,16.63900375366211
1690864,14.645757675170898
1691104,15.651062965393066
1691232,17.158498764038086
1691648,15.431769371032715
1693520,9.281330108642578
1693664,16.024261474609375
1693792,14.901880264282227
1694352,15.616929054260254
1694496,16.19194984436035
1694608,15.853263854980469
1694624,14.985474586486816
1695376,15.785613059997559
1696944,17.0229434967041
1697072,17.10411262512207
1697264,16.036840438842773
1697360,16.159835815429688
1697920,13.991251945495605
1698032,16.483474731445312
1700464,3.6177027225494385
1700848,14.513470649719238
1701760,15.62232780456543
1701792,15.158254623413086
1702496,15.125470161437988
1703104,16.599803924560547
1704160,14.215666770935059
1704352,15.248762130737305
1705008,3.4888951778411865
1705120,9.449639320373535
1706768,10.493903160095215
1707328,11.816269874572754
1707648,15.159530639648438
1707792,15.965405464172363
1708304,16.99279022216797
1709216,16.86372947692871
1710528,14.718801498413086
1710560,13.077289581298828
1710960,15.06691837310791
1711376,16.916301727294922
1711408,15.612387657165527
1711888,15.431736946105957
1712240,15.452804565429688
1714128,16.696481704711914
1714928,16.358999252319336
1714976,15.784551620483398
1716016,6.841880798339844
1716944,7.620707035064697
1717744,4.357335090637207
1717760,17.25237274169922
1718032,16.20663070678711
1718480,7.764425754547119
1718672,10.361126899719238
1719040,16.762020111083984
1719664,3.591653347015381
1719744,16.95677947998047
1719920,11.842670440673828
1720672,10.898058891296387
1720832,16.75819969177246
1721280,16.010292053222656
1722256,10.849472045898438
1722656,16.73353385925293
1723504,16.047183990478516
1723728,16.58180809020996
1723904,1.258967399597168
1724416,13.492119789123535
1724688,10.577757835388184
1724736,15.134403228759766
1725296,15.15696907043457
1727968,16.906875610351562
1728208,17.783588409423828
1728368,17.86675262451172
1729456,15.998741149902344
1729472,16.439729690551758
1730336,7.949779510498047
1731120,17.613012313842773
1731648,17.302339553833008
1731776,17.0628604888916
1732768,6.146472930908203
1733904,17.315732955932617
1735808,1.694216251373291
1735936,2.8661177158355713
1736448,15.470084190368652
1737760,3.9921934604644775
1737824,15.951044082641602
1738816,15.216846466064453
1738896,16.10489845275879
1739136,14.637185096740723
1739264,17.197574615478516
1739488,16.017786026000977
1739776,16.066110610961914
1739776,16.42674446105957
1741152,4.017735481262207
1741200,13.987987518310547
1742352,16.2769832611084
1742768,13.02874755859375
1742848,16.225540161132812
1743632,16.975379943847656
1746640,16.961820602416992
1746928,16.914098739624023
1747424,3.2481229305267334
1747664,5.774918556213379
1747856,4.001196384429932
1748272,15.872310638427734
1748336,16.30585479736328
1749280,5.745620250701904
1749328,14.93337345123291
1749920,12.33530044555664
1750112,14.532042503356934
1750128,16.459545135498047
1752176,10.831896781921387
1752880,16.3793888092041
1753680,14.87898063659668
1754896,10.127607345581055
1754912,16.979076385498047
1755312,6.36264181137085
1756528,12.969730377197266
1756752,10.912331581115723
1759008,17.39150619506836
1760192,16.79014778137207
1760528,16.359983444213867
1761968,16.064781188964844
1762224,15.147523880004883
1762720,16.941951751708984
1762784,15.647785186767578
1762992,3.0428128242492676
1763360,12.952563285827637
1763632,16.448606491088867
1764016,3.2787413597106934
1765392,16.648927688598633
1765504,13.365029335021973
1765504,16.519556045532227
1765664,15.843608856201172
1765696,16.637468338012695
1766304,14.937396049499512
1767648,7.083479404449463
1767680,7.195768356323242
1767936,16.733678817749023
1768944,10.67809009552002
1769120,17.120180130004883
1770608,14.636838912963867
1771312,15.279239654541016
1772960,3.507512331008911
1773024,16.94707679748535
1775040,10.5109281539917
1775168,17.568050384521484
1776016,17.29857063293457
1776336,17.884944915771484
1777088,16.92345428466797
1778624,17.676605224609375
1779616,15.759881019592285
1780592,11.254717826843262
1781008,17.58172035217285
1782224,16.767393112182617
1782336,10.603670120239258
1782512,12.837357521057129
1784128,16.609193801879883
1784928,18.098608016967773
1784992,10.284045219421387
1785728,16.44413185119629
1786192,3.301004409790039
1786240,5.560659885406494
1786288,8.928378105163574
1786432,11.142569541931152
1786944,1.6564698219299316
1787376,11.119364738464355
1788192,13.237473487854004
1788480,10.225343704223633
1788848,10.304566383361816
1789968,15.762646675109863
1792032,17.17979621887207
1792720,15.133562088012695
1793040,16.299259185791016
1793872,3.402174472808838
1794640,17.120649337768555
1795392,16.528017044067383
1795808,16.995441436767578
1796240,16.531871795654297
1796320,15.83056926727295
1796720,16.395444869995117
1796848,15.445444107055664
1796912,16.76558494567871
1796944,1.5809589624404907
1797824,16.162687301635742
1797984,11.482769012451172
1798128,4.492865562438965
1798752,5.330298900604248
1800992,17.583782196044922
1801600,16.588481903076172
1803088,0.9075979590415955
1803584,16.235361099243164
1804096,15.656515121459961
1805168,17.21564483642578
1805264,16.484447479248047
1805696,16.700790405273438
1806016,16.81679344177246
1806320,10.39737606048584
1806560,18.041149139404297
1806576,12.024871826171875
1807168,17.49294090270996
1808256,11.354838371276855
1808640,14.589948654174805
1809600,3.6965622901916504
1809904,14.636609077453613
1810784,16.659698486328125
1811040,17.702720642089844
1811344,16.548542022705078
1813120,15.732550621032715
1813504,12.516971588134766
1814336,16.645187377929688
1814912,11.698034286499023
1815424,12.463528633117676
1815472,15.461272239685059
1815936,16.05854034423828
1816032,14.916279792785645
1816768,15.631485939025879
1816960,6.99561882019043
1817088,15.888169288635254
1817232,17.483074188232422
1818224,17.218843460083008
1818784,5.412909507751465
1819584,16.485172271728516
1820576,16.934146881103516
1820864,10.526193618774414
1821024,17.47469139099121
1821136,2.1850602626800537
1822352,18.160442352294922
1823168,17.847885131835938
1824032,17.815336227416992
1824240,17.08887481689453
1824336,17.366025924682617
1824368,10.552679061889648
1824672,18.002450942993164
1825040,10.732779502868652
1825424,17.431812286376953
1826224,12.83837890625
1826912,16.231149673461914
1826976,2.1237852573394775
1827856,13.189777374267578
1828000,11.550646781921387
1828112,15.756916999816895
1828240,16.633621215820312
1829184,15.430854797363281
1831824,16.037240982055664
1832304,15.782125473022461
1832464,18.288131713867188
1833136,17.330163955688477
1834352,16.81438636779785
1834464,16.889352798461914
1834816,15.714513778686523
1834864,17.451400756835938
1835856,16.73605728149414
1835904,1.7714682817459106
1836832,7.090567111968994
1837344,5.821836948394775
1837504,9.79984188079834
1837888,18.26043701171875
1838304,3.2561161518096924
1838816,10.72656536102295
1838848,17.183979034423828
1839472,11.559917449951172
1841120,1.4436018466949463
1841456,17.064208984375
1842304,3.920789957046509
1842304,17.288240432739258
1842896,3.363593816757202
1843008,16.939617156982422
1843456,18.077383041381836
1844768,16.91407012939453
1845872,18.086095809936523
1846080,15.869560241699219
1846112,10.800824165344238
1846448,18.23526954650879
1846560,17.852252960205078
1847088,14.194872856140137
1848496,17.782733917236328
1848608,9.859977722167969
1849392,16.785419464111328
1849712,16.394807815551758
1850064,16.75044822692871
1850224,11.356789588928223
1851072,15.61455249786377
1851120,3.840392827987671
1852112,16.39373779296875
1852256,9.724973678588867
1852528,16.980546951293945
1853264,8.990215301513672
1853376,17.120817184448242
1853824,18.060880661010742
1854880,10.56346607208252
1855600,17.31804084777832
1855776,16.545793533325195
1855824,17.811874389648438
1856896,17.306310653686523
1857392,16.88471221923828
1857872,7.6060333251953125
1858304,5.145211696624756
1859088,14.652324676513672
1859456,17.811309814453125
1860608,7.250531196594238
1861088,11.48963737487793
1861488,17.65235710144043
1861712,15.087167739868164
1862512,17.312471389770508
1863104,17.705596923828125
1865072,11.623998641967773
1866432,16.960128784179688
1866496,17.59381866455078
1867840,13.681060791015625
1868048,15.869736671447754
1868336,10.986837387084961
1868848,14.983829498291016
1868864,16.759296417236328
1870048,17.09187126159668
1870144,16.004091262817383
1870368,17.620384216308594
1871136,16.626930236816406
1871472,12.01256275177002
1871568,17.4150390625
1871968,15.421311378479004
1872144,12.769163131713867
1872144,0.653460681438446
1873456,13.023366928100586
1873872,14.872747421264648
1874640,1.699682354927063
1875520,16.359628677368164
1875552,14.379692077636719
1875744,17.035003662109375
1877488,16.784618377685547
1877696,11.34306812286377
1878928,16.061939239501953
1879040,5.714423656463623
1879248,17.341876983642578
1879984,3.0234992504119873
1880448,17.513790130615234
1880464,3.3327817916870117
1881280,16.306589126586914
1881648,12.179789543151855
1882416,15.712135314941406
1882464,17.349773406982422
1884448,17.66326904296875
1884496,11.829751014709473
1885360,18.179414749145508
1885696,16.04147720336914
1887344,5.06020450592041
1888176,16.94898796081543
1889632,12.695329666137695
1889664,17.562437057495117
1890272,16.972862243652344
1890320,4.142969131469727
1890976,18.00758171081543
1891632,2.906623125076294
1892272,13.157022476196289
1892432,15.301383018493652
1893168,15.217239379882812
1893776,13.028341293334961
1894336,17.198177337646484
1894608,14.921567916870117
1895216,15.374195098876953
1895920,17.48955726623535
1897888,10.38735580444336
1898224,16.33441162109375
1898384,16.56984519958496
1898512,10.060720443725586
1899536,15.815969467163086
1900448,16.79967498779297
1900656,8.311515808105469
1900704,16.52687644958496
1901184,15.580363273620605
1901408,9.088516235351562
1901488,17.861425399780273
1901904,17.24003028869629
1902272,16.110353469848633
1903328,17.156536102294922
1904240,17.19776725769043
1905568,16.825267791748047
1905776,16.641300201416016
1907904,16.216794967651367
1908064,15.747764587402344
1908272,17.832406997680664
1908304,14.418274879455566
1908656,17.82038116455078
1909536,17.478086471557617
1910320,14.791789054870605
1910512,11.612249374389648
1910784,16.662796020507812
1911696,16.89875030517578
1911776,16.898900985717773
1912128,11.853479385375977
1912512,2.6072492599487305
1913504,7.7474284172058105
1915248,17.140275955200195
1916336,11.504379272460938
1916448,1.7606204748153687
1916624,17.7792911529541
1919008,17.242576599121094
1919824,17.9012508392334
1920880,16.918474197387695
1921152,15.872673034667969
1922192,11.139915466308594
1922320,16.114620208740234
1923392,17.628856658935547
1923696,17.7071533203125
1924528,7.625519752502441
1924672,16.47638702392578
1925296,9.86621379852295
1925904,16.791370391845703
1925968,17.622148513793945
1926624,9.152918815612793
1927376,2.2661921977996826
1927408,17.567480087280273
1927680,17.63069725036621
1927888,6.592411041259766
1928224,17.403215408325195
1928720,16.831697463989258
1929360,15.209104537963867
1930560,3.8269481658935547
1930576,10.441876411437988
1930720,16.331378936767578
1930832,17.550949096679688
1930896,16.573135375976562
1931792,13.755149841308594
1932384,16.4333553314209
1932960,16.1641845703125
1933456,6.63484525680542
1934096,17.28346061706543
1934416,15.820600509643555
1935056,16.828588485717773
1935552,14.945837020874023
1936000,16.86811637878418
1937616,16.310251235961914
1937952,16.02684783935547
1938064,17.379287719726562
1938896,4.329386234283447
1939008,15.702347755432129
1939360,5.466098785400391
1940048,7.7276930809021
1940752,12.394826889038086
1941664,16.894424438476562
1941696,17.53023338317871
1942208,17.448991775512695
1942400,1.8977283239364624
1942400,16.770296096801758
1943712,14.15628719329834
1943744,17.40794563293457
1945088,16.747587203979492
1945552,16.90622901916504
1945808,17.51913833618164
1947312,18.054475784301758
1947408,17.76073455810547
1948864,11.314570426940918
1948896,17.08222198486328
1949008,11.403922080993652
1949136,2.681828022003174
1949600,17.99362564086914
1950384,5.716109752655029
1951040,17.18985366821289
1951680,9.89676570892334
1951744,18.39826774597168
1952192,11.004647254943848
1952256,4.124627590179443
1953136,14.074348449707031
1953968,3.6340348720550537
1954112,3.6970832347869873
1955248,17.34651756286621
1955296,11.422935485839844
1955312,15.588055610656738
1955552,15.66413402557373
1956656,16.30599594116211
1956848,15.213348388671875
1957488,16.641721725463867
1958352,18.279966354370117
1958464,3.7358081340789795
1959136,17.360511779785156
1959408,11.426289558410645
1959456,18.785539627075195
1959872,17.730228424072266
1961232,17.653268814086914
1961952,16.63286590576172
1962112,9.29543685913086
1963024,15.157997131347656
1963216,14.963014602661133
1963408,16.70479965209961
1963520,16.86264419555664
1963536,1.3262932300567627
1963856,16.72368049621582
1964208,16.47807502746582
1965376,4.362286567687988
1966304,15.240076065063477
1966464,13.246950149536133
1966496,12.400582313537598
1967216,16.498241424560547
1967328,16.23485565185547
1968016,17.709789276123047
1968192,17.595012664794922
1968960,15.88107967376709
1969360,16.356361389160156
1969552,6.565814971923828
1970784,16.225391387939453
1970960,17.42270278930664
1971168,12.618619918823242
1971520,10.876739501953125
1972864,17.455921173095703
1973056,17.56061363220215
1973472,16.72970199584961
1973648,16.928224563598633
1974464,17.686370849609375
1976624,17.810815811157227
1976720,18.22148895263672
1976944,1.2604238986968994
1977024,16.5214786529541
1977376,14.07402515411377
1977632,14.534109115600586
1978368,18.428682327270508
1979008,14.933267593383789
1980256,11.651371002197266
1980656,17.78537368774414
1980704,16.93398666381836
1980928,18.361221313476562
1981824,15.056775093078613
1982224,18.09373664855957
1982336,16.38338851928711
1982560,16.033214569091797
1982896,5.826263427734375
1983632,5.238889694213867
1985760,17.12775230407715
1986496,8.66137981414795
1986624,8.794779777526855
1986784,12.602639198303223
1987056,11.143166542053223
1987104,17.46324348449707
1987856,17.750993728637695
1988256,7.452174186706543
1988736,3.470571994781494
1988864,15.383169174194336
1989232,15.066245079040527
1989408,10.031376838684082
1989504,17.113733291625977
1989552,11.82219409942627
1989680,17.792802810668945
1990000,16.59519386291504
1990528,16.76606559753418
1991824,18.237939834594727
1992448,15.915919303894043
1992688,17.533403396606445
1993008,14.690794944763184
1993152,16.657304763793945
1993504,15.391265869140625
1993568,17.394681930541992
1993888,3.124783515930176
1997072,14.69780445098877
1997376,16.928768157958984
1998032,15.037450790405273
1998528,3.955916166305542
1998928,16.82123374938965
1999488,15.479574203491211
1999536,14.792622566223145
1999888,14.448989868164062
2000864,4.792888164520264
2000928,16.705259323120117
2001216,12.869086265563965
2001536,16.77943229675293
2001552,6.891036510467529
2002160,18.40560531616211
2002240,10.631382942199707
2002464,17.77741050720215
2003488,11.06986141204834
2003808,15.918700218200684
2004768,13.718667984008789
2006080,11.647332191467285
2006144,16.919021606445312
2006512,16.939598083496094
2007328,14.73034954071045
2007424,17.234943389892578
2007696,16.97149085998535
2008336,16.944774627685547
2009504,12.977959632873535
2010032,18.04789924621582
2010336,11.844939231872559
2010672,3.1897263526916504
2010704,17.94135856628418
2010912,15.350228309631348
2011904,16.897716522216797
2012688,11.490577697753906
2013264,16.133319854736328
2013632,14.397977828979492
2014192,11.72793197631836
2014256,16.355207443237305
2016288,11.52432918548584
2016480,14.306377410888672
2016656,11.763349533081055
2016832,15.710790634155273
2017904,17.422489166259766
2018032,17.63237953186035
2018544,18.06012535095215
2018928,11.83696460723877
2019904,16.456789016723633
2019936,15.65745735168457
2021456,17.20323944091797
2022176,16.088289260864258
2023776,1.010148286819458
2023808,17.060237884521484
2024704,17.083599090576172
2025088,17.207544326782227
2025984,17.767745971679688
2026640,7.608163356781006
2027104,3.9894258975982666
2027312,13.97350788116455
2028528,17.32931900024414
2028576,15.663066864013672
2028640,15.758048057556152
2028784,15.581597328186035
2030592,16.51397132873535
2030592,3.916257858276367
2031120,12.175226211547852
2032016,14.901116371154785
2032640,17.55886459350586
2032960,15.861793518066406
2033040,16.448843002319336
2033168,16.168176651000977
2033376,17.54328155517578
2035200,16.723981857299805
2035248,9.591336250305176
2035632,15.93039608001709
2035744,10.268881797790527
2036016,2.645230293273926
2036544,17.89196014404297
2036960,16.9247989654541
2037712,17.64557456970215
2039232,16.547006607055664
2040368,12.825307846069336
2040448,15.071467399597168
2040976,17.368410110473633
2041360,16.05620002746582
2041488,11.961036682128906
2041984,13.42864990234375
2042352,17.883922576904297
2042800,5.310044765472412
2042816,16.513261795043945
2042992,16.44515609741211
2043168,5.956489086151123
2043200,17.96328353881836
2043824,17.634199142456055
2043968,16.56465721130371
2044512,17.1294002532959
2045840,18.180652618408203
2046352,17.744264602661133
2046352,17.671682357788086
2046496,15.47925090789795
2046704,16.61400032043457
2046768,18.004770278930664
2048208,15.900827407836914
2049456,18.03513526916504
2050976,15.49782657623291
2052096,4.433652400970459
2052720,17.203899383544922
2052832,1.3553218841552734
2053520,16.79426383972168
2054432,17.79692268371582
2055536,16.435882568359375
2056208,11.742494583129883
2056240,11.045839309692383
2056272,16.82513999938965
2056352,15.708574295043945
2057936,16.9566707611084
2060016,17.630245208740234
2060432,17.36862564086914
2060624,2.028576612472534
2062496,11.31412124633789
2062656,11.547297477722168
2063536,16.517610549926758
2063952,12.010286331176758
2064064,17.696693420410156
2064432,3.0460448265075684
2066080,16.75495719909668
2066112,15.99207592010498
2066544,12.2053861618042
2066992,16.2380313873291
2067280,18.35346794128418
2067440,17.451452255249023
2067616,17.187482833862305
2068352,16.712621688842773
2069328,14.057934761047363
2069600,16.04296875
2069696,15.29464340209961
2070608,16.20626449584961
2071248,15.881083488464355
2071584,18.601364135742188
2073152,16.367238998413086
2073232,16.505626678466797
2074064,16.57720947265625
2076528,16.912267684936523
2076688,16.932018280029297
2077200,10.488187789916992
2078624,18.60015106201172
2079552,12.766484260559082
2079952,17.267181396484375
2080112,17.423263549804688
2080736,17.975017547607422
2080816,10.90099811553955
2082096,11.928518295288086
2082944,17.82665252685547
2083408,15.377116203308105
2084368,16.289127349853516
2086688,10.682037353515625
2086960,16.810836791992188
2086976,15.519386291503906
2087072,19.295618057250977
2087792,16.752487182617188
2089280,11.918108940124512
2089504,14.24486255645752
2089776,17.978296279907227
2090064,12.091558456420898
2090720,16.561267852783203
2090736,4.956062316894531
2090944,13.686573028564453
2091568,17.2045841217041
2092832,16.496761322021484
2093648,17.344459533691406
2094144,16.547466278076172
2095136,16.917579650878906
2095376,10.557367324829102
2095920,17.95115852355957
2098688,16.955650329589844
2099056,17.450605392456055
2099232,2.9048080444335938
2099664,17.620744705200195
2100528,4.445832252502441
2100704,16.3116397857666
2101104,17.30466079711914
2101856,17.678150177001953
2102224,17.742643356323242
2102528,17.69966697692871
2102912,17.339994430541992
2103264,17.72228240966797
2104160,14.25105094909668
2104304,17.61157989501953
2104624,17.665966033935547
2105392,6.055557727813721
2105568,12.563749313354492
2105680,17.102140426635742
2105856,17.586376190185547
2106352,15.398271560668945
2106368,3.620194435119629
2106528,16.249420166015625
2107344,1.9750579595565796
2107648,16.773767471313477
2107744,13.520207405090332
2108496,14.581808090209961
2109056,14.058978080749512
2109392,11.833538055419922
2109440,15.432479858398438
2109760,15.370404243469238
2110624,16.254953384399414
2111488,13.657266616821289
2111744,6.120884418487549
2112576,15.88260269165039
2112928,17.539226531982422
2112944,17.239662170410156
2113248,11.279296875
2113504,9.796857833862305
2113664,16.42104148864746
2114464,15.97113037109375
2115040,17.774927139282227
2115248,16.73701286315918
2115312,16.592205047607422
2116448,16.469722747802734
2116560,17.779403686523438
2117248,17.42943000793457
2118736,17.84640884399414
2119184,12.16433048248291
2119824,12.114426612854004
2120048,17.23786163330078
2120688,16.214372634887695
2122384,16.860891342163086
2123376,17.64002799987793
2123456,16.672256469726562
2123552,17.239885330200195
2125088,2.5532283782958984
2125392,17.078086853027344
2125520,16.448387145996094
2126048,7.629668235778809
2126320,15.970786094665527
2126992,17.441383361816406
2128832,17.034069061279297
2129056,16.861114501953125
2129472,17.768903732299805
2129664,14.515538215637207
2129856,10.025068283081055
2129968,17.93461036682129
2130432,14.508492469787598
2130768,4.271885395050049
2131216,6.738954544067383
2132928,17.109859466552734
2133408,17.515724182128906
2133472,16.295507431030273
2134928,10.81082534790039
2135568,18.309520721435547
2136512,15.63147258758545
2136608,15.880793571472168
2136880,18.01984214782715
2137504,16.54281997680664
2137568,17.79652214050293
2138352,10.73909854888916
2139136,18.799671173095703
2140192,17.160139083862305
2141104,17.46943473815918
2141584,13.775884628295898
2141600,16.377628326416016
2142016,16.504112243652344
2143792,16.181884765625
2143904,16.142728805541992
2144720,17.173381805419922
2145024,17.58381462097168
2145072,16.772857666015625
2145488,16.826236724853516
2147088,15.822931289672852
2148416,4.232397556304932
2148656,17.578676223754883
2148656,16.570802688598633
2149616,16.594942092895508
2151152,16.720325469970703
2151168,18.801380157470703
2151248,10.628576278686523
2151696,16.223726272583008
2151808,12.72712230682373
2154704,16.010454177856445
2155600,16.924226760864258
2156704,15.393261909484863
2157664,17.09250259399414
2157824,3.8650310039520264
2157920,14.905959129333496
2158272,15.827163696289062
2158432,14.209786415100098
2159392,10.791101455688477
2159744,17.786556243896484
2159984,14.427193641662598
2160208,17.684370040893555
2160304,11.63837718963623
2162000,17.0174503326416
2162032,5.797438621520996
2162592,17.952289581298828
2163312,15.148643493652344
2163360,16.852256774902344
2163472,16.314163208007812
2165568,17.41863441467285
2165568,17.33237648010254
2166192,16.90384864807129
2166416,16.532812118530273
2166784,14.769939422607422
2166848,15.563880920410156
2166912,17.80631446838379
2168272,11.807056427001953
2168560,18.08052635192871
2168608,15.697552680969238
2169040,17.81415367126465
2170160,14.694826126098633
2170832,1.5821322202682495
2170912,17.074251174926758
2171744,10.569660186767578
2172608,14.379754066467285
2172800,17.212003707885742
2174176,15.892797470092773
2175296,16.75806999206543
2176208,16.758146286010742
2176752,16.869169235229492
2177568,18.356908798217773
2178816,16.05152130126953
2179072,14.892485618591309
2179072,7.648303508758545
2179072,17.437917709350586
2182608,17.735103607177734
2183728,14.381388664245605
2185168,17.621150970458984
2186288,18.342180252075195
2186512,16.814777374267578
2187232,15.478986740112305
2188112,18.181352615356445
2188672,18.855695724487305
2189808,17.89596939086914
2190432,17.609516143798828
2190608,16.512096405029297
2190816,18.092287063598633
2192112,17.055866241455078
2193376,15.704566955566406
2193456,16.95842933654785
2194064,14.273581504821777
2194096,16.961732864379883
2197008,14.801115036010742
2197616,16.645233154296875
2197872,15.594860076904297
2197888,18.22963523864746
2198912,13.972494125366211
2199392,16.312406539916992
2200160,16.55424690246582
2200480,17.213336944580078
2201456,16.60645866394043
2202000,10.154596328735352
2202288,5.499068260192871
2202416,15.666302680969238
2203104,12.564118385314941
2204656,17.16620635986328
2206320,3.599956750869751
2206720,17.942914962768555
2207632,16.0809268951416
2208272,17.609905242919922
2208288,13.757447242736816
2208384,17.025569915771484
2208384,16.750335693359375
2208528,11.464219093322754
2208576,16.220569610595703
2209440,15.854595184326172
2209984,16.596160888671875
2211360,7.752972602844238
2212144,15.424938201904297
2213600,17.53903579711914
2214640,17.458377838134766
2214832,13.938746452331543
2215184,3.998197555541992
2215648,16.856828689575195
2216384,17.756431579589844
2217232,16.945960998535156
2217280,10.219368934631348
2218672,17.97902488708496
2219488,17.373905181884766
2221024,12.44327163696289
2221840,17.485612869262695
2222192,16.223464965820312
2223056,17.504262924194336
2224736,16.65433692932129
2225376,17.32596206665039
2225472,14.935859680175781
2225488,16.097917556762695
2225824,16.17930030822754
2227360,17.21120262145996
2228080,11.274928092956543
2228320,16.63482093811035
2228544,1.1967740058898926
2228704,4.698238372802734
2229984,18.23492431640625
2230400,14.80273151397705
2230688,16.417800903320312
2231904,17.36510467529297
2232192,16.094196319580078
2234016,16.82570457458496
2234656,16.542739868164062
2235488,16.164146423339844
2235728,17.98262596130371
2235904,16.074403762817383
2236112,18.519811630249023
2236368,18.02126693725586
2236784,10.470949172973633
2237472,8.13875675201416
2238736,10.420567512512207
2239472,15.274602890014648
2239744,17.168359756469727
2239904,16.833391189575195
2240112,8.742950439453125
2241024,16.63604164123535
2241568,16.578725814819336
2241568,15.262421607971191
2242048,16.73735809326172
2242192,15.735859870910645
2243440,17.9404296875
2243648,15.26427936553955
2243952,18.37390899658203
2244448,14.978111267089844
2244688,17.11556053161621
2245696,15.115252494812012
2247152,15.521172523498535
2247248,16.453359603881836
2248592,18.12366485595703
2250240,16.45643424987793
2250576,16.398160934448242
2250688,15.812023162841797
2250896,16.65189552307129
2251776,16.738128662109375
2251952,5.841297626495361
2252528,17.25367546081543
2254096,17.03600311279297
2254400,17.396249771118164
2255392,16.301084518432617
2256080,17.086223602294922
2256080,16.690353393554688
2257232,16.74782371520996
2257600,15.538724899291992
2259248,16.073171615600586
2259632,17.20981216430664
2259648,17.27230453491211
2259728,13.571401596069336
2259872,17.624725341796875
2261184,17.48975372314453
2261440,17.2811336517334
2262384,17.07403564453125
2262864,17.523462295532227
2263216,6.4843220710754395
2263248,16.21258544921875
2263440,3.54728364944458
2264480,13.672016143798828
2265920,16.908523559570312
2266176,14.773853302001953
2266256,7.424750804901123
2266368,16.702308654785156
2266880,17.703969955444336
2268272,16.34300422668457
2268912,0.7393982410430908
2269488,16.407115936279297
2269936,16.844871520996094
2269968,17.775314331054688
2270400,1.5715283155441284
2271232,12.027122497558594
2271760,18.13190460205078
2273504,16.487586975097656
2276128,1.8874223232269287
2276560,15.592334747314453
2276656,17.304380416870117
2276720,11.68397045135498
2277136,6.31918478012085
2277152,17.995338439941406
2277984,3.244581699371338
2278144,17.44080924987793
2279120,16.95878791809082
2279552,5.980566501617432
2280096,18.19298553466797
2280144,17.602676391601562
2280240,14.808021545410156
2280272,14.774105072021484
2280752,17.4632511138916
2281520,15.123757362365723
2282016,13.228781700134277
2282400,4.29675817489624
2282880,16.99333381652832
2283888,17.332490921020508
2284688,17.461503982543945
2284976,16.8914852142334
2285280,16.14101791381836
2286032,16.46571922302246
2286224,17.222675323486328
2286544,12.865996360778809
2287328,11.110695838928223
2287696,17.47694969177246
2287712,10.655622482299805
2288112,2.445984125137329
2288544,14.966714859008789
2288976,17.9842529296875
2289216,17.15342140197754
2289232,16.56575584411621
2290640,12.631916999816895
2291280,15.979801177978516
2291776,16.780027389526367
2292144,15.1778564453125
2292176,17.429155349731445
2292560,16.49238395690918
2294256,17.875185012817383
2294496,16.289230346679688
2295104,17.97362518310547
2295104,17.936233520507812
2295680,18.2271728515625
2296880,17.71483612060547
2297408,17.581680297851562
2297616,18.448606491088867
2297680,8.04260540008545
2298064,16.720203399658203
2298432,4.104180335998535
2298448,18.09198570251465
2298928,16.579833984375
2299456,18.454362869262695
2300128,17.50057029724121
2301184,17.699262619018555
2302192,16.145206451416016
2303456,17.675249099731445
2303568,11.40225601196289
2304016,3.5084686279296875
2304784,11.553603172302246
2306288,18.35995101928711
2307040,18.34160804748535
2307408,17.367992401123047
2307536,18.964141845703125
2308320,17.98095703125
2309040,16.969161987304688
2310112,12.509238243103027
2310960,17.687820434570312
2311824,16.84132957458496
2311856,16.351455688476562
2313488,17.829652786254883
2314544,16.663484573364258
2314560,17.00177574157715
2314752,15.150443077087402
2314800,15.420275688171387
2315184,15.797813415527344
2315296,17.78705596923828
2315744,3.4414215087890625
2317168,18.0301513671875
2317440,1.010780930519104
2318336,18.134435653686523
2319328,17.850357055664062
2320128,4.705043315887451
2320464,17.49650764465332
2321072,15.925827026367188
2321792,17.09006118774414
2322672,17.222637176513672
2324400,18.062246322631836
2325008,14.329851150512695
2325360,16.390352249145508
2326224,18.615633010864258
2326336,17.603530883789062
2327088,16.297945022583008
2327840,6.383250713348389
2328048,17.57805633544922
2329104,16.39378547668457
2330688,17.224607467651367
2330720,3.408907651901245
2331504,17.125822067260742
2331504,4.7484025955200195
2332720,16.513439178466797
2332896,16.612136840820312
2333136,9.536904335021973
2333232,12.4542818069458
2335168,14.428691864013672
2335264,7.4205522537231445
2336176,18.087230682373047
2336640,17.411596298217773
2336864,16.99757194519043
2336880,16.176782608032227
2337600,17.001253128051758
2337616,8.562128067016602
2337856,10.379026412963867
2338624,16.576705932617188
2339216,10.66411304473877
2339760,18.996185302734375
2341072,17.0306339263916
2341728,16.65974998474121
2341920,15.96291732788086
2342208,16.26514434814453
2342368,17.909137725830078
2344368,17.477197647094727
2344448,17.635818481445312
2344944,14.007386207580566
2345664,16.17184066772461
2345728,4.2303690910339355
2345888,3.001786708831787
2346704,18.78480339050293
2348944,16.96446418762207
2349024,17.77596664428711
2349312,16.148639678955078
2349536,18.065101623535156
2349776,13.70117473602295
2350096,12.51501178741455
2350336,15.412778854370117
2351472,7.9199066162109375
2352256,18.18731117248535
2352544,17.08995246887207
2352608,15.444833755493164
2352880,17.59726333618164
2353712,17.111616134643555
2354144,18.54475975036621
2354928,15.0191650390625
2354960,17.251996994018555
2355152,11.543830871582031
2355904,16.85506820678711
2356416,16.697996139526367
2357632,15.697564125061035
2358624,17.340917587280273
2359760,17.362016677856445
2359856,8.130239486694336
2360864,5.9344353675842285
2361344,17.78116226196289
2362112,17.235824584960938
2362144,16.58509635925293
2363440,16.95027732849121
2364880,16.732126235961914
2365536,16.953920364379883
2366016,16.038679122924805
2366480,12.469701766967773
2366976,15.663331031799316
2367056,11.40560245513916
2367552,16.566944122314453
2368496,15.098677635192871
2369456,16.617673873901367
2369936,18.603763580322266
2370208,17.381685256958008
2371472,16.83286476135254
2372640,17.675527572631836
2372816,13.000778198242188
2372928,14.852900505065918
2372944,16.289154052734375
2372992,16.45111846923828
2375040,18.31817054748535
2375136,13.614274024963379
2376304,16.37395477294922
2376416,15.549161911010742
2376512,15.724579811096191
2376608,8.018733978271484
2377232,2.0360870361328125
2377552,16.623432159423828
2379984,19.488588333129883
2379984,13.92712688446045
2380192,17.799236297607422
2380560,12.950432777404785
2381152,16.552087783813477
2383104,17.244857788085938
2383440,17.922216415405273
2383760,16.426172256469727
2383792,17.731538772583008
2384752,18.106578826904297
2386224,16.335554122924805
2386976,18.099308013916016
2387248,17.79692840576172
2387408,16.47782325744629
2387440,16.4837703704834
2388096,4.091007709503174
2390560,17.2036075592041
2390896,16.285066604614258
2390896,16.85995101928711
2390976,18.158985137939453
2391152,18.55170440673828
2391360,16.669851303100586
2391584,17.75548553466797
2392112,18.030033111572266
2393024,11.638212203979492
2393488,17.59436798095703
2393520,11.814513206481934
2393648,11.524088859558105
2394544,15.312416076660156
2394992,16.487640380859375
2395360,11.201382637023926
2395600,15.7655668258667
2397616,18.230087280273438
2398304,15.994035720825195
2400304,16.245216369628906
2400336,8.2639799118042
2402112,18.018783569335938
2403904,18.047929763793945
2405696,16.907670974731445
2405984,17.10198974609375
2406496,9.68257999420166
2406640,3.9252963066101074
2407440,18.751623153686523
2408080,4.6492695808410645
2408320,13.129622459411621
2408912,13.834489822387695
2409088,17.851238250732422
2409488,17.05996322631836
2409488,8.298768997192383
2410032,16.896747589111328
2410960,13.329425811767578
2411776,17.57632827758789
2412240,3.3301939964294434
2412656,12.593963623046875
2413024,6.528179168701172
2413392,18.31493377685547
2415152,6.009642124176025
2415280,16.963289260864258
2416128,14.350883483886719
2416464,4.6846513748168945
2416608,17.718711853027344
2416624,17.898094177246094
2416736,15.414824485778809
2417280,17.755231857299805
2417552,2.9681880474090576
2417712,6.843428611755371
2418144,16.46124839782715
2418960,16.72257423400879
2419376,17.612218856811523
2420160,15.857458114624023
2420208,13.42164421081543
2420336,16.72415542602539
2420832,16.775684356689453
2423184,18.00952911376953
2423792,18.66877555847168
2423936,17.292192459106445
2424816,16.346235275268555
2425008,16.416702270507812
2426544,17.81348991394043
2426800,17.094619750976562
2427328,17.390121459960938
2427376,17.024023056030273
2429632,17.281795501708984
2430400,18.216167449951172
2431184,18.294288635253906
2431872,17.901960372924805
2432048,16.631057739257812
2432064,15.019905090332031
2434064,17.269189834594727
2434224,13.016408920288086
2434512,18.17406463623047
2435088,4.927095890045166
2435696,18.20761489868164
2436896,4.638825416564941
2437680,9.898157119750977
2437968,15.30128002166748
2438064,15.990752220153809
2439264,16.909669876098633
2440048,17.15433120727539
2441136,17.940889358520508
2441584,17.244054794311523
2441680,17.2265625
2441728,17.173404693603516
2442016,16.325010299682617
2442368,12.293936729431152
2442672,18.168535232543945
2442832,16.60270118713379
2443984,16.621288299560547
2444032,15.59508228302002
2445088,17.16440200805664
2445504,7.312264919281006
2446384,17.328556060791016
2447232,17.893705368041992
2447360,5.874298572540283
2447456,16.784378051757812
2447632,11.542115211486816
2448528,11.76563549041748
2448896,16.40315055847168
2449728,16.6071834564209
2449952,15.971085548400879
2451632,14.426713943481445
2452000,17.34120750427246
2452384,17.728036880493164
2452640,16.978364944458008
2453552,15.152478218078613
2454064,17.266185760498047
2454672,11.77145767211914
2455424,16.166994094848633
2455728,17.799930572509766
2456048,16.547380447387695
2456048,17.84160041809082
2456096,17.1516056060791
2457712,15.4688720703125
2458048,16.62798309326172
2458208,17.763500213623047
2458864,14.873196601867676
2458928,17.71340560913086
2459392,17.11968994140625
2459712,18.048049926757812
2460608,18.509428024291992
2461360,16.718542098999023
2461456,10.857754707336426
2461504,16.104238510131836
2462528,13.345284461975098
2462656,17.259889602661133
2462960,16.94464111328125
2463648,18.043331146240234
2464304,10.278677940368652
2464976,18.437589645385742
2465088,17.86466407775879
2466000,17.208436965942383
2466176,16.03693199157715
2467376,13.479580879211426
2467472,16.330245971679688
2467776,17.685535430908203
2468688,17.476545333862305
2468896,18.014305114746094
2470000,11.457169532775879
2470992,17.403532028198242
2472528,10.615525245666504
2475504,17.87843132019043
2475536,2.9272501468658447
2475856,17.328012466430664
2475952,15.271904945373535
2476096,16.23033332824707
2476144,17.46333122253418
2477040,4.192132949829102
2477408,16.6630859375
2477888,8.444185256958008
2477904,16.028614044189453
2479248,17.319746017456055
2479472,16.78498649597168
2480528,16.674535751342773
2481552,15.887032508850098
2481696,17.89898681640625
2481808,15.548249244689941
2482512,15.55428409576416
2482736,6.4695868492126465
2483184,15.624550819396973
2483776,17.344465255737305
2485280,16.267549514770508
2485408,11.538433074951172
2486576,18.197757720947266
2486848,16.286022186279297
2487328,17.310266494750977
2487744,16.254514694213867
2488784,16.92473793029785
2490048,12.8311185836792
2490992,16.621183395385742
2491264,16.776630401611328
2491312,17.365230560302734
2492368,17.285625457763672
2492608,11.277449607849121
2493056,16.921642303466797
2493296,15.184971809387207
2493792,17.43634605407715
2494064,17.00893783569336
2494112,18.13585090637207
2494400,17.242389678955078
2494880,16.86661720275879
2496880,17.629976272583008
2497456,11.12662124633789
2497792,16.429935455322266
2498528,15.66180419921875
2498592,16.647201538085938
2498720,10.616246223449707
2499520,16.906280517578125
2499792,17.015819549560547
2500384,17.428258895874023
2500672,10.253181457519531
2503152,16.96477699279785
2505312,16.35015869140625
2505456,15.605908393859863
2505760,17.04155731201172
2505968,16.374488830566406
2506304,16.127256393432617
2506960,11.41475772857666
2507408,18.063405990600586
2507808,16.27814292907715
2508320,11.812899589538574
2509184,15.369032859802246
2509680,17.345439910888672
2509776,8.3926420211792
2509792,16.21446418762207
2510000,10.674581527709961
2510528,17.163610458374023
2511792,8.958374977111816
2513472,15.860505104064941
2513632,18.176034927368164
2513984,18.346527099609375
2514016,17.16423225402832
2515648,18.061695098876953
2517104,15.896249771118164
2517648,16.417640686035156
2518240,9.27789306640625
2518976,17.616737365722656
2519008,17.400793075561523
2521712,17.43836784362793
2522368,18.197486877441406
2522528,17.93020248413086
2523520,16.681367874145508
2524368,12.480393409729004
2524400,17.01087760925293
2525184,11.078753471374512
2525440,16.014862060546875
2526656,3.626993417739868
2527152,11.670010566711426
2527776,16.13949203491211
2527856,4.661464214324951
2528208,1.6263078451156616
2528752,6.3793206214904785
2528816,17.718843460083008
2530688,4.098021984100342
2531296,16.48080062866211
2531488,17.80175018310547
2531824,17.375598907470703
2532240,16.66699981689453
2532768,3.319075584411621
2534896,17.696495056152344
2535808,17.089176177978516
2537120,16.351816177368164
2537360,16.13486671447754
2537872,16.842382431030273
2538064,5.905956745147705
2538336,15.574398040771484
2538432,16.272157669067383
2538464,16.90325164794922
2538512,11.808298110961914
2540880,15.898045539855957
2542208,17.453231811523438
2542880,16.736257553100586
2544288,11.833099365234375
2544944,16.677343368530273
2545488,17.446029663085938
2545968,16.448610305786133
2546448,17.843120574951172
2548256,10.54884147644043
2548480,17.231849670410156
2549088,17.317407608032227
2550848,16.87228775024414
2552128,13.262374877929688
2554496,15.828006744384766
2555504,15.66740608215332
2556272,11.826959609985352
2557552,7.642343521118164
2558832,17.33175277709961
2558880,11.38821029663086
2559760,15.521425247192383
2560512,16.62725830078125
2561072,17.086660385131836
2562272,17.360578536987305
2562448,17.218502044677734
2562704,16.178817749023438
2563664,11.708127975463867
2565072,10.973236083984375
2565808,16.164905548095703
2566048,18.133220672607422
2566848,14.976484298706055
2567216,15.389873504638672
2567216,17.756513595581055
2567600,17.48065948486328
2568704,11.65831470489502
2569536,14.278908729553223
2569696,16.73686408996582
2570368,17.354869842529297
2570832,17.649574279785156
2571008,16.80352020263672
2571296,16.489957809448242
2571664,16.927074432373047
2573232,17.005859375
2573312,17.376949310302734
2573456,16.84834861755371
2574000,17.064647674560547
2574400,18.771238327026367
2575296,17.400665283203125
2575680,13.964713096618652
2576784,16.508024215698242
2577440,17.244247436523438
2577632,16.407136917114258
2577872,17.584163665771484
2580464,17.54913902282715
2580512,15.928832054138184
2580768,18.223798751831055
2581040,18.283294677734375
2581840,16.183128356933594
2582736,17.747766494750977
2584144,17.070777893066406
2584192,17.092424392700195
2584560,17.627334594726562
2584608,18.198015213012695
2585136,17.951684951782227
2585424,17.07318115234375
2585632,18.329050064086914
2586096,17.282920837402344
2586240,16.566078186035156
2586640,17.86655044555664
2586640,18.347702026367188
2587600,12.281384468078613
2587744,15.425843238830566
2588256,17.250944137573242
2589152,17.084686279296875
2589200,10.20983600616455
2589840,16.0508975982666
2590208,16.45791244506836
2591120,17.20563507080078
2591584,18.00286293029785
2591728,9.32223129272461
2592832,16.818702697753906
2593408,18.672927856445312
2594688,17.785768508911133
2594976,17.536136627197266
2596016,17.266632080078125
2596320,15.481839179992676
2596656,17.11664390563965
2597792,14.04948616027832
2598128,16.449796676635742
2598272,17.194833755493164
2598528,17.607393264770508
2598560,17.666669845581055
2599024,16.682159423828125
2599504,16.498592376708984
2599888,18.123096466064453
2600064,15.052523612976074
2600336,17.08820343017578
2600800,10.895687103271484
2601600,16.068449020385742
2601856,17.210193634033203
2601904,3.5600171089172363
2601920,10.87657642364502
2602384,12.865494728088379
2602448,11.424222946166992
2602656,3.607883930206299
2603968,16.165210723876953
2605488,18.18271255493164
2605552,17.41937828063965
2605600,16.350217819213867
2606512,17.064722061157227
2606912,1.5324287414550781
2607216,17.242313385009766
2607920,17.363054275512695
2608112,15.753104209899902
2608960,17.163898468017578
2609248,7.292625904083252
2609264,17.53795623779297
2609408,15.501014709472656
2609520,17.89407730102539
2610832,6.252577781677246
2611520,15.605768203735352
2612512,18.5361270904541
2612672,16.453702926635742
2612848,15.806451797485352
2612864,17.868160247802734
2613504,9.912744522094727
2614400,17.23297691345215
2614656,3.368248224258423
2615040,16.8996639251709
2615248,16.408418655395508
2615472,10.842188835144043
2616976,16.875036239624023
2617840,5.316898822784424
2618448,14.912217140197754
2618608,17.255247116088867
2618720,17.14590072631836
2619008,16.777259826660156
2620688,16.592374801635742
2622928,15.476444244384766
2624128,16.462474822998047
2624272,17.337751388549805
2624496,16.989667892456055
2625792,17.35797691345215
2626480,17.224510192871094
2626816,16.267677307128906
2627568,17.920785903930664
2628448,16.003555297851562
2629152,18.05340003967285
2629232,16.178529739379883
2629376,17.534440994262695
2629440,12.93248462677002
2630352,17.763383865356445
2630352,18.256366729736328
2630496,15.160988807678223
2631184,17.781463623046875
2632080,8.525358200073242
2632608,18.806650161743164
2632928,16.59280776977539
2632976,15.326211929321289
2633024,17.246337890625
2636528,17.846511840820312
2637184,16.589075088500977
2637472,18.537532806396484
2637712,15.999120712280273
2638000,7.909877300262451
2638384,16.736509323120117
2638640,17.02657699584961
2638656,16.53151512145996
2639152,17.709426879882812
2640016,16.489198684692383
2640432,7.006642818450928
2641104,17.160259246826172
2641136,16.93467903137207
2641504,16.302473068237305
2643040,16.81498908996582
2643568,17.66031265258789
2643984,18.810205459594727
2645456,17.605527877807617
2647232,16.236309051513672
2647296,17.916101455688477
2647760,3.8077592849731445
2648560,15.255075454711914
2648944,17.40192985534668
2649376,16.1104679107666
2649920,15.35966968536377
2650336,12.636651039123535
2650512,17.490270614624023
2650704,16.548316955566406
2650912,16.009902954101562
2651424,3.9882469177246094
2652512,16.317283630371094
2652976,17.15127182006836
2654032,5.564209461212158
2654112,16.639219284057617
2654288,12.592487335205078
2654464,16.80679702758789
2655088,17.023536682128906
2657248,16.118221282958984
2657632,15.76688289642334
2657632,17.17498207092285
2657840,17.643178939819336
2658016,16.67694854736328
2658624,16.288188934326172
2659888,1.2586535215377808
2659984,16.70707130432129
2660304,17.836118698120117
2661152,16.43581771850586
2663664,12.532761573791504
2664208,16.144479751586914
2664656,16.704513549804688
2664800,18.755229949951172
2666304,17.83445930480957
2667376,17.474445343017578
2667376,16.017223358154297
2667520,17.546249389648438
2667760,10.659401893615723
2667856,16.01117515563965
2670400,17.1904296875
2670464,11.43221664428711
2670800,18.30755615234375
2671824,18.23689842224121
2671856,17.084095001220703
2673936,14.851164817810059
2674000,17.677419662475586
2674352,10.393396377563477
2674880,16.978151321411133
2676496,18.516517639160156
2676720,7.027917385101318
2677552,17.57672119140625
2677840,16.45916748046875
2677872,18.483970642089844
2677968,18.982986450195312
2678416,17.632587432861328
2679920,5.386650562286377
2680016,17.562538146972656
2681152,17.38703155517578
2681504,16.656526565551758
2682384,4.028142929077148
2683600,17.80626678466797
2686480,15.28671932220459
2686944,11.705339431762695
2687024,9.31825065612793
2687120,13.966288566589355
2688464,16.45936393737793
2688544,19.420560836791992
2688608,17.262290954589844
2688608,17.364810943603516
2688704,17.40589141845703
2689872,17.46836280822754
2690080,18.09214973449707
2690464,12.859314918518066
2690480,18.007631301879883
2690608,18.370084762573242
2690672,16.509191513061523
2690720,17.777769088745117
2691648,7.447775840759277
2692240,17.45389175415039
2693600,17.162158966064453
2693712,15.874037742614746
2693872,11.871191024780273
2694224,14.843469619750977
2695680,18.510730743408203
2696736,17.501949310302734
2697328,17.407089233398438
2698496,17.866046905517578
2699184,16.83992576599121
2699856,11.694502830505371
2700416,16.56227684020996
2700800,17.048355102539062
2701360,16.58799934387207
2701552,18.436450958251953
2701760,15.157367706298828
2702880,18.125253677368164
2702912,14.909131050109863
2703424,13.488608360290527
2704560,16.99685287475586
2705360,17.7169132232666
2705488,17.080852508544922
2705600,15.698073387145996
2705664,15.672263145446777
2706272,16.549785614013672
2706496,17.466115951538086
2706544,17.39214515686035
2707008,17.290573120117188
2707344,16.935894012451172
2707984,15.717591285705566
2708944,15.90413761138916
2710032,18.04364776611328
2710448,7.73738431930542
2710528,17.462690353393555
2711520,17.161710739135742
2711568,16.585351943969727
2712048,17.054758071899414
2712864,18.095218658447266
2713872,14.861876487731934
2714096,11.19738483428955
2714128,16.296627044677734
2714192,10.350728034973145
2715104,17.604978561401367
2716144,17.699434280395508
2717504,16.88619613647461
2717632,15.993481636047363
2718096,16.979734420776367
2718240,2.788148880004883
2718400,16.859586715698242
2718736,7.3456501960754395
2718944,17.906761169433594
2718976,17.483095169067383
2719648,16.952774047851562
2719968,14.781435012817383
2720752,16.833187103271484
2720768,7.264349460601807
2721200,17.7740478515625
2722048,17.497791290283203
2722592,18.774511337280273
2723328,8.011791229248047
2724352,17.028141021728516
2724688,17.522415161132812
2724896,18.823320388793945
2725344,16.738378524780273
2726208,15.755095481872559
2726384,15.672738075256348
2727376,2.2711563110351562
2728416,17.081218719482422
2729008,7.737192153930664
2729472,17.419086456298828
2732336,11.131348609924316
2732368,18.743595123291016
2732432,17.316932678222656
2735504,17.937774658203125
2735808,15.84811019897461
2735920,17.424646377563477
2736048,15.606553077697754
2739216,18.368099212646484
2739328,19.146562576293945
2740208,3.4125611782073975
2741664,17.86748504638672
2742208,13.452569961547852
2742736,15.340693473815918
2742800,17.642955780029297
2742896,17.207706451416016
2743056,11.985971450805664
2743888,16.073406219482422
2744592,18.019887924194336
2744864,8.080103874206543
2745200,17.854591369628906
2745264,14.642078399658203
2745792,19.04243278503418
2746192,17.720022201538086
2746400,15.547544479370117
2746624,17.802032470703125
2747200,2.543301582336426
2747504,17.938228607177734
2748208,16.778034210205078
2748768,17.908164978027344
2749648,14.585956573486328
2750128,17.484975814819336
2750192,7.9241485595703125
2750576,7.5670084953308105
2751088,17.371139526367188
2751856,17.928163528442383
2752016,17.903663635253906
2753520,17.702404022216797
2754240,16.060508728027344
2754592,17.45294189453125
2755552,18.472043991088867
2756752,16.424114227294922
2757104,17.98062515258789
2757328,10.73157787322998
2757520,12.286388397216797
2759152,17.7601318359375
2759664,11.474862098693848
2759680,12.088203430175781
2760368,13.88828182220459
2761424,17.633399963378906
2762528,15.623810768127441
2762656,17.692934036254883
2762784,17.49395751953125
2763344,17.623491287231445
2765296,2.7617762088775635
2766016,16.555639266967773
2766064,17.204553604125977
2766288,16.588611602783203
2766752,17.54336166381836
2767280,16.615802764892578
2767552,17.706958770751953
2769600,17.571428298950195
2769792,16.901254653930664
2770096,12.796250343322754
2771008,18.013124465942383
2771424,16.561765670776367
2771872,15.04817008972168
2771984,17.771196365356445
2772336,3.365025043487549
2772432,17.381607055664062
2773760,17.73039436340332
2773840,18.030183792114258
2774320,17.638198852539062
2774976,4.05117130279541
2775328,16.218547821044922
2775568,17.888647079467773
2775904,18.31430435180664
2776992,18.702390670776367
2777168,16.903881072998047
2777376,16.655752182006836
2777936,16.85332679748535
2778256,17.876623153686523
2778368,17.04818344116211
2778432,11.635693550109863
2779520,17.375762939453125
2780848,17.368465423583984
2781984,15.512441635131836
2782656,16.60457992553711
2782752,17.44700813293457
2783744,16.73448371887207
2784048,18.85723876953125
2784208,17.90903091430664
2784384,17.918193817138672
2784608,15.271768569946289
2785280,15.908401489257812
2785408,17.95110321044922
2785888,17.101531982421875
2786192,15.990814208984375
2787264,16.8485050201416
2787408,12.97729778289795
2787552,17.409318923950195
2787856,16.718158721923828
2788176,15.890247344970703
2788768,17.834142684936523
2788800,16.37532615661621
2789232,14.051453590393066
2789280,18.99323844909668
2789824,16.36100196838379
2791152,17.426654815673828
2792528,11.411478042602539
2792816,17.215112686157227
2793376,11.521690368652344
2794672,18.117168426513672
2794880,17.952180862426758
2795392,3.639617919921875
2797328,17.708881378173828
2798960,16.602100372314453
2799552,16.028162002563477
2799984,10.704824447631836
2800208,17.60755157470703
2800464,8.228208541870117
2800544,16.962303161621094
2800880,17.49146842956543
2801472,13.224413871765137
2801696,16.475324630737305
2802016,17.128799438476562
2802448,16.25492286682129
2802720,16.552934646606445
2802928,10.73310661315918
2803008,16.2608642578125
2803184,16.646390914916992
2803552,15.540152549743652
2803968,17.524887084960938
2804224,17.30242919921875
2805056,10.479344367980957
2805200,18.250417709350586
2806112,17.297073364257812
2806496,16.653423309326172
2806512,17.14832878112793
2807984,16.714323043823242
2808080,4.173407554626465
2810128,16.781879425048828
2810160,16.689266204833984
2810304,17.132822036743164
2811296,11.797140121459961
2812272,17.128177642822266
2812288,18.01339340209961
2813344,17.960857391357422
2813680,16.251747131347656
2813696,17.60633087158203
2813728,14.281941413879395
2814224,12.380070686340332
2814544,6.886721134185791
2814576,14.528575897216797
2815872,17.04081916809082
2816224,17.94432258605957
2817328,14.80582046508789
2817680,15.308196067810059
2818016,16.461925506591797
2818416,16.899517059326172
2820032,13.206310272216797
2820896,18.760311126708984
2821584,17.90514373779297
2822256,7.088256359100342
2823680,18.454853057861328
2823824,16.043420791625977
2825328,17.217041015625
2825648,1.25934636592865
2825808,16.330856323242188
2826960,16.10672950744629
2828048,19.355321884155273
2828784,17.668798446655273
2828976,17.844453811645508
2829008,17.209064483642578
2829376,16.83061981201172
2830416,17.6627140045166
2830960,17.094064712524414
2831840,17.318622589111328
2832544,17.165382385253906
2832576,15.844832420349121
2832848,18.067089080810547
2833856,3.9034359455108643
2834000,16.355451583862305
2834224,16.613954544067383
2835136,18.082502365112305
2836048,17.27826690673828
2837424,17.377452850341797
2840432,18.153987884521484
2840912,17.94671058654785
2841008,14.987052917480469
2842208,11.35411548614502
2842928,14.668450355529785
2843248,17.16128158569336
2843520,18.206350326538086
2843648,17.410133361816406
2846320,16.9001522064209
2846448,17.384061813354492
2846704,17.64645004272461
2847840,16.810625076293945
2848096,17.078636169433594
2848384,17.36258888244629
2848592,16.827655792236328
2849248,11.647600173950195
2849456,17.541873931884766
2849760,20.545822143554688
2849952,18.01667594909668
2850368,17.653545379638672
2852256,3.632293939590454
2853376,11.760777473449707
2853440,17.471818923950195
2853920,18.81711769104004
2854096,12.142433166503906
2854976,17.743404388427734
2855488,18.42981719970703
2856320,17.20120620727539
2856768,17.65256118774414
2856976,16.70663833618164
2856992,15.612092971801758
2857536,17.026643753051758
2858896,17.78541374206543
2859488,17.857929229736328
2859520,11.098698616027832
2859984,17.318519592285156
2860560,18.14276885986328
2861056,8.324203491210938
2863376,4.291708946228027
2863568,13.113005638122559
2863968,16.898174285888672
2864192,16.362642288208008
2864608,16.807594299316406
2866032,17.654706954956055
2866176,8.280306816101074
2866464,13.312297821044922
2866528,18.162050247192383
2866720,17.750349044799805
2867536,17.28179931640625
2868128,16.881925582885742
2869328,16.843542098999023
2869840,18.000993728637695
2870016,16.69174575805664
2870416,10.884980201721191
2871200,16.218076705932617
2871776,17.83888816833496
2872112,3.730527877807617
2872848,14.190534591674805
2872944,2.2293477058410645
2873968,16.395227432250977
2874288,9.089604377746582
2874704,12.25879192352295
2874944,4.017763614654541
2875344,18.092071533203125
2875360,18.219375610351562
2876448,15.919201850891113
2877184,16.456510543823242
2877440,12.255188941955566
2877568,11.576014518737793
2877792,18.097946166992188
2877872,16.11583709716797
2877936,10.042379379272461
2878208,17.832489013671875
2878592,17.72709083557129
2878912,18.460325241088867
2879168,17.014633178710938
2879680,8.350165367126465
2881104,17.6998233795166
2881920,17.67434310913086
2882480,15.822507858276367
2884336,18.361351013183594
2885104,16.177249908447266
2885104,17.730112075805664
2885200,6.986268043518066
2885744,16.281917572021484
2886400,17.23343276977539
2888400,17.053089141845703
2888624,17.980510711669922
2888640,18.310518264770508
2889264,16.870210647583008
2889904,17.602689743041992
2890032,16.46402931213379
2890176,3.069514274597168
2890496,17.084259033203125
2890864,16.04796600341797
2892128,17.364883422851562
2892752,11.377062797546387
2893680,15.240447998046875
2893728,18.373327255249023
2894560,17.778322219848633
2894864,12.197220802307129
2895184,16.876968383789062
2895696,15.626302719116211
2896864,16.158369064331055
2897264,17.816041946411133
2898272,19.239776611328125
2898384,17.187511444091797
2898720,18.142160415649414
2898752,16.707443237304688
2900912,15.167829513549805
2900928,19.393592834472656
2901824,17.804136276245117
2902272,16.947269439697266
2902592,17.56973648071289
2904432,17.390056610107422
2904640,17.627361297607422
2906544,18.860395431518555
2906736,16.237302780151367
2907968,16.255271911621094
2908032,16.024696350097656
2908256,16.955995559692383
2909392,17.82608985900879
2909776,7.295401096343994
2911168,16.1051082611084
2911552,17.47690200805664
2911936,19.083377838134766
2912768,18.21910858154297
2912976,17.71292495727539
2913088,17.49100112915039
2913328,18.377765655517578
2913472,8.400601387023926
2913904,17.32982063293457
2916672,5.438549041748047
2916944,19.112613677978516
2916992,19.74176788330078
2917104,16.682462692260742
2917280,3.58451509475708
2917888,8.884391784667969
2918304,16.884450912475586
2918688,17.706703186035156
2919984,12.090899467468262
2920240,18.270627975463867
2920688,16.702890396118164
2921088,17.80953598022461
2921488,18.72939109802246
2921792,16.975826263427734
2923200,11.671396255493164
2923520,18.219783782958984
2924032,18.322099685668945
2925904,14.667692184448242
2926272,18.871522903442383
2926464,17.717708587646484
2927296,14.24592399597168
2927712,17.36137580871582
2928512,16.28253936767578
2928848,18.31244659423828
2929008,18.20172119140625
2929344,16.35137367248535
2930464,17.76311492919922
2931024,17.727558135986328
2931264,17.586217880249023
2932976,16.838167190551758
2933088,18.326536178588867
2935440,3.523475170135498
2936240,18.620553970336914
2936512,16.485157012939453
2937008,17.328039169311523
2938480,16.968017578125
2939776,17.154539108276367
2940064,17.249210357666016
2942528,18.48468780517578
2943056,11.333810806274414
2943360,18.02558135986328
2944448,18.441936492919922
2945344,16.61231231689453
2945392,18.02412986755371
2946096,17.472158432006836
2946240,15.763336181640625
2947136,18.319866180419922
2947856,15.052268028259277
2949568,15.464070320129395
2949728,17.369524002075195
2950064,16.892080307006836
2950064,6.612776756286621
2950272,16.774105072021484
2950656,17.453777313232422
2951648,17.690019607543945
2951680,17.953840255737305
2952208,9.396440505981445
2952400,18.27852439880371
2952864,18.067523956298828
2953296,16.91288185119629
2953312,11.685083389282227
2953808,15.752825736999512
2954128,3.733440637588501
2954768,18.4765682220459
2957056,17.82403564453125
2957216,18.617998123168945
2957712,16.617399215698242
2959888,17.097457885742188
2961232,18.395973205566406
2962208,7.809415817260742
2962224,18.397998809814453
2962320,18.2788028717041
2963392,17.81097984313965
2963968,14.034221649169922
2964224,18.03363609313965
2964368,16.544414520263672
2965728,17.995365142822266
2966352,18.113075256347656
2966528,13.736982345581055
2967568,17.929901123046875
2967728,17.344409942626953
2967888,14.973795890808105
2968240,17.901500701904297
2969312,8.248564720153809
2969328,17.789640426635742
2969664,7.33036470413208
2970048,19.19818115234375
2970320,17.668622970581055
2970656,16.5501708984375
2971056,18.241077423095703
2971360,18.40554428100586
2972544,17.777233123779297
2972864,17.313228607177734
2972880,18.132173538208008
2973248,11.58800983428955
2973472,17.442903518676758
2974912,3.1046812534332275
2975104,14.732843399047852
2975424,15.858429908752441
2975584,16.726932525634766
2975808,9.2009916305542
2976352,17.75508689880371
2976752,17.743085861206055
2978208,15.750137329101562
2978400,18.17021942138672
2979312,17.180877685546875
2979872,18.001516342163086
2980032,16.531068801879883
2980384,17.68107795715332
2981216,12.474596977233887
2981264,16.939844131469727
2981792,18.870067596435547
2981984,17.87686538696289
2982064,18.27132225036621
2982528,16.405960083007812
2983856,16.699417114257812
2984448,17.753124237060547
2984800,16.908658981323242
2984960,15.978814125061035
2986768,13.953062057495117
2986944,17.752092361450195
2987376,16.467695236206055
2988912,18.31934356689453
2990384,15.344671249389648
2990624,7.911881923675537
2990992,17.087345123291016
2991136,17.71507453918457
2991344,15.404022216796875
2992000,18.179275512695312
2993616,18.139314651489258
2994096,17.020458221435547
2994192,18.123226165771484
2994224,18.666833877563477
2994416,17.525039672851562
2994800,17.21416473388672
2995376,3.924583673477173
2995568,16.90436553955078
2996016,14.268637657165527
2996352,16.433250427246094
2997824,17.68573570251465
2998320,17.661540985107422
2999328,8.752199172973633
2999568,17.30439567565918
2999952,16.71108055114746
3000800,16.48418617248535
3004416,17.932947158813477
3004960,18.496021270751953
3005104,16.762537002563477
3005632,17.5268611907959
3008464,17.626033782958984
3008656,18.49274444580078
3008832,18.461931228637695
3008992,16.69481658935547
3009760,18.126340866088867
3010240,16.977468490600586
3010592,10.15157413482666
3011536,17.697956085205078
3011888,14.739100456237793
3012368,16.975357055664062
3013312,16.980188369750977
3013328,17.50775718688965
3014912,11.559318542480469
3015056,16.153663635253906
3015536,17.91146469116211
3015936,18.32400894165039
3016560,17.648324966430664
3016800,17.47796058654785
3016864,17.919509887695312
3018624,17.149126052856445
3018976,15.963566780090332
3019168,17.7019100189209
3019520,16.843957901000977
3020032,18.28680992126465
3020128,18.435014724731445
3020288,16.823509216308594
3021056,16.86899185180664
3021776,12.332962036132812
3022240,17.015695571899414
3022432,17.3499755859375
3023936,17.61844825744629
3024048,18.065248489379883
3024192,12.046490669250488
3025344,16.67685890197754
3027568,16.592777252197266
3027808,17.173494338989258
3027808,17.791051864624023
3028288,17.599037170410156
3028464,18.75629425048828
3028656,16.85098648071289
3028752,17.064208984375
3028848,16.376113891601562
3030784,18.032224655151367
3030784,18.678232192993164
3030928,18.009801864624023
3031104,17.775390625
3031728,17.418893814086914
3032304,18.28089714050293
3033520,11.348864555358887
3034416,18.645856857299805
3034848,19.011667251586914
3035408,17.786792755126953
3035872,7.094330310821533
3037360,12.186634063720703
3037408,15.480440139770508
3037504,17.71575355529785
3037664,13.52766227722168
3037904,11.826761245727539
3038400,18.244367599487305
3039024,17.331823348999023
3039536,20.202045440673828
3039680,18.130599975585938
3041328,16.72699737548828
3043024,18.10887908935547
3043104,18.072389602661133
3043296,17.297338485717773
3044992,18.47245216369629
3045392,12.082717895507812
3045616,16.449838638305664
3046048,16.184062957763672
3047584,17.756282806396484
3047600,17.306259155273438
3047968,9.196842193603516
3048304,17.58782386779785
3048432,7.394618034362793
3048496,3.7324914932250977
3048592,17.118316650390625
3051136,16.42184066772461
3051792,7.204211711883545
3052144,17.283231735229492
3052208,17.802291870117188
3053136,17.761777877807617
3053136,17.457393646240234
3054112,16.059207916259766
3054464,10.875320434570312
3054720,16.011472702026367
3055584,17.836288452148438
3055648,17.084129333496094
3056272,7.782260894775391
3056352,18.0013484954834
3057920,11.898423194885254
3057984,16.80729866027832
3058704,18.379541397094727
3058912,6.97981071472168
3059168,18.079973220825195
3059312,17.894956588745117
3059936,17.715024948120117
3060352,17.650257110595703
3061904,16.73145294189453
3064880,17.96421241760254
3065392,17.95370864868164
3065728,17.898439407348633
3065920,14.635028839111328
3066240,17.83765983581543
3066272,14.53751277923584
3066640,16.79416847229004
3069040,16.515605926513672
3069296,17.841800689697266
3069520,19.138736724853516
3069808,18.446128845214844
3069840,17.37472152709961
3070976,3.2712297439575195
3071664,17.83599853515625
3071664,11.750535011291504
3073488,18.436519622802734
3073504,18.25446319580078
3075904,16.018877029418945
3076176,17.967960357666016
3076688,12.289318084716797
3076800,18.750076293945312
3076976,18.062427520751953
3077936,17.315847396850586
3078800,11.071708679199219
3080864,14.048698425292969
3080912,16.799381256103516
3081952,13.334017753601074
3082112,12.584836959838867
3082384,18.284852981567383
3083392,11.673110961914062
3083520,14.234821319580078
3083712,16.059526443481445
3084560,17.530656814575195
3085424,13.433223724365234
3085888,16.23468780517578
3086944,16.776966094970703
3087104,18.20768165588379
3087232,16.85296058654785
3087904,17.017101287841797
3088096,18.571491241455078
3088640,18.10537338256836
3089408,17.763614654541016
3090400,16.4503116607666
3091584,17.782718658447266
3092128,15.367544174194336
3092544,16.956138610839844
3093792,3.368198871612549
3093904,18.31601333618164
3094256,18.298938751220703
3094304,18.302677154541016
3094432,18.692014694213867
3094896,17.296789169311523
3095168,16.73634147644043
3095648,18.66595458984375
3097184,11.212058067321777
3097776,17.833105087280273
3098816,15.732081413269043
3099408,5.256961822509766
3099888,17.88303565979004
3100736,17.381187438964844
3100944,18.393896102905273
3101600,17.63081169128418
3102512,11.24475383758545
3102768,17.784866333007812
3103344,2.7515316009521484
3103888,17.599702835083008
3104096,16.347604751586914
3104688,17.596126556396484
3104976,18.653335571289062
3104976,16.925289154052734
3105120,17.49939727783203
3106864,18.519634246826172
3107648,16.966495513916016
3108256,17.43449592590332
3108496,18.493877410888672
3108512,17.14336395263672
3109696,16.832775115966797
3109808,17.243335723876953
3109936,15.73966121673584
3110560,17.27284812927246
3111872,18.650117874145508
3112032,17.605566024780273
3112416,12.189435958862305
3113344,16.97749900817871
3113456,17.98621368408203
3113616,17.40131950378418
3114176,17.999406814575195
3115088,17.582683563232422
3115184,17.02432632446289
3115552,16.948040008544922
3115680,16.50998306274414
3115952,16.316814422607422
3116992,18.315227508544922
3117792,16.684078216552734
3119136,18.429235458374023
3119184,17.812772750854492
3120528,16.9511775970459
3120720,15.651334762573242
3120896,17.65281867980957
3121744,15.570587158203125
3125424,12.165711402893066
3125520,15.755297660827637
3125584,16.778945922851562
3127264,12.586771965026855
3127856,18.120458602905273
3128032,16.49428367614746
3128880,17.343849182128906
3129120,17.19963264465332
3129952,17.541969299316406
3130048,17.612266540527344
3130336,17.585582733154297
3131264,17.472183227539062
3132544,17.590774536132812
3133056,17.119611740112305
3133056,12.470836639404297
3133472,16.252782821655273
3135280,17.42389488220215
3135520,17.863557815551758
3136656,17.65960693359375
3137248,10.993334770202637
3138432,15.723819732666016
3138480,16.639202117919922
3138592,17.207290649414062
3139104,16.9482421875
3139760,16.290828704833984
3139984,17.454410552978516
3140720,12.350852966308594
3141104,17.5797061920166
3141936,18.188674926757812
3143296,17.084003448486328
3143760,17.767892837524414
3144672,16.918289184570312
3144928,7.8097825050354
3145568,17.458311080932617
3147312,16.94383430480957
3147776,17.018810272216797
3147856,18.024812698364258
3148240,16.098533630371094
3148480,16.973655700683594
3149184,17.5919189453125
3150512,3.006706476211548
3151344,17.969650268554688
3151376,16.913461685180664
3151456,17.163103103637695
3152064,17.492368698120117
3152608,17.568706512451172
3153840,9.321638107299805
3154224,17.166271209716797
3154496,9.250656127929688
3155392,15.597183227539062
3156336,17.593589782714844
3157760,18.209606170654297
3158080,15.922109603881836
3158288,15.123170852661133
3158560,17.384788513183594
3159184,4.476236343383789
3159536,16.963836669921875
3160944,15.017386436462402
3161568,17.703094482421875
3161600,15.855438232421875
3162224,19.49942398071289
3162640,6.47725248336792
3162720,18.506113052368164
3163504,7.46511697769165
3163808,4.603601932525635
3164656,18.61549186706543
3164672,10.097994804382324
3165120,17.49956703186035
3165200,15.964456558227539
3165776,17.776287078857422
3165792,17.669511795043945
3167088,16.646242141723633
3167392,17.633024215698242
3167728,12.529765129089355
3168320,18.017650604248047
3169408,16.065683364868164
3170080,12.750144004821777
3170304,18.204845428466797
3171088,8.694023132324219
3171328,18.885656356811523
3172480,17.20376968383789
3172912,17.78795623779297
3173024,17.93494987487793
3173584,17.44634246826172
3173920,16.780004501342773
3174608,17.18619728088379
3175216,16.860477447509766
3175456,18.426334381103516
3176480,15.262017250061035
3178144,19.716510772705078
3178256,18.425992965698242
3178288,5.7317728996276855
3178304,15.958675384521484
3178896,18.6219539642334
3179984,15.813231468200684
3180416,17.082605361938477
3181408,16.436128616333008
3181632,16.710023880004883
3181856,15.917208671569824
3182320,17.738773345947266
3182608,18.48200225830078
3183040,11.315754890441895
3183264,16.56081199645996
3183744,17.166221618652344
3184880,14.549190521240234
3185376,17.564266204833984
3185504,16.920820236206055
3186080,13.45810604095459
3188736,16.49662971496582
3188848,15.149117469787598
3188880,18.51614761352539
3189184,17.371532440185547
3189616,17.29295539855957
3192352,17.098886489868164
3193152,15.852137565612793
3193872,15.659475326538086
3194256,17.234737396240234
3194496,18.340246200561523
3195536,16.698307037353516
3195808,18.17445945739746
3195840,14.970073699951172
3196720,15.388521194458008
3196736,19.210018157958984
3198032,16.77545166015625
3198128,15.814226150512695
3199008,17.10167121887207
3199520,17.65492820739746
3200336,18.677396774291992
3201648,18.12482261657715
3201872,16.681453704833984
3202688,16.169124603271484
3203072,17.476655960083008
3203104,16.86005210876465
3203776,6.91281795501709
3203984,17.288509368896484
3205200,16.764873504638672
3205600,17.423797607421875
3206592,15.451568603515625
3206800,17.2114315032959
3207856,4.455974102020264
3208880,12.327337265014648
3209184,18.574840545654297
3212208,17.436124801635742
3212720,18.042810440063477
3213312,13.182263374328613
3215120,18.112735748291016
3215936,18.372575759887695
3216352,17.27031135559082
3216944,18.19982147216797
3216960,18.161466598510742
3217424,13.274993896484375
3217424,17.810138702392578
3217872,3.184767007827759
3218208,18.141136169433594
3218512,16.58479118347168
3219120,17.703889846801758
3219488,17.016836166381836
3220496,12.179430961608887
3220544,17.25930404663086
3220896,18.132564544677734
3221136,12.035476684570312
3222304,17.469524383544922
3222608,5.419838905334473
3222848,16.47699737548828
3223520,17.735553741455078
3224064,15.615987777709961
3225360,16.892772674560547
3226352,17.441776275634766
3226528,14.292935371398926
3227072,17.99677848815918
3228000,17.059553146362305
3228432,17.7722110748291
3228736,18.62092399597168
3228992,3.9572441577911377
3229424,17.2435245513916
3229840,17.432598114013672
3230320,18.664024353027344
3231072,16.85129165649414
3231936,17.259675979614258
3232368,17.707958221435547
3233168,17.297592163085938
3233376,18.513442993164062
3233504,16.00949478149414
3233552,17.85611343383789
3234160,17.51704216003418
3234256,17.663209915161133
3235856,18.065570831298828
3235920,11.164970397949219
3236064,16.44639778137207
3237984,19.136810302734375
3238176,17.14584732055664
3239264,9.860466957092285
3239424,17.806848526000977
3240096,18.427465438842773
3240624,18.36762046813965
3242112,11.598862648010254
3242768,17.406604766845703
3242848,10.882126808166504
3243040,10.786079406738281
3244192,17.84065055847168
3244352,17.050939559936523
3244672,14.284476280212402
3245328,3.8614635467529297
3245792,18.121091842651367
3246320,18.9424991607666
3246320,18.672574996948242
3247424,18.160274505615234
3248176,17.42286491394043
3248256,18.303253173828125
3248416,16.900957107543945
3248848,17.787214279174805
3249920,18.616010665893555
3249952,6.490615367889404
3250320,17.78657341003418
3252496,18.71514129638672
3253440,18.102088928222656
3253632,14.393839836120605
3254400,18.018871307373047
3255392,16.725793838500977
3256128,17.986196517944336
3256432,16.982337951660156
3257040,17.53632926940918
3257888,11.980450630187988
3257920,17.114072799682617
3258064,18.008085250854492
3258432,17.369182586669922
3258496,19.180831909179688
3259744,17.022159576416016
3260112,17.639808654785156
3260480,11.065430641174316
3260560,13.20689868927002
3261712,13.066106796264648
3261744,18.027164459228516
3262800,17.590255737304688
3263248,17.600975036621094
3264944,17.086755752563477
3265152,16.789875030517578
3265808,3.0192408561706543
3267296,8.434713363647461
3267840,18.038793563842773
3269792,6.202216625213623
3269968,16.334238052368164
3270800,17.11630630493164
3271392,16.208847045898438
3272416,16.91674041748047
3272560,18.998682022094727
3272896,17.471698760986328
3273248,17.751731872558594
3273824,17.030197143554688
3274688,17.738704681396484
3274992,12.091971397399902
3275456,10.937857627868652
3275728,17.63506317138672
3276624,16.719881057739258
3278064,16.07621955871582
3278512,16.64583969116211
3279152,15.577595710754395
3279168,11.080078125
3279456,16.11631202697754
3280176,16.188596725463867
3280576,17.57610511779785
3280688,9.642386436462402
3281632,17.46016502380371
3282592,17.87874984741211
3283776,16.97699546813965
3284720,16.32573890686035
3285216,16.75088119506836
3285664,18.324970245361328
3287584,12.928157806396484
3287840,17.069477081298828
3288848,11.644072532653809
3289120,18.119417190551758
3290160,16.378976821899414
3290944,15.901969909667969
3292480,17.565881729125977
3292880,17.063121795654297
3293552,11.796175003051758
3293568,18.293785095214844
3295472,16.7637939453125
3296032,17.074176788330078
3296848,17.694364547729492
3297200,17.73513412475586
3297248,14.9011869430542
3298000,17.09608268737793
3299072,17.86618423461914
3299632,18.538076400756836
3300416,16.716650009155273
3300480,6.630390167236328
3300688,17.70863151550293
3302032,18.35561180114746
3302832,17.287425994873047
3302848,9.693709373474121
3303072,17.089885711669922
3303104,15.898954391479492
3304160,18.543760299682617
3304352,16.22462272644043
3304384,18.046913146972656
3305168,17.946060180664062
3305632,18.05159568786621
3306416,17.69806671142578
3306672,17.171602249145508
3307536,17.633586883544922
3308752,8.814312934875488
3309936,17.40570068359375
3311328,16.856826782226562
3311472,17.47661590576172
3312320,16.546245574951172
3313408,18.576656341552734
3313520,17.3931941986084
3313952,17.94860076904297
3314320,18.274066925048828
3314544,16.465463638305664
3314928,16.328060150146484
3316096,18.14967155456543
3316944,18.063879013061523
3317056,17.884490966796875
3318096,16.794864654541016
3318464,17.127788543701172
3318656,16.917957305908203
3319184,18.177366256713867
3319376,10.466174125671387
3319392,17.375934600830078
3320048,16.04349708557129
3321056,16.369979858398438
3321600,18.387619018554688
3321632,16.866439819335938
3324256,17.85658073425293
3324624,17.831615447998047
3325232,18.683853149414062
3326272,11.910350799560547
3326704,17.683557510375977
3327616,18.303205490112305
3327712,15.616476058959961
3327712,16.737197875976562
3327888,8.26012134552002
3328288,17.204700469970703
3328320,16.766164779663086
3330288,16.82676124572754
3330336,17.193105697631836
3330944,14.716601371765137
3331296,17.616479873657227
3331760,16.875722885131836
3331888,17.385496139526367
3332496,18.68096160888672
3333376,16.8680419921875
3333776,17.084699630737305
3333872,17.302587509155273
3334688,18.431713104248047
3334720,17.570241928100586
3334896,18.663043975830078
3336608,4.428249835968018
3337360,17.417057037353516
3337440,18.335386276245117
3338176,16.094524383544922
3338240,8.667598724365234
3338272,18.110122680664062
3338416,17.98744773864746
3338976,6.894054889678955
3340400,16.804107666015625
3340752,1.5614126920700073
3340880,18.561147689819336
3341824,18.48952293395996
3341920,16.090652465820312
3341984,13.748014450073242
3342624,16.8265380859375
3342800,11.87043571472168
3344032,17.882797241210938
3344416,17.38467025756836
3345456,17.39284324645996
3345616,18.444555282592773
3347904,17.532129287719727
3348000,5.890467643737793
3348016,18.110633850097656
3348352,15.561005592346191
3348864,16.01108169555664
3349056,18.362232208251953
3349856,17.19242286682129
3351152,3.2385776042938232
3351232,17.472171783447266
3351536,18.71082878112793
3351728,17.06100082397461
3351792,15.941668510437012
3351808,11.473403930664062
3352464,14.14013385772705
3352480,18.786645889282227
3352496,17.041301727294922
3354672,19.147939682006836
3354944,17.369047164916992
3355088,17.36578941345215
3356048,14.0858736038208
3356128,17.121685028076172
3356160,15.869385719299316
3356464,17.905439376831055
3358784,17.18794822692871
3359136,1.5622668266296387
3359584,17.04757308959961
3359680,17.56654930114746
3359760,18.95401954650879
3360992,17.262765884399414
3361792,18.570981979370117
3362320,16.51625633239746
3362576,19.103368759155273
3363104,18.253747940063477
3363264,19.093608856201172
3363552,17.171110153198242
3363600,18.67057991027832
3365360,17.742597579956055
3365632,14.788566589355469
3366192,17.67258071899414
3367088,17.405155181884766
3368048,17.74580955505371
3368896,17.994413375854492
3369520,18.86578941345215
3370432,16.85173225402832
3370480,17.42576026916504
3370736,17.779582977294922
3372160,8.610296249389648
3372960,17.2764892578125
3373200,16.614330291748047
3373280,16.844755172729492
3374128,16.76210594177246
3375984,17.625049591064453
3376032,16.319612503051758
3376448,17.48956298828125
3377632,16.864076614379883
3377696,16.16066551208496
3377776,3.5093047618865967
3377920,5.898557662963867
3380480,17.932090759277344
3381200,17.18504524230957
3381296,13.896879196166992
3381376,15.286191940307617
3382256,10.965984344482422
3382272,17.53384017944336
3383456,18.535781860351562
3383872,18.974828720092773
3384080,17.39568328857422
3384928,17.387521743774414
3386816,18.84885025024414
3387056,17.939388275146484
3387344,10.100493431091309
3388256,11.34150218963623
3388400,18.059083938598633
3389424,17.549715042114258
3390528,16.57605743408203
3391152,15.770870208740234
3392112,17.36573600769043
3392384,16.38427734375
3392720,16.650266647338867
3394112,18.5770206451416
3394496,3.809838056564331
3395584,17.06516456604004
3395632,17.65766716003418
3396464,7.2219133377075195
3396880,16.99946403503418
3397632,17.393218994140625
3397680,16.401918411254883
3399200,17.47890853881836
3400064,18.018661499023438
3400448,17.857481002807617
3400656,11.435254096984863
3401040,19.289093017578125
3401216,16.400226593017578
3401280,15.719513893127441
3404048,14.262840270996094
3404192,17.149702072143555
3404544,17.3662166595459
3404832,17.404085159301758
3404928,15.93599796295166
3405440,17.630029678344727
3405696,18.41866111755371
3405984,18.875591278076172
3406240,17.373620986938477
3407184,11.825776100158691
3408064,18.723857879638672
3408544,18.50539207458496
3408736,18.19658088684082
3409072,18.4686336517334
3409264,6.401193141937256
3410544,3.7677829265594482
3410816,18.360599517822266
3412048,17.719472885131836
3412864,18.077926635742188
3414464,17.896648406982422
3414784,17.826271057128906
3414992,16.537315368652344
3415648,18.682174682617188
3415728,16.793712615966797
3416752,17.37856101989746
3416928,17.67626953125
3417472,15.043717384338379
3418384,17.992515563964844
3418464,17.756025314331055
3418896,14.41318130493164
3419568,12.423761367797852
3421520,17.816057205200195
3421616,17.84994888305664
3422000,17.193342208862305
3422512,13.840848922729492
3422512,17.073253631591797
3423152,17.420446395874023
3424176,16.07866859436035
3425456,17.280296325683594
3425520,17.033893585205078
3426688,17.63848114013672
3427712,17.0228271484375
3428448,11.98049259185791
3428752,17.489900588989258
3429008,18.491859436035156
3429664,17.99569320678711
3429888,18.71023941040039
3430208,18.695131301879883
3431216,16.129405975341797
3431680,17.969751358032227
3431840,8.614500045776367
3432640,18.10436248779297
3433824,4.0382843017578125
3433856,17.74074363708496
3435296,18.66225814819336
3435472,11.124706268310547
3436096,18.20856285095215
3436144,17.254467010498047
3436288,9.069106101989746
3436992,18.97920036315918
3437424,16.46769142150879
3437488,16.9747371673584
3437856,18.63393211364746
3438256,17.54555892944336
3438832,18.445566177368164
3438864,17.135038375854492
3439808,17.323368072509766
3441136,17.87040138244629
3441904,17.233844757080078
3443056,17.755720138549805
3443344,18.13764190673828
3443440,18.130216598510742
3444496,18.461488723754883
3445488,16.996837615966797
3445920,18.36103057861328
3445936,19.423776626586914
3446688,17.57243537902832
3446960,16.04958152770996
3448112,16.603452682495117
3451440,10.804279327392578
3451600,16.10261344909668
3451632,18.277484893798828
3452160,18.73251724243164
3452592,8.058945655822754
3453056,17.278919219970703
3455152,17.019323348999023
3455424,17.109329223632812
3455472,16.93267059326172
3456144,18.11884117126465
3457152,17.902345657348633
3457520,12.478541374206543
3458784,18.448354721069336
3459040,17.67723846435547
3459232,18.30959701538086
3459584,16.716951370239258
3459712,17.493343353271484
3459760,17.109779357910156
3461024,18.282493591308594
3462592,17.467334747314453
3462720,16.98550033569336
3463216,18.04515838623047
3463376,16.850088119506836
3463424,4.362429618835449
3463808,16.7545166015625
3465808,17.282663345336914
3466048,18.345523834228516
3466320,18.27334976196289
3466576,17.45037078857422
3468144,17.557987213134766
3470224,17.344614028930664
3470368,18.84511375427246
3470688,17.321260452270508
3471328,17.73912239074707
3471920,16.76453971862793
3472912,17.8757381439209
3473008,10.943245887756348
3473168,19.175777435302734
3473248,19.732261657714844
3473376,18.043663024902344
3473936,17.400354385375977
3474256,17.17060661315918
3474912,17.76133918762207
3474960,17.60280990600586
3476544,17.91827964782715
3476832,17.464305877685547
3478000,17.89734649658203
3478448,17.11770248413086
3478848,18.6422176361084
3479952,17.48316764831543
3480000,16.964109420776367
3480928,17.152278900146484
3481200,17.33219337463379
3481600,17.934621810913086
3481920,17.998424530029297
3482464,17.66660499572754
3482576,14.17534351348877
3483232,19.057167053222656
3483360,17.05389976501465
3483888,17.922067642211914
3484208,7.651935577392578
3485056,19.219459533691406
3485152,18.34330177307129
3485568,18.437536239624023
3486880,18.178951263427734
3487504,19.189638137817383
3487648,17.850522994995117
3488640,16.987512588500977
3490752,14.018383026123047
3491648,17.766023635864258
3491696,18.69272804260254
3492080,4.493487358093262
3492176,17.751018524169922
3492576,17.110031127929688
3493344,13.152800559997559
3494080,18.682233810424805
3494640,15.595850944519043
3494832,18.94708824157715
3495168,18.224952697753906
3495584,18.99556541442871
3495632,14.518537521362305
3495696,17.514631271362305
3496224,16.949663162231445
3496448,17.198352813720703
3497584,19.106382369995117
3497648,17.67081069946289
3498032,12.919301986694336
3498864,17.808122634887695
3499888,16.85968780517578
3501216,18.047868728637695
3501360,11.344841957092285
3501472,8.661867141723633
3501520,17.773508071899414
3501984,18.88654899597168
3502736,17.492721557617188
3503584,17.668333053588867
3505104,17.574552536010742
3505152,18.32160758972168
3505728,7.68272590637207
3507968,11.49425220489502
3508320,17.43465805053711
3508608,17.60253143310547
3508832,18.21369743347168
3509248,17.204299926757812
3510640,18.540298461914062
3510784,18.55347442626953
3511856,12.110002517700195
3512160,18.985225677490234
3512208,16.96312141418457
3512768,18.470531463623047
3514208,18.087133407592773
3514368,12.582338333129883
3514944,17.29339599609375
3515664,18.003053665161133
3515792,19.066932678222656
3516352,18.684688568115234
3517024,18.01909828186035
3517680,16.944116592407227
3518592,13.579452514648438
3518784,17.1583309173584
3519408,17.918371200561523
3520592,15.730071067810059
3521360,17.6844482421875
3521504,19.076669692993164
3522112,18.10279083251953
3522272,17.800758361816406
3523248,17.806507110595703
3524912,19.182056427001953
3526176,17.44029998779297
3528432,16.45335578918457
3528720,17.699790954589844
3529360,15.420578956604004
3530256,17.333030700683594
3530560,18.55022621154785
3531024,9.791287422180176
3531552,19.233163833618164
3531776,18.4261531829834
3531936,4.161428451538086
3532848,16.52981185913086
3533072,17.73611068725586
3533584,14.698410034179688
3533712,17.887659072875977
3534096,17.457639694213867
3535552,17.569902420043945
3535632,13.514533042907715
3536208,18.2753963470459
3536336,16.372291564941406
3536560,15.81212329864502
3537056,17.857620239257812
3537296,17.892351150512695
3537360,17.186159133911133
3537648,19.43231964111328
3538528,15.766178131103516
3538992,16.87799644470215
3539104,16.117219924926758
3540544,15.727829933166504
3541984,13.568185806274414
3542080,18.063390731811523
3542704,18.308923721313477
3543088,11.67688274383545
3543216,17.802032470703125
3543712,17.169967651367188
3544624,18.925796508789062
3545696,17.431692123413086
3546064,16.775020599365234
3546688,18.3904972076416
3547904,4.167087554931641
3548400,16.12798500061035
3549344,11.499811172485352
3549424,10.799811363220215
3549472,18.58343505859375
3549824,18.296735763549805
3550928,17.246950149536133
3552304,17.342269897460938
3552432,14.36235523223877
3554384,16.971996307373047
3555120,17.186506271362305
3555296,17.823699951171875
3556928,16.656103134155273
3557088,16.869709014892578
3557760,17.887489318847656
3558000,18.02450180053711
3558800,17.38457489013672
3559728,12.445326805114746
3559968,10.045413970947266
3559984,17.020999908447266
3560464,17.512622833251953
3560736,18.211809158325195
3561312,17.05442237854004
3561440,18.062524795532227
3561648,16.67605209350586
3562128,15.44221305847168
3562272,17.856342315673828
3562528,18.352087020874023
3563152,17.676544189453125
3563408,18.205068588256836
3564240,16.48695182800293
3565040,17.863672256469727
3565232,18.733478546142578
3566112,16.985326766967773
3566832,17.466943740844727
3567056,18.617576599121094
3567152,18.663185119628906
3567200,15.477718353271484
3567216,17.415613174438477
3567232,18.485788345336914
3567824,17.191635131835938
3569376,19.45173454284668
3569392,18.47535514831543
3570256,13.183257102966309
3570576,18.429855346679688
3570704,17.437681198120117
3570848,17.796096801757812
3570864,16.911455154418945
3571408,18.336456298828125
3572576,6.875741481781006
3572944,18.104705810546875
3573728,17.972063064575195
3574128,18.70323944091797
3574384,17.566600799560547
3574672,7.385858058929443
3574672,17.984872817993164
3574704,18.007177352905273
3575696,17.217727661132812
3576000,17.98459815979004
3576576,18.473285675048828
3577360,16.43670082092285
3579568,17.07118797302246
3580128,17.059789657592773
3580256,18.181236267089844
3580992,18.090042114257812
3581360,18.099390029907227
3581792,18.527942657470703
3582512,4.154629707336426
3583088,18.449918746948242
3583392,17.48314094543457
3583712,18.128761291503906
3584544,7.811730861663818
3585072,17.527002334594727
3585392,18.368091583251953
3586160,18.562702178955078
3586432,19.256832122802734
3587440,14.333874702453613
3587792,18.521711349487305
3588048,17.195323944091797
3588944,18.25001335144043
3589056,17.54293441772461
3589328,17.472875595092773
3589488,17.37899398803711
3590624,18.25812339782715
3591296,18.386173248291016
3591776,17.960012435913086
3592896,17.439138412475586
3592928,15.0271577835083
3593328,14.365890502929688
3593680,11.671566009521484
3595120,16.75288963317871
3596320,17.945974349975586
3596704,16.8400821685791
3597248,18.74879264831543
3598768,18.55819320678711
3599584,6.666300296783447
3599584,18.05849838256836
3599808,16.893217086791992
3599904,18.920223236083984
3600384,16.2486629486084
3600656,16.748804092407227
3600880,17.95884895324707
3601088,4.86317777633667
3601280,16.53056526184082
3602048,19.05877685546875
3603088,18.06746482849121
3603408,17.30573844909668
3603984,17.591384887695312
3604592,16.292320251464844
3604688,18.957338333129883
3604704,15.244529724121094
3605664,18.43747901916504
3605984,3.7149271965026855
3606944,13.458840370178223
3607040,4.0186448097229
3607888,18.253597259521484
3609168,15.57105827331543
3609408,4.1457438468933105
3609440,16.547264099121094
3610496,18.756410598754883
3610816,17.279836654663086
3611360,9.050702095031738
3611568,17.50253677368164
3611584,17.910816192626953
3611840,19.30350112915039
3613040,18.188806533813477
3613072,17.88306427001953
3614080,18.023479461669922
3614096,17.885244369506836
3614192,12.390822410583496
3614912,17.17728614807129
3617104,13.962372779846191
3617600,19.1612491607666
3617776,17.647695541381836
3618016,18.300443649291992
3618576,18.55968475341797
3619168,18.64275360107422
3620208,18.606958389282227
3620496,19.598651885986328
3620672,14.401071548461914
3621056,18.392629623413086
3621072,17.137340545654297
3621104,16.87660026550293
3621568,17.788497924804688
3622032,17.3153133392334
3622208,18.299367904663086
3623792,4.954530715942383
3624080,18.60177230834961
3624624,18.368337631225586
3624672,17.711624145507812
3625664,7.805629253387451
3626016,18.531265258789062
3626320,15.274867057800293
3626672,18.38730812072754
3626736,17.529199600219727
3629248,19.341585159301758
3629616,17.794578552246094
3630112,7.180935859680176
3630784,18.74625015258789
3631856,18.726600646972656
3632240,19.140039443969727
3633904,11.372930526733398
3635776,19.212026596069336
3636848,16.470211029052734
3636960,18.452362060546875
3637360,18.26863670349121
3637408,18.21930694580078
3638032,8.989832878112793
3638176,11.142752647399902
3640128,18.972787857055664
3640224,18.355831146240234
3640704,16.28238296508789
3640720,17.017425537109375
3640928,18.514638900756836
3641648,18.601390838623047
3641840,19.252685546875
3641984,9.973475456237793
3642176,19.985233306884766
3643136,4.003539562225342
3643376,11.926847457885742
3643488,7.87055778503418
3643648,17.375463485717773
3644016,17.958446502685547
3644448,16.943017959594727
3644464,18.170516967773438
3645392,2.832705497741699
3645552,17.896400451660156
3646368,17.7918643951416
3646432,12.948270797729492
3646640,18.7923641204834
3647120,17.641849517822266
3647280,17.065738677978516
3648048,18.026622772216797
3649120,18.19558334350586
3649984,16.731090545654297
3650816,19.28082275390625
3651184,19.306377410888672
3652320,17.953460693359375
3652704,15.5954008102417
3653472,19.275468826293945
3653840,17.031314849853516
3655904,7.8268513679504395
3656144,18.110719680786133
3656224,18.87885284423828
3657024,17.897794723510742
3658368,17.756675720214844
3658768,17.6748104095459
3659024,13.029902458190918
3659248,8.217620849609375
3659840,17.881385803222656
3661584,10.943300247192383
3661984,18.983036041259766
3662304,18.145824432373047
3662320,12.014505386352539
3663520,18.390159606933594
3664400,17.614456176757812
3665088,18.18230438232422
3665088,19.78331184387207
3665312,18.406700134277344
3666816,16.81568145751953
3667216,17.041715621948242
3667776,16.476865768432617
3668480,19.6059627532959
3669440,12.086121559143066
3670384,17.59162139892578
3670752,16.98674964904785
3671376,12.108461380004883
3671776,18.154666900634766
3672272,18.809125900268555
3673952,17.973230361938477
3674304,17.66570281982422
3675968,13.71183967590332
3677456,18.386016845703125
3677600,17.85009765625
3677824,17.251346588134766
3680192,18.139780044555664
3681024,19.403867721557617
3681360,18.074413299560547
3682064,18.714570999145508
3682384,18.0666561126709
3682624,4.173630714416504
3682672,17.951574325561523
3683824,17.737512588500977
3684080,11.878417015075684
3684816,18.970788955688477
3685424,8.364084243774414
3685632,18.912260055541992
3686032,18.10635757446289
3686320,15.903728485107422
3687392,18.48021697998047
3688304,17.552732467651367
3689168,18.064983367919922
3689440,18.387611389160156
3689648,17.44274139404297
3691008,17.40061378479004
3691904,16.5180721282959
3691920,17.9639949798584
3693744,16.89851188659668
3694688,15.63284969329834
3694752,18.427400588989258
3695456,18.42982292175293
3695616,18.059171676635742
3696224,17.840843200683594
3697232,18.77585792541504
3698224,16.908241271972656
3699056,18.917724609375
3699680,18.549068450927734
3699872,18.088436126708984
3700208,18.404037475585938
3700800,10.761857032775879
3700896,19.154329299926758
3700960,16.540142059326172
3702624,17.941852569580078
3702640,16.618165969848633
3703136,16.291927337646484
3704016,19.43425750732422
3704256,16.179582595825195
3704880,17.826080322265625
3706256,17.064851760864258
3707504,18.272130966186523
3707840,17.539968490600586
3707856,17.906417846679688
3707872,1.6010671854019165
3708112,8.938660621643066
3708544,16.73280143737793
3709040,16.86091423034668
3710368,18.55389404296875
3711728,18.285558700561523
3713168,18.7142333984375
3714000,3.767571449279785
3714016,17.499385833740234
3714992,17.601303100585938
3715280,14.287470817565918
3717392,17.60487937927246
3717776,17.682086944580078
3718592,18.77421760559082
3718640,17.998048782348633
3718896,18.11990737915039
3722192,17.639421463012695
3722224,19.15987205505371
3722368,17.220882415771484
3723248,17.72258186340332
3724544,17.6998291015625
3724672,18.188343048095703
3727392,16.947010040283203
3727536,18.468494415283203
3729232,19.26527976989746
3730720,18.48723030090332
3731680,18.206283569335938
3732144,17.347148895263672
3732576,18.294872283935547
3732784,18.389421463012695
3732848,19.107032775878906
3732960,17.79315757751465
3733952,17.681459426879883
3734544,18.499563217163086
3734624,17.711000442504883
3735376,16.666337966918945
3735744,17.63764762878418
3736368,18.293384552001953
3737840,17.511253356933594
3738080,10.735652923583984
3738080,18.948543548583984
3739888,17.737140655517578
3740048,16.63821792602539
3741008,18.47627067565918
3741120,18.01289939880371
3741632,17.42483139038086
3742736,14.070204734802246
3743696,15.801186561584473
3743824,18.052175521850586
3744576,18.072837829589844
3745248,17.038686752319336
3747360,17.378053665161133
3748160,18.043066024780273
3748288,18.011972427368164
3748480,18.47705841064453
3748672,17.60972785949707
3749856,16.046899795532227
3750128,17.509761810302734
3750144,17.554912567138672
3752128,18.319868087768555
3752416,11.08734130859375
3753200,4.0253376960754395
3753664,16.859052658081055
3754384,18.510448455810547
3755696,17.449880599975586
3756064,18.019067764282227
3756192,12.192368507385254
3757344,17.887914657592773
3757968,16.675382614135742
3758064,16.867948532104492
3759264,16.861743927001953
3759280,18.484907150268555
3759328,17.773834228515625
3759744,17.12835121154785
3759776,17.901521682739258
3760640,12.474909782409668
3761520,17.53406524658203
3762800,18.94891929626465
3762864,18.366554260253906
3762944,17.626079559326172
3763136,17.31346321105957
3763456,17.530376434326172
3763888,17.979923248291016
3764640,17.745075225830078
3765056,17.395044326782227
3765152,18.222896575927734
3765568,18.6691837310791
3766336,18.057954788208008
3766608,17.322189331054688
3766608,17.452098846435547
3766704,17.180068969726562
3766736,12.155435562133789
3770304,18.81901741027832
3771344,10.149024963378906
3771712,18.570171356201172
3772512,19.289474487304688
3772976,16.459407806396484
3773264,13.225362777709961
3773744,17.24099349975586
3773856,18.851789474487305
3773968,18.208154678344727
3775312,16.649112701416016
3775776,17.347454071044922
3777008,18.640811920166016
3777072,18.656618118286133
3777440,16.511381149291992
3777456,17.579998016357422
3777472,18.156604766845703
3778016,18.13489532470703
3778752,13.527131080627441
3779280,16.893373489379883
3779696,17.19593048095703
3780592,17.630220413208008
3780624,19.1035099029541
3781024,17.73171615600586
3782000,18.01019859313965
3782448,17.775646209716797
3783072,8.137930870056152
3783280,17.829198837280273
3783744,17.368953704833984
3784192,18.30003547668457
3784608,17.549057006835938
3784624,17.501365661621094
3785264,8.906792640686035
3787344,17.79443359375
3787712,18.168479919433594
3788208,18.421871185302734
3788256,19.347837448120117
3788688,8.328609466552734
3788816,18.15357208251953
3788816,17.605289459228516
3790128,18.43712615966797
3791328,18.971179962158203
3791408,18.82842254638672
3792192,18.78253746032715
3792416,18.300800323486328
3793104,16.895048141479492
3793472,17.09666633605957
3793552,19.14369010925293
3793824,19.53301429748535
3794912,17.555856704711914
3794976,16.896696090698242
3795312,17.846595764160156
3795792,18.750879287719727
3795984,18.117525100708008
3797904,16.726669311523438
3798384,18.20208168029785
3798544,19.16506576538086
3798640,12.26375961303711
3798864,18.374773025512695
3798992,16.804920196533203
3800320,3.8373777866363525
3800608,17.806848526000977
3800976,17.736610412597656
3801696,11.54347038269043
3802032,18.345687866210938
3802128,17.427249908447266
3802480,15.696805000305176
3802496,17.77840805053711
3802928,17.12997817993164
3804384,19.24543571472168
3805408,8.169832229614258
3805488,17.444169998168945
3805488,14.107166290283203
3805808,18.525985717773438
3806448,17.447105407714844
3807088,18.67490577697754
3807872,13.930703163146973
3809712,17.185544967651367
3810016,18.338027954101562
3812144,9.612610816955566
3812800,18.207857131958008
3814496,18.991382598876953
3816336,18.408687591552734
3816448,16.88394546508789
3816544,18.06468963623047
3819360,18.08329200744629
3819568,17.799026489257812
3820000,17.04356575012207
3821648,18.584211349487305
3822064,18.524951934814453
3823168,17.07877540588379
3823264,17.74140167236328
3823408,2.517425298690796
3823600,18.167285919189453
3823696,16.674762725830078
3826352,18.873912811279297
3827008,17.63554573059082
3827216,18.80348014831543
3828448,17.45935821533203
3829072,11.43593978881836
3830336,18.53336524963379
3830752,17.89865493774414
3830864,17.745067596435547
3831280,16.559158325195312
3832032,18.703824996948242
3832672,17.718408584594727
3832832,17.359094619750977
3833152,17.118650436401367
3833984,17.42643928527832
3834288,18.179054260253906
3834864,17.560083389282227
3834864,17.150094985961914
3835760,12.95002555847168
3836304,18.078468322753906
3837824,18.875207901000977
3838368,18.14150619506836
3839136,9.150113105773926
3839840,13.16482925415039
3839920,18.130205154418945
3839952,16.36017417907715
3840880,4.277073860168457
3841424,19.20627212524414
3842064,17.744171142578125
3842736,17.0561466217041
3843568,19.01475715637207
3844928,18.043800354003906
3845136,17.388269424438477
3845424,17.841541290283203
3845936,18.55917739868164
3846272,18.272342681884766
3846336,4.258845806121826
3848096,16.603530883789062
3848560,17.350820541381836
3850384,18.06732177734375
3850864,18.228294372558594
3851696,19.519987106323242
3852144,18.21132469177246
3852304,17.90442657470703
3853552,18.561716079711914
3853920,17.690444946289062
3853984,7.296857833862305
3855616,17.4127197265625
3855664,17.274572372436523
3855952,18.721263885498047
3857024,18.19721031188965
3857520,18.445770263671875
3857520,17.55576515197754
3857584,18.858261108398438
3860096,14.568778038024902
3860272,18.209728240966797
3860336,17.362045288085938
3860640,18.284704208374023
3861040,13.691455841064453
3862848,18.131624221801758
3862880,7.360934734344482
3863904,17.839082717895508
3864416,18.612951278686523
3865008,12.654890060424805
3866144,15.610876083374023
3867200,19.063913345336914
3867424,18.111082077026367
3868256,18.495967864990234
3868400,19.13637351989746
3868496,18.670059204101562
3868640,18.667470932006836
3869792,16.085054397583008
3870000,20.054105758666992
3870176,3.6617867946624756
3871024,17.222261428833008
3871920,17.559635162353516
3872112,18.28640365600586
3872224,12.373161315917969
3872336,10.206990242004395
3872464,6.20623254776001
3873232,15.762787818908691
3873952,7.950892448425293
3874608,17.99733543395996
3875328,7.05769157409668
3875472,18.465360641479492
3875696,14.537283897399902
3876032,18.84799575805664
3878192,18.173582077026367
3878864,17.76420783996582
3878896,17.45384979248047
3878960,18.609621047973633
3879312,18.11795997619629
3880272,18.019990921020508
3880304,18.45033073425293
3881120,18.701351165771484
3881536,12.955899238586426
3882560,17.95745086669922
3882624,17.414377212524414
3882640,17.77220344543457
3882816,17.62972068786621
3883024,18.626535415649414
3884032,17.618112564086914
3885472,12.175552368164062
3885648,8.305702209472656
3885680,18.527664184570312
3886672,15.439539909362793
3889248,18.256404876708984
3889696,18.921367645263672
3893216,18.562732696533203
3894464,17.547056198120117
3894800,17.878170013427734
3896400,14.505250930786133
3897008,18.398595809936523
3898048,17.78122901916504
3898560,17.08632469177246
3898656,18.56015396118164
3899152,18.420700073242188
3900928,16.523571014404297
3901088,14.915858268737793
3901216,13.217550277709961
3903152,9.111026763916016
3903712,18.532466888427734
3904048,18.247806549072266
3904432,3.895085096359253
3904864,11.337943077087402
3905536,16.45974349975586
3905904,17.522281646728516
3906912,18.40785026550293
3907680,18.548709869384766
3907952,18.263437271118164
3908784,19.418853759765625
3909104,17.690767288208008
3909440,17.188800811767578
3909872,17.87091064453125
3911216,13.317967414855957
3911600,17.74442481994629
3911648,8.969141960144043
3911824,17.957551956176758
3912352,3.954310178756714
3913440,18.985408782958984
3913968,18.812925338745117
3914096,17.905147552490234
3915344,17.31083106994629
3915408,18.023387908935547
3917168,8.575273513793945
3917696,18.710281372070312
3918720,17.156278610229492
3918992,18.76563835144043
3919264,19.479190826416016
3919488,17.354366302490234
3920752,19.09592628479004
3922560,8.466115951538086
3923344,19.594831466674805
3924336,18.517330169677734
3924672,18.583086013793945
3924720,9.717682838439941
3925776,17.46704864501953
3925936,12.494112014770508
3926448,18.672517776489258
3926736,18.43115997314453
3927248,17.955223083496094
3927680,17.55448341369629
3927696,16.71455192565918
3928000,19.12676239013672
3928256,18.26061248779297
3930000,17.157588958740234
3930848,19.1358642578125
3931376,18.56024742126465
3932880,17.95818328857422
3933024,17.866275787353516
3933856,19.00069808959961
3934944,17.349496841430664
3935312,19.311805725097656
3937408,18.30472183227539
3940032,17.907371520996094
3942176,16.68107032775879
3942496,19.126571655273438
3943792,17.30965805053711
3944240,18.521032333374023
3945264,17.92833137512207
3946032,19.69088363647461
3946400,12.479986190795898
3947360,17.94968605041504
3947792,16.77625846862793
3948832,18.356365203857422
3949328,17.964534759521484
3949888,19.20612144470215
3950416,17.804895401000977
3951008,17.5775203704834
3951344,17.873001098632812
3952992,17.479171752929688
3953040,17.189254760742188
3954192,17.79486846923828
3954304,18.18804359436035
3954336,19.393674850463867
3955248,17.229095458984375
3955872,17.06046485900879
3957664,17.6232967376709
3958624,17.587770462036133
3959872,18.89006996154785
3962064,18.171283721923828
3962672,17.729331970214844
3963424,17.34834861755371
3963568,11.194626808166504
3963584,19.87549591064453
3963776,17.220436096191406
3965216,17.541601181030273
3966720,11.121316909790039
3966960,18.46082305908203
3968000,14.653976440429688
3968528,16.99350357055664
3968768,15.1902437210083
3970304,17.7104549407959
3970624,17.690969467163086
3970784,16.772640228271484
3971968,15.57188606262207
3972112,17.024301528930664
3972192,16.647653579711914
3974224,8.656668663024902
3974224,17.996835708618164
3975200,18.36421775817871
3977408,17.406335830688477
3977488,14.625432014465332
3977568,19.520545959472656
3977920,17.618385314941406
3978992,18.92381477355957
3980752,10.347299575805664
3981872,10.721334457397461
3982608,17.359655380249023
3982704,17.935529708862305
3983936,16.76643180847168
3983952,18.43704605102539
3984352,17.897676467895508
3985088,18.35779571533203
3986144,16.462522506713867
3986320,17.913612365722656
3986608,2.080650568008423
3987024,17.922603607177734
3987152,17.749897003173828
3987696,18.630468368530273
3988544,18.56514549255371
3988640,16.866893768310547
3990048,18.0998477935791
3991488,18.124338150024414
3991776,18.59102439880371
3993200,10.6812105178833
3993360,18.098718643188477
3993760,17.62103271484375
3994064,18.884666442871094
3994320,12.87287712097168
3994976,17.071744918823242
3995344,18.82355308532715
3995680,18.455944061279297
3996192,19.128253936767578
3997056,8.428406715393066
3997360,18.211984634399414
3997440,13.827150344848633
3997952,11.986910820007324
3998800,11.414502143859863
3999024,18.27994728088379
3999744,16.970489501953125
4000416,18.076204299926758
4000688,18.406566619873047
4002784,16.91695213317871
4003984,16.723339080810547
4004160,18.037839889526367
4004640,16.65020751953125
4005104,16.841516494750977
4006048,18.449750900268555
4008128,18.701457977294922
4009488,17.53299903869629
4009552,17.705196380615234
4011056,18.536298751831055
4011120,18.2285099029541
4011504,17.840227127075195
4011520,17.785783767700195
4014688,18.218046188354492
4016080,18.480270385742188
4016640,17.713050842285156
4017264,17.778884887695312
4017376,12.27223014831543
4018256,18.749557495117188
4019376,17.546682357788086
4019664,19.03285789489746
4020784,18.616252899169922
4021808,17.833139419555664
4022000,17.42186164855957
4022016,4.485779285430908
4022224,12.64781379699707
4022320,19.292892456054688
4022432,18.851417541503906
4022928,3.9552228450775146
4023696,14.968644142150879
4025344,18.836706161499023
4025888,17.976585388183594
4028144,17.439556121826172
4029360,18.3824405670166
4030864,12.251540184020996
4031808,17.878124237060547
4032368,19.238662719726562
4033104,19.558141708374023
4035040,7.890050411224365
4035344,18.853487014770508
4037136,19.170867919921875
4037984,18.404396057128906
4038080,8.806984901428223
4038816,18.460514068603516
4038960,18.355981826782227
4039392,17.888736724853516
4040688,17.9406795501709
4041584,19.030447006225586
4041696,18.19620704650879
4041856,16.52092742919922
4042224,18.756439208984375
4042480,18.811458587646484
4043376,17.916467666625977
4044416,16.71484375
4045840,18.012006759643555
4046352,10.737361907958984
4046480,18.559572219848633
4046960,18.05250358581543
4047488,18.016002655029297
4047968,18.37194061279297
4048656,18.12734031677246
4048960,17.94900131225586
4049264,15.01754093170166
4049344,18.42799949645996
4049392,17.94098663330078
4049536,18.023677825927734
4049648,16.333520889282227
4049696,18.167818069458008
4050064,18.027006149291992
4051024,17.081600189208984
4052272,18.590404510498047
4052928,18.792781829833984
4053120,17.996055603027344
4053440,13.879307746887207
4053648,18.216259002685547
4053696,8.593953132629395
4055184,19.2860050201416
4055920,18.16523551940918
4056352,18.374908447265625
4056592,16.788272857666016
4056656,17.799888610839844
4058848,16.182037353515625
4059712,15.492988586425781
4060192,16.875696182250977
4060816,18.643810272216797
4061632,2.7658915519714355
4062416,18.005247116088867
4062944,17.05556869506836
4063344,8.421126365661621
4063520,18.58534049987793
4063664,17.678802490234375
4064176,18.08081817626953
4065136,18.44701385498047
4065856,15.756524085998535
4066784,17.94255828857422
4068384,17.882844924926758
4068736,16.117530822753906
4069888,18.003095626831055
4070128,18.730724334716797
4070352,17.547155380249023
4070496,18.52407455444336
4071680,4.509719371795654
4073328,3.9040110111236572
4073584,17.210498809814453
4074080,19.038795471191406
4074912,17.66541862487793
4075520,18.598854064941406
4075936,17.016963958740234
4076608,18.288637161254883
4076944,18.172561645507812
4077136,19.045454025268555
4077632,19.652833938598633
4078288,18.146310806274414
4078992,18.08284568786621
4079280,11.929121017456055
4080704,19.002685546875
4081280,17.140108108520508
4082240,2.7614352703094482
4083200,4.115220069885254
4084416,18.109699249267578
4085056,18.186616897583008
4085248,18.72161293029785
4088192,18.34342384338379
4088592,8.593122482299805
4088688,18.174718856811523
4089184,12.513031005859375
4090576,17.680362701416016
4091152,16.779268264770508
4091280,17.3283748626709
4092000,17.43021583557129
4092048,17.287574768066406
4092720,17.63291358947754
4092880,18.264671325683594
4093872,12.250263214111328
4095584,16.618019104003906
4095632,17.978775024414062
4095888,16.678171157836914
4096448,17.552955627441406
4096672,19.597124099731445
4097424,16.087316513061523
4099104,18.34316062927246
4099456,16.950878143310547
4099872,17.453054428100586
4100608,17.84922981262207
4101008,18.25768280029297
4101952,17.903106689453125
4102672,17.761150360107422
4103168,18.682941436767578
4103424,20.072952270507812
4103760,17.87688636779785
4103840,12.47719669342041
4106112,11.905887603759766
4107136,17.39459228515625
4107440,17.787248611450195
4108384,11.917339324951172
4109664,17.93692398071289
4109680,11.094745635986328
4110032,19.39154052734375
4110208,16.94101333618164
4110896,18.143617630004883
4110928,19.164627075195312
4111616,17.892501831054688
4112672,16.220266342163086
4113152,13.123910903930664
4113312,18.287124633789062
4114208,17.034778594970703
4114528,18.498111724853516
4114576,17.182477951049805
4115584,18.01325798034668
4115936,16.81276512145996
4116864,16.294214248657227
4117024,16.443941116333008
4117792,18.292354583740234
4118256,17.215492248535156
4118752,18.817806243896484
4118752,17.819665908813477
4119216,19.01091194152832
4120704,11.9388427734375
4121344,19.49229621887207
4121856,17.903413772583008
4122384,18.756683349609375
4124176,18.77654457092285
4124272,18.414512634277344
4124848,19.050119400024414
4124864,18.355072021484375
4125200,17.657880783081055
4125984,17.011743545532227
4126000,17.313846588134766
4126464,17.976001739501953
4128352,18.084033966064453
4128800,17.672115325927734
4128960,18.24988555908203
4129600,18.664899826049805
4130016,18.34140968322754
4130720,18.67214584350586
4131120,17.18202781677246
4131536,17.20368766784668
4132352,5.896885395050049
4132560,4.076889991760254
4133104,18.375593185424805
4133168,18.273237228393555
4133200,7.937889099121094
4135520,19.737462997436523
4135904,18.38551902770996
4136048,18.86009979248047
4138224,9.287527084350586
4138544,12.274328231811523
4139632,15.992063522338867
4140224,18.621545791625977
4140240,18.54781723022461
4140416,18.323841094970703
4140720,12.220019340515137
4140752,18.72688865661621
4141456,17.94291114807129
4142512,19.25771141052246
4143392,15.380230903625488
4143424,17.077199935913086
4143680,17.040525436401367
4143824,18.230424880981445
4144288,17.282623291015625
4145088,12.102422714233398
4145344,17.21809959411621
4145360,15.474891662597656
4147024,17.932619094848633
4147072,17.89948081970215
4147312,18.775814056396484
4147776,17.26022720336914
4147872,16.801610946655273
4149984,16.970355987548828
4150624,16.809537887573242
4151888,13.431741714477539
4152336,17.858413696289062
4152448,18.196584701538086
4153056,16.251554489135742
4153600,18.84050178527832
4154448,17.475099563598633
4154672,10.67187786102295
4154944,18.310815811157227
4155952,17.115352630615234
4156208,17.119720458984375
4157232,14.767487525939941
4158048,19.041664123535156
4159664,16.881275177001953
4159904,18.094192504882812
4161616,18.068138122558594
4161888,17.753358840942383
4162176,17.419557571411133
4163056,14.191551208496094
4163120,18.050987243652344
4165488,16.923992156982422
4165520,17.9311580657959
4166624,17.300752639770508
4166928,16.693410873413086
4167984,17.646862030029297
4168912,18.139245986938477
4171456,16.850238800048828
4172224,20.027359008789062
4172560,16.988309860229492
4173136,17.700109481811523
4173872,16.524507522583008
4174032,17.729890823364258
4174096,17.971515655517578
4174224,1.5619877576828003
4176176,18.728750228881836
4176336,9.191682815551758
4178016,19.03217887878418
4178960,17.887426376342773
4179376,17.712846755981445
4179664,17.935413360595703
4181136,15.897615432739258
4181392,18.03144073486328
4181584,5.1033220291137695
4182912,18.36180877685547
4183360,18.770200729370117
4183648,15.730844497680664
4185104,18.098407745361328
4185696,17.804353713989258
4187056,17.72199249267578
4187120,17.48934555053711
4187264,18.93671989440918
4188192,16.699241638183594
4188256,16.876901626586914
4189024,16.33287239074707
4189744,16.471590042114258
4190624,17.939678192138672
4191824,17.26740837097168
4192720,15.891676902770996
4193472,18.94274139404297
4194176,19.194536209106445
4194336,17.361146926879883
4194592,18.135295867919922
4196496,10.840065002441406
4196960,17.666589736938477
4197088,17.715293884277344
4197808,18.299272537231445
4197824,18.354591369628906
4197840,16.808544158935547
4198240,14.730851173400879
4198512,16.858657836914062
4199024,18.29946517944336
4200480,18.51264762878418
4200640,17.569181442260742
4201360,18.29853630065918
4201456,15.971505165100098
4201536,17.546056747436523
4202560,17.87095832824707
4202640,17.026212692260742
4202960,18.916669845581055
4203568,17.40559959411621
4204272,11.865663528442383
4204912,18.58911895751953
4205056,17.840816497802734
4205136,16.565202713012695
4206208,17.710277557373047
4206544,18.59256935119629
4206624,11.666553497314453
4207088,18.866539001464844
4207136,17.511884689331055
4207856,18.940515518188477
4208576,18.644805908203125
4208752,17.25486183166504
4209408,16.580596923828125
4209840,19.026412963867188
4210016,18.114791870117188
4210288,13.384514808654785
4210720,17.640962600708008
4211360,17.559396743774414
4211904,13.185790061950684
4212112,18.435386657714844
4212960,18.782644271850586
4213328,16.89409828186035
4213696,19.33460807800293
4213872,19.19757843017578
4214896,12.060976028442383
4214912,17.9453182220459
4215136,18.43589210510254
4215680,18.033092498779297
4215744,8.501415252685547
4215760,18.300743103027344
4216912,17.214378356933594
4217024,16.757522583007812
4217840,17.608169555664062
4218016,17.897031784057617
4218480,18.589096069335938
4219232,17.764272689819336
4219296,18.857458114624023
4219344,18.369773864746094
4220528,19.09754180908203
4220976,9.353569030761719
4222048,17.811426162719727
4222576,11.333905220031738
4222864,17.599788665771484
4222992,18.578683853149414
4224560,16.477462768554688
4225280,11.437512397766113
4225312,18.594640731811523
4226480,17.102834701538086
4226544,16.27889633178711
4229840,3.930368423461914
4230032,15.234477996826172
4230112,17.971988677978516
4231152,12.565009117126465
4231232,17.06717300415039
4232288,19.155467987060547
4232448,17.79452133178711
4233632,18.280969619750977
4234800,12.655232429504395
4236416,11.485241889953613
4238464,17.756465911865234
4238928,17.525005340576172
4239216,11.187355995178223
4240624,9.778914451599121
4241088,13.304973602294922
4241872,17.637924194335938
4242448,7.456948757171631
4242736,13.928387641906738
4243376,4.198752403259277
4244080,13.029948234558105
4244112,18.062978744506836
4244272,15.953033447265625
4244352,18.056873321533203
4245056,8.45652961730957
4246032,19.318506240844727
4246112,7.397037506103516
4246224,18.74180793762207
4246368,17.103012084960938
4246928,18.305633544921875
4247776,17.83951759338379
4248368,17.547840118408203
4249696,18.73077392578125
4249840,18.355073928833008
4250000,17.729402542114258
4250416,17.84202766418457
4251088,5.446190357208252
4252800,18.05230712890625
4252800,13.830815315246582
4254816,18.099191665649414
4255024,18.569238662719727
4256464,17.680744171142578
4256864,17.83702278137207
4257184,17.65152359008789
4257520,18.69998550415039
4257872,12.294105529785156
4258304,18.105283737182617
4258560,17.701833724975586
4258992,16.733369827270508
4260096,18.269630432128906
4260272,19.31043815612793
4260416,17.993507385253906
4262720,17.135509490966797
4263648,18.826725006103516
4264976,17.444368362426758
4265072,17.600929260253906
4265856,17.443397521972656
4266288,16.636125564575195
4266944,7.242382049560547
4267376,18.05731201171875
4267472,16.47792625427246
4268704,16.7453556060791
4268752,17.95964813232422
4268768,17.119361877441406
4269232,18.138442993164062
4270048,13.417908668518066
4270496,16.959867477416992
4270624,19.729970932006836
4271088,17.298768997192383
4271760,17.889419555664062
4272224,14.944366455078125
4272256,15.545114517211914
4274528,18.73097801208496
4274640,18.298641204833984
4274784,12.037083625793457
4275856,17.500001907348633
4277056,18.413578033447266
4277792,17.372575759887695
4278080,18.745466232299805
4278288,18.12891960144043
4278992,17.72637176513672
4280352,17.608121871948242
4280960,16.9077205657959
4281504,15.542791366577148
4281632,18.348289489746094
4281776,17.920513153076172
4283088,17.836111068725586
4283584,11.092708587646484
4283632,16.813331604003906
4285248,18.659635543823242
4285408,18.51204490661621
4286592,17.65460777282715
4287088,17.228981018066406
4287120,16.707345962524414
4288576,17.759889602661133
4289792,4.192246913909912
4290256,17.097219467163086
4290640,17.48066520690918
4290656,18.322092056274414
4290768,17.7032413482666
4292080,16.948909759521484
4292208,17.78305435180664
4294192,18.302682876586914
4294272,17.810304641723633
4295696,17.57059097290039
4295872,18.217893600463867
4296096,16.44133949279785
4296368,18.074594497680664
4296944,14.419828414916992
4297520,18.541213989257812
4297712,19.334720611572266
4297824,18.9334716796875
4299040,18.43891143798828
4299296,3.4703004360198975
4299536,17.0856990814209
4300480,8.045525550842285
4301200,16.23072624206543
4301408,17.193756103515625
4301584,17.875926971435547
4302240,16.822345733642578
4303120,16.340761184692383
4303136,18.369220733642578
4303200,17.751773834228516
4303504,18.350507736206055
4304064,17.70660400390625
4304912,9.102483749389648
4305232,17.78239631652832
4305232,17.544231414794922
4305888,11.484997749328613
4308544,18.410425186157227
4309248,5.925410270690918
4309408,19.048768997192383
4310512,17.884864807128906
4311808,14.403299331665039
4311840,18.445091247558594
4312048,14.839374542236328
4312192,17.818389892578125
4312448,18.830524444580078
4313008,17.2574520111084
4314400,11.031124114990234
4314912,19.024477005004883
4315664,18.293212890625
4316080,16.47414207458496
4316512,16.931438446044922
4317216,7.798114776611328
4317488,14.78058910369873
4318112,11.924230575561523
4319232,17.697370529174805
4319648,17.338605880737305
4320048,18.987009048461914
4320096,18.6481876373291
4320608,16.313739776611328
4321056,16.822744369506836
4321072,15.729601860046387
4321168,14.798515319824219
4321184,16.434898376464844
4322864,17.853797912597656
4322880,18.32056427001953
4323424,17.01839828491211
4323616,18.80246353149414
4323648,12.350317001342773
4324432,2.765951156616211
4324640,17.742862701416016
4324784,17.581396102905273
4325056,18.074209213256836
4325200,18.141653060913086
4326448,17.7905216217041
4326720,16.562576293945312
4326864,16.654661178588867
4326896,17.599985122680664
4327136,18.40139389038086
4327872,18.670242309570312
4328240,17.541996002197266
4328368,18.775760650634766
4329632,3.98549747467041
4329792,17.69998550415039
4330016,19.348844528198242
4330592,11.718254089355469
4330656,18.465946197509766
4331792,17.36265754699707
4331952,16.946365356445312
4333136,16.820714950561523
4333520,17.858489990234375
4334192,18.97633171081543
4334416,18.178606033325195
4336176,17.5014591217041
4336304,17.925886154174805
4336592,16.794525146484375
4337616,17.799184799194336
4338672,15.771498680114746
4338704,17.23996353149414
4338800,11.484770774841309
4339056,17.935379028320312
4339088,17.45367431640625
4340112,17.8348445892334
4341488,11.585625648498535
4342240,13.381220817565918
4342432,17.384536743164062
4342560,17.51577377319336
4343296,10.279576301574707
4344192,17.946971893310547
4344720,16.483558654785156
4345792,17.93208122253418
4345904,18.24169158935547
4345920,18.301145553588867
4346000,16.496673583984375
4346160,17.988779067993164
4347968,17.458539962768555
4348800,15.583163261413574
4350576,18.01913070678711
4351200,15.04135799407959
4352992,18.174272537231445
4353056,17.902606964111328
4353264,17.987316131591797
4354032,17.83570098876953
4354208,14.955849647521973
4354752,18.244979858398438
4354848,18.980146408081055
4355488,18.85112762451172
4357616,18.897872924804688
4358480,18.0083065032959
4358784,17.336750030517578
4359200,16.088098526000977
4360144,18.606372833251953
4360208,17.697601318359375
4360368,10.798896789550781
4360800,18.26783561706543
4361136,18.235862731933594
4361232,13.221007347106934
4362368,17.175880432128906
4362784,16.018325805664062
4363808,17.537906646728516
4363872,17.26470375061035
4363952,18.1096248626709
4364368,17.893280029296875
4364864,17.45452117919922
4366368,18.612411499023438
4366864,14.003215789794922
4367408,16.353235244750977
4367968,17.58373260498047
4368192,18.40288734436035
4368496,17.234025955200195
4369440,17.55670166015625
4370896,16.204452514648438
4370912,16.85487174987793
4370928,17.74951171875
4371136,17.00253677368164
4371456,13.461108207702637
4372016,17.632915496826172
4372016,16.66377830505371
4374448,17.857162475585938
4375232,17.465627670288086
4376656,17.223527908325195
4377904,15.88302230834961
4378176,15.565685272216797
4378224,17.574365615844727
4378592,18.775615692138672
4379328,17.67760467529297
4380208,16.839481353759766
4380800,16.91652488708496
4381536,17.984628677368164
4381712,17.48255729675293
4381920,17.464317321777344
4382192,11.455789566040039
4382864,16.995361328125
4384144,17.66591453552246
4384336,17.00583839416504
4385072,17.523836135864258
4385168,15.98989200592041
4386064,8.456902503967285
4386432,16.359397888183594
4386432,17.544757843017578
4386544,19.0279598236084
4386976,7.526917457580566
4387328,17.79810905456543
4387632,14.41702938079834
4387872,17.589149475097656
4388880,17.073022842407227
4390032,17.80277442932129
4391200,17.16021156311035
4392288,18.16142463684082
4393248,17.964618682861328
4393424,17.34665870666504
4393536,18.991302490234375
4393632,17.955310821533203
4395008,17.348793029785156
4396112,17.357431411743164
4396416,17.64598846435547
4397152,18.982275009155273
4398576,17.29652214050293
4399408,17.603979110717773
4400336,18.26732063293457
4401088,17.62953758239746
4401616,15.186267852783203
4401888,18.01999282836914
4401888,17.531898498535156
4402144,18.513978958129883
4403504,18.383697509765625
4404144,17.277610778808594
4404272,11.682463645935059
4404288,18.046875
4404320,15.262803077697754
4404864,17.6779727935791
4405248,5.317484378814697
4405696,17.275434494018555
4406512,18.26323699951172
4406832,16.854034423828125
4407856,18.401166915893555
4408400,18.785572052001953
4408816,18.161457061767578
4408992,17.8487548828125
4409360,17.895963668823242
4410416,19.381990432739258
4411472,17.065235137939453
4411488,17.85645866394043
4411776,18.285167694091797
4412304,18.124181747436523
4412976,18.920642852783203
4414080,18.381486892700195
4415872,18.032976150512695
4416144,13.552085876464844
4417504,17.958120346069336
4418080,17.92441177368164
4418608,17.701610565185547
4418800,17.387645721435547
4419632,17.652820587158203
4419664,18.547107696533203
4420656,6.066256999969482
4420880,18.427978515625
4421056,17.90060806274414
4421488,16.9797306060791
4422048,18.362918853759766
4422096,18.6693115234375
4422240,17.765810012817383
4423136,16.299692153930664
4424576,18.461671829223633
4426800,18.189428329467773
4426816,18.376279830932617
4427136,18.353240966796875
4427792,17.37572479248047
4428064,16.516925811767578
4428656,18.055871963500977
4428784,17.743417739868164
4429488,16.7616024017334
4430272,18.036375045776367
4430384,17.792146682739258
4430704,18.315364837646484
4431904,18.586776733398438
4432208,18.3668212890625
4432240,18.45075035095215
4432608,13.651307106018066
4433776,16.71392822265625
4433888,19.214256286621094
4434304,17.401670455932617
4434848,18.087257385253906
4437200,16.81698989868164
4437824,17.977895736694336
4439840,17.77200698852539
4440688,19.135622024536133
4443376,19.50014305114746
4444208,17.712486267089844
4444576,19.801063537597656
4444944,18.80384063720703
4445216,18.12889862060547
4446192,18.35328483581543
4446400,18.831680297851562
4446736,17.873659133911133
4446880,17.11104965209961
4447136,16.8265380859375
4447344,12.445816993713379
4448880,16.377399444580078
4449440,17.92024040222168
4450320,17.63255500793457
4452176,17.711605072021484
4453408,17.484352111816406
4454224,19.032474517822266
4454432,18.396432876586914
4454608,15.779805183410645
4455648,17.71884536743164
4456656,18.598678588867188
4459328,17.589889526367188
4459792,17.86664581298828
4461696,18.378114700317383
4461824,12.235821723937988
4463056,18.866111755371094
4463184,17.530527114868164
4463952,17.504064559936523
4464336,11.269294738769531
4464752,11.47453498840332
4464880,18.226552963256836
4466880,18.75435447692871
4470048,19.494260787963867
4471088,19.01569366455078
4471264,18.093570709228516
4471760,17.759479522705078
4472432,8.266716003417969
4472800,18.675031661987305
4474048,18.410402297973633
4474656,18.693302154541016
4475120,18.854995727539062
4476000,17.73219108581543
4477712,17.555452346801758
4479040,18.80857276916504
4479632,18.755245208740234
4480192,18.39410972595215
4480720,10.304019927978516
4481232,17.367372512817383
4481584,17.802154541015625
4482176,17.754695892333984
4482480,17.789531707763672
4483248,19.243398666381836
4484256,17.836729049682617
4484592,17.973526000976562
4485408,16.842681884765625
4486656,18.57103157043457
4487808,17.453205108642578
4488224,17.33563995361328
4488560,17.921817779541016
4489664,17.941198348999023
4490224,17.37319564819336
4491328,18.08601951599121
4491808,19.383989334106445
4492256,18.07491683959961
4493376,18.345561981201172
4493792,19.389768600463867
4494960,12.553400993347168
4495232,16.305267333984375
4495376,18.963014602661133
4495504,18.28237533569336
4495808,18.084043502807617
4496176,13.815546035766602
4496384,18.744441986083984
4496864,17.778106689453125
4496864,17.874494552612305
4497008,16.927711486816406
4497280,17.86417579650879
4497600,17.919828414916992
4498080,17.14120101928711
4499664,18.5639591217041
4500368,18.616455078125
4500528,16.637414932250977
4500592,18.006027221679688
4500704,6.869324207305908
4502032,18.88576889038086
4502432,18.624841690063477
4503872,17.404150009155273
4504064,18.394563674926758
4504160,16.29039764404297
4504256,18.218929290771484
4505616,18.906295776367188
4505744,17.669937133789062
4506752,16.95094871520996
4507280,14.271875381469727
4507536,18.744035720825195
4507648,18.940038681030273
4507696,16.153438568115234
4508048,18.839712142944336
4508784,17.46062660217285
4509152,17.427494049072266
4509232,17.345796585083008
4509504,17.103179931640625
4509568,18.40374183654785
4510336,17.72608757019043
4510336,16.32713508605957
4510864,8.135955810546875
4512752,16.90789222717285
4513040,17.149831771850586
4513184,18.26289939880371
4514592,18.297073364257812
4514688,17.99287223815918
4516720,17.728750228881836
4518560,18.43669319152832
4519648,17.160078048706055
4521072,17.678997039794922
4521488,19.995229721069336
4521792,17.477312088012695
4522192,17.159099578857422
4525184,19.169597625732422
4525824,17.867971420288086
4527136,19.3614559173584
4528176,18.23423194885254
4528672,18.774019241333008
4528912,17.744155883789062
4529184,18.635990142822266
4530480,19.34752655029297
4531136,17.406484603881836
4532000,19.538724899291992
4532304,18.724096298217773
4532576,16.432449340820312
4532752,19.27817153930664
4533056,17.949176788330078
4533568,19.12647247314453
4534640,18.775033950805664
4535520,15.739930152893066
4536400,17.99271011352539
4537648,18.579517364501953
4537792,19.150856018066406
4538192,18.471031188964844
4538464,18.779909133911133
4539968,12.026169776916504
4541456,19.509992599487305
4542192,18.354888916015625
4545024,17.356708526611328
4545120,17.135177612304688
4545168,10.870245933532715
4545632,17.388065338134766
4546256,18.438323974609375
4546272,18.084556579589844
4546480,12.4010648727417
4546544,17.948266983032227
4547104,18.36432647705078
4549120,18.377561569213867
4549648,17.3771915435791
4549824,14.848224639892578
4550688,16.70717430114746
4551232,18.453977584838867
4551264,18.741735458374023
4552320,19.80147933959961
4552448,18.021892547607422
4552720,17.08408546447754
4553344,18.438899993896484
4554032,7.987323760986328
4554688,17.54863739013672
4555392,9.109940528869629
4555536,17.882259368896484
4555936,15.091129302978516
4556032,18.078893661499023
4556272,12.446304321289062
4557056,19.040096282958984
4558896,17.014869689941406
4559040,8.306045532226562
4559696,16.134212493896484
4559728,18.186214447021484
4560048,18.698396682739258
4561456,19.891586303710938
4561968,17.848825454711914
4562288,12.131668090820312
4562464,18.972871780395508
4562480,14.019513130187988
4562512,18.370059967041016
4562608,18.36129379272461
4562752,17.602535247802734
4564256,18.717823028564453
4565424,10.792899131774902
4565872,15.538105964660645
4566080,17.0831298828125
4566880,17.878263473510742
4566992,19.55008316040039
4567904,18.39720344543457
4568576,18.79503631591797
4569680,17.530141830444336
4570256,15.839903831481934
4570608,18.27633285522461
4571040,18.12411117553711
4571408,16.444948196411133
4572176,18.67578887939453
4573344,18.703895568847656
4573376,18.495357513427734
4573520,18.249605178833008
4574176,17.88011932373047
4574192,5.74281120300293
4574304,18.256017684936523
4574992,19.099367141723633
4575792,18.378459930419922
4576704,18.52923011779785
4576704,17.932931900024414
4576960,18.95155143737793
4577088,19.05805206298828
4577616,3.459385871887207
4577648,18.39898109436035
4577888,14.401261329650879
4580080,18.2858943939209
4584192,18.748308181762695
4585056,18.277626037597656
4585072,18.083133697509766
4585152,18.524423599243164
4586400,17.7425479888916
4586576,19.742359161376953
4587264,18.787813186645508
4587552,17.91897201538086
4587568,11.332565307617188
4587792,17.82292938232422
4588672,18.36371612548828
4590032,18.334068298339844
4590944,17.147966384887695
4591072,18.816722869873047
4591120,12.049276351928711
4591184,18.800561904907227
4591264,16.631166458129883
4593040,17.27774429321289
4593680,17.894989013671875
4595840,18.724807739257812
4596640,17.007482528686523
4597248,9.186352729797363
4597296,17.778532028198242
4598320,18.225366592407227
4599664,18.663639068603516
4600016,17.61878204345703
4600784,17.09344482421875
4600784,17.569759368896484
4601936,18.027822494506836
4602112,16.37012481689453
4602992,18.04488182067871
4603696,17.70713233947754
4604192,7.954813003540039
4604304,16.6896915435791
4604384,18.429237365722656
4605440,18.68375587463379
4605456,17.83602523803711
4606832,18.055225372314453
4607296,17.12087631225586
4607520,18.071372985839844
4607920,18.064851760864258
4608128,12.137730598449707
4609168,18.18729591369629
4609200,18.10369300842285
4610064,15.958956718444824
4610160,18.99883270263672
4610880,18.690692901611328
4611632,18.04117202758789
4612720,15.828680038452148
4613120,17.40707015991211
4613568,18.51823616027832
4614448,16.75558090209961
4614640,14.038673400878906
4615072,17.8465576171875
4615232,17.03995704650879
4616720,18.545242309570312
4617296,17.083995819091797
4618768,18.744935989379883
4619632,3.8767600059509277
4619792,17.627798080444336
4619888,17.2559814453125
4620384,17.735963821411133
4620672,18.966718673706055
4620720,14.187987327575684
4621872,15.616477012634277
4622272,3.6307644844055176
4622944,12.166542053222656
4623168,13.175512313842773
4625600,17.856828689575195
4626640,16.6043758392334
4626896,18.320608139038086
4628864,18.2303409576416
4629776,3.6738719940185547
4630240,17.11388397216797
4630288,16.56599998474121
4630320,18.721588134765625
4631264,19.119226455688477
4631552,17.57111930847168
4632144,17.375213623046875
4632160,18.191415786743164
4632672,19.04265594482422
4633792,17.867212295532227
4633856,18.03191375732422
4636608,18.224760055541992
4636960,18.113889694213867
4637408,16.95286750793457
4637424,18.885303497314453
4637760,3.8075625896453857
4638000,18.8980712890625
4638592,17.59501075744629
4639216,17.96623420715332
4640592,16.56080436706543
4640960,19.07876968383789
4641024,18.773109436035156
4641968,18.10750389099121
4642064,18.61795997619629
4643808,18.794893264770508
4643936,17.637041091918945
4644208,18.12680435180664
4644544,16.280458450317383
4644576,17.759552001953125
4644864,18.481595993041992
4645664,17.960750579833984
4646416,17.14506721496582
4647552,16.914379119873047
4647696,18.020244598388672
4648064,19.396142959594727
4648432,18.63690185546875
4649024,18.393009185791016
4651008,18.633272171020508
4651664,18.682897567749023
4651888,17.10137939453125
4652064,18.524085998535156
4652304,18.636228561401367
4654064,12.296077728271484
4655520,17.7513370513916
4655664,17.35063362121582
4657248,18.677425384521484
4658368,18.82967185974121
4658432,18.174022674560547
4658560,19.063961029052734
4658752,18.298736572265625
4659072,17.33991050720215
4659568,17.806997299194336
4661152,18.90452003479004
4661904,18.03879165649414
4664288,17.053892135620117
4664416,11.42928409576416
4664416,17.84187889099121
4666192,17.628761291503906
4666768,17.70522689819336
4667904,18.56142807006836
4667904,18.016193389892578
4669088,16.396520614624023
4669392,19.85233497619629
4669856,18.07522964477539
4670256,18.250455856323242
4671472,18.353925704956055
4671488,18.32402229309082
4672288,17.997272491455078
4672384,2.9925739765167236
4672800,18.969268798828125
4673456,17.584590911865234
4673632,17.910940170288086
4674976,18.10870361328125
4675360,18.056079864501953
4676000,19.4971981048584
4676080,13.586531639099121
4679552,19.685644149780273
4682336,18.09687042236328
4683056,17.35474967956543
4683168,12.547879219055176
4683184,18.050439834594727
4684272,17.650609970092773
4684304,19.236053466796875
4684336,18.672344207763672
4685712,17.983842849731445
4686592,18.899564743041992
4686640,14.198028564453125
4686688,18.07982063293457
4686736,16.560792922973633
4687904,18.354103088378906
4688464,17.98827362060547
4689440,18.54397964477539
4689728,17.625873565673828
4690224,17.693349838256836
4690448,11.76520824432373
4690528,18.24015235900879
4691920,18.362199783325195
4692752,19.610557556152344
4692800,18.259361267089844
4693120,17.535987854003906
4693792,17.56731605529785
4693840,18.84852409362793
4695488,18.662446975708008
4696368,19.256332397460938
4696560,12.316960334777832
4697024,18.520902633666992
4697456,17.97400665283203
4697552,18.610166549682617
4697584,19.062427520751953
4699088,17.18317985534668
4699984,17.732118606567383
4700112,17.08843231201172
4700592,18.156713485717773
4701008,18.982728958129883
4701184,19.157672882080078
4702560,18.386474609375
4702656,18.691852569580078
4703568,18.39825439453125
4703664,18.12680435180664
4704000,17.83403205871582
4704160,18.14891242980957
4704352,18.498228073120117
4704608,15.358527183532715
4704624,17.8396053314209
4704784,18.309814453125
4706112,17.40826988220215
4706608,11.760669708251953
4707088,17.63661766052246
4707664,17.7822208404541
4707920,17.399707794189453
4708336,17.683429718017578
4709824,7.510621547698975
4710592,14.320755958557129
4711264,16.512784957885742
4711808,17.09759521484375
4713376,18.204748153686523
4714224,17.767532348632812
4714336,18.1788387298584
4714720,19.06123161315918
4714736,18.436925888061523
4714992,19.72568702697754
4715376,18.038480758666992
4716416,12.934358596801758
4716864,18.40720558166504
4717760,18.995786666870117
4717904,15.842984199523926
4718224,19.079055786132812
4718656,15.700273513793945
4719040,17.744686126708984
4719616,19.58151626586914
4721376,17.97666358947754
4721440,18.304574966430664
4721504,18.442787170410156
4721984,13.224556922912598
4722176,18.449430465698242
4722224,11.462647438049316
4722608,17.53517723083496
4723888,13.69876766204834
4724912,18.499229431152344
4725008,19.24764633178711
4725024,17.92323112487793
4725376,16.63141632080078
4725792,18.147417068481445
4726256,18.771366119384766
4727424,7.932307243347168
4728544,17.806495666503906
4728960,18.377155303955078
4729280,18.86057472229004
4729344,18.463109970092773
4729760,19.09248924255371
4731536,18.02644920349121
4732128,18.525714874267578
4732160,18.76995849609375
4732288,19.154844284057617
4732496,18.56793785095215
4732592,18.99309730529785
4734576,18.288347244262695
4735008,17.82010269165039
4735520,18.5057315826416
4735552,4.064999103546143
4735728,17.961910247802734
4736112,18.649629592895508
4737568,17.384157180786133
4738064,18.472097396850586
4738640,17.328378677368164
4739232,17.848630905151367
4739360,19.38168716430664
4739552,18.859668731689453
4740496,18.37008285522461
4741104,17.9799747467041
4742272,18.117677688598633
4742880,18.23602294921875
4742896,17.51643180847168
4743072,16.924514770507812
4743344,18.503414154052734
4746608,18.355043411254883
4746720,19.32987403869629
4751328,8.921808242797852
4751840,18.581375122070312
4752336,18.332324981689453
4752480,19.393213272094727
4753648,19.04468536376953
4754480,12.048593521118164
4754928,18.636629104614258
4756448,18.220367431640625
4757168,17.63005256652832
4757296,16.66056251525879
4757392,17.7556209564209
4757424,11.754837989807129
4757568,16.582347869873047
4757728,15.331400871276855
4757888,15.527095794677734
4758480,18.403385162353516
4760432,18.613964080810547
4760784,16.61086654663086
4760816,18.061609268188477
4761008,18.057310104370117
4761184,15.598462104797363
4761568,17.933202743530273
4762048,11.618778228759766
4763136,18.520912170410156
4763568,19.016902923583984
4764000,18.7430362701416
4764288,17.152341842651367
4764496,15.060931205749512
4764560,19.062437057495117
4765616,17.74945640563965
4765712,18.063936233520508
4766576,8.190167427062988
4766720,18.960800170898438
4767872,16.7572078704834
4767968,16.78373146057129
4768352,17.519596099853516
4770112,17.868881225585938
4771776,16.026920318603516
4772848,17.515623092651367
4773616,16.98636245727539
4773824,17.881914138793945
4774256,6.6143317222595215
4774256,17.45240592956543
4774592,18.035228729248047
4775104,17.61736297607422
4775184,16.81182098388672
4775520,17.812911987304688
4777104,17.7351016998291
4777776,18.89463233947754
4778128,18.133760452270508
4779216,18.128393173217773
4780848,18.511932373046875
4781312,17.56538200378418
4781712,17.557931900024414
4782064,17.936721801757812
4782640,17.75623321533203
4783280,18.261066436767578
4783488,17.5372314453125
4784480,18.722267150878906
4784880,17.703502655029297
4785632,20.082698822021484
4785760,16.067556381225586
4786256,18.007640838623047
4786848,18.10333824157715
4788096,18.034564971923828
4788448,16.874156951904297
4789264,18.700572967529297
4789280,18.447946548461914
4789776,19.311695098876953
4789824,18.431041717529297
4789824,18.365013122558594
4790336,18.351919174194336
4791440,19.991159439086914
4792000,18.226898193359375
4792832,19.12198257446289
4792864,19.076000213623047
4795088,17.827049255371094
4795504,18.193294525146484
4796192,18.205060958862305
4796368,10.307896614074707
4797040,17.713241577148438
4797056,17.524974822998047
4798048,18.552738189697266
4798608,18.92887306213379
4798752,19.38091468811035
4798928,18.739013671875
4799680,12.50676155090332
4799712,19.051137924194336
4800592,17.03236961364746
4801488,14.626630783081055
4803296,18.26801300048828
4803472,18.890331268310547
4803568,17.504732131958008
4804944,20.15616798400879
4805024,8.861973762512207
4807792,18.243309020996094
4807888,18.15203094482422
4808608,18.623674392700195
4809536,17.673004150390625
4809760,17.81216812133789
4810576,18.423307418823242
4810640,19.782567977905273
4810720,18.782798767089844
4811648,3.8857479095458984
4813248,17.35719108581543
4813984,18.38947105407715
4814400,18.398656845092773
4815792,19.546043395996094
4815872,17.94792366027832
4816656,19.781322479248047
4816768,17.554550170898438
4816912,18.497920989990234
4817456,12.390951156616211
4818064,17.708072662353516
4818688,19.21108055114746
4819440,19.049545288085938
4820368,17.0297794342041
4821040,18.378976821899414
4821312,18.495193481445312
4821344,18.41214370727539
4821488,18.30031967163086
4821616,18.88344955444336
4822336,18.711627960205078
4822944,18.516557693481445
4823040,17.458572387695312
4823648,18.128326416015625
4823904,17.826627731323242
4824080,18.905914306640625
4824448,17.750505447387695
4824560,18.1906681060791
4824704,18.339574813842773
4824976,18.907602310180664
4825024,19.76131820678711
4825184,18.01688003540039
4825664,18.431503295898438
4826464,18.34391975402832
4826672,2.8511557579040527
4827504,16.540925979614258
4827552,18.701725006103516
4827728,17.303524017333984
4828048,17.82130241394043
4828560,19.221614837646484
4828624,18.841522216796875
4829472,12.581040382385254
4830848,17.27081871032715
4831232,18.518596649169922
4831696,18.928293228149414
4831744,18.93195915222168
4832032,4.129043102264404
4832240,19.314538955688477
4833856,18.97624969482422
4834592,17.12262725830078
4835856,17.85749626159668
4836400,17.221487045288086
4838032,11.005731582641602
4838112,18.217639923095703
4838512,18.7408390045166
4839040,17.778160095214844
4839136,17.8509521484375
4839472,19.024877548217773
4840832,18.9118709564209
4841152,19.391647338867188
4842128,18.171916961669922
4842368,18.319072723388672
4843008,18.976829528808594
4843104,18.565258026123047
4843792,11.8308687210083
4844048,17.34016990661621
4845232,16.860689163208008
4845264,18.98516273498535
4845824,16.56549644470215
4847136,19.661516189575195
4847440,19.086286544799805
4849472,18.593746185302734
4849920,19.02790069580078
4850096,17.89350128173828
4851232,16.337305068969727
4853040,18.8204402923584
4853488,18.992769241333008
4854224,17.815181732177734
4854592,19.071659088134766
4856528,19.292694091796875
4856736,18.741472244262695
4858384,16.909622192382812
4858592,17.189376831054688
4858656,18.455623626708984
4860176,18.709762573242188
4860272,14.363640785217285
4861952,11.865865707397461
4863408,18.9986629486084
4863744,18.315616607666016
4864016,18.295520782470703
4864432,18.17576026916504
4864432,17.618335723876953
4864528,18.7279052734375
4865872,18.482803344726562
4867520,19.264562606811523
4867824,18.209638595581055
4867968,17.39285659790039
4868256,17.595571517944336
4869152,19.882715225219727
4869248,4.897815227508545
4869456,18.383769989013672
4871136,17.686338424682617
4871232,19.11551284790039
4871296,13.306757926940918
4871440,17.184341430664062
4871936,18.22184944152832
4873136,17.847246170043945
4873920,11.903493881225586
4874336,14.772496223449707
4874400,18.886323928833008
4874688,7.151804447174072
4875168,18.080814361572266
4875216,17.87088394165039
4877456,18.57769203186035
4877696,18.089555740356445
4879232,18.36505126953125
4881488,17.667810440063477
4881824,16.384017944335938
4882208,13.42498779296875
4882224,8.560127258300781
4882240,17.388280868530273
4885152,18.56267547607422
4885680,14.660619735717773
4885792,18.80629539489746
4885872,17.134624481201172
4885920,18.985130310058594
4886368,17.01728057861328
4887216,18.345556259155273
4890848,18.963180541992188
4892112,17.740856170654297
4892640,18.056997299194336
4892944,16.816287994384766
4892976,19.018085479736328
4894080,17.72352409362793
4894272,18.923120498657227
4895696,19.035017013549805
4896000,17.955848693847656
4896336,17.65277099609375
4896432,18.51053237915039
4896576,19.539073944091797
4896736,17.883668899536133
4897136,20.210285186767578
4897568,17.024940490722656
4899968,17.780467987060547
4900048,17.338581085205078
4900096,18.38193702697754
4900304,17.55491065979004
4900432,17.763893127441406
4901440,17.553787231445312
4901696,17.597639083862305
4902608,17.298583984375
4902848,17.997013092041016
4903648,18.885963439941406
4903664,19.46927261352539
4903888,18.280370712280273
4904080,17.88173484802246
4904384,17.638946533203125
4905280,18.378934860229492
4905328,3.1380717754364014
4906208,12.372506141662598
4907136,19.518672943115234
4907184,18.814294815063477
4907456,18.612815856933594
4908928,16.68109703063965
4908976,17.718185424804688
4909184,18.250032424926758
4910704,17.380197525024414
4911088,19.4606990814209
4911264,17.109058380126953
4912144,19.599458694458008
4913264,17.467819213867188
4913568,16.630990982055664
4913936,19.41489601135254
4914576,18.976428985595703
4915584,13.720497131347656
4916000,17.14011573791504
4916240,19.097145080566406
4916368,18.75806427001953
4917888,18.245548248291016
4918224,18.516904830932617
4919776,18.980653762817383
4920896,17.774049758911133
4921520,17.431060791015625
4921552,18.733430862426758
4923360,16.970378875732422
4923552,15.725733757019043
4923904,18.178447723388672
4924496,18.771190643310547
4924800,16.985544204711914
4925008,19.324417114257812
4925104,18.2401180267334
4925168,16.918006896972656
4925312,16.974262237548828
4926928,19.406570434570312
4927088,18.996854782104492
4928352,18.107933044433594
4928816,18.780311584472656
4929536,18.453866958618164
4930512,17.740188598632812
4932000,19.113019943237305
4932448,18.00666618347168
4933824,18.030948638916016
4935168,17.93727684020996
4935584,18.378480911254883
4935584,19.046281814575195
4935888,19.396364212036133
4936144,19.00897979736328
4936608,17.467395782470703
4938768,18.158157348632812
4939664,18.099382400512695
4940176,18.83933448791504
4942448,18.078784942626953
4942768,17.937345504760742
4943744,17.85199737548828
4944560,16.799072265625
4944624,18.611862182617188
4944720,19.409847259521484
4945984,18.19276237487793
4946448,20.248075485229492
4946864,17.66200828552246
4946896,17.83847999572754
4947104,18.545839309692383
4949968,18.94351577758789
4950400,13.08016586303711
4952752,18.041759490966797
4953056,9.775189399719238
4953152,18.30948829650879
4953472,15.786381721496582
4953936,18.634916305541992
4954048,17.934959411621094
4954656,17.78369140625
4956608,20.06916618347168
4957488,17.159154891967773
4957808,8.640445709228516
4958960,18.52862548828125
4959200,18.1474609375
4960704,17.624574661254883
4961024,17.46631622314453
4962512,17.922956466674805
4962592,18.392873764038086
4962720,18.25338363647461
4963840,17.994020462036133
4964240,19.18769073486328
4964272,18.572269439697266
4964864,17.800527572631836
4964992,18.84322738647461
4965392,18.747404098510742
4966208,17.70027732849121
4966352,17.046072006225586
4967168,18.310819625854492
4967280,18.597074508666992
4968976,19.00051498413086
4969056,3.8956973552703857
4970784,18.435237884521484
4970944,17.434972763061523
4972240,18.221492767333984
4972672,18.292156219482422
4973616,3.7031986713409424
4974496,18.911380767822266
4974512,18.385162353515625
4974720,17.95559310913086
4974912,19.902280807495117
4976656,8.15200424194336
4977168,20.032560348510742
4977408,11.313878059387207
4978064,17.250272750854492
4978368,18.917194366455078
4978464,17.341846466064453
4979184,19.26413917541504
4979936,18.568574905395508
4980256,18.999059677124023
4980560,18.654550552368164
4980752,19.032079696655273
4981584,18.37389373779297
4982080,17.386394500732422
4983840,19.393505096435547
4984160,19.123022079467773
4984176,18.228559494018555
4984368,18.070463180541992
4985184,18.05125617980957
4986272,18.94485855102539
4987312,18.268131256103516
4988320,17.70287322998047
4990064,17.26587677001953
4990320,18.37632942199707
4992640,18.055091857910156
4992784,18.986785888671875
4993536,18.702686309814453
4993840,18.6214599609375
4994208,17.976375579833984
4994352,18.869232177734375
4994592,17.771047592163086
4996160,18.73931312561035
4996240,17.463411331176758
4996320,18.02820587158203
