step,value
272,0.07610416412353516
320,0.0723538026213646
384,0.06541892141103745
688,0.0751265436410904
688,0.05939244478940964
720,0.07500714808702469
784,0.07382598519325256
816,0.08645201474428177
864,0.05897116661071777
960,0.08882737904787064
1040,0.06839469820261002
1040,0.062444061040878296
1248,0.054477956146001816
1264,0.07748761028051376
1344,0.06336706131696701
1472,0.06830605119466782
1584,0.06409081816673279
1616,0.07602928578853607
1744,0.08491136133670807
1888,0.07600574940443039
1904,0.07731378078460693
1920,0.08703605085611343
1968,0.07154034823179245
2096,0.07647018134593964
2192,0.0773492231965065
2336,0.07803826034069061
2352,0.09725884348154068
2416,0.06131553649902344
2464,0.07555681467056274
2560,0.0876043438911438
2672,0.06151194125413895
2688,0.07974550873041153
2720,0.0652451366186142
2832,0.07190940529108047
2896,0.07916959375143051
2976,0.07407697290182114
3008,0.06638321280479431
3008,0.07419219613075256
3184,0.07860913872718811
3344,0.0585232675075531
3408,0.0737927109003067
3504,0.06241689622402191
3520,0.08043073862791061
3552,0.05934532731771469
3696,0.06254274398088455
3744,0.07413513958454132
3808,0.07478876411914825
3872,0.05800928175449371
3904,0.05108048766851425
3920,0.07053163647651672
4016,0.07963640987873077
4080,0.07528553158044815
4096,0.07495374977588654
4128,0.05943336337804794
4224,0.07656042277812958
4304,0.06314773112535477
4320,0.06407025456428528
4336,0.0636373907327652
4480,0.0851309597492218
4576,0.09633532166481018
4592,0.07533925771713257
4624,0.07835139334201813
4800,0.058882515877485275
4912,0.06459363549947739
5264,0.06698541343212128
5312,0.063487708568573
5520,0.07727500051259995
5600,0.07161839306354523
5616,0.07250005751848221
5664,0.060069337487220764
5712,0.0916973128914833
5712,0.07376079261302948
5728,0.06390107423067093
5920,0.06627122312784195
5920,0.06392370164394379
5984,0.06587929278612137
6000,0.062162794172763824
6032,0.06627844274044037
6064,0.07571743428707123
6112,0.07783963531255722
6128,0.09254065155982971
6144,0.07936771214008331
6208,0.07433638721704483
6272,0.0829409584403038
6352,0.06648419052362442
6416,0.07809538394212723
6496,0.0565904900431633
6544,0.0842605009675026
6688,0.06052880361676216
6800,0.0616481713950634
6960,0.06630699336528778
6992,0.05644300952553749
7104,0.0706537589430809
7232,0.08142296224832535
7232,0.09527791291475296
7552,0.0741627961397171
7696,0.07036503404378891
7696,0.08259930461645126
7760,0.078387051820755
7808,0.07028345763683319
7856,0.08408118784427643
8016,0.1016835942864418
8304,0.06563398241996765
8336,0.09413798898458481
8384,0.05921070650219917
8400,0.08356836438179016
8496,0.07584743201732635
8528,0.07420961558818817
8688,0.07386347651481628
8704,0.06566370278596878
8912,0.07973770797252655
8976,0.06652243435382843
8976,0.05535378307104111
8976,0.06867632269859314
9072,0.07566210627555847
9072,0.06550607085227966
9120,0.08235345780849457
9248,0.08526796847581863
9264,0.06529805064201355
9344,0.08985529094934464
9360,0.07513748109340668
9472,0.07350822538137436
9488,0.0725005716085434
9488,0.06396175175905228
9488,0.06397826224565506
9552,0.0696970671415329
9696,0.06668294221162796
9744,0.06004083901643753
9872,0.08108982443809509
9872,0.07846202701330185
10112,0.09696751832962036
10272,0.08173706382513046
10320,0.07348550856113434
10400,0.08141665905714035
10416,0.0941954031586647
10544,0.07691390812397003
10592,0.07801849395036697
10592,0.06324735283851624
10736,0.0712377205491066
10736,0.044916559010744095
10864,0.07556945085525513
10960,0.09332070499658585
10976,0.07377468049526215
11120,0.06849752366542816
11184,0.07418262213468552
11328,0.08148854225873947
11328,0.07567866146564484
11376,0.08136571198701859
11376,0.07744701951742172
11488,0.06892525404691696
11520,0.06479675322771072
11664,0.05017877742648125
11680,0.07153941690921783
11728,0.07221084833145142
11888,0.09552736580371857
12112,0.08155776560306549
12112,0.0666147992014885
12112,0.053487032651901245
12160,0.06218328699469566
12192,0.08240353316068649
12384,0.06395744532346725
12448,0.08047697693109512
12624,0.08378050476312637
12704,0.0661809891462326
12752,0.06295541673898697
12928,0.07867831736803055
13168,0.0802694633603096
13376,0.06263615190982819
13392,0.07207123935222626
13440,0.08608634024858475
13488,0.07409023493528366
13664,0.07688351720571518
13680,0.07615049928426743
13696,0.07782746851444244
13808,0.07436281442642212
13872,0.08409450203180313
14080,0.0506770983338356
14096,0.08251308649778366
14128,0.09571859985589981
14256,0.0791550800204277
14432,0.048976242542266846
14448,0.06547760218381882
14624,0.062302540987730026
14656,0.05470767989754677
14848,0.07436323165893555
14848,0.05582461506128311
14880,0.0960136204957962
14880,0.056352291256189346
14912,0.0745333805680275
14912,0.05992218479514122
14976,0.07604677230119705
14976,0.08613703399896622
14976,0.07421232759952545
15152,0.06565015017986298
15296,0.08639948815107346
15376,0.08919689059257507
15584,0.06738477945327759
15744,0.07480349391698837
15760,0.07294844835996628
15824,0.07414190471172333
16112,0.07899061590433121
16272,0.08149311691522598
16304,0.06166082248091698
16304,0.09484627097845078
16432,0.09958694130182266
16512,0.06357651203870773
16544,0.06319477409124374
16560,0.06512688845396042
16784,0.0698694959282875
16816,0.08070099353790283
16944,0.08149784803390503
17056,0.08164212107658386
17152,0.06239112466573715
17264,0.07999032735824585
17328,0.06444296985864639
17424,0.08516101539134979
17536,0.049371007829904556
17616,0.06347759068012238
17744,0.06566435843706131
17792,0.0749843567609787
17792,0.06520393490791321
17824,0.0926516130566597
17856,0.10310012102127075
18064,0.0883689671754837
18176,0.058935005217790604
18208,0.07420339435338974
18240,0.06705933809280396
18272,0.06305801868438721
18288,0.06072082370519638
18304,0.09455776959657669
18416,0.08527477085590363
18640,0.06741102784872055
18672,0.0627482607960701
18784,0.06351582705974579
18864,0.07250845432281494
18912,0.07489047199487686
19056,0.08150485903024673
19056,0.08956946432590485
19120,0.08511245995759964
19232,0.09848333150148392
19264,0.07396575063467026
19296,0.08365007489919662
19344,0.08774041384458542
19360,0.0778433084487915
19376,0.06489375978708267
19440,0.06234457716345787
19648,0.07533014565706253
19744,0.07689065486192703
19856,0.08156856149435043
19920,0.06679977476596832
20032,0.07604009658098221
20144,0.07035236805677414
20272,0.06384541094303131
20368,0.06310203671455383
20496,0.08503809571266174
20496,0.07742158323526382
20496,0.08116459101438522
20560,0.06319231539964676
20608,0.09788926690816879
20816,0.08281339704990387
20896,0.07938243448734283
20944,0.06779038161039352
21008,0.059232357889413834
21136,0.07170332223176956
21200,0.0646417886018753
21216,0.06426012516021729
21296,0.05546151101589203
21440,0.0857357457280159
21520,0.06174526736140251
21600,0.07344044744968414
21712,0.07419542223215103
21712,0.06749241799116135
21760,0.07665760815143585
21776,0.07183478027582169
21904,0.0823272243142128
22048,0.05190553143620491
22064,0.07446866482496262
22144,0.07474608719348907
22192,0.079776331782341
22368,0.10669536888599396
22448,0.05165310949087143
22448,0.07416980713605881
22480,0.07957393676042557
22576,0.08883243799209595
22784,0.07425232976675034
22912,0.06634521484375
22960,0.06245960667729378
23024,0.07895785570144653
23072,0.06463149189949036
23072,0.092389315366745
23072,0.06216014176607132
23104,0.05790471285581589
23168,0.07536527514457703
23376,0.07806695997714996
23504,0.07876512408256531
23520,0.06263184547424316
23520,0.07513558864593506
23568,0.08520746976137161
23648,0.07109323889017105
23680,0.07865330576896667
23712,0.06498954445123672
23744,0.06613651663064957
23920,0.07417844980955124
24000,0.054912351071834564
24032,0.06359288841485977
24096,0.06182628497481346
24112,0.06385622173547745
24304,0.0758555680513382
24336,0.08924209326505661
24448,0.0792345181107521
24480,0.05953586474061012
24496,0.07453279942274094
24512,0.07756632566452026
24512,0.07857628166675568
24624,0.06414278596639633
24704,0.06413862854242325
24976,0.0597393736243248
25104,0.06762371957302094
25120,0.05694953352212906
25168,0.09078195691108704
25264,0.07850943505764008
25280,0.06465282291173935
25312,0.08150778710842133
25328,0.0745575949549675
25328,0.06358040869235992
25504,0.08793366700410843
25648,0.07687710970640182
25648,0.06974882632493973
25712,0.06364383548498154
25744,0.07743969559669495
25792,0.05227542668581009
26032,0.07793069630861282
26064,0.07431130111217499
26352,0.09246806800365448
26368,0.07827617228031158
26432,0.06794799864292145
26480,0.09381487965583801
26656,0.08781983703374863
26656,0.08411772549152374
26752,0.06971286237239838
26768,0.08163735270500183
26832,0.06692317128181458
26928,0.06438552588224411
26960,0.08014096319675446
26976,0.05869995057582855
27088,0.07364942133426666
27088,0.07467219978570938
27280,0.08627837151288986
27360,0.07415477186441422
27424,0.06348778307437897
27488,0.07726429402828217
27568,0.07664530724287033
27840,0.07461602240800858
28096,0.05932481214404106
28256,0.07289453595876694
28256,0.08428771048784256
28336,0.08378831297159195
28496,0.08359472453594208
28592,0.08332722634077072
28704,0.06161666288971901
28704,0.07079432159662247
28816,0.06422961503267288
28832,0.06872677057981491
28832,0.09200422465801239
28848,0.07349926233291626
28848,0.07910139113664627
28976,0.07421638071537018
29168,0.06626871973276138
29216,0.06075713410973549
29280,0.08947736024856567
29296,0.0851549357175827
29296,0.07422397285699844
29328,0.07422009110450745
29504,0.062094803899526596
29552,0.051829613745212555
29600,0.07403077930212021
29648,0.07420772314071655
29648,0.08161785453557968
29696,0.07063483446836472
29776,0.06184365972876549
29792,0.06241650506854057
29792,0.06845607608556747
29920,0.062370412051677704
29952,0.06267528980970383
30144,0.05534059554338455
30160,0.07058991491794586
30240,0.06736922264099121
30256,0.0760350152850151
30272,0.047568365931510925
30464,0.08622685074806213
30560,0.06380943953990936
30576,0.0943966656923294
30608,0.07417521625757217
30912,0.06307382881641388
30960,0.07268276810646057
31040,0.09600239992141724
31040,0.07204828411340714
31056,0.07525605708360672
31120,0.08016370981931686
31296,0.07059027254581451
31344,0.062259383499622345
31376,0.07419829815626144
31664,0.06531642377376556
31792,0.05779235437512398
31840,0.061740532517433167
31856,0.08704782277345657
31920,0.06826531887054443
32240,0.0734330266714096
32288,0.07388259470462799
32384,0.049770280718803406
32576,0.06183503940701485
32608,0.09171796590089798
32640,0.06149803847074509
32640,0.08326102048158646
32704,0.05828287824988365
32800,0.06627344340085983
32976,0.09456712007522583
33008,0.07423404604196548
33088,0.07119854539632797
33200,0.06148436293005943
33216,0.06300914287567139
33296,0.0861906185746193
33424,0.08048383891582489
33440,0.07595662772655487
33584,0.08203475177288055
33760,0.07631772756576538
33760,0.07398901879787445
33792,0.0583353154361248
33904,0.06222986802458763
33920,0.0691491961479187
34144,0.07854888588190079
34256,0.0896221175789833
34320,0.08492355048656464
34336,0.06284899264574051
34480,0.09577681124210358
34720,0.09518121927976608
34736,0.07113020867109299
35008,0.06319423019886017
35024,0.06469333916902542
35152,0.05517047643661499
35168,0.07451832294464111
35312,0.07485119998455048
35440,0.08282721042633057
35488,0.07181650400161743
35632,0.0546126589179039
35792,0.07846421748399734
35936,0.06671585142612457
35968,0.0741763561964035
35968,0.07818669825792313
36000,0.070626400411129
36032,0.08041262626647949
36048,0.07750703394412994
36096,0.08569683879613876
36144,0.06992385536432266
36208,0.0672612190246582
36208,0.0648680254817009
36240,0.06590904295444489
36240,0.1108807697892189
36288,0.0761893019080162
36352,0.07977832853794098
36592,0.07031609117984772
36624,0.07582220435142517
36624,0.07652854174375534
36704,0.058350130915641785
36752,0.08210810273885727
36816,0.06368301063776016
36864,0.09459815174341202
37056,0.06807173788547516
37104,0.065789595246315
37408,0.07682765275239944
37472,0.06560054421424866
37488,0.08753132075071335
37616,0.08219379931688309
37616,0.08445782959461212
37680,0.08442513644695282
37712,0.07678971439599991
37792,0.08477099239826202
37840,0.07947972416877747
37856,0.07506601512432098
38032,0.06570978462696075
38160,0.07140032947063446
38192,0.09034176170825958
38256,0.08068954199552536
38288,0.07615874707698822
38384,0.06362351030111313
38464,0.06405317038297653
38640,0.07522588223218918
38720,0.07564340531826019
38816,0.0604182630777359
38864,0.06493409723043442
38976,0.058934155851602554
39120,0.08184211701154709
39360,0.07735598832368851
39440,0.07878393679857254
39440,0.06508078426122665
39456,0.07063961029052734
39472,0.08472513407468796
39568,0.061073172837495804
39600,0.07718829065561295
39728,0.07664096355438232
39760,0.06269285082817078
39776,0.08442825824022293
39856,0.07986656576395035
39872,0.0663263276219368
39872,0.06455390155315399
40048,0.074238620698452
40096,0.08777275681495667
40144,0.0703774243593216
40272,0.09306922554969788
40288,0.07052246481180191
40448,0.07804565131664276
40528,0.08965598046779633
40912,0.07525519281625748
40960,0.08212681859731674
40992,0.09573513269424438
41024,0.07211355119943619
41040,0.09707200527191162
41200,0.06740440428256989
41264,0.07205546647310257
41536,0.07165282964706421
41552,0.09055841714143753
41600,0.07425249367952347
41632,0.08120754361152649
42128,0.06623154878616333
42304,0.05015692859888077
42416,0.07870764285326004
42416,0.07727104425430298
42464,0.07724667340517044
42576,0.07401461154222488
42720,0.07836201786994934
42736,0.07505546510219574
42768,0.06204792857170105
42896,0.04111859202384949
43056,0.0647898018360138
43056,0.08129438757896423
43248,0.06813523918390274
43312,0.0642704889178276
43328,0.09298824518918991
43376,0.08264772593975067
43456,0.06377474218606949
43552,0.07418497651815414
43648,0.07964731007814407
43744,0.08077441900968552
43776,0.08068931847810745
43792,0.08334806561470032
43840,0.06157223507761955
43856,0.05585233494639397
43856,0.05948961526155472
43904,0.09258061647415161
43952,0.08387818932533264
44096,0.07416435331106186
44128,0.06082979589700699
44144,0.08731182664632797
44192,0.0841047465801239
44256,0.0774955078959465
44288,0.07272982597351074
44352,0.07377226650714874
44368,0.07547715306282043
44416,0.08129208534955978
44544,0.07020846754312515
44560,0.07630755752325058
44608,0.07019074261188507
44832,0.0633937418460846
44880,0.0756319910287857
44896,0.07603640854358673
44992,0.103150874376297
45104,0.07856736332178116
45296,0.0754176676273346
45312,0.07556620240211487
45344,0.06416363269090652
45456,0.06272773444652557
45456,0.07036718726158142
45472,0.08304660022258759
45568,0.09450674802064896
45616,0.06621038168668747
45728,0.06579624861478806
45776,0.0764642208814621
45808,0.08532524853944778
45808,0.0578002892434597
45936,0.0734715685248375
45936,0.08316833525896072
45952,0.08512046933174133
45968,0.059423673897981644
46096,0.06386462599039078
46112,0.05963466316461563
46208,0.07436124235391617
46352,0.09079093486070633
46480,0.07538837939500809
46656,0.08153142780065536
46672,0.0586005300283432
46720,0.07668377459049225
46736,0.05338361859321594
46832,0.06619822233915329
46848,0.06274164468050003
46896,0.059153441339731216
47056,0.0759391039609909
47056,0.07343185693025589
47104,0.07777498662471771
47328,0.05985609069466591
47344,0.07185202091932297
47392,0.07797684520483017
47440,0.07002481073141098
47440,0.06173522025346756
47472,0.08416857570409775
47584,0.0653066337108612
47632,0.06441308557987213
47664,0.06560912728309631
47744,0.08046691864728928
47776,0.05309423431754112
47776,0.0653059333562851
47840,0.07429524511098862
47920,0.04441504180431366
48064,0.09044824540615082
48160,0.09692919254302979
48240,0.08372002840042114
48304,0.06398200243711472
48320,0.07906043529510498
48352,0.08955042064189911
48448,0.0667683482170105
48480,0.07505211234092712
48560,0.09239982813596725
48576,0.07341986894607544
48624,0.05727888271212578
48640,0.07425997406244278
48752,0.08293868601322174
48784,0.09967280924320221
48816,0.059772152453660965
48832,0.06628013402223587
48896,0.06414873152971268
49120,0.05873369053006172
49184,0.07860607653856277
49216,0.07334399223327637
49328,0.07629411667585373
49440,0.08969796448945999
49456,0.0749741643667221
49632,0.06078075245022774
49680,0.06742291897535324
49952,0.08700952678918839
50112,0.07443584501743317
50320,0.05379599705338478
50320,0.07875766605138779
50320,0.0882289707660675
50352,0.08048185706138611
50480,0.08130649477243423
50576,0.07682430744171143
50672,0.06407570093870163
50944,0.05757444351911545
50976,0.07694380730390549
50976,0.059961698949337006
51024,0.08475138992071152
51248,0.07587291300296783
51360,0.06885486841201782
51584,0.06222395971417427
51600,0.09116262197494507
51776,0.07993825525045395
51776,0.07327631860971451
51792,0.07884830981492996
51872,0.051387857645750046
52032,0.06493104994297028
52096,0.07547585666179657
52112,0.07580401003360748
52208,0.05854277312755585
52288,0.10486710071563721
52320,0.10910850763320923
52384,0.06652853637933731
52464,0.09714177995920181
52512,0.059549730271101
52576,0.07056868076324463
52688,0.05570773407816887
52768,0.07981090992689133
52912,0.06934379786252975
53088,0.07419275492429733
53184,0.08853083848953247
53232,0.07651302963495255
53264,0.08256407827138901
53264,0.08003683388233185
53296,0.06972198188304901
53520,0.07413758337497711
53568,0.07728258520364761
53680,0.06047165021300316
53712,0.06163286045193672
53712,0.07617733627557755
53728,0.09609323740005493
53984,0.06414395570755005
54144,0.07827763259410858
54336,0.09117402881383896
54352,0.08504553884267807
54400,0.08500129729509354
54416,0.0850859209895134
54448,0.06536929309368134
54544,0.07400675863027573
54624,0.06934424489736557
54656,0.08005093038082123
54752,0.08669820427894592
54848,0.07608015090227127
54928,0.0783500149846077
54976,0.08517094701528549
55040,0.06831678003072739
55088,0.07207129150629044
55120,0.07263053208589554
55168,0.0706997662782669
55168,0.08497896045446396
55264,0.09725120663642883
55360,0.10051234066486359
55504,0.09845656901597977
55520,0.07674869894981384
55696,0.042885005474090576
55728,0.08541540801525116
55760,0.065311498939991
55792,0.08502030372619629
55824,0.06594759970903397
55840,0.07071036845445633
55920,0.07624464482069016
56016,0.06408246606588364
56096,0.08912484347820282
56128,0.09998476505279541
56144,0.059146467596292496
56192,0.06712385267019272
56560,0.09592807292938232
56624,0.07343509793281555
56688,0.09502631425857544
56784,0.07051034271717072
56848,0.0787217766046524
56864,0.06453421711921692
57056,0.08568745851516724
57072,0.07426175475120544
57104,0.0834166407585144
57136,0.08149580657482147
57280,0.08511944860219955
57408,0.0650990903377533
57552,0.07885894924402237
57568,0.08454317599534988
57664,0.07825418561697006
57760,0.06266874819993973
57872,0.07420837134122849
58064,0.07131816446781158
58192,0.06130582466721535
58256,0.059463463723659515
58480,0.08919055014848709
58496,0.07558584213256836
58544,0.059888239949941635
58656,0.07109921425580978
58848,0.09457924962043762
58896,0.07027620822191238
58960,0.05584178492426872
59184,0.07793251425027847
59216,0.08319153636693954
59312,0.09555064141750336
59344,0.08013695478439331
59568,0.0772637352347374
59600,0.07994768023490906
59680,0.10117051005363464
59696,0.07612499594688416
60368,0.08164723962545395
60384,0.06178096681833267
60400,0.07494581490755081
60416,0.08429242670536041
60512,0.08571983128786087
60544,0.0633513480424881
60624,0.06465519964694977
60816,0.05203887075185776
60832,0.0780453011393547
60848,0.09874362498521805
60864,0.0708819031715393
60912,0.0788717269897461
60944,0.06469452381134033
60960,0.0931142047047615
61200,0.050429992377758026
61216,0.07124390453100204
61216,0.08075528591871262
61344,0.07006537914276123
61440,0.07960163801908493
61776,0.08789430558681488
61936,0.05982034653425217
62000,0.06423641741275787
62048,0.10499799251556396
62096,0.07594810426235199
62144,0.08353511989116669
62336,0.07263105362653732
62368,0.07423796504735947
62496,0.0616123303771019
62512,0.06365927308797836
62560,0.09483881294727325
62784,0.07960882782936096
62928,0.09773512929677963
63056,0.08147761970758438
63232,0.10151033848524094
63264,0.07418268918991089
63344,0.07364176213741302
63520,0.06399060785770416
63824,0.07210881263017654
63872,0.09112028032541275
63872,0.07917246967554092
63872,0.06284087151288986
63920,0.06644235551357269
64048,0.05281835049390793
64224,0.0836021676659584
64224,0.06425981968641281
64256,0.10648209601640701
64384,0.05394573509693146
64416,0.07299664616584778
64560,0.07371523231267929
64816,0.09628330916166306
64864,0.062006380409002304
64880,0.07425066083669662
65248,0.09690386801958084
65248,0.06631968915462494
65328,0.10502710193395615
65360,0.0741652250289917
65392,0.08193937689065933
65552,0.0637897402048111
65600,0.07245403528213501
65616,0.06581979990005493
65632,0.09851671010255814
65952,0.0856899619102478
66032,0.07912898063659668
66128,0.0644960105419159
66128,0.08219224214553833
66192,0.07465143501758575
66272,0.060857389122247696
66368,0.06755945086479187
66480,0.07613392919301987
66528,0.08242692053318024
66624,0.08247102051973343
66656,0.06742638349533081
66672,0.08206462115049362
66832,0.06418129056692123
66912,0.06859792023897171
66992,0.0664200708270073
67072,0.067606620490551
67104,0.05205360800027847
67376,0.07762163132429123
67440,0.06975961476564407
67456,0.06100422143936157
67504,0.07871568202972412
67536,0.054473552852869034
67536,0.11343663930892944
67552,0.07493907958269119
67744,0.0583835169672966
67760,0.07718838006258011
67952,0.10559709370136261
68032,0.08171215653419495
68176,0.07353191822767258
68208,0.09346867352724075
68304,0.061381470412015915
68352,0.06816700100898743
68368,0.07060303539037704
68656,0.08059421181678772
68672,0.08773159980773926
68688,0.10489903390407562
68752,0.0731770396232605
68928,0.0753994882106781
68960,0.06447097659111023
69040,0.08312563598155975
69056,0.07345115393400192
69104,0.06937499344348907
69376,0.07735858857631683
69424,0.07157111167907715
69440,0.0834357962012291
69520,0.08754859864711761
69648,0.08002199977636337
69680,0.06334041059017181
69872,0.05906191095709801
69904,0.0873403400182724
69936,0.07542107254266739
69952,0.059636443853378296
70096,0.09237172454595566
70336,0.09442654252052307
70432,0.0734039917588234
70512,0.08905349671840668
70624,0.09104867279529572
70704,0.054951515048742294
70800,0.05855466052889824
70992,0.0473693422973156
71024,0.06469886004924774
71072,0.08859405666589737
71104,0.035664867609739304
71216,0.08560080081224442
71216,0.08250303566455841
71328,0.08563173562288284
71472,0.10027909278869629
71504,0.07311026751995087
71568,0.07629026472568512
71568,0.06607979536056519
71616,0.05659765005111694
71664,0.07386497408151627
71680,0.05864209681749344
71984,0.0742684006690979
72048,0.08512286096811295
72048,0.08294815570116043
72064,0.06707672029733658
72528,0.05443421006202698
72640,0.0608111210167408
72704,0.08175791054964066
72800,0.11141088604927063
72800,0.0748368501663208
72816,0.06267648935317993
72944,0.09123942255973816
72976,0.056409187614917755
73088,0.06980308890342712
73408,0.064209945499897
73552,0.07863850891590118
73568,0.08795963227748871
73648,0.08503860980272293
73936,0.08269193023443222
73952,0.08158153295516968
73984,0.06129191815853119
74384,0.06405022740364075
74480,0.08627139031887054
74544,0.05339748412370682
74576,0.07205215096473694
74592,0.053769953548908234
74608,0.06428232043981552
74784,0.07077085226774216
74976,0.08402618765830994
75024,0.06584174185991287
75136,0.06113652139902115
75216,0.057521939277648926
75696,0.0566193088889122
75712,0.0945749282836914
75776,0.08596421778202057
75936,0.07433748245239258
75936,0.09249864518642426
76432,0.04956160485744476
76736,0.07603286951780319
76832,0.07648927718400955
77056,0.06642340868711472
77104,0.0727185308933258
77184,0.055990152060985565
77200,0.07884088903665543
77264,0.06461313366889954
77392,0.09365356713533401
77456,0.07773108035326004
77504,0.07338978350162506
77552,0.05749769136309624
77936,0.0829106941819191
78272,0.06805593520402908
78352,0.1141904667019844
78656,0.08351301401853561
78672,0.07417314499616623
78976,0.065423384308815
79024,0.05330359563231468
79120,0.08518799394369125
79120,0.08072548359632492
79136,0.0923059731721878
79312,0.06492741405963898
79424,0.10624288767576218
79440,0.06689569354057312
79568,0.08184165507555008
79632,0.08722005784511566
79840,0.07539927214384079
79888,0.06415358930826187
79952,0.07344917207956314
80176,0.09198351949453354
80256,0.0748906210064888
80336,0.05735770985484123
80416,0.0629272609949112
80432,0.09227202087640762
80432,0.0775231197476387
80640,0.10455083101987839
80672,0.074103444814682
80768,0.06456305831670761
80896,0.09628414362668991
80992,0.08130195736885071
81072,0.08971807360649109
81168,0.05964097008109093
81184,0.08914826065301895
81632,0.061864327639341354
81840,0.07516936212778091
82032,0.09197945892810822
82064,0.09061465412378311
82400,0.07561126351356506
82480,0.10024750232696533
82512,0.07134276628494263
82576,0.06512972712516785
82736,0.07893874496221542
82832,0.0803932398557663
82928,0.05583152174949646
82992,0.077274851500988
83072,0.08059222996234894
83168,0.09623111039400101
83232,0.11734800785779953
83232,0.07731343805789948
83328,0.06912480294704437
83584,0.07892128080129623
83632,0.07594109326601028
83648,0.0787745788693428
83664,0.0679362416267395
83712,0.07217337936162949
84080,0.06800083816051483
84128,0.08653117716312408
84224,0.1056203693151474
84272,0.09272351115942001
84448,0.10308312624692917
84496,0.10208210349082947
84512,0.07329432666301727
84608,0.0819467157125473
84816,0.07421416789293289
84816,0.07643981277942657
84880,0.07864825427532196
84896,0.0762445256114006
85200,0.07798956334590912
85200,0.10748905688524246
85408,0.08631647378206253
85424,0.06968657672405243
85632,0.07108588516712189
85632,0.08184315264225006
85696,0.10358697175979614
85792,0.07414226233959198
85952,0.08139452338218689
86304,0.07400117069482803
86320,0.060640159994363785
86368,0.07716770470142365
86480,0.08195318281650543
86576,0.08441973477602005
86832,0.08660750836133957
87184,0.06725551933050156
87248,0.10523899644613266
87344,0.08638545870780945
87456,0.07735122740268707
87632,0.09668537974357605
87664,0.08676332980394363
87664,0.08657240867614746
87952,0.07489094883203506
88048,0.10319619625806808
88240,0.06798435002565384
88288,0.05623716115951538
88352,0.07493104785680771
88496,0.08959855139255524
88560,0.07185140997171402
88640,0.09484527260065079
88640,0.08032909035682678
88656,0.06633138656616211
88752,0.08858881890773773
88800,0.1187279149889946
88832,0.05734581500291824
88928,0.1012372300028801
89312,0.07510922104120255
89392,0.06655394285917282
89648,0.09649060666561127
89808,0.08441445976495743
90128,0.08787496387958527
90384,0.07502853870391846
90416,0.06177418678998947
90448,0.08806879818439484
90544,0.0695544183254242
90864,0.07889540493488312
91088,0.07939624041318893
91376,0.07962213456630707
91392,0.06186063960194588
91424,0.09115485846996307
91888,0.10681524872779846
91904,0.0799969807267189
92144,0.09097842872142792
92336,0.06076652184128761
92560,0.07845877856016159
92608,0.08880878239870071
92640,0.09451620280742645
92720,0.07700106501579285
92896,0.09073098003864288
92896,0.08424331992864609
92896,0.08025483042001724
93104,0.09608197957277298
93200,0.08041838556528091
93472,0.06969688832759857
93616,0.07941219955682755
93632,0.10781734436750412
93648,0.07295355945825577
93680,0.0812847763299942
93680,0.05547153577208519
93792,0.07580433785915375
94112,0.0994032695889473
94144,0.0839288979768753
94176,0.08659248054027557
94272,0.0615152046084404
94304,0.0759434849023819
94384,0.06964076310396194
94608,0.09509894996881485
94896,0.07044970244169235
95184,0.10136837512254715
95312,0.07196353375911713
95328,0.07568533718585968
95344,0.08732760697603226
95456,0.06519141793251038
95648,0.0802328810095787
95824,0.1036965399980545
95840,0.059719301760196686
95840,0.08559109270572662
96000,0.08479315787553787
96544,0.0784621313214302
96560,0.08897138386964798
96880,0.08184191584587097
97024,0.09890338778495789
97168,0.1081678569316864
97184,0.07939636707305908
97200,0.0880943015217781
97440,0.07707992196083069
97568,0.09975109994411469
97600,0.06929207593202591
97696,0.08874981850385666
97968,0.10923111438751221
98272,0.09456537663936615
98352,0.09769988059997559
98688,0.09048622101545334
98848,0.10114948451519012
98880,0.07033327221870422
98976,0.07731460779905319
99584,0.09482632577419281
100064,0.0821634978055954
100416,0.09544044733047485
100512,0.07397504895925522
100640,0.09124039113521576
100704,0.07239435613155365
100720,0.09077487885951996
100752,0.06273768842220306
101056,0.06687793880701065
101264,0.08405198156833649
101280,0.0653628408908844
101408,0.0950857549905777
101584,0.07551415264606476
101664,0.0879032090306282
102016,0.07684053480625153
102048,0.05902410298585892
102096,0.0866047814488411
102224,0.0960349291563034
102272,0.06438198685646057
102544,0.10221395641565323
102544,0.06330722570419312
102576,0.07414650917053223
102592,0.07169868052005768
102960,0.09829790890216827
102976,0.08733712881803513
103152,0.0740116611123085
103680,0.09898237884044647
104208,0.07232056558132172
104304,0.07978840172290802
104320,0.10341447591781616
104736,0.07404888421297073
105024,0.08307810872793198
105040,0.08963432908058167
105088,0.09970739483833313
105136,0.07490255683660507
105200,0.1013542041182518
105568,0.07902487367391586
105632,0.06981958448886871
105680,0.0806896910071373
105712,0.0843704491853714
105760,0.07398393005132675
105840,0.09911320358514786
105872,0.0849529281258583
105920,0.07693866640329361
105952,0.07715079933404922
106192,0.06109071522951126
106352,0.05968154966831207
106512,0.08073454350233078
106544,0.09622979909181595
106656,0.10373806953430176
106656,0.1077888235449791
106880,0.09050653129816055
107280,0.0934649333357811
107520,0.0649922639131546
107760,0.08975816518068314
107808,0.10285644233226776
107920,0.08105867356061935
108048,0.10600309818983078
108128,0.08551806956529617
108416,0.11634515225887299
108480,0.09353110939264297
108576,0.10039111226797104
108928,0.10556122660636902
108960,0.10229727625846863
109040,0.06958606094121933
109104,0.08064853399991989
109216,0.09550152719020844
109392,0.08563847839832306
109424,0.09825005382299423
109472,0.10513708740472794
109504,0.06858745962381363
109696,0.07532992213964462
109696,0.08360316604375839
110080,0.07119941711425781
110336,0.0731888934969902
110432,0.07221411913633347
110432,0.07285907119512558
110464,0.10630841553211212
110480,0.08675199002027512
110768,0.05805373191833496
111376,0.091045081615448
111584,0.06498585641384125
111952,0.10055147856473923
112000,0.10003998130559921
112000,0.07626762986183167
112096,0.11258450895547867
112256,0.10290752351284027
112352,0.1032734289765358
112352,0.07744963467121124
112368,0.10338014364242554
112560,0.10122541338205338
112736,0.09970130771398544
112752,0.07366601377725601
112944,0.0943426787853241
113280,0.05954448878765106
113344,0.08359181880950928
113456,0.08003611117601395
113472,0.0982392430305481
113664,0.07254046946763992
114016,0.09698282927274704
114288,0.07728913426399231
114336,0.08699562400579453
114384,0.06985152512788773
114688,0.06411604583263397
114736,0.09563397616147995
115056,0.10111193358898163
115104,0.06746774166822433
115248,0.08265670388936996
115344,0.08439982682466507
115824,0.07087308168411255
115968,0.10819829255342484
115968,0.10407913476228714
116000,0.08803017437458038
116288,0.06635039299726486
116704,0.06829924136400223
116800,0.09265359491109848
117152,0.08553145825862885
117552,0.09852447360754013
117584,0.08044753968715668
117792,0.0844067931175232
117984,0.10750409215688705
118016,0.1046111211180687
118304,0.10572006553411484
118464,0.06413746625185013
118656,0.08017166703939438
118720,0.060086440294981
118912,0.10531587153673172
119152,0.08342213928699493
119392,0.07564450800418854
119824,0.07255005836486816
120224,0.10327515751123428
120256,0.06179022416472435
120384,0.09852840006351471
120432,0.09731865674257278
120512,0.06784661114215851
120528,0.0828380286693573
120544,0.09812280535697937
120816,0.060433391481637955
120896,0.11061663925647736
121248,0.08016131073236465
121296,0.08925796300172806
121392,0.10849982500076294
121440,0.07041091471910477
121552,0.08898349851369858
121808,0.07772979140281677
121968,0.06706494092941284
121984,0.05819249525666237
122160,0.10821089148521423
122224,0.10174139589071274
122320,0.09036701172590256
122496,0.06815576553344727
122688,0.08257712423801422
122768,0.10638593882322311
123008,0.0639730766415596
123104,0.11082828789949417
123104,0.07341191172599792
123216,0.08521536737680435
123376,0.07083621621131897
123584,0.1013500988483429
123600,0.06065663322806358
123760,0.06881516426801682
123856,0.09748531132936478
123872,0.09449868649244308
123888,0.10257670283317566
124144,0.07563123106956482
124576,0.09461944550275803
124800,0.09894336760044098
124960,0.0799296423792839
125136,0.09401820600032806
125152,0.12199502438306808
125424,0.09744108468294144
125888,0.08061613142490387
126000,0.10403472185134888
126304,0.057742685079574585
127040,0.08055457472801208
127552,0.07542344182729721
127728,0.06537419557571411
127840,0.11194748431444168
128128,0.10512513667345047
128176,0.08717013150453568
128432,0.12129604816436768
128560,0.10241597890853882
128960,0.09580496698617935
128976,0.094081349670887
128992,0.09706386923789978
129136,0.08522892743349075
129200,0.10418293625116348
129344,0.10242211073637009
129360,0.06601708382368088
129360,0.07485171407461166
129808,0.09259786456823349
129904,0.10437283664941788
130144,0.10682103782892227
130672,0.08749718219041824
131072,0.09720566868782043
131104,0.10097319632768631
131472,0.10408623516559601
131696,0.10451410710811615
131728,0.05417877808213234
132368,0.11772043257951736
132400,0.10662800073623657
132432,0.07649854570627213
132544,0.1059345006942749
133104,0.09982486814260483
133968,0.10207855701446533
134032,0.08427103608846664
134096,0.10507293045520782
134176,0.12020862102508545
134304,0.09636695683002472
134720,0.10753079503774643
134864,0.07226244360208511
135264,0.07550998777151108
135680,0.10652855038642883
136720,0.10660865902900696
136944,0.10133152455091476
137104,0.07212718576192856
137216,0.09803731739521027
137584,0.09971185773611069
137936,0.10601549595594406
138000,0.0756874680519104
138064,0.09165652096271515
138080,0.11425826698541641
138288,0.08205769211053848
138304,0.09379266947507858
138592,0.05795698240399361
138608,0.09384434670209885
138704,0.09164387732744217
139040,0.09257989376783371
139328,0.08767658472061157
139360,0.08081559091806412
139376,0.095278799533844
139472,0.09543290734291077
139744,0.08449781686067581
139888,0.06824828684329987
139984,0.06916610896587372
140112,0.08795551210641861
140192,0.11246033757925034
140208,0.0943247526884079
140256,0.0675114318728447
140384,0.10735360532999039
140432,0.10247083008289337
140480,0.10068070143461227
140512,0.09288898855447769
141216,0.10315157473087311
141488,0.09456128627061844
141648,0.1109074279665947
141728,0.09835854917764664
141840,0.10010185092687607
141952,0.10579420626163483
142096,0.10946835577487946
142224,0.08425375819206238
142784,0.11217149347066879
143200,0.10695885121822357
143392,0.09531527757644653
143680,0.10408245027065277
143808,0.09235545992851257
143984,0.11220953613519669
144288,0.10173728317022324
144880,0.09016896784305573
145232,0.08382903039455414
145248,0.08732056617736816
145648,0.07609160989522934
145808,0.11834029853343964
146128,0.11913388222455978
146384,0.10517135262489319
146384,0.09239742159843445
146480,0.1075807735323906
146528,0.08161773532629013
146528,0.07907331734895706
146880,0.07971426844596863
147120,0.07670293748378754
147600,0.09220362454652786
147744,0.07779016345739365
148464,0.10929249227046967
149440,0.08530772477388382
149760,0.09957130998373032
149904,0.1065998375415802
149936,0.09440049529075623
150096,0.10711955279111862
150256,0.0718153715133667
151008,0.09967844188213348
151008,0.1115340143442154
151040,0.09196735173463821
151168,0.10942332446575165
151216,0.11713350564241409
151360,0.0782223790884018
151552,0.09076627343893051
151648,0.09059521555900574
151680,0.09943822771310806
151792,0.0997212752699852
151920,0.1199086382985115
152080,0.07289484143257141
152384,0.11036361753940582
152512,0.10953209549188614
152624,0.08925195783376694
152896,0.09406445175409317
153024,0.09523745626211166
153584,0.10380002856254578
153600,0.0600932240486145
153664,0.10608219355344772
153680,0.09052164852619171
154224,0.08335211127996445
154320,0.09718047827482224
155088,0.09380113333463669
155184,0.1119285449385643
155408,0.08910117298364639
155440,0.08525512367486954
155856,0.11360150575637817
155952,0.08450081199407578
156144,0.08593389391899109
156624,0.06036172807216644
156848,0.10461343824863434
156944,0.11458935588598251
157136,0.0869729146361351
157200,0.10343795269727707
157584,0.07542120665311813
158416,0.07643188536167145
158752,0.08277472853660583
158928,0.107728511095047
160272,0.09147752076387405
160448,0.08083385974168777
161168,0.09726893901824951
161696,0.10490228980779648
161904,0.10294391959905624
162000,0.09295184910297394
162768,0.10874160379171371
162832,0.10424096137285233
163104,0.1103503629565239
163424,0.07425649464130402
163472,0.1043049693107605
163792,0.10244995355606079
163904,0.10526176542043686
164128,0.0626770406961441
164656,0.10103888064622879
164704,0.11365840584039688
165136,0.11182578653097153
165184,0.10317660868167877
165232,0.08145640045404434
165888,0.08415715396404266
166000,0.10166610032320023
166416,0.10216329246759415
166544,0.08421768248081207
166560,0.06674160808324814
166576,0.10667454451322556
166688,0.1055123507976532
166736,0.09516192972660065
166736,0.11812915652990341
167264,0.09460622072219849
167312,0.10994776338338852
168320,0.10333389043807983
168512,0.09908915311098099
168528,0.11273525655269623
168640,0.11028733104467392
168848,0.12156207114458084
169232,0.10358113050460815
169520,0.08196602016687393
169744,0.1037498265504837
169952,0.09852320700883865
170112,0.09448625892400742
171584,0.09909571707248688
171792,0.0950494036078453
171984,0.0826549157500267
172128,0.11316991597414017
172320,0.08465386927127838
172688,0.1161094605922699
173152,0.10171271115541458
173344,0.1132517084479332
173424,0.1024734377861023
173648,0.11322135478258133
173760,0.11686929315328598
174096,0.11537756770849228
174560,0.08161410689353943
174912,0.09005912393331528
174912,0.12129049748182297
175344,0.09386996179819107
175840,0.09759153425693512
176208,0.12012489140033722
176784,0.0962061658501625
176896,0.07815797626972198
177248,0.12141656130552292
177696,0.11872812360525131
177952,0.11474986374378204
178256,0.10129036754369736
178864,0.08084437996149063
179072,0.1000785157084465
179264,0.10388120263814926
179392,0.1067856177687645
179904,0.11927923560142517
180144,0.08571954071521759
180656,0.09498728811740875
180880,0.0753660723567009
181792,0.09263411164283752
182976,0.10883484780788422
183936,0.10085710138082504
184048,0.1136246994137764
184240,0.07802548259496689
184368,0.06886789202690125
184432,0.1100836917757988
184752,0.07655484974384308
185136,0.1011260449886322
185168,0.09385388344526291
185456,0.07424881309270859
185952,0.11508303880691528
185984,0.08938470482826233
186128,0.11222440749406815
186432,0.09561667591333389
186528,0.10171964764595032
187312,0.10128658264875412
187552,0.08908477425575256
188672,0.10782171785831451
188720,0.08908921480178833
188752,0.1030244529247284
188960,0.09926975518465042
190112,0.08351472020149231
190160,0.10513070970773697
190912,0.1117580384016037
191280,0.09647123515605927
192288,0.12714646756649017
192432,0.0919872373342514
192768,0.11333128809928894
192832,0.10827139765024185
193056,0.11544989794492722
193680,0.09728693217039108
194224,0.08193808794021606
194304,0.11824589967727661
194352,0.07505106180906296
194960,0.11123324185609818
195136,0.09474097192287445
195216,0.0914304181933403
195600,0.08688363432884216
196960,0.0991055965423584
197168,0.10575070977210999
197296,0.08037718385457993
197456,0.10414945334196091
197552,0.09214809536933899
197712,0.0837678462266922
197776,0.10286810994148254
199216,0.09987305104732513
199312,0.11721184849739075
200336,0.0944824367761612
200592,0.12316986173391342
202512,0.06442016363143921
202752,0.10291522741317749
203328,0.06929203867912292
203648,0.08103049546480179
203664,0.10649360716342926
203744,0.10072170197963715
203824,0.11356895416975021
203888,0.10523428022861481
204080,0.11531276255846024
204384,0.09404291957616806
204816,0.10285688191652298
205072,0.09473848342895508
205104,0.08755166828632355
205120,0.11926437169313431
205728,0.10579393804073334
206624,0.10892336070537567
208288,0.09109771996736526
209136,0.10633588582277298
209680,0.07639330625534058
209712,0.0750914216041565
210224,0.08038201183080673
210304,0.10036187618970871
210384,0.09785912930965424
210848,0.11310417205095291
211280,0.09537682682275772
211296,0.0916208028793335
211552,0.1030091717839241
211776,0.1093740314245224
211840,0.08295930922031403
212368,0.06841221451759338
212624,0.11191659420728683
212704,0.10182628035545349
212944,0.08933579176664352
213344,0.09712155163288116
213664,0.12329960614442825
214000,0.1059386134147644
214048,0.10461153835058212
214080,0.09126037359237671
214880,0.10108757764101028
214928,0.11701635271310806
215040,0.11427585780620575
215088,0.10482640564441681
215632,0.10695400834083557
216048,0.10674352198839188
217360,0.11446237564086914
217552,0.12524834275245667
218656,0.11959166824817657
218976,0.07411759346723557
219024,0.09961652755737305
219088,0.09251205623149872
219216,0.11318548023700714
219264,0.11771880090236664
220464,0.10323991626501083
221568,0.11885044723749161
221824,0.11428956687450409
222000,0.10096484422683716
222112,0.10379620641469955
222384,0.10678119957447052
222448,0.10993487387895584
222672,0.11621113121509552
222864,0.08348526805639267
224160,0.1197630912065506
224224,0.09341380000114441
224240,0.10346031188964844
225120,0.11274076998233795
225168,0.10026855766773224
225376,0.11325322091579437
225472,0.12283027172088623
225888,0.08889961987733841
225936,0.10250535607337952
226624,0.09617117792367935
226640,0.12170567363500595
227216,0.06934195011854172
227472,0.0977831706404686
227808,0.10795566439628601
228432,0.09678548574447632
228608,0.0967724397778511
229168,0.11512917280197144
230144,0.10733696073293686
230432,0.10080009698867798
230784,0.11063162237405777
230864,0.11246863007545471
231648,0.1283905953168869
231712,0.12047494947910309
233408,0.10590724647045135
233456,0.11547695100307465
233472,0.09605769068002701
233712,0.09767745435237885
234032,0.1185956820845604
234048,0.07484053075313568
234096,0.11192437261343002
234448,0.12560045719146729
234448,0.06193764507770538
234480,0.08689408749341965
234496,0.10084421932697296
234784,0.08696441352367401
234816,0.08257130533456802
235360,0.11243395507335663
235440,0.1112181693315506
236976,0.11761784553527832
237248,0.10984162241220474
238320,0.1141347661614418
238928,0.12094538658857346
239968,0.10096298903226852
240416,0.09971678256988525
240608,0.10805889219045639
240800,0.11992232501506805
241040,0.04735739901661873
241184,0.12086977809667587
241824,0.12250681221485138
241904,0.12075880169868469
242208,0.09209004789590836
242640,0.12078943848609924
242720,0.11354758590459824
243104,0.10064677894115448
243280,0.11879634112119675
243344,0.11028119176626205
243568,0.12166798859834671
243760,0.10628927499055862
244240,0.12059183418750763
244352,0.124785415828228
245488,0.10799989104270935
246000,0.11401930451393127
246592,0.10187795013189316
246992,0.0981314480304718
247296,0.11085884273052216
249024,0.09239237755537033
249456,0.1161351352930069
249488,0.06769069284200668
250576,0.11678808927536011
250720,0.12418938428163528
250912,0.11026762425899506
251552,0.1000310555100441
252112,0.11387548595666885
252192,0.11873982101678848
252688,0.05831604450941086
253168,0.11619683355093002
253280,0.1040700227022171
254112,0.10025794804096222
254608,0.10306525230407715
254736,0.11216060817241669
255344,0.11666037142276764
255376,0.10414621978998184
255616,0.11236581951379776
256688,0.12346886843442917
257216,0.09080099314451218
257792,0.11963863670825958
258224,0.1185225173830986
259360,0.11114226281642914
260848,0.11313517391681671
261216,0.1256919801235199
261440,0.11977172642946243
261552,0.12367236614227295
262416,0.12473531812429428
262576,0.06186743453145027
262848,0.12507759034633636
263088,0.1218535304069519
263504,0.11071509122848511
263680,0.10023380815982819
263744,0.10664157569408417
263856,0.1033397763967514
265408,0.1211850494146347
265456,0.1140674576163292
266032,0.07432539761066437
266528,0.11359378695487976
266592,0.08827504515647888
267024,0.12608927488327026
267168,0.10220636427402496
267952,0.11447130888700485
268256,0.11637622117996216
268448,0.12067177146673203
268816,0.10434763878583908
269712,0.11997463554143906
269936,0.10013081878423691
270208,0.11304470896720886
270656,0.10980618000030518
271120,0.09214356541633606
271888,0.12089983373880386
272112,0.11501166969537735
272288,0.12111974507570267
272656,0.12120447307825089
273024,0.10886009782552719
273312,0.12459972500801086
273312,0.12803727388381958
273520,0.11440848559141159
274160,0.12082372605800629
274720,0.11857414990663528
275296,0.10207272320985794
275440,0.122506283223629
276880,0.12206373363733292
277136,0.10915134102106094
277376,0.11710354685783386
277776,0.09972383826971054
277904,0.1075536385178566
278432,0.1254987120628357
279200,0.12288191169500351
279440,0.11976354569196701
279584,0.120089091360569
279728,0.1030174195766449
281360,0.12070364505052567
282336,0.09746532887220383
284496,0.11627668142318726
284976,0.10997329652309418
284992,0.12114568799734116
285280,0.0953308641910553
285568,0.09440850466489792
286624,0.12213954329490662
287392,0.10921001434326172
287600,0.09395229816436768
288160,0.11397995054721832
288176,0.10489865392446518
288512,0.12857213616371155
290032,0.1259365826845169
290144,0.12169279903173447
290544,0.08122361451387405
290624,0.1237129271030426
290928,0.12933513522148132
291728,0.12594109773635864
292784,0.12698350846767426
293728,0.12369876354932785
294112,0.10039317607879639
294912,0.1179744303226471
295152,0.11566796898841858
296320,0.1270620971918106
297104,0.11438564211130142
297520,0.11789728701114655
298208,0.08548198640346527
298736,0.12832346558570862
299648,0.10965579003095627
299696,0.058438509702682495
300000,0.11748579144477844
300416,0.11766807734966278
300960,0.1222791001200676
302144,0.11881796270608902
302192,0.11245831847190857
302288,0.12182877212762833
302672,0.1071866974234581
303008,0.06947944313287735
304176,0.10688481479883194
304576,0.11592107266187668
305824,0.11635830253362656
306320,0.11758143454790115
307632,0.12265552580356598
307968,0.08713697642087936
308832,0.11750594526529312
308992,0.09875985980033875
309328,0.12271739542484283
309792,0.12471824139356613
309920,0.12548619508743286
310720,0.08814513683319092
311072,0.0834372416138649
311360,0.10580305010080338
312384,0.1264239251613617
312400,0.12413806468248367
312544,0.1195886880159378
312960,0.12093512713909149
313392,0.09872537106275558
313424,0.1110963374376297
313440,0.09676963090896606
314576,0.09117477387189865
314688,0.12127011269330978
315008,0.11153881251811981
315552,0.07951254397630692
316112,0.1238807737827301
316432,0.11747341603040695
317072,0.10199017077684402
317280,0.11563537269830704
317760,0.11642874777317047
317904,0.11261503398418427
318256,0.07773146778345108
320272,0.09111770242452621
320992,0.11922803521156311
321440,0.12762783467769623
322752,0.12329433858394623
323424,0.11358711123466492
324064,0.11432349681854248
324128,0.12322193384170532
325376,0.12467760592699051
326432,0.11962258070707321
326576,0.10769128054380417
326832,0.11914071440696716
328016,0.12668508291244507
328752,0.11934832483530045
329040,0.11459015309810638
330032,0.12570326030254364
330304,0.10756465792655945
330416,0.10697668045759201
331088,0.1066037192940712
331856,0.11504591256380081
331920,0.07706751674413681
332336,0.1171061247587204
334000,0.12541207671165466
334336,0.1094609797000885
334576,0.09260539710521698
334800,0.10027001053094864
334800,0.06644779443740845
334816,0.11822788417339325
334976,0.11834580451250076
335152,0.10208751261234283
335536,0.116961270570755
335872,0.12071339040994644
335920,0.10151204466819763
336304,0.10454712808132172
336960,0.11629916727542877
337376,0.11757504194974899
337776,0.10921911895275116
337888,0.11996270716190338
338592,0.1234680786728859
339936,0.08301324397325516
340608,0.09852348268032074
341168,0.11594446748495102
342064,0.12254193425178528
342256,0.11822991818189621
343088,0.11469530314207077
343488,0.1079421266913414
344144,0.12209213525056839
344208,0.11616367846727371
344464,0.12380710989236832
345552,0.1023314893245697
345664,0.09348112344741821
345696,0.1285979002714157
345952,0.12147323787212372
346688,0.12212945520877838
347168,0.1204662024974823
347664,0.10790055245161057
347696,0.12034396082162857
348384,0.12289267778396606
348640,0.10694094747304916
349168,0.11969666182994843
349872,0.11838092654943466
350864,0.09725983440876007
352352,0.10993804037570953
354016,0.12300047278404236
354096,0.12145642191171646
354848,0.09821055829524994
354960,0.12249951809644699
355424,0.12120547145605087
355440,0.1185811385512352
355664,0.12475533783435822
355872,0.11136318743228912
357888,0.12918443977832794
357952,0.12098526954650879
358544,0.11769458651542664
359664,0.068687304854393
359872,0.11317821592092514
360864,0.10455621033906937
361680,0.12316364794969559
361792,0.1142464280128479
362432,0.09463328123092651
362816,0.10474402457475662
362896,0.12119018286466599
363232,0.12096121162176132
363280,0.10241364687681198
363456,0.10628708451986313
364672,0.1026984378695488
364800,0.12696191668510437
364880,0.11440099030733109
365440,0.11632274836301804
366256,0.1192113384604454
367232,0.11619488149881363
367248,0.08451099693775177
367472,0.11580385267734528
368224,0.11602634191513062
368320,0.10266149044036865
368864,0.12696819007396698
369344,0.12101006507873535
369808,0.09716116636991501
370272,0.12171328812837601
370832,0.11030375212430954
371760,0.11516092717647552
372272,0.10598322004079819
372528,0.11416473984718323
372624,0.12954162061214447
372720,0.11330397427082062
372944,0.10312847048044205
373424,0.11941871792078018
375984,0.12007103860378265
376064,0.11486963927745819
376064,0.11411415040493011
376560,0.11811913549900055
376816,0.06866445392370224
377024,0.1113920584321022
378000,0.11828847974538803
379616,0.12424448132514954
379648,0.11149751394987106
380160,0.12104729562997818
380192,0.11787004768848419
381104,0.12419656664133072
381552,0.1243312880396843
382640,0.12628746032714844
383200,0.11405663937330246
383216,0.12544898688793182
383744,0.07409290224313736
383776,0.12036982923746109
384064,0.10904677957296371
385264,0.11847677081823349
386224,0.12407045066356659
386544,0.09492002427577972
386640,0.10535237938165665
386768,0.11327020823955536
386832,0.1218448206782341
386832,0.11780322343111038
387296,0.08662640303373337
387632,0.10214471817016602
387984,0.1120937392115593
388160,0.11153427511453629
389216,0.10411775857210159
389936,0.12057825177907944
390656,0.10917042195796967
390864,0.1079767718911171
391568,0.09964197129011154
392032,0.11665692180395126
393152,0.11636446416378021
393904,0.11118225753307343
394384,0.1253463625907898
395632,0.12102500349283218
395664,0.10544971376657486
397520,0.12157174944877625
398864,0.12699401378631592
399296,0.11979503929615021
399680,0.0995708480477333
400848,0.11872891336679459
401136,0.12366916239261627
403152,0.12093345820903778
403264,0.12112299352884293
403968,0.08873309940099716
404432,0.10838508605957031
404992,0.1099039763212204
405584,0.08576051145792007
406592,0.1127464771270752
406656,0.11455398052930832
407024,0.1059098020195961
407360,0.1264714151620865
408016,0.1232096329331398
408272,0.11241529136896133
408720,0.09189771860837936
408912,0.10554123669862747
409264,0.11279091238975525
409264,0.08791240304708481
409344,0.115555539727211
409568,0.10074050724506378
410304,0.12360987067222595
410944,0.0765206441283226
411008,0.09439889341592789
411728,0.10939835011959076
411776,0.11612772941589355
411792,0.12191412597894669
411888,0.11045476049184799
411968,0.09522255510091782
412944,0.09832068532705307
413536,0.11096087098121643
413808,0.1182992234826088
414496,0.12024330347776413
414512,0.12187038362026215
415424,0.11678019165992737
416448,0.118878073990345
417440,0.12483687698841095
417984,0.10877174139022827
417984,0.1074538379907608
418080,0.12307672947645187
418256,0.08413133025169373
419392,0.11471591144800186
419456,0.12673264741897583
420832,0.11598753929138184
421552,0.1209745854139328
421568,0.1263115257024765
422480,0.1252414882183075
422496,0.11116643995046616
422592,0.11665298789739609
423168,0.11249136179685593
423392,0.10226669907569885
424240,0.11900996416807175
424304,0.1017092615365982
425040,0.1229444369673729
425056,0.12616434693336487
426304,0.1219702661037445
426928,0.1199602410197258
427216,0.12349800020456314
427616,0.07715395092964172
427872,0.12690897285938263
428384,0.1068970188498497
429536,0.1183372288942337
430160,0.09188085794448853
430624,0.11780034005641937
430864,0.11594593524932861
431184,0.12543655931949615
431520,0.11489148437976837
432352,0.12303368002176285
432928,0.11690323054790497
432928,0.10077885538339615
433024,0.1219516322016716
433264,0.11539483815431595
433424,0.11438062787055969
434464,0.12096928060054779
434912,0.11668460816144943
435648,0.12000959366559982
436448,0.1316765546798706
437200,0.1180325374007225
437280,0.1148204356431961
437552,0.08221977204084396
438096,0.12506483495235443
438640,0.11139347404241562
439072,0.11459066718816757
439120,0.09790564328432083
439568,0.12024994194507599
440064,0.10041145980358124
441712,0.11899436265230179
441824,0.10384322702884674
442384,0.11888709664344788
442704,0.0918130874633789
442736,0.11856307089328766
444048,0.07978692650794983
444304,0.11730800569057465
444384,0.10216136276721954
446336,0.11785604804754257
446384,0.11495640873908997
446800,0.09947355836629868
447280,0.12432338297367096
447856,0.10973185300827026
448016,0.10650983452796936
448368,0.10105892270803452
449120,0.10099147260189056
449312,0.09342310577630997
449968,0.12058321386575699
450304,0.11755769699811935
451424,0.09921141713857651
451504,0.09797155857086182
451520,0.11460715532302856
451904,0.12286078929901123
452208,0.12168483436107635
452432,0.1030401661992073
452768,0.12048373371362686
453152,0.12356448918581009
453488,0.12029790133237839
454224,0.12191678583621979
454960,0.08323746174573898
455856,0.1157059445977211
456160,0.10952330380678177
456288,0.0885080024600029
457264,0.108372263610363
457744,0.12089784443378448
458352,0.11291176825761795
458384,0.12255944311618805
458624,0.12129151821136475
458656,0.12242114543914795
458784,0.11710894107818604
458992,0.10744313150644302
459184,0.09724105894565582
459840,0.10687878727912903
459904,0.12330389022827148
462128,0.12452312558889389
463440,0.1266842782497406
463488,0.08681158721446991
463488,0.09142125397920609
464352,0.11565777659416199
466096,0.10943566262722015
466192,0.11821269243955612
466368,0.08382350206375122
466560,0.1214061751961708
466720,0.11651169508695602
466992,0.12114375084638596
467104,0.12062130123376846
467360,0.12233538925647736
467504,0.09867658466100693
467824,0.11979279667139053
467984,0.1197577565908432
468800,0.09612802416086197
470208,0.11771336197853088
470864,0.12395193427801132
471184,0.11816287785768509
471216,0.1274186372756958
471760,0.10500835627317429
472704,0.07351880520582199
474368,0.10599448531866074
474816,0.09978840500116348
475216,0.1053868979215622
475360,0.11577659100294113
475632,0.08498508483171463
476000,0.10753599554300308
476192,0.10067473351955414
476784,0.13046325743198395
478416,0.12057729810476303
478800,0.11975720524787903
479376,0.11039120703935623
479696,0.12197592854499817
480208,0.12350058555603027
480656,0.09818290174007416
481520,0.10963252931833267
481536,0.10447193682193756
482336,0.10293401032686234
482688,0.10724559426307678
483152,0.12101569771766663
483280,0.1272246390581131
483328,0.11726242303848267
485312,0.10869630426168442
485824,0.11506939679384232
486016,0.12078997492790222
486192,0.0825389176607132
486480,0.11906246095895767
486672,0.11897328495979309
487616,0.09827415645122528
488000,0.11578565090894699
488112,0.11155102401971817
488864,0.11742871254682541
490240,0.11496175825595856
490240,0.12311077117919922
490512,0.12281123548746109
492384,0.11920128762722015
492464,0.09483808279037476
492608,0.10506206750869751
493184,0.11538291722536087
493424,0.10708453506231308
493440,0.12359859049320221
493824,0.12273856997489929
494288,0.1184876561164856
494768,0.11942492425441742
494848,0.11094707995653152
495040,0.11304253339767456
496048,0.1232302188873291
496160,0.11558245867490768
496576,0.10159283876419067
496976,0.12549874186515808
497216,0.12270594388246536
497456,0.098963163793087
498432,0.122940793633461
498720,0.11095041036605835
499216,0.12383957952260971
499232,0.10017432272434235
499424,0.11884919553995132
499488,0.11329273879528046
499904,0.11533346027135849
500304,0.09970930963754654
500992,0.12636025249958038
501920,0.11758860945701599
502336,0.10508160293102264
503040,0.10217716544866562
503264,0.12407708168029785
503520,0.120711550116539
503744,0.08843574672937393
504576,0.12097570300102234
504640,0.12373761087656021
506448,0.10585508495569229
506752,0.12418023496866226
507008,0.1189042404294014
507952,0.09824947267770767
508480,0.12006515264511108
509968,0.11952660232782364
509968,0.12133822590112686
510352,0.12159308046102524
511584,0.11336978524923325
512384,0.12310949712991714
512864,0.11525990813970566
512880,0.10683392733335495
513632,0.11445952206850052
513696,0.11731036007404327
514944,0.09005706012248993
515376,0.12505607306957245
515792,0.11962179839611053
516480,0.12322116643190384
518768,0.11018534004688263
518880,0.11969655752182007
519232,0.12251783162355423
519392,0.12020756304264069
519872,0.10861242562532425
519936,0.09718691557645798
521056,0.0909607782959938
521088,0.09120210260152817
521248,0.10364113003015518
521616,0.12448658794164658
522288,0.12167586386203766
522560,0.12067311257123947
522656,0.10994259268045425
522848,0.12135238200426102
523232,0.12442896515130997
524816,0.11070696264505386
524992,0.11203041672706604
525840,0.10044599324464798
526512,0.12049762904644012
528208,0.12311594188213348
529296,0.114837646484375
529488,0.12566037476062775
529776,0.11762791126966476
529872,0.12373008579015732
530720,0.099237821996212
530976,0.11989954113960266
531808,0.09777353703975677
532800,0.11987392604351044
532864,0.1129872277379036
533088,0.11998294293880463
533456,0.12129626423120499
534512,0.10695206373929977
535456,0.11782357841730118
535776,0.12550269067287445
536256,0.11466225236654282
536928,0.11107612401247025
537104,0.10274417698383331
537312,0.10954894870519638
537744,0.114285409450531
538512,0.09745412319898605
539040,0.12387583404779434
540672,0.12544497847557068
540864,0.09230192750692368
541264,0.09255524724721909
541488,0.12410535663366318
541680,0.10697927325963974
542544,0.11108029633760452
543056,0.10324864089488983
543408,0.11146819591522217
543744,0.09888574481010437
543840,0.09066977351903915
544320,0.10271205753087997
544896,0.10769393295049667
544960,0.10873709619045258
545136,0.11391368508338928
546000,0.09932160377502441
546160,0.1151672750711441
546288,0.10019290447235107
546704,0.08141806721687317
546992,0.12632137537002563
548560,0.11542206257581711
548672,0.11601866781711578
549056,0.1041434034705162
549152,0.11405913531780243
549360,0.10461647808551788
550336,0.10939354449510574
551280,0.10453859716653824
551584,0.10496607422828674
551600,0.10955066978931427
551952,0.12381727248430252
552768,0.08127462863922119
553200,0.09844908863306046
554032,0.10660427808761597
554400,0.08353716135025024
556400,0.1119643822312355
556768,0.09140957146883011
557488,0.1227840930223465
557504,0.09096634387969971
558016,0.11542762815952301
558848,0.1202041283249855
559024,0.11425139755010605
559424,0.11048076301813126
559984,0.122777558863163
560256,0.11125131696462631
560368,0.11603450775146484
560576,0.07325825840234756
560688,0.11808671802282333
561168,0.11589142680168152
561696,0.0868978276848793
561952,0.10685291141271591
562080,0.10792028903961182
562912,0.08803218603134155
563472,0.12115611135959625
563712,0.12435648590326309
563840,0.12247935682535172
564256,0.11121910810470581
564272,0.11481144279241562
564784,0.12716363370418549
564960,0.10356321930885315
565056,0.10658310353755951
565344,0.12085577100515366
565520,0.10440029948949814
565808,0.12185990810394287
567280,0.12224399298429489
568528,0.1089911013841629
568976,0.11708855628967285
569488,0.12011556327342987
569536,0.09494166821241379
569632,0.11817710101604462
570624,0.10027743130922318
570752,0.1126599833369255
570976,0.11227802187204361
571360,0.11736003309488297
572128,0.11114080995321274
572704,0.12433908879756927
573040,0.12124034762382507
573872,0.09660607576370239
574992,0.10831160843372345
576480,0.11890187859535217
576704,0.11148642748594284
577664,0.10141965746879578
577760,0.06955697387456894
578768,0.10921110957860947
578944,0.09795118123292923
578944,0.09446058422327042
581184,0.09596888720989227
581200,0.1226084902882576
581424,0.11113688349723816
581552,0.11085429042577744
581696,0.11385516822338104
582528,0.1257709413766861
583296,0.08769337832927704
583504,0.1271754801273346
584576,0.11105640232563019
584800,0.11708773672580719
584896,0.10555388778448105
586432,0.1246776133775711
587040,0.10807079821825027
587424,0.10530222207307816
587936,0.1260136514902115
588208,0.119782954454422
588368,0.11419329792261124
588560,0.11170641332864761
588720,0.08384256064891815
589328,0.11866641789674759
589616,0.10981865227222443
589680,0.10448255389928818
590176,0.10752346366643906
590384,0.10732940584421158
590768,0.10738154500722885
590848,0.10352637618780136
591328,0.10252761095762253
591408,0.11129394918680191
591952,0.12025416642427444
592688,0.10462873429059982
592928,0.1147710382938385
593440,0.11113019287586212
594848,0.10401303321123123
595008,0.11958584189414978
596000,0.10067861527204514
596288,0.12268073111772537
597648,0.11739572137594223
597744,0.10563627630472183
597808,0.1220315545797348
598368,0.12365860491991043
598864,0.09663298726081848
599568,0.12294547259807587
599600,0.09317167103290558
601200,0.11548325419425964
603488,0.12331341207027435
604416,0.1070701852440834
605008,0.11647601425647736
605408,0.09252580255270004
605568,0.11230506002902985
605648,0.11491400003433228
606944,0.12310688197612762
607152,0.12216096371412277
607200,0.09384899586439133
607296,0.11897876113653183
607648,0.12728101015090942
608992,0.11466079205274582
609120,0.11751531064510345
609168,0.11643107980489731
609184,0.12906765937805176
609440,0.12422040104866028
609664,0.11871469765901566
609952,0.08445838838815689
610464,0.1237230896949768
610672,0.10277459025382996
611600,0.08220811933279037
612256,0.11926918476819992
612448,0.12780477106571198
612672,0.11798770725727081
612960,0.12419617176055908
614256,0.1188349798321724
614640,0.11784860491752625
616272,0.12329050898551941
617488,0.10299821197986603
618736,0.10185188055038452
618784,0.11627473682165146
618880,0.1234724149107933
619248,0.10683732479810715
619408,0.12178932130336761
619568,0.1256302446126938
620016,0.09372580796480179
620784,0.07308762520551682
621152,0.12426212430000305
621248,0.11250786483287811
621600,0.09450646489858627
621872,0.11594652384519577
622192,0.11105972528457642
622512,0.06930100917816162
622928,0.09962594509124756
623456,0.09331680089235306
624032,0.09359882026910782
625120,0.12159384787082672
625984,0.11983196437358856
626032,0.10749804973602295
626208,0.11069145798683167
627056,0.12030547857284546
627104,0.11266522854566574
627280,0.1197788417339325
627568,0.10963096469640732
627920,0.0988447293639183
628224,0.1191634014248848
628464,0.12077533453702927
629840,0.1262015998363495
630544,0.10041128098964691
630912,0.12178275734186172
633248,0.11835593730211258
633664,0.12446033954620361
633904,0.06520600616931915
634336,0.11188842356204987
634512,0.09790213406085968
634608,0.11320847272872925
634672,0.11543286591768265
635360,0.12264057248830795
635376,0.07605418562889099
635392,0.12158865481615067
635616,0.12155038118362427
636624,0.12410421669483185
638000,0.09492863714694977
638256,0.1191929504275322
638288,0.12236738950014114
639040,0.12204694002866745
639808,0.10248734802007675
640000,0.11802161484956741
640160,0.08573753386735916
641040,0.1183554008603096
641472,0.0798301249742508
641584,0.12448843568563461
642432,0.11515138298273087
642624,0.11834508925676346
643296,0.10665321350097656
644912,0.12613540887832642
645008,0.1142386943101883
645056,0.12009122967720032
645152,0.11435330659151077
645392,0.12693443894386292
646144,0.10097141563892365
647072,0.07954870909452438
647568,0.12296734750270844
647632,0.09871843457221985
647728,0.11448153108358383
648384,0.08140147477388382
648896,0.11009670794010162
649104,0.11452510952949524
649392,0.11616702377796173
650256,0.10631290823221207
650496,0.09705045074224472
651424,0.12272388488054276
651648,0.11234098672866821
651792,0.12212637066841125
651872,0.08088897168636322
652464,0.12637020647525787
653360,0.11959628760814667
654304,0.10034891963005066
654352,0.10482341796159744
654464,0.1131596788764
655136,0.12227462977170944
655760,0.11887217313051224
655824,0.11178465932607651
656208,0.12206190079450607
656528,0.10991515964269638
657376,0.09064975380897522
657712,0.09492328763008118
657840,0.10476715862751007
658288,0.11794436722993851
658672,0.10851828008890152
658720,0.1267234832048416
659232,0.12162894010543823
660800,0.11200796067714691
661824,0.11467792838811874
663232,0.1216912567615509
663408,0.13136450946331024
665696,0.12303173542022705
665792,0.12089590728282928
666784,0.12401306629180908
667264,0.09355581551790237
667344,0.11891978234052658
667968,0.10443386435508728
668320,0.11629278212785721
669808,0.11709263920783997
670000,0.1227545216679573
670096,0.11693944782018661
670496,0.0733887329697609
670528,0.12239252030849457
671552,0.11313795298337936
671840,0.08768586814403534
672224,0.06890647858381271
673984,0.1189223900437355
674720,0.1101447269320488
674864,0.12181844562292099
675120,0.1228865310549736
675408,0.10912855714559555
676032,0.11288407444953918
676608,0.12255639582872391
676672,0.1193632259964943
678384,0.12418308109045029
678688,0.12203328311443329
678704,0.12784191966056824
678992,0.1193060427904129
679248,0.11696045100688934
679664,0.10839612782001495
680480,0.11440904438495636
681840,0.11921268701553345
682528,0.12611185014247894
684224,0.1086646318435669
684224,0.11383771896362305
685104,0.11024937033653259
685296,0.1224401593208313
685408,0.12094242870807648
685472,0.11811841279268265
685728,0.11136733740568161
686496,0.10194303095340729
686784,0.10460706800222397
686880,0.11189953982830048
686992,0.07887087017297745
689168,0.113469198346138
689296,0.11893394589424133
690144,0.07920801639556885
690288,0.10164009779691696
690368,0.10733327269554138
690880,0.08414991945028305
691312,0.09538843482732773
691328,0.12151098251342773
691568,0.10120722651481628
692144,0.10155011713504791
692320,0.12048573791980743
693472,0.11449839919805527
693616,0.11699673533439636
693888,0.11994422972202301
694272,0.076682448387146
696800,0.09933625906705856
697104,0.08522141724824905
697200,0.12223776429891586
697904,0.11807474493980408
698176,0.11206967383623123
698208,0.12541848421096802
698400,0.11424798518419266
698592,0.11067286133766174
698608,0.10475441813468933
698912,0.11692005395889282
699248,0.11325764656066895
699392,0.11081080883741379
699840,0.11444998532533646
700672,0.10073394328355789
701472,0.07306823879480362
703568,0.09758488088846207
703904,0.11714345216751099
704416,0.07237029820680618
705312,0.12518933415412903
705984,0.1211046651005745
706240,0.11285887658596039
706544,0.10491961240768433
707056,0.13103614747524261
707648,0.12687763571739197
707728,0.10443662852048874
708944,0.11742015928030014
709056,0.1192316859960556
709680,0.11284728348255157
709776,0.11654500663280487
710144,0.1240675300359726
711248,0.12119323760271072
711952,0.10869942605495453
712864,0.10456950217485428
713392,0.09169938415288925
714960,0.10036716610193253
714992,0.11538264155387878
715328,0.12715685367584229
716208,0.09398471564054489
717424,0.12075918167829514
718784,0.1046452522277832
719184,0.10913342982530594
719600,0.11785245686769485
719808,0.1253141462802887
720528,0.10093588382005692
721440,0.12258413434028625
721824,0.11551788449287415
722176,0.10122687369585037
722416,0.11519388109445572
722736,0.10657814145088196
725088,0.1126476377248764
725328,0.11344069987535477
725920,0.12368614971637726
726000,0.12446387857198715
726272,0.12438663840293884
727568,0.12116710096597672
728352,0.0975901335477829
728464,0.11779998242855072
728800,0.11536823958158493
728912,0.10954702645540237
729056,0.11803611367940903
729312,0.11980751156806946
730416,0.09385452419519424
730912,0.0672074407339096
731344,0.10322585701942444
731488,0.11816111952066422
731664,0.07422731816768646
732160,0.12040989100933075
732160,0.09964532405138016
732656,0.09681923687458038
732768,0.1176992729306221
733792,0.11919701099395752
733920,0.09737421572208405
734240,0.11570173501968384
734928,0.11201275140047073
735328,0.11323271691799164
736112,0.1155824288725853
737360,0.11425080895423889
737536,0.11291622370481491
737984,0.11596325039863586
738336,0.12541528046131134
739296,0.10364191979169846
739936,0.12362238019704819
740272,0.11507990956306458
740352,0.1232220008969307
740944,0.12115418165922165
740960,0.11460161954164505
741168,0.1042778342962265
741952,0.11150207370519638
742640,0.0758320614695549
742752,0.12052757292985916
743360,0.10860667377710342
743888,0.11625956743955612
744176,0.09167114645242691
744336,0.11567120254039764
744624,0.12051642686128616
746320,0.12520639598369598
747424,0.11156752705574036
747504,0.11396212130784988
748256,0.11307747662067413
748368,0.11572602391242981
748560,0.10429507493972778
749456,0.11577965319156647
749536,0.12476664781570435
750896,0.12488067895174026
751056,0.11178923398256302
751328,0.1132047176361084
751984,0.11590442806482315
752160,0.09494111686944962
752352,0.08549056202173233
752832,0.09096462279558182
753008,0.12320584058761597
753072,0.1236344650387764
754448,0.12482422590255737
754544,0.11291657388210297
755472,0.11360108852386475
757536,0.10537566244602203
758224,0.12168005853891373
758480,0.10548606514930725
759040,0.1291494369506836
759120,0.11480753123760223
759360,0.10589022934436798
759552,0.09086154401302338
760480,0.11979489773511887
761056,0.08340249955654144
761296,0.11498747766017914
762400,0.10507243871688843
763040,0.12088458985090256
763056,0.10202409327030182
763120,0.10577981919050217
764208,0.10403256863355637
764272,0.12021567672491074
764416,0.11808020621538162
764608,0.12469828128814697
764736,0.10845895856618881
765024,0.10393621772527695
765648,0.12500065565109253
765824,0.08901707082986832
766864,0.0942661315202713
767088,0.10721687227487564
767376,0.11442731320858002
767440,0.1196502149105072
767952,0.11983384191989899
768080,0.11343133449554443
768208,0.12271416932344437
768480,0.1281978189945221
769280,0.12350065261125565
770288,0.1069251075387001
770944,0.11064907908439636
771344,0.11934060603380203
772160,0.09204386919736862
772416,0.12586678564548492
774192,0.10793016105890274
774592,0.11395712941884995
774912,0.11836980283260345
775200,0.12680093944072723
776448,0.0797860324382782
776752,0.12477010488510132
777488,0.09987853467464447
778160,0.11690720915794373
778416,0.1200093924999237
779120,0.1250085085630417
779856,0.11653085052967072
780240,0.11273316293954849
780304,0.11899548023939133
780496,0.07726854830980301
780720,0.08283253014087677
781344,0.11728332936763763
781360,0.0938030332326889
782336,0.11950965970754623
783504,0.1125580370426178
784288,0.12247633934020996
784672,0.09242351353168488
785360,0.10105142742395401
785392,0.11780516058206558
785856,0.1209256574511528
786144,0.08279359340667725
787440,0.11064241081476212
787840,0.11659981310367584
788032,0.09208391606807709
788352,0.08020385354757309
788704,0.10270000994205475
788944,0.09695252031087875
788992,0.12330657988786697
789056,0.11627794057130814
789808,0.09887787699699402
790224,0.12764209508895874
790384,0.11536886543035507
791120,0.102176733314991
791408,0.11078979074954987
791600,0.10691393911838531
794032,0.12694834172725677
794208,0.11979570239782333
795040,0.12089996039867401
796160,0.11972810328006744
796880,0.10459508001804352
797376,0.1273586004972458
797376,0.122176393866539
798848,0.11908862739801407
799344,0.12176492810249329
799376,0.09928607940673828
799536,0.11479406803846359
800816,0.11198222637176514
800944,0.12274755537509918
800944,0.1159956157207489
801296,0.11366953700780869
801344,0.10135184228420258
801680,0.11719983071088791
802080,0.11416559666395187
802144,0.09579867869615555
802784,0.07419799268245697
802912,0.1184106171131134
803104,0.10741546005010605
803632,0.10706502199172974
803936,0.12226934731006622
804176,0.12024372071027756
804448,0.12203428149223328
804688,0.10401573032140732
805488,0.08047071844339371
805632,0.10738100856542587
805792,0.08554831892251968
806560,0.10832548141479492
806720,0.12125144898891449
806816,0.11543478816747665
808192,0.10088951140642166
808224,0.10675091296434402
808704,0.1224069818854332
808912,0.11294867843389511
809008,0.10025238245725632
809328,0.12693500518798828
810464,0.12705346941947937
810784,0.11907314509153366
811248,0.12021065503358841
811760,0.099828340113163
812240,0.12544894218444824
814048,0.12108981609344482
814288,0.11227477341890335
816896,0.09609708935022354
817456,0.11975515633821487
817792,0.12193869799375534
817824,0.1231210008263588
818384,0.1126280203461647
818432,0.10214575380086899
818576,0.1215558648109436
818640,0.10548596829175949
819248,0.08613147586584091
820064,0.11278440058231354
820224,0.1247582882642746
820336,0.09774983674287796
820384,0.08819206058979034
821312,0.079265296459198
821568,0.12665878236293793
822240,0.10256493091583252
822288,0.10959172248840332
823296,0.09884979575872421
823360,0.11529504507780075
823680,0.12294744700193405
824368,0.1058519259095192
824864,0.11774761229753494
825312,0.1086779460310936
825360,0.11153582483530045
825536,0.10646933317184448
825824,0.11915521323680878
826080,0.10012730211019516
826176,0.10912791639566422
826976,0.11558786034584045
827312,0.10141181945800781
829104,0.12503838539123535
829136,0.11524130403995514
829600,0.11489108204841614
829904,0.07637065649032593
829936,0.09001220762729645
829952,0.11172159016132355
830368,0.10679595917463303
830784,0.10494927316904068
830880,0.10790564864873886
831232,0.10219554603099823
831296,0.08765532821416855
831488,0.10730490833520889
832160,0.10669120401144028
832384,0.11432690173387527
832384,0.11567088216543198
832688,0.09632334858179092
833904,0.11576805263757706
834480,0.12325715273618698
834896,0.11841913312673569
835664,0.10554143786430359
835760,0.10780434310436249
837312,0.06371793150901794
838336,0.09467291086912155
838896,0.1102927103638649
839376,0.12807804346084595
839536,0.12627993524074554
839552,0.1257379949092865
839952,0.11647573113441467
840064,0.1007198691368103
840080,0.11794975399971008
840320,0.1032632440328598
840944,0.1171887069940567
841024,0.09854372590780258
842848,0.11158938705921173
842992,0.12200406193733215
843072,0.1056138277053833
843872,0.10514906793832779
844368,0.09090973436832428
844432,0.11596862226724625
846176,0.0778125524520874
846480,0.11176252365112305
846544,0.11990964412689209
847216,0.11155571043491364
847280,0.11810855567455292
847328,0.11551064997911453
847456,0.10512521862983704
850672,0.1140768975019455
850960,0.11432669311761856
851072,0.11905635893344879
851488,0.12491187453269958
851616,0.1273283064365387
852736,0.11742079257965088
853456,0.08372721821069717
853520,0.11204150319099426
853840,0.12183966487646103
854096,0.1185564398765564
854576,0.11762787401676178
855248,0.11720522493124008
855520,0.09819918125867844
855600,0.08537781983613968
855968,0.09013897180557251
855984,0.10138970613479614
856464,0.11708410829305649
857168,0.08192764967679977
857216,0.10552094131708145
857360,0.1234576553106308
857728,0.11747217178344727
857792,0.10778886079788208
858128,0.11041774600744247
858336,0.0726541206240654
858352,0.09703370183706284
858528,0.11954877525568008
858672,0.09905891120433807
859248,0.0909319594502449
859360,0.10848609358072281
860704,0.12514202296733856
861360,0.10584567487239838
862048,0.09822653234004974
862768,0.12121205031871796
862976,0.11094782501459122
863552,0.12221565842628479
863968,0.1116468533873558
865424,0.11940861493349075
865648,0.11088129878044128
866560,0.11096175760030746
867072,0.10211307555437088
867088,0.12073710560798645
867472,0.11102079600095749
868464,0.12630011141300201
868864,0.09540584683418274
869008,0.11839980632066727
869888,0.11228733509778976
870512,0.11533873528242111
870576,0.11914518475532532
870640,0.11498859524726868
870720,0.0731867328286171
871472,0.08748017996549606
871936,0.10550491511821747
872784,0.12882553040981293
873632,0.10167340189218521
874432,0.10688062012195587
874800,0.11432310193777084
875360,0.11323107779026031
875456,0.10659157484769821
875600,0.07250869274139404
877072,0.1020636186003685
877232,0.09747260808944702
878000,0.1153755933046341
878896,0.12207210808992386
879392,0.11976154893636703
879696,0.06856486946344376
880320,0.09573924541473389
880784,0.12406738847494125
881248,0.11197508126497269
881424,0.12372979521751404
881808,0.08096042275428772
882000,0.12292617559432983
882896,0.07425061613321304
883856,0.12071096897125244
884064,0.10300903767347336
884304,0.1231844574213028
884608,0.10407262295484543
885120,0.11889291554689407
885120,0.1017109677195549
885888,0.09667456895112991
887456,0.11317060142755508
887696,0.11961067467927933
888400,0.12427500635385513
888640,0.12177613377571106
889760,0.09606640040874481
889792,0.09518326818943024
890640,0.10530336201190948
891248,0.0925106406211853
892192,0.12122724205255508
892192,0.12602593004703522
892832,0.12229186296463013
893408,0.10798492282629013
894608,0.12737806141376495
894832,0.11403115093708038
894960,0.10444162786006927
895760,0.12046701461076736
896016,0.12389598786830902
896448,0.11370043456554413
897376,0.11609970778226852
897792,0.09487449377775192
898112,0.11206623166799545
898304,0.11622246354818344
899040,0.11578650027513504
899968,0.1068396121263504
900048,0.09475567936897278
900064,0.09725311398506165
902000,0.12429238855838776
902528,0.11707177013158798
902624,0.10063234716653824
902656,0.1172938197851181
902944,0.12534986436367035
903952,0.11649400740861893
905264,0.12012577056884766
906160,0.12097186595201492
906608,0.12086401879787445
907040,0.11614339053630829
907632,0.11686033010482788
909696,0.11507504433393478
909792,0.11802734434604645
910624,0.06484967470169067
910688,0.12244279682636261
910944,0.128605917096138
911280,0.11059247702360153
911664,0.11767897009849548
912736,0.11148976534605026
913072,0.12725672125816345
913248,0.11579565703868866
913472,0.12001501768827438
913616,0.09448134899139404
914496,0.12118010967969894
915216,0.11546214669942856
915312,0.11203443259000778
915856,0.11839461326599121
915968,0.07682526856660843
917200,0.11487828940153122
917872,0.11783619970083237
918512,0.11773638427257538
918656,0.11243235319852829
919472,0.12389469146728516
919520,0.11713650822639465
919552,0.10565749555826187
919728,0.10475796461105347
920224,0.1238517314195633
920640,0.09672583639621735
921344,0.12155844271183014
922432,0.12513454258441925
923936,0.11266179382801056
925568,0.13064956665039062
925696,0.12273545563220978
925920,0.11163537949323654
925968,0.10134364664554596
926048,0.12434036284685135
926704,0.09658913314342499
928544,0.0735103040933609
929312,0.10176703333854675
929488,0.12029910087585449
929488,0.12010589987039566
929584,0.1269138604402542
930448,0.12358293682336807
930512,0.0973513200879097
930528,0.12067380547523499
931136,0.1099758967757225
931600,0.12332835048437119
932192,0.10801618546247482
932992,0.10832113772630692
933120,0.11990936845541
934080,0.12198281288146973
934176,0.12311825156211853
934848,0.11962500214576721
935248,0.11952006816864014
935648,0.11582348495721817
935680,0.10281160473823547
936208,0.1220984160900116
937424,0.12388843297958374
937648,0.12643232941627502
937776,0.12197156250476837
938016,0.1221139132976532
938880,0.09979266673326492
940736,0.12511056661605835
941008,0.12521615624427795
941632,0.10427837818861008
942464,0.08399774879217148
942560,0.11139240860939026
943424,0.11683439463376999
943936,0.11224764585494995
944896,0.12293335050344467
945216,0.1254304200410843
945680,0.11736760288476944
946016,0.12380751967430115
946464,0.0964004397392273
948352,0.12168142944574356
948384,0.12538912892341614
948784,0.11619609594345093
949264,0.11430521309375763
949936,0.12287405878305435
951264,0.11280772089958191
951520,0.11944369971752167
951824,0.11925205588340759
951904,0.12249700725078583
951952,0.12273070961236954
952176,0.10508613288402557
952368,0.11651665717363358
952640,0.11684209108352661
952832,0.12066378444433212
953520,0.08111519366502762
953616,0.11436986178159714
953648,0.12267135828733444
953696,0.09104665368795395
953920,0.10096532106399536
955296,0.11340784281492233
955456,0.12150902301073074
956352,0.10280079394578934
956384,0.09125056117773056
956976,0.1219438910484314
957072,0.11348432302474976
957120,0.10879521816968918
957312,0.11759427934885025
957376,0.08634126931428909
958096,0.10597939044237137
958240,0.11410219967365265
958688,0.11024726182222366
961808,0.11663688719272614
961840,0.1263384073972702
962208,0.09615066647529602
962304,0.11836022138595581
962416,0.11651333421468735
962752,0.12398742884397507
963712,0.1126241683959961
963712,0.11955124884843826
964432,0.11371824145317078
964544,0.11511364579200745
965792,0.11027830094099045
966368,0.05798505246639252
967072,0.11662266403436661
967296,0.12019006907939911
967776,0.07046425342559814
968704,0.1090627983212471
969840,0.09316661953926086
970640,0.08495694398880005
971840,0.10409925878047943
971904,0.09731084108352661
972448,0.10298763960599899
972608,0.12223410606384277
973920,0.10405117273330688
975520,0.12144476175308228
975808,0.12809084355831146
977536,0.11895960569381714
977728,0.125076562166214
978048,0.11760435253381729
979024,0.11760799586772919
979152,0.12032079696655273
979408,0.10709219425916672
979472,0.12122634798288345
979504,0.12466475367546082
979584,0.12079636007547379
980384,0.10678724199533463
980384,0.09953039139509201
981520,0.1148591861128807
981920,0.11547835916280746
981920,0.11514430493116379
981920,0.08912187814712524
982688,0.1208396628499031
982784,0.09157104790210724
983856,0.12163212150335312
985216,0.10860446840524673
986640,0.11264576017856598
986832,0.10064294189214706
987088,0.12475842237472534
987168,0.11141450703144073
987392,0.1195853054523468
987824,0.10826870799064636
988704,0.12675841152668
989984,0.09678507596254349
990240,0.12050985544919968
990992,0.08579067140817642
993824,0.10175126045942307
994304,0.11898430436849594
994672,0.1274234801530838
994928,0.11775261163711548
995008,0.09361311048269272
995744,0.11877583712339401
996272,0.1178172305226326
996448,0.11453127861022949
996928,0.123106949031353
997632,0.11390882730484009
998880,0.10624856501817703
998976,0.10953513532876968
999152,0.10076499730348587
999488,0.09306832402944565
999808,0.12008941918611526
1000608,0.11974050849676132
1000784,0.1105857864022255
1001008,0.12114185094833374
1002048,0.10535964369773865
1002656,0.11906877905130386
1003008,0.09117422252893448
1003088,0.11107902973890305
1003184,0.11002390086650848
1003184,0.1237836629152298
1003376,0.1240638941526413
1003600,0.09117264300584793
1004400,0.11448066681623459
1006816,0.12014292925596237
1008080,0.1275750696659088
1008848,0.12367446720600128
1008880,0.1225702241063118
1009680,0.12153447419404984
1010304,0.11702407896518707
1010464,0.11645767092704773
1010576,0.11604800075292587
1011296,0.12878446280956268
1011440,0.12062376737594604
1012464,0.12469971925020218
1012496,0.12101508677005768
1012656,0.12686064839363098
1012864,0.12473772466182709
1012928,0.11887318640947342
1014096,0.12113914638757706
1014768,0.12533347308635712
1015056,0.0982503592967987
1015968,0.09438878297805786
1016016,0.12628887593746185
1016080,0.10248572379350662
1016592,0.11670281738042831
1017376,0.1210094690322876
1017392,0.12634265422821045
1018656,0.1147296130657196
1019600,0.12104827910661697
1019936,0.11875368654727936
1021152,0.12361398339271545
1022576,0.09915335476398468
1022976,0.1264648288488388
1023728,0.11332385987043381
1024320,0.10747171193361282
1024512,0.09895023703575134
1024736,0.13065674901008606
1025344,0.11755414307117462
1025504,0.12413951754570007
1025648,0.12638984620571136
1026784,0.12273043394088745
1027616,0.12279992550611496
1027840,0.12224939465522766
1028432,0.11440842598676682
1029744,0.10598649084568024
1029760,0.12664374709129333
1030112,0.11896584928035736
1030848,0.09012732654809952
1030992,0.11967043578624725
1031936,0.12648846209049225
1033296,0.12214973568916321
1033904,0.06780301779508591
1033936,0.08292140811681747
1033952,0.09894739091396332
1034160,0.11656522750854492
1034400,0.11735470592975616
1034672,0.07719909399747849
1035216,0.07131237536668777
1035824,0.12840206921100616
1036016,0.12951414287090302
1036032,0.11858917027711868
1036576,0.10301212221384048
1036976,0.12620091438293457
1037472,0.1235140860080719
1037504,0.12097717076539993
1039056,0.11288411170244217
1039360,0.1179017424583435
1040032,0.11506752669811249
1040848,0.10948698222637177
1041456,0.1152084693312645
1041696,0.12453185021877289
1041840,0.1036343052983284
1042032,0.11045165359973907
1042112,0.07879716157913208
1042368,0.11300498247146606
1042496,0.11359801143407822
1043072,0.11400996148586273
1043184,0.12119945138692856
1043552,0.0730796828866005
1044144,0.10598703473806381
1045392,0.10950052738189697
1045568,0.12389686703681946
1045728,0.12242092192173004
1046160,0.11070957034826279
1047104,0.08353979885578156
1047248,0.12037968635559082
1047616,0.10274071246385574
1048000,0.09522135555744171
1048208,0.12333953380584717
1048800,0.1183098554611206
1049072,0.11630222201347351
1049152,0.12564603984355927
1049584,0.0880814641714096
1050592,0.12236549705266953
1050592,0.10795501619577408
1050912,0.11866503208875656
1051760,0.12258563190698624
1052544,0.12092461436986923
1052672,0.12081651389598846
1053696,0.1242547407746315
1054208,0.11715048551559448
1054240,0.11357486248016357
1055312,0.12040374428033829
1055376,0.1245647445321083
1056112,0.12129581719636917
1056976,0.10592691600322723
1057712,0.1271195113658905
1057744,0.11154869198799133
1058560,0.10867838561534882
1058560,0.10359326750040054
1059072,0.10811864584684372
1059600,0.12427394092082977
1060176,0.12529337406158447
1060208,0.12282305955886841
1061200,0.11948037147521973
1061216,0.12541626393795013
1062096,0.11038193106651306
1062368,0.12732893228530884
1062768,0.08626541495323181
1063344,0.09418530762195587
1063648,0.09643153101205826
1063824,0.11520318686962128
1064960,0.11754452437162399
1065328,0.09815383702516556
1066000,0.10016002506017685
1066096,0.12637923657894135
1066368,0.07719004154205322
1066496,0.12196287512779236
1067312,0.10174360871315002
1068080,0.10027740150690079
1068592,0.11898602545261383
1068928,0.1031935065984726
1069408,0.0909188762307167
1069472,0.1265672743320465
1070800,0.09145623445510864
1070880,0.11009388417005539
1071648,0.12476544827222824
1072448,0.12156511843204498
1072576,0.10187229514122009
1073072,0.12033039331436157
1073216,0.117296501994133
1073472,0.11489098519086838
1074176,0.09780483692884445
1074912,0.0948646292090416
1076128,0.12621697783470154
1076784,0.12720142304897308
1077008,0.12147290259599686
1077632,0.10412613302469254
1077680,0.12812504172325134
1077808,0.11667492240667343
1077856,0.12310737371444702
1078624,0.11781618744134903
1079376,0.12061045318841934
1079952,0.08827308565378189
1080528,0.11070425063371658
1081392,0.09763577580451965
1081488,0.1218339055776596
1082032,0.12051066011190414
1082528,0.0910843014717102
1083408,0.12609536945819855
1083856,0.1138702929019928
1083952,0.12709015607833862
1084384,0.07578136026859283
1084688,0.10571753233671188
1085392,0.06260306388139725
1086992,0.11608950793743134
1087328,0.12727630138397217
1087584,0.12209087610244751
1088448,0.09902822226285934
1088608,0.1147121861577034
1089600,0.11602810025215149
1089952,0.11739500612020493
1090528,0.10449476540088654
1090784,0.0719074159860611
1091056,0.11291865259408951
1092592,0.09718027710914612
1092624,0.10863872617483139
1093328,0.10288198292255402
1093424,0.10128059983253479
1093792,0.11223229765892029
1094256,0.11691660434007645
1094624,0.11859438568353653
1094960,0.11394616961479187
1095024,0.11983604729175568
1095792,0.12773576378822327
1096064,0.12468134611845016
1096160,0.11626051366329193
1096272,0.09121659398078918
1096976,0.12742091715335846
1097200,0.11137522011995316
1097408,0.12173770368099213
1098704,0.11803024262189865
1098912,0.10403554886579514
1098960,0.12079684436321259
1099680,0.12011804431676865
1099872,0.12043459713459015
1100048,0.11079554259777069
1100176,0.10342390090227127
1100480,0.12739154696464539
1100672,0.119270458817482
1101408,0.12199698388576508
1101712,0.1216946691274643
1102032,0.12336269021034241
1102384,0.10030508041381836
1103392,0.11522495001554489
1103648,0.115924172103405
1103872,0.07793719321489334
1103968,0.12305185198783875
1104224,0.11541800200939178
1104320,0.09830684214830399
1104480,0.11089681833982468
1104544,0.09837095439434052
1104832,0.09960774332284927
1106880,0.11512316763401031
1107776,0.08396008610725403
1108592,0.12107355147600174
1108944,0.11423549056053162
1109648,0.10902301222085953
1110496,0.10739263147115707
1110624,0.11950113624334335
1111280,0.11794248968362808
1111824,0.1139899417757988
1112048,0.11553075164556503
1112080,0.12626369297504425
1112528,0.11659000813961029
1112608,0.11284127086400986
1112624,0.11126648634672165
1115184,0.10885472595691681
1115568,0.12041749805212021
1115632,0.08678817003965378
1115744,0.11286906152963638
1116288,0.10685458779335022
1116496,0.08349840342998505
1116624,0.10331643372774124
1117200,0.0680355578660965
1117408,0.11943003535270691
1118320,0.09396762400865555
1119648,0.12675413489341736
1120160,0.11800244450569153
1121312,0.12024986743927002
1121616,0.11474455893039703
1121840,0.11140608042478561
1122400,0.09419263154268265
1122880,0.11405263841152191
1123152,0.08051704615354538
1123296,0.08500226587057114
1124464,0.11737366020679474
1124512,0.09978786110877991
1124640,0.11767689138650894
1125520,0.11613266170024872
1126144,0.1258389800786972
1126464,0.09982357919216156
1126528,0.12448535114526749
1126720,0.12138205021619797
1126768,0.12435928732156754
1128080,0.1211823970079422
1128496,0.06235417723655701
1128544,0.11578426510095596
1128992,0.12258605659008026
1129424,0.09466339647769928
1130432,0.1236330047249794
1131152,0.11252707988023758
1131472,0.09735757857561111
1132368,0.10444341599941254
1132528,0.1257680058479309
1132592,0.12134025245904922
1133152,0.11187319457530975
1133216,0.10917337983846664
1134032,0.11310479044914246
1134096,0.09982319176197052
1135456,0.1233052909374237
1136160,0.12826041877269745
1136368,0.1200699433684349
1136704,0.12616215646266937
1136960,0.12234360724687576
1137056,0.10093794018030167
1137520,0.11997024714946747
1137760,0.11276078224182129
1137920,0.10044524818658829
1139040,0.11362961679697037
1139904,0.0834626778960228
1140240,0.12731803953647614
1140576,0.11949276924133301
1142144,0.06845494359731674
1142480,0.11445968598127365
1142960,0.11956862360239029
1143152,0.11647424101829529
1143200,0.07488344609737396
1143296,0.12012512981891632
1143760,0.11696187406778336
1143792,0.10129696875810623
1143808,0.12426064163446426
1144352,0.12330292910337448
1145920,0.11787974834442139
1146032,0.12466494739055634
1147376,0.119776152074337
1148576,0.10269874334335327
1148624,0.1146637424826622
1148832,0.1133246198296547
1149456,0.12007872760295868
1150384,0.11365729570388794
1150576,0.08004704862833023
1150608,0.10907666385173798
1151344,0.10586230456829071
1151552,0.10250767320394516
1151584,0.07494722306728363
1151920,0.1162194311618805
1151968,0.10212723910808563
1152160,0.11694661527872086
1152352,0.10181920975446701
1153360,0.1191452145576477
1153696,0.11816436052322388
1154144,0.11353588104248047
1155088,0.12318114936351776
1155232,0.12275093793869019
1155824,0.12054602801799774
1155888,0.11042718589305878
1156480,0.11708308756351471
1156544,0.1114589124917984
1157216,0.12199049443006516
1157264,0.11874140799045563
1157664,0.12595458328723907
1157840,0.10873889923095703
1158368,0.10274209082126617
1159088,0.12297757714986801
1159584,0.11426899582147598
1160176,0.11728479713201523
1160976,0.12333657592535019
1161248,0.11914942413568497
1161824,0.11887504905462265
1162256,0.12414655834436417
1163040,0.12451404333114624
1163200,0.12352927774190903
1163616,0.12062100321054459
1163664,0.12034353613853455
1164496,0.12625685334205627
1165360,0.12335895746946335
1165760,0.10583937168121338
1165776,0.1124008297920227
1166288,0.12214663624763489
1166320,0.1140802726149559
1166752,0.11979872733354568
1167184,0.11858035624027252
1167216,0.11856411397457123
1168608,0.1036183089017868
1169984,0.1169114038348198
1170448,0.10041385143995285
1170832,0.12261376529932022
1171520,0.10529974102973938
1171632,0.08851505070924759
1172528,0.1216486394405365
1172896,0.11150428652763367
1174128,0.09394973516464233
1174224,0.10812784731388092
1174240,0.11556444317102432
1174368,0.1219945177435875
1174416,0.12581560015678406
1174960,0.11968482285737991
1175536,0.12002617865800858
1175712,0.1013641282916069
1175744,0.1056218072772026
1175808,0.122032530605793
1175904,0.11447266489267349
1177744,0.11621444672346115
1177760,0.12089720368385315
1178624,0.11397191882133484
1178848,0.09621594101190567
1178896,0.0966544821858406
1179280,0.11167832463979721
1179312,0.1256546974182129
1179360,0.11614935100078583
1179488,0.11978650838136673
1179584,0.10727870464324951
1180512,0.11454274505376816
1181184,0.10269101709127426
1182400,0.12337163090705872
1182848,0.12748374044895172
1182928,0.10045148432254791
1183152,0.11998496949672699
1183712,0.12111973762512207
1184672,0.11331780254840851
1185408,0.11580187827348709
1186032,0.12042856216430664
1186320,0.10987649857997894
1186368,0.09301023185253143
1187104,0.11035235971212387
1187504,0.11393263936042786
1188912,0.11599840223789215
1189552,0.11774082481861115
1189728,0.05494843050837517
1190064,0.10379115492105484
1190144,0.11585824191570282
1190368,0.10684507340192795
1190384,0.11827536672353745
1190896,0.12025301903486252
1191008,0.10632804781198502
1191040,0.12070769816637039
1191152,0.10743558406829834
1191504,0.12197364121675491
1192304,0.12577101588249207
1193552,0.07237491011619568
1193792,0.10823065787553787
1194288,0.09774867445230484
1194816,0.11997264623641968
1195248,0.10098139196634293
1195840,0.12401328235864639
1196352,0.10248135030269623
1197360,0.12051702290773392
1197952,0.09933997690677643
1198784,0.12620344758033752
1199088,0.12216631323099136
1199312,0.11201942712068558
1200000,0.11632128804922104
1200112,0.12555289268493652
1200928,0.12690123915672302
1201600,0.11895565688610077
1201888,0.10983256995677948
1202688,0.11028158664703369
1202848,0.12285575270652771
1202944,0.12623052299022675
1203344,0.12551070749759674
1204544,0.1243855208158493
1205968,0.11603258550167084
1206096,0.1065509170293808
1206160,0.11329816281795502
1206400,0.12280747294425964
1206448,0.12187016755342484
1206640,0.12311820685863495
1207248,0.12473388016223907
1208240,0.08782120794057846
1208880,0.12718422710895538
1209104,0.11085277795791626
1211392,0.09200067073106766
1211888,0.0962393581867218
1213024,0.11207398027181625
1213600,0.12559454143047333
1215040,0.10967257618904114
1215072,0.08134803920984268
1215168,0.11974774301052094
1215536,0.11060778796672821
1215696,0.1155662089586258
1217216,0.12543940544128418
1217728,0.11402840912342072
1217840,0.09640626609325409
1218368,0.11074589937925339
1219264,0.12784993648529053
1219280,0.10156510770320892
1220432,0.09831222146749496
1220720,0.09967496991157532
1221248,0.10619073361158371
1221328,0.1198619157075882
1222320,0.12090042978525162
1222432,0.08260967582464218
1222768,0.08682434260845184
1224976,0.10987508296966553
1225328,0.1192646473646164
1225632,0.08649799972772598
1225744,0.06714735925197601
1225904,0.12749432027339935
1225984,0.1228594034910202
1226352,0.10840417444705963
1226416,0.11879172176122665
1227248,0.09711983799934387
1227712,0.10403236001729965
1227984,0.12018468976020813
1228960,0.08616676181554794
1229008,0.09310731291770935
1229312,0.10833709686994553
1229808,0.10492269694805145
1230432,0.10170039534568787
1231056,0.10057706385850906
1231536,0.12444102764129639
1231664,0.09600120037794113
1232272,0.07363101840019226
1232496,0.11840981990098953
1232576,0.10742057114839554
1233392,0.11571386456489563
1233584,0.11363506317138672
1234352,0.12002816796302795
1236752,0.12069016695022583
1237120,0.11069333553314209
1237312,0.11576400697231293
1238208,0.10870075225830078
1238976,0.11673033237457275
1239072,0.12701646983623505
1239168,0.12680302560329437
1239632,0.12231141328811646
1239712,0.11688703298568726
1239888,0.11528083682060242
1239904,0.09894242882728577
1240704,0.10738122463226318
1240864,0.10011831670999527
1241776,0.12204083800315857
1242704,0.11196181923151016
1242784,0.1066608652472496
1242960,0.1075722724199295
1243920,0.1231267899274826
1244528,0.11720804125070572
1244592,0.1263599693775177
1245152,0.11439983546733856
1245184,0.09453264623880386
1245536,0.10943896323442459
1246032,0.11585509777069092
1246256,0.1198643147945404
1246400,0.12452960759401321
1246512,0.1049588993191719
1247184,0.10249318927526474
1247408,0.12593655288219452
1247600,0.09878572076559067
1247840,0.1203545406460762
1248512,0.10798744112253189
1248816,0.11673063784837723
1248992,0.1021314337849617
1249344,0.08719006925821304
1249376,0.0921308770775795
1249504,0.12845826148986816
1250640,0.10252304375171661
1251648,0.09248809516429901
1251984,0.11692719906568527
1252464,0.11366784572601318
1252752,0.10785146802663803
1252752,0.09091506153345108
1253104,0.116453155875206
1253312,0.10200449824333191
1253792,0.10465501248836517
1253904,0.1134883314371109
1254128,0.12472086399793625
1254256,0.12473239004611969
1255200,0.1318676620721817
1256112,0.1039925292134285
1257408,0.11939321458339691
1257600,0.10226182639598846
1257632,0.11430153995752335
1257808,0.11962342262268066
1258320,0.1149914488196373
1258656,0.12702429294586182
1260096,0.10952646285295486
1260896,0.11376720666885376
1260928,0.11212503165006638
1261104,0.12008100748062134
1261392,0.07821519672870636
1261760,0.09560517221689224
1262176,0.11922097951173782
1263968,0.11824202537536621
1264784,0.120884969830513
1265280,0.12297407537698746
1265568,0.12127649784088135
1265728,0.12359347939491272
1266112,0.11405658721923828
1266288,0.11953151971101761
1267104,0.11585157364606857
1267152,0.12023890018463135
1267584,0.10315024107694626
1267744,0.07288531213998795
1268080,0.1167467013001442
1268832,0.1278866082429886
1270496,0.09122257679700851
1270752,0.09725959599018097
1270976,0.11454904824495316
1271408,0.10726802051067352
1271952,0.12243763357400894
1272400,0.12812046706676483
1272432,0.12007025629281998
1272448,0.12674176692962646
1272576,0.11635860800743103
1272784,0.11583292484283447
1273248,0.09289828687906265
1275520,0.10968825966119766
1275600,0.07354184240102768
1276848,0.11794185638427734
1277120,0.11377981305122375
1277904,0.09483512490987778
1278016,0.11712057888507843
1278432,0.11906744539737701
1278528,0.09164854884147644
1279216,0.07989981770515442
1279424,0.11062312871217728
1279952,0.11656511574983597
1280192,0.09932772815227509
1280336,0.10175808519124985
1280720,0.11941294372081757
1281664,0.11897972226142883
1282448,0.11941199749708176
1282688,0.10608404874801636
1283200,0.1190309077501297
1284768,0.1206604391336441
1286160,0.0973915159702301
1286672,0.10236480832099915
1287696,0.12184359133243561
1288032,0.09523829817771912
1288368,0.10304661095142365
1288608,0.1145390197634697
1288768,0.11658955365419388
1288848,0.12109724432229996
1289648,0.11631033569574356
1290544,0.12586846947669983
1291472,0.12160205096006393
1291488,0.11384467780590057
1291728,0.0806916281580925
1292048,0.1130734458565712
1293488,0.11948999017477036
1294144,0.113802470266819
1294976,0.11629268527030945
1295056,0.11928022652864456
1295088,0.12051957100629807
1295264,0.11975754797458649
1295648,0.06816417723894119
1295696,0.11641022562980652
1295920,0.09309155493974686
1295936,0.126631960272789
1296192,0.12076705694198608
1296224,0.10800832509994507
1297152,0.09291745722293854
1298240,0.0991167202591896
1298464,0.11998307704925537
1298576,0.08293484896421432
1298896,0.11516304314136505
1300048,0.11746121197938919
1300048,0.11179832369089127
1300288,0.1162831112742424
1300992,0.07887730002403259
1301280,0.10793434828519821
1301776,0.12136981636285782
1302688,0.1122150719165802
1302816,0.11512745916843414
1302928,0.09007234126329422
1304928,0.09703215956687927
1306064,0.09588708728551865
1306336,0.11535823345184326
1306448,0.12231907993555069
1306512,0.11529163271188736
1307184,0.10734453797340393
1308944,0.10561766475439072
1308992,0.11638855934143066
1309184,0.11444354802370071
1309280,0.07728570699691772
1309296,0.09607256203889847
1309408,0.09343444555997849
1309936,0.12106142193078995
1310224,0.12451533228158951
1310832,0.11749643832445145
1311056,0.12422140687704086
1311488,0.09941930323839188
1311696,0.11044688522815704
1312256,0.08208636194467545
1312416,0.11910033971071243
1313008,0.10852573066949844
1313504,0.0962008684873581
1313536,0.11829281598329544
1314240,0.11457639932632446
1314448,0.08823661506175995
1316416,0.11935149878263474
1316960,0.12345770746469498
1317136,0.10393096506595612
1317792,0.1231219545006752
1318000,0.08058144897222519
1318352,0.11993540078401566
1318560,0.11063259094953537
1319280,0.1155477911233902
1319840,0.09541511535644531
1320144,0.10629147291183472
1320688,0.11383397877216339
1320752,0.11819051206111908
1321872,0.11568611115217209
1321936,0.11241327971220016
1322672,0.11275108903646469
1323232,0.10562697052955627
1323616,0.1141081228852272
1323968,0.12152338773012161
1324480,0.11048825085163116
1325408,0.10087727755308151
1326128,0.12370890378952026
1326368,0.12558838725090027
1327040,0.11927831172943115
1327312,0.11802757531404495
1328464,0.09530249238014221
1328496,0.12885315716266632
1329104,0.09738419950008392
1329568,0.11858668178319931
1329680,0.061710111796855927
1330016,0.1017681285738945
1330560,0.10024131089448929
1330784,0.10866805911064148
1330880,0.10618093609809875
1331056,0.11466502398252487
1331760,0.06889674067497253
1331792,0.11654931306838989
1332352,0.12387483566999435
1332880,0.1074523776769638
1333216,0.10671626776456833
1334096,0.11223682016134262
1334672,0.11238046735525131
1335488,0.1021474301815033
1335984,0.09815818816423416
1337280,0.11850854009389877
1337680,0.12609614431858063
1337888,0.12335827946662903
1338080,0.11414932459592819
1338096,0.10873858630657196
1338944,0.12477214634418488
1339024,0.10977081209421158
1339200,0.11615481972694397
1339216,0.09409668296575546
1340064,0.1250866800546646
1340480,0.12258318811655045
1340720,0.1120510995388031
1340912,0.0955703854560852
1341600,0.12259343266487122
1342624,0.11744076758623123
1342768,0.12271176278591156
1342912,0.1215948686003685
1343072,0.12444498389959335
1343696,0.12332802265882492
1344128,0.09231749176979065
1344336,0.12238305062055588
1344384,0.12237763404846191
1345008,0.11868084222078323
1345600,0.11650514602661133
1345744,0.10734567046165466
1346272,0.1022551953792572
1346304,0.11673487722873688
1346448,0.12087774276733398
1346496,0.12345417588949203
1347984,0.12223772704601288
1348688,0.0808127149939537
1349856,0.09448041766881943
1350080,0.11464683711528778
1350720,0.10268963128328323
1351200,0.11748261004686356
1351456,0.11765109747648239
1352144,0.11861583590507507
1352624,0.11981470137834549
1352912,0.11911702901124954
1353008,0.12309617549180984
1353360,0.08520440757274628
1354192,0.12384077906608582
1354352,0.1213972419500351
1354544,0.10827910900115967
1354672,0.07431865483522415
1355344,0.1191847026348114
1355744,0.11078568547964096
1355744,0.12079513072967529
1356400,0.06513752788305283
1356448,0.12294800579547882
1356576,0.11993267387151718
1356880,0.12178617715835571
1357616,0.08851530402898788
1357728,0.11654071509838104
1358416,0.10851966589689255
1358528,0.1258801519870758
1359056,0.1167842298746109
1359088,0.11207742989063263
1359200,0.10412703454494476
1359744,0.12328093498945236
1360416,0.09942626953125
1361936,0.11971345543861389
1361984,0.12231682986021042
1362640,0.09679446369409561
1362864,0.1160639077425003
1363952,0.1216067373752594
1364160,0.0753602683544159
1364720,0.101972796022892
1365520,0.10930807888507843
1365536,0.1072206199169159
1366592,0.11309045553207397
1367696,0.12343093007802963
1368224,0.12572073936462402
1368448,0.10452987253665924
1368736,0.09967532008886337
1369184,0.09408725798130035
1369200,0.11296159029006958
1369504,0.12045137584209442
1370016,0.11590246111154556
1371216,0.1253812462091446
1371552,0.11457128822803497
1372752,0.0996498093008995
1372768,0.11539065092802048
1372896,0.11484835296869278
1373040,0.11899631470441818
1374464,0.1090315729379654
1374608,0.12577605247497559
1375088,0.11944044381380081
1375888,0.12506400048732758
1376432,0.11620412021875381
1377056,0.10989156365394592
1378688,0.10864918678998947
1378944,0.11574148386716843
1379520,0.12701982259750366
1379600,0.11143410950899124
1381216,0.11449618637561798
1381328,0.11106468737125397
1381744,0.11499618738889694
1382192,0.12404223531484604
1382448,0.09547962993383408
1382528,0.12231350690126419
1382960,0.11131873726844788
1383120,0.07427274435758591
1383200,0.12059809267520905
1383392,0.11221610754728317
1384240,0.10639570653438568
1386528,0.11826318502426147
1386736,0.11766582727432251
1387856,0.118924081325531
1387872,0.09397997707128525
1387920,0.11142443120479584
1388144,0.07720282673835754
1389664,0.10309655964374542
1390208,0.11394869536161423
1391408,0.09510922431945801
1391568,0.11747080087661743
1392480,0.10212086141109467
1392752,0.12096535414457321
1392768,0.1157936304807663
1393632,0.11177399009466171
1394928,0.1254291534423828
1395088,0.1284630447626114
1395968,0.12212551385164261
1396832,0.0977582186460495
1397008,0.12395365536212921
1397136,0.1230444386601448
1397296,0.10547137260437012
1397408,0.08545079827308655
1397808,0.08129944652318954
1397936,0.12305215001106262
1397968,0.11941158771514893
1398560,0.09322121739387512
1399920,0.12186912447214127
1400608,0.1137317642569542
1400688,0.1193302795290947
1400736,0.0856228694319725
1400832,0.12377030402421951
1400944,0.11904440075159073
1402160,0.11994384229183197
1404448,0.11144130676984787
1404960,0.11274188756942749
1405008,0.12247657030820847
1407568,0.11681041866540909
1407968,0.1226833388209343
1408208,0.12029626965522766
1409040,0.10418315976858139
1410160,0.10711807757616043
1411024,0.12924501299858093
1412080,0.12085919827222824
1412400,0.12238173186779022
1415712,0.12056756764650345
1416080,0.11388098448514938
1416288,0.1145341768860817
1416704,0.10590529441833496
1417184,0.1007467731833458
1417648,0.12075001001358032
1418912,0.12407998740673065
1419424,0.11420007050037384
1419808,0.11117798835039139
1420080,0.11828279495239258
1420288,0.11894114315509796
1420640,0.12328512966632843
1422960,0.12078777700662613
1423312,0.10593222081661224
1423616,0.09914776682853699
1423936,0.1170666292309761
1424288,0.1160176619887352
1426192,0.11239378154277802
1426656,0.11780146509408951
1427584,0.1098196804523468
1428576,0.11737053841352463
1430416,0.11338917165994644
1430960,0.12258394807577133
1431072,0.10721902549266815
1431072,0.1224580854177475
1432048,0.10467465221881866
1432864,0.1058579832315445
1432944,0.11936286836862564
1433520,0.11505314707756042
1433856,0.11380285024642944
1434096,0.11043651401996613
1434400,0.09666143357753754
1434576,0.12712348997592926
1435232,0.07664992660284042
1435456,0.12078359723091125
1436112,0.10097716003656387
1436816,0.12297335267066956
1437232,0.10478542745113373
1437552,0.11672646552324295
1437552,0.11372392624616623
1437632,0.12061706930398941
1437648,0.12351318448781967
1437904,0.12460925430059433
1438096,0.12174258381128311
1439296,0.11628381907939911
1439952,0.1067814901471138
1440784,0.11393455415964127
1441184,0.11189021170139313
1443376,0.10475993156433105
1444336,0.0858275517821312
1444640,0.08441425859928131
1444720,0.1023634523153305
1445936,0.12701760232448578
1445968,0.0961407944560051
1446448,0.10925326496362686
1447728,0.10305377095937729
1448288,0.12063086777925491
1448368,0.1211981475353241
1449264,0.12189031392335892
1449504,0.12035094201564789
1449984,0.12272085249423981
1450256,0.10921358317136765
1451264,0.12137855589389801
1451632,0.12487737834453583
1453824,0.07842513918876648
1454224,0.07442952692508698
1455232,0.09162022918462753
1455344,0.11907562613487244
1455488,0.12095072120428085
1456448,0.10440204292535782
1456960,0.11596079170703888
1457008,0.10103067755699158
1457632,0.12354220449924469
1458480,0.11247094720602036
1458896,0.12004715204238892
1458944,0.12175462394952774
1459120,0.1210797131061554
1459440,0.12168530374765396
1460384,0.12039528787136078
1460592,0.11467982083559036
1461104,0.11707112938165665
1461696,0.11734068393707275
1461904,0.10870087891817093
1461904,0.11108937859535217
1462048,0.11328708380460739
1462544,0.12190356105566025
1462880,0.10671143978834152
1463376,0.11841338872909546
1464256,0.10204131156206131
1464624,0.12532006204128265
1465488,0.09256024658679962
1465488,0.11813689023256302
1467248,0.11334060877561569
1467552,0.11860838532447815
1468160,0.12831392884254456
1468288,0.11609940230846405
1469120,0.12029196321964264
1469888,0.12132811546325684
1470144,0.12402176111936569
1470496,0.12308232486248016
1470752,0.12146487087011337
1470832,0.10651931166648865
1471024,0.1258111149072647
1471360,0.10420282930135727
1471760,0.12546482682228088
1472080,0.10913537442684174
1472320,0.1247769296169281
1473968,0.1225796788930893
1474400,0.10208308696746826
1474400,0.12770120799541473
1474400,0.12153185158967972
1474416,0.11530565470457077
1474432,0.12365905940532684
1475472,0.10135416686534882
1475936,0.1202860027551651
1476640,0.115326426923275
1476944,0.12469249963760376
1477904,0.12310003489255905
1477936,0.11981555819511414
1478000,0.11661914736032486
1478608,0.12095016241073608
1478928,0.12315074354410172
1479440,0.12200910598039627
1479856,0.12189899384975433
1480080,0.10655380040407181
1480224,0.11953651905059814
1480480,0.1130567267537117
1482000,0.11543186008930206
1483120,0.1054711863398552
1483744,0.12350929528474808
1483872,0.12341740727424622
1484048,0.1278991550207138
1485056,0.12351357191801071
1485200,0.11521095037460327
1485408,0.08390746265649796
1486640,0.12718340754508972
1487312,0.12415064871311188
1487680,0.12364058941602707
1488432,0.12855596840381622
1488608,0.12274392694234848
1489088,0.10144860297441483
1489408,0.07420734316110611
1490176,0.1237928718328476
1490608,0.12210220098495483
1491488,0.10335469990968704
1492096,0.12503497302532196
1492448,0.12728485465049744
1492928,0.12410294264554977
1493552,0.12149796634912491
1494208,0.12275318056344986
1494256,0.12551623582839966
1494368,0.10737379640340805
1494976,0.12446953356266022
1495760,0.11314892023801804
1496016,0.12430069595575333
1496256,0.12293275445699692
1496880,0.11808498203754425
1497600,0.12700872123241425
1497712,0.12422668188810349
1497888,0.12715686857700348
1498560,0.1231185644865036
1499264,0.125357523560524
1500288,0.11407599598169327
1500720,0.10778943449258804
1501344,0.11916273087263107
1501360,0.12584003806114197
1502768,0.12641672790050507
1503168,0.12083406746387482
1503584,0.12318119406700134
1503920,0.12252168357372284
1504832,0.12307131290435791
1504928,0.08979697525501251
1505568,0.11910321563482285
1507408,0.12019368261098862
1507696,0.10477297753095627
1508384,0.11714460700750351
1508384,0.12482991814613342
1508384,0.11581671237945557
1508384,0.1088118776679039
1509408,0.12152418494224548
1510256,0.10707779973745346
1511344,0.10983625054359436
1512000,0.12440383434295654
1512928,0.12476804852485657
1513616,0.1038980707526207
1513856,0.12410379201173782
1514400,0.10920371115207672
1515024,0.12060517072677612
1515056,0.09936732798814774
1516000,0.1216614842414856
1516528,0.12265225499868393
1516608,0.12307877838611603
1516848,0.07420837879180908
1517440,0.10506119579076767
1518880,0.12027177214622498
1519360,0.11952473223209381
1520976,0.13116557896137238
1522512,0.11993955820798874
1523888,0.12440313398838043
1525376,0.08217868208885193
1525488,0.11195853352546692
1525680,0.11669176816940308
1526096,0.11857419461011887
1526480,0.10937408357858658
1526896,0.08284562081098557
1527328,0.12335462868213654
1528896,0.12216927111148834
1529344,0.11800628155469894
1529392,0.11925869435071945
1530144,0.12482277303934097
1530464,0.11838644742965698
1532112,0.11567839980125427
1532224,0.1254379004240036
1532960,0.12088590115308762
1533104,0.11685130000114441
1533552,0.12203875184059143
1533776,0.12115242332220078
1535232,0.1112314760684967
1535712,0.11785804480314255
1535824,0.11943250894546509
1535888,0.11199887096881866
1537136,0.09852073341608047
1537184,0.12219544500112534
1537504,0.11957123130559921
1537936,0.11707402765750885
1538816,0.11828512698411942
1539008,0.10637973248958588
1539408,0.12282700091600418
1540544,0.11841856688261032
1540736,0.12182562798261642
1540768,0.12162958085536957
1541120,0.10024462640285492
1541792,0.12179799377918243
1541904,0.09503096342086792
1541952,0.09763826429843903
1542960,0.12495727837085724
1543136,0.10950423777103424
1544176,0.11535844206809998
1544208,0.11830250173807144
1544240,0.10112183541059494
1544288,0.11823181062936783
1544368,0.11236205697059631
1544672,0.10541451722383499
1545456,0.1244339570403099
1546176,0.09804445505142212
1547344,0.11364710330963135
1547360,0.12655009329319
1547744,0.12086591869592667
1547792,0.12243302166461945
1547872,0.11816418915987015
1547936,0.12009774893522263
1547984,0.1099812313914299
1549760,0.12342718243598938
1550240,0.1188313215970993
1550912,0.11996262520551682
1551488,0.11895407736301422
1551568,0.12104807794094086
1552576,0.10996579378843307
1552896,0.11220192909240723
1553696,0.10278315097093582
1554192,0.10139697790145874
1554752,0.11186804622411728
1555024,0.1240258738398552
1555168,0.10190431028604507
1556240,0.12413477152585983
1556240,0.11304834485054016
1556544,0.12054350972175598
1557024,0.11697196215391159
1557808,0.11659728735685349
1558160,0.09766703844070435
1558368,0.12573224306106567
1558640,0.12435833364725113
1558672,0.10104306787252426
1558848,0.1075456514954567
1559024,0.11210336536169052
1559104,0.07897910475730896
1559520,0.10995922982692719
1559808,0.11514195799827576
1560176,0.11720010638237
1560448,0.07745573669672012
1560512,0.09350147843360901
1560800,0.12425390630960464
1561584,0.11818772554397583
1562432,0.11869391053915024
1562608,0.12191059440374374
1563808,0.10186167061328888
1564192,0.11341342329978943
1565232,0.11585569381713867
1565328,0.11259864270687103
1565680,0.12046981602907181
1566112,0.10430034250020981
1566224,0.11030963063240051
1567840,0.11728735268115997
1568080,0.11844294518232346
1568496,0.12132640182971954
1568704,0.10469122231006622
1568720,0.09978853911161423
1568864,0.12512783706188202
1569072,0.11644597351551056
1569248,0.12110506743192673
1569440,0.10449603945016861
1569712,0.11858508735895157
1569712,0.06484575569629669
1570912,0.10335275530815125
1571808,0.11240745335817337
1571952,0.10829003900289536
1572432,0.11246363073587418
1573376,0.1234104260802269
1573568,0.11181049793958664
1575136,0.11010094732046127
1575632,0.11643703281879425
1575936,0.1125548928976059
1576176,0.11565792560577393
1576272,0.10321496427059174
1576352,0.11803258210420609
1577760,0.1188560351729393
1577856,0.1254337579011917
1577872,0.1226441040635109
1579120,0.12394103407859802
1579152,0.12169678509235382
1579536,0.12642653286457062
1581488,0.11425372213125229
1582224,0.12032706290483475
1583056,0.11653035134077072
1583232,0.1029570922255516
1583248,0.11867739260196686
1583920,0.07168614864349365
1584144,0.10927663743495941
1584544,0.1103818342089653
1584800,0.10958529263734818
1585200,0.11093169450759888
1585360,0.11867325752973557
1586208,0.11826984584331512
1586496,0.11638450622558594
1587136,0.11718156933784485
1587600,0.11357103288173676
1588128,0.11259780824184418
1588704,0.1121661588549614
1588912,0.07687734812498093
1590080,0.11833484470844269
1590752,0.11974326521158218
1590896,0.12644585967063904
1591872,0.11217962205410004
1592192,0.11153245717287064
1592288,0.11828722804784775
1592544,0.12568064033985138
1592560,0.1016373485326767
1593536,0.11604145169258118
1593936,0.12364333868026733
1594176,0.11909033358097076
1594256,0.12385005503892899
1594608,0.09876129776239395
1595792,0.10782872140407562
1595808,0.12154468894004822
1596064,0.12395872175693512
1596320,0.12793764472007751
1598144,0.10498840361833572
1599376,0.12330489605665207
1599488,0.11975885927677155
1601776,0.12369401752948761
1603152,0.12199485301971436
1603200,0.10315602272748947
1603760,0.10149088501930237
1603904,0.10289057344198227
1604784,0.12094743549823761
1605728,0.11302778869867325
1606560,0.10992112755775452
1606624,0.12532663345336914
1606688,0.11896049976348877
1606864,0.11373525857925415
1607296,0.1245507001876831
1608624,0.12208282947540283
1610240,0.12619327008724213
1611520,0.07097889482975006
1611648,0.12482140213251114
1612096,0.12152805924415588
1612176,0.12233693152666092
1612192,0.11584394425153732
1612896,0.07781825214624405
1614080,0.11671379953622818
1614112,0.1059536412358284
1614448,0.1177850216627121
1615168,0.12657515704631805
1615808,0.1096365824341774
1615840,0.12043799459934235
1616544,0.11150644719600677
1616608,0.09705322980880737
1616688,0.09438538551330566
1616736,0.12131373584270477
1617424,0.10461252927780151
1617680,0.11856638640165329
1617856,0.1025315374135971
1618112,0.07715442776679993
1618144,0.07742366194725037
1619520,0.11775189638137817
1619584,0.10830038040876389
1620112,0.12352921813726425
1620256,0.12361685186624527
1620576,0.12195117026567459
1620640,0.11075067520141602
1620832,0.12788383662700653
1621216,0.08662830293178558
1621328,0.10357868671417236
1621696,0.11062026023864746
1622848,0.10396525263786316
1623712,0.12682518362998962
1626000,0.1211184412240982
1626512,0.12420423328876495
1627296,0.11278975754976273
1627920,0.10692571848630905
1628144,0.11589214205741882
1628576,0.11681771278381348
1629152,0.11144240945577621
1629376,0.12044446915388107
1631136,0.1228044405579567
1632704,0.12754453718662262
1633056,0.1254587173461914
1633120,0.1133541613817215
1634624,0.1040717139840126
1634896,0.1222892552614212
1634960,0.1169658750295639
1634992,0.11769332736730576
1635632,0.07546310126781464
1635856,0.11225471645593643
1636192,0.11980526149272919
1636592,0.12186457961797714
1636624,0.12558472156524658
1637904,0.08927104622125626
1637984,0.1085338443517685
1639152,0.11354754120111465
1640192,0.1205916702747345
1642272,0.12077108025550842
1642448,0.11993002891540527
1643680,0.12481288611888885
1643824,0.11759179830551147
1645056,0.12058728188276291
1646448,0.1000656858086586
1646544,0.11824032664299011
1648256,0.1209634393453598
1650624,0.12589962780475616
1651008,0.11926717311143875
1651040,0.11998584121465683
1651088,0.12055299431085587
1651696,0.11499130725860596
1652688,0.12181728333234787
1652976,0.12179215997457504
1653888,0.11698095500469208
1654512,0.11168864369392395
1655584,0.11705765128135681
1655680,0.12222892045974731
1657232,0.07461797446012497
1657472,0.12574414908885956
1657568,0.11235098540782928
1658032,0.11202193796634674
1658080,0.102691650390625
1658096,0.1087075024843216
1658544,0.11827126890420914
1658864,0.11538098752498627
1659232,0.09042090177536011
1660592,0.11317934095859528
1660768,0.1212247759103775
1660992,0.11755651980638504
1661376,0.1118425577878952
1661744,0.1225610300898552
1662416,0.12616707384586334
1662656,0.12418799102306366
1663280,0.09444093704223633
1664128,0.11659228801727295
1666352,0.10572807490825653
1666384,0.12058236449956894
1666656,0.11613533645868301
1666976,0.1223454624414444
1669840,0.11538100242614746
1671728,0.12481927871704102
1672080,0.11026304960250854
1672864,0.10560914874076843
1673152,0.12192631512880325
1673360,0.1232462152838707
1673888,0.1241641491651535
1674720,0.12180735170841217
1676432,0.12633460760116577
1676720,0.12125363945960999
1677728,0.10799232870340347
1678480,0.10192245244979858
1679312,0.11035481095314026
1680016,0.12652751803398132
1683520,0.11819905787706375
1683568,0.12471994012594223
1683984,0.11674565821886063
1684688,0.10965738445520401
1684816,0.12053309381008148
1685568,0.10504619777202606
1685680,0.10989335924386978
1685840,0.12456689774990082
1686352,0.12637940049171448
1686448,0.12397921085357666
1686560,0.11934929341077805
1688128,0.12670587003231049
1688272,0.12423425167798996
1690256,0.12283309549093246
1690864,0.11997705698013306
1691104,0.12220028042793274
1691232,0.1249908059835434
1691648,0.12175120413303375
1693520,0.10353799909353256
1693664,0.11991927772760391
1693792,0.1182859018445015
1694352,0.12257777154445648
1694496,0.12177681177854538
1694608,0.12478362768888474
1694624,0.11869608610868454
1695376,0.12253918498754501
1696944,0.1263035535812378
1697072,0.12544327974319458
1697264,0.12416893243789673
1697360,0.12225581705570221
1697920,0.11455024033784866
1698032,0.1243566945195198
1700464,0.10061827301979065
1700848,0.11713725328445435
1701760,0.12185445427894592
1701792,0.11138848960399628
1702496,0.11554060131311417
1703104,0.1260630190372467
1704160,0.11326809972524643
1704352,0.11770876497030258
1705008,0.09939825534820557
1705120,0.10618995875120163
1706768,0.11524014174938202
1707328,0.10318557173013687
1707648,0.11878815293312073
1707792,0.12034083157777786
1708304,0.1247495785355568
1709216,0.12357629090547562
1710528,0.11671707779169083
1710560,0.11091651022434235
1710960,0.11611468344926834
1711376,0.1247987449169159
1711408,0.11800186336040497
1711888,0.11964904516935349
1712240,0.1156846359372139
1714128,0.1238812655210495
1714928,0.1200522854924202
1714976,0.11706294119358063
1716016,0.10558377951383591
1716944,0.10819721966981888
1717744,0.09514342993497849
1717760,0.12199902534484863
1718032,0.12202175706624985
1718480,0.11320573836565018
1718672,0.1107020452618599
1719040,0.12182757258415222
1719664,0.09440620988607407
1719744,0.12199515849351883
1719920,0.08900175988674164
1720672,0.1112271100282669
1720832,0.1216328889131546
1721280,0.12097493559122086
1722256,0.1136758103966713
1722656,0.11999834328889847
1723504,0.11870934814214706
1723728,0.12297394871711731
1723904,0.07415618002414703
1724416,0.10661231726408005
1724688,0.1105620414018631
1724736,0.11715107411146164
1725296,0.11916670948266983
1727968,0.12299491465091705
1728208,0.12829983234405518
1728368,0.12834960222244263
1729456,0.12120286375284195
1729472,0.11814288049936295
1730336,0.10568014532327652
1731120,0.12649615108966827
1731648,0.12400151789188385
1731776,0.1232740506529808
1732768,0.0922284871339798
1733904,0.12426197528839111
1735808,0.07790771126747131
1735936,0.10189828276634216
1736448,0.11653931438922882
1737760,0.10022924840450287
1737824,0.11785943061113358
1738816,0.11894021183252335
1738896,0.11919377744197845
1739136,0.11662556976079941
1739264,0.1256202757358551
1739488,0.12072651833295822
1739776,0.11903931200504303
1739776,0.12178909033536911
1741152,0.0974685475230217
1741200,0.11167251318693161
1742352,0.12192504107952118
1742768,0.1191505715250969
1742848,0.12045805901288986
1743632,0.10369642078876495
1746640,0.1221574991941452
1746928,0.12712889909744263
1747424,0.10373816639184952
1747664,0.10233568400144577
1747856,0.09934928268194199
1748272,0.12183473259210587
1748336,0.12172182649374008
1749280,0.10875704884529114
1749328,0.11541193723678589
1749920,0.10884153097867966
1750112,0.1130421981215477
1750128,0.12025357782840729
1752176,0.11551185697317123
1752880,0.12382305413484573
1753680,0.11412665247917175
1754896,0.10980213433504105
1754912,0.12351331114768982
1755312,0.10216037929058075
1756528,0.10845861583948135
1756752,0.11231304705142975
1759008,0.1251852959394455
1760192,0.12382419407367706
1760528,0.12268973141908646
1761968,0.12037679553031921
1762224,0.11471837013959885
1762720,0.12068174034357071
1762784,0.11989134550094604
1762992,0.10288294404745102
1763360,0.11776597052812576
1763632,0.12126898765563965
1764016,0.09371654689311981
1765392,0.12305190414190292
1765504,0.11896242201328278
1765504,0.1214464008808136
1765664,0.1190224289894104
1765696,0.12489714473485947
1766304,0.11262542754411697
1767648,0.10440891981124878
1767680,0.09979414194822311
1767936,0.12116802483797073
1768944,0.11253547668457031
1769120,0.1238570362329483
1770608,0.11182420700788498
1771312,0.11500448733568192
1772960,0.09927171468734741
1773024,0.12415391206741333
1775040,0.11370259523391724
1775168,0.12439601868391037
1776016,0.12479259818792343
1776336,0.12828107178211212
1777088,0.12286639958620071
1778624,0.12659993767738342
1779616,0.11742763221263885
1780592,0.11446307599544525
1781008,0.12254584580659866
1782224,0.11919773370027542
1782336,0.11338786035776138
1782512,0.10586696118116379
1784128,0.12025266140699387
1784928,0.12790855765342712
1784992,0.10749011486768723
1785728,0.12086053192615509
1786192,0.09293091297149658
1786240,0.08882182836532593
1786288,0.103927843272686
1786432,0.11415166407823563
1786944,0.07351021468639374
1787376,0.11275609582662582
1788192,0.11072825640439987
1788480,0.10742295533418655
1788848,0.11009161174297333
1789968,0.11712842434644699
1792032,0.122462697327137
1792720,0.1169218197464943
1793040,0.12045611441135406
1793872,0.09386540204286575
1794640,0.12089607119560242
1795392,0.12242307513952255
1795808,0.12224925309419632
1796240,0.12326742708683014
1796320,0.11680922657251358
1796720,0.11823847144842148
1796848,0.11701992899179459
1796912,0.11931465566158295
1796944,0.0751568153500557
1797824,0.11446837335824966
1797984,0.11564232409000397
1798128,0.10354219377040863
1798752,0.09268651157617569
1800992,0.12319521605968475
1801600,0.12085611373186111
1803088,0.07544694095849991
1803584,0.11639761924743652
1804096,0.1168406754732132
1805168,0.12484312802553177
1805264,0.12173403054475784
1805696,0.12360186874866486
1806016,0.12069966644048691
1806320,0.11051258444786072
1806560,0.12323234230279922
1806576,0.10905949026346207
1807168,0.1237715557217598
1808256,0.11528200656175613
1808640,0.11784335970878601
1809600,0.10460275411605835
1809904,0.11285446584224701
1810784,0.11782999336719513
1811040,0.12395089119672775
1811344,0.1197386085987091
1813120,0.11512212455272675
1813504,0.1223333477973938
1814336,0.12032737582921982
1814912,0.1013123020529747
1815424,0.10318585485219955
1815472,0.11708196997642517
1815936,0.11796100437641144
1816032,0.10999646037817001
1816768,0.11640200763940811
1816960,0.10173715651035309
1817088,0.1174502968788147
1817232,0.12492340803146362
1818224,0.1228790432214737
1818784,0.10720033198595047
1819584,0.12103778123855591
1820576,0.1236596629023552
1820864,0.11312465369701385
1821024,0.12503677606582642
1821136,0.08927208930253983
1822352,0.12838433682918549
1823168,0.12507036328315735
1824032,0.12495806068181992
1824240,0.12100383639335632
1824336,0.12171122431755066
1824368,0.10775306075811386
1824672,0.12498264014720917
1825040,0.111207015812397
1825424,0.12628620862960815
1826224,0.10826598852872849
1826912,0.12274497747421265
1826976,0.08529967814683914
1827856,0.10563773661851883
1828000,0.11719154566526413
1828112,0.11735024303197861
1828240,0.1219710111618042
1829184,0.11455860733985901
1831824,0.11903278529644012
1832304,0.11682042479515076
1832464,0.12460870295763016
1833136,0.11966744065284729
1834352,0.11656282097101212
1834464,0.11978621780872345
1834816,0.11803923547267914
1834864,0.12334690988063812
1835856,0.12330172955989838
1835904,0.07603263109922409
1836832,0.09468457847833633
1837344,0.1056121438741684
1837504,0.10423482954502106
1837888,0.12605808675289154
1838304,0.09859420359134674
1838816,0.11046403646469116
1838848,0.12179771810770035
1839472,0.11258687824010849
1841120,0.07030721008777618
1841456,0.12264589965343475
1842304,0.10424596071243286
1842304,0.12401507049798965
1842896,0.09663181006908417
1843008,0.12030687183141708
1843456,0.12893891334533691
1844768,0.11878444999456406
1845872,0.12585502862930298
1846080,0.11690385639667511
1846112,0.10954897105693817
1846448,0.12751242518424988
1846560,0.1270279735326767
1847088,0.11453265696763992
1848496,0.12248877435922623
1848608,0.10992351174354553
1849392,0.12187100201845169
1849712,0.11731436848640442
1850064,0.1232108622789383
1850224,0.11177030950784683
1851072,0.11545411497354507
1851120,0.09270862489938736
1852112,0.12197770178318024
1852256,0.10232072323560715
1852528,0.11726614087820053
1853264,0.10988883674144745
1853376,0.12040135264396667
1853824,0.125385120511055
1854880,0.11042355000972748
1855600,0.12613795697689056
1855776,0.11645372211933136
1855824,0.12364432215690613
1856896,0.12259640544652939
1857392,0.12377747893333435
1857872,0.10367342829704285
1858304,0.10310588032007217
1859088,0.11245311051607132
1859456,0.12341969460248947
1860608,0.09433687478303909
1861088,0.11420022696256638
1861488,0.12281646579504013
1861712,0.11659201234579086
1862512,0.12195838242769241
1863104,0.12220199406147003
1865072,0.11344443261623383
1866432,0.11760421097278595
1866496,0.12138985097408295
1867840,0.11394372582435608
1868048,0.1126120314002037
1868336,0.10983335971832275
1868848,0.11100324988365173
1868864,0.11650577187538147
1870048,0.12141860276460648
1870144,0.1153232529759407
1870368,0.12575238943099976
1871136,0.11608586460351944
1871472,0.11952199041843414
1871568,0.12460853904485703
1871968,0.10984404385089874
1872144,0.10948372632265091
1872144,0.058011237531900406
1873456,0.10742153972387314
1873872,0.10991311073303223
1874640,0.07630743086338043
1875520,0.11936194449663162
1875552,0.11192449927330017
1875744,0.1233295202255249
1877488,0.1206066682934761
1877696,0.11473456770181656
1878928,0.11369041353464127
1879040,0.10565301030874252
1879248,0.12313415855169296
1879984,0.09093119949102402
1880448,0.12375340610742569
1880464,0.08443708717823029
1881280,0.1175183355808258
1881648,0.1210562065243721
1882416,0.11606322228908539
1882464,0.12471392005681992
1884448,0.12314535677433014
1884496,0.11370217055082321
1885360,0.12507884204387665
1885696,0.11681295186281204
1887344,0.09457173198461533
1888176,0.12211181968450546
1889632,0.10334950685501099
1889664,0.12237205356359482
1890272,0.12051771581172943
1890320,0.09989506006240845
1890976,0.12452846020460129
1891632,0.09758414328098297
1892272,0.11557400971651077
1892432,0.11318260431289673
1893168,0.11091282963752747
1893776,0.10768996179103851
1894336,0.1229235827922821
1894608,0.11137498170137405
1895216,0.1168670728802681
1895920,0.12438558787107468
1897888,0.10923823714256287
1898224,0.1180049404501915
1898384,0.12284540385007858
1898512,0.10624450445175171
1899536,0.11432471871376038
1900448,0.1211523786187172
1900656,0.09453903883695602
1900704,0.1196008175611496
1901184,0.11796744167804718
1901408,0.09700456261634827
1901488,0.12292398512363434
1901904,0.1238178238272667
1902272,0.11604472994804382
1903328,0.11959363520145416
1904240,0.12478020787239075
1905568,0.1219898983836174
1905776,0.1209799200296402
1907904,0.11832644045352936
1908064,0.11397756636142731
1908272,0.12340983003377914
1908304,0.11172641068696976
1908656,0.12483730912208557
1909536,0.1254236251115799
1910320,0.11308501660823822
1910512,0.11566203087568283
1910784,0.11664960533380508
1911696,0.11771084368228912
1911776,0.12080798298120499
1912128,0.11370940506458282
1912512,0.09114498645067215
1913504,0.09188427031040192
1915248,0.12283676862716675
1916336,0.11084762215614319
1916448,0.07751410454511642
1916624,0.12527857720851898
1919008,0.12241978943347931
1919824,0.1275898516178131
1920880,0.1217290461063385
1921152,0.11391259729862213
1922192,0.11222277581691742
1922320,0.11637107282876968
1923392,0.12402001023292542
1923696,0.12222636491060257
1924528,0.11034930497407913
1924672,0.12180998921394348
1925296,0.10364623367786407
1925904,0.12229929864406586
1925968,0.12547537684440613
1926624,0.10230428725481033
1927376,0.08676504343748093
1927408,0.12005864083766937
1927680,0.12458933144807816
1927888,0.11123590916395187
1928224,0.11856592446565628
1928720,0.11966747045516968
1929360,0.11390420794487
1930560,0.09072032570838928
1930576,0.1059291809797287
1930720,0.1163119226694107
1930832,0.124016173183918
1930896,0.11982031166553497
1931792,0.10689256340265274
1932384,0.116461843252182
1932960,0.11726012825965881
1933456,0.10592082887887955
1934096,0.12270461767911911
1934416,0.11273675411939621
1935056,0.12120147049427032
1935552,0.11032688617706299
1936000,0.11921656131744385
1937616,0.11856597661972046
1937952,0.1181902214884758
1938064,0.120507150888443
1938896,0.09750372916460037
1939008,0.11403266340494156
1939360,0.1006796732544899
1940048,0.1018412858247757
1940752,0.11035710573196411
1941664,0.12019369006156921
1941696,0.12259150296449661
1942208,0.12142407149076462
1942400,0.07877946645021439
1942400,0.12058641761541367
1943712,0.10723385959863663
1943744,0.12311507016420364
1945088,0.11862271279096603
1945552,0.11975506693124771
1945808,0.1244157925248146
1947312,0.12496710568666458
1947408,0.12000028789043427
1948864,0.10612931847572327
1948896,0.12018614262342453
1949008,0.11374658346176147
1949136,0.0879492238163948
1949600,0.12543487548828125
1950384,0.10615336894989014
1951040,0.12067488580942154
1951680,0.10434798896312714
1951744,0.12460123747587204
1952192,0.11307234317064285
1952256,0.09899503737688065
1953136,0.109834685921669
1953968,0.10191289335489273
1954112,0.09221243858337402
1955248,0.12178468704223633
1955296,0.1133308932185173
1955312,0.11328858882188797
1955552,0.11344637721776962
1956656,0.11852055788040161
1956848,0.11208760738372803
1957488,0.11929015815258026
1958352,0.12447235733270645
1958464,0.10101346671581268
1959136,0.12001988291740417
1959408,0.11024145781993866
1959456,0.12551434338092804
1959872,0.12453660368919373
1961232,0.12403373420238495
1961952,0.1182616576552391
1962112,0.10279400646686554
1963024,0.11224685609340668
1963216,0.10720348358154297
1963408,0.12031300365924835
1963520,0.12054028362035751
1963536,0.07017481327056885
1963856,0.11575186997652054
1964208,0.11778919398784637
1965376,0.10017064958810806
1966304,0.11279222369194031
1966464,0.10635973513126373
1966496,0.11860111355781555
1967216,0.11560232937335968
1967328,0.11427520960569382
1968016,0.1271621435880661
1968192,0.12342190742492676
1968960,0.11729183793067932
1969360,0.11841417104005814
1969552,0.11253489553928375
1970784,0.11925793439149857
1970960,0.12455015629529953
1971168,0.11319846659898758
1971520,0.11174655705690384
1972864,0.12378712743520737
1973056,0.1204439178109169
1973472,0.11947056651115417
1973648,0.12111946195363998
1974464,0.12562046945095062
1976624,0.12291845679283142
1976720,0.12423969805240631
1976944,0.07423283904790878
1977024,0.1203211098909378
1977376,0.11560419201850891
1977632,0.10830177366733551
1978368,0.12680549919605255
1979008,0.11422531306743622
1980256,0.11381208896636963
1980656,0.12660303711891174
1980704,0.11905544251203537
1980928,0.12821818888187408
1981824,0.11287546157836914
1982224,0.12223810702562332
1982336,0.11825576424598694
1982560,0.11801794916391373
1982896,0.10780928283929825
1983632,0.09298115968704224
1985760,0.12216919660568237
1986496,0.11441349983215332
1986624,0.09920545667409897
1986784,0.1205848902463913
1987056,0.11207464337348938
1987104,0.12474320828914642
1987856,0.1243375688791275
1988256,0.11038882285356522
1988736,0.10454762727022171
1988864,0.115913987159729
1989232,0.1145392432808876
1989408,0.1066371500492096
1989504,0.12399966269731522
1989552,0.11628256738185883
1989680,0.12423575669527054
1990000,0.12285195291042328
1990528,0.1166173443198204
1991824,0.12559182941913605
1992448,0.11687741428613663
1992688,0.12620188295841217
1993008,0.10836165398359299
1993152,0.11937981098890305
1993504,0.11217684298753738
1993568,0.12396252900362015
1993888,0.08682139962911606
1997072,0.11172512918710709
1997376,0.12194894999265671
1998032,0.11321423947811127
1998528,0.09691431373357773
1998928,0.1207379549741745
1999488,0.11211836338043213
1999536,0.11044220626354218
1999888,0.11103541404008865
2000864,0.10366970300674438
2000928,0.1216932088136673
2001216,0.10396377742290497
2001536,0.11798890680074692
2001552,0.10808689147233963
2002160,0.12624162435531616
2002240,0.10864003002643585
2002464,0.12593835592269897
2003488,0.11354707926511765
2003808,0.11843440681695938
2004768,0.10839402675628662
2006080,0.11659833788871765
2006144,0.12114966660737991
2006512,0.12344701588153839
2007328,0.11150290817022324
2007424,0.12110746651887894
2007696,0.12035822868347168
2008336,0.1221940666437149
2009504,0.11466635763645172
2010032,0.12657101452350616
2010336,0.11322278529405594
2010672,0.08957604318857193
2010704,0.12384052574634552
2010912,0.11453184485435486
2011904,0.12061619758605957
2012688,0.11302480846643448
2013264,0.11924301087856293
2013632,0.11180899292230606
2014192,0.11447004228830338
2014256,0.11739535629749298
2016288,0.11232417821884155
2016480,0.11039352416992188
2016656,0.11806464940309525
2016832,0.11553766578435898
2017904,0.12151340395212173
2018032,0.12252362817525864
2018544,0.12665681540966034
2018928,0.11790832132101059
2019904,0.11738771945238113
2019936,0.11310971528291702
2021456,0.12088530510663986
2022176,0.11578022688627243
2023776,0.07719676941633224
2023808,0.12237431108951569
2024704,0.12585395574569702
2025088,0.11982329934835434
2025984,0.12521910667419434
2026640,0.10424976795911789
2027104,0.10946361720561981
2027312,0.10903342068195343
2028528,0.12172947078943253
2028576,0.116668701171875
2028640,0.11640380322933197
2028784,0.11357933282852173
2030592,0.1211780458688736
2030592,0.09710080176591873
2031120,0.11941134184598923
2032016,0.1148323118686676
2032640,0.1267351359128952
2032960,0.11777767539024353
2033040,0.11938361823558807
2033168,0.11854146420955658
2033376,0.12466034293174744
2035200,0.12148860841989517
2035248,0.10318725556135178
2035632,0.11657572537660599
2035744,0.10628288239240646
2036016,0.09298361837863922
2036544,0.1244773417711258
2036960,0.12133593112230301
2037712,0.12309956550598145
2039232,0.11824735999107361
2040368,0.10316161811351776
2040448,0.11577338725328445
2040976,0.12295935302972794
2041360,0.11735158413648605
2041488,0.11767947673797607
2041984,0.10725633054971695
2042352,0.12631209194660187
2042800,0.09751133620738983
2042816,0.11834472417831421
2042992,0.120918408036232
2043168,0.09804901480674744
2043200,0.12568916380405426
2043824,0.12304088473320007
2043968,0.1197035163640976
2044512,0.12074647098779678
2045840,0.12605494260787964
2046352,0.12478470802307129
2046352,0.1242738887667656
2046496,0.1153864711523056
2046704,0.12004867196083069
2046768,0.12520447373390198
2048208,0.11310980468988419
2049456,0.12309148162603378
2050976,0.11200333386659622
2052096,0.10285825282335281
2052720,0.11803648620843887
2052832,0.06845159828662872
2053520,0.12242524325847626
2054432,0.12590235471725464
2055536,0.11832598596811295
2056208,0.11363907158374786
2056240,0.11053546518087387
2056272,0.12040603160858154
2056352,0.11554750055074692
2057936,0.12078250199556351
2060016,0.12106459587812424
2060432,0.12463509291410446
2060624,0.08272605389356613
2062496,0.1139882281422615
2062656,0.1139385849237442
2063536,0.12081798911094666
2063952,0.1069185808300972
2064064,0.1250583976507187
2064432,0.09732121974229813
2066080,0.1227780431509018
2066112,0.11663702875375748
2066544,0.12053035199642181
2066992,0.11627739667892456
2067280,0.12666462361812592
2067440,0.12386168539524078
2067616,0.12302501499652863
2068352,0.12040982395410538
2069328,0.1090972051024437
2069600,0.11940432339906693
2069696,0.11430952697992325
2070608,0.11872688680887222
2071248,0.11771988123655319
2071584,0.12580573558807373
2073152,0.12031262367963791
2073232,0.12127695232629776
2074064,0.11940116435289383
2076528,0.11732107400894165
2076688,0.12225260585546494
2077200,0.1083146184682846
2078624,0.12788985669612885
2079552,0.12237262725830078
2079952,0.12297449260950089
2080112,0.12241079658269882
2080736,0.1255599856376648
2080816,0.11362819373607635
2082096,0.11619249731302261
2082944,0.124675452709198
2083408,0.11498729139566422
2084368,0.11957675963640213
2086688,0.11317744851112366
2086960,0.12086351960897446
2086976,0.1128409206867218
2087072,0.1283799111843109
2087792,0.11998147517442703
2089280,0.11785047501325607
2089504,0.10941804945468903
2089776,0.12710489332675934
2090064,0.10985186696052551
2090720,0.11951041221618652
2090736,0.10548695176839828
2090944,0.11029338091611862
2091568,0.12113148719072342
2092832,0.12216807901859283
2093648,0.12115953117609024
2094144,0.1196790561079979
2095136,0.12109686434268951
2095376,0.10990225523710251
2095920,0.12581408023834229
2098688,0.12189669907093048
2099056,0.12533052265644073
2099232,0.07966852933168411
2099664,0.12249352037906647
2100528,0.10840393602848053
2100704,0.11866044998168945
2101104,0.11945464462041855
2101856,0.12283730506896973
2102224,0.12524209916591644
2102528,0.1255640983581543
2102912,0.1213543638586998
2103264,0.12389365583658218
2104160,0.11135528981685638
2104304,0.12342731654644012
2104624,0.12534895539283752
2105392,0.11086922883987427
2105568,0.11948060244321823
2105680,0.12189806997776031
2105856,0.12260054051876068
2106352,0.11308138817548752
2106368,0.10430165380239487
2106528,0.11866153031587601
2107344,0.08000116050243378
2107648,0.11937054991722107
2107744,0.11453714966773987
2108496,0.11023765057325363
2109056,0.11007776856422424
2109392,0.09835464507341385
2109440,0.11541575938463211
2109760,0.11710954457521439
2110624,0.11926066875457764
2111488,0.1180724948644638
2111744,0.10924950242042542
2112576,0.11713723093271255
2112928,0.1233678013086319
2112944,0.12402278184890747
2113248,0.11244986951351166
2113504,0.1050584465265274
2113664,0.11906445026397705
2114464,0.11496230959892273
2115040,0.12624400854110718
2115248,0.12242978811264038
2115312,0.11735893785953522
2116448,0.11861429363489151
2116560,0.12536883354187012
2117248,0.12268228083848953
2118736,0.12547144293785095
2119184,0.11681830883026123
2119824,0.11669950187206268
2120048,0.12454964965581894
2120688,0.1160607859492302
2122384,0.12368586659431458
2123376,0.12363574653863907
2123456,0.12018291652202606
2123552,0.12342238426208496
2125088,0.09340507537126541
2125392,0.1200728788971901
2125520,0.1181129589676857
2126048,0.10601331293582916
2126320,0.12050298601388931
2126992,0.12367821484804153
2128832,0.11830949038267136
2129056,0.12077321857213974
2129472,0.12521986663341522
2129664,0.11324644833803177
2129856,0.10699939727783203
2129968,0.1280965805053711
2130432,0.11043085157871246
2130768,0.10204007476568222
2131216,0.10406439751386642
2132928,0.1215038076043129
2133408,0.1205051839351654
2133472,0.11702439188957214
2134928,0.1142270416021347
2135568,0.128119558095932
2136512,0.11518582701683044
2136608,0.11636313050985336
2136880,0.1255248785018921
2137504,0.11858263611793518
2137568,0.12368972599506378
2138352,0.11359260976314545
2139136,0.1291007548570633
2140192,0.12269120663404465
2141104,0.12460585683584213
2141584,0.11547083407640457
2141600,0.11922288686037064
2142016,0.12060791999101639
2143792,0.1178717389702797
2143904,0.11663518846035004
2144720,0.1221996545791626
2145024,0.12506234645843506
2145072,0.12179117649793625
2145488,0.12401866167783737
2147088,0.11680500209331512
2148416,0.0964316800236702
2148656,0.1228441596031189
2148656,0.11840903759002686
2149616,0.12206103652715683
2151152,0.11903343349695206
2151168,0.12908510863780975
2151248,0.10932832956314087
2151696,0.11963356286287308
2151808,0.11276593059301376
2154704,0.1180335059762001
2155600,0.12286022305488586
2156704,0.11705821752548218
2157664,0.12496528774499893
2157824,0.09103696048259735
2157920,0.1122080460190773
2158272,0.1182868480682373
2158432,0.11054274439811707
2159392,0.09653471410274506
2159744,0.1274711936712265
2159984,0.11377457529306412
2160208,0.12721635401248932
2160304,0.11989863961935043
2162000,0.12329978495836258
2162032,0.09974242001771927
2162592,0.1252528429031372
2163312,0.11543529480695724
2163360,0.12205744534730911
2163472,0.12318602949380875
2165568,0.12290427088737488
2165568,0.12435755133628845
2166192,0.12115734815597534
2166416,0.12126010656356812
2166784,0.1164044737815857
2166848,0.11586996912956238
2166912,0.12366641312837601
2168272,0.11864059418439865
2168560,0.12933482229709625
2168608,0.11676108092069626
2169040,0.12934793531894684
2170160,0.1095702052116394
2170832,0.07517395913600922
2170912,0.12441547960042953
2171744,0.1094394400715828
2172608,0.1085134744644165
2172800,0.1213134229183197
2174176,0.11597510427236557
2175296,0.12028538435697556
2176208,0.12071117758750916
2176752,0.12306296825408936
2177568,0.12834399938583374
2178816,0.11952749639749527
2179072,0.11501886695623398
2179072,0.09155407547950745
2179072,0.1258384883403778
2182608,0.1242375373840332
2183728,0.11224142462015152
2185168,0.12444278597831726
2186288,0.12476031482219696
2186512,0.11902207136154175
2187232,0.11446216702461243
2188112,0.1294405162334442
2188672,0.1317344605922699
2189808,0.12358593940734863
2190432,0.12328734993934631
2190608,0.11804157495498657
2190816,0.1286012977361679
2192112,0.12291269749403
2193376,0.11798349022865295
2193456,0.12327343970537186
2194064,0.10912010818719864
2194096,0.12110409140586853
2197008,0.11405987292528152
2197616,0.12046767771244049
2197872,0.11456258594989777
2197888,0.12721966207027435
2198912,0.114066943526268
2199392,0.11996564269065857
2200160,0.12095507234334946
2200480,0.12378859519958496
2201456,0.12088675051927567
2202000,0.10978411138057709
2202288,0.10429105907678604
2202416,0.11305262893438339
2203104,0.11087335646152496
2204656,0.12470699846744537
2206320,0.09642795473337173
2206720,0.12710772454738617
2207632,0.11847078800201416
2208272,0.12415415048599243
2208288,0.11032325029373169
2208384,0.1196528747677803
2208384,0.12115855515003204
2208528,0.1111207827925682
2208576,0.11880658566951752
2209440,0.11666244268417358
2209984,0.11862348020076752
2211360,0.10155723989009857
2212144,0.11453595757484436
2213600,0.1234724372625351
2214640,0.1243845671415329
2214832,0.11140622943639755
2215184,0.11023566871881485
2215648,0.1201591044664383
2216384,0.12329751253128052
2217232,0.12131918966770172
2217280,0.10624389350414276
2218672,0.12649787962436676
2219488,0.12494302541017532
2221024,0.12005074322223663
2221840,0.1217459961771965
2222192,0.12016456574201584
2223056,0.12431290745735168
2224736,0.12014864385128021
2225376,0.12370401620864868
2225472,0.11321132630109787
2225488,0.11626266688108444
2225824,0.11808297038078308
2227360,0.12183495610952377
2228080,0.11450573056936264
2228320,0.1206718385219574
2228544,0.06917096674442291
2228704,0.09799996018409729
2229984,0.12504470348358154
2230400,0.1107649877667427
2230688,0.12175596505403519
2231904,0.12196949124336243
2232192,0.11680300533771515
2234016,0.12020862847566605
2234656,0.11905843764543533
2235488,0.11949612200260162
2235728,0.12578177452087402
2235904,0.11931958049535751
2236112,0.13043923676013947
2236368,0.12903109192848206
2236784,0.11012762039899826
2237472,0.10946144163608551
2238736,0.10838199406862259
2239472,0.11600594967603683
2239744,0.12115228176116943
2239904,0.12324623763561249
2240112,0.115751713514328
2241024,0.12075132131576538
2241568,0.11755498498678207
2241568,0.11259551346302032
2242048,0.11959240585565567
2242192,0.11420439183712006
2243440,0.12504440546035767
2243648,0.1145353838801384
2243952,0.12619242072105408
2244448,0.11380095779895782
2244688,0.1224794089794159
2245696,0.11714392900466919
2247152,0.11619460582733154
2247248,0.11949994415044785
2248592,0.12699520587921143
2250240,0.11691780388355255
2250576,0.118265300989151
2250688,0.11957483738660812
2250896,0.11917507648468018
2251776,0.12001977115869522
2251952,0.10109715163707733
2252528,0.12467431277036667
2254096,0.12042887508869171
2254400,0.12276920676231384
2255392,0.11753654479980469
2256080,0.12057056277990341
2256080,0.11743631958961487
2257232,0.11939950287342072
2257600,0.11652273684740067
2259248,0.11555985361337662
2259632,0.12042994052171707
2259648,0.12049812078475952
2259728,0.108887679874897
2259872,0.12386754155158997
2261184,0.12271782010793686
2261440,0.11941027641296387
2262384,0.12071606516838074
2262864,0.12200647592544556
2263216,0.10190292447805405
2263248,0.1170567199587822
2263440,0.0972420945763588
2264480,0.10685592889785767
2265920,0.12162511795759201
2266176,0.11319389939308167
2266256,0.10651051253080368
2266368,0.1204151064157486
2266880,0.12161187827587128
2268272,0.11844777315855026
2268912,0.05772252380847931
2269488,0.11651230603456497
2269936,0.12073161453008652
2269968,0.12097598612308502
2270400,0.07848876714706421
2271232,0.11603067070245743
2271760,0.12536241114139557
2273504,0.12089002877473831
2276128,0.07860938459634781
2276560,0.11084236204624176
2276656,0.12248371541500092
2276720,0.11197953671216965
2277136,0.10907725244760513
2277152,0.12341180443763733
2277984,0.09567087888717651
2278144,0.12013059109449387
2279120,0.11795748770236969
2279552,0.1071881502866745
2280096,0.12672951817512512
2280144,0.12269407510757446
2280240,0.11218270659446716
2280272,0.1129840612411499
2280752,0.1203085333108902
2281520,0.11408525705337524
2282016,0.10509895533323288
2282400,0.11223319172859192
2282880,0.11940320581197739
2283888,0.11998020112514496
2284688,0.12022668868303299
2284976,0.11654620617628098
2285280,0.11615660041570663
2286032,0.11699433624744415
2286224,0.12022186815738678
2286544,0.11755941063165665
2287328,0.10884007811546326
2287696,0.12149790674448013
2287712,0.10696959495544434
2288112,0.08787471801042557
2288544,0.1131783276796341
2288976,0.12508492171764374
2289216,0.11958104372024536
2289232,0.11919783055782318
2290640,0.1209554523229599
2291280,0.11594615876674652
2291776,0.11899134516716003
2292144,0.11415040493011475
2292176,0.12214396148920059
2292560,0.118509441614151
2294256,0.12183993309736252
2294496,0.11946521699428558
2295104,0.12358857691287994
2295104,0.12361741065979004
2295680,0.12787558138370514
2296880,0.1260852813720703
2297408,0.11888547986745834
2297616,0.12668459117412567
2297680,0.10748356580734253
2298064,0.11905690282583237
2298432,0.09834493696689606
2298448,0.12290376424789429
2298928,0.1165350079536438
2299456,0.12396325916051865
2300128,0.12433169037103653
2301184,0.1224886029958725
2302192,0.11586303263902664
2303456,0.12204916030168533
2303568,0.11183985322713852
2304016,0.10054866969585419
2304784,0.11601617187261581
2306288,0.12529723346233368
2307040,0.12535090744495392
2307408,0.12173071503639221
2307536,0.1299147605895996
2308320,0.12448140978813171
2309040,0.12140166759490967
2310112,0.1209346354007721
2310960,0.1230468899011612
2311824,0.11934943497180939
2311856,0.11747851967811584
2313488,0.12327941507101059
2314544,0.1197914108633995
2314560,0.11963497847318649
2314752,0.10966171324253082
2314800,0.11202157288789749
2315184,0.1154712662100792
2315296,0.12131834775209427
2315744,0.09050585329532623
2317168,0.12224308401346207
2317440,0.07723630964756012
2318336,0.12683197855949402
2319328,0.12266546487808228
2320128,0.10253140330314636
2320464,0.12131324410438538
2321072,0.11623483896255493
2321792,0.12225253134965897
2322672,0.12165138125419617
2324400,0.12413405627012253
2325008,0.11685854941606522
2325360,0.11577808111906052
2326224,0.1267457753419876
2326336,0.12055882811546326
2327088,0.12056246399879456
2327840,0.10976614058017731
2328048,0.12431175261735916
2329104,0.11631046235561371
2330688,0.12330817431211472
2330720,0.08392462879419327
2331504,0.12210134416818619
2331504,0.09787231683731079
2332720,0.11985491961240768
2332896,0.11891288310289383
2333136,0.10517136007547379
2333232,0.10856422781944275
2335168,0.1103890985250473
2335264,0.10022689402103424
2336176,0.12582220137119293
2336640,0.12574848532676697
2336864,0.1217084676027298
2336880,0.118476502597332
2337600,0.11990850418806076
2337616,0.10090269148349762
2337856,0.10417472571134567
2338624,0.12133669853210449
2339216,0.10807732492685318
2339760,0.12802770733833313
2341072,0.1176033690571785
2341728,0.1226593405008316
2341920,0.11566557735204697
2342208,0.11935041844844818
2342368,0.12255382537841797
2344368,0.1182786226272583
2344448,0.12478799372911453
2344944,0.10930397361516953
2345664,0.11415053904056549
2345728,0.09721986204385757
2345888,0.09572046250104904
2346704,0.12916061282157898
2348944,0.12134168297052383
2349024,0.12442418932914734
2349312,0.1163007915019989
2349536,0.1274815946817398
2349776,0.10803902894258499
2350096,0.11992128938436508
2350336,0.1168612465262413
2351472,0.10220079123973846
2352256,0.12552163004875183
2352544,0.11878114938735962
2352608,0.11512543261051178
2352880,0.12419979274272919
2353712,0.1210043877363205
2354144,0.12746930122375488
2354928,0.11141850799322128
2354960,0.12447719275951385
2355152,0.11552048474550247
2355904,0.12013809382915497
2356416,0.11949881166219711
2357632,0.11261039972305298
2358624,0.12261570245027542
2359760,0.12247437238693237
2359856,0.10070323944091797
2360864,0.10478578507900238
2361344,0.1235206201672554
2362112,0.12160366773605347
2362144,0.12037820369005203
2363440,0.1235102117061615
2364880,0.12151777744293213
2365536,0.12004610151052475
2366016,0.11416614800691605
2366480,0.10191487520933151
2366976,0.11380935460329056
2367056,0.11212887614965439
2367552,0.11561740934848785
2368496,0.11263591051101685
2369456,0.12100757658481598
2369936,0.1308317631483078
2370208,0.11971745640039444
2371472,0.12241663783788681
2372640,0.12426390498876572
2372816,0.10525469481945038
2372928,0.11402645707130432
2372944,0.1214611828327179
2372992,0.11491777002811432
2375040,0.12581083178520203
2375136,0.11491382867097855
2376304,0.11485277116298676
2376416,0.11607401818037033
2376512,0.11968135833740234
2376608,0.110202856361866
2377232,0.08776398003101349
2377552,0.12126590311527252
2379984,0.1265614777803421
2379984,0.11060536652803421
2380192,0.12298766523599625
2380560,0.11222947388887405
2381152,0.11915913224220276
2383104,0.12032290548086166
2383440,0.12279213964939117
2383760,0.1203756332397461
2383792,0.12335509061813354
2384752,0.12575626373291016
2386224,0.11572486162185669
2386976,0.1257617175579071
2387248,0.12687484920024872
2387408,0.11752345412969589
2387440,0.11948361247777939
2388096,0.11124575138092041
2390560,0.12071437388658524
2390896,0.11758198589086533
2390896,0.12257734686136246
2390976,0.12685902416706085
2391152,0.12645526230335236
2391360,0.11856593936681747
2391584,0.12378101795911789
2392112,0.12641875445842743
2393024,0.11410333961248398
2393488,0.12137308716773987
2393520,0.11619333177804947
2393648,0.11037478595972061
2394544,0.11347855627536774
2394992,0.11458529531955719
2395360,0.11405174434185028
2395600,0.11442471295595169
2397616,0.1280706822872162
2398304,0.1131395697593689
2400304,0.11346534639596939
2400336,0.08970604091882706
2402112,0.12363742291927338
2403904,0.12485820800065994
2405696,0.11687353998422623
2405984,0.1199396625161171
2406496,0.10523635149002075
2406640,0.10905683040618896
2407440,0.12709753215312958
2408080,0.09667794406414032
2408320,0.11154426634311676
2408912,0.10726211220026016
2409088,0.12528669834136963
2409488,0.1216522753238678
2409488,0.11291329562664032
2410032,0.11814858764410019
2410960,0.12013645470142365
2411776,0.12448456883430481
2412240,0.09835202246904373
2412656,0.11708725243806839
2413024,0.11025775223970413
2413392,0.12491138279438019
2415152,0.09917102754116058
2415280,0.11954044550657272
2416128,0.11202690005302429
2416464,0.10203025490045547
2416608,0.12440051138401031
2416624,0.12521664798259735
2416736,0.11438556760549545
2417280,0.12163398414850235
2417552,0.09836376458406448
2417712,0.10741522163152695
2418144,0.11697454750537872
2418960,0.11905219405889511
2419376,0.12198341637849808
2420160,0.11349882185459137
2420208,0.10912127792835236
2420336,0.11709386855363846
2420832,0.12290006130933762
2423184,0.12721367180347443
2423792,0.12700344622135162
2423936,0.12091474235057831
2424816,0.11651040613651276
2425008,0.11800259351730347
2426544,0.12517106533050537
2426800,0.12005095928907394
2427328,0.12231472879648209
2427376,0.12366064637899399
2429632,0.1234540343284607
2430400,0.1247771680355072
2431184,0.12703503668308258
2431872,0.1270267218351364
2432048,0.11795680224895477
2432064,0.11434371769428253
2434064,0.12069861590862274
2434224,0.11407696455717087
2434512,0.12800514698028564
2435088,0.10610940307378769
2435696,0.12525635957717896
2436896,0.09525897353887558
2437680,0.10596384853124619
2437968,0.11398535221815109
2438064,0.11862921714782715
2439264,0.12178845703601837
2440048,0.12223579734563828
2441136,0.12571342289447784
2441584,0.1216835081577301
2441680,0.12105908244848251
2441728,0.12128043919801712
2442016,0.11377207189798355
2442368,0.11919339746236801
2442672,0.12636370956897736
2442832,0.11938808113336563
2443984,0.11873343586921692
2444032,0.11480125039815903
2445088,0.12241452932357788
2445504,0.1087753102183342
2446384,0.12129119783639908
2447232,0.1243182122707367
2447360,0.09764647483825684
2447456,0.1215507984161377
2447632,0.11493335664272308
2448528,0.11848532408475876
2448896,0.11771753430366516
2449728,0.1215386763215065
2449952,0.11788777261972427
2451632,0.11267751455307007
2452000,0.1233445331454277
2452384,0.1254468560218811
2452640,0.12183347344398499
2453552,0.11451999098062515
2454064,0.12180952727794647
2454672,0.11059340089559555
2455424,0.1200014054775238
2455728,0.12624968588352203
2456048,0.11749862134456635
2456048,0.12626633048057556
2456096,0.1221187561750412
2457712,0.1146007627248764
2458048,0.12194538116455078
2458208,0.12429444491863251
2458864,0.11442767828702927
2458928,0.12235674262046814
2459392,0.12282179296016693
2459712,0.12285352498292923
2460608,0.12953653931617737
2461360,0.11849838495254517
2461456,0.11279184371232986
2461504,0.12046876549720764
2462528,0.1164642795920372
2462656,0.12183579802513123
2462960,0.12041042745113373
2463648,0.12515759468078613
2464304,0.1012919694185257
2464976,0.12816542387008667
2465088,0.12410227954387665
2466000,0.11930059641599655
2466176,0.11946088075637817
2467376,0.11451264470815659
2467472,0.12195566296577454
2467776,0.12321029603481293
2468688,0.12450654059648514
2468896,0.12590721249580383
2470000,0.11304275691509247
2470992,0.12053944170475006
2472528,0.10651729255914688
2475504,0.12356532365083694
2475536,0.10048660635948181
2475856,0.12121880799531937
2475952,0.11434256285429001
2476096,0.11557261645793915
2476144,0.12154721468687057
2477040,0.10970094799995422
2477408,0.119649238884449
2477888,0.10927924513816833
2477904,0.10956467688083649
2479248,0.12114869803190231
2479472,0.11620081216096878
2480528,0.12031751871109009
2481552,0.11528840661048889
2481696,0.12508752942085266
2481808,0.11348435282707214
2482512,0.1152232438325882
2482736,0.10550087690353394
2483184,0.11258920282125473
2483776,0.12090455740690231
2485280,0.11826226860284805
2485408,0.11086802184581757
2486576,0.12710881233215332
2486848,0.11960511654615402
2487328,0.12213899940252304
2487744,0.11922506988048553
2488784,0.1204943135380745
2490048,0.10855257511138916
2490992,0.1165168285369873
2491264,0.12211403250694275
2491312,0.12131419032812119
2492368,0.12250246107578278
2492608,0.11541867256164551
2493056,0.12007429450750351
2493296,0.11366640776395798
2493792,0.12294843047857285
2494064,0.1240205317735672
2494112,0.12429651618003845
2494400,0.12221917510032654
2494880,0.119166299700737
2496880,0.12253066897392273
2497456,0.11454138159751892
2497792,0.11445977538824081
2498528,0.11588060855865479
2498592,0.12065303325653076
2498720,0.11217506229877472
2499520,0.12355127185583115
2499792,0.12045498192310333
2500384,0.12421298027038574
2500672,0.10630872845649719
2503152,0.12267786264419556
2505312,0.11808254569768906
2505456,0.1147361695766449
2505760,0.12188079208135605
2505968,0.1155785322189331
2506304,0.11651298403739929
2506960,0.11253945529460907
2507408,0.12907305359840393
2507808,0.12048112601041794
2508320,0.11809254437685013
2509184,0.11057810485363007
2509680,0.11885326355695724
2509776,0.10095871984958649
2509792,0.11320266127586365
2510000,0.1094214990735054
2510528,0.12120933085680008
2511792,0.11176235973834991
2513472,0.11633060872554779
2513632,0.12307483702898026
2513984,0.12689128518104553
2514016,0.1241580992937088
2515648,0.12467209249734879
2517104,0.11465322971343994
2517648,0.11827206611633301
2518240,0.10327883809804916
2518976,0.12262818217277527
2519008,0.12471276521682739
2521712,0.12386313080787659
2522368,0.1270247846841812
2522528,0.12502343952655792
2523520,0.11928971856832504
2524368,0.11736199259757996
2524400,0.1231985092163086
2525184,0.11210007965564728
2525440,0.11469709128141403
2526656,0.0890573039650917
2527152,0.09909296780824661
2527776,0.11956386268138885
2527856,0.10454681515693665
2528208,0.0780806764960289
2528752,0.10388769954442978
2528816,0.12388797849416733
2530688,0.11400038748979568
2531296,0.1201983317732811
2531488,0.12410058081150055
2531824,0.12203879654407501
2532240,0.12209603935480118
2532768,0.1011909544467926
2534896,0.12367170304059982
2535808,0.12613411247730255
2537120,0.11984720081090927
2537360,0.11785439401865005
2537872,0.12193607538938522
2538064,0.10005567222833633
2538336,0.1170649453997612
2538432,0.12062861770391464
2538464,0.12214957922697067
2538512,0.11049364507198334
2540880,0.11951016634702682
2542208,0.12460244446992874
2542880,0.12301179766654968
2544288,0.12054720520973206
2544944,0.12326560169458389
2545488,0.12343870848417282
2545968,0.12036608904600143
2546448,0.12898220121860504
2548256,0.1135147288441658
2548480,0.12562385201454163
2549088,0.12649820744991302
2550848,0.12184356898069382
2552128,0.11620303988456726
2554496,0.11653093248605728
2555504,0.11748842149972916
2556272,0.12029452621936798
2557552,0.10638986527919769
2558832,0.12402502447366714
2558880,0.11566796898841858
2559760,0.117272287607193
2560512,0.12395630031824112
2561072,0.12381752580404282
2562272,0.12369731068611145
2562448,0.12338890880346298
2562704,0.1214786171913147
2563664,0.11814597994089127
2565072,0.11288198828697205
2565808,0.1192459687590599
2566048,0.12596574425697327
2566848,0.11409905552864075
2567216,0.11613065004348755
2567216,0.1255568116903305
2567600,0.12731489539146423
2568704,0.11907745152711868
2569536,0.11369768530130386
2569696,0.11936063319444656
2570368,0.1258213222026825
2570832,0.12600821256637573
2571008,0.1255895346403122
2571296,0.11966380476951599
2571664,0.12306781858205795
2573232,0.11941294372081757
2573312,0.12308462709188461
2573456,0.12092065066099167
2574000,0.1233912855386734
2574400,0.1306988000869751
2575296,0.12038638442754745
2575680,0.11133668571710587
2576784,0.12076203525066376
2577440,0.12294705957174301
2577632,0.11703762412071228
2577872,0.12450385838747025
2580464,0.12168487906455994
2580512,0.11963764578104019
2580768,0.12513022124767303
2581040,0.12563477456569672
2581840,0.11999141424894333
2582736,0.12730447947978973
2584144,0.12348843365907669
2584192,0.1206364706158638
2584560,0.12376724183559418
2584608,0.12633448839187622
2585136,0.12941938638687134
2585424,0.12229390442371368
2585632,0.12680630385875702
2586096,0.12446910887956619
2586240,0.12174806743860245
2586640,0.124637670814991
2586640,0.12895169854164124
2587600,0.10404832661151886
2587744,0.11759495735168457
2588256,0.12332630902528763
2589152,0.12407498061656952
2589200,0.11185431480407715
2589840,0.11786115169525146
2590208,0.12061675637960434
2591120,0.12515796720981598
2591584,0.1295342743396759
2591728,0.10406409949064255
2592832,0.11887308955192566
2593408,0.13107174634933472
2594688,0.12568935751914978
2594976,0.12630654871463776
2596016,0.12257495522499084
2596320,0.11799518764019012
2596656,0.11997019499540329
2597792,0.1213536411523819
2598128,0.11875253915786743
2598272,0.1210746094584465
2598528,0.12450641393661499
2598560,0.12421604245901108
2599024,0.12207361310720444
2599504,0.1209612563252449
2599888,0.12512317299842834
2600064,0.11588815599679947
2600336,0.11800198256969452
2600800,0.11172100901603699
2601600,0.11392341554164886
2601856,0.12379558384418488
2601904,0.1029094010591507
2601920,0.1139184758067131
2602384,0.10582391917705536
2602448,0.11609197407960892
2602656,0.09819821268320084
2603968,0.11893294006586075
2605488,0.1261262744665146
2605552,0.12299995869398117
2605600,0.12013515084981918
2606512,0.12129926681518555
2606912,0.07226578146219254
2607216,0.12541578710079193
2607920,0.1244957447052002
2608112,0.11381784826517105
2608960,0.12366048991680145
2609248,0.11052186787128448
2609264,0.1256912648677826
2609408,0.11615771800279617
2609520,0.12568910419940948
2610832,0.11366565525531769
2611520,0.11783381551504135
2612512,0.12907502055168152
2612672,0.12086105346679688
2612848,0.11686671525239944
2612864,0.12868139147758484
2613504,0.10567544400691986
2614400,0.12284266203641891
2614656,0.10251312702894211
2615040,0.12262291461229324
2615248,0.12141520529985428
2615472,0.1132844090461731
2616976,0.12256105989217758
2617840,0.10542906075716019
2618448,0.11597743630409241
2618608,0.12616021931171417
2618720,0.12355941534042358
2619008,0.12393781542778015
2620688,0.11883699148893356
2622928,0.11456669121980667
2624128,0.12307422608137131
2624272,0.1223633736371994
2624496,0.12150964140892029
2625792,0.1225130558013916
2626480,0.12278638780117035
2626816,0.11902465671300888
2627568,0.12829066812992096
2628448,0.11651422828435898
2629152,0.12314044684171677
2629232,0.11882220953702927
2629376,0.125714972615242
2629440,0.11654984205961227
2630352,0.1261514276266098
2630352,0.1290491223335266
2630496,0.11975663900375366
2631184,0.12208721786737442
2632080,0.10281942784786224
2632608,0.13053423166275024
2632928,0.1215737909078598
2632976,0.11309532821178436
2633024,0.12253349274396896
2636528,0.1252104640007019
2637184,0.12097294628620148
2637472,0.12874972820281982
2637712,0.11742975562810898
2638000,0.10372395813465118
2638384,0.1180662140250206
2638640,0.12170130014419556
2638656,0.11653488874435425
2639152,0.12412388622760773
2640016,0.11955973505973816
2640432,0.10563105344772339
2641104,0.1206028088927269
2641136,0.11927023530006409
2641504,0.11916271597146988
2643040,0.12136346101760864
2643568,0.12504667043685913
2643984,0.12666471302509308
2645456,0.12383611500263214
2647232,0.11616136878728867
2647296,0.12721867859363556
2647760,0.09372689574956894
2648560,0.11336036771535873
2648944,0.12457925081253052
2649376,0.11786327511072159
2649920,0.11444897204637527
2650336,0.1136859878897667
2650512,0.12317359447479248
2650704,0.12030430138111115
2650912,0.11707381159067154
2651424,0.10712837427854538
2652512,0.11910663545131683
2652976,0.12124413996934891
2654032,0.09457601606845856
2654112,0.1211187019944191
2654288,0.12171288579702377
2654464,0.11982713639736176
2655088,0.1187196671962738
2657248,0.11775871366262436
2657632,0.11592047661542892
2657632,0.12424905598163605
2657840,0.12505461275577545
2658016,0.12195451557636261
2658624,0.12044612318277359
2659888,0.07413965463638306
2659984,0.12202579528093338
2660304,0.12759356200695038
2661152,0.12067937850952148
2663664,0.11520634591579437
2664208,0.11707708984613419
2664656,0.12183400988578796
2664800,0.12940651178359985
2666304,0.12698255479335785
2667376,0.12595543265342712
2667376,0.1203063577413559
2667520,0.1280650645494461
2667760,0.11017487943172455
2667856,0.11671363562345505
2670400,0.1218988224864006
2670464,0.11547664552927017
2670800,0.12658430635929108
2671824,0.12372615188360214
2671856,0.12251529842615128
2673936,0.10960450023412704
2674000,0.12444896996021271
2674352,0.1094127967953682
2674880,0.11795669794082642
2676496,0.1251133233308792
2676720,0.11188574880361557
2677552,0.12275177985429764
2677840,0.12132900208234787
2677872,0.12765440344810486
2677968,0.12833821773529053
2678416,0.12476974725723267
2679920,0.10328052937984467
2680016,0.12711204588413239
2681152,0.12168440222740173
2681504,0.11930714547634125
2682384,0.09335117042064667
2683600,0.12102413922548294
2686480,0.11335740238428116
2686944,0.11298751831054688
2687024,0.11756785213947296
2687120,0.10752265900373459
2688464,0.11499512195587158
2688544,0.13006532192230225
2688608,0.12217103689908981
2688608,0.12183570116758347
2688704,0.1245323121547699
2689872,0.12079594284296036
2690080,0.12529978156089783
2690464,0.11240451782941818
2690480,0.12610989809036255
2690608,0.1244087964296341
2690672,0.12038461118936539
2690720,0.1232275664806366
2691648,0.10616521537303925
2692240,0.1233355924487114
2693600,0.12127625942230225
2693712,0.11669927835464478
2693872,0.111141137778759
2694224,0.11390987038612366
2695680,0.1269451528787613
2696736,0.12301895767450333
2697328,0.12203150987625122
2698496,0.12566283345222473
2699184,0.11860117316246033
2699856,0.11291370540857315
2700416,0.12083815038204193
2700800,0.12020686268806458
2701360,0.11800877004861832
2701552,0.12709054350852966
2701760,0.11523944139480591
2702880,0.1277855783700943
2702912,0.1111590564250946
2703424,0.11394304037094116
2704560,0.12101607769727707
2705360,0.12455665320158005
2705488,0.12315084785223007
2705600,0.113971047103405
2705664,0.1139720156788826
2706272,0.11914816498756409
2706496,0.12437460571527481
2706544,0.12463659793138504
2707008,0.1236124336719513
2707344,0.12312504649162292
2707984,0.11653679609298706
2708944,0.11634225398302078
2710032,0.12730775773525238
2710448,0.11647088080644608
2710528,0.12494455277919769
2711520,0.1225261241197586
2711568,0.12312233448028564
2712048,0.12218304723501205
2712864,0.12608537077903748
2713872,0.11296916753053665
2714096,0.11329752206802368
2714128,0.11927188187837601
2714192,0.10653185099363327
2715104,0.12243251502513885
2716144,0.1268189251422882
2717504,0.12070140987634659
2717632,0.11757312715053558
2718096,0.12204655259847641
2718240,0.09529219567775726
2718400,0.12241747975349426
2718736,0.09462517499923706
2718944,0.12863610684871674
2718976,0.12642636895179749
2719648,0.12386593222618103
2719968,0.1095978170633316
2720752,0.12201108783483505
2720768,0.10197325795888901
2721200,0.12590067088603973
2722048,0.1258586049079895
2722592,0.12726031243801117
2723328,0.10467016696929932
2724352,0.1192522644996643
2724688,0.12765006721019745
2724896,0.12839291989803314
2725344,0.12072670459747314
2726208,0.11568772047758102
2726384,0.11345282942056656
2727376,0.09047013521194458
2728416,0.12253028899431229
2729008,0.10751857608556747
2729472,0.12373462319374084
2732336,0.11317309737205505
2732368,0.1275375783443451
2732432,0.1256357729434967
2735504,0.12559662759304047
2735808,0.11812625825405121
2735920,0.12244147807359695
2736048,0.11502912640571594
2739216,0.12567776441574097
2739328,0.12862759828567505
2740208,0.10486224293708801
2741664,0.12265411764383316
2742208,0.12494996935129166
2742736,0.11456937342882156
2742800,0.12086566537618637
2742896,0.12271276861429214
2743056,0.11698763072490692
2743888,0.11430835723876953
2744592,0.12537804245948792
2744864,0.10648518800735474
2745200,0.12301807850599289
2745264,0.10898900777101517
2745792,0.12854422628879547
2746192,0.12492351979017258
2746400,0.11217886209487915
2746624,0.12212014198303223
2747200,0.0886388048529625
2747504,0.1218671128153801
2748208,0.11905378848314285
2748768,0.12261148542165756
2749648,0.11241165548563004
2750128,0.12034528702497482
2750192,0.10035614669322968
2750576,0.11041972041130066
2751088,0.1199803426861763
2751856,0.12470828741788864
2752016,0.124793142080307
2753520,0.12447720766067505
2754240,0.11555265635251999
2754592,0.12278159707784653
2755552,0.1265774667263031
2756752,0.1195249930024147
2757104,0.1250220239162445
2757328,0.10912001132965088
2757520,0.11698010563850403
2759152,0.1238175481557846
2759664,0.11355708539485931
2759680,0.11773478239774704
2760368,0.11578991264104843
2761424,0.12381245195865631
2762528,0.11166638880968094
2762656,0.12003157287836075
2762784,0.12209618836641312
2763344,0.12264720350503922
2765296,0.09503700584173203
2766016,0.12053290754556656
2766064,0.12255405634641647
2766288,0.11859691143035889
2766752,0.12293834239244461
2767280,0.11818134784698486
2767552,0.12226799875497818
2769600,0.1241048276424408
2769792,0.1153244897723198
2770096,0.10687209665775299
2771008,0.12630373239517212
2771424,0.11913217604160309
2771872,0.1117270439863205
2771984,0.12326791882514954
2772336,0.10026830434799194
2772432,0.12266648560762405
2773760,0.12241236865520477
2773840,0.12534965574741364
2774320,0.12540273368358612
2774976,0.09435664117336273
2775328,0.11869091540575027
2775568,0.12391436100006104
2775904,0.12620116770267487
2776992,0.12461423873901367
2777168,0.11859410256147385
2777376,0.11759697645902634
2777936,0.12037704885005951
2778256,0.12275408208370209
2778368,0.11737751215696335
2778432,0.11702338606119156
2779520,0.12360245734453201
2780848,0.12509265542030334
2781984,0.11581999063491821
2782656,0.12020441144704819
2782752,0.12555935978889465
2783744,0.1186637431383133
2784048,0.12942467629909515
2784208,0.12585417926311493
2784384,0.1255790889263153
2784608,0.11271554231643677
2785280,0.11382931470870972
2785408,0.12525491416454315
2785888,0.1220865398645401
2786192,0.118900828063488
2787264,0.12122804671525955
2787408,0.1134655699133873
2787552,0.12338915467262268
2787856,0.11817115545272827
2788176,0.11819931119680405
2788768,0.12470468133687973
2788800,0.11929372698068619
2789232,0.1055716946721077
2789280,0.1300308257341385
2789824,0.11610730737447739
2791152,0.12237264961004257
2792528,0.11216530948877335
2792816,0.1230536624789238
2793376,0.11298226565122604
2794672,0.12450694292783737
2794880,0.12626473605632782
2795392,0.10332662612199783
2797328,0.12486891448497772
2798960,0.11895401030778885
2799552,0.11933626234531403
2799984,0.1107868179678917
2800208,0.12614978849887848
2800464,0.10947543382644653
2800544,0.11843141913414001
2800880,0.1229221448302269
2801472,0.11078852415084839
2801696,0.12138156592845917
2802016,0.12221740186214447
2802448,0.12055696547031403
2802720,0.11992202699184418
2802928,0.10788819938898087
2803008,0.11727051436901093
2803184,0.11888585239648819
2803552,0.11546266824007034
2803968,0.12690313160419464
2804224,0.12201594561338425
2805056,0.10913175344467163
2805200,0.12836524844169617
2806112,0.12233041226863861
2806496,0.11988135427236557
2806512,0.12319736927747726
2807984,0.11865442246198654
2808080,0.11204151064157486
2810128,0.11991946399211884
2810160,0.12100964039564133
2810304,0.12526282668113708
2811296,0.12033585458993912
2812272,0.12148437649011612
2812288,0.12240780889987946
2813344,0.12774939835071564
2813680,0.12078423798084259
2813696,0.12412367016077042
2813728,0.11282601952552795
2814224,0.11508384346961975
2814544,0.09225516021251678
2814576,0.11133940517902374
2815872,0.11971607804298401
2816224,0.12645544111728668
2817328,0.11160261929035187
2817680,0.11656492203474045
2818016,0.1211356371641159
2818416,0.12078670412302017
2820032,0.12280541658401489
2820896,0.1270734667778015
2821584,0.12838029861450195
2822256,0.10855017602443695
2823680,0.1242651492357254
2823824,0.11667453497648239
2825328,0.12426319718360901
2825648,0.074176125228405
2825808,0.11777568608522415
2826960,0.11605522036552429
2828048,0.13235503435134888
2828784,0.12409628927707672
2828976,0.12306882441043854
2829008,0.12061386555433273
2829376,0.11999040842056274
2830416,0.12521475553512573
2830960,0.11944829672574997
2831840,0.12424476444721222
2832544,0.12132842093706131
2832576,0.11599744111299515
2832848,0.12377271056175232
2833856,0.10045864433050156
2834000,0.11655017733573914
2834224,0.11783979833126068
2835136,0.1257150024175644
2836048,0.12231750786304474
2837424,0.12041328102350235
2840432,0.12386681139469147
2840912,0.1256638467311859
2841008,0.11125955730676651
2842208,0.11361946910619736
2842928,0.09456796944141388
2843248,0.12144433706998825
2843520,0.12575146555900574
2843648,0.12337213009595871
2846320,0.11862529814243317
2846448,0.12238524109125137
2846704,0.12344449758529663
2847840,0.11712780594825745
2848096,0.11848056316375732
2848384,0.11895496398210526
2848592,0.11878958344459534
2849248,0.11594592779874802
2849456,0.12173669040203094
2849760,0.1343419849872589
2849952,0.12662190198898315
2850368,0.12402129173278809
2852256,0.1010231077671051
2853376,0.11699589341878891
2853440,0.12262042611837387
2853920,0.12647204101085663
2854096,0.10915915668010712
2854976,0.12094157934188843
2855488,0.12545353174209595
2856320,0.1228547990322113
2856768,0.12275060266256332
2856976,0.11906587332487106
2856992,0.1145389974117279
2857536,0.11914317309856415
2858896,0.12253586202859879
2859488,0.12043994665145874
2859520,0.11242236196994781
2859984,0.12027350813150406
2860560,0.12303824722766876
2861056,0.10919363051652908
2863376,0.10164378583431244
2863568,0.11310723423957825
2863968,0.11722958832979202
2864192,0.11599510163068771
2864608,0.1202506273984909
2866032,0.12288925051689148
2866176,0.10780166834592819
2866464,0.11126016080379486
2866528,0.12391939014196396
2866720,0.12076506018638611
2867536,0.12217272073030472
2868128,0.12050645053386688
2869328,0.11905599385499954
2869840,0.12181738018989563
2870016,0.11992169916629791
2870416,0.11020952463150024
2871200,0.11384942382574081
2871776,0.12729667127132416
2872112,0.10418087989091873
2872848,0.11774419248104095
2872944,0.0867290124297142
2873968,0.12022329866886139
2874288,0.10049538314342499
2874704,0.11946454644203186
2874944,0.10571272671222687
2875344,0.12271082401275635
2875360,0.1251794546842575
2876448,0.11562938243150711
2877184,0.11589206010103226
2877440,0.1180763840675354
2877568,0.11271915584802628
2877792,0.12521463632583618
2877872,0.11328744888305664
2877936,0.10614268481731415
2878208,0.12540164589881897
2878592,0.11989109218120575
2878912,0.12505799531936646
2879168,0.1221250370144844
2879680,0.11090539395809174
2881104,0.12335144728422165
2881920,0.11941936612129211
2882480,0.11622094362974167
2884336,0.12431472539901733
2885104,0.11808996647596359
2885104,0.12424122542142868
2885200,0.11496112495660782
2885744,0.11242469400167465
2886400,0.1222226694226265
2888400,0.11837942898273468
2888624,0.1235174760222435
2888640,0.12666356563568115
2889264,0.12164852768182755
2889904,0.12650316953659058
2890032,0.1204354539513588
2890176,0.07831957936286926
2890496,0.12100151181221008
2890864,0.11665762215852737
2892128,0.1214061751961708
2892752,0.11641441285610199
2893680,0.10998037457466125
2893728,0.12812860310077667
2894560,0.12191464751958847
2894864,0.11804398894309998
2895184,0.11892670392990112
2895696,0.11440159380435944
2896864,0.11692021042108536
2897264,0.12363293021917343
2898272,0.1293928176164627
2898384,0.12252901494503021
2898720,0.1272885501384735
2898752,0.12014919519424438
2900912,0.11220850795507431
2900928,0.132129967212677
2901824,0.12512828409671783
2902272,0.12012861669063568
2902592,0.12230952829122543
2904432,0.12415163218975067
2904640,0.12216489762067795
2906544,0.12851719558238983
2906736,0.11522766947746277
2907968,0.12004755437374115
2908032,0.11471104621887207
2908256,0.12010551244020462
2909392,0.12414474040269852
2909776,0.11060556769371033
2911168,0.11632583290338516
2911552,0.1223926916718483
2911936,0.12506015598773956
2912768,0.1246747076511383
2912976,0.12381910532712936
2913088,0.12232409417629242
2913328,0.1255781203508377
2913472,0.11236269772052765
2913904,0.12312259525060654
2916672,0.10040155053138733
2916944,0.12827828526496887
2916992,0.1330864578485489
2917104,0.11853121966123581
2917280,0.09812188893556595
2917888,0.11260759830474854
2918304,0.12058673799037933
2918688,0.12373609840869904
2919984,0.10855322331190109
2920240,0.12693588435649872
2920688,0.11929547041654587
2921088,0.12367288023233414
2921488,0.12677396833896637
2921792,0.12270170450210571
2923200,0.11767947673797607
2923520,0.12687593698501587
2924032,0.1262539178133011
2925904,0.10748780518770218
2926272,0.1286696046590805
2926464,0.12174537032842636
2927296,0.11414248496294022
2927712,0.12133515626192093
2928512,0.11831653118133545
2928848,0.12641499936580658
2929008,0.12421363592147827
2929344,0.11802811175584793
2930464,0.12132317572832108
2931024,0.1260090321302414
2931264,0.12489564716815948
2932976,0.11605334281921387
2933088,0.12450391054153442
2935440,0.10041920095682144
2936240,0.12469682097434998
2936512,0.12042335420846939
2937008,0.12121892720460892
2938480,0.11952602118253708
2939776,0.1214011088013649
2940064,0.12314758449792862
2942528,0.12710200250148773
2943056,0.1137346625328064
2943360,0.12284570187330246
2944448,0.12426857650279999
2945344,0.11920785903930664
2945392,0.12488240748643875
2946096,0.12411018460988998
2946240,0.11501332372426987
2947136,0.12754379212856293
2947856,0.11140383780002594
2949568,0.11447455734014511
2949728,0.12462914735078812
2950064,0.12047624588012695
2950064,0.10359052568674088
2950272,0.12059123814105988
2950656,0.1238606721162796
2951648,0.12382034212350845
2951680,0.12149682641029358
2952208,0.10320533066987991
2952400,0.12429940700531006
2952864,0.12335577607154846
2953296,0.11828901618719101
2953312,0.11400050669908524
2953808,0.11610879004001617
2954128,0.1044558733701706
2954768,0.12608091533184052
2957056,0.12394461780786514
2957216,0.1296912431716919
2957712,0.11751078069210052
2959888,0.1205478236079216
2961232,0.1280532330274582
2962208,0.1111312210559845
2962224,0.12577912211418152
2962320,0.12581849098205566
2963392,0.12440134584903717
2963968,0.11140324920415878
2964224,0.12309406697750092
2964368,0.11824849247932434
2965728,0.12605860829353333
2966352,0.12413052469491959
2966528,0.11043387651443481
2967568,0.12414535135030746
2967728,0.12337545305490494
2967888,0.11392144113779068
2968240,0.12422662228345871
2969312,0.10455786436796188
2969328,0.12316476553678513
2969664,0.09876324981451035
2970048,0.12963563203811646
2970320,0.12374385446310043
2970656,0.11716994643211365
2971056,0.12684689462184906
2971360,0.12369731068611145
2972544,0.12437867373228073
2972864,0.12154905498027802
2972880,0.12486843764781952
2973248,0.11480571329593658
2973472,0.12136410921812057
2974912,0.09241421520709991
2975104,0.11300870031118393
2975424,0.11422818899154663
2975584,0.11761831492185593
2975808,0.10724829882383347
2976352,0.12495917826890945
2976752,0.12557552754878998
2978208,0.11433003097772598
2978400,0.12541033327579498
2979312,0.11840969324111938
2979872,0.12744872272014618
2980032,0.11903156340122223
2980384,0.12376713752746582
2981216,0.11150290071964264
2981264,0.12072776257991791
2981792,0.12733213603496552
2981984,0.12304967641830444
2982064,0.1228688433766365
2982528,0.11551804095506668
2983856,0.11431360989809036
2984448,0.12351544946432114
2984800,0.12134607881307602
2984960,0.11136452853679657
2986768,0.1101609393954277
2986944,0.12449181079864502
2987376,0.12108536064624786
2988912,0.12230347841978073
2990384,0.11409492045640945
2990624,0.10526088625192642
2990992,0.1208057850599289
2991136,0.12487409263849258
2991344,0.11233197897672653
2992000,0.12429438531398773
2993616,0.1271803230047226
2994096,0.12159384787082672
2994192,0.1254437118768692
2994224,0.12552370131015778
2994416,0.12734760344028473
2994800,0.11999814212322235
2995376,0.1021115854382515
2995568,0.12276164442300797
2996016,0.10986557602882385
2996352,0.12104469537734985
2997824,0.12238901853561401
2998320,0.12710930407047272
2999328,0.10704842954874039
2999568,0.12405399233102798
2999952,0.11841186136007309
3000800,0.1201360821723938
3004416,0.12434075772762299
3004960,0.12461847066879272
3005104,0.11857462674379349
3005632,0.12380413711071014
3008464,0.12479392439126968
3008656,0.1258508563041687
3008832,0.1266075074672699
3008992,0.11738943308591843
3009760,0.127903550863266
3010240,0.12118855863809586
3010592,0.10579567402601242
3011536,0.1236438974738121
3011888,0.11723746359348297
3012368,0.12225405126810074
3013312,0.11738073080778122
3013328,0.12335937470197678
3014912,0.11484000086784363
3015056,0.1191442459821701
3015536,0.12334946542978287
3015936,0.12465224415063858
3016560,0.12372326850891113
3016800,0.1247832253575325
3016864,0.12539078295230865
3018624,0.12047944217920303
3018976,0.11837250739336014
3019168,0.12428653240203857
3019520,0.11982733011245728
3020032,0.1274631917476654
3020128,0.12774059176445007
3020288,0.1231498122215271
3021056,0.11927782744169235
3021776,0.11873725801706314
3022240,0.1206865906715393
3022432,0.1215839684009552
3023936,0.12221783399581909
3024048,0.1252979338169098
3024192,0.10575023293495178
3025344,0.11989598721265793
3027568,0.11997304111719131
3027808,0.11876174807548523
3027808,0.12460334599018097
3028288,0.1250053197145462
3028464,0.1283411830663681
3028656,0.11825152486562729
3028752,0.12156089395284653
3028848,0.1200803890824318
3030784,0.12389221042394638
3030784,0.12526455521583557
3030928,0.128215029835701
3031104,0.12672863900661469
3031728,0.12053138017654419
3032304,0.1239883154630661
3033520,0.11521033942699432
3034416,0.12422104924917221
3034848,0.12808707356452942
3035408,0.12446346879005432
3035872,0.11489000171422958
3037360,0.11120367050170898
3037408,0.1146719679236412
3037504,0.12175913900136948
3037664,0.11754050105810165
3037904,0.11615529656410217
3038400,0.12589271366596222
3039024,0.11881495267152786
3039536,0.13169756531715393
3039680,0.12411247193813324
3041328,0.11734405159950256
3043024,0.12643688917160034
3043104,0.12446404993534088
3043296,0.11862964183092117
3044992,0.126704603433609
3045392,0.11318695545196533
3045616,0.1162603497505188
3046048,0.1183668002486229
3047584,0.12386742979288101
3047600,0.11959599703550339
3047968,0.10544312745332718
3048304,0.12064352631568909
3048432,0.1111646518111229
3048496,0.10877257585525513
3048592,0.11975664645433426
3051136,0.11941667646169662
3051792,0.10882172733545303
3052144,0.12101460993289948
3052208,0.12113942950963974
3053136,0.1251664161682129
3053136,0.12243164330720901
3054112,0.11626725643873215
3054464,0.1102263405919075
3054720,0.11744701862335205
3055584,0.12425679713487625
3055648,0.12094884365797043
3056272,0.10285269469022751
3056352,0.12369334697723389
3057920,0.11721070110797882
3057984,0.12053205817937851
3058704,0.12698638439178467
3058912,0.09460008144378662
3059168,0.12603944540023804
3059312,0.12425661087036133
3059936,0.12367258965969086
3060352,0.12189746648073196
3061904,0.11887113749980927
3064880,0.12510894238948822
3065392,0.1264047920703888
3065728,0.12494844943284988
3065920,0.118550144135952
3066240,0.124636709690094
3066272,0.11433272808790207
3066640,0.11927368491888046
3069040,0.11667601764202118
3069296,0.12410740554332733
3069520,0.12792430818080902
3069808,0.1257358342409134
3069840,0.12152811139822006
3070976,0.09173185378313065
3071664,0.12377014011144638
3071664,0.11580082774162292
3073488,0.12773515284061432
3073504,0.12685245275497437
3075904,0.11329660564661026
3076176,0.12680257856845856
3076688,0.11864612251520157
3076800,0.1258813887834549
3076976,0.1257804036140442
3077936,0.12275570631027222
3078800,0.11141926050186157
3080864,0.1094297543168068
3080912,0.12110848724842072
3081952,0.11422432959079742
3082112,0.12000413984060287
3082384,0.1246066763997078
3083392,0.11782235652208328
3083520,0.1089654266834259
3083712,0.12152359634637833
3084560,0.12322628498077393
3085424,0.11320420354604721
3085888,0.11973140388727188
3086944,0.12186424434185028
3087104,0.1268676519393921
3087232,0.12340807169675827
3087904,0.12019740045070648
3088096,0.1275702863931656
3088640,0.12485399097204208
3089408,0.12476140260696411
3090400,0.12271475791931152
3091584,0.12907160818576813
3092128,0.1154034286737442
3092544,0.12466856837272644
3093792,0.08757401257753372
3093904,0.12755505740642548
3094256,0.1293485015630722
3094304,0.1291218101978302
3094432,0.12663845717906952
3094896,0.12442587316036224
3095168,0.11781007051467896
3095648,0.13026584684848785
3097184,0.11554411053657532
3097776,0.12711775302886963
3098816,0.11426157504320145
3099408,0.10097573697566986
3099888,0.12523731589317322
3100736,0.12294901907444
3100944,0.1270214021205902
3101600,0.12278390675783157
3102512,0.11422373354434967
3102768,0.1252146065235138
3103344,0.09512806683778763
3103888,0.12209715694189072
3104096,0.11773278564214706
3104688,0.12666425108909607
3104976,0.12788110971450806
3104976,0.12044472992420197
3105120,0.1247689425945282
3106864,0.12928734719753265
3107648,0.12191624194383621
3108256,0.12339089065790176
3108496,0.1297731101512909
3108512,0.1237260177731514
3109696,0.11929772049188614
3109808,0.12370181828737259
3109936,0.11685316264629364
3110560,0.12380374222993851
3111872,0.12653560936450958
3112032,0.12420804053544998
3112416,0.11221712082624435
3113344,0.1220155581831932
3113456,0.12833181023597717
3113616,0.1229213997721672
3114176,0.1235392764210701
3115088,0.12120766937732697
3115184,0.1228770762681961
3115552,0.11717858165502548
3115680,0.12010487169027328
3115952,0.11950825154781342
3116992,0.12554338574409485
3117792,0.12006710469722748
3119136,0.1275380551815033
3119184,0.12551796436309814
3120528,0.11937325447797775
3120720,0.1113259494304657
3120896,0.1233232244849205
3121744,0.11591880768537521
3125424,0.11738311499357224
3125520,0.11236297339200974
3125584,0.121873639523983
3127264,0.10573308914899826
3127856,0.12306792289018631
3128032,0.11943565309047699
3128880,0.11830178648233414
3129120,0.12190408259630203
3129952,0.11914816498756409
3130048,0.12347178906202316
3130336,0.12485867738723755
3131264,0.12173175811767578
3132544,0.12409535050392151
3133056,0.12351872026920319
3133056,0.1061781644821167
3133472,0.1185634657740593
3135280,0.1233016774058342
3135520,0.12517289817333221
3136656,0.1235041692852974
3137248,0.1156223714351654
3138432,0.11512283980846405
3138480,0.12096929550170898
3138592,0.12042541056871414
3139104,0.12073203176259995
3139760,0.11912927776575089
3139984,0.12318918108940125
3140720,0.10092807561159134
3141104,0.12088858336210251
3141936,0.1278289407491684
3143296,0.12252135574817657
3143760,0.1256086528301239
3144672,0.1231679692864418
3144928,0.10145626217126846
3145568,0.1239258274435997
3147312,0.12039206922054291
3147776,0.12088111788034439
3147856,0.12291410565376282
3148240,0.11491416394710541
3148480,0.12377911061048508
3149184,0.11994509398937225
3150512,0.09694011509418488
3151344,0.12316245585680008
3151376,0.11883044242858887
3151456,0.12068414688110352
3152064,0.12161822617053986
3152608,0.12135173380374908
3153840,0.10310617834329605
3154224,0.11867105215787888
3154496,0.10167340189218521
3155392,0.11023493111133575
3156336,0.12313427031040192
3157760,0.1252218335866928
3158080,0.11624276638031006
3158288,0.11559060961008072
3158560,0.12032807618379593
3159184,0.09242962300777435
3159536,0.12072816491127014
3160944,0.11864425987005234
3161568,0.1235198900103569
3161600,0.11285608261823654
3162224,0.12726429104804993
3162640,0.10665563493967056
3162720,0.1280122697353363
3163504,0.09755557775497437
3163808,0.10352224856615067
3164656,0.12878058850765228
3164672,0.1075076311826706
3165120,0.12130482494831085
3165200,0.11535080522298813
3165776,0.12208070605993271
3165792,0.12198352813720703
3167088,0.1164286732673645
3167392,0.12166264653205872
3167728,0.1192132905125618
3168320,0.12221778929233551
3169408,0.11314895004034042
3170080,0.11170289665460587
3170304,0.12699660658836365
3171088,0.10069048404693604
3171328,0.12783774733543396
3172480,0.12443874776363373
3172912,0.1240457221865654
3173024,0.12414863705635071
3173584,0.12413576245307922
3173920,0.11775930225849152
3174608,0.12008222192525864
3175216,0.11874397844076157
3175456,0.12613162398338318
3176480,0.1151520237326622
3178144,0.12989692389965057
3178256,0.12434732913970947
3178288,0.09981953352689743
3178304,0.11406950652599335
3178896,0.12487659603357315
3179984,0.1165216714143753
3180416,0.12025047838687897
3181408,0.12076549232006073
3181632,0.12111536413431168
3181856,0.11733166873455048
3182320,0.12207212299108505
3182608,0.12781868875026703
3183040,0.11313346028327942
3183264,0.11953067779541016
3183744,0.12155719846487045
3184880,0.10971847176551819
3185376,0.12424913793802261
3185504,0.1194387823343277
3186080,0.10622308403253555
3188736,0.11743764579296112
3188848,0.11683297902345657
3188880,0.12691254913806915
3189184,0.12216906994581223
3189616,0.11907961219549179
3192352,0.11902274191379547
3193152,0.1158105656504631
3193872,0.11758933961391449
3194256,0.12218819558620453
3194496,0.12520991265773773
3195536,0.11814214289188385
3195808,0.12438055127859116
3195840,0.11200475692749023
3196720,0.11330074071884155
3196736,0.12769734859466553
3198032,0.11562778800725937
3198128,0.11389924585819244
3199008,0.12213865667581558
3199520,0.12349797785282135
3200336,0.12515538930892944
3201648,0.12385377287864685
3201872,0.11718133836984634
3202688,0.11400467157363892
3203072,0.12255753576755524
3203104,0.11882118880748749
3203776,0.09564753621816635
3203984,0.12218296527862549
3205200,0.11653558164834976
3205600,0.12407984584569931
3206592,0.11376658827066422
3206800,0.12179392576217651
3207856,0.09847402572631836
3208880,0.11970210820436478
3209184,0.12466743588447571
3212208,0.12425511330366135
3212720,0.12564913928508759
3213312,0.10421576350927353
3215120,0.12195900827646255
3215936,0.12720994651317596
3216352,0.12213558703660965
3216944,0.12463902682065964
3216960,0.12246547639369965
3217424,0.10499997437000275
3217424,0.12258026003837585
3217872,0.09786605834960938
3218208,0.12191715836524963
3218512,0.11745092272758484
3219120,0.12393855303525925
3219488,0.12005504220724106
3220496,0.11587969213724136
3220544,0.1196294054389
3220896,0.1269427239894867
3221136,0.11743123829364777
3222304,0.12300735712051392
3222608,0.10159163177013397
3222848,0.11940917372703552
3223520,0.1227337121963501
3224064,0.11550137400627136
3225360,0.11858343333005905
3226352,0.12279077619314194
3226528,0.10715746879577637
3227072,0.12693476676940918
3228000,0.11982697993516922
3228432,0.1247243583202362
3228736,0.12737806141376495
3228992,0.10902108997106552
3229424,0.12260596454143524
3229840,0.1243988424539566
3230320,0.1270838975906372
3231072,0.1218114048242569
3231936,0.1224643811583519
3232368,0.12245960533618927
3233168,0.12275821715593338
3233376,0.12697196006774902
3233504,0.11417818069458008
3233552,0.12145009636878967
3234160,0.12371964752674103
3234256,0.1253991425037384
3235856,0.12749111652374268
3235920,0.1126091405749321
3236064,0.11876019090414047
3237984,0.12540297210216522
3238176,0.12263187021017075
3239264,0.10435169190168381
3239424,0.12540993094444275
3240096,0.1272943615913391
3240624,0.12676434218883514
3242112,0.11560919135808945
3242768,0.12207547575235367
3242848,0.10837500542402267
3243040,0.11270856112241745
3244192,0.12409238517284393
3244352,0.12216336280107498
3244672,0.1221199780702591
3245328,0.10556504875421524
3245792,0.12188377976417542
3246320,0.12979353964328766
3246320,0.12815700471401215
3247424,0.12548263370990753
3248176,0.12244600802659988
3248256,0.12547190487384796
3248416,0.12100893259048462
3248848,0.12360577285289764
3249920,0.1248701810836792
3249952,0.10025246441364288
3250320,0.12122057378292084
3252496,0.1255580484867096
3253440,0.12693436443805695
3253632,0.11389089375734329
3254400,0.12418776005506516
3255392,0.12183471024036407
3256128,0.12385868281126022
3256432,0.12013137340545654
3257040,0.12401534616947174
3257888,0.11949651688337326
3257920,0.1221984252333641
3258064,0.12474332749843597
3258432,0.12148280441761017
3258496,0.12854592502117157
3259744,0.11999591439962387
3260112,0.12122386693954468
3260480,0.11323107779026031
3260560,0.10664379596710205
3261712,0.10917001962661743
3261744,0.12507563829421997
3262800,0.12347406893968582
3263248,0.1255267858505249
3264944,0.11977259069681168
3265152,0.12378644943237305
3265808,0.0927543044090271
3267296,0.10938132554292679
3267840,0.12497394531965256
3269792,0.10658805072307587
3269968,0.11840389668941498
3270800,0.12425637990236282
3271392,0.11939151585102081
3272416,0.12014513462781906
3272560,0.12922607362270355
3272896,0.1248389258980751
3273248,0.12380245327949524
3273824,0.1211889237165451
3274688,0.12451127171516418
3274992,0.12151232361793518
3275456,0.11360287666320801
3275728,0.12675827741622925
3276624,0.11977338045835495
3278064,0.11980592459440231
3278512,0.12067101895809174
3279152,0.11317551136016846
3279168,0.11378173530101776
3279456,0.11795278638601303
3280176,0.11701745539903641
3280576,0.12564916908740997
3280688,0.10624109208583832
3281632,0.12493317574262619
3282592,0.1254211962223053
3283776,0.12263987958431244
3284720,0.11614374816417694
3285216,0.12125761806964874
3285664,0.1262514591217041
3287584,0.10767999291419983
3287840,0.11987806111574173
3288848,0.11666587740182877
3289120,0.12439487874507904
3290160,0.11832132190465927
3290944,0.1158272996544838
3292480,0.12414833158254623
3292880,0.12440133094787598
3293552,0.11633441597223282
3293568,0.12781266868114471
3295472,0.12141743302345276
3296032,0.12091653794050217
3296848,0.12278246879577637
3297200,0.12227935343980789
3297248,0.10831067711114883
3298000,0.1205265074968338
3299072,0.12315961718559265
3299632,0.12677544355392456
3300416,0.11888997256755829
3300480,0.10583695024251938
3300688,0.12584622204303741
3302032,0.12369139492511749
3302832,0.12396538257598877
3302848,0.10893469303846359
3303072,0.12118711322546005
3303104,0.11781501024961472
3304160,0.12770779430866241
3304352,0.11440212279558182
3304384,0.12442818284034729
3305168,0.12551864981651306
3305632,0.12533387541770935
3306416,0.1243087500333786
3306672,0.12216661870479584
3307536,0.12387913465499878
3308752,0.10881152749061584
3309936,0.12295099347829819
3311328,0.12076007574796677
3311472,0.12546826899051666
3312320,0.11968567222356796
3313408,0.1256263256072998
3313520,0.12234687805175781
3313952,0.12549100816249847
3314320,0.12654174864292145
3314544,0.11900500953197479
3314928,0.11526285111904144
3316096,0.12327243387699127
3316944,0.12616105377674103
3317056,0.12465875595808029
3318096,0.12105502188205719
3318464,0.12229381501674652
3318656,0.11992357671260834
3319184,0.12436910718679428
3319376,0.09456820785999298
3319392,0.12299562990665436
3320048,0.11402471363544464
3321056,0.11437220871448517
3321600,0.12451549619436264
3321632,0.12142257392406464
3324256,0.12396074831485748
3324624,0.12493181973695755
3325232,0.1273708939552307
3326272,0.1155892163515091
3326704,0.12021506577730179
3327616,0.12623761594295502
3327712,0.11622624844312668
3327712,0.11952489614486694
3327888,0.10224725306034088
3328288,0.11853070557117462
3328320,0.11684200912714005
3330288,0.12052358686923981
3330336,0.12284999340772629
3330944,0.12310370802879333
3331296,0.1245839074254036
3331760,0.12226022034883499
3331888,0.12427403777837753
3332496,0.12512794137001038
3333376,0.12144438922405243
3333776,0.12366221100091934
3333872,0.12165315449237823
3334688,0.12645204365253448
3334720,0.12352073937654495
3334896,0.12595157325267792
3336608,0.09796180576086044
3337360,0.12169846147298813
3337440,0.12684859335422516
3338176,0.11616530269384384
3338240,0.10596787929534912
3338272,0.12648619711399078
3338416,0.12301718443632126
3338976,0.11434991657733917
3340400,0.12304838001728058
3340752,0.0850672721862793
3340880,0.1299595683813095
3341824,0.1275840699672699
3341920,0.1173468828201294
3341984,0.1155337542295456
3342624,0.11943993717432022
3342800,0.11603136360645294
3344032,0.12427952885627747
3344416,0.11955205351114273
3345456,0.12474262714385986
3345616,0.12817202508449554
3347904,0.12246660143136978
3348000,0.10402543842792511
3348016,0.12388481199741364
3348352,0.11660286039113998
3348864,0.11773009598255157
3349056,0.12607333064079285
3349856,0.12333148717880249
3351152,0.08548221737146378
3351232,0.12361310422420502
3351536,0.1291666328907013
3351728,0.11982667446136475
3351792,0.11567109823226929
3351808,0.11197416484355927
3352464,0.1100006029009819
3352480,0.12833088636398315
3352496,0.12031633406877518
3354672,0.13145901262760162
3354944,0.12256157398223877
3355088,0.12352168560028076
3356048,0.10921849310398102
3356128,0.11996924132108688
3356160,0.11482364684343338
3356464,0.12424639612436295
3358784,0.12095921486616135
3359136,0.0851079449057579
3359584,0.1223989799618721
3359680,0.12149963527917862
3359760,0.12773244082927704
3360992,0.12110761553049088
3361792,0.12814924120903015
3362320,0.11682578176259995
3362576,0.1292935311794281
3363104,0.1284974366426468
3363264,0.13453449308872223
3363552,0.12339141219854355
3363600,0.12961800396442413
3365360,0.12261254340410233
3365632,0.10876111686229706
3366192,0.1252051293849945
3367088,0.12548458576202393
3368048,0.1284850835800171
3368896,0.1260940134525299
3369520,0.1284862458705902
3370432,0.11920469999313354
3370480,0.12264927476644516
3370736,0.123258076608181
3372160,0.10241634398698807
3372960,0.12119502574205399
3373200,0.11742065846920013
3373280,0.12019287794828415
3374128,0.12029699981212616
3375984,0.12660573422908783
3376032,0.11858570575714111
3376448,0.12329480051994324
3377632,0.12114217877388
3377696,0.11751700937747955
3377776,0.0981033593416214
3377920,0.10753034055233002
3380480,0.1220250055193901
3381200,0.12247369438409805
3381296,0.10536710172891617
3381376,0.1137891560792923
3382256,0.10576862096786499
3382272,0.12202547490596771
3383456,0.1281718760728836
3383872,0.12864825129508972
3384080,0.12157131731510162
3384928,0.12415167689323425
3386816,0.1286497861146927
3387056,0.12344973534345627
3387344,0.10550343245267868
3388256,0.11545254290103912
3388400,0.1252690702676773
3389424,0.12217170000076294
3390528,0.12142373621463776
3391152,0.11563751101493835
3392112,0.1219736859202385
3392384,0.11506127566099167
3392720,0.11871151626110077
3394112,0.1272152215242386
3394496,0.10474730283021927
3395584,0.11964240670204163
3395632,0.12277387082576752
3396464,0.10369350016117096
3396880,0.12069892883300781
3397632,0.12165119498968124
3397680,0.11617765575647354
3399200,0.12279190868139267
3400064,0.12463688850402832
3400448,0.12368234246969223
3400656,0.1136285737156868
3401040,0.12666060030460358
3401216,0.11765915155410767
3401280,0.1131344586610794
3404048,0.10720018297433853
3404192,0.12044093012809753
3404544,0.12306476384401321
3404832,0.1199033185839653
3404928,0.11201106756925583
3405440,0.11824169754981995
3405696,0.1246400997042656
3405984,0.13067223131656647
3406240,0.12110427767038345
3407184,0.11562985181808472
3408064,0.12741531431674957
3408544,0.12508516013622284
3408736,0.1237817108631134
3409072,0.12511135637760162
3409264,0.09940798580646515
3410544,0.09948036819696426
3410816,0.12254608422517776
3412048,0.120753213763237
3412864,0.12295462936162949
3414464,0.12273909151554108
3414784,0.11780600994825363
3414992,0.11380283534526825
3415648,0.12659452855587006
3415728,0.11652446538209915
3416752,0.12194520235061646
3416928,0.11950124800205231
3417472,0.11326295137405396
3418384,0.12518979609012604
3418464,0.1252593845129013
3418896,0.11568547785282135
3419568,0.11673101782798767
3421520,0.12328728288412094
3421616,0.12288111448287964
3422000,0.11936035752296448
3422512,0.11605378985404968
3422512,0.11876504123210907
3423152,0.12146442383527756
3424176,0.11769670993089676
3425456,0.12039778381586075
3425520,0.12098868936300278
3426688,0.12339174747467041
3427712,0.12126291543245316
3428448,0.11700921505689621
3428752,0.12186707556247711
3429008,0.13016678392887115
3429664,0.12335994839668274
3429888,0.1288047879934311
3430208,0.12707632780075073
3431216,0.11495491117238998
3431680,0.12438593059778214
3431840,0.10547778010368347
3432640,0.12391310930252075
3433824,0.09538745880126953
3433856,0.12063281238079071
3435296,0.12599800527095795
3435472,0.11122845858335495
3436096,0.12515445053577423
3436144,0.12219215929508209
3436288,0.10999347269535065
3436992,0.12849417328834534
3437424,0.12060867995023727
3437488,0.11885849386453629
3437856,0.12435001134872437
3438256,0.12277917563915253
3438832,0.12837457656860352
3438864,0.12552718818187714
3439808,0.11861911416053772
3441136,0.1235872134566307
3441904,0.12180213630199432
3443056,0.12270178645849228
3443344,0.12590940296649933
3443440,0.1262500137090683
3444496,0.12738439440727234
3445488,0.12420805543661118
3445920,0.12787796556949615
3445936,0.13465353846549988
3446688,0.12189130485057831
3446960,0.11780696362257004
3448112,0.1188914105296135
3451440,0.11111673712730408
3451600,0.11818590760231018
3451632,0.12671226263046265
3452160,0.12871764600276947
3452592,0.10731852054595947
3453056,0.1215980276465416
3455152,0.12187936156988144
3455424,0.12186135351657867
3455472,0.11893033981323242
3456144,0.12769043445587158
3457152,0.12839941680431366
3457520,0.11953378468751907
3458784,0.12605109810829163
3459040,0.12296775728464127
3459232,0.1241840273141861
3459584,0.12245400249958038
3459712,0.12297216802835464
3459760,0.12024044245481491
3461024,0.12824538350105286
3462592,0.12260778248310089
3462720,0.11957257241010666
3463216,0.12702840566635132
3463376,0.12047400325536728
3463424,0.1133759617805481
3463808,0.12004929780960083
3465808,0.12234906107187271
3466048,0.1269523799419403
3466320,0.1264435201883316
3466576,0.12542568147182465
3468144,0.12346631288528442
3470224,0.12092927098274231
3470368,0.13027319312095642
3470688,0.12336532026529312
3471328,0.1256665289402008
3471920,0.12086153775453568
3472912,0.1239779144525528
3473008,0.11274184286594391
3473168,0.12696751952171326
3473248,0.13128496706485748
3473376,0.1258479654788971
3473936,0.12223640084266663
3474256,0.12145208567380905
3474912,0.12275246530771255
3474960,0.1224612444639206
3476544,0.121626116335392
3476832,0.12170082330703735
3478000,0.12352894246578217
3478448,0.12108432501554489
3478848,0.12698304653167725
3479952,0.11849439144134521
3480000,0.12127837538719177
3480928,0.12115558236837387
3481200,0.12042628973722458
3481600,0.12378700077533722
3481920,0.12464548647403717
3482464,0.12351824343204498
3482576,0.10924436151981354
3483232,0.12971231341362
3483360,0.11796476691961288
3483888,0.12229319661855698
3484208,0.11182347685098648
3485056,0.1265309453010559
3485152,0.12328815460205078
3485568,0.12247870862483978
3486880,0.12625634670257568
3487504,0.13034291565418243
3487648,0.12045949697494507
3488640,0.11814969033002853
3490752,0.11304982006549835
3491648,0.12341465801000595
3491696,0.12677402794361115
3492080,0.1036779135465622
3492176,0.1246851459145546
3492576,0.12102650105953217
3493344,0.11667490750551224
3494080,0.1271182745695114
3494640,0.1166360154747963
3494832,0.12739449739456177
3495168,0.1264215111732483
3495584,0.1256791651248932
3495632,0.10965325683355331
3495696,0.1222815066576004
3496224,0.11948557198047638
3496448,0.11894869059324265
3497584,0.13016335666179657
3497648,0.12362407892942429
3498032,0.10589629411697388
3498864,0.12000398337841034
3499888,0.12024281919002533
3501216,0.12466596066951752
3501360,0.11642305552959442
3501472,0.11158763617277145
3501520,0.1256648153066635
3501984,0.1279265582561493
3502736,0.12110738456249237
3503584,0.12295808643102646
3505104,0.12123696506023407
3505152,0.1250959187746048
3505728,0.09843921661376953
3507968,0.11207661032676697
3508320,0.12003261595964432
3508608,0.12097608298063278
3508832,0.12411689013242722
3509248,0.12205160409212112
3510640,0.12389998137950897
3510784,0.12601996958255768
3511856,0.11356323212385178
3512160,0.12855714559555054
3512208,0.11745937168598175
3512768,0.126346617937088
3514208,0.12329196184873581
3514368,0.11593812704086304
3514944,0.11885624378919601
3515664,0.1243893951177597
3515792,0.12855938076972961
3516352,0.12504683434963226
3517024,0.1236276924610138
3517680,0.12101425230503082
3518592,0.11349457502365112
3518784,0.12141779065132141
3519408,0.12508803606033325
3520592,0.11535092443227768
3521360,0.12110868841409683
3521504,0.12917734682559967
3522112,0.12596477568149567
3522272,0.12523391842842102
3523248,0.12466704845428467
3524912,0.12764707207679749
3526176,0.12204772979021072
3528432,0.11703816801309586
3528720,0.1240292564034462
3529360,0.1149648129940033
3530256,0.11676052957773209
3530560,0.12429191917181015
3531024,0.10728172957897186
3531552,0.12814739346504211
3531776,0.1250743567943573
3531936,0.11181122064590454
3532848,0.11035677045583725
3533072,0.12255219370126724
3533584,0.11014021188020706
3533712,0.12262705713510513
3534096,0.120424285531044
3535552,0.120697982609272
3535632,0.11459426581859589
3536208,0.12614861130714417
3536336,0.11747350543737411
3536560,0.11203578114509583
3537056,0.12632811069488525
3537296,0.12443090230226517
3537360,0.1198444589972496
3537648,0.1288069486618042
3538528,0.11817038059234619
3538992,0.11643249541521072
3539104,0.11836675554513931
3540544,0.1151653304696083
3541984,0.10777974128723145
3542080,0.12445211410522461
3542704,0.12443440407514572
3543088,0.1166258454322815
3543216,0.1250094473361969
3543712,0.11788467317819595
3544624,0.12606783211231232
3545696,0.11766966432332993
3546064,0.1194736659526825
3546688,0.12375455349683762
3547904,0.10642766207456589
3548400,0.11480458825826645
3549344,0.11173474788665771
3549424,0.10995020717382431
3549472,0.12504051625728607
3549824,0.12217835336923599
3550928,0.12054881453514099
3552304,0.11854055523872375
3552432,0.12015778571367264
3554384,0.12003742158412933
3555120,0.11786064505577087
3555296,0.12307103723287582
3556928,0.12029120326042175
3557088,0.11876965314149857
3557760,0.12567074596881866
3558000,0.12251850217580795
3558800,0.12275034934282303
3559728,0.11800971627235413
3559968,0.10243817418813705
3559984,0.12105007469654083
3560464,0.12295596301555634
3560736,0.12443125247955322
3561312,0.12030938267707825
3561440,0.12522752583026886
3561648,0.11619149893522263
3562128,0.11475217342376709
3562272,0.12537658214569092
3562528,0.12444707751274109
3563152,0.12386757135391235
3563408,0.126389279961586
3564240,0.11810159683227539
3565040,0.12320034950971603
3565232,0.12772859632968903
3566112,0.11775104701519012
3566832,0.12187766283750534
3567056,0.12598834931850433
3567152,0.12606893479824066
3567200,0.10934856534004211
3567216,0.12250809371471405
3567232,0.12530399858951569
3567824,0.11756623536348343
3569376,0.12778548896312714
3569392,0.12490621209144592
3570256,0.11169854551553726
3570576,0.12644954025745392
3570704,0.12218018621206284
3570848,0.12160785496234894
3570864,0.11933601647615433
3571408,0.12414158135652542
3572576,0.1037805825471878
3572944,0.12468192726373672
3573728,0.12459705024957657
3574128,0.12600520253181458
3574384,0.11963867396116257
3574672,0.1096809133887291
3574672,0.12369249016046524
3574704,0.12260061502456665
3575696,0.12335431575775146
3576000,0.12432679533958435
3576576,0.12252593785524368
3577360,0.11542996764183044
3579568,0.11982889473438263
3580128,0.12029316276311874
3580256,0.1222979724407196
3580992,0.12199277430772781
3581360,0.12390131503343582
3581792,0.1261099874973297
3582512,0.09760041534900665
3583088,0.12384512275457382
3583392,0.12080690264701843
3583712,0.12190515547990799
3584544,0.1004054993391037
3585072,0.12273558974266052
3585392,0.12711764872074127
3586160,0.12135422229766846
3586432,0.12682974338531494
3587440,0.11148054152727127
3587792,0.1244618147611618
3588048,0.11825650930404663
3588944,0.12483717501163483
3589056,0.12130193412303925
3589328,0.12012411653995514
3589488,0.1180110052227974
3590624,0.1250976175069809
3591296,0.12411350011825562
3591776,0.11889079958200455
3592896,0.11954614520072937
3592928,0.1206919252872467
3593328,0.10930775851011276
3593680,0.11326279491186142
3595120,0.11656603962182999
3596320,0.12433755397796631
3596704,0.1154487207531929
3597248,0.12585172057151794
3598768,0.12426714599132538
3599584,0.10037890076637268
3599584,0.12082928419113159
3599808,0.11832530051469803
3599904,0.12560412287712097
3600384,0.11338289827108383
3600656,0.11146504431962967
3600880,0.12092089653015137
3601088,0.10874216258525848
3601280,0.11848883330821991
3602048,0.1251339465379715
3603088,0.12450671941041946
3603408,0.12011490017175674
3603984,0.11891193687915802
3604592,0.11255064606666565
3604688,0.12624944746494293
3604704,0.1131221130490303
3605664,0.12361101806163788
3605984,0.08689781278371811
3606944,0.11096193641424179
3607040,0.10552215576171875
3607888,0.12251141667366028
3609168,0.11202320456504822
3609408,0.09641892462968826
3609440,0.11932475864887238
3610496,0.1254945993423462
3610816,0.11784625798463821
3611360,0.10645782202482224
3611568,0.11738443374633789
3611584,0.11946801096200943
3611840,0.12744072079658508
3613040,0.12308245152235031
3613072,0.12012573331594467
3614080,0.12222778797149658
3614096,0.11991708725690842
3614192,0.11800325661897659
3614912,0.1192401722073555
3617104,0.11775198578834534
3617600,0.13021506369113922
3617776,0.12109516561031342
3618016,0.12254662811756134
3618576,0.12634211778640747
3619168,0.12476961314678192
3620208,0.12446299940347672
3620496,0.12897373735904694
3620672,0.11047779768705368
3621056,0.12483026087284088
3621072,0.12353859096765518
3621104,0.12157336622476578
3621568,0.12229180335998535
3622032,0.11974351108074188
3622208,0.12218187004327774
3623792,0.10527126491069794
3624080,0.12457723170518875
3624624,0.12567780911922455
3624672,0.11964567005634308
3625664,0.108669213950634
3626016,0.12704560160636902
3626320,0.11105963587760925
3626672,0.12184158712625504
3626736,0.12039591372013092
3629248,0.12956936657428741
3629616,0.12173933535814285
3630112,0.10695911198854446
3630784,0.12562687695026398
3631856,0.12380673736333847
3632240,0.1285468488931656
3633904,0.11188512295484543
3635776,0.1280575692653656
3636848,0.11834403872489929
3636960,0.1261471062898636
3637360,0.1263861358165741
3637408,0.12257413566112518
3638032,0.1098049059510231
3638176,0.11050301790237427
3640128,0.1265438199043274
3640224,0.12235434353351593
3640704,0.11204885691404343
3640720,0.1171840950846672
3640928,0.12542085349559784
3641648,0.12400618195533752
3641840,0.12800978124141693
3641984,0.1031142994761467
3642176,0.12899477779865265
3643136,0.10472100973129272
3643376,0.11302464455366135
3643488,0.10410428047180176
3643648,0.12266656011343002
3644016,0.12244795262813568
3644448,0.11756554991006851
3644464,0.12573592364788055
3645392,0.08979088068008423
3645552,0.12253347039222717
3646368,0.12031920254230499
3646432,0.11417272686958313
3646640,0.12598219513893127
3647120,0.11987108737230301
3647280,0.11904758214950562
3648048,0.1221916452050209
3649120,0.12256776541471481
3649984,0.11695978790521622
3650816,0.12890967726707458
3651184,0.12919539213180542
3652320,0.12196135520935059
3652704,0.11051829159259796
3653472,0.12912997603416443
3653840,0.11751668155193329
3655904,0.1016971617937088
3656144,0.12341458350419998
3656224,0.12878453731536865
3657024,0.12041138857603073
3658368,0.11958399415016174
3658768,0.12075808644294739
3659024,0.1090235710144043
3659248,0.10679532587528229
3659840,0.11883491277694702
3661584,0.10944423824548721
3661984,0.12604957818984985
3662304,0.12448865175247192
3662320,0.10602358728647232
3663520,0.12361262738704681
3664400,0.11982295662164688
3665088,0.12426561862230301
3665088,0.13096292316913605
3665312,0.12322723865509033
3666816,0.12044975906610489
3667216,0.11601120978593826
3667776,0.11568800359964371
3668480,0.12740568816661835
3669440,0.11759330332279205
3670384,0.12189558148384094
3670752,0.12069711834192276
3671376,0.11565734446048737
3671776,0.12246092408895493
3672272,0.12466277182102203
3673952,0.12278277426958084
3674304,0.12111194431781769
3675968,0.115964375436306
3677456,0.12519879639148712
3677600,0.11961542814970016
3677824,0.11626634746789932
3680192,0.12332889437675476
3681024,0.1282341480255127
3681360,0.12430168688297272
3682064,0.12919528782367706
3682384,0.12219172716140747
3682624,0.09135739505290985
3682672,0.1252133548259735
3683824,0.119498610496521
3684080,0.11575277894735336
3684816,0.12397738546133041
3685424,0.10597791522741318
3685632,0.12674441933631897
3686032,0.12406232208013535
3686320,0.11287019401788712
3687392,0.1255853772163391
3688304,0.11950652301311493
3689168,0.12197895348072052
3689440,0.12696513533592224
3689648,0.11867759376764297
3691008,0.12089350074529648
3691904,0.11900032311677933
3691920,0.12449312955141068
3693744,0.12014389038085938
3694688,0.1135227382183075
3694752,0.12358760088682175
3695456,0.1261461228132248
3695616,0.1259208470582962
3696224,0.12317641824483871
3697232,0.1264059990644455
3698224,0.11796234548091888
3699056,0.12505598366260529
3699680,0.12530234456062317
3699872,0.12137741595506668
3700208,0.12434837967157364
3700800,0.11038661003112793
3700896,0.1269887089729309
3700960,0.11570747941732407
3702624,0.12448291480541229
3702640,0.11520463228225708
3703136,0.11431720852851868
3704016,0.12671910226345062
3704256,0.1140793040394783
3704880,0.12148052453994751
3706256,0.11797621846199036
3707504,0.12028473615646362
3707840,0.12170717120170593
3707856,0.12127365916967392
3707872,0.08300305157899857
3708112,0.11685792356729507
3708544,0.11681053042411804
3709040,0.11886677145957947
3710368,0.12698151171207428
3711728,0.12426914274692535
3713168,0.12676803767681122
3714000,0.10404285788536072
3714016,0.11866330355405807
3714992,0.11985566467046738
3715280,0.11788547784090042
3717392,0.12059246003627777
3717776,0.1211763545870781
3718592,0.12514597177505493
3718640,0.12075144797563553
3718896,0.1239289939403534
3722192,0.12285952270030975
3722224,0.1270987093448639
3722368,0.12105991691350937
3723248,0.12083285301923752
3724544,0.1251254677772522
3724672,0.12402819842100143
3727392,0.11764254420995712
3727536,0.12403132766485214
3729232,0.12802128493785858
3730720,0.12682849168777466
3731680,0.12392300367355347
3732144,0.12329027056694031
3732576,0.1255291998386383
3732784,0.12037728726863861
3732848,0.12806336581707
3732960,0.1238570362329483
3733952,0.1198987141251564
3734544,0.12798038125038147
3734624,0.12337634712457657
3735376,0.11679480224847794
3735744,0.12461002916097641
3736368,0.12590746581554413
3737840,0.12257473915815353
3738080,0.10695305466651917
3738080,0.12870438396930695
3739888,0.12414219975471497
3740048,0.11832374334335327
3741008,0.12630179524421692
3741120,0.12534396350383759
3741632,0.12155665457248688
3742736,0.11604014784097672
3743696,0.10943099856376648
3743824,0.12229036539793015
3744576,0.12418604642152786
3745248,0.12185177206993103
3747360,0.11943630129098892
3748160,0.12278851866722107
3748288,0.12393737584352493
3748480,0.1264645904302597
3748672,0.12543189525604248
3749856,0.1172451600432396
3750128,0.11871497333049774
3750144,0.12166325002908707
3752128,0.12814056873321533
3752416,0.11401431262493134
3753200,0.09391458332538605
3753664,0.12050909548997879
3754384,0.12913841009140015
3755696,0.12154175341129303
3756064,0.12263723462820053
3756192,0.11895319819450378
3757344,0.12463930994272232
3757968,0.11899285763502121
3758064,0.11855507642030716
3759264,0.12079758197069168
3759280,0.1253993958234787
3759328,0.12427069246768951
3759744,0.12276652455329895
3759776,0.1255699247121811
3760640,0.1215619370341301
3761520,0.1241360455751419
3762800,0.12934443354606628
3762864,0.1267654150724411
3762944,0.12167592346668243
3763136,0.12373029440641403
3763456,0.11938412487506866
3763888,0.12538671493530273
3764640,0.12186596542596817
3765056,0.12285812944173813
3765152,0.12476316839456558
3765568,0.1271456629037857
3766336,0.12436601519584656
3766608,0.11791124194860458
3766608,0.12170181423425674
3766704,0.12132611125707626
3766736,0.11579520255327225
3770304,0.12669283151626587
3771344,0.10531443357467651
3771712,0.1292644739151001
3772512,0.13131408393383026
3772976,0.11657316237688065
3773264,0.11444307863712311
3773744,0.12048741430044174
3773856,0.1297912895679474
3773968,0.12799890339374542
3775312,0.12120140343904495
3775776,0.12184957414865494
3777008,0.12979038059711456
3777072,0.12775269150733948
3777440,0.12104937434196472
3777456,0.12151806056499481
3777472,0.1259477287530899
3778016,0.12646397948265076
3778752,0.10772024095058441
3779280,0.12221731245517731
3779696,0.12179950624704361
3780592,0.12335421144962311
3780624,0.1300954520702362
3781024,0.12369070202112198
3782000,0.12552349269390106
3782448,0.12097391486167908
3783072,0.1071092039346695
3783280,0.12291045486927032
3783744,0.12048104405403137
3784192,0.12354876101016998
3784608,0.12499575316905975
3784624,0.12332498282194138
3785264,0.10166748613119125
3787344,0.12386748939752579
3787712,0.12743233144283295
3788208,0.12445170432329178
3788256,0.12733247876167297
3788688,0.11285135895013809
3788816,0.12283219397068024
3788816,0.12372471392154694
3790128,0.12423880398273468
3791328,0.12784112989902496
3791408,0.12532760202884674
3792192,0.12950704991817474
3792416,0.1234409362077713
3793104,0.12168403714895248
3793472,0.12018600851297379
3793552,0.12998971343040466
3793824,0.13017447292804718
3794912,0.12180119752883911
3794976,0.1195468083024025
3795312,0.12389767915010452
3795792,0.12653017044067383
3795984,0.1243644431233406
3797904,0.11930326372385025
3798384,0.12482910603284836
3798544,0.12998729944229126
3798640,0.11254997551441193
3798864,0.127023845911026
3798992,0.11746709048748016
3800320,0.11124755442142487
3800608,0.12469162791967392
3800976,0.12299910187721252
3801696,0.11408375203609467
3802032,0.12407100200653076
3802128,0.11917947977781296
3802480,0.1093832328915596
3802496,0.12189000099897385
3802928,0.12162885814905167
3804384,0.12498057633638382
3805408,0.10571052879095078
3805488,0.1207248643040657
3805488,0.11757960170507431
3805808,0.12332256883382797
3806448,0.12305588275194168
3807088,0.12638643383979797
3807872,0.10705392807722092
3809712,0.12197171896696091
3810016,0.12467345595359802
3812144,0.10230962187051773
3812800,0.12377000600099564
3814496,0.12937027215957642
3816336,0.1254291981458664
3816448,0.11622130870819092
3816544,0.1241496205329895
3819360,0.12249629944562912
3819568,0.12591716647148132
3820000,0.11574840545654297
3821648,0.1256045550107956
3822064,0.12580622732639313
3823168,0.11697933822870255
3823264,0.12210942804813385
3823408,0.08811072260141373
3823600,0.12423698604106903
3823696,0.11426035314798355
3826352,0.12562185525894165
3827008,0.12108760327100754
3827216,0.12699447572231293
3828448,0.12027545273303986
3829072,0.11535630375146866
3830336,0.12494898587465286
3830752,0.12400217354297638
3830864,0.12029275298118591
3831280,0.11517356336116791
3832032,0.12576234340667725
3832672,0.12079624831676483
3832832,0.1191515326499939
3833152,0.11893535405397415
3833984,0.1197199895977974
3834288,0.1251547932624817
3834864,0.12067938596010208
3834864,0.11840742081403732
3835760,0.12299398332834244
3836304,0.12159506976604462
3837824,0.12774021923542023
3838368,0.12572163343429565
3839136,0.11104738712310791
3839840,0.108742855489254
3839920,0.12172386795282364
3839952,0.11765988171100616
3840880,0.11317075043916702
3841424,0.12832337617874146
3842064,0.12237181514501572
3842736,0.11785483360290527
3843568,0.12617669999599457
3844928,0.12287247180938721
3845136,0.12077881395816803
3845424,0.1222967654466629
3845936,0.1272108554840088
3846272,0.12313710153102875
3846336,0.11221153289079666
3848096,0.11594482511281967
3848560,0.11884579807519913
3850384,0.12257668375968933
3850864,0.12019743025302887
3851696,0.1287945657968521
3852144,0.12148347496986389
3852304,0.12264770269393921
3853552,0.12516893446445465
3853920,0.12150928378105164
3853984,0.09100549668073654
3855616,0.12385272979736328
3855664,0.11965174227952957
3855952,0.12326981872320175
3857024,0.12257792800664902
3857520,0.127821683883667
3857520,0.12125920504331589
3857584,0.12440212070941925
3860096,0.11672134697437286
3860272,0.1237872987985611
3860336,0.11624512821435928
3860640,0.12470319867134094
3861040,0.11738625168800354
3862848,0.12240010499954224
3862880,0.10977297276258469
3863904,0.12113149464130402
3864416,0.12282030284404755
3865008,0.11793630570173264
3866144,0.1176375076174736
3867200,0.12662434577941895
3867424,0.12364193797111511
3868256,0.12347357720136642
3868400,0.1254877895116806
3868496,0.12578368186950684
3868640,0.1239844486117363
3869792,0.11657128483057022
3870000,0.12972430884838104
3870176,0.08554268628358841
3871024,0.11826103180646896
3871920,0.122304268181324
3872112,0.12160624563694
3872224,0.11763358116149902
3872336,0.10637335479259491
3872464,0.10224051773548126
3873232,0.1139167919754982
3873952,0.11325863748788834
3874608,0.11922131478786469
3875328,0.10661394149065018
3875472,0.12608270347118378
3875696,0.10966628044843674
3876032,0.12556999921798706
3878192,0.12259966880083084
3878864,0.1199674904346466
3878896,0.12299937754869461
3878960,0.12344940751791
3879312,0.12363429367542267
3880272,0.12361986935138702
3880304,0.1239202469587326
3881120,0.12410721927881241
3881536,0.11847639828920364
3882560,0.1213110089302063
3882624,0.11661797761917114
3882640,0.12152769416570663
3882816,0.12296579033136368
3883024,0.12090400606393814
3884032,0.11695774644613266
3885472,0.11747705191373825
3885648,0.10566435754299164
3885680,0.1260252743959427
3886672,0.10839391499757767
3889248,0.12448844313621521
3889696,0.12662778794765472
3893216,0.12596696615219116
3894464,0.12036388367414474
3894800,0.12271422147750854
3896400,0.11404366046190262
3897008,0.1237715408205986
3898048,0.12121722102165222
3898560,0.11727596819400787
3898656,0.12452849000692368
3899152,0.12408532947301865
3900928,0.11645868420600891
3901088,0.1122182086110115
3901216,0.1205609068274498
3903152,0.10937882959842682
3903712,0.12428800761699677
3904048,0.12224838882684708
3904432,0.10824231803417206
3904864,0.10980211943387985
3905536,0.11395540088415146
3905904,0.11807432770729065
3906912,0.12288801372051239
3907680,0.1224585548043251
3907952,0.1210193783044815
3908784,0.1284775584936142
3909104,0.12259355187416077
3909440,0.12070794403553009
3909872,0.12239083647727966
3911216,0.1109282523393631
3911600,0.12211871892213821
3911648,0.10091228783130646
3911824,0.12163610011339188
3912352,0.09524433314800262
3913440,0.12786811590194702
3913968,0.1280270665884018
3914096,0.1216234564781189
3915344,0.11830796301364899
3915408,0.12146126478910446
3917168,0.10118618607521057
3917696,0.12420256435871124
3918720,0.11811637133359909
3918992,0.12551239132881165
3919264,0.12731871008872986
3919488,0.1193862110376358
3920752,0.12543143332004547
3922560,0.09522785991430283
3923344,0.12842777371406555
3924336,0.12332703173160553
3924672,0.1269775629043579
3924720,0.11281852424144745
3925776,0.1243787333369255
3925936,0.11750128120183945
3926448,0.12269125133752823
3926736,0.1230621412396431
3927248,0.12234526872634888
3927680,0.12283395975828171
3927696,0.11454513669013977
3928000,0.12386549264192581
3928256,0.12371620535850525
3930000,0.11945987492799759
3930848,0.1260877549648285
3931376,0.124754898250103
3932880,0.12052417546510696
3933024,0.1241648867726326
3933856,0.12695065140724182
3934944,0.11933152377605438
3935312,0.12878917157649994
3937408,0.1255284547805786
3940032,0.12381268292665482
3942176,0.11820770055055618
3942496,0.12934032082557678
3943792,0.12423452734947205
3944240,0.12613297998905182
3945264,0.12087038159370422
3946032,0.13135547935962677
3946400,0.1210184320807457
3947360,0.12429238855838776
3947792,0.11927205324172974
3948832,0.12491606175899506
3949328,0.1215599775314331
3949888,0.13018520176410675
3950416,0.12446165084838867
3951008,0.11922983080148697
3951344,0.12366794049739838
3952992,0.12289536744356155
3953040,0.12273447215557098
3954192,0.12274589389562607
3954304,0.12539838254451752
3954336,0.12970376014709473
3955248,0.12030304968357086
3955872,0.12116997689008713
3957664,0.12374414503574371
3958624,0.1239432618021965
3959872,0.12859466671943665
3962064,0.12397602200508118
3962672,0.12286496162414551
3963424,0.1224721223115921
3963568,0.11309046298265457
3963584,0.13322731852531433
3963776,0.12382792681455612
3965216,0.1229819506406784
3966720,0.10996370017528534
3966960,0.12641926109790802
3968000,0.10988062620162964
3968528,0.1174745112657547
3968768,0.1073615625500679
3970304,0.12448634207248688
3970624,0.12035126239061356
3970784,0.12032099068164825
3971968,0.11671853810548782
3972112,0.11819121241569519
3972192,0.11552012711763382
3974224,0.11338891088962555
3974224,0.12284194678068161
3975200,0.1258561909198761
3977408,0.12123364210128784
3977488,0.11411239951848984
3977568,0.12949469685554504
3977920,0.11979562044143677
3978992,0.12514789402484894
3980752,0.10240956395864487
3981872,0.11035430431365967
3982608,0.11935553699731827
3982704,0.1258624941110611
3983936,0.12146970629692078
3983952,0.12457838654518127
3984352,0.12275748699903488
3985088,0.1244039312005043
3986144,0.11832202225923538
3986320,0.12125483900308609
3986608,0.0770990327000618
3987024,0.12439872324466705
3987152,0.1222718134522438
3987696,0.12151935696601868
3988544,0.12768247723579407
3988640,0.11935023963451385
3990048,0.12149056047201157
3991488,0.12337972223758698
3991776,0.1274893432855606
3993200,0.11150452494621277
3993360,0.1255127638578415
3993760,0.12030713260173798
3994064,0.127483069896698
3994320,0.10657410323619843
3994976,0.11663507670164108
3995344,0.1270114928483963
3995680,0.12458010017871857
3996192,0.12852069735527039
3997056,0.10755211114883423
3997360,0.12467481195926666
3997440,0.11148016154766083
3997952,0.11566472798585892
3998800,0.09769243746995926
3999024,0.12191887199878693
3999744,0.11789847910404205
4000416,0.12513943016529083
4000688,0.12286294251680374
4002784,0.12189523875713348
4003984,0.11799191683530807
4004160,0.12580068409442902
4004640,0.1182107999920845
4005104,0.11361171305179596
4006048,0.1244344562292099
4008128,0.12599489092826843
4009488,0.12130223959684372
4009552,0.12325684726238251
4011056,0.12493715435266495
4011120,0.12278307974338531
4011504,0.12333254516124725
4011520,0.1210346668958664
4014688,0.12308869510889053
4016080,0.12180573493242264
4016640,0.12184435874223709
4017264,0.12342871725559235
4017376,0.11854129284620285
4018256,0.12624233961105347
4019376,0.11850617080926895
4019664,0.12732458114624023
4020784,0.12456746399402618
4021808,0.12097867578268051
4022000,0.11589431017637253
4022016,0.09838026762008667
4022224,0.11207801103591919
4022320,0.12871035933494568
4022432,0.12668851017951965
4022928,0.10886356234550476
4023696,0.10767414420843124
4025344,0.1265304833650589
4025888,0.12263856828212738
4028144,0.12057990580797195
4029360,0.12575188279151917
4030864,0.11823906749486923
4031808,0.11986666917800903
4032368,0.12549521028995514
4033104,0.12893038988113403
4035040,0.10726933181285858
4035344,0.12583188712596893
4037136,0.12650178372859955
4037984,0.126505047082901
4038080,0.10658197849988937
4038816,0.12515924870967865
4038960,0.12214822322130203
4039392,0.12143810838460922
4040688,0.12202753871679306
4041584,0.12789402902126312
4041696,0.12122275680303574
4041856,0.11618264019489288
4042224,0.12806954979896545
4042480,0.1267825812101364
4043376,0.12397035211324692
4044416,0.11393339186906815
4045840,0.12151330709457397
4046352,0.10907745361328125
4046480,0.1244068518280983
4046960,0.12400225549936295
4047488,0.12246210873126984
4047968,0.12453395873308182
4048656,0.12320776283740997
4048960,0.12187474220991135
4049264,0.11053302139043808
4049344,0.1269901990890503
4049392,0.12059422582387924
4049536,0.12252770364284515
4049648,0.11607752740383148
4049696,0.12166439741849899
4050064,0.12256725877523422
4051024,0.12120009958744049
4052272,0.12480361014604568
4052928,0.1257932484149933
4053120,0.12341280281543732
4053440,0.1100110411643982
4053648,0.12331780046224594
4053696,0.10437554866075516
4055184,0.12591223418712616
4055920,0.121573306620121
4056352,0.125115305185318
4056592,0.11378046870231628
4056656,0.12352222204208374
4058848,0.11330775916576385
4059712,0.11481969803571701
4060192,0.11600127816200256
4060816,0.12666217982769012
4061632,0.07850471884012222
4062416,0.1218600794672966
4062944,0.11681335419416428
4063344,0.11332366615533829
4063520,0.12351653724908829
4063664,0.1238175481557846
4064176,0.12304714322090149
4065136,0.12313240021467209
4065856,0.11405117809772491
4066784,0.12296589463949203
4068384,0.12186276912689209
4068736,0.1129581481218338
4069888,0.12025733292102814
4070128,0.12361874431371689
4070352,0.11726176738739014
4070496,0.12739303708076477
4071680,0.11641198396682739
4073328,0.1078002005815506
4073584,0.12003990262746811
4074080,0.1263623833656311
4074912,0.12246229499578476
4075520,0.12215844541788101
4075936,0.11935330182313919
4076608,0.12213299423456192
4076944,0.12222372740507126
4077136,0.12792061269283295
4077632,0.12876427173614502
4078288,0.1226315051317215
4078992,0.12478090822696686
4079280,0.11440584808588028
4080704,0.12748956680297852
4081280,0.11773551255464554
4082240,0.09309051930904388
4083200,0.0974687710404396
4084416,0.11818799376487732
4085056,0.12349230796098709
4085248,0.124241903424263
4088192,0.12388671189546585
4088592,0.11222290992736816
4088688,0.12255878001451492
4089184,0.11742899566888809
4090576,0.11915944516658783
4091152,0.11727294325828552
4091280,0.12096115201711655
4092000,0.11904704570770264
4092048,0.1207454651594162
4092720,0.1187102273106575
4092880,0.1243937686085701
4093872,0.11754821985960007
4095584,0.11756959557533264
4095632,0.12468060106039047
4095888,0.11722864955663681
4096448,0.12061966955661774
4096672,0.12843643128871918
4097424,0.1098426952958107
4099104,0.12690940499305725
4099456,0.117528535425663
4099872,0.1195068508386612
4100608,0.12578964233398438
4101008,0.12336019426584244
4101952,0.12204845994710922
4102672,0.12203226238489151
4103168,0.12983287870883942
4103424,0.1330399364233017
4103760,0.12357503920793533
4103840,0.1122283861041069
4106112,0.11672212928533554
4107136,0.11990682035684586
4107440,0.11856909841299057
4108384,0.11539066582918167
4109664,0.12494082748889923
4109680,0.11298944801092148
4110032,0.12805353105068207
4110208,0.11915377527475357
4110896,0.126576229929924
4110928,0.12871146202087402
4111616,0.12121778726577759
4112672,0.11770575493574142
4113152,0.11332262307405472
4113312,0.12670741975307465
4114208,0.12001202255487442
4114528,0.1248818188905716
4114576,0.1185949370265007
4115584,0.12080138921737671
4115936,0.11817110329866409
4116864,0.11611755192279816
4117024,0.11535350233316422
4117792,0.12381794303655624
4118256,0.11709821969270706
4118752,0.126994326710701
4118752,0.12228594720363617
4119216,0.12688976526260376
4120704,0.1157856285572052
4121344,0.12876179814338684
4121856,0.12196654081344604
4122384,0.1254808008670807
4124176,0.1264445185661316
4124272,0.12414160370826721
4124848,0.1278776079416275
4124864,0.12682875990867615
4125200,0.12193752825260162
4125984,0.11977454274892807
4126000,0.11968661099672318
4126464,0.121150903403759
4128352,0.12400325387716293
4128800,0.12141568958759308
4128960,0.12601758539676666
4129600,0.12624895572662354
4130016,0.125053271651268
4130720,0.12601207196712494
4131120,0.12225271016359329
4131536,0.12091514468193054
4132352,0.10648788511753082
4132560,0.09861817210912704
4133104,0.12527348101139069
4133168,0.1253390908241272
4133200,0.10468195378780365
4135520,0.1301792860031128
4135904,0.12625643610954285
4136048,0.12854181230068207
4138224,0.10328542441129684
4138544,0.11595705896615982
4139632,0.11456304043531418
4140224,0.12588012218475342
4140240,0.12654614448547363
4140416,0.12250243127346039
4140720,0.11312150210142136
4140752,0.1265733242034912
4141456,0.12059132754802704
4142512,0.12883242964744568
4143392,0.10942418873310089
4143424,0.11837256699800491
4143680,0.12252920120954514
4143824,0.12442075461149216
4144288,0.12287555634975433
4145088,0.11699012666940689
4145344,0.11858455091714859
4145360,0.1127188578248024
4147024,0.12215760350227356
4147072,0.12246467173099518
4147312,0.12778884172439575
4147776,0.1188555583357811
4147872,0.1181626245379448
4149984,0.11853966861963272
4150624,0.12017890065908432
4151888,0.11463182419538498
4152336,0.12193186581134796
4152448,0.12794876098632812
4153056,0.1128789484500885
4153600,0.12689059972763062
4154448,0.12297230213880539
4154672,0.10989288985729218
4154944,0.12967243790626526
4155952,0.12046454101800919
4156208,0.11717355251312256
4157232,0.11853544414043427
4158048,0.1277231127023697
4159664,0.12088865786790848
4159904,0.12632068991661072
4161616,0.12733395397663116
4161888,0.12328752875328064
4162176,0.11885999888181686
4163056,0.11553432792425156
4163120,0.1230132132768631
4165488,0.11912032961845398
4165520,0.12659162282943726
4166624,0.12202180176973343
4166928,0.11994962394237518
4167984,0.12590675055980682
4168912,0.12488482892513275
4171456,0.121915303170681
4172224,0.13293007016181946
4172560,0.11993048340082169
4173136,0.12210036814212799
4173872,0.11721275001764297
4174032,0.12175929546356201
4174096,0.1240706592798233
4174224,0.08509465306997299
4176176,0.12598395347595215
4176336,0.10650554299354553
4178016,0.1289854794740677
4178960,0.12277979403734207
4179376,0.12413860857486725
4179664,0.12521480023860931
4181136,0.11397025734186172
4181392,0.12424413114786148
4181584,0.10447242856025696
4182912,0.12662245333194733
4183360,0.12430661171674728
4183648,0.11345506459474564
4185104,0.12556204199790955
4185696,0.1240142211318016
4187056,0.1217644140124321
4187120,0.12155313789844513
4187264,0.1272420734167099
4188192,0.12056472897529602
4188256,0.11695139110088348
4189024,0.11964620649814606
4189744,0.11603343486785889
4190624,0.12093561887741089
4191824,0.12089847773313522
4192720,0.11409424990415573
4193472,0.12938088178634644
4194176,0.12925662100315094
4194336,0.1191026121377945
4194592,0.12286749482154846
4196496,0.11018674075603485
4196960,0.12409379333257675
4197088,0.1209934800863266
4197808,0.12435483187437057
4197824,0.12397688627243042
4197840,0.11549331247806549
4198240,0.11015793681144714
4198512,0.12041297554969788
4199024,0.1250283569097519
4200480,0.1262122243642807
4200640,0.12298855930566788
4201360,0.12464548647403717
4201456,0.11423396319150925
4201536,0.12173569947481155
4202560,0.124866783618927
4202640,0.12211693823337555
4202960,0.12678685784339905
4203568,0.1177702471613884
4204272,0.11563324183225632
4204912,0.12715354561805725
4205056,0.12516392767429352
4205136,0.1168990433216095
4206208,0.12253767251968384
4206544,0.12497305124998093
4206624,0.11414539068937302
4207088,0.1280597597360611
4207136,0.12022485584020615
4207856,0.12541267275810242
4208576,0.12745092809200287
4208752,0.11721199005842209
4209408,0.11749635636806488
4209840,0.12699741125106812
4210016,0.12667228281497955
4210288,0.11077895760536194
4210720,0.12179772555828094
4211360,0.12316229194402695
4211904,0.10781679302453995
4212112,0.12727795541286469
4212960,0.12762466073036194
4213328,0.12019671499729156
4213696,0.13061128556728363
4213872,0.12831437587738037
4214896,0.11546233296394348
4214912,0.12591592967510223
4215136,0.12461480498313904
4215680,0.1241719126701355
4215744,0.10921791940927505
4215760,0.12729698419570923
4216912,0.12125281989574432
4217024,0.1188281700015068
4217840,0.12162290513515472
4218016,0.12441299110651016
4218480,0.12714649736881256
4219232,0.12206890434026718
4219296,0.12858125567436218
4219344,0.12579388916492462
4220528,0.1274474412202835
4220976,0.10269539803266525
4222048,0.12202294170856476
4222576,0.11482957750558853
4222864,0.12300791591405869
4222992,0.1240943968296051
4224560,0.11585383117198944
4225280,0.11279521137475967
4225312,0.12519508600234985
4226480,0.11751365661621094
4226544,0.11737343668937683
4229840,0.10526496917009354
4230032,0.11202524602413177
4230112,0.12169861048460007
4231152,0.1180182620882988
4231232,0.11677804589271545
4232288,0.1285637766122818
4232448,0.12436359375715256
4233632,0.12583009898662567
4234800,0.11686941236257553
4236416,0.11343181133270264
4238464,0.12031587213277817
4238928,0.11955664306879044
4239216,0.11007755249738693
4240624,0.11081952601671219
4241088,0.09842541813850403
4241872,0.12172795832157135
4242448,0.10239538550376892
4242736,0.11238256841897964
4243376,0.11050442606210709
4244080,0.10448173433542252
4244112,0.12398426979780197
4244272,0.11549209803342819
4244352,0.12573716044425964
4245056,0.11397941410541534
4246032,0.13119706511497498
4246112,0.10545694828033447
4246224,0.12409354001283646
4246368,0.12143648415803909
4246928,0.12481382489204407
4247776,0.12326733022928238
4248368,0.11794202774763107
4249696,0.12467601895332336
4249840,0.12353112548589706
4250000,0.12067312747240067
4250416,0.12494896352291107
4251088,0.10871676355600357
4252800,0.12430285662412643
4252800,0.11037858575582504
4254816,0.12499639391899109
4255024,0.12413684278726578
4256464,0.1196523904800415
4256864,0.12424402683973312
4257184,0.12367504835128784
4257520,0.12755072116851807
4257872,0.10812687128782272
4258304,0.12401912361383438
4258560,0.12187405675649643
4258992,0.11431152373552322
4260096,0.12252090871334076
4260272,0.12806221842765808
4260416,0.12181094288825989
4262720,0.11966432631015778
4263648,0.12432681024074554
4264976,0.12141580134630203
4265072,0.1233181431889534
4265856,0.1217646673321724
4266288,0.11904969811439514
4266944,0.1036260798573494
4267376,0.12431716173887253
4267472,0.11848098784685135
4268704,0.11867889016866684
4268752,0.12359980493783951
4268768,0.11764730513095856
4269232,0.12156302481889725
4270048,0.12284884601831436
4270496,0.11929347366094589
4270624,0.13093169033527374
4271088,0.12051481753587723
4271760,0.12228492647409439
4272224,0.10833773016929626
4272256,0.11302946507930756
4274528,0.1265193372964859
4274640,0.12419389188289642
4274784,0.10830895602703094
4275856,0.1206541433930397
4277056,0.12456360459327698
4277792,0.12092076241970062
4278080,0.12724193930625916
4278288,0.12614651024341583
4278992,0.12317410856485367
4280352,0.1234530434012413
4280960,0.11932806670665741
4281504,0.1109011322259903
4281632,0.1256522536277771
4281776,0.11978577077388763
4283088,0.12198399007320404
4283584,0.10781082510948181
4283632,0.11944727599620819
4285248,0.12746205925941467
4285408,0.12401830404996872
4286592,0.1221417710185051
4287088,0.12091629207134247
4287120,0.1200200542807579
4288576,0.12036292999982834
4289792,0.09812463819980621
4290256,0.11695133149623871
4290640,0.12047053873538971
4290656,0.1259591281414032
4290768,0.12002202868461609
4292080,0.11549048870801926
4292208,0.12133942544460297
4294192,0.12249074876308441
4294272,0.12212135642766953
4295696,0.11942484974861145
4295872,0.12269719690084457
4296096,0.1136537492275238
4296368,0.12111952155828476
4296944,0.11316768825054169
4297520,0.12358932942152023
4297712,0.12941603362560272
4297824,0.1266074925661087
4299040,0.1239628866314888
4299296,0.09772457182407379
4299536,0.1197284385561943
4300480,0.10321012139320374
4301200,0.11180014163255692
4301408,0.11906025558710098
4301584,0.12085480242967606
4302240,0.11621642857789993
4303120,0.11431192606687546
4303136,0.12731127440929413
4303200,0.12074221670627594
4303504,0.12480401992797852
4304064,0.12343878298997879
4304912,0.11124002933502197
4305232,0.12356309592723846
4305232,0.12008547782897949
4305888,0.10989117622375488
4308544,0.1262563318014145
4309248,0.10125410556793213
4309408,0.12756147980690002
4310512,0.122263602912426
4311808,0.11083933711051941
4311840,0.12560252845287323
4312048,0.11126416176557541
4312192,0.12380173802375793
4312448,0.12614235281944275
4313008,0.11979291588068008
4314400,0.11230511963367462
4314912,0.12678338587284088
4315664,0.12248090654611588
4316080,0.117568239569664
4316512,0.11984346061944962
4317216,0.09701478481292725
4317488,0.10861042886972427
4318112,0.11227355152368546
4319232,0.12113093584775925
4319648,0.12182386964559555
4320048,0.12633074820041656
4320096,0.127232626080513
4320608,0.11770787835121155
4321056,0.1206236183643341
4321072,0.11372383683919907
4321168,0.11330331116914749
4321184,0.11613808572292328
4322864,0.12257932126522064
4322880,0.1225680485367775
4323424,0.12004360556602478
4323616,0.1252831667661667
4323648,0.11752062290906906
4324432,0.09512398391962051
4324640,0.12202200293540955
4324784,0.11983782798051834
4325056,0.12525148689746857
4325200,0.12587913870811462
4326448,0.12361536920070648
4326720,0.11826588958501816
4326864,0.11945808678865433
4326896,0.12453696876764297
4327136,0.12707063555717468
4327872,0.1273053139448166
4328240,0.12226581573486328
4328368,0.12753544747829437
4329632,0.10807890444993973
4329792,0.1244940459728241
4330016,0.12908506393432617
4330592,0.11539392918348312
4330656,0.12593552470207214
4331792,0.12164517492055893
4331952,0.11929453164339066
4333136,0.12188401818275452
4333520,0.12416160106658936
4334192,0.1299932450056076
4334416,0.1256755292415619
4336176,0.12327685207128525
4336304,0.1234552413225174
4336592,0.12171871960163116
4337616,0.1211492046713829
4338672,0.1150311827659607
4338704,0.12289857864379883
4338800,0.11397888511419296
4339056,0.12504450976848602
4339088,0.12307313084602356
4340112,0.1280129849910736
4341488,0.11787891387939453
4342240,0.11269746720790863
4342432,0.12166355550289154
4342560,0.1236877515912056
4343296,0.10932668298482895
4344192,0.12453466653823853
4344720,0.11821700632572174
4345792,0.12312917411327362
4345904,0.12321820855140686
4345920,0.12243369966745377
4346000,0.1185661032795906
4346160,0.12332012504339218
4347968,0.12471635639667511
4348800,0.11551389843225479
4350576,0.1270657181739807
4351200,0.11186539381742477
4352992,0.1257232129573822
4353056,0.12437742948532104
4353264,0.12244157493114471
4354032,0.12447569519281387
4354208,0.10998163372278214
4354752,0.12502707540988922
4354848,0.126523956656456
4355488,0.12821011245250702
4357616,0.12702055275440216
4358480,0.12575948238372803
4358784,0.12024781852960587
4359200,0.11340796947479248
4360144,0.1274263560771942
4360208,0.12426991760730743
4360368,0.1067383885383606
4360800,0.12469734996557236
4361136,0.1262066513299942
4361232,0.11696688830852509
4362368,0.12074385583400726
4362784,0.11408285051584244
4363808,0.12249065935611725
4363872,0.12170129269361496
4363952,0.12412141263484955
4364368,0.12505966424942017
4364864,0.11952770501375198
4366368,0.12672773003578186
4366864,0.11193633079528809
4367408,0.11763539910316467
4367968,0.12056511640548706
4368192,0.12913870811462402
4368496,0.12287227064371109
4369440,0.12235789000988007
4370896,0.11746416985988617
4370912,0.11913588643074036
4370928,0.12297600507736206
4371136,0.11982300132513046
4371456,0.1118595227599144
4372016,0.12572108209133148
4372016,0.11992593109607697
4374448,0.12593738734722137
4375232,0.12569835782051086
4376656,0.12246271967887878
4377904,0.11179368197917938
4378176,0.11267536878585815
4378224,0.1231842115521431
4378592,0.12746289372444153
4379328,0.12108124047517776
4380208,0.12065376341342926
4380800,0.11878760904073715
4381536,0.12463162839412689
4381712,0.12511594593524933
4381920,0.12205807119607925
4382192,0.09706008434295654
4382864,0.12327437102794647
4384144,0.12149355560541153
4384336,0.12081632763147354
4385072,0.12108791619539261
4385168,0.11372428387403488
4386064,0.10531505197286606
4386432,0.11907980591058731
4386432,0.12107435613870621
4386544,0.12929260730743408
4386976,0.1047879084944725
4387328,0.12621831893920898
4387632,0.10878508538007736
4387872,0.12251684814691544
4388880,0.12157092243432999
4390032,0.125934436917305
4391200,0.12121716886758804
4392288,0.12541237473487854
4393248,0.1259460300207138
4393424,0.12065200507640839
4393536,0.12779194116592407
4393632,0.12468889355659485
4395008,0.11996372789144516
4396112,0.12229173630475998
4396416,0.12217021733522415
4397152,0.12976250052452087
4398576,0.12241104990243912
4399408,0.12421730905771255
4400336,0.12733545899391174
4401088,0.12584498524665833
4401616,0.11148930341005325
4401888,0.12414386123418808
4401888,0.12251882255077362
4402144,0.12617146968841553
4403504,0.12822134792804718
4404144,0.12161274254322052
4404272,0.11462776362895966
4404288,0.12502886354923248
4404320,0.10839740186929703
4404864,0.11911635845899582
4405248,0.11055514216423035
4405696,0.12248143553733826
4406512,0.1284271627664566
4406832,0.12011906504631042
4407856,0.12657473981380463
4408400,0.13029305636882782
4408816,0.12449759989976883
4408992,0.12314459681510925
4409360,0.12278681993484497
4410416,0.12920518219470978
4411472,0.12107718735933304
4411488,0.12369482964277267
4411776,0.12636984884738922
4412304,0.12671935558319092
4412976,0.1317296177148819
4414080,0.125936821103096
4415872,0.12514853477478027
4416144,0.10809696465730667
4417504,0.12527060508728027
4418080,0.1246790736913681
4418608,0.12312387675046921
4418800,0.12232246994972229
4419632,0.12323376536369324
4419664,0.127345010638237
4420656,0.10694017261266708
4420880,0.12553028762340546
4421056,0.12452108412981033
4421488,0.1188368946313858
4422048,0.1273421049118042
4422096,0.12874114513397217
4422240,0.12274695187807083
4423136,0.11558745056390762
4424576,0.12811383605003357
4426800,0.12377151846885681
4426816,0.12572960555553436
4427136,0.12613065540790558
4427792,0.11945773661136627
4428064,0.11966325342655182
4428656,0.12657904624938965
4428784,0.11504765599966049
4429488,0.11871665716171265
4430272,0.12414821982383728
4430384,0.12314827740192413
4430704,0.12415360659360886
4431904,0.12599997222423553
4432208,0.12722544372081757
4432240,0.1272658407688141
4432608,0.11405313014984131
4433776,0.1140686571598053
4433888,0.12725520133972168
4434304,0.11974681168794632
4434848,0.12431690096855164
4437200,0.11619294434785843
4437824,0.12479311227798462
4439840,0.12323811650276184
4440688,0.12945233285427094
4443376,0.12972423434257507
4444208,0.12289157509803772
4444576,0.1333853006362915
4444944,0.12817341089248657
4445216,0.12592869997024536
4446192,0.12601709365844727
4446400,0.12699565291404724
4446736,0.12440277636051178
4446880,0.11859982460737228
4447136,0.11923772841691971
4447344,0.11456648260354996
4448880,0.11299946904182434
4449440,0.12417541444301605
4450320,0.12182874977588654
4452176,0.11738515645265579
4453408,0.11779625713825226
4454224,0.12586992979049683
4454432,0.12446833401918411
4454608,0.10794730484485626
4455648,0.12362606823444366
4456656,0.12454766780138016
4459328,0.12316014617681503
4459792,0.12203443795442581
4461696,0.12754952907562256
4461824,0.1165909543633461
4463056,0.12908248603343964
4463184,0.12301868945360184
4463952,0.1194625049829483
4464336,0.11121462285518646
4464752,0.11335121095180511
4464880,0.12549562752246857
4466880,0.12683796882629395
4470048,0.12942127883434296
4471088,0.12761369347572327
4471264,0.12585976719856262
4471760,0.12232694029808044
4472432,0.10644383728504181
4472800,0.12644395232200623
4474048,0.12467585504055023
4474656,0.127043217420578
4475120,0.12857969105243683
4476000,0.12312605232000351
4477712,0.12017232924699783
4479040,0.12314583361148834
4479632,0.12590713798999786
4480192,0.12549997866153717
4480720,0.10617273300886154
4481232,0.12252025306224823
4481584,0.12385314702987671
4482176,0.12500159442424774
4482480,0.12089638411998749
4483248,0.12833759188652039
4484256,0.12573513388633728
4484592,0.12351098656654358
4485408,0.11833319067955017
4486656,0.1261814385652542
4487808,0.12378590553998947
4488224,0.12176826596260071
4488560,0.12157188355922699
4489664,0.12433316558599472
4490224,0.12141142040491104
4491328,0.12539277970790863
4491808,0.12935754656791687
4492256,0.12164656072854996
4493376,0.12542662024497986
4493792,0.12959937751293182
4494960,0.11351526528596878
4495232,0.11611656844615936
4495376,0.12746265530586243
4495504,0.12639716267585754
4495808,0.12343613058328629
4496176,0.10731016099452972
4496384,0.1260339766740799
4496864,0.12388525903224945
4496864,0.12347682565450668
4497008,0.12102968990802765
4497280,0.12403001636266708
4497600,0.12244714051485062
4498080,0.12163569778203964
4499664,0.1262957751750946
4500368,0.12756583094596863
4500528,0.11590778082609177
4500592,0.12395525723695755
4500704,0.10331427305936813
4502032,0.1266034096479416
4502432,0.1254577785730362
4503872,0.11751709878444672
4504064,0.12655681371688843
4504160,0.11537844687700272
4504256,0.12235554307699203
4505616,0.12469866126775742
4505744,0.12556052207946777
4506752,0.11987030506134033
4507280,0.11081381142139435
4507536,0.12400154769420624
4507648,0.12788300216197968
4507696,0.11735445261001587
4508048,0.1265210062265396
4508784,0.12358850240707397
4509152,0.12195698916912079
4509232,0.12162339687347412
4509504,0.12251954525709152
4509568,0.1251460611820221
4510336,0.12388379871845245
4510336,0.11660150438547134
4510864,0.10506230592727661
4512752,0.12130662053823471
4513040,0.12215229868888855
4513184,0.12330460548400879
4514592,0.12395665049552917
4514688,0.12375164031982422
4516720,0.12301240861415863
4518560,0.12363886088132858
4519648,0.1223352700471878
4521072,0.12136545777320862
4521488,0.13159124553203583
4521792,0.11935858428478241
4522192,0.11769857257604599
4525184,0.12621042132377625
4525824,0.11970355361700058
4527136,0.12756511569023132
4528176,0.1243659108877182
4528672,0.12769794464111328
4528912,0.12300600856542587
4529184,0.12486347556114197
4530480,0.12817057967185974
4531136,0.12023267894983292
4532000,0.12879371643066406
4532304,0.12379077821969986
4532576,0.11322541534900665
4532752,0.1270465850830078
4533056,0.12628120183944702
4533568,0.1280301809310913
4534640,0.12456054240465164
4535520,0.11250796914100647
4536400,0.12252405285835266
4537648,0.12186543643474579
4537792,0.12650735676288605
4538192,0.12510931491851807
4538464,0.12729428708553314
4539968,0.11666756123304367
4541456,0.1255042552947998
4542192,0.12389589846134186
4545024,0.12100083380937576
4545120,0.11768509447574615
4545168,0.11130587756633759
4545632,0.11757269501686096
4546256,0.12431911379098892
4546272,0.12312976270914078
4546480,0.1165388748049736
4546544,0.1230367049574852
4547104,0.12403468042612076
4549120,0.12471961230039597
4549648,0.1172265037894249
4549824,0.11285204440355301
4550688,0.11526664346456528
4551232,0.12328559905290604
4551264,0.12541911005973816
4552320,0.12949109077453613
4552448,0.1206095889210701
4552720,0.11731118708848953
4553344,0.1251736581325531
4554032,0.10871700942516327
4554688,0.12331947684288025
4555392,0.1118892952799797
4555536,0.12290250509977341
4555936,0.10963911563158035
4556032,0.12270916998386383
4556272,0.11868898570537567
4557056,0.1247420683503151
4558896,0.11820808053016663
4559040,0.11679858714342117
4559696,0.1094561293721199
4559728,0.12045012414455414
4560048,0.12562572956085205
4561456,0.12578079104423523
4561968,0.12234467267990112
4562288,0.116811603307724
4562464,0.12801164388656616
4562480,0.10564684867858887
4562512,0.12451128661632538
4562608,0.12443841248750687
4562752,0.11890217661857605
4564256,0.1245618462562561
4565424,0.10870561748743057
4565872,0.11457021534442902
4566080,0.11920349299907684
4566880,0.12270015478134155
4566992,0.13066786527633667
4567904,0.12267490476369858
4568576,0.12212017178535461
4569680,0.12193455547094345
4570256,0.11532066017389297
4570608,0.1254122406244278
4571040,0.1257397085428238
4571408,0.11832218617200851
4572176,0.12519904971122742
4573344,0.12352596968412399
4573376,0.12388275563716888
4573520,0.12140180915594101
4574176,0.12223439663648605
4574192,0.09821383655071259
4574304,0.12424223124980927
4574992,0.1275903284549713
4575792,0.12198489904403687
4576704,0.12432155013084412
4576704,0.12378685176372528
4576960,0.12453607469797134
4577088,0.12687210738658905
4577616,0.100614033639431
4577648,0.12321773171424866
4577888,0.11324147880077362
4580080,0.12654079496860504
4584192,0.12560884654521942
4585056,0.12323389202356339
4585072,0.12107425928115845
4585152,0.12311691790819168
4586400,0.12344083935022354
4586576,0.12824386358261108
4587264,0.12542040646076202
4587552,0.12133540958166122
4587568,0.09328322857618332
4587792,0.12437844276428223
4588672,0.12394984811544418
4590032,0.12398897111415863
4590944,0.11696599423885345
4591072,0.12711098790168762
4591120,0.11768324673175812
4591184,0.1254386007785797
4591264,0.12062225490808487
4593040,0.12003523111343384
4593680,0.12224506586790085
4595840,0.12678486108779907
4596640,0.1194591298699379
4597248,0.11852841079235077
4597296,0.12059549987316132
4598320,0.1252572387456894
4599664,0.12384863197803497
4600016,0.12201803922653198
4600784,0.12059802561998367
4600784,0.12098320573568344
4601936,0.12585757672786713
4602112,0.11062110215425491
4602992,0.1258898675441742
4603696,0.11850423365831375
4604192,0.10655854642391205
4604304,0.11683420091867447
4604384,0.12473230808973312
4605440,0.12492843717336655
4605456,0.12106648087501526
4606832,0.12504160404205322
4607296,0.11897166818380356
4607520,0.12659494578838348
4607920,0.12183760106563568
4608128,0.11521746218204498
4609168,0.12441001087427139
4609200,0.12416141480207443
4610064,0.11410248279571533
4610160,0.12863105535507202
4610880,0.12653543055057526
4611632,0.1265341192483902
4612720,0.11514241993427277
4613120,0.11940354853868484
4613568,0.12898273766040802
4614448,0.11897625029087067
4614640,0.11388617753982544
4615072,0.12320446968078613
4615232,0.11935348063707352
4616720,0.12698768079280853
4617296,0.11896829307079315
4618768,0.12918151915073395
4619632,0.10384339094161987
4619792,0.12343551218509674
4619888,0.12096472829580307
4620384,0.12064427882432938
4620672,0.12696319818496704
4620720,0.11573944985866547
4621872,0.11312179267406464
4622272,0.09391458332538605
4622944,0.11751874536275864
4623168,0.10754210501909256
4625600,0.11955809593200684
4626640,0.11458424478769302
4626896,0.12507158517837524
4628864,0.12540334463119507
4629776,0.10290288925170898
4630240,0.12135811895132065
4630288,0.11810782551765442
4630320,0.1265106499195099
4631264,0.1266842931509018
4631552,0.121251180768013
4632144,0.12274321913719177
4632160,0.12658506631851196
4632672,0.1272321194410324
4633792,0.12483610212802887
4633856,0.12342724949121475
4636608,0.12447388470172882
4636960,0.12323693931102753
4637408,0.11820761114358902
4637424,0.1287793219089508
4637760,0.09380403906106949
4638000,0.12822598218917847
4638592,0.12337809801101685
4639216,0.12518827617168427
4640592,0.11754213273525238
4640960,0.13008370995521545
4641024,0.12826961278915405
4641968,0.12393181025981903
4642064,0.1295970380306244
4643808,0.12817594408988953
4643936,0.12053529173135757
4644208,0.12288399040699005
4644544,0.11621575057506561
4644576,0.12314482033252716
4644864,0.12768016755580902
4645664,0.12331435829401016
4646416,0.12106916308403015
4647552,0.12010981887578964
4647696,0.12693661451339722
4648064,0.13079515099525452
4648432,0.12723931670188904
4649024,0.1266394704580307
4651008,0.1247243657708168
4651664,0.1285758763551712
4651888,0.12040112912654877
4652064,0.12344393879175186
4652304,0.1273922324180603
4654064,0.12034615874290466
4655520,0.1243247240781784
4655664,0.12113870680332184
4657248,0.1274143010377884
4658368,0.12699417769908905
4658432,0.12193597853183746
4658560,0.12680768966674805
4658752,0.12647275626659393
4659072,0.11884906888008118
4659568,0.12364719063043594
4661152,0.12705020606517792
4661904,0.12528996169567108
4664288,0.1173214241862297
4664416,0.11267715692520142
4664416,0.12366914749145508
4666192,0.12291660159826279
4666768,0.12288244813680649
4667904,0.12739476561546326
4667904,0.12373863160610199
4669088,0.11771772801876068
4669392,0.1309371292591095
4669856,0.12199147045612335
4670256,0.12521320581436157
4671472,0.12591858208179474
4671488,0.12547704577445984
4672288,0.12343666702508926
4672384,0.09531952440738678
4672800,0.12737850844860077
4673456,0.1211635023355484
4673632,0.12304740399122238
4674976,0.12538395822048187
4675360,0.12374613434076309
4676000,0.1279875487089157
4676080,0.10771068185567856
4679552,0.13050338625907898
4682336,0.12742729485034943
4683056,0.11951473355293274
4683168,0.1200486347079277
4683184,0.12495604902505875
4684272,0.12017031013965607
4684304,0.1283319890499115
4684336,0.12647953629493713
4685712,0.12261510640382767
4686592,0.12668325006961823
4686640,0.10699804127216339
4686688,0.12604941427707672
4686736,0.11509015411138535
4687904,0.12361564487218857
4688464,0.12575240433216095
4689440,0.12572264671325684
4689728,0.12147759646177292
4690224,0.12406067550182343
4690448,0.11551908403635025
4690528,0.1270381212234497
4691920,0.12761488556861877
4692752,0.12974466383457184
4692800,0.12789663672447205
4693120,0.12152417749166489
4693792,0.12068801373243332
4693840,0.1271594911813736
4695488,0.12528128921985626
4696368,0.12811695039272308
4696560,0.11799077689647675
4697024,0.12304391711950302
4697456,0.12208545207977295
4697552,0.12692373991012573
4697584,0.13069887459278107
4699088,0.11864836513996124
4699984,0.1219007819890976
4700112,0.12114555388689041
4700592,0.12216312438249588
4701008,0.12831079959869385
4701184,0.12774261832237244
4702560,0.12798959016799927
4702656,0.1295919120311737
4703568,0.12577001750469208
4703664,0.12379061430692673
4704000,0.12146584689617157
4704160,0.12270832061767578
4704352,0.1293226182460785
4704608,0.11000221222639084
4704624,0.12395365536212921
4704784,0.1229473203420639
4706112,0.119988813996315
4706608,0.11440479755401611
4707088,0.12200233340263367
4707664,0.1223110556602478
4707920,0.12193575501441956
4708336,0.1211828738451004
4709824,0.11156533658504486
4710592,0.1140446737408638
4711264,0.11767175048589706
4711808,0.12026263028383255
4713376,0.12284725904464722
4714224,0.1240055188536644
4714336,0.12242010980844498
4714720,0.12827757000923157
4714736,0.12702280282974243
4714992,0.12911710143089294
4715376,0.12514373660087585
4716416,0.11125055700540543
4716864,0.12259826064109802
4717760,0.1258779764175415
4717904,0.11102378368377686
4718224,0.12934643030166626
4718656,0.11326874047517776
4719040,0.12091655284166336
4719616,0.12826569378376007
4721376,0.12087041884660721
4721440,0.12545756995677948
4721504,0.12376532703638077
4721984,0.11112681031227112
4722176,0.12604914605617523
4722224,0.1128867119550705
4722608,0.11997221410274506
4723888,0.1175890862941742
4724912,0.12561137974262238
4725008,0.12777940928936005
4725024,0.12249758094549179
4725376,0.11613228172063828
4725792,0.12375856935977936
4726256,0.12692900002002716
4727424,0.10449778288602829
4728544,0.12290516495704651
4728960,0.12448427081108093
4729280,0.12844151258468628
4729344,0.12565772235393524
4729760,0.12908078730106354
4731536,0.1240229532122612
4732128,0.12713012099266052
4732160,0.12489425390958786
4732288,0.12752224504947662
4732496,0.12580464780330658
4732592,0.12633906304836273
4734576,0.12368325889110565
4735008,0.1250649392604828
4735520,0.12585684657096863
4735552,0.10548385977745056
4735728,0.12417476624250412
4736112,0.12608744204044342
4737568,0.1217910498380661
4738064,0.12731069326400757
4738640,0.12142117321491241
4739232,0.12055262923240662
4739360,0.1280595362186432
4739552,0.12843741476535797
4740496,0.12730301916599274
4741104,0.12478173524141312
4742272,0.1230306625366211
4742880,0.1224442645907402
4742896,0.12061024457216263
4743072,0.1196235790848732
4743344,0.12424963712692261
4746608,0.124379962682724
4746720,0.1286720186471939
4751328,0.11627045273780823
4751840,0.1252858191728592
4752336,0.12321685999631882
4752480,0.1304590404033661
4753648,0.12967745959758759
4754480,0.11414066702127457
4754928,0.12571728229522705
4756448,0.12362907081842422
4757168,0.12072038650512695
4757296,0.11874110996723175
4757392,0.12037885189056396
4757424,0.11480558663606644
4757568,0.11838233470916748
4757728,0.11282073706388474
4757888,0.11628123372793198
4758480,0.12550781667232513
4760432,0.1267760843038559
4760784,0.11819159239530563
4760816,0.12520872056484222
4761008,0.12637807428836823
4761184,0.11058670282363892
4761568,0.12135627120733261
4762048,0.11526364088058472
4763136,0.12768374383449554
4763568,0.12847015261650085
4764000,0.12717366218566895
4764288,0.12028713524341583
4764496,0.11135885119438171
4764560,0.12542858719825745
4765616,0.12192538380622864
4765712,0.12264884263277054
4766576,0.10548143833875656
4766720,0.12796786427497864
4767872,0.119991235435009
4767968,0.11874238401651382
4768352,0.12249817699193954
4770112,0.12537004053592682
4771776,0.11334987729787827
4772848,0.12051388621330261
4773616,0.12220893055200577
4773824,0.12234769016504288
4774256,0.11144442856311798
4774256,0.12070110440254211
4774592,0.12491666525602341
4775104,0.12192041426897049
4775184,0.12123769521713257
4775520,0.12370096147060394
4777104,0.1241479441523552
4777776,0.12795647978782654
4778128,0.12435981631278992
4779216,0.12432508915662766
4780848,0.12613864243030548
4781312,0.12136436998844147
4781712,0.12263041734695435
4782064,0.12223972380161285
4782640,0.12399186193943024
4783280,0.12161140888929367
4783488,0.1227007731795311
4784480,0.1252169907093048
4784880,0.12571066617965698
4785632,0.1313653141260147
4785760,0.1162523627281189
4786256,0.12469242513179779
4786848,0.12266445904970169
4788096,0.12139614671468735
4788448,0.11929525434970856
4789264,0.12561684846878052
4789280,0.1259002387523651
4789776,0.1269322782754898
4789824,0.12353542447090149
4789824,0.12268472462892532
4790336,0.1288217008113861
4791440,0.1334650218486786
4792000,0.12403066456317902
4792832,0.1266755908727646
4792864,0.12724663317203522
4795088,0.11950242519378662
4795504,0.1231604740023613
4796192,0.12315179407596588
4796368,0.10589542984962463
4797040,0.11923736333847046
4797056,0.11839363723993301
4798048,0.12532396614551544
4798608,0.12626773118972778
4798752,0.1261374056339264
4798928,0.12576580047607422
4799680,0.11513269692659378
4799712,0.12826788425445557
4800592,0.11808237433433533
4801488,0.1099260002374649
4803296,0.12357673048973083
4803472,0.12413352727890015
4803568,0.1205708235502243
4804944,0.13335230946540833
4805024,0.10034028440713882
4807792,0.1237480416893959
4807888,0.12318449467420578
4808608,0.12645798921585083
4809536,0.12356817722320557
4809760,0.12233470380306244
4810576,0.12493903189897537
4810640,0.13184146583080292
4810720,0.12455026060342789
4811648,0.0912153348326683
4813248,0.1207503154873848
4813984,0.12548556923866272
4814400,0.12250091880559921
4815792,0.1283857673406601
4815872,0.11879182606935501
4816656,0.13063056766986847
4816768,0.11928863078355789
4816912,0.12229158729314804
4817456,0.11671741306781769
4818064,0.12162546813488007
4818688,0.12899917364120483
4819440,0.12716452777385712
4820368,0.11684294044971466
4821040,0.12335699051618576
4821312,0.12516289949417114
4821344,0.12563608586788177
4821488,0.12444089353084564
4821616,0.12647266685962677
4822336,0.12505123019218445
4822944,0.12596248090267181
4823040,0.11958073824644089
4823648,0.12448987364768982
4823904,0.12156734615564346
4824080,0.12495330721139908
4824448,0.1255810409784317
4824560,0.12653276324272156
4824704,0.12304612994194031
4824976,0.12526178359985352
4825024,0.1306399554014206
4825184,0.1250760406255722
4825664,0.1240919977426529
4826464,0.12439808994531631
4826672,0.09353581815958023
4827504,0.1155514121055603
4827552,0.12223260849714279
4827728,0.11856092512607574
4828048,0.12165088951587677
4828560,0.12704934179782867
4828624,0.12442146986722946
4829472,0.1113959401845932
4830848,0.12096818536520004
4831232,0.12268896400928497
4831696,0.12728770077228546
4831744,0.12784020602703094
4832032,0.09971291571855545
4832240,0.1256866157054901
4833856,0.1269167810678482
4834592,0.12069523334503174
4835856,0.12356333434581757
4836400,0.11977708339691162
4838032,0.10658203810453415
4838112,0.12526656687259674
4838512,0.12459257990121841
4839040,0.12268735468387604
4839136,0.1226072683930397
4839472,0.12499946355819702
4840832,0.12594574689865112
4841152,0.12584355473518372
4842128,0.12130583077669144
4842368,0.1258709728717804
4843008,0.12713825702667236
4843104,0.12329579144716263
4843792,0.1128406673669815
4844048,0.12012989819049835
4845232,0.11669891327619553
4845264,0.12643617391586304
4845824,0.11736713349819183
4847136,0.12892132997512817
4847440,0.12504972517490387
4849472,0.12250715494155884
4849920,0.1284090131521225
4850096,0.11835115402936935
4851232,0.11810049414634705
4853040,0.12499777227640152
4853488,0.12628856301307678
4854224,0.12200552225112915
4854592,0.12646307051181793
4856528,0.1266903281211853
4856736,0.12322379648685455
4858384,0.12029917538166046
4858592,0.11918270587921143
4858656,0.12537476420402527
4860176,0.12306062877178192
4860272,0.10507125407457352
4861952,0.11307509988546371
4863408,0.12702186405658722
4863744,0.12169832736253738
4864016,0.12396261096000671
4864432,0.12561088800430298
4864432,0.12053974717855453
4864528,0.12410784512758255
4865872,0.12459754198789597
4867520,0.12733349204063416
4867824,0.12370583415031433
4867968,0.11935640871524811
4868256,0.12105489522218704
4869152,0.12955346703529358
4869248,0.1043752133846283
4869456,0.12380614876747131
4871136,0.12057419866323471
4871232,0.12741127610206604
4871296,0.10368628799915314
4871440,0.11919239163398743
4871936,0.1228054091334343
4873136,0.12099982798099518
4873920,0.11200130730867386
4874336,0.11918038129806519
4874400,0.12764109671115875
4874688,0.11434171348810196
4875168,0.11996040493249893
4875216,0.12118940055370331
4877456,0.1260349601507187
4877696,0.12088548392057419
4879232,0.1244816705584526
4881488,0.12206611782312393
4881824,0.11705300956964493
4882208,0.10930538922548294
4882224,0.10815060883760452
4882240,0.11994791030883789
4885152,0.1237173080444336
4885680,0.11522626131772995
4885792,0.12536455690860748
4885872,0.11820878833532333
4885920,0.1270725429058075
4886368,0.11891346424818039
4887216,0.12191033363342285
4890848,0.12638576328754425
4892112,0.12352477759122849
4892640,0.12305594235658646
4892944,0.12160318344831467
4892976,0.12442618608474731
4894080,0.12251773476600647
4894272,0.1274690181016922
4895696,0.1237245723605156
4896000,0.12078630179166794
4896336,0.11844591796398163
4896432,0.12349101901054382
4896576,0.128276988863945
4896736,0.12280438840389252
4897136,0.13155661523342133
4897568,0.11973989754915237
4899968,0.12267275154590607
4900048,0.11608654260635376
4900096,0.125936359167099
4900304,0.12275595217943192
4900432,0.11877245455980301
4901440,0.11895941197872162
4901696,0.115815170109272
4902608,0.12151748687028885
4902848,0.12204437702894211
4903648,0.12749816477298737
4903664,0.1283724009990692
4903888,0.12279831618070602
4904080,0.11885500699281693
4904384,0.12018075585365295
4905280,0.12272094190120697
4905328,0.08989010751247406
4906208,0.11433277279138565
4907136,0.13028132915496826
4907184,0.1257561594247818
4907456,0.12505772709846497
4908928,0.11732631921768188
4908976,0.11928659677505493
4909184,0.12094899266958237
4910704,0.12038921564817429
4911088,0.12776517868041992
4911264,0.11970455944538116
4912144,0.12882639467716217
4913264,0.12104588001966476
4913568,0.1150149405002594
4913936,0.12886114418506622
4914576,0.1273396909236908
4915584,0.11526860296726227
4916000,0.1203799769282341
4916240,0.12745769321918488
4916368,0.12392651289701462
4917888,0.12213751673698425
4918224,0.12424536049365997
4919776,0.12787850201129913
4920896,0.12200907617807388
4921520,0.11774422973394394
4921552,0.12723752856254578
4923360,0.1178668960928917
4923552,0.11150313168764114
4923904,0.12363282591104507
4924496,0.12617182731628418
4924800,0.11805914342403412
4925008,0.1313900351524353
4925104,0.12349828332662582
4925168,0.11819114536046982
4925312,0.11847066134214401
4926928,0.1297423392534256
4927088,0.12704330682754517
4928352,0.12181956321001053
4928816,0.12546811997890472
4929536,0.1258133500814438
4930512,0.1202392429113388
4932000,0.1249486654996872
4932448,0.12348728626966476
4933824,0.12020312994718552
4935168,0.12197038531303406
4935584,0.12111950665712357
4935584,0.12625499069690704
4935888,0.12661446630954742
4936144,0.12592469155788422
4936608,0.11988136172294617
4938768,0.1254706084728241
4939664,0.12343744933605194
4940176,0.12829625606536865
4942448,0.1205083578824997
4942768,0.12462586909532547
4943744,0.12353844940662384
4944560,0.11818782240152359
4944624,0.12489871680736542
4944720,0.12801289558410645
4945984,0.12426955252885818
4946448,0.13256147503852844
4946864,0.11885137856006622
4946896,0.12328919023275375
4947104,0.12351185828447342
4949968,0.1267688125371933
4950400,0.1130593940615654
4952752,0.12408104538917542
4953056,0.10155342519283295
4953152,0.12365487217903137
4953472,0.11473111063241959
4953936,0.12588608264923096
4954048,0.12139878422021866
4954656,0.12115050107240677
4956608,0.13289214670658112
4957488,0.1207427829504013
4957808,0.11203473806381226
4958960,0.12349677830934525
4959200,0.12045918405056
4960704,0.12223029136657715
4961024,0.12182863801717758
4962512,0.12232951074838638
4962592,0.12217573076486588
4962720,0.12461075186729431
4963840,0.12230123579502106
4964240,0.12764574587345123
4964272,0.12763728201389313
4964864,0.12244277447462082
4964992,0.1250821053981781
4965392,0.12552893161773682
4966208,0.11952992528676987
4966352,0.11686969548463821
4967168,0.12455323338508606
4967280,0.12414576858282089
4968976,0.1255224049091339
4969056,0.09304703772068024
4970784,0.12249388545751572
4970944,0.11857444792985916
4972240,0.12144448608160019
4972672,0.12316268682479858
4973616,0.10522756725549698
4974496,0.12807685136795044
4974512,0.12471283227205276
4974720,0.12228263914585114
4974912,0.1275535374879837
4976656,0.10281345993280411
4977168,0.1320437788963318
4977408,0.10880330950021744
4978064,0.11522998660802841
4978368,0.1261281669139862
4978464,0.11812451481819153
4979184,0.12430806457996368
4979936,0.12033741176128387
4980256,0.12593327462673187
4980560,0.12708483636379242
4980752,0.1248834878206253
4981584,0.12624616920948029
4982080,0.12054652720689774
4983840,0.12867453694343567
4984160,0.12782235443592072
4984176,0.12260013818740845
4984368,0.12285920977592468
4985184,0.12293190509080887
4986272,0.12691651284694672
4987312,0.1216658279299736
4988320,0.1219261959195137
4990064,0.11527625471353531
4990320,0.12469924241304398
4992640,0.12396065145730972
4992784,0.12655889987945557
4993536,0.12681390345096588
4993840,0.12641309201717377
4994208,0.12255783379077911
4994352,0.12784406542778015
4994592,0.12436947226524353
4996160,0.12458308786153793
4996240,0.11780916899442673
4996320,0.12310618907213211
