step,value
320,4.0
384,4.0
688,4.0
688,7.0
816,4.0
864,10.0
960,7.0
1040,6.0
1248,7.0
1264,3.0
1344,6.0
1472,6.0
1584,2.0
1744,8.0
1904,6.0
1968,4.0
2096,5.0
2192,3.0
2336,5.0
2464,5.0
2560,9.0
2672,10.0
2688,6.0
2976,4.0
3008,7.0
3008,6.0
3184,14.0
3504,12.0
3552,11.0
3808,4.0
3872,7.0
3904,6.0
4016,6.0
4080,4.0
4096,4.0
4224,3.0
4336,5.0
4480,3.0
4576,8.0
4624,8.0
4800,4.0
4912,9.0
5264,14.0
5312,7.0
5520,3.0
5616,3.0
5664,5.0
5920,2.0
5984,6.0
6000,7.0
6032,7.0
6112,3.0
6144,8.0
6272,5.0
6352,6.0
6496,10.0
6688,8.0
6992,7.0
7232,5.0
7232,7.0
7696,8.0
7760,7.0
8016,7.0
8304,3.0
8336,5.0
8464,6.0
8528,2.0
8976,2.0
9072,3.0
9216,5.0
9248,13.0
9344,7.0
9472,5.0
9488,5.0
9760,7.0
10112,6.0
10272,6.0
10320,3.0
10400,6.0
10512,5.0
10560,2.0
10768,7.0
10864,12.0
11008,7.0
11232,6.0
11376,4.0
11376,3.0
11456,10.0
11632,3.0
11712,9.0
11792,11.0
12000,5.0
12128,9.0
12384,2.0
12496,7.0
12752,10.0
12848,6.0
13312,11.0
13456,7.0
13536,11.0
13680,4.0
13744,8.0
14032,6.0
14272,7.0
14368,8.0
14592,3.0
14720,8.0
14912,8.0
14944,2.0
15216,4.0
15328,4.0
15504,6.0
15728,5.0
15856,2.0
15888,8.0
16256,8.0
16416,2.0
16432,7.0
16704,2.0
16704,8.0
16720,6.0
16896,4.0
17056,6.0
17376,19.0
17680,2.0
17792,4.0
17840,4.0
17856,5.0
17968,5.0
18064,6.0
18208,8.0
18272,6.0
18288,10.0
18784,3.0
18992,4.0
19456,4.0
19520,7.0
19536,7.0
19664,5.0
19952,4.0
20176,3.0
20240,4.0
20368,7.0
20640,2.0
20800,2.0
20832,3.0
21040,5.0
21088,5.0
21200,12.0
21296,9.0
21392,4.0
21440,4.0
21520,7.0
21680,4.0
21840,13.0
22128,5.0
22352,3.0
22496,7.0
22528,2.0
22816,5.0
22944,9.0
23024,3.0
23056,4.0
23120,5.0
23136,3.0
23200,4.0
23488,11.0
23520,3.0
23520,8.0
23536,6.0
23568,3.0
23744,9.0
23808,6.0
24000,10.0
24000,4.0
24352,5.0
24368,7.0
24416,2.0
24512,8.0
24672,2.0
24784,4.0
24928,7.0
25120,6.0
25312,7.0
25440,2.0
25552,3.0
25680,5.0
25712,3.0
25888,4.0
26288,6.0
26352,3.0
26496,2.0
26720,3.0
26848,2.0
26976,3.0
27152,9.0
27264,5.0
27328,3.0
27392,8.0
27680,5.0
27888,3.0
28096,3.0
28144,3.0
28480,3.0
28544,4.0
28704,7.0
28784,12.0
28928,5.0
29184,8.0
29264,3.0
29296,5.0
29392,8.0
29472,3.0
29584,5.0
29648,2.0
29648,7.0
29728,5.0
29888,9.0
30016,2.0
30272,3.0
30288,12.0
30576,6.0
30608,2.0
30928,8.0
31072,7.0
31312,6.0
31680,4.0
31952,7.0
32272,3.0
32336,11.0
32736,10.0
32976,2.0
33088,2.0
33136,2.0
33504,4.0
33808,2.0
34320,5.0
34320,8.0
34464,4.0
35008,2.0
35008,13.0
35088,2.0
35328,6.0
35792,6.0
35904,6.0
35920,3.0
35968,2.0
35984,5.0
36080,10.0
36080,4.0
36144,5.0
36192,9.0
36464,5.0
36576,5.0
36704,7.0
36816,9.0
37040,3.0
37584,4.0
37600,3.0
37712,9.0
37856,14.0
37936,9.0
38032,8.0
38096,12.0
38128,6.0
38128,6.0
38240,5.0
38432,5.0
38560,7.0
38720,4.0
38832,8.0
38864,5.0
39392,4.0
39504,9.0
39648,9.0
39760,4.0
39824,7.0
39872,9.0
39920,3.0
40080,4.0
40128,7.0
40224,11.0
40480,5.0
40592,5.0
40880,4.0
40976,10.0
41024,10.0
41056,3.0
41440,4.0
41568,3.0
41984,2.0
42064,2.0
42240,4.0
42336,9.0
42384,5.0
42416,2.0
42480,7.0
42752,3.0
42768,10.0
42848,13.0
42976,9.0
43088,3.0
43200,7.0
43264,2.0
43296,2.0
43328,7.0
43488,2.0
43520,2.0
43664,4.0
43680,4.0
43728,8.0
43792,5.0
43808,2.0
43856,6.0
43952,4.0
43984,3.0
44112,4.0
44176,4.0
44240,5.0
44432,8.0
44592,4.0
44704,3.0
44816,4.0
44848,11.0
44928,4.0
45104,5.0
45152,5.0
45232,8.0
45328,8.0
45472,6.0
45584,6.0
45600,12.0
45616,3.0
45664,4.0
45680,6.0
46016,6.0
46672,4.0
46848,5.0
46848,3.0
46944,3.0
46976,6.0
47168,6.0
47184,7.0
47344,6.0
47408,8.0
47472,4.0
47504,6.0
47760,7.0
47776,7.0
47840,2.0
47936,7.0
48080,3.0
48112,6.0
48128,6.0
48304,5.0
48352,5.0
48464,3.0
48528,3.0
48752,3.0
48816,5.0
49104,4.0
49152,11.0
49264,3.0
49488,3.0
49856,2.0
49888,3.0
49984,4.0
50096,3.0
50400,3.0
50416,5.0
50432,2.0
50448,4.0
50704,8.0
50896,6.0
51120,4.0
51184,9.0
51328,9.0
51360,5.0
51536,3.0
51632,9.0
51680,8.0
51856,2.0
52064,5.0
52464,4.0
52512,7.0
52576,6.0
52592,5.0
52944,6.0
53232,8.0
53440,3.0
53616,6.0
53616,2.0
53632,3.0
53664,8.0
53712,7.0
53952,2.0
53952,2.0
54032,10.0
54080,6.0
54112,4.0
54160,6.0
54336,6.0
54384,6.0
54528,4.0
54592,5.0
54640,4.0
54832,6.0
54896,8.0
55056,8.0
55264,7.0
55344,7.0
55728,5.0
55856,2.0
56016,6.0
56128,5.0
56144,5.0
56240,8.0
56240,6.0
56464,4.0
56816,6.0
56880,6.0
56976,4.0
57296,3.0
57856,8.0
58320,3.0
58512,7.0
58784,3.0
59984,4.0
60160,4.0
60256,7.0
60336,11.0
60384,8.0
60480,5.0
60752,3.0
61216,6.0
61600,7.0
62000,4.0
62288,7.0
62352,6.0
62800,3.0
62848,2.0
62928,4.0
63104,6.0
63280,5.0
63776,6.0
64160,2.0
64288,9.0
64368,5.0
64416,7.0
64480,5.0
64784,6.0
64816,6.0
64976,4.0
65072,7.0
65120,15.0
65248,7.0
65360,4.0
65376,4.0
65440,2.0
65600,7.0
65648,13.0
66080,11.0
66112,3.0
66160,10.0
66272,12.0
66528,9.0
66576,12.0
66592,5.0
66704,8.0
66848,2.0
66864,3.0
66912,3.0
67168,2.0
67200,3.0
67248,7.0
67312,6.0
67440,13.0
67664,2.0
67840,9.0
67968,6.0
68016,6.0
68480,6.0
68528,16.0
68800,15.0
68960,5.0
69008,9.0
69152,8.0
69200,4.0
69376,4.0
69536,9.0
69776,4.0
69936,11.0
70048,4.0
70080,4.0
70128,2.0
70320,11.0
70400,2.0
70528,4.0
70656,4.0
70848,9.0
71216,4.0
71280,8.0
71344,4.0
71888,7.0
71952,9.0
72064,7.0
72832,4.0
72880,5.0
73040,3.0
73152,3.0
73296,7.0
73344,8.0
73456,2.0
73760,15.0
73792,3.0
73984,10.0
74800,5.0
74992,12.0
75104,2.0
75136,23.0
75248,2.0
75696,9.0
76048,4.0
76304,4.0
76304,9.0
76720,3.0
76720,12.0
76816,4.0
77200,4.0
77200,4.0
77296,14.0
77456,6.0
77824,4.0
77840,4.0
77920,5.0
78000,9.0
78048,4.0
78176,4.0
78208,5.0
78256,5.0
78256,3.0
78576,10.0
78624,4.0
79040,5.0
79072,5.0
79312,3.0
79568,5.0
79728,9.0
79760,12.0
80048,2.0
80112,15.0
80368,4.0
80416,6.0
80432,2.0
80480,9.0
80992,9.0
81024,19.0
81104,5.0
81200,12.0
81696,4.0
82160,17.0
82176,5.0
82256,8.0
82432,3.0
82672,7.0
82688,10.0
82704,17.0
82784,11.0
82896,3.0
82976,6.0
83680,3.0
83792,17.0
83888,11.0
84192,3.0
84256,7.0
84336,7.0
84368,6.0
84384,9.0
85008,2.0
85344,6.0
85904,4.0
86032,28.0
86096,5.0
86448,4.0
86752,17.0
86864,9.0
86896,12.0
86976,7.0
87376,4.0
87824,8.0
87952,8.0
88496,17.0
88640,3.0
88720,6.0
88800,21.0
88800,11.0
88928,12.0
89008,12.0
89232,6.0
89232,9.0
89792,10.0
89952,16.0
90112,6.0
90112,8.0
90784,10.0
90800,7.0
91824,9.0
92144,4.0
92704,5.0
92752,6.0
93232,32.0
94000,18.0
94176,9.0
94464,5.0
94560,20.0
94608,9.0
94784,11.0
94992,16.0
95328,9.0
95376,16.0
95472,16.0
95488,12.0
95552,11.0
95648,2.0
95872,2.0
95952,11.0
96704,4.0
96768,27.0
96992,10.0
97168,12.0
97392,3.0
97392,7.0
97632,14.0
97760,11.0
97840,3.0
97968,9.0
98192,11.0
98384,3.0
98784,32.0
98944,6.0
99024,21.0
99024,17.0
99232,4.0
99392,12.0
99488,2.0
99760,21.0
99808,19.0
100000,5.0
100096,15.0
100192,17.0
100240,5.0
100624,4.0
100672,2.0
100672,8.0
100944,2.0
101312,10.0
101504,10.0
101632,6.0
101744,13.0
101760,19.0
101792,13.0
101888,4.0
101952,3.0
102032,12.0
102768,11.0
103344,10.0
103488,6.0
103632,4.0
103648,7.0
104016,7.0
104128,4.0
104256,5.0
104768,5.0
104816,36.0
105232,10.0
105504,13.0
105536,9.0
105744,22.0
105776,3.0
105776,21.0
105968,12.0
106048,5.0
106128,9.0
106288,11.0
106480,5.0
106672,15.0
106800,25.0
106944,12.0
107424,41.0
107584,3.0
107952,38.0
108096,8.0
108144,8.0
108368,23.0
108416,5.0
108432,21.0
108544,9.0
108656,24.0
108720,62.0
108768,14.0
109024,21.0
109056,13.0
109120,18.0
109136,12.0
109168,24.0
109168,5.0
109184,6.0
109200,10.0
109280,6.0
110064,8.0
110304,10.0
110400,17.0
110608,26.0
110896,8.0
111632,36.0
111680,7.0
111824,6.0
112032,6.0
112080,5.0
112304,9.0
112336,20.0
113040,16.0
113184,19.0
113392,6.0
113696,7.0
113936,21.0
115280,7.0
115584,29.0
115760,10.0
116368,19.0
116880,10.0
117040,16.0
117264,4.0
117312,15.0
117792,37.0
118624,6.0
118768,26.0
118816,2.0
119216,24.0
119248,15.0
119296,35.0
119328,15.0
119376,34.0
119568,18.0
119952,2.0
119984,41.0
120288,40.0
120352,10.0
120352,26.0
120880,9.0
121136,3.0
121232,18.0
121280,13.0
121312,6.0
121680,4.0
121776,9.0
122240,6.0
122480,67.0
122640,19.0
122672,10.0
122800,8.0
122944,17.0
123200,4.0
124608,4.0
124832,14.0
124848,42.0
124960,9.0
125168,11.0
125712,34.0
125888,22.0
125952,13.0
125984,9.0
126128,32.0
126224,18.0
126368,6.0
126608,7.0
126640,57.0
127056,28.0
127456,13.0
127728,6.0
127808,10.0
128080,10.0
128112,11.0
129360,42.0
129424,4.0
129616,7.0
129664,33.0
130336,22.0
130592,38.0
131152,4.0
131472,27.0
131744,12.0
131808,15.0
131824,14.0
132384,12.0
132432,41.0
132432,14.0
132448,15.0
132624,44.0
132944,38.0
133632,44.0
133664,29.0
133744,18.0
134720,36.0
134816,28.0
134864,34.0
135264,22.0
135424,6.0
135888,23.0
135920,20.0
136400,55.0
136608,15.0
136816,20.0
137312,26.0
137504,28.0
137936,11.0
138096,11.0
138736,48.0
138736,50.0
138768,40.0
139024,6.0
139696,20.0
139776,80.0
140208,7.0
140736,43.0
142240,19.0
142304,20.0
142448,26.0
143120,23.0
143712,27.0
144432,14.0
145280,24.0
145424,16.0
145520,6.0
145536,35.0
145664,23.0
146096,32.0
146128,23.0
146192,20.0
146208,26.0
146832,14.0
147440,24.0
147808,48.0
148640,27.0
148640,70.0
150368,88.0
151040,27.0
151152,12.0
152064,36.0
152896,5.0
153968,53.0
154224,38.0
154400,26.0
155152,24.0
155168,13.0
156288,74.0
156496,97.0
157520,39.0
158176,58.0
158224,27.0
158240,38.0
158448,24.0
158528,21.0
158896,11.0
159120,4.0
159552,77.0
159552,39.0
160176,11.0
161200,9.0
162304,9.0
162320,24.0
162848,33.0
163200,4.0
163824,25.0
163984,34.0
164240,70.0
164864,27.0
165296,15.0
166160,2.0
166288,39.0
166336,22.0
166896,67.0
167664,19.0
168192,112.0
168400,24.0
170096,80.0
171184,3.0
171600,34.0
172320,26.0
172720,114.0
173152,14.0
173440,21.0
173920,66.0
174400,19.0
174432,19.0
175296,24.0
175584,16.0
175840,45.0
176736,31.0
177696,17.0
177712,76.0
178528,79.0
178768,26.0
179152,73.0
180272,112.0
180288,31.0
180816,8.0
180960,42.0
180992,111.0
181104,22.0
181152,34.0
181376,9.0
181632,43.0
182272,37.0
183408,82.0
183888,23.0
185456,6.0
185792,35.0
186080,45.0
186400,56.0
186448,11.0
186560,16.0
186960,82.0
186992,12.0
188928,71.0
189056,63.0
191120,46.0
191200,26.0
191312,115.0
191664,45.0
192528,24.0
192528,26.0
192944,114.0
193360,18.0
194192,22.0
194336,19.0
194992,116.0
195024,29.0
195424,28.0
196288,35.0
196656,52.0
197056,24.0
197440,20.0
197456,16.0
197568,21.0
198256,114.0
198352,10.0
199248,79.0
199488,52.0
199568,38.0
201552,11.0
202128,81.0
202592,42.0
202736,15.0
203200,14.0
203504,36.0
204672,77.0
204944,15.0
205472,50.0
207552,67.0
207744,82.0
208224,39.0
208352,14.0
208528,52.0
209056,88.0
209248,24.0
210496,19.0
212096,71.0
212736,36.0
215056,43.0
215808,23.0
215808,11.0
215872,52.0
216112,48.0
216480,13.0
218032,48.0
218752,101.0
219072,67.0
219712,58.0
220784,14.0
221856,24.0
222176,44.0
222960,113.0
223296,34.0
224096,86.0
224528,116.0
224960,56.0
225536,12.0
225728,21.0
226768,29.0
227520,112.0
228096,35.0
228672,40.0
229536,29.0
230336,109.0
230832,29.0
230976,53.0
231168,21.0
231344,28.0
231536,23.0
232656,25.0
232800,20.0
233968,10.0
234000,80.0
234208,47.0
234416,47.0
234624,82.0
234848,42.0
234912,24.0
236800,62.0
238128,86.0
238272,22.0
238432,121.0
238544,81.0
239520,34.0
240064,49.0
240896,18.0
241136,44.0
241328,17.0
241920,24.0
242272,32.0
242352,38.0
242944,86.0
244032,121.0
245392,47.0
245904,54.0
246048,16.0
246096,122.0
246512,94.0
247248,28.0
248512,46.0
249920,7.0
250336,115.0
251648,91.0
253120,80.0
253328,115.0
253840,50.0
254720,52.0
255008,32.0
255856,46.0
258272,60.0
259152,48.0
260288,128.0
260528,16.0
260944,87.0
262176,40.0
263600,96.0
263840,127.0
264016,96.0
264880,23.0
265152,42.0
265872,24.0
266144,118.0
266736,19.0
266992,84.0
267136,12.0
267536,19.0
267776,19.0
268000,31.0
268432,44.0
269088,56.0
269472,28.0
270752,91.0
270880,20.0
271584,28.0
271616,89.0
272080,81.0
273200,25.0
274096,23.0
276016,83.0
276160,21.0
276512,24.0
277088,96.0
277360,102.0
277552,85.0
277920,108.0
278528,20.0
278608,48.0
278960,4.0
279104,11.0
279424,67.0
280736,44.0
281056,78.0
281152,124.0
282544,122.0
282640,39.0
283216,17.0
283824,23.0
285072,46.0
287104,20.0
288448,110.0
290000,11.0
290448,25.0
291680,113.0
292192,123.0
293712,89.0
293728,29.0
293920,74.0
293936,84.0
294352,46.0
294464,30.0
294752,26.0
295920,67.0
296320,64.0
296432,110.0
297216,122.0
298064,18.0
298784,135.0
298784,22.0
298864,50.0
298880,88.0
299792,31.0
300112,25.0
300208,39.0
300640,42.0
302144,28.0
302416,57.0
302944,126.0
304016,24.0
304368,13.0
304992,36.0
306688,19.0
306880,93.0
307776,127.0
308080,92.0
308208,133.0
309712,66.0
310224,47.0
310448,20.0
311408,131.0
313712,31.0
313952,137.0
314144,8.0
314448,24.0
314560,50.0
314784,18.0
315280,18.0
316912,139.0
318560,38.0
318576,17.0
319376,24.0
319856,172.0
320144,95.0
320512,44.0
321696,92.0
322144,48.0
323008,129.0
323216,127.0
323504,46.0
323584,27.0
323776,94.0
324480,45.0
324704,31.0
326176,132.0
326464,19.0
328032,52.0
328320,98.0
330064,19.0
331440,114.0
332144,130.0
332736,91.0
332880,139.0
333008,138.0
333104,142.0
334912,50.0
335648,55.0
336048,44.0
336656,100.0
337168,61.0
338224,147.0
338464,98.0
339616,114.0
341776,23.0
341840,24.0
344560,107.0
344768,68.0
344912,98.0
345168,148.0
345472,100.0
345488,157.0
346880,23.0
348176,31.0
348736,23.0
351392,151.0
351936,144.0
353216,146.0
354224,3.0
355232,144.0
355520,150.0
356064,118.0
358112,26.0
358160,148.0
358864,159.0
360576,144.0
360592,152.0
361760,13.0
362768,158.0
365088,111.0
365104,33.0
368464,143.0
368752,149.0
369648,87.0
369664,151.0
370592,149.0
370656,41.0
370784,152.0
371760,161.0
372784,26.0
373840,133.0
374576,155.0
374832,21.0
374960,157.0
375072,150.0
377888,144.0
378544,150.0
379040,98.0
379168,108.0
379856,45.0
381872,151.0
381952,149.0
382576,149.0
382960,2.0
383760,26.0
384832,31.0
385008,144.0
385248,140.0
386512,139.0
387216,25.0
387296,82.0
389072,143.0
389664,139.0
390704,138.0
392272,131.0
392544,98.0
392832,75.0
393024,103.0
394112,143.0
394864,145.0
396896,134.0
397616,23.0
398416,145.0
399760,136.0
401824,101.0
402160,149.0
402736,32.0
403280,10.0
403280,138.0
404176,40.0
404288,142.0
404848,143.0
406112,103.0
406912,141.0
406976,26.0
407504,74.0
407712,142.0
407808,134.0
408512,158.0
410464,97.0
412128,144.0
412256,84.0
413488,97.0
413568,45.0
414944,149.0
415072,137.0
415248,32.0
415632,26.0
415632,140.0
415696,139.0
416416,42.0
416784,55.0
418000,60.0
418656,146.0
419232,142.0
420080,19.0
420704,49.0
421680,41.0
421712,113.0
421824,140.0
422208,32.0
423056,28.0
426960,98.0
426992,133.0
429456,92.0
429488,99.0
429920,137.0
431088,47.0
431360,141.0
432128,23.0
433232,10.0
433632,120.0
434096,149.0
434496,138.0
434592,143.0
434976,147.0
435632,103.0
435856,36.0
436000,141.0
436928,48.0
437904,144.0
438832,117.0
439584,45.0
440496,107.0
440928,146.0
443680,131.0
444544,123.0
446320,135.0
447952,102.0
448000,45.0
448048,140.0
449824,53.0
450304,142.0
450816,49.0
452496,138.0
453232,136.0
455232,140.0
455296,127.0
455584,107.0
456128,118.0
457360,141.0
458032,122.0
458624,83.0
458928,140.0
458992,142.0
459152,137.0
459696,139.0
459840,18.0
462688,43.0
463312,95.0
465040,7.0
465248,137.0
470416,25.0
471744,93.0
471984,25.0
473360,111.0
475056,142.0
475136,36.0
475232,26.0
475504,147.0
476384,108.0
478016,150.0
481776,108.0
483216,158.0
484608,140.0
484800,145.0
485728,12.0
486816,156.0
487760,2.0
488464,16.0
490000,102.0
490976,141.0
491792,138.0
492768,96.0
493088,29.0
493680,31.0
495632,50.0
498016,31.0
498368,48.0
498608,141.0
499216,59.0
499312,47.0
499312,140.0
499648,25.0
503184,102.0
503664,102.0
504928,27.0
505568,101.0
506112,43.0
506384,111.0
508176,60.0
508528,61.0
508592,150.0
509584,139.0
510576,31.0
512448,133.0
513152,136.0
513344,67.0
514208,134.0
514208,30.0
515088,141.0
517664,129.0
518064,138.0
518288,31.0
518688,130.0
518992,3.0
519472,128.0
519600,29.0
520176,48.0
520624,77.0
520688,141.0
522928,61.0
523184,70.0
524672,40.0
525232,104.0
528368,141.0
529984,133.0
530640,97.0
531952,44.0
532800,119.0
534928,48.0
535616,140.0
535808,42.0
537696,126.0
539072,75.0
539232,103.0
539360,44.0
540000,93.0
542240,136.0
542560,135.0
542944,130.0
543440,123.0
543584,48.0
544816,45.0
545152,37.0
546416,145.0
547280,99.0
548928,140.0
549568,149.0
549600,27.0
549680,135.0
550000,36.0
550048,3.0
551200,5.0
551232,147.0
551552,143.0
554064,51.0
554320,4.0
555024,22.0
555728,145.0
555760,62.0
556000,4.0
556640,141.0
557136,50.0
560176,145.0
561184,146.0
563264,143.0
563456,68.0
563760,144.0
565136,45.0
566352,53.0
569792,141.0
570000,112.0
572128,108.0
572528,27.0
573472,148.0
576400,107.0
578032,12.0
578304,141.0
578480,142.0
579152,37.0
580368,140.0
581136,146.0
581792,125.0
582448,58.0
583264,42.0
583488,98.0
583920,145.0
585376,96.0
585968,143.0
587600,144.0
587920,138.0
587984,152.0
588112,138.0
589232,63.0
589488,137.0
589696,21.0
590512,138.0
593120,146.0
594784,147.0
594848,52.0
595072,153.0
595472,141.0
595920,66.0
596704,142.0
596976,127.0
597376,32.0
597808,147.0
598080,3.0
598352,157.0
598976,2.0
599536,143.0
600928,135.0
600960,2.0
601264,48.0
601392,148.0
601552,134.0
602448,43.0
602880,2.0
603632,22.0
603696,147.0
603952,2.0
604032,141.0
604112,30.0
604928,2.0
608848,145.0
608912,144.0
609232,141.0
610144,142.0
612352,33.0
613104,105.0
614048,146.0
614208,141.0
614336,110.0
614352,139.0
615472,68.0
616400,27.0
616800,141.0
617792,156.0
617856,148.0
619328,156.0
620784,146.0
622240,148.0
624768,25.0
624864,147.0
625840,34.0
626096,49.0
627856,108.0
628096,4.0
628640,132.0
629568,29.0
629888,109.0
632096,101.0
634640,144.0
635152,28.0
636128,50.0
637024,145.0
637552,146.0
637952,107.0
638080,155.0
638128,81.0
639280,101.0
642272,21.0
644944,103.0
647632,45.0
647696,18.0
647872,153.0
648544,146.0
648896,44.0
649040,40.0
649056,145.0
650192,85.0
651408,134.0
651504,141.0
651648,11.0
652000,140.0
653280,29.0
655184,147.0
655280,147.0
655456,109.0
657856,120.0
659536,96.0
661600,138.0
662400,145.0
662736,147.0
665248,95.0
665680,3.0
665696,132.0
666832,101.0
666848,58.0
666880,136.0
668192,41.0
668336,102.0
668976,25.0
669840,137.0
670096,140.0
671488,32.0
671584,112.0
671648,135.0
672512,128.0
673408,139.0
674000,143.0
674336,26.0
675712,104.0
677808,149.0
679344,101.0
679712,145.0
680384,139.0
680848,97.0
681360,147.0
682160,142.0
682432,143.0
682928,159.0
683264,35.0
683776,121.0
684288,150.0
685344,106.0
685456,148.0
687680,108.0
688656,115.0
689056,144.0
690272,156.0
690368,149.0
690480,150.0
690960,138.0
692416,106.0
693216,82.0
693344,19.0
694768,149.0
695520,114.0
695712,105.0
698160,39.0
699584,40.0
700256,100.0
700464,142.0
701344,150.0
702592,141.0
703104,139.0
703680,132.0
704000,2.0
705200,99.0
706032,30.0
706240,101.0
706320,55.0
706464,68.0
706544,142.0
706848,114.0
707552,142.0
707584,50.0
708304,147.0
711072,101.0
711120,149.0
712016,38.0
714192,60.0
715136,148.0
716992,156.0
718096,117.0
718960,149.0
719664,148.0
721568,100.0
721920,163.0
724224,145.0
726432,155.0
726752,150.0
727536,103.0
727952,152.0
728544,161.0
731168,142.0
733248,3.0
733664,146.0
734288,97.0
736048,56.0
736544,23.0
737136,22.0
738736,142.0
739104,103.0
740608,40.0
741072,154.0
743200,150.0
744592,133.0
745552,126.0
746320,150.0
746592,155.0
747296,145.0
751024,13.0
751760,145.0
751808,105.0
751904,61.0
752832,145.0
753584,141.0
754816,143.0
759216,145.0
759664,139.0
761728,149.0
763168,53.0
763264,27.0
763904,136.0
764576,144.0
765744,47.0
766832,141.0
766896,141.0
767536,115.0
769344,141.0
772128,23.0
773136,138.0
773824,141.0
774048,143.0
774352,33.0
776176,136.0
777424,141.0
778000,103.0
779376,47.0
779600,105.0
780080,93.0
781120,106.0
781584,26.0
781904,24.0
782432,93.0
782800,94.0
783344,99.0
784160,29.0
784592,53.0
785760,55.0
785888,24.0
788608,137.0
788672,108.0
788976,134.0
789904,63.0
791248,111.0
791552,63.0
792272,101.0
792800,132.0
792976,94.0
793712,11.0
794496,132.0
796336,144.0
796656,138.0
797232,144.0
797616,53.0
798672,139.0
799552,139.0
799952,135.0
800768,137.0
800912,49.0
801216,141.0
801232,143.0
802048,139.0
802448,102.0
802768,32.0
803584,51.0
806352,51.0
806800,137.0
806944,94.0
807280,133.0
807872,53.0
811392,20.0
811760,136.0
815728,148.0
816736,140.0
816912,149.0
817904,33.0
819312,106.0
821472,111.0
821632,145.0
822208,4.0
822528,4.0
822576,146.0
822816,139.0
823136,55.0
824144,146.0
825136,144.0
825984,143.0
826480,144.0
828848,111.0
830992,139.0
831184,146.0
831248,148.0
831920,139.0
832336,107.0
832528,104.0
834640,85.0
834704,141.0
835600,147.0
838240,135.0
838960,75.0
839328,31.0
839440,138.0
839584,18.0
839840,100.0
840048,142.0
843360,113.0
843360,57.0
843584,148.0
843616,147.0
844608,24.0
845456,138.0
847232,141.0
847248,153.0
847504,22.0
847824,47.0
848112,106.0
852672,132.0
853568,141.0
854576,139.0
855664,148.0
856112,142.0
856480,62.0
856688,96.0
858640,48.0
859488,106.0
859936,146.0
860032,136.0
860240,133.0
861536,33.0
863680,140.0
866560,131.0
867120,19.0
867344,138.0
868448,133.0
869584,97.0
871616,139.0
873152,133.0
873552,181.0
874912,60.0
875232,76.0
876064,52.0
877552,49.0
877744,95.0
877872,42.0
882048,130.0
883616,148.0
884448,25.0
884576,145.0
884816,134.0
884832,138.0
888160,131.0
888160,132.0
888464,137.0
889664,133.0
890432,104.0
890688,139.0
891232,2.0
891264,97.0
891664,136.0
891936,139.0
892240,144.0
893232,137.0
894528,105.0
895184,135.0
895520,45.0
895552,49.0
895840,4.0
896592,33.0
896672,75.0
898192,31.0
898672,134.0
898688,108.0
899216,91.0
900448,83.0
901328,42.0
902224,130.0
902496,29.0
904208,36.0
905264,136.0
906384,24.0
906528,106.0
907520,145.0
908144,27.0
908944,133.0
911280,153.0
911424,96.0
911440,50.0
911840,143.0
912064,144.0
912064,126.0
912256,141.0
915472,137.0
915936,145.0
916656,119.0
917456,141.0
917824,139.0
917920,29.0
918096,140.0
918688,122.0
919552,55.0
920352,147.0
921392,136.0
922192,145.0
923008,148.0
923200,94.0
924160,136.0
925728,140.0
926816,148.0
927760,141.0
927952,142.0
928960,44.0
930032,41.0
933472,149.0
933696,150.0
934208,139.0
939120,138.0
940656,51.0
941328,137.0
941408,140.0
942304,111.0
943520,137.0
943904,135.0
944176,108.0
944592,136.0
944688,26.0
944976,141.0
944992,148.0
945168,34.0
947888,23.0
948864,137.0
949264,145.0
951280,97.0
951456,146.0
951504,23.0
951536,40.0
952032,145.0
955008,33.0
955024,57.0
955168,140.0
956560,146.0
956768,155.0
956960,110.0
957472,150.0
961168,106.0
961904,150.0
961968,149.0
963360,82.0
964384,131.0
966928,105.0
966976,146.0
967664,145.0
968192,141.0
968576,144.0
969088,150.0
969248,150.0
970560,146.0
971216,145.0
971632,58.0
972016,60.0
973792,103.0
974000,150.0
974704,145.0
974736,100.0
975264,111.0
976080,3.0
977456,161.0
977664,156.0
978272,143.0
978656,139.0
981840,157.0
983296,26.0
983696,101.0
984368,21.0
984528,146.0
984640,141.0
985392,140.0
987664,140.0
988992,146.0
990080,142.0
991920,101.0
992352,146.0
992544,51.0
993360,62.0
994400,145.0
994720,146.0
995216,111.0
995968,72.0
998032,140.0
998544,149.0
998640,137.0
999024,140.0
999104,50.0
1001744,136.0
1002400,143.0
1002864,109.0
1004096,142.0
1004528,149.0
1004992,133.0
1006704,106.0
1006752,135.0
1007392,44.0
1007440,103.0
1007936,98.0
1008640,108.0
1011008,99.0
1011120,142.0
1012032,30.0
1012416,145.0
1013520,101.0
1015488,136.0
1015744,142.0
1016032,143.0
1016544,137.0
1016576,155.0
1016880,26.0
1018320,104.0
1018416,112.0
1019296,82.0
1019904,144.0
1020016,71.0
1020368,98.0
1021024,104.0
1021872,96.0
1023232,146.0
1023936,137.0
1024128,49.0
1025312,105.0
1026816,144.0
1027680,95.0
1027920,94.0
1029440,101.0
1030960,144.0
1031344,32.0
1032096,35.0
1034256,147.0
1034464,147.0
1035648,140.0
1037104,101.0
1038816,99.0
1041376,135.0
1041760,144.0
1042192,27.0
1042672,44.0
1042736,34.0
1043200,18.0
1043408,138.0
1043504,54.0
1045552,138.0
1046624,22.0
1048112,137.0
1049440,126.0
1049920,142.0
1051616,136.0
1051712,143.0
1055232,152.0
1056112,138.0
1056224,136.0
1057392,142.0
1057584,130.0
1058336,131.0
1060128,143.0
1060416,142.0
1061568,139.0
1062768,134.0
1063376,52.0
1064464,137.0
1065472,77.0
1066288,135.0
1069408,139.0
1069664,132.0
1070016,30.0
1071600,95.0
1072464,137.0
1072864,121.0
1073568,138.0
1074528,47.0
1075792,72.0
1076928,94.0
1077216,109.0
1077904,29.0
1079216,129.0
1082432,138.0
1082816,127.0
1083568,134.0
1083792,29.0
1084368,14.0
1085280,32.0
1086096,135.0
1086528,42.0
1087008,127.0
1087264,71.0
1088176,132.0
1088496,148.0
1088848,129.0
1090032,107.0
1090736,129.0
1090800,68.0
1090992,141.0
1091312,131.0
1092368,135.0
1093232,135.0
1094480,143.0
1096960,132.0
1098432,124.0
1098448,99.0
1098640,131.0
1099040,131.0
1099200,107.0
1099792,141.0
1102144,18.0
1102352,139.0
1102944,129.0
1105568,132.0
1108256,96.0
1109232,91.0
1109568,125.0
1110592,104.0
1111136,3.0
1111712,51.0
1114400,135.0
1114432,56.0
1114592,24.0
1115600,38.0
1116560,130.0
1117568,129.0
1119232,133.0
1119248,132.0
1120784,88.0
1121936,28.0
1122848,132.0
1123040,3.0
1123216,62.0
1124912,128.0
1125216,133.0
1126288,129.0
1126896,46.0
1127088,25.0
1128384,128.0
1130288,137.0
1131392,143.0
1132896,102.0
1133760,28.0
1133904,142.0
1135040,142.0
1136112,74.0
1136288,139.0
1138416,106.0
1138512,52.0
1139232,138.0
1140256,131.0
1145280,134.0
1145856,137.0
1146416,138.0
1146832,17.0
1147728,31.0
1151216,132.0
1151520,25.0
1151888,135.0
1153296,96.0
1153440,133.0
1154016,65.0
1154240,135.0
1154688,138.0
1155104,53.0
1155904,97.0
1157536,142.0
1158672,135.0
1161120,142.0
1161456,84.0
1162336,73.0
1162384,91.0
1163312,146.0
1165744,138.0
1165952,60.0
1166544,141.0
1167680,142.0
1169088,45.0
1169984,137.0
1170032,132.0
1170992,144.0
1171568,51.0
1173424,66.0
1173488,134.0
1173616,142.0
1174272,54.0
1174368,143.0
1174736,141.0
1175584,132.0
1176544,136.0
1176928,131.0
1178032,139.0
1178112,139.0
1178400,98.0
1180080,136.0
1181328,136.0
1182432,129.0
1183392,46.0
1184288,93.0
1184960,42.0
1185584,134.0
1185872,129.0
1186160,129.0
1186784,144.0
1186880,109.0
1189280,129.0
1189664,131.0
1190608,140.0
1191488,140.0
1192112,58.0
1194400,23.0
1195664,137.0
1195856,124.0
1196000,56.0
1196672,129.0
1196768,132.0
1197920,53.0
1198560,29.0
1199472,136.0
1200384,135.0
1201408,126.0
1201456,132.0
1201584,96.0
1203920,138.0
1203984,133.0
1204944,127.0
1207552,102.0
1208368,101.0
1210160,102.0
1211136,136.0
1214576,116.0
1214736,103.0
1214768,98.0
1215168,131.0
1215216,135.0
1216176,137.0
1216240,51.0
1217328,95.0
1218624,134.0
1218704,134.0
1218960,144.0
1220704,19.0
1220976,35.0
1221472,130.0
1222464,134.0
1225888,127.0
1227072,179.0
1227568,139.0
1228352,51.0
1228512,133.0
1229040,92.0
1229712,131.0
1230848,131.0
1232736,136.0
1234128,94.0
1236224,129.0
1237120,154.0
1241312,133.0
1242544,42.0
1243776,46.0
1243968,139.0
1243984,131.0
1244080,141.0
1244320,2.0
1245120,97.0
1246400,142.0
1247568,139.0
1247824,130.0
1250320,136.0
1251408,138.0
1252144,143.0
1252400,144.0
1255536,138.0
1256016,67.0
1258304,55.0
1258512,137.0
1259936,93.0
1260240,76.0
1264960,141.0
1266352,143.0
1266672,138.0
1267568,128.0
1268144,134.0
1268720,4.0
1272256,131.0
1274736,91.0
1275472,86.0
1277392,134.0
1278784,136.0
1279152,144.0
1281392,103.0
1282288,133.0
1282992,142.0
1283264,42.0
1283440,140.0
1284560,143.0
1284592,105.0
1286304,147.0
1286464,91.0
1286928,146.0
1286992,142.0
1287504,133.0
1287536,66.0
1288608,137.0
1289120,135.0
1289504,94.0
1293392,132.0
1293712,140.0
1293984,134.0
1294912,145.0
1295824,132.0
1297344,126.0
1297888,51.0
1298528,131.0
1298944,50.0
1299360,60.0
1300528,56.0
1300608,100.0
1302880,130.0
1304336,89.0
1304656,133.0
1304752,68.0
1306832,41.0
1308272,126.0
1308592,111.0
1308736,130.0
1310416,136.0
1311248,3.0
1311296,112.0
1311392,130.0
1312096,23.0
1312368,126.0
1313120,131.0
1314208,124.0
1314912,133.0
1316368,66.0
1317088,128.0
1317664,136.0
1318448,143.0
1319536,125.0
1320720,119.0
1321808,126.0
1322880,48.0
1322944,122.0
1323232,96.0
1323536,135.0
1323680,89.0
1325328,131.0
1325440,142.0
1326176,95.0
1327136,126.0
1327952,133.0
1328912,24.0
1331952,36.0
1332464,138.0
1332944,138.0
1332960,129.0
1333664,40.0
1336512,129.0
1336720,141.0
1338336,102.0
1340128,128.0
1343648,136.0
1344880,126.0
1344960,39.0
1345776,136.0
1346192,100.0
1346240,95.0
1346416,143.0
1347280,130.0
1348272,135.0
1349808,132.0
1350816,137.0
1351152,147.0
1351856,136.0
1352720,142.0
1353536,135.0
1354352,129.0
1354720,135.0
1354816,138.0
1355760,139.0
1357664,120.0
1357920,131.0
1359264,133.0
1363296,58.0
1363360,143.0
1366128,146.0
1366976,129.0
1367184,132.0
1369472,138.0
1369760,13.0
1371248,144.0
1375040,127.0
1375712,136.0
1375872,138.0
1377024,126.0
1377632,54.0
1378208,142.0
1378656,138.0
1380048,98.0
1380576,134.0
1381696,134.0
1381760,130.0
1384608,141.0
1385024,135.0
1385232,126.0
1386144,37.0
1386208,145.0
1386720,131.0
1389088,132.0
1391760,136.0
1391968,57.0
1392240,127.0
1393776,140.0
1394304,144.0
1394624,129.0
1395760,133.0
1396064,136.0
1398656,134.0
1399440,137.0
1399856,143.0
1400336,77.0
1400528,133.0
1402208,140.0
1403872,141.0
1404480,131.0
1405264,133.0
1406816,67.0
1407152,131.0
1408816,130.0
1409248,56.0
1410336,134.0
1410864,141.0
1412928,140.0
1413584,130.0
1413904,130.0
1414416,133.0
1414928,26.0
1417760,136.0
1418032,133.0
1419552,132.0
1420176,137.0
1420608,131.0
1421328,136.0
1421328,134.0
1422016,140.0
1422064,130.0
1423888,101.0
1424112,132.0
1424160,131.0
1424800,138.0
1425200,52.0
1427744,137.0
1428448,132.0
1429776,48.0
1430624,95.0
1430768,54.0
1431344,135.0
1431968,132.0
1434128,135.0
1434192,143.0
1434304,138.0
1436752,127.0
1438272,129.0
1439120,131.0
1439376,42.0
1439856,95.0
1440912,57.0
1441280,42.0
1441360,131.0
1441648,126.0
1444816,137.0
1445376,64.0
1447504,96.0
1447568,132.0
1447920,136.0
1448080,131.0
1448288,137.0
1448384,128.0
1449056,94.0
1451152,105.0
1451920,136.0
1454208,132.0
1454800,138.0
1456560,138.0
1458496,132.0
1458880,130.0
1459776,46.0
1462064,130.0
1462880,130.0
1463056,122.0
1463488,147.0
1466464,140.0
1467440,131.0
1467504,39.0
1467536,135.0
1472736,135.0
1472800,135.0
1473120,126.0
1473440,134.0
1474736,131.0
1474800,138.0
1475968,126.0
1477216,138.0
1477600,31.0
1477824,135.0
1478352,131.0
1478400,138.0
1478480,146.0
1478928,97.0
1479648,143.0
1484336,132.0
1485408,137.0
1486592,137.0
1486912,136.0
1487328,129.0
1491584,103.0
1493328,129.0
1493664,74.0
1493664,125.0
1494304,122.0
1496064,124.0
1497264,131.0
1498864,138.0
1500144,130.0
1501712,126.0
1501968,137.0
1503344,133.0
1505264,131.0
1505936,41.0
1505952,125.0
1508928,128.0
1511696,130.0
1511728,133.0
1512416,130.0
1513024,128.0
1514400,130.0
1515312,133.0
1516352,95.0
1517808,52.0
1517936,76.0
1518864,92.0
1519024,115.0
1520448,125.0
1521344,128.0
1521440,127.0
1522928,126.0
1523488,131.0
1523888,99.0
1526128,126.0
1526496,92.0
1528752,135.0
1529856,124.0
1534048,23.0
1535648,124.0
1536576,133.0
1538320,129.0
1546288,123.0
1546576,129.0
1547200,87.0
1547440,127.0
1548544,79.0
1548592,129.0
1552480,133.0
1553616,128.0
1553872,105.0
1553872,127.0
1555664,133.0
1555968,129.0
1556160,128.0
1556464,105.0
1556848,124.0
1557152,125.0
1557856,95.0
1563760,94.0
1564176,133.0
1564512,128.0
1570016,125.0
1570768,99.0
1571696,131.0
1573424,130.0
1573488,133.0
1574560,121.0
1577040,133.0
1578432,134.0
1580064,136.0
1583264,144.0
1583984,99.0
1584896,135.0
1585296,45.0
1585360,133.0
1586864,135.0
1588560,141.0
1588816,129.0
1589328,146.0
1590736,136.0
1591136,134.0
1591376,131.0
1592448,75.0
1595616,151.0
1597968,103.0
1598128,142.0
1599136,132.0
1602080,133.0
1602736,133.0
1602896,135.0
1604352,133.0
1604576,128.0
1605200,135.0
1605216,133.0
1606512,133.0
1606640,127.0
1609264,139.0
1614928,77.0
1615456,130.0
1615968,136.0
1616032,137.0
1617184,127.0
1617392,135.0
1620544,121.0
1621632,132.0
1623152,139.0
1623920,131.0
1627632,129.0
1630272,97.0
1630496,132.0
1631328,130.0
1631600,122.0
1631600,131.0
1631856,137.0
1633280,127.0
1633824,133.0
1633872,22.0
1634672,97.0
1635952,137.0
1636640,132.0
1637936,133.0
1638304,131.0
1639376,131.0
1642544,134.0
1642896,122.0
1643600,133.0
1646736,134.0
1648864,135.0
1650336,132.0
1650720,133.0
1651232,129.0
1653952,138.0
1654256,129.0
1654336,137.0
1654528,32.0
1656112,139.0
1656416,137.0
1658048,127.0
1658096,136.0
1660016,136.0
1661664,140.0
1662592,19.0
1664816,135.0
1665248,137.0
1665520,133.0
1666464,115.0
1666608,61.0
1667104,93.0
1668240,130.0
1672288,129.0
1674272,135.0
1675488,125.0
1675888,130.0
1676240,129.0
1676864,136.0
1676896,128.0
1677200,129.0
1678400,134.0
1680336,136.0
1681376,28.0
1682656,131.0
1684528,98.0
1685024,125.0
1686192,129.0
1686928,14.0
1687616,133.0
1687664,136.0
1688128,136.0
1689808,135.0
1691120,128.0
1693024,117.0
1693168,131.0
1693328,109.0
1696208,138.0
1696720,129.0
1696736,138.0
1696832,131.0
1697232,69.0
1697824,135.0
1698432,128.0
1700240,128.0
1700368,125.0
1701760,132.0
1702032,134.0
1702080,128.0
1702288,130.0
1703232,107.0
1706304,135.0
1706832,129.0
1707040,114.0
1707136,137.0
1708416,129.0
1710288,132.0
1710720,139.0
1713360,2.0
1713376,132.0
1714128,98.0
1716224,136.0
1717040,138.0
1718000,132.0
1718944,139.0
1719152,135.0
1720752,135.0
1721136,132.0
1722464,128.0
1724672,137.0
1725872,134.0
1726144,133.0
1728752,131.0
1729456,133.0
1730368,98.0
1731008,136.0
1732400,138.0
1733216,94.0
1736912,118.0
1737952,135.0
1738320,136.0
1739344,130.0
1740096,93.0
1740224,134.0
1740880,131.0
1742064,131.0
1744128,132.0
1745456,131.0
1746576,105.0
1747440,135.0
1748112,100.0
1748416,131.0
1749184,135.0
1751104,116.0
1751136,142.0
1751504,57.0
1752736,95.0
1753472,127.0
1755104,137.0
1755136,133.0
1755648,132.0
1759328,145.0
1759696,102.0
1759888,133.0
1761248,131.0
1761824,135.0
1763296,129.0
1763296,136.0
1765488,139.0
1765488,132.0
1766096,130.0
1769616,134.0
1770512,130.0
1771536,131.0
1772432,132.0
1774080,126.0
1779248,132.0
1779248,131.0
1779680,131.0
1780048,91.0
1780672,128.0
1781152,126.0
1782208,92.0
1783920,117.0
1786384,125.0
1788320,124.0
1788464,132.0
1788608,83.0
1790032,125.0
1791104,128.0
1792192,131.0
1792992,82.0
1793760,92.0
1795840,92.0
1797120,92.0
1797904,66.0
1800768,51.0
1802112,109.0
1802432,62.0
1802864,128.0
1802880,108.0
1804992,128.0
1806272,125.0
1807808,103.0
1808048,128.0
1808576,126.0
1809248,128.0
1810304,126.0
1811712,130.0
1813152,123.0
1813424,133.0
1813424,130.0
1814864,133.0
1815280,135.0
1816176,131.0
1816800,124.0
1818608,135.0
1819408,131.0
1821952,125.0
1822272,135.0
1823328,129.0
1825824,136.0
1826128,131.0
1827568,133.0
1828416,133.0
1830496,134.0
1831856,135.0
1832704,136.0
1833680,138.0
1834656,128.0
1835344,134.0
1835392,137.0
1835488,94.0
1836272,133.0
1837344,138.0
1838336,34.0
1838976,134.0
1839280,54.0
1839744,130.0
1841872,144.0
1842848,137.0
1845552,132.0
1846704,96.0
1848000,137.0
1848672,135.0
1849104,138.0
1849632,31.0
1850512,137.0
1851616,139.0
1851904,128.0
1852576,127.0
1854096,132.0
1854288,139.0
1854464,136.0
1854768,140.0
1855264,138.0
1856864,129.0
1857760,132.0
1858768,133.0
1859440,134.0
1859680,129.0
1862976,130.0
1863008,130.0
1863904,133.0
1863984,94.0
1864976,130.0
1866480,37.0
1866768,130.0
1867568,138.0
1868528,129.0
1869424,129.0
1869712,128.0
1870304,132.0
1872816,95.0
1874832,133.0
1875936,142.0
1876448,130.0
1876912,133.0
1877184,131.0
1877248,54.0
1877872,130.0
1878048,116.0
1878656,124.0
1879328,111.0
1880080,123.0
1884368,127.0
1884496,131.0
1886448,119.0
1886720,50.0
1887600,132.0
1888608,132.0
1889344,68.0
1889952,125.0
1890400,124.0
1890400,136.0
1891504,127.0
1894144,125.0
1894288,133.0
1894400,24.0
1895040,127.0
1895664,128.0
1896480,127.0
1897552,98.0
1897824,127.0
1897968,125.0
1898640,129.0
1899216,47.0
1901520,128.0
1901840,99.0
1902528,121.0
1903264,132.0
1905136,132.0
1905712,127.0
1905808,125.0
1907616,129.0
1908928,129.0
1913872,127.0
1914544,132.0
1914560,132.0
1917424,130.0
1918832,129.0
1919056,126.0
1919184,134.0
1919296,124.0
1922848,128.0
1924016,57.0
1924096,132.0
1924640,136.0
1926448,133.0
1927008,127.0
1927536,124.0
1928208,45.0
1929088,45.0
1929744,130.0
1930288,39.0
1932480,130.0
1932928,112.0
1933328,128.0
1933568,129.0
1933600,139.0
1934368,130.0
1935248,27.0
1936352,33.0
1938336,128.0
1939920,132.0
1940480,133.0
1943216,129.0
1943488,132.0
1943584,131.0
1943616,93.0
1944944,65.0
1946784,128.0
1947072,123.0
1947200,129.0
1947296,125.0
1950256,130.0
1955296,129.0
1956256,137.0
1957888,125.0
1959488,131.0
1961472,129.0
1962000,131.0
1964256,123.0
1964720,138.0
1965456,129.0
1965888,127.0
1966032,123.0
1968608,100.0
1968816,130.0
1972368,126.0
1972576,128.0
1973152,136.0
1973936,128.0
1975216,138.0
1975776,94.0
1979216,122.0
1979360,132.0
1979360,127.0
1979776,128.0
1982896,122.0
1983296,129.0
1984512,126.0
1985520,64.0
1986480,130.0
1989104,135.0
1989760,125.0
1993120,126.0
1994416,91.0
1995056,127.0
1996208,90.0
1997328,130.0
1999552,120.0
1999776,127.0
1999872,125.0
2000304,133.0
2000304,137.0
2000368,132.0
2002592,125.0
2003136,131.0
2003840,124.0
2003888,126.0
2005392,125.0
2006704,116.0
2007008,98.0
2007552,127.0
2008128,64.0
2008784,127.0
2010368,130.0
2010720,92.0
2012416,120.0
2013520,126.0
2014032,123.0
2014400,130.0
2014512,128.0
2015472,51.0
2017168,128.0
2018144,35.0
2018368,127.0
2020416,30.0
2021408,128.0
2021552,124.0
2022640,131.0
2024192,133.0
2024288,129.0
2025184,125.0
2025360,120.0
2025824,24.0
2026448,119.0
2028576,130.0
2028960,123.0
2030144,134.0
2032896,124.0
2032896,122.0
2033744,124.0
2035456,92.0
2036400,96.0
2038160,130.0
2039120,126.0
2039936,126.0
2039984,124.0
2041136,138.0
2043568,131.0
2044080,132.0
2045488,132.0
2046160,122.0
2046688,126.0
2047008,125.0
2047184,70.0
2047296,124.0
2051616,36.0
2053344,127.0
2053712,125.0
2055888,125.0
2055984,130.0
2058128,127.0
2058240,122.0
2059040,127.0
2059296,128.0
2060400,122.0
2061584,41.0
2062368,121.0
2063584,124.0
2063584,125.0
2063792,123.0
2065968,121.0
2067040,125.0
2068144,131.0
2068416,126.0
2070608,128.0
2074144,124.0
2074928,128.0
2078448,127.0
2080224,125.0
2080768,130.0
2083984,127.0
2086288,130.0
2087264,120.0
2087568,126.0
2088608,129.0
2090400,122.0
2090768,123.0
2092384,59.0
2094256,90.0
2094368,124.0
2094656,123.0
2095968,131.0
2098096,136.0
2098128,121.0
2100544,63.0
2102064,120.0
2104320,88.0
2104416,127.0
2104448,131.0
2105232,122.0
2107696,89.0
2108624,126.0
2109648,92.0
2111328,132.0
2112080,121.0
2113200,130.0
2113344,131.0
2115024,132.0
2115584,132.0
2117008,132.0
2118368,123.0
2120896,132.0
2121920,127.0
2122048,129.0
2123392,125.0
2124400,118.0
2124512,121.0
2125696,128.0
2126384,126.0
2126912,124.0
2127328,127.0
2128000,127.0
2131616,130.0
2131872,68.0
2132576,46.0
2132848,125.0
2133424,62.0
2135184,125.0
2135504,91.0
2136160,132.0
2137920,120.0
2139120,129.0
2140400,130.0
2140928,129.0
2141344,123.0
2141552,128.0
2144176,113.0
2144256,101.0
2145200,134.0
2146320,125.0
2147744,121.0
2148704,123.0
2149152,125.0
2151168,126.0
2152288,128.0
2152656,115.0
2153136,124.0
2155856,129.0
2155920,117.0
2156880,127.0
2158304,125.0
2159488,127.0
2161184,46.0
2161536,125.0
2161760,123.0
2164144,32.0
2164784,124.0
2164944,128.0
2166912,119.0
2172016,124.0
2172080,103.0
2172864,120.0
2175792,129.0
2175984,75.0
2176432,126.0
2179264,122.0
2179296,119.0
2180016,129.0
2181200,40.0
2181680,124.0
2184128,128.0
2184160,122.0
2184400,121.0
2186256,122.0
2186448,129.0
2186624,92.0
2189072,94.0
2191584,127.0
2192320,125.0
2194272,122.0
2194848,127.0
2195136,127.0
2195696,126.0
2196080,128.0
2196240,119.0
2198480,90.0
2198816,96.0
2200768,85.0
2200976,123.0
2201552,86.0
2202048,123.0
2204496,118.0
2205600,121.0
2205632,94.0
2206912,128.0
2208192,125.0
2209872,108.0
2209904,57.0
2212160,123.0
2212288,131.0
2212448,128.0
2212560,35.0
2212800,125.0
2213408,127.0
2214160,128.0
2214976,76.0
2216800,95.0
2218448,121.0
2220384,129.0
2221712,130.0
2224096,36.0
2224976,126.0
2225472,139.0
2226480,130.0
2229344,128.0
2230768,128.0
2230976,133.0
2231184,121.0
2233648,130.0
2233648,126.0
2234320,128.0
2234640,130.0
2234752,132.0
2235776,127.0
2237744,134.0
2238080,129.0
2239184,128.0
2242544,62.0
2242608,124.0
2243600,40.0
2244176,135.0
2246208,124.0
2246368,131.0
2246448,121.0
2247216,126.0
2247792,129.0
2248640,126.0
2249792,131.0
2249936,123.0
2252096,92.0
2252640,63.0
2253472,63.0
2256224,128.0
2257888,122.0
2258320,93.0
2258912,129.0
2261904,125.0
2263888,128.0
2264144,128.0
2264464,133.0
2265488,129.0
2266576,124.0
2267616,79.0
2267680,131.0
2268128,88.0
2269024,129.0
2269744,120.0
2270176,133.0
2271664,95.0
2272032,130.0
2272256,128.0
2275296,135.0
2277248,127.0
2277520,125.0
2278784,132.0
2279216,124.0
2280528,132.0
2280896,128.0
2282992,131.0
2284064,134.0
2284576,133.0
2284960,127.0
2285328,130.0
2286336,123.0
2288256,91.0
2288496,127.0
2288960,130.0
2289168,128.0
2289248,121.0
2292240,128.0
2292880,46.0
2293584,127.0
2296192,120.0
2298880,125.0
2299248,138.0
2299792,127.0
2302240,95.0
2303728,127.0
2305328,89.0
2306688,127.0
2307392,132.0
2308800,106.0
2308912,121.0
2309184,87.0
2310016,124.0
2311008,128.0
2311216,123.0
2313072,90.0
2314304,133.0
2314656,124.0
2315280,124.0
2316192,129.0
2316512,136.0
2316512,126.0
2317744,123.0
2317840,132.0
2317888,91.0
2317904,131.0
2319808,125.0
2319856,122.0
2322576,121.0
2324432,88.0
2325040,122.0
2326016,125.0
2326160,121.0
2327248,125.0
2329632,125.0
2330048,123.0
2331984,126.0
2332192,128.0
2332592,131.0
2333632,129.0
2335440,129.0
2337200,128.0
2337984,123.0
2339680,94.0
2339904,129.0
2341584,120.0
2341984,126.0
2342400,123.0
2343216,119.0
2344144,126.0
2345040,128.0
2347696,128.0
2349328,117.0
2350768,131.0
2351488,132.0
2352224,35.0
2352688,126.0
2353520,30.0
2354000,128.0
2355616,125.0
2356800,133.0
2358352,127.0
2358928,108.0
2359680,124.0
2360176,93.0
2360672,136.0
2361344,131.0
2362112,128.0
2362208,129.0
2363904,131.0
2366112,126.0
2367840,125.0
2369488,131.0
2369616,127.0
2371440,128.0
2376416,109.0
2376912,130.0
2376944,126.0
2377328,123.0
2379024,126.0
2379520,92.0
2380064,122.0
2381648,123.0
2383328,127.0
2383376,130.0
2383392,130.0
2383696,102.0
2384288,126.0
2387872,128.0
2388384,132.0
2389056,39.0
2389776,89.0
2393520,126.0
2394032,129.0
2394128,125.0
2394496,126.0
2395936,126.0
2396864,127.0
2398064,130.0
2398848,109.0
2400544,127.0
2400576,91.0
2400624,130.0
2401728,124.0
2402416,125.0
2410048,132.0
2411488,131.0
2411696,128.0
2413136,126.0
2413712,133.0
2414736,126.0
2418752,124.0
2422288,125.0
2425088,121.0
2426688,129.0
2427584,122.0
2429904,129.0
2431072,133.0
2434048,123.0
2434592,130.0
2435040,94.0
2435728,133.0
2438448,139.0
2441664,134.0
2441984,130.0
2442768,129.0
2442880,132.0
2442976,131.0
2445248,130.0
2446736,126.0
2448656,94.0
2450704,32.0
2451280,132.0
2452496,125.0
2452784,84.0
2459776,125.0
2461360,126.0
2462320,130.0
2462896,128.0
2463232,129.0
2465264,131.0
2466464,128.0
2467168,125.0
2470048,131.0
2471184,123.0
2471744,128.0
2472304,129.0
2472704,37.0
2473264,132.0
2473680,127.0
2474464,129.0
2476064,59.0
2476416,136.0
2476784,132.0
2477008,130.0
2479536,133.0
2480256,131.0
2482640,134.0
2483056,133.0
2484720,127.0
2485264,132.0
2488464,132.0
2489008,134.0
2490960,130.0
2491088,127.0
2491936,131.0
2492288,132.0
2494496,95.0
2494512,128.0
2497264,91.0
2499856,129.0
2500864,122.0
2501584,125.0
2502112,136.0
2502368,122.0
2502768,123.0
2504448,120.0
2505264,133.0
2505280,29.0
2505904,121.0
2506336,130.0
2508032,133.0
2508176,137.0
2508272,130.0
2509520,91.0
2512288,126.0
2512496,127.0
2513024,128.0
2515296,122.0
2516096,126.0
2518688,134.0
2518752,130.0
2519280,127.0
2519712,96.0
2523200,123.0
2524784,63.0
2526288,122.0
2530288,111.0
2531568,122.0
2532208,123.0
2532368,126.0
2532864,129.0
2534256,126.0
2535040,126.0
2535296,137.0
2536048,131.0
2536128,124.0
2536448,128.0
2538800,129.0
2538864,133.0
2542160,120.0
2542608,124.0
2542864,128.0
2543168,126.0
2543408,122.0
2544176,127.0
2546160,127.0
2546928,129.0
2548512,91.0
2549648,121.0
2551024,127.0
2552656,129.0
2553456,128.0
2554096,123.0
2554128,119.0
2555024,126.0
2555056,127.0
2556032,136.0
2558384,129.0
2558560,124.0
2559808,139.0
2560544,127.0
2561040,89.0
2561280,125.0
2563072,126.0
2563392,129.0
2563936,130.0
2564176,126.0
2564880,122.0
2565792,139.0
2569344,130.0
2570864,50.0
2571120,126.0
2572080,131.0
2573232,39.0
2574256,126.0
2576320,123.0
2577792,123.0
2578064,125.0
2580800,135.0
2582368,126.0
2583376,129.0
2583760,124.0
2583888,127.0
2584976,127.0
2586048,94.0
2586304,91.0
2588624,90.0
2590832,130.0
2593952,125.0
2594432,123.0
2595600,130.0
2595696,129.0
2595904,40.0
2595952,125.0
2597040,127.0
2597056,125.0
2597440,125.0
2598240,127.0
2601008,125.0
2601552,132.0
2601888,125.0
2603072,133.0
2606592,129.0
2607888,133.0
2608384,122.0
2608944,127.0
2609296,125.0
2610752,123.0
2610992,128.0
2612112,123.0
2612960,128.0
2613632,122.0
2614256,119.0
2614640,134.0
2616512,130.0
2617408,132.0
2617936,128.0
2619616,134.0
2621872,122.0
2621936,129.0
2624448,127.0
2626960,130.0
2627888,127.0
2628016,127.0
2628224,125.0
2628256,129.0
2628464,131.0
2628880,126.0
2631744,139.0
2632672,128.0
2634032,124.0
2635296,130.0
2635328,130.0
2636064,131.0
2636688,99.0
2642720,135.0
2642880,132.0
2649584,135.0
2649728,127.0
2650736,136.0
2651664,131.0
2652816,53.0
2654112,127.0
2654288,126.0
2654512,125.0
2656480,126.0
2656672,92.0
2656720,124.0
2657680,132.0
2657856,134.0
2657888,95.0
2660224,130.0
2661424,125.0
2664160,126.0
2665008,127.0
2666192,125.0
2668256,46.0
2671296,122.0
2673360,124.0
2673824,133.0
2674816,121.0
2677344,125.0
2677712,132.0
2678192,134.0
2678512,122.0
2678672,132.0
2679344,128.0
2682880,124.0
2684352,125.0
2684608,132.0
2685024,133.0
2685264,127.0
2685696,130.0
2685856,129.0
2686416,127.0
2688144,126.0
2688224,127.0
2688800,123.0
2689936,127.0
2690048,129.0
2691392,122.0
2692416,129.0
2695200,130.0
2695760,124.0
2695888,125.0
2696224,54.0
2696272,65.0
2696608,128.0
2698592,126.0
2699776,34.0
2699952,30.0
2700160,135.0
2700176,127.0
2700592,124.0
2702320,129.0
2702960,126.0
2706816,128.0
2707232,132.0
2707632,127.0
2707776,126.0
2711312,132.0
2712832,135.0
2713664,128.0
2714288,125.0
2714880,132.0
2716416,130.0
2716624,135.0
2717120,127.0
2717488,134.0
2717552,132.0
2718384,128.0
2718608,135.0
2720160,127.0
2721360,130.0
2721360,126.0
2724448,128.0
2724992,126.0
2726848,125.0
2727104,125.0
2728000,113.0
2728992,133.0
2729872,27.0
2730240,128.0
2731024,135.0
2731648,123.0
2733760,125.0
2735088,125.0
2735104,125.0
2736864,123.0
2739200,135.0
2740496,133.0
2745120,129.0
2746800,138.0
2747536,122.0
2748112,116.0
2748368,127.0
2749392,125.0
2749840,126.0
2751632,124.0
2755264,131.0
2755360,131.0
2757456,128.0
2760160,128.0
2760304,127.0
2761968,127.0
2762176,110.0
2762608,128.0
2763712,124.0
2763776,130.0
2763840,131.0
2764208,122.0
2767344,129.0
2767552,123.0
2767792,126.0
2768352,126.0
2770256,124.0
2774480,132.0
2778240,132.0
2778512,129.0
2779488,128.0
2780656,40.0
2780864,123.0
2781408,126.0
2784912,130.0
2785152,123.0
2787776,125.0
2788480,124.0
2788832,119.0
2789312,128.0
2790720,124.0
2791584,124.0
2793376,125.0
2794976,88.0
2795072,128.0
2795936,130.0
2799680,130.0
2801520,132.0
2802064,127.0
2802592,126.0
2803152,125.0
2804096,126.0
2804640,124.0
2805104,125.0
2805712,130.0
2806720,125.0
2808688,128.0
2810928,124.0
2811056,130.0
2811376,126.0
2812480,126.0
2813792,126.0
2813984,122.0
2815984,122.0
2817728,126.0
2823616,131.0
2824816,120.0
2826688,123.0
2829296,124.0
2829968,122.0
2830208,127.0
2830256,124.0
2831616,122.0
2833696,125.0
2835136,125.0
2837184,126.0
2837424,126.0
2838752,122.0
2838768,73.0
2839680,130.0
2839760,92.0
2842288,124.0
2843424,128.0
2843952,104.0
2844848,86.0
2846096,128.0
2846480,40.0
2846864,123.0
2848032,125.0
2853568,123.0
2853952,128.0
2856336,122.0
2857008,60.0
2860640,128.0
2862144,127.0
2862368,124.0
2864432,130.0
2866560,31.0
2866832,56.0
2867088,119.0
2867664,126.0
2870032,118.0
2870368,119.0
2870576,128.0
2871232,119.0
2872944,124.0
2873040,123.0
2874544,128.0
2877520,125.0
2879856,86.0
2880160,129.0
2880176,123.0
2880528,122.0
2883168,128.0
2883760,131.0
2886784,125.0
2887728,121.0
2888592,86.0
2888928,125.0
2891296,124.0
2891568,126.0
2891968,124.0
2894176,49.0
2894464,125.0
2894848,124.0
2895328,124.0
2897776,123.0
2898272,118.0
2898800,121.0
2899056,128.0
2900048,62.0
2901168,125.0
2901232,122.0
2901824,120.0
2902448,129.0
2902848,121.0
2903584,121.0
2905760,122.0
2905872,121.0
2908272,133.0
2908736,124.0
2909296,121.0
2910384,130.0
2910528,91.0
2912240,118.0
2912944,125.0
2913008,131.0
2913088,122.0
2914272,125.0
2915392,123.0
2916288,127.0
2916640,123.0
2918000,74.0
2919280,124.0
2922880,122.0
2923280,124.0
2927024,118.0
2929152,124.0
2929632,125.0
2929952,130.0
2930944,123.0
2932672,121.0
2933552,124.0
2934864,124.0
2935696,125.0
2935760,73.0
2935920,54.0
2936848,118.0
2937248,125.0
2938784,122.0
2939280,118.0
2940496,118.0
2943360,91.0
2944144,120.0
2946640,121.0
2946976,122.0
2946992,127.0
2947456,121.0
2947488,120.0
2947520,123.0
2948368,122.0
2948768,123.0
2949504,125.0
2949984,123.0
2950240,127.0
2950608,125.0
2951104,120.0
2952416,122.0
2953456,29.0
2953888,132.0
2954176,115.0
2956320,123.0
2956640,125.0
2957504,126.0
2957552,123.0
2957696,120.0
2958208,119.0
2962576,126.0
2964640,121.0
2964768,121.0
2966896,125.0
2968208,123.0
2970496,126.0
2972288,86.0
2972592,122.0
2973008,39.0
2973504,118.0
2975248,124.0
2976912,89.0
2977616,127.0
2977968,117.0
2978848,124.0
2979552,133.0
2979632,122.0
2985008,125.0
2985440,124.0
2985824,125.0
2986784,122.0
2987904,119.0
2988432,77.0
2988656,124.0
2989344,120.0
2990176,128.0
2990400,130.0
2991664,123.0
2991728,122.0
2994000,128.0
2994240,124.0
2996448,125.0
2997328,122.0
2997376,126.0
3002192,127.0
3002720,122.0
3002976,126.0
3003120,64.0
3003152,129.0
3003408,122.0
3005840,125.0
3006336,88.0
3007600,134.0
3009040,123.0
3009424,120.0
3009456,124.0
3012480,121.0
3012912,124.0
3013008,126.0
3013840,125.0
3014688,122.0
3015344,123.0
3016192,124.0
3016464,125.0
3017456,125.0
3018960,124.0
3019024,84.0
3022096,94.0
3023280,122.0
3023712,124.0
3023952,83.0
3025616,123.0
3025616,106.0
3025680,130.0
3025856,121.0
3028624,69.0
3029296,124.0
3029440,121.0
3031600,125.0
3032368,125.0
3032800,124.0
3032976,117.0
3033360,130.0
3033712,126.0
3035184,124.0
3044480,124.0
3044592,129.0
3044768,122.0
3047440,126.0
3048016,122.0
3050128,126.0
3050400,129.0
3050880,127.0
3052064,38.0
3052448,138.0
3052640,124.0
3056032,123.0
3057040,48.0
3057376,125.0
3058032,124.0
3058112,128.0
3058800,131.0
3059072,129.0
3060576,123.0
3060944,124.0
3062384,128.0
3063328,128.0
3065632,127.0
3067952,117.0
3068032,128.0
3068096,126.0
3069248,129.0
3070304,128.0
3071184,130.0
3071648,137.0
3071680,129.0
3072464,75.0
3074592,90.0
3075312,124.0
3076128,54.0
3077952,127.0
3078768,125.0
3080080,124.0
3081216,130.0
3081376,128.0
3082336,124.0
3083904,128.0
3085184,126.0
3085456,126.0
3085616,129.0
3086016,131.0
3087520,128.0
3088112,77.0
3090368,128.0
3090384,127.0
3091952,122.0
3092832,126.0
3093168,133.0
3093968,128.0
3096368,122.0
3097616,126.0
3098544,126.0
3100416,123.0
3100944,125.0
3101728,121.0
3102864,126.0
3103008,122.0
3103968,110.0
3104096,125.0
3106432,65.0
3106624,125.0
3109152,119.0
3110144,123.0
3112720,126.0
3113840,132.0
3114288,122.0
3116288,126.0
3117280,64.0
3117312,127.0
3117440,122.0
3117840,124.0
3118576,117.0
3120656,94.0
3120800,123.0
3121808,112.0
3122336,121.0
3123584,110.0
3124384,128.0
3124432,123.0
3124928,127.0
3126144,88.0
3128000,123.0
3128656,142.0
3129152,69.0
3132736,127.0
3133216,127.0
3135728,121.0
3136448,127.0
3138432,122.0
3138576,123.0
3138720,121.0
3139328,127.0
3139648,124.0
3142288,124.0
3142864,128.0
3143280,122.0
3143440,121.0
3144944,134.0
3145664,122.0
3147088,38.0
3147552,124.0
3148496,127.0
3149520,119.0
3149952,122.0
3150432,125.0
3152640,133.0
3153088,128.0
3154816,47.0
3155024,119.0
3155312,119.0
3155904,125.0
3156112,24.0
3156672,127.0
3156816,132.0
3159712,126.0
3160304,134.0
3162928,129.0
3163888,39.0
3163936,121.0
3164480,128.0
3166800,126.0
3169120,124.0
3170688,125.0
3170816,131.0
3171632,131.0
3171664,126.0
3172544,123.0
3178832,123.0
3180128,133.0
3182416,125.0
3182912,125.0
3185056,119.0
3186864,124.0
3192656,130.0
3193024,124.0
3194048,127.0
3196000,120.0
3197664,118.0
3198736,39.0
3199584,132.0
3200192,122.0
3202896,122.0
3203440,132.0
3204256,113.0
3207872,123.0
3210384,126.0
3210400,123.0
3211904,121.0
3213184,120.0
3216576,128.0
3216928,135.0
3220160,127.0
3222560,124.0
3223184,87.0
3225040,129.0
3225600,129.0
3225616,123.0
3226544,126.0
3227312,127.0
3227888,123.0
3229360,43.0
3230064,126.0
3233488,124.0
3233680,120.0
3235568,129.0
3236224,124.0
3236544,123.0
3236912,124.0
3239712,120.0
3240016,128.0
3240384,126.0
3240416,117.0
3240432,28.0
3240768,125.0
3241568,125.0
3243584,124.0
3243712,126.0
3243712,130.0
3247040,129.0
3247280,128.0
3247552,122.0
3249008,122.0
3249872,98.0
3250352,126.0
3250624,121.0
3250784,124.0
3251008,107.0
3252560,128.0
3254256,127.0
3254656,130.0
3254944,138.0
3255232,127.0
3255904,127.0
3256480,127.0
3257696,125.0
3259488,128.0
3259600,130.0
3262000,128.0
3264720,132.0
3264800,134.0
3265536,90.0
3265648,127.0
3265872,133.0
3268384,127.0
3269408,134.0
3270608,128.0
3272192,127.0
3272512,133.0
3273968,122.0
3273984,125.0
3275424,123.0
3275664,98.0
3277472,130.0
3277472,128.0
3278848,130.0
3278960,126.0
3282320,131.0
3282432,132.0
3282496,107.0
3283968,131.0
3284640,137.0
3285792,123.0
3286016,122.0
3286160,126.0
3286576,127.0
3286672,128.0
3287568,134.0
3288160,122.0
3289520,131.0
3293680,118.0
3296608,131.0
3296992,132.0
3298896,128.0
3300080,129.0
3300640,132.0
3301744,122.0
3304144,122.0
3304576,131.0
3307600,128.0
3308144,126.0
3310816,123.0
3311200,126.0
3311408,125.0
3313088,128.0
3315296,125.0
3318256,123.0
3318336,118.0
3319920,127.0
3320608,121.0
3321664,120.0
3322720,122.0
3324768,122.0
3325024,127.0
3325408,124.0
3325504,128.0
3328336,120.0
3328896,122.0
3328912,123.0
3329232,131.0
3329472,119.0
3329680,131.0
3332416,119.0
3332800,128.0
3333040,121.0
3333104,123.0
3333232,122.0
3335552,124.0
3336624,134.0
3339536,124.0
3339712,125.0
3339904,125.0
3340112,122.0
3343216,120.0
3343488,125.0
3346240,122.0
3346368,129.0
3346896,92.0
3347040,122.0
3351104,133.0
3353008,125.0
3353472,129.0
3353984,124.0
3354448,124.0
3356640,128.0
3357488,126.0
3358112,121.0
3360176,126.0
3360448,122.0
3361184,122.0
3361696,124.0
3362016,131.0
3363728,121.0
3364000,121.0
3364736,127.0
3366720,123.0
3368000,120.0
3368208,119.0
3368736,127.0
3369296,133.0
3370608,117.0
3371568,129.0
3372288,121.0
3372480,128.0
3376048,125.0
3376128,127.0
3377376,122.0
3379712,136.0
3380016,119.0
3380608,130.0
3381408,125.0
3382368,123.0
3383040,113.0
3383584,123.0
3384464,118.0
3385376,125.0
3388016,121.0
3388912,121.0
3389456,122.0
3389664,133.0
3390688,116.0
3391568,121.0
3393824,122.0
3396592,129.0
3397008,121.0
3397376,117.0
3397472,123.0
3398432,129.0
3398752,124.0
3399264,123.0
3399504,116.0
3401968,121.0
3402368,125.0
3403824,124.0
3403904,134.0
3404384,125.0
3405968,122.0
3407040,118.0
3407216,122.0
3407504,131.0
3407584,117.0
3407936,118.0
3408032,118.0
3408096,123.0
3409424,28.0
3411072,116.0
3411520,121.0
3412240,125.0
3413312,121.0
3414688,123.0
3416208,118.0
3417952,121.0
3418176,117.0
3418672,121.0
3418720,118.0
3421632,115.0
3421744,120.0
3421856,125.0
3422096,70.0
3422336,121.0
3422400,124.0
3425264,119.0
3425936,124.0
3427312,121.0
3430080,94.0
3431232,123.0
3431392,128.0
3432560,125.0
3434128,125.0
3437392,126.0
3439536,120.0
3440832,128.0
3441200,121.0
3443120,127.0
3443136,122.0
3444912,123.0
3447488,123.0
3447808,116.0
3448480,133.0
3451952,118.0
3455456,118.0
3455728,123.0
3457504,125.0
3457920,120.0
3458480,123.0
3458656,42.0
3458960,114.0
3459792,3.0
3460128,115.0
3462192,122.0
3462944,125.0
3463616,86.0
3463648,125.0
3463936,117.0
3464160,130.0
3465072,127.0
3465824,127.0
3467024,38.0
3469008,69.0
3469616,123.0
3469952,121.0
3471968,121.0
3473152,119.0
3474464,117.0
3474832,117.0
3475792,122.0
3476688,120.0
3477680,122.0
3481472,123.0
3481488,120.0
3481712,116.0
3482928,122.0
3483696,118.0
3485040,130.0
3485072,122.0
3485424,117.0
3485808,126.0
3486608,126.0
3487584,126.0
3488656,122.0
3488688,120.0
3488896,49.0
3490624,109.0
3492992,124.0
3495232,119.0
3496528,121.0
3497264,85.0
3499232,87.0
3499664,128.0
3499680,118.0
3500080,120.0
3503168,123.0
3505584,116.0
3506464,122.0
3506768,118.0
3506864,122.0
3508304,131.0
3509520,122.0
3510368,125.0
3510944,125.0
3511456,123.0
3511920,122.0
3514080,125.0
3514400,126.0
3515056,120.0
3516064,103.0
3516208,122.0
3518144,136.0
3519136,125.0
3520880,119.0
3521696,118.0
3522592,120.0
3523360,119.0
3524480,123.0
3525328,124.0
3525840,120.0
3526960,130.0
3527168,57.0
3527440,69.0
3528480,123.0
3530480,121.0
3530800,126.0
3530976,121.0
3531312,17.0
3533120,99.0
3533136,125.0
3533504,124.0
3535424,121.0
3535520,127.0
3536736,123.0
3536832,118.0
3537040,119.0
3537728,119.0
3538112,120.0
3538528,120.0
3538992,125.0
3540336,122.0
3543504,123.0
3546128,122.0
3546272,122.0
3546880,127.0
3547088,126.0
3547104,62.0
3547216,118.0
3547392,116.0
3547568,121.0
3547712,128.0
3550096,4.0
3550752,128.0
3553296,118.0
3555088,58.0
3556560,114.0
3556880,122.0
3557264,117.0
3558016,121.0
3558304,125.0
3560592,123.0
3561904,124.0
3563152,123.0
3563952,124.0
3564432,121.0
3566128,121.0
3566160,128.0
3566480,119.0
3566624,59.0
3566896,129.0
3568016,122.0
3568048,124.0
3569664,118.0
3570000,121.0
3572624,125.0
3573008,120.0
3575232,93.0
3576496,126.0
3577632,117.0
3578128,128.0
3578736,113.0
3579728,39.0
3582384,116.0
3582448,125.0
3583344,126.0
3585440,124.0
3586288,123.0
3588208,71.0
3589536,122.0
3591648,124.0
3591776,130.0
3594064,86.0
3594816,120.0
3596384,121.0
3597200,124.0
3597408,35.0
3597984,116.0
3598704,125.0
3600848,117.0
3602176,130.0
3603040,115.0
3606576,121.0
3607664,115.0
3608800,122.0
3611184,116.0
3611856,19.0
3612144,119.0
3612576,131.0
3613968,121.0
3615456,120.0
3615600,122.0
3616624,91.0
3617616,117.0
3619664,129.0
3620016,61.0
3620848,115.0
3622704,121.0
3624176,114.0
3624912,62.0
3624960,117.0
3625504,120.0
3626352,126.0
3627520,82.0
3629600,118.0
3631648,87.0
3632000,120.0
3632048,87.0
3632896,122.0
3633200,35.0
3633648,125.0
3634464,114.0
3637440,126.0
3639616,65.0
3639888,119.0
3642240,122.0
3642832,109.0
3643168,118.0
3646688,115.0
3647360,120.0
3653888,122.0
3654640,126.0
3655440,123.0
3657200,124.0
3657776,126.0
3657936,130.0
3658768,128.0
3660944,126.0
3660976,120.0
3661312,123.0
3663536,30.0
3664016,120.0
3666640,119.0
3668128,35.0
3670272,124.0
3670464,122.0
3671696,118.0
3672080,126.0
3672368,71.0
3674480,128.0
3675632,124.0
3675936,121.0
3680192,119.0
3680368,128.0
3681696,119.0
3682016,23.0
3682688,118.0
3683072,121.0
3683552,93.0
3684272,125.0
3684560,63.0
3684832,26.0
3684928,130.0
3685696,126.0
3686640,123.0
3686928,121.0
3687296,127.0
3687440,86.0
3688464,120.0
3689600,122.0
3693040,116.0
3694224,92.0
3694288,91.0
3694336,121.0
3695744,120.0
3697824,86.0
3698000,78.0
3699600,122.0
3700208,130.0
3700288,125.0
3701024,130.0
3703232,123.0
3703600,127.0
3706016,129.0
3706240,93.0
3706768,124.0
3707328,121.0
3707328,122.0
3708160,123.0
3709792,120.0
3710512,26.0
3710512,58.0
3710864,121.0
3711152,88.0
3713808,121.0
3714048,121.0
3714864,123.0
3716640,125.0
3716976,130.0
3717616,121.0
3720224,124.0
3720464,119.0
3720576,121.0
3721152,124.0
3723824,127.0
3724720,123.0
3724784,130.0
3727360,124.0
3727648,125.0
3730160,128.0
3732224,128.0
3733888,88.0
3734816,121.0
3737648,127.0
3740176,123.0
3740912,123.0
3742272,121.0
3742784,89.0
3743664,36.0
3744528,127.0
3745104,121.0
3748048,124.0
3750928,130.0
3752128,119.0
3753984,84.0
3755472,107.0
3756208,125.0
3760240,120.0
3760432,128.0
3760960,125.0
3761984,122.0
3762608,122.0
3765504,65.0
3766640,125.0
3767984,122.0
3768464,92.0
3771776,122.0
3774384,118.0
3775440,126.0
3777632,125.0
3777856,123.0
3777904,120.0
3779936,124.0
3781200,131.0
3783648,116.0
3784768,124.0
3785184,126.0
3785664,119.0
3787184,125.0
3788416,127.0
3789360,124.0
3789600,130.0
3789968,100.0
3790816,122.0
3791920,89.0
3792112,133.0
3793472,120.0
3794640,38.0
3796064,131.0
3796704,125.0
3798576,122.0
3800256,122.0
3801440,118.0
3801552,125.0
3801760,130.0
3801920,121.0
3803200,123.0
3803728,120.0
3803856,124.0
3804848,98.0
3805408,127.0
3805456,127.0
3805600,95.0
3807456,127.0
3810688,91.0
3815696,131.0
3817904,125.0
3818080,127.0
3819312,126.0
3821840,128.0
3821888,129.0
3822112,121.0
3825968,122.0
3826720,33.0
3826832,87.0
3828240,130.0
3828912,130.0
3829648,140.0
3830016,93.0
3830320,132.0
3830448,128.0
3832224,130.0
3832480,126.0
3832544,122.0
3832768,124.0
3835360,90.0
3835360,128.0
3840544,111.0
3844576,120.0
3846784,128.0
3847504,130.0
3848032,127.0
3848208,132.0
3852752,122.0
3853744,125.0
3856000,126.0
3856672,127.0
3858944,123.0
3860624,124.0
3864080,125.0
3866928,122.0
3867616,120.0
3868752,131.0
3869152,30.0
3870320,130.0
3870736,128.0
3872864,130.0
3874864,127.0
3875408,125.0
3877296,133.0
3877472,129.0
3878304,123.0
3880192,122.0
3883776,87.0
3884832,123.0
3884928,130.0
3887248,122.0
3887776,131.0
3888688,125.0
3889296,130.0
3890832,120.0
3891296,128.0
3891328,127.0
3893792,127.0
3895328,125.0
3898720,129.0
3900224,124.0
3902432,120.0
3904752,121.0
3905536,123.0
3906416,120.0
3907168,130.0
3907504,128.0
3908304,132.0
3908624,127.0
3909984,129.0
3910096,126.0
3912992,129.0
3914304,132.0
3915200,123.0
3915744,133.0
3916304,130.0
3916784,54.0
3917152,125.0
3920480,124.0
3920736,138.0
3924288,121.0
3925376,132.0
3927104,128.0
3930464,129.0
3930960,94.0
3931184,128.0
3933408,119.0
3936032,122.0
3937728,130.0
3938400,126.0
3939840,74.0
3941088,129.0
3941888,126.0
3942912,93.0
3943104,129.0
3944320,127.0
3944448,124.0
3944752,123.0
3944832,128.0
3945552,128.0
3946512,124.0
3947872,126.0
3953776,128.0
3955536,121.0
3956240,125.0
3957008,126.0
3959168,127.0
3959232,127.0
3961760,124.0
3962720,128.0
3964240,128.0
3969376,129.0
3969504,124.0
3969888,123.0
3972208,125.0
3972512,123.0
3976048,123.0
3976448,121.0
3976592,130.0
3976912,131.0
3977904,90.0
3982448,146.0
3984640,127.0
3985520,124.0
3985920,124.0
3986016,120.0
3986944,129.0
3987456,119.0
3988048,124.0
3988528,128.0
3991216,122.0
3991776,131.0
3991776,125.0
3992624,131.0
3994432,125.0
3995328,123.0
3996640,128.0
3996736,124.0
3997936,128.0
3998336,121.0
3998432,125.0
3998848,122.0
4000256,128.0
4000384,128.0
4001952,122.0
4002048,129.0
4003792,123.0
4008624,42.0
4012656,122.0
4013568,122.0
4015504,121.0
4016256,126.0
4016448,120.0
4019072,126.0
4019216,122.0
4019808,123.0
4022800,124.0
4023264,121.0
4023584,122.0
4024928,25.0
4025520,93.0
4026768,123.0
4026800,92.0
4027616,129.0
4027664,91.0
4030544,120.0
4032672,125.0
4032928,87.0
4033648,126.0
4034144,128.0
4034848,123.0
4035744,129.0
4037280,129.0
4037568,125.0
4039312,123.0
4040864,124.0
4041232,123.0
4042032,128.0
4042144,120.0
4045328,118.0
4048832,123.0
4049856,123.0
4050880,119.0
4052608,123.0
4054304,118.0
4054416,124.0
4055552,120.0
4056240,121.0
4056624,128.0
4057904,123.0
4057984,122.0
4058176,124.0
4059616,121.0
4060688,125.0
4062592,121.0
4065088,126.0
4065136,118.0
4065280,86.0
4065408,123.0
4067184,117.0
4068464,123.0
4068672,124.0
4068736,128.0
4068976,120.0
4069344,128.0
4069776,125.0
4070352,124.0
4072128,117.0
4072864,120.0
4074192,126.0
4076384,121.0
4076816,118.0
4077760,124.0
4079440,123.0
4081040,126.0
4084240,119.0
4084912,117.0
4086272,123.0
4086448,121.0
4086816,122.0
4087408,120.0
4087584,123.0
4090096,129.0
4090224,125.0
4091168,125.0
4092528,88.0
4097024,123.0
4098720,121.0
4099104,91.0
4101248,127.0
4102720,127.0
4104512,115.0
4104640,122.0
4105312,118.0
4105888,122.0
4108160,121.0
4108592,127.0
4112128,121.0
4112384,121.0
4113424,129.0
4117760,123.0
4119280,121.0
4121312,122.0
4121904,107.0
4121936,120.0
4122112,123.0
4122464,125.0
4123104,121.0
4123600,123.0
4124912,125.0
4125488,124.0
4126032,116.0
4127232,125.0
4127344,123.0
4127376,122.0
4128304,68.0
4129120,122.0
4129200,124.0
4129808,88.0
4131040,117.0
4131888,125.0
4133120,118.0
4134384,126.0
4134544,119.0
4134576,123.0
4135328,85.0
4135504,131.0
4135568,124.0
4137872,121.0
4138752,125.0
4139312,126.0
4140032,119.0
4140832,120.0
4141568,114.0
4142512,116.0
4142688,125.0
4142832,124.0
4142880,83.0
4144384,118.0
4145104,125.0
4146208,124.0
4148608,116.0
4149536,129.0
4149776,128.0
4150512,125.0
4157152,120.0
4158768,122.0
4161184,126.0
4163680,120.0
4167344,86.0
4167952,123.0
4169456,117.0
4170096,128.0
4170800,121.0
4171264,123.0
4171472,122.0
4172896,124.0
4172912,123.0
4176112,123.0
4176496,126.0
4178400,125.0
4182160,129.0
4183152,115.0
4183296,122.0
4184352,120.0
4186768,122.0
4187232,120.0
4189008,128.0
4189728,87.0
4192560,124.0
4193904,123.0
4194016,123.0
4195280,118.0
4195456,122.0
4195904,121.0
4197520,122.0
4198192,126.0
4198736,124.0
4199552,130.0
4201184,122.0
4201488,86.0
4204496,126.0
4206016,121.0
4206944,127.0
4208480,122.0
4210304,123.0
4210416,35.0
4210496,120.0
4211968,101.0
4217424,123.0
4217872,122.0
4218720,118.0
4222720,124.0
4224512,123.0
4224608,122.0
4224640,120.0
4224688,121.0
4226192,30.0
4228144,118.0
4228288,126.0
4229344,24.0
4229440,123.0
4230432,121.0
4230704,85.0
4231488,82.0
4231728,121.0
4232752,119.0
4235024,26.0
4237616,118.0
4238576,123.0
4238624,121.0
4238896,119.0
4240432,126.0
4242464,118.0
4243632,49.0
4245136,123.0
4245664,120.0
4246624,131.0
4247168,124.0
4247584,120.0
4248464,117.0
4248848,131.0
4249168,115.0
4249440,121.0
4250080,120.0
4250768,117.0
4251520,92.0
4252000,119.0
4252368,121.0
4252656,120.0
4252928,115.0
4253312,29.0
4253840,123.0
4254736,120.0
4255040,119.0
4255424,118.0
4256256,122.0
4256640,119.0
4258656,121.0
4259776,122.0
4259856,120.0
4262464,122.0
4263696,124.0
4263840,120.0
4263920,117.0
4266192,124.0
4266704,122.0
4266944,119.0
4267248,130.0
4269792,123.0
4271184,122.0
4272960,117.0
4274096,117.0
4274480,128.0
4276448,118.0
4279760,88.0
4280704,117.0
4281152,122.0
4282176,117.0
4283008,102.0
4283152,92.0
4285440,123.0
4286400,121.0
4286688,120.0
4286976,129.0
4287200,120.0
4287472,126.0
4288992,124.0
4289024,123.0
4289120,118.0
4289184,120.0
4290144,122.0
4291360,117.0
4292528,124.0
4293776,133.0
4293840,44.0
4295264,125.0
4297312,120.0
4297680,120.0
4298064,125.0
4301216,123.0
4303440,117.0
4307152,128.0
4307936,123.0
4308000,117.0
4308848,123.0
4309472,119.0
4309616,125.0
4310672,121.0
4310896,120.0
4310960,125.0
4311504,118.0
4314112,86.0
4314288,123.0
4314352,123.0
4314512,121.0
4314832,24.0
4315584,115.0
4317888,123.0
4318080,127.0
4320288,122.0
4320592,87.0
4321056,96.0
4323008,121.0
4324528,120.0
4325408,116.0
4326816,71.0
4328144,121.0
4328896,116.0
4330192,125.0
4330208,86.0
4330928,116.0
4331344,118.0
4332288,120.0
4332496,24.0
4334224,119.0
4334560,124.0
4335600,118.0
4335712,120.0
4337152,120.0
4339520,124.0
4341344,123.0
4342736,119.0
4343248,124.0
4344432,121.0
4344528,121.0
4346336,123.0
4346912,121.0
4347952,123.0
4349872,117.0
4352224,113.0
4352544,90.0
4353024,91.0
4354832,122.0
4355040,119.0
4355904,120.0
4357008,120.0
4357440,119.0
4358496,127.0
4358912,124.0
4359328,109.0
4362512,122.0
4365376,118.0
4368400,125.0
4368976,118.0
4371456,120.0
4371616,90.0
4373808,125.0
4374944,121.0
4376832,119.0
4378336,120.0
4378720,121.0
4379152,121.0
4380416,120.0
4381600,118.0
4384192,60.0
4384512,25.0
4387808,123.0
4388512,120.0
4389200,124.0
4395808,119.0
4396464,116.0
4398176,119.0
4398736,27.0
4399536,127.0
4404192,123.0
4405360,35.0
4405888,123.0
4408368,61.0
4408560,119.0
4408816,118.0
4410368,123.0
4411728,118.0
4412128,120.0
4412832,124.0
4414224,119.0
4414944,27.0
4415472,120.0
4416432,121.0
4419152,105.0
4419504,29.0
4420032,125.0
4420048,125.0
4421344,120.0
4421456,118.0
4421472,120.0
4422480,129.0
4423600,127.0
4425024,124.0
4428432,120.0
4429008,117.0
4429936,126.0
4430064,118.0
4430688,122.0
4432096,116.0
4433520,124.0
4434000,122.0
4434224,115.0
4434272,30.0
4437232,119.0
4437328,118.0
4437552,120.0
4439168,117.0
4441136,121.0
4443648,100.0
4443872,122.0
4445072,123.0
4446448,119.0
4448768,125.0
4453568,119.0
4454432,124.0
4455728,116.0
4457136,120.0
4457200,117.0
4457424,117.0
4458736,26.0
4459424,124.0
4460800,121.0
4461776,123.0
4462288,118.0
4462784,117.0
4462800,83.0
4466416,121.0
4468896,123.0
4469552,120.0
4470160,115.0
4470320,119.0
4470608,124.0
4473664,128.0
4473680,121.0
4475408,124.0
4475488,117.0
4476560,126.0
4477152,123.0
4477232,130.0
4478928,125.0
4479296,89.0
4480704,114.0
4480816,115.0
4480928,115.0
4482512,120.0
4482816,116.0
4484432,121.0
4484512,124.0
4485616,122.0
4486352,124.0
4486384,119.0
4486496,116.0
4486768,117.0
4489616,122.0
4490448,118.0
4490912,122.0
4491632,122.0
4496080,85.0
4497088,122.0
4498240,113.0
4499440,124.0
4499616,117.0
4500064,123.0
4500400,124.0
4500896,126.0
4501184,86.0
4501280,119.0
4501920,120.0
4502464,121.0
4502976,115.0
4503904,118.0
4504752,107.0
4510864,122.0
4510992,119.0
4511744,121.0
4512656,121.0
4512672,117.0
4512896,128.0
4514384,120.0
4516096,86.0
4516240,120.0
4516256,124.0
4516416,29.0
4518432,113.0
4518880,118.0
4521712,117.0
4522272,122.0
4522672,120.0
4523392,118.0
4525968,125.0
4527216,116.0
4527248,121.0
4528736,116.0
4530816,122.0
4532432,122.0
4532832,123.0
4532960,123.0
4534416,122.0
4535792,119.0
4537152,116.0
4538144,123.0
4538176,124.0
4539872,62.0
4539936,119.0
4540000,122.0
4541696,118.0
4543792,119.0
4544128,116.0
4546432,122.0
4546528,121.0
4547968,121.0
4550896,120.0
4551472,128.0
4554496,124.0
4555808,123.0
4557072,118.0
4558096,121.0
4558288,126.0
4562000,124.0
4562768,38.0
4563216,118.0
4564400,123.0
4565472,128.0
4565488,120.0
4566800,125.0
4569904,125.0
4570208,62.0
4570496,126.0
4571168,123.0
4572176,121.0
4574768,123.0
4575520,126.0
4576464,129.0
4578448,126.0
4579232,114.0
4582592,132.0
4583632,126.0
4584224,101.0
4585456,120.0
4586384,126.0
4592016,100.0
4593408,126.0
4593456,91.0
4594544,113.0
4595040,125.0
4595728,125.0
4596256,123.0
4598016,123.0
4598048,120.0
4600944,123.0
4601648,125.0
4601952,123.0
4605296,126.0
4607888,123.0
4609120,118.0
4609824,121.0
4610192,117.0
4611264,119.0
4612368,119.0
4612496,127.0
4612880,124.0
4614096,120.0
4614640,129.0
4615024,59.0
4616880,129.0
4617728,122.0
4618992,127.0
4619600,122.0
4619680,125.0
4622112,123.0
4622192,126.0
4623440,122.0
4625584,116.0
4626832,118.0
4628160,121.0
4629248,129.0
4629616,122.0
4629856,119.0
4630064,123.0
4630784,121.0
4630800,117.0
4631776,119.0
4631952,92.0
4632768,123.0
4633408,125.0
4633568,121.0
4635328,118.0
4635552,122.0
4637280,136.0
4639280,116.0
4640000,125.0
4640112,22.0
4640448,120.0
4640496,122.0
4640832,122.0
4641504,121.0
4643616,126.0
4644928,131.0
4647168,117.0
4648784,120.0
4648976,124.0
4649664,119.0
4650736,124.0
4650816,122.0
4651856,110.0
4652400,123.0
4652640,126.0
4654416,126.0
4656064,89.0
4657808,118.0
4658384,126.0
4658432,88.0
4658848,127.0
4659664,125.0
4661456,124.0
4661552,120.0
4662032,121.0
4663248,121.0
4664064,120.0
4665024,120.0
4665344,132.0
4667568,120.0
4668288,95.0
4672864,123.0
4673440,126.0
4677584,125.0
4678032,119.0
4678080,120.0
4680736,121.0
4681248,129.0
4681648,118.0
4682784,124.0
4683584,121.0
4683872,89.0
4684208,122.0
4684240,118.0
4684736,123.0
4685552,121.0
4686304,123.0
4687472,124.0
4687808,121.0
4688768,121.0
4689712,123.0
4689856,120.0
4691456,26.0
4692384,132.0
4693424,117.0
4694224,120.0
4697520,120.0
4698624,120.0
4699616,120.0
4700592,126.0
4700608,120.0
4701088,117.0
4701600,119.0
4703088,119.0
4704144,116.0
4704240,124.0
4705440,116.0
4707648,114.0
4707760,117.0
4709760,38.0
4710336,127.0
4710880,124.0
4711264,119.0
4711440,120.0
4712784,119.0
4713392,124.0
4713856,118.0
4715968,120.0
4715984,38.0
4716384,117.0
4716512,123.0
4717232,119.0
4721312,101.0
4721552,63.0
4723216,113.0
4723984,119.0
4724448,116.0
4724688,125.0
4724880,117.0
4726512,68.0
4728256,120.0
4728512,123.0
4728704,119.0
4730400,122.0
4730672,123.0
4735648,117.0
4735760,117.0
4738784,113.0
4741184,125.0
4742032,120.0
4742224,127.0
4744016,119.0
4744432,117.0
4745392,125.0
4746528,124.0
4747392,123.0
4747600,121.0
4747840,117.0
4748912,121.0
4749120,121.0
4749440,124.0
4749632,123.0
4749632,129.0
4750096,123.0
4751152,119.0
4751328,117.0
4751616,117.0
4751968,125.0
4752592,114.0
4752976,122.0
4753056,124.0
4753168,120.0
4754848,122.0
4755120,116.0
4755440,117.0
4756208,126.0
4756720,123.0
4758896,122.0
4759776,120.0
4760128,121.0
4763312,118.0
4763728,120.0
4763824,125.0
4765680,99.0
4766912,122.0
4767360,31.0
4770752,119.0
4771040,127.0
4777584,131.0
4778464,91.0
4780928,122.0
4781712,119.0
4786560,122.0
4786640,122.0
4788496,122.0
4788864,122.0
4790320,123.0
4791072,134.0
4792416,122.0
4793712,117.0
4794208,104.0
4795248,117.0
4795744,128.0
4795936,118.0
4796128,119.0
4799952,121.0
4801440,118.0
4803552,122.0
4804032,94.0
4808208,124.0
4808496,115.0
4808576,116.0
4808880,114.0
4808912,108.0
4811824,116.0
4812176,125.0
4812704,120.0
4813712,123.0
4814352,117.0
4818160,86.0
4819008,117.0
4819728,121.0
4819888,125.0
4821568,85.0
4821744,121.0
4821808,117.0
4822192,104.0
4823136,121.0
4823504,123.0
4823808,123.0
4824784,116.0
4825040,121.0
4827120,126.0
4827392,120.0
4827728,117.0
4828592,117.0
4829424,89.0
4830976,88.0
4832976,118.0
4834384,124.0
4835792,122.0
4835904,117.0
4837920,120.0
4838704,120.0
4839632,122.0
4839680,118.0
4845728,89.0
4846384,119.0
4847328,125.0
4850896,118.0
4851968,85.0
4851984,126.0
4852112,116.0
4852208,124.0
4853664,119.0
4855728,124.0
4857504,122.0
4859184,121.0
4860944,122.0
4862096,123.0
4862800,128.0
4862960,131.0
4865472,121.0
4866480,122.0
4867344,122.0
4868496,124.0
4869072,121.0
4871568,124.0
4872800,128.0
4879136,125.0
4880304,123.0
4882288,122.0
4886224,120.0
4889520,124.0
4889536,119.0
4889744,119.0
4890208,126.0
4890768,117.0
4890880,167.0
4892384,124.0
4892560,120.0
4892944,94.0
4893280,85.0
4893568,128.0
4893584,123.0
4897376,128.0
4899616,117.0
4900224,127.0
4901184,118.0
4901488,119.0
4901584,125.0
4903136,123.0
4904512,122.0
4906704,125.0
4906768,123.0
4907456,125.0
4908048,118.0
4911376,126.0
4912352,130.0
4917696,127.0
4918192,125.0
4919536,121.0
4920352,124.0
4921408,90.0
4921792,124.0
4921952,123.0
4923072,124.0
4924992,119.0
4925344,117.0
4926272,128.0
4928208,121.0
4928528,119.0
4928704,125.0
4929504,128.0
4929712,122.0
4929840,123.0
4931072,122.0
4931712,115.0
4931840,66.0
4932448,115.0
4933040,118.0
4933792,127.0
4935632,117.0
4935888,131.0
4939504,124.0
4939840,121.0
4939856,123.0
4940176,122.0
4943408,90.0
4943440,122.0
4945168,125.0
4946448,123.0
4946640,119.0
4950528,117.0
4952832,126.0
4954112,116.0
4955056,117.0
4957184,116.0
4959968,122.0
4961200,116.0
4962384,14.0
4962768,121.0
4963984,122.0
4964240,120.0
4965200,125.0
4965712,120.0
4965808,117.0
4968560,124.0
4968784,120.0
4969440,124.0
4970048,124.0
4973600,121.0
4975808,123.0
4976304,119.0
4977856,117.0
4979072,119.0
4979552,130.0
4981200,120.0
4981312,119.0
4984992,123.0
4989680,116.0
4990608,122.0
4991392,119.0
4992560,117.0
4993376,127.0
4993680,120.0
4993824,121.0
4993872,115.0
4995776,114.0
4996864,116.0
4997040,125.0
4997296,102.0
4998736,54.0
5000960,115.0
5002320,131.0
5004080,120.0
5006640,114.0
5006768,129.0
5007680,120.0
5010208,123.0
5011264,121.0
5011632,121.0
5013936,121.0
5014784,31.0
5018000,123.0
5018288,120.0
5018352,119.0
5019456,34.0
5020080,119.0
5021056,120.0
5023248,124.0
5023952,124.0
5024864,27.0
5025536,120.0
5026672,119.0
5028528,120.0
5030912,116.0
5032144,123.0
5034464,118.0
5034528,124.0
5034896,118.0
5035088,110.0
5035344,117.0
5035552,117.0
5036320,119.0
5037104,117.0
5037360,118.0
5037520,114.0
5039360,118.0
5042976,125.0
5043904,120.0
5044544,116.0
5047024,115.0
5047040,119.0
5047872,86.0
5048272,124.0
5048720,116.0
5049344,125.0
5050016,121.0
5050256,125.0
5052256,120.0
5053056,126.0
5054096,116.0
5054256,122.0
5054688,122.0
5055008,101.0
5056560,38.0
5057200,122.0
5061344,123.0
5062112,121.0
5063920,115.0
5067392,125.0
5067424,117.0
5069392,120.0
5071344,119.0
5072064,118.0
5073392,117.0
5074352,116.0
5075664,125.0
5077984,121.0
5078064,123.0
5079184,123.0
5079264,121.0
5081568,119.0
5081664,122.0
5081696,120.0
5082640,118.0
5082768,119.0
5082800,119.0
5088240,121.0
5089008,120.0
5090128,126.0
5091760,117.0
5092704,122.0
5092848,122.0
5092976,119.0
5093520,121.0
5094080,129.0
5096480,119.0
5099264,27.0
5100048,124.0
5102352,124.0
5104112,124.0
5105344,122.0
5105760,125.0
5106208,124.0
5106464,124.0
5107632,119.0
5108912,125.0
5109824,120.0
5114128,120.0
5114368,127.0
5114576,133.0
5114768,17.0
5117264,122.0
5117504,118.0
5117984,128.0
5120464,119.0
5120704,120.0
5121040,117.0
5123440,124.0
5128016,120.0
5128880,123.0
5130960,124.0
5131456,117.0
5131504,128.0
5132224,123.0
5133904,117.0
5135120,121.0
5138592,121.0
5139040,124.0
5139520,125.0
5139952,123.0
5140128,120.0
5142160,124.0
5142384,124.0
5143104,122.0
5143456,120.0
5144640,122.0
5145216,123.0
5145696,123.0
5145760,123.0
5147120,120.0
5147392,118.0
5147632,40.0
5149248,116.0
5149456,121.0
5150176,119.0
5150416,123.0
5154528,126.0
5158048,120.0
5160016,120.0
5161424,119.0
5161664,126.0
5163888,126.0
5164944,119.0
5166560,125.0
5167088,120.0
5167328,122.0
5168768,125.0
5169744,92.0
5170464,119.0
5170864,122.0
5171024,122.0
5171184,118.0
5173968,123.0
5174448,119.0
5175152,122.0
5177184,114.0
5177952,118.0
5178048,123.0
5178768,123.0
5179376,131.0
5181568,124.0
5183024,125.0
5183760,115.0
5184688,122.0
5184816,123.0
5187056,122.0
5188288,122.0
5188752,122.0
5189808,122.0
5194432,122.0
5195360,117.0
5197360,128.0
5201840,120.0
5202640,124.0
5203664,117.0
5206112,118.0
5207056,120.0
5207648,120.0
5208016,117.0
5208064,117.0
5208720,125.0
5209664,119.0
5212976,122.0
5213232,123.0
5213520,119.0
5213680,121.0
5216048,124.0
5217232,117.0
5218192,124.0
5218496,116.0
5218816,128.0
5218816,121.0
5219792,85.0
5221600,128.0
5222080,119.0
5224352,120.0
5225984,124.0
5227232,120.0
5227568,116.0
5229168,121.0
5229536,126.0
5235312,119.0
5236384,119.0
5238432,116.0
5238512,84.0
5240128,119.0
5240368,128.0
5241888,125.0
5243648,120.0
5246016,116.0
5247104,117.0
5247424,82.0
5247424,116.0
5247520,119.0
5248096,115.0
5248384,122.0
5249104,118.0
5251136,120.0
5254096,91.0
5254112,121.0
5255440,116.0
5257040,118.0
5258368,119.0
5260640,124.0
5261520,118.0
5262736,123.0
5266048,119.0
5268752,120.0
5268896,119.0
5269280,121.0
5269520,73.0
5269616,122.0
5269904,122.0
5273104,123.0
5273184,117.0
5273536,124.0
5274944,116.0
5276624,119.0
5276640,117.0
5277120,127.0
5277824,118.0
5279328,121.0
5282896,122.0
5283856,117.0
5287248,111.0
5288112,23.0
5288736,125.0
5289280,121.0
5290368,125.0
5290960,118.0
5291488,121.0
5291792,26.0
5293584,90.0
5294720,125.0
5295088,121.0
5295136,122.0
5295824,127.0
5296416,123.0
5297184,118.0
5297632,129.0
5298704,119.0
5300528,120.0
5300752,119.0
5301216,123.0
5302192,118.0
5302448,120.0
5303664,122.0
5304208,116.0
5307792,127.0
5308464,17.0
5311856,120.0
5312880,118.0
5314928,117.0
5315632,121.0
5316576,119.0
5316784,120.0
5317248,120.0
5317984,57.0
5319408,130.0
5319584,127.0
5324016,121.0
5327264,120.0
5328864,117.0
5329792,119.0
5330320,122.0
5330816,117.0
5331600,122.0
5332432,119.0
5332496,120.0
5333408,118.0
5335152,122.0
5335808,123.0
5335840,121.0
5336128,121.0
5337808,121.0
5339648,126.0
5342944,124.0
5343232,118.0
5344208,118.0
5346240,125.0
5346448,124.0
5346704,127.0
5348896,122.0
5350432,126.0
5352048,120.0
5352400,119.0
5353312,124.0
5355232,128.0
5356416,124.0
5357040,122.0
5357264,123.0
5357744,124.0
5358464,120.0
5362064,119.0
5362288,118.0
5364448,118.0
5368000,120.0
5371280,121.0
5372912,128.0
5374880,123.0
5375456,121.0
5375616,121.0
5377712,121.0
5378304,116.0
5380160,119.0
5380352,121.0
5380752,120.0
5381360,123.0
5382288,118.0
5382704,121.0
5384384,123.0
5385712,124.0
5387904,116.0
5389056,117.0
5389680,117.0
5389696,122.0
5389872,119.0
5390960,115.0
5391216,111.0
5391520,123.0
5392160,116.0
5392848,118.0
5393456,116.0
5396592,127.0
5400448,121.0
5400624,118.0
5401408,117.0
5403584,127.0
5405072,120.0
5406656,117.0
5407344,124.0
5409424,65.0
5411424,123.0
5412992,116.0
5415776,122.0
5416464,87.0
5417200,121.0
5417920,123.0
5418368,114.0
5418480,121.0
5418768,121.0
5422016,120.0
5422320,126.0
5422368,120.0
5423536,120.0
5424464,124.0
5425184,120.0
5426496,122.0
5429104,120.0
5429328,119.0
5431136,122.0
5434656,119.0
5434672,122.0
5436160,123.0
5436288,123.0
5436512,120.0
5436640,121.0
5438288,126.0
5438672,123.0
5440736,118.0
5440768,117.0
5441856,125.0
5444224,121.0
5446176,126.0
5446928,129.0
5447056,127.0
5447120,122.0
5447136,121.0
5450656,122.0
5451472,122.0
5455024,119.0
5458944,126.0
5459456,116.0
5460016,86.0
5461424,123.0
5461856,117.0
5463920,91.0
5465904,119.0
5466512,122.0
5467488,116.0
5468528,121.0
5470784,122.0
5470816,121.0
5471056,118.0
5472160,122.0
5472912,119.0
5473248,120.0
5473760,123.0
5474336,122.0
5476960,120.0
5477088,126.0
5477808,119.0
5478176,120.0
5480704,125.0
5481728,124.0
5482816,118.0
5482832,122.0
5482944,118.0
5483696,119.0
5484864,118.0
5484944,119.0
5486464,116.0
5486608,125.0
5487536,119.0
5488720,118.0
5489984,124.0
5491440,122.0
5494512,118.0
5494640,122.0
5494976,121.0
5495744,123.0
5495792,125.0
5497136,124.0
5498016,117.0
5499360,114.0
5500224,125.0
5500496,123.0
5501760,119.0
5501888,122.0
5502016,116.0
5504160,124.0
5505232,118.0
5506240,120.0
5506928,87.0
5507376,122.0
5508880,121.0
5512480,127.0
5512480,121.0
5512528,115.0
5512768,118.0
5514512,117.0
5514880,123.0
5516192,116.0
5519296,25.0
5520592,119.0
5520592,111.0
5521952,120.0
5523376,127.0
5524544,87.0
5524832,123.0
5525104,116.0
5526160,117.0
5526720,121.0
5526960,117.0
5527008,118.0
5528480,126.0
5528672,117.0
5530272,117.0
5530512,120.0
5534032,120.0
5535872,112.0
5536304,126.0
5538480,121.0
5539424,120.0
5539984,116.0
5540960,120.0
5542992,120.0
5544544,119.0
5547488,120.0
5548560,119.0
5549168,117.0
5552672,116.0
5554608,121.0
5555040,120.0
5555792,122.0
5556176,119.0
5556928,114.0
5559792,123.0
5560480,120.0
5563488,118.0
5564624,119.0
5566816,115.0
5566880,120.0
5567296,118.0
5570384,122.0
5571232,122.0
5571856,118.0
5572416,121.0
5573088,116.0
5573824,124.0
5574832,120.0
5575792,121.0
5576112,118.0
5579376,117.0
5579584,120.0
5579760,117.0
5580016,26.0
5581952,120.0
5581952,123.0
5582960,122.0
5583376,122.0
5583728,60.0
5583728,127.0
5585536,120.0
5586256,122.0
5587024,118.0
5589808,116.0
5590896,129.0
5590992,119.0
5592560,121.0
5594512,116.0
5594784,118.0
5597200,122.0
5597584,116.0
5601200,124.0
5601424,120.0
5602176,88.0
5602368,125.0
5602512,121.0
5603008,121.0
5603072,122.0
5605072,127.0
5606544,118.0
5608240,121.0
5608640,117.0
5608848,122.0
5609296,123.0
5618112,120.0
5619648,119.0
5621344,117.0
5621680,117.0
5622032,115.0
5622880,124.0
5624304,121.0
5624432,118.0
5625088,120.0
5627920,116.0
5629728,120.0
5629824,59.0
5629968,118.0
5630000,118.0
5630288,117.0
5631360,119.0
5633072,114.0
5642704,119.0
5643968,119.0
5646384,118.0
5647264,120.0
5647856,122.0
5651520,116.0
5652880,114.0
5654544,126.0
5655600,119.0
5656720,122.0
5656832,120.0
5657088,123.0
5658320,117.0
5659984,123.0
5660400,125.0
5662048,114.0
5662176,123.0
5662704,121.0
5663920,118.0
5664208,121.0
5665744,123.0
5667776,118.0
5669104,117.0
5669152,126.0
5669408,118.0
5669792,120.0
5670880,120.0
5671056,127.0
5672720,122.0
5672896,126.0
5674016,124.0
5674896,122.0
5675984,120.0
5676576,129.0
5677936,121.0
5678176,125.0
5678192,121.0
5679776,121.0
5680688,126.0
5681072,120.0
5681216,119.0
5681440,117.0
5683488,116.0
5684976,122.0
5685344,120.0
5687264,122.0
5687648,120.0
5687776,124.0
5688400,119.0
5690800,118.0
5691360,117.0
5691808,123.0
5693200,122.0
5694288,118.0
5695504,125.0
5697920,121.0
5699328,125.0
5700384,121.0
5701280,126.0
5702768,117.0
5704960,125.0
5707008,123.0
5708464,90.0
5708528,121.0
5710048,118.0
5712112,121.0
5714288,124.0
5714656,119.0
5715632,120.0
5716400,120.0
5716560,115.0
5720096,116.0
5720112,122.0
5721312,120.0
5722112,121.0
5727536,123.0
5727680,126.0
5728320,124.0
5728592,126.0
5729248,124.0
5729952,120.0
5731856,121.0
5733056,37.0
5733552,117.0
5733680,121.0
5733968,118.0
5734160,118.0
5734544,124.0
5735840,125.0
5736208,93.0
5737184,122.0
5737808,121.0
5738032,118.0
5738096,118.0
5738352,123.0
5738688,121.0
5739968,118.0
5740640,120.0
5741328,121.0
5742928,117.0
5743232,117.0
5743488,120.0
5744544,120.0
5744976,118.0
5745024,122.0
5746432,120.0
5746816,121.0
5747072,125.0
5747968,122.0
5750272,124.0
5751376,121.0
5752400,122.0
5754128,122.0
5756240,122.0
5758448,119.0
5758880,119.0
5759760,115.0
5761328,128.0
5761456,121.0
5762000,125.0
5764880,121.0
5765792,117.0
5766496,60.0
5766672,124.0
5769360,122.0
5773104,124.0
5773232,121.0
5774880,119.0
5775600,82.0
5776640,125.0
5777328,124.0
5777776,122.0
5781040,120.0
5782768,125.0
5783296,109.0
5784080,123.0
5787616,122.0
5788384,127.0
5789872,124.0
5791424,121.0
5793456,120.0
5794304,125.0
5794944,123.0
5795296,124.0
5795328,122.0
5795440,120.0
5797520,119.0
5797872,122.0
5799008,121.0
5800736,130.0
5801152,123.0
5801472,125.0
5801760,48.0
5801776,122.0
5802608,125.0
5804304,122.0
5804608,118.0
5805856,126.0
5808896,121.0
5809424,126.0
5809584,119.0
5812528,120.0
5816736,121.0
5816816,120.0
5818912,120.0
5822416,123.0
5822976,116.0
5823392,119.0
5823600,118.0
5823792,122.0
5825040,85.0
5825536,121.0
5825952,125.0
5827408,123.0
5828656,120.0
5829856,121.0
5830416,125.0
5830752,123.0
5833504,119.0
5834272,118.0
5836416,124.0
5836496,120.0
5837968,123.0
5840704,121.0
5840752,121.0
5845104,121.0
5847632,123.0
5847920,132.0
5847952,122.0
5848192,122.0
5848848,123.0
5850096,117.0
5851280,115.0
5852192,120.0
5852224,118.0
5853920,122.0
5857360,121.0
5857584,117.0
5858672,116.0
5862832,119.0
5862992,116.0
5865424,119.0
5865792,121.0
5866464,122.0
5866592,117.0
5868304,127.0
5868320,116.0
5869296,118.0
5870000,118.0
5870160,123.0
5872528,117.0
5872704,123.0
5873568,118.0
5873680,118.0
5876144,124.0
5877200,121.0
5877296,121.0
5880816,120.0
5884400,121.0
5885040,122.0
5885984,122.0
5886192,119.0
5886816,116.0
5887088,125.0
5892304,128.0
5893872,119.0
5895104,120.0
5895792,127.0
5897376,113.0
5897552,117.0
5900352,103.0
5900640,105.0
5901152,121.0
5902416,119.0
5904128,122.0
5907488,122.0
5908400,126.0
5909488,112.0
5910944,120.0
5911232,121.0
5911392,117.0
5913520,117.0
5914944,116.0
5915904,124.0
5916320,119.0
5917504,119.0
5917888,118.0
5918384,119.0
5919488,116.0
5920352,119.0
5925616,117.0
5928192,114.0
5930608,119.0
5930736,119.0
5931024,114.0
5932288,117.0
5932448,84.0
5932960,120.0
5936080,117.0
5936544,121.0
5936576,122.0
5937664,116.0
5939344,116.0
5939488,124.0
5939568,118.0
5940080,114.0
5940240,118.0
5943232,121.0
5943776,83.0
5944880,118.0
5944976,118.0
5947152,117.0
5948416,115.0
5950192,115.0
5950288,114.0
5950944,117.0
5951776,114.0
5953824,118.0
5954608,117.0
5954640,119.0
5954784,111.0
5957344,116.0
5959264,118.0
5960688,117.0
5961008,121.0
5961808,87.0
5962672,117.0
5963488,117.0
5963552,113.0
5964256,116.0
5964320,117.0
5964592,118.0
5965328,117.0
5965728,78.0
5967920,122.0
5968112,124.0
5969632,111.0
5969952,119.0
5971632,117.0
5974288,123.0
5974768,118.0
5975248,118.0
5976032,115.0
5978016,123.0
5978336,114.0
5979312,118.0
5980624,115.0
5982224,116.0
5983280,113.0
5985216,119.0
5985616,119.0
5985920,119.0
5986336,118.0
5986992,86.0
5987008,112.0
5987680,87.0
5989664,117.0
5990544,115.0
5991664,120.0
5993744,121.0
5994080,115.0
5995296,122.0
5997456,86.0
5997536,125.0
5997584,117.0
5998944,125.0
5999376,119.0
6000368,120.0
6001184,122.0
6002432,116.0
6003952,115.0
6006976,118.0
6008256,121.0
6009472,112.0
6009696,120.0
6011472,88.0
6011680,118.0
6011808,119.0
6012048,129.0
6013728,116.0
6013776,120.0
6017680,117.0
6018368,119.0
6018576,120.0
6023936,116.0
6024416,116.0
6026128,116.0
6028432,121.0
6029088,122.0
6029760,119.0
6033264,116.0
6035312,121.0
6035616,120.0
6036112,116.0
6036432,121.0
6037600,120.0
6039088,116.0
6043024,84.0
6045488,118.0
6045760,114.0
6047792,162.0
6048448,118.0
6048688,118.0
6050128,119.0
6050176,119.0
6051744,84.0
6052896,126.0
6053664,121.0
6054304,122.0
6054352,119.0
6054912,94.0
6055344,119.0
6057328,121.0
6060256,118.0
6060736,122.0
6061328,117.0
6066528,117.0
6068560,119.0
6068672,115.0
6069808,117.0
6072176,120.0
6073536,114.0
6076448,118.0
6076960,118.0
6083120,125.0
6083248,118.0
6083456,118.0
6083920,121.0
6084656,121.0
6086624,120.0
6087344,120.0
6087376,120.0
6087824,122.0
6088688,118.0
6088848,45.0
6091056,124.0
6094976,118.0
6098160,121.0
6101296,113.0
6102528,117.0
6103056,122.0
6104032,121.0
6104384,121.0
6104512,120.0
6104880,124.0
6105392,26.0
6107360,92.0
6108080,116.0
6108656,101.0
6110848,117.0
6111296,129.0
6111408,117.0
6111616,122.0
6115664,119.0
6115776,128.0
6116096,121.0
6116672,119.0
6117920,114.0
6118000,125.0
6118816,124.0
6118848,127.0
6119232,117.0
6122704,117.0
6122832,118.0
6123824,115.0
6126352,114.0
6127664,117.0
6128992,86.0
6129088,120.0
6129440,117.0
6131344,121.0
6133408,115.0
6133488,117.0
6134576,119.0
6135120,118.0
6136752,115.0
6137424,120.0
6140336,121.0
6141824,122.0
6142000,121.0
6143216,123.0
6144368,125.0
6144560,117.0
6145936,82.0
6146544,117.0
6146704,115.0
6146752,120.0
6147968,122.0
6148192,119.0
6149120,121.0
6151264,121.0
6151680,120.0
6151760,121.0
6153088,119.0
6153744,122.0
6156192,118.0
6157488,118.0
6159456,117.0
6160000,116.0
6160944,62.0
6161136,114.0
6162064,86.0
6162416,120.0
6164064,111.0
6164512,79.0
6166000,121.0
6167312,114.0
6167616,118.0
6168000,118.0
6168736,116.0
6169104,118.0
6173424,114.0
6174272,85.0
6175184,121.0
6178368,118.0
6178496,119.0
6179488,80.0
6180432,99.0
6182528,114.0
6185024,121.0
6185296,120.0
6185312,116.0
6185888,117.0
6188576,116.0
6188832,118.0
6189408,114.0
6189600,115.0
6191008,119.0
6191312,117.0
6192496,116.0
6192992,119.0
6193776,118.0
6193888,117.0
6195568,115.0
6197664,129.0
6198448,115.0
6199328,119.0
6202064,119.0
6203184,114.0
6203680,113.0
6204640,116.0
6204880,118.0
6206496,127.0
6206752,116.0
6207264,117.0
6207328,117.0
6208384,118.0
6209616,96.0
6213904,119.0
6215968,119.0
6216000,85.0
6216384,121.0
6216800,119.0
6219088,125.0
6220400,116.0
6220544,115.0
6221088,122.0
6222048,119.0
6222368,116.0
6222496,123.0
6222720,119.0
6224016,118.0
6226176,124.0
6226992,126.0
6227632,120.0
6227824,127.0
6228224,116.0
6231392,117.0
6233168,113.0
6233312,118.0
6234800,119.0
6235968,113.0
6237936,131.0
6239200,118.0
6239520,116.0
6240272,119.0
6241056,118.0
6242944,128.0
6243664,121.0
6245104,119.0
6246976,41.0
6247984,32.0
6250192,110.0
6251120,122.0
6253728,114.0
6254480,86.0
6254704,118.0
6255952,115.0
6257264,116.0
6257760,22.0
6263184,118.0
6264448,116.0
6264944,120.0
6267680,118.0
6267696,87.0
6268160,120.0
6268640,115.0
6268784,113.0
6270784,116.0
6272352,118.0
6272400,123.0
6273040,124.0
6274016,117.0
6274016,126.0
6274432,124.0
6275328,122.0
6278512,117.0
6278912,119.0
6281088,111.0
6282096,116.0
6282480,116.0
6282832,119.0
6283216,119.0
6283936,120.0
6284336,118.0
6286400,116.0
6286640,125.0
6287808,118.0
6287872,86.0
6289296,119.0
6289824,119.0
6289952,118.0
6290368,119.0
6293152,123.0
6293600,25.0
6296624,114.0
6298592,121.0
6299072,114.0
6300304,118.0
6300656,116.0
6301200,123.0
6301792,120.0
6302688,116.0
6304336,89.0
6306672,120.0
6307952,117.0
6309008,118.0
6309760,118.0
6310240,115.0
6310736,116.0
6311488,117.0
6312208,122.0
6313344,117.0
6314816,120.0
6319216,115.0
6319296,120.0
6319344,101.0
6320832,122.0
6322352,121.0
6324688,121.0
6325952,115.0
6326112,127.0
6326128,117.0
6326400,5.0
6328240,94.0
6328928,120.0
6331888,116.0
6334112,120.0
6334816,119.0
6337072,118.0
6337088,123.0
6339568,120.0
6340208,116.0
6340912,125.0
6342592,114.0
6344144,117.0
6344496,122.0
6344848,120.0
6344992,119.0
6346304,118.0
6348560,118.0
6349232,103.0
6349776,114.0
6350768,118.0
6353328,114.0
6353488,58.0
6354240,114.0
6355984,81.0
6357888,121.0
6359408,115.0
6359792,117.0
6359952,119.0
6362864,116.0
6365296,118.0
6366416,117.0
6367040,118.0
6367104,118.0
6371040,123.0
6371744,122.0
6372128,117.0
6372400,117.0
6372592,90.0
6372912,125.0
6375120,120.0
6376224,124.0
6376400,116.0
6376800,119.0
6378560,118.0
6378656,117.0
6380336,123.0
6380672,118.0
6383344,125.0
6384112,117.0
6384704,116.0
6386832,121.0
6386944,126.0
6387488,117.0
6388800,116.0
6389328,118.0
6391296,119.0
6391536,119.0
6392608,118.0
6395680,19.0
6395984,115.0
6396480,119.0
6397536,113.0
6398608,117.0
6399088,119.0
6401104,117.0
6406224,118.0
6406288,122.0
6409232,119.0
6409824,118.0
6409936,120.0
6412352,119.0
6413056,117.0
6413072,126.0
6413328,113.0
6413440,115.0
6415456,111.0
6416064,126.0
6421360,55.0
6423088,118.0
6424016,124.0
6424128,119.0
6424944,120.0
6427360,121.0
6427536,118.0
6428176,119.0
6428848,124.0
6431136,125.0
6431792,117.0
6434304,118.0
6434960,119.0
6437504,117.0
6438320,115.0
6438400,112.0
6438880,116.0
6440848,85.0
6441728,117.0
6441840,117.0
6441888,117.0
6442128,117.0
6442880,120.0
6443184,116.0
6444512,122.0
6446048,120.0
6447968,118.0
6448464,120.0
6448800,118.0
6448944,117.0
6455232,118.0
6456048,118.0
6456944,116.0
6457472,123.0
6457520,120.0
6458864,117.0
6459136,120.0
6459200,119.0
6459344,122.0
6460832,120.0
6461120,61.0
6465632,116.0
6465888,116.0
6469712,119.0
6470352,116.0
6471728,116.0
6473872,119.0
6476480,120.0
6476784,120.0
6477792,120.0
6477952,116.0
6481088,98.0
6481200,129.0
6482576,117.0
6483120,120.0
6483792,81.0
6487200,117.0
6488560,98.0
6489792,118.0
6490400,120.0
6490768,117.0
6495312,116.0
6496720,115.0
6497152,118.0
6498240,116.0
6498656,118.0
6502272,122.0
6502480,30.0
6502480,116.0
6505088,118.0
6505152,117.0
6507552,123.0
6508640,120.0
6508640,116.0
6511456,116.0
6512160,122.0
6512192,118.0
6512224,115.0
6513232,119.0
6518336,121.0
6522416,88.0
6522928,120.0
6525248,115.0
6525584,116.0
6525744,118.0
6526544,118.0
6528640,114.0
6529104,125.0
6529232,115.0
6531088,119.0
6534128,119.0
6535264,121.0
6536192,113.0
6536240,122.0
6536240,116.0
6539072,117.0
6541856,117.0
6542400,118.0
6544384,121.0
6544432,121.0
6545248,119.0
6546864,116.0
6547392,117.0
6548096,126.0
6549872,116.0
6550192,98.0
6550560,126.0
6551552,115.0
6552992,118.0
6553136,123.0
6554320,125.0
6557792,121.0
6558928,127.0
6559840,124.0
6560064,73.0
6561520,125.0
6562336,122.0
6563984,123.0
6564224,122.0
6564528,116.0
6564832,115.0
6565040,120.0
6566240,126.0
6566304,89.0
6566736,119.0
6568400,121.0
6568656,125.0
6569440,118.0
6571360,122.0
6572224,114.0
6575664,124.0
6575872,124.0
6577696,121.0
6578464,116.0
6580448,118.0
6581280,121.0
6584160,120.0
6584784,117.0
6584816,120.0
6585792,126.0
6586544,121.0
6589200,124.0
6591952,118.0
6592016,121.0
6592080,127.0
6594688,120.0
6594848,117.0
6597152,116.0
6598288,119.0
6598912,118.0
6601808,114.0
6605408,119.0
6606320,115.0
6607872,120.0
6609072,117.0
6609968,68.0
6613520,116.0
6614336,124.0
6616992,118.0
6617056,117.0
6617664,125.0
6620464,123.0
6620560,119.0
6620592,118.0
6620624,122.0
6623456,117.0
6624144,126.0
6624960,116.0
6625504,119.0
6625552,125.0
6626000,122.0
6626112,119.0
6627680,114.0
6627728,122.0
6629600,115.0
6629632,119.0
6630448,119.0
6630560,119.0
6631248,86.0
6631248,118.0
6631360,121.0
6632016,115.0
6633648,117.0
6634656,88.0
6634928,122.0
6634976,121.0
6635568,89.0
6638640,129.0
6639440,89.0
6640928,122.0
6641984,119.0
6642080,120.0
6643008,116.0
6644448,116.0
6644976,117.0
6645488,114.0
6645776,119.0
6647008,112.0
6648144,123.0
6650224,119.0
6651488,119.0
6651664,114.0
6652944,119.0
6653632,116.0
6653968,119.0
6654160,117.0
6656224,124.0
6658736,118.0
6662288,120.0
6662608,90.0
6663232,113.0
6666064,116.0
6666096,116.0
6667744,117.0
6667760,120.0
6668448,120.0
6668784,120.0
6668816,120.0
6669104,118.0
6671712,124.0
6671984,118.0
6673264,121.0
6673952,119.0
6674624,66.0
6676032,37.0
6677504,124.0
6678016,121.0
6679232,119.0
6679472,118.0
6681056,123.0
6683024,125.0
6683280,122.0
6687696,118.0
6687712,124.0
6688064,115.0
6691136,119.0
6694736,117.0
6695984,121.0
6696000,123.0
6697824,113.0
6698304,120.0
6698848,121.0
6699584,118.0
6701088,120.0
6702016,119.0
6703232,122.0
6704432,118.0
6706096,117.0
6706624,119.0
6710896,121.0
6711296,122.0
6712368,114.0
6713200,116.0
6715600,115.0
6715904,117.0
6717216,126.0
6720288,119.0
6721472,121.0
6725040,87.0
6725584,116.0
6725744,63.0
6726416,123.0
6729280,117.0
6729920,121.0
6730208,119.0
6731392,127.0
6733888,120.0
6734384,29.0
6735648,123.0
6736688,115.0
6739728,116.0
6741120,125.0
6742896,122.0
6742992,125.0
6743648,124.0
6744416,121.0
6744656,122.0
6746448,117.0
6746560,120.0
6747616,119.0
6747696,121.0
6747968,120.0
6748448,121.0
6750016,119.0
6753600,122.0
6753760,123.0
6754128,119.0
6755200,125.0
6757616,119.0
6758240,118.0
6758304,119.0
6758992,114.0
6761872,120.0
6762224,117.0
6763520,119.0
6765520,121.0
6765776,119.0
6767232,130.0
6767968,122.0
6768048,121.0
6768224,115.0
6768880,118.0
6769296,118.0
6770880,117.0
6770896,116.0
6771440,118.0
6771632,122.0
6774352,123.0
6775040,118.0
6775664,121.0
6776800,121.0
6777968,127.0
6778016,125.0
6779776,121.0
6780784,117.0
6782160,117.0
6782400,90.0
6784368,121.0
6785264,91.0
6786416,119.0
6788448,117.0
6789440,118.0
6789984,122.0
6791024,116.0
6791968,117.0
6792944,121.0
6795056,118.0
6796080,119.0
6796416,120.0
6798656,123.0
6798768,118.0
6799248,116.0
6802320,120.0
6802672,119.0
6802912,119.0
6803648,120.0
6806272,114.0
6811392,118.0
6814784,125.0
6816000,115.0
6818368,119.0
6818528,123.0
6823104,117.0
6826720,129.0
6827968,116.0
6828048,119.0
6830304,120.0
6830384,122.0
6831824,117.0
6836784,122.0
6837328,118.0
6837712,120.0
6838880,118.0
6840880,123.0
6841552,119.0
6842112,121.0
6842464,123.0
6843168,117.0
6844432,117.0
6845056,111.0
6845792,115.0
6846032,123.0
6849360,117.0
6851568,122.0
6851888,121.0
6852448,122.0
6853712,115.0
6854992,115.0
6858336,120.0
6858736,119.0
6858928,122.0
6859776,118.0
6863344,124.0
6863568,118.0
6864128,124.0
6864176,117.0
6864256,122.0
6865888,119.0
6865952,118.0
6866576,46.0
6867440,120.0
6867664,114.0
6869904,119.0
6873024,120.0
6873632,120.0
6873952,119.0
6874784,116.0
6876784,121.0
6877952,117.0
6878368,114.0
6880576,117.0
6881600,120.0
6884160,116.0
6887552,115.0
6890816,122.0
6891008,115.0
6891280,117.0
6891552,116.0
6892480,60.0
6893952,111.0
6895408,118.0
6897568,119.0
6897856,115.0
6898368,117.0
6899584,119.0
6900512,116.0
6901744,113.0
6902704,127.0
6904928,109.0
6905344,115.0
6905536,114.0
6905648,114.0
6906720,116.0
6911680,123.0
6912512,116.0
6913376,123.0
6914768,112.0
6915056,99.0
6915184,114.0
6915744,125.0
6916176,122.0
6917616,118.0
6918096,61.0
6918368,115.0
6918592,119.0
6919376,121.0
6920592,121.0
6922784,117.0
6922832,119.0
6923648,121.0
6925184,118.0
6927104,117.0
6929040,90.0
6929808,97.0
6932544,112.0
6933520,117.0
6936384,116.0
6938144,117.0
6939248,121.0
6940672,117.0
6942896,118.0
6944112,122.0
6944400,114.0
6945008,117.0
6947632,117.0
6948048,120.0
6950000,120.0
6951584,115.0
6952336,119.0
6954800,117.0
6954944,113.0
6955216,119.0
6956176,119.0
6957040,117.0
6957184,119.0
6957472,86.0
6958480,112.0
6958736,112.0
6961872,117.0
6962144,117.0
6962288,118.0
6964576,118.0
6966240,117.0
6966832,121.0
6966944,124.0
6967680,118.0
6968240,120.0
6971056,118.0
6971408,115.0
6971632,115.0
6972416,87.0
6974560,84.0
6976496,123.0
6977584,114.0
6978208,121.0
6978224,120.0
6978480,118.0
6980000,118.0
6982784,90.0
6983712,122.0
6984224,116.0
6985728,123.0
6986304,120.0
6987056,117.0
6987248,123.0
6988288,115.0
6989280,116.0
6990592,119.0
6990832,119.0
6990912,117.0
6993440,83.0
6994384,112.0
6995536,117.0
6995984,88.0
6996640,119.0
6997024,118.0
6997984,119.0
6998368,116.0
7002640,122.0
7002864,123.0
7003888,122.0
7004176,120.0
7004464,42.0
7005008,123.0
7006128,115.0
7008048,121.0
7010768,125.0
7014080,120.0
7014112,117.0
7014432,122.0
7014656,116.0
7017968,118.0
7018256,125.0
7019248,119.0
7020416,53.0
7021568,119.0
7022032,116.0
7022496,118.0
7022768,116.0
7023184,122.0
7023472,119.0
7024032,119.0
7024816,119.0
7025184,121.0
7026048,116.0
7027984,116.0
7029024,119.0
7031568,119.0
7031808,118.0
7032544,120.0
7033520,118.0
7035456,123.0
7037584,116.0
7038864,117.0
7039744,83.0
7040000,119.0
7041072,114.0
7042704,125.0
7043696,127.0
7043952,118.0
7045888,119.0
7046256,118.0
7049536,120.0
7049920,118.0
7051200,121.0
7051808,116.0
7052176,118.0
7054160,123.0
7055504,124.0
7056656,120.0
7057056,120.0
7057328,124.0
7058432,122.0
7062608,115.0
7064528,117.0
7065296,120.0
7067168,119.0
7067424,118.0
7070048,118.0
7071056,116.0
7071424,125.0
7072448,122.0
7073584,121.0
7073584,115.0
7074320,120.0
7076000,117.0
7078032,120.0
7078464,119.0
7078608,122.0
7078800,119.0
7079536,115.0
7080208,120.0
7080656,119.0
7080768,94.0
7083088,128.0
7084224,113.0
7084928,114.0
7085488,121.0
7085920,117.0
7087264,117.0
7087728,112.0
7091264,117.0
7091296,118.0
7092672,121.0
7093440,114.0
7094208,118.0
7094496,110.0
7094880,118.0
7099904,117.0
7103504,118.0
7103552,118.0
7103840,123.0
7105344,120.0
7108384,115.0
7108464,125.0
7108912,53.0
7110768,124.0
7114272,116.0
7115616,116.0
7116224,119.0
7117120,117.0
7117552,122.0
7118784,113.0
7119600,117.0
7120960,110.0
7121264,120.0
7122224,117.0
7126352,116.0
7126672,120.0
7128656,120.0
7130736,119.0
7132816,118.0
7132976,120.0
7133472,116.0
7135616,119.0
7135808,113.0
7137568,120.0
7137936,116.0
7139232,117.0
7139344,120.0
7139904,114.0
7140016,117.0
7141744,119.0
7142048,117.0
7142464,115.0
7142544,113.0
7142816,117.0
7143440,117.0
7145392,116.0
7146368,116.0
7147040,115.0
7147328,107.0
7150640,117.0
7152896,112.0
7154272,119.0
7154336,124.0
7157744,114.0
7159072,118.0
7159968,112.0
7160496,121.0
7162096,122.0
7162448,119.0
7163328,121.0
7164144,119.0
7165104,112.0
7165792,122.0
7166176,117.0
7167824,119.0
7167984,115.0
7168464,115.0
7170512,123.0
7170656,113.0
7171616,119.0
7171984,117.0
7173120,122.0
7173376,116.0
7174096,116.0
7174304,119.0
7175072,121.0
7175904,119.0
7177664,113.0
7178624,119.0
7178864,119.0
7182192,118.0
7182560,124.0
7182688,123.0
7183744,122.0
7184096,116.0
7184832,123.0
7185712,114.0
7186176,114.0
7187232,118.0
7187296,124.0
7189264,117.0
7190976,120.0
7192048,121.0
7193328,114.0
7193648,120.0
7194208,121.0
7194496,129.0
7195408,115.0
7197792,119.0
7198016,123.0
7199136,116.0
7199216,122.0
7200848,114.0
7201600,114.0
7201600,90.0
7201632,117.0
7201984,122.0
7205072,115.0
7206384,125.0
7206992,113.0
7207312,118.0
7208544,115.0
7208704,122.0
7208720,118.0
7211104,121.0
7212064,121.0
7212192,117.0
7213520,117.0
7213520,120.0
7214240,126.0
7214560,64.0
7214560,121.0
7215264,117.0
7216144,129.0
7218128,118.0
7219360,121.0
7221808,129.0
7222512,133.0
7223200,115.0
7223328,121.0
7224272,118.0
7225344,118.0
7226080,119.0
7226544,120.0
7228912,40.0
7231456,122.0
7232464,119.0
7232528,121.0
7233904,119.0
7236752,115.0
7237408,119.0
7239696,127.0
7240336,126.0
7241088,119.0
7245600,122.0
7247408,123.0
7248176,115.0
7249504,120.0
7251104,118.0
7251408,126.0
7253824,115.0
7254528,117.0
7254944,121.0
7255424,122.0
7255440,123.0
7255616,119.0
7257552,121.0
7259504,118.0
7261904,119.0
7265424,117.0
7265920,121.0
7266976,122.0
7267904,117.0
7268064,122.0
7268128,121.0
7271712,118.0
7272704,126.0
7275328,118.0
7279792,119.0
7280560,121.0
7286064,120.0
7287056,118.0
7287680,121.0
7291264,120.0
7292976,120.0
7293872,120.0
7294800,115.0
7294896,115.0
7296080,119.0
7296448,88.0
7296944,116.0
7297536,121.0
7298352,115.0
7298784,114.0
7300320,122.0
7302832,123.0
7303616,114.0
7303664,113.0
7305504,116.0
7306576,125.0
7306768,116.0
7307200,119.0
7307232,120.0
7307472,122.0
7308592,116.0
7310800,115.0
7311136,121.0
7312128,119.0
7312768,120.0
7313632,114.0
7314640,116.0
7314944,123.0
7316064,117.0
7317904,119.0
7318624,118.0
7319888,120.0
7321472,46.0
7322192,118.0
7322880,119.0
7323280,124.0
7324752,119.0
7326368,89.0
7327952,119.0
7329360,119.0
7330064,121.0
7330576,116.0
7332144,119.0
7333904,115.0
7338416,31.0
7341392,120.0
7345040,120.0
7346944,120.0
7346960,117.0
7347200,118.0
7347616,120.0
7347808,60.0
7348528,118.0
7349616,117.0
7352176,116.0
7355264,119.0
7356672,120.0
7357008,118.0
7357360,121.0
7362144,122.0
7362304,121.0
7362672,119.0
7364112,117.0
7365424,115.0
7365856,115.0
7366272,120.0
7369440,117.0
7370560,121.0
7370912,119.0
7372880,119.0
7374128,115.0
7376512,115.0
7376608,120.0
7377056,117.0
7377664,116.0
7378384,118.0
7380944,116.0
7381104,119.0
7381136,116.0
7381920,120.0
7383328,116.0
7384640,115.0
7384720,115.0
7385472,118.0
7388304,115.0
7389488,119.0
7390384,118.0
7390480,112.0
7391616,119.0
7391680,122.0
7391792,118.0
7391808,114.0
7392608,119.0
7394672,115.0
7395280,116.0
7398256,116.0
7398272,121.0
7400736,118.0
7401264,116.0
7401648,121.0
7401792,118.0
7401984,113.0
7402496,113.0
7404640,118.0
7404768,114.0
7406112,117.0
7408816,116.0
7409120,118.0
7409136,120.0
7409568,113.0
7410528,66.0
7410608,113.0
7411648,115.0
7411920,121.0
7412720,117.0
7413600,122.0
7413936,114.0
7415472,115.0
7416784,117.0
7418176,119.0
7419104,122.0
7419856,118.0
7420480,115.0
7422096,114.0
7422400,116.0
7422608,121.0
7423104,86.0
7423312,120.0
7425744,120.0
7430000,122.0
7433872,121.0
7434656,115.0
7434976,123.0
7436032,113.0
7437104,120.0
7438272,122.0
7440320,111.0
7440384,118.0
7443872,118.0
7444608,118.0
7444784,117.0
7445328,117.0
7448240,114.0
7449184,120.0
7451840,119.0
7452000,128.0
7452848,114.0
7458640,124.0
7459936,123.0
7460816,122.0
7462544,117.0
7462544,116.0
7463584,116.0
7466144,117.0
7466176,124.0
7466192,113.0
7467344,122.0
7467824,116.0
7469616,117.0
7472416,88.0
7473088,118.0
7473088,124.0
7476688,118.0
7476704,118.0
7476928,124.0
7478512,114.0
7479728,115.0
7481568,122.0
7485136,118.0
7485264,117.0
7485520,121.0
7489456,117.0
7489712,118.0
7489920,97.0
7490256,122.0
7491216,117.0
7491296,121.0
7491328,123.0
7492528,36.0
7493840,123.0
7494800,117.0
7496112,115.0
7496784,43.0
7497200,124.0
7499632,119.0
7502752,119.0
7503216,127.0
7504128,121.0
7504608,114.0
7505200,68.0
7507136,60.0
7508048,118.0
7508176,126.0
7509024,120.0
7510176,119.0
7511280,122.0
7511520,113.0
7511600,116.0
7518560,111.0
7518672,28.0
7520928,118.0
7521328,83.0
7525920,118.0
7529504,121.0
7530736,118.0
7532176,115.0
7532352,116.0
7532544,122.0
7536768,120.0
7540112,121.0
7542896,119.0
7542944,120.0
7543104,123.0
7545024,78.0
7545088,119.0
7546480,115.0
7546544,120.0
7546736,125.0
7547552,116.0
7553600,121.0
7554496,116.0
7554928,122.0
7556496,118.0
7557072,117.0
7560448,128.0
7562688,87.0
7562784,120.0
7564240,120.0
7564688,130.0
7565360,122.0
7565488,121.0
7566432,124.0
7568832,121.0
7569008,122.0
7570240,117.0
7570544,119.0
7571088,114.0
7571360,120.0
7571376,120.0
7572544,119.0
7572768,124.0
7573568,118.0
7574224,118.0
7577376,118.0
7577696,120.0
7579600,123.0
7580992,123.0
7581280,120.0
7581392,121.0
7581920,116.0
7583616,122.0
7584816,122.0
7585520,121.0
7585648,120.0
7585664,123.0
7588176,123.0
7588928,117.0
7589040,118.0
7590688,113.0
7591312,118.0
7592896,124.0
7593776,121.0
7594176,121.0
7595456,116.0
7596112,121.0
7597888,117.0
7598448,122.0
7598944,116.0
7599008,119.0
7599120,120.0
7599744,115.0
7600064,121.0
7603824,117.0
7604832,116.0
7605696,117.0
7606960,119.0
7608672,118.0
7608848,84.0
7609056,117.0
7612576,115.0
7613120,116.0
7615184,85.0
7615600,118.0
7616032,85.0
7619664,121.0
7620736,61.0
7621328,125.0
7622544,120.0
7622640,116.0
7623408,117.0
7624528,117.0
7624992,121.0
7627888,120.0
7628464,116.0
7631568,117.0
7632432,112.0
7633648,118.0
7634832,93.0
7636544,122.0
7638016,118.0
7640944,122.0
7641920,118.0
7642400,117.0
7642944,118.0
7643632,115.0
7644912,123.0
7645376,115.0
7645792,117.0
7646016,123.0
7647408,119.0
7648176,115.0
7649152,115.0
7650304,102.0
7653056,125.0
7653664,119.0
7655376,122.0
7656128,117.0
7657728,121.0
7660784,121.0
7661792,85.0
7663744,121.0
7664384,124.0
7664576,117.0
7665056,126.0
7667328,119.0
7667456,115.0
7668032,122.0
7671552,119.0
7672304,123.0
7674368,119.0
7674512,116.0
7674992,116.0
7675056,118.0
7677808,124.0
7677920,119.0
7678560,121.0
7679216,119.0
7680704,118.0
7681696,119.0
7683360,116.0
7684256,116.0
7685056,115.0
7688576,119.0
7688576,118.0
7689376,120.0
7689904,121.0
7691984,118.0
7692080,112.0
7692128,118.0
7692304,116.0
7693712,118.0
7695552,120.0
7696064,118.0
7696992,120.0
7697008,120.0
7698496,115.0
7699136,120.0
7699296,115.0
7702336,115.0
7702768,121.0
7703120,117.0
7704432,116.0
7706352,114.0
7707968,116.0
7708304,115.0
7710016,118.0
7711072,114.0
7712960,114.0
7713616,117.0
7715568,121.0
7715872,118.0
7717104,115.0
7719072,117.0
7719472,117.0
7719920,115.0
7720816,117.0
7723456,113.0
7724528,28.0
7724912,117.0
7727424,42.0
7729296,120.0
7729664,113.0
7730448,116.0
7731696,117.0
7734256,114.0
7735120,116.0
7735152,121.0
7738720,120.0
7739984,117.0
7740064,113.0
7741344,117.0
7742464,117.0
7742576,84.0
7743952,124.0
7747872,117.0
7748704,117.0
7748736,118.0
7749520,116.0
7749712,114.0
7750688,117.0
7751424,115.0
7752096,113.0
7752368,121.0
7752464,119.0
7754752,118.0
7756400,117.0
7758416,85.0
7762016,118.0
7764064,119.0
7767344,119.0
7768208,120.0
7769120,114.0
7769600,61.0
7769904,111.0
7770064,115.0
7771264,119.0
7771776,119.0
7773648,122.0
7775728,118.0
7776256,118.0
7777040,118.0
7777232,122.0
7778576,123.0
7780352,127.0
7780576,119.0
7780704,120.0
7783024,126.0
7783472,121.0
7784048,123.0
7787664,113.0
7787952,116.0
7788528,115.0
7789536,113.0
7790080,118.0
7791264,124.0
7792896,124.0
7793056,124.0
7793600,116.0
7794896,120.0
7795264,128.0
7796496,121.0
7799216,115.0
7799840,130.0
7800512,111.0
7801136,85.0
7803680,116.0
7805920,114.0
7809136,121.0
7809360,116.0
7810784,114.0
7810864,113.0
7811008,79.0
7811488,111.0
7812112,116.0
7813088,118.0
7814592,120.0
7815152,121.0
7817936,114.0
7818080,115.0
7818240,115.0
7821088,116.0
7826432,118.0
7830272,117.0
7833008,116.0
7833424,117.0
7833632,121.0
7835328,118.0
7836112,114.0
7836128,119.0
7839248,91.0
7842832,97.0
7843120,113.0
7843216,117.0
7846048,120.0
7846960,118.0
7848112,117.0
7848576,121.0
7849024,118.0
7849760,115.0
7850544,116.0
7850624,116.0
7851472,123.0
7854080,117.0
7854208,117.0
7855264,120.0
7855488,119.0
7858496,116.0
7858832,117.0
7859040,115.0
7861968,118.0
7862992,119.0
7865392,118.0
7865504,122.0
7865616,118.0
7865792,116.0
7866992,41.0
7867072,118.0
7868304,119.0
7869136,124.0
7869296,115.0
7872672,118.0
7873184,115.0
7873232,123.0
7874256,120.0
7874928,117.0
7878784,126.0
7879856,118.0
7881440,121.0
7882352,119.0
7882640,92.0
7883952,114.0
7885472,120.0
7886240,123.0
7886656,118.0
7887120,119.0
7887616,120.0
7888352,83.0
7889312,105.0
7889776,117.0
7889792,119.0
7890656,119.0
7890752,117.0
7892064,118.0
7892096,116.0
7894688,119.0
7896032,116.0
7897872,120.0
7899568,118.0
7900128,115.0
7900160,119.0
7900416,122.0
7900960,117.0
7901008,116.0
7901488,116.0
7901712,119.0
7902800,120.0
7904960,115.0
7906544,89.0
7908144,122.0
7908336,123.0
7908512,116.0
7910512,119.0
7911216,113.0
7911616,117.0
7911872,119.0
7912240,117.0
7913584,116.0
7917200,119.0
7918608,118.0
7919024,116.0
7921616,84.0
7924256,116.0
7924368,121.0
7925120,118.0
7925392,121.0
7927952,118.0
7928688,117.0
7929344,116.0
7929776,115.0
7931104,114.0
7931344,116.0
7931520,114.0
7931552,116.0
7932128,115.0
7932432,117.0
7933216,114.0
7934736,121.0
7935072,118.0
7936336,121.0
7937440,130.0
7938416,121.0
7938672,119.0
7938816,125.0
7939632,118.0
7942928,122.0
7943296,117.0
7943808,116.0
7947200,122.0
7947488,87.0
7949392,118.0
7950048,118.0
7951152,122.0
7951728,120.0
7953104,119.0
7954352,117.0
7954512,121.0
7957280,120.0
7957888,116.0
7958064,119.0
7959664,118.0
7960560,119.0
7960736,125.0
7960896,114.0
7961232,119.0
7961328,119.0
7964720,118.0
7964944,117.0
7967344,121.0
7967680,123.0
7967968,117.0
7968768,123.0
7971552,118.0
7975456,113.0
7975600,117.0
7977392,87.0
7978336,121.0
7978688,119.0
7979152,121.0
7979584,120.0
7980272,116.0
7980720,118.0
7981936,117.0
7988928,119.0
7989424,120.0
7990368,120.0
7991136,126.0
7991376,122.0
7991584,88.0
7994416,120.0
7994528,116.0
7995120,120.0
7995312,117.0
7996592,115.0
7997536,121.0
7998128,120.0
7998752,121.0
8001456,113.0
8003440,118.0
8004976,116.0
8006512,117.0
8009488,116.0
8010192,118.0
8012544,116.0
8013776,118.0
8015392,114.0
8015552,117.0
8015920,115.0
8019824,124.0
8020304,124.0
8020624,113.0
8021168,118.0
8021360,118.0
8022480,93.0
8024928,120.0
8024928,122.0
8026720,119.0
8027376,119.0
8028288,120.0
8028448,121.0
8028688,119.0
8030688,128.0
8030944,121.0
8031792,121.0
8032048,120.0
8032208,119.0
8033296,119.0
8034240,117.0
8038160,125.0
8038912,118.0
8040576,125.0
8041328,117.0
8041776,126.0
8044400,123.0
8044864,121.0
8045392,119.0
8048656,87.0
8051216,121.0
8052320,22.0
8053104,121.0
8053568,123.0
8054672,119.0
8055344,107.0
8056240,116.0
8057104,119.0
8058336,115.0
8058640,124.0
8060512,124.0
8060736,126.0
8062144,116.0
8064240,126.0
8065584,126.0
8066688,117.0
8067648,120.0
8069392,121.0
8073920,119.0
8074112,120.0
8074896,115.0
8076080,119.0
8077536,120.0
8078240,118.0
8078272,117.0
8079808,118.0
8080032,120.0
8080064,123.0
8085488,117.0
8088256,123.0
8088976,121.0
8089056,118.0
8090640,116.0
8092624,117.0
8096240,122.0
8099136,116.0
8099584,119.0
8099808,120.0
8099840,115.0
8101104,121.0
8101376,122.0
8102016,122.0
8103376,122.0
8103440,117.0
8104080,26.0
8104704,117.0
8105968,115.0
8108032,72.0
8108096,129.0
8108832,115.0
8113456,119.0
8114144,116.0
8114224,121.0
8117664,118.0
8118848,121.0
8118944,116.0
8119088,117.0
8119632,116.0
8120752,125.0
8121328,118.0
8124960,125.0
8125968,113.0
8126064,116.0
8126384,116.0
8126800,116.0
8127072,118.0
8128048,126.0
8128416,116.0
8128448,126.0
8128816,119.0
8129264,122.0
8129536,115.0
8129936,116.0
8130624,128.0
8134000,123.0
8136032,121.0
8136368,117.0
8138416,117.0
8138768,118.0
8139184,121.0
8140576,117.0
8142336,118.0
8143872,121.0
8144848,121.0
8146288,121.0
8147840,118.0
8150336,121.0
8150592,121.0
8151296,119.0
8151984,122.0
8153360,119.0
8154128,124.0
8155520,123.0
8157504,120.0
8160464,118.0
8161168,127.0
8161968,125.0
8162400,119.0
8162640,80.0
8164896,119.0
8165488,120.0
8165952,125.0
8167552,121.0
8168800,116.0
8171648,122.0
8173440,118.0
8177504,118.0
8178192,125.0
8179088,123.0
8179984,121.0
8180432,123.0
8180656,119.0
8182272,116.0
8182496,121.0
8182944,120.0
8183952,118.0
8185808,119.0
8186160,120.0
8186432,114.0
8188304,120.0
8193120,121.0
8194464,121.0
8195376,117.0
8196128,120.0
8197616,120.0
8197968,119.0
8201120,121.0
8202528,121.0
8203232,84.0
8203872,116.0
8204144,119.0
8206464,121.0
8206816,119.0
8207440,121.0
8207488,125.0
8211856,121.0
8213248,124.0
8213328,120.0
8213712,118.0
8214016,119.0
8214592,124.0
8215488,123.0
8216816,119.0
8218064,120.0
8219696,121.0
8221536,119.0
8221696,118.0
8221952,120.0
8223120,116.0
8223136,119.0
8224160,119.0
8224320,120.0
8231200,124.0
8231232,116.0
8232320,121.0
8232624,118.0
8233904,129.0
8235360,117.0
8235840,119.0
8238848,122.0
8239392,123.0
8241056,124.0
8243040,125.0
8243168,120.0
8245584,121.0
8246448,121.0
8246992,117.0
8247632,121.0
8248176,118.0
8251520,120.0
8253040,114.0
8253808,120.0
8254128,120.0
8254880,120.0
8255440,118.0
8258320,119.0
8258800,119.0
8260320,117.0
8261088,120.0
8261168,111.0
8264800,118.0
8265904,120.0
8265984,116.0
8269168,123.0
8269504,118.0
8271120,69.0
8271328,116.0
8271856,119.0
8271888,123.0
8271952,121.0
8273072,117.0
8273072,118.0
8274624,115.0
8276656,120.0
8276768,122.0
8278640,134.0
8280400,127.0
8281632,116.0
8282144,117.0
8282624,122.0
8283872,124.0
8284576,122.0
8285744,122.0
8285872,118.0
8286736,120.0
8287424,121.0
8287552,120.0
8288848,118.0
8289200,117.0
8289776,123.0
8289872,127.0
8291072,117.0
8293392,118.0
8293968,99.0
8296880,120.0
8297056,123.0
8297456,121.0
8299936,117.0
8299984,120.0
8300672,118.0
8304048,120.0
8304416,27.0
8304496,111.0
8305248,118.0
8305296,121.0
8305360,117.0
8306096,91.0
8306704,118.0
8307792,120.0
8309648,121.0
8310976,119.0
8311808,126.0
8312448,120.0
8312464,126.0
8312544,121.0
8313216,118.0
8313648,118.0
8315008,126.0
8315168,114.0
8315216,127.0
8315424,124.0
8316080,120.0
8318192,117.0
8321424,121.0
8321664,115.0
8323136,120.0
8324000,121.0
8324640,120.0
8324896,131.0
8324912,118.0
8327568,121.0
8328080,117.0
8331568,116.0
8332432,93.0
8337568,115.0
8338368,123.0
8338816,116.0
8342816,118.0
8343216,118.0
8343616,41.0
8343728,117.0
8344528,119.0
8345744,121.0
8345904,115.0
8346240,120.0
8346768,116.0
8347008,116.0
8349152,120.0
8350304,116.0
8352992,118.0
8353072,114.0
8355184,119.0
8358064,118.0
8360848,130.0
8361632,117.0
8363744,118.0
8364672,116.0
8364960,118.0
8366208,114.0
8367088,119.0
8367312,121.0
8370640,119.0
8371392,90.0
8371536,116.0
8374080,116.0
8374992,119.0
8375152,119.0
8375776,118.0
8376032,123.0
8380144,120.0
8380992,80.0
8384544,116.0
8385776,120.0
8386704,114.0
8386864,117.0
8388704,120.0
8388896,122.0
8391232,118.0
8392432,117.0
8393168,118.0
8393856,123.0
8395360,119.0
8397136,115.0
8397408,118.0
8398848,118.0
8399120,107.0
8399952,120.0
8400256,118.0
8401392,122.0
8402304,116.0
8403200,124.0
8407008,85.0
8407376,115.0
8409504,117.0
8410000,116.0
8410432,125.0
8410576,114.0
8411680,120.0
8412096,122.0
8413120,117.0
8413840,114.0
8414080,116.0
8416624,120.0
8418352,121.0
8418864,118.0
8420560,117.0
8420624,122.0
8421216,115.0
8421376,114.0
8424112,117.0
8425040,121.0
8425424,120.0
8426048,106.0
8427392,118.0
8428256,123.0
8429056,121.0
8429424,123.0
8430432,62.0
8431264,125.0
8434464,118.0
8436096,117.0
8437472,114.0
8439536,115.0
8441600,114.0
8441968,115.0
8442016,124.0
8443200,120.0
8446336,116.0
8448352,114.0
8448720,113.0
8449536,113.0
8450032,84.0
8450928,120.0
8452688,115.0
8455488,117.0
8456352,118.0
8458080,118.0
8458960,116.0
8459456,120.0
8460464,121.0
8462512,116.0
8463024,124.0
8464208,114.0
8464480,121.0
8464912,120.0
8467584,116.0
8468448,118.0
8470000,59.0
8470688,116.0
8471264,116.0
8472016,117.0
8475568,117.0
8476448,115.0
8477056,119.0
8478080,120.0
8478576,122.0
8482112,118.0
8482416,119.0
8483824,113.0
8485920,122.0
8486848,122.0
8487024,116.0
8487696,117.0
8489168,119.0
8489968,118.0
8490544,114.0
8491296,120.0
8492144,119.0
8492736,117.0
8495728,115.0
8497792,120.0
8501056,116.0
8503216,121.0
8503552,116.0
8507520,118.0
8508128,115.0
8508752,125.0
8509280,118.0
8511664,118.0
8514272,118.0
8515168,116.0
8515728,112.0
8516448,85.0
8516512,121.0
8518592,126.0
8519616,119.0
8519888,118.0
8520128,122.0
8520928,121.0
8522848,123.0
8523712,92.0
8526048,115.0
8528848,120.0
8529456,117.0
8532224,115.0
8536000,114.0
8536432,119.0
8536768,121.0
8537728,119.0
8537856,121.0
8538400,116.0
8544336,117.0
8544592,113.0
8545136,117.0
8546496,119.0
8546640,119.0
8546704,118.0
8547248,119.0
8547568,31.0
8547920,120.0
8548656,118.0
8549136,121.0
8549504,116.0
8551376,124.0
8551776,120.0
8552192,118.0
8552720,123.0
8553920,120.0
8554720,118.0
8555328,117.0
8555776,115.0
8557824,118.0
8558544,117.0
8558624,130.0
8559408,125.0
8561920,118.0
8562016,87.0
8562176,124.0
8562432,114.0
8562736,113.0
8564736,122.0
8565072,124.0
8565520,118.0
8565984,118.0
8566944,115.0
8569040,117.0
8572512,114.0
8572528,112.0
8573712,124.0
8573888,130.0
8575600,115.0
8578032,118.0
8580880,122.0
8581120,119.0
8582880,118.0
8583072,102.0
8583232,120.0
8584448,118.0
8584704,123.0
8586768,122.0
8587008,124.0
8592272,124.0
8592672,115.0
8592704,115.0
8593904,118.0
8595344,122.0
8597152,119.0
8597728,122.0
8598976,120.0
8601552,119.0
8601552,120.0
8603008,115.0
8603760,122.0
8604112,123.0
8606656,122.0
8607008,122.0
8607024,84.0
8608640,120.0
8608640,114.0
8608768,121.0
8610928,115.0
8611504,120.0
8615744,120.0
8617776,122.0
8618192,123.0
8618736,123.0
8619520,119.0
8620448,116.0
8622880,119.0
8623648,116.0
8624160,87.0
8624848,117.0
8627808,123.0
8628832,128.0
8630240,116.0
8630784,118.0
8631392,122.0
8632384,120.0
8632864,122.0
8632864,121.0
8634304,115.0
8634592,118.0
8635952,116.0
8637376,113.0
8638528,116.0
8639936,116.0
8641328,113.0
8642096,120.0
8644208,119.0
8645632,118.0
8651168,86.0
8651616,117.0
8651968,116.0
8653712,119.0
8654688,114.0
8656368,64.0
8657216,113.0
8657552,117.0
8657744,113.0
8658016,119.0
8658128,127.0
8658224,116.0
8658688,117.0
8659008,116.0
8661264,113.0
8661408,116.0
8661600,116.0
8662656,117.0
8663936,121.0
8664576,75.0
8666576,80.0
8667136,118.0
8667440,120.0
8668816,118.0
8668960,118.0
8672400,122.0
8672592,120.0
8674272,116.0
8674832,127.0
8675200,119.0
8676112,121.0
8676128,114.0
8676352,118.0
8678384,114.0
8679408,83.0
8680160,116.0
8681376,117.0
8683024,120.0
8683472,117.0
8685840,121.0
8690080,118.0
8690208,117.0
8690256,120.0
8690752,116.0
8692048,114.0
8693456,116.0
8693568,115.0
8693584,113.0
8693632,115.0
8694160,118.0
8695392,119.0
8696064,117.0
8698416,121.0
8699136,117.0
8699584,115.0
8702480,117.0
8702656,114.0
8704464,114.0
8706080,119.0
8707280,118.0
8707728,120.0
8709600,112.0
8709728,115.0
8711296,125.0
8712000,120.0
8712656,116.0
8712752,118.0
8713200,125.0
8715056,118.0
8716272,123.0
8716304,118.0
8716672,116.0
8716768,117.0
8719056,116.0
8720624,117.0
8722272,124.0
8723440,118.0
8725696,116.0
8729712,120.0
8729904,117.0
8732704,121.0
8733536,118.0
8735552,124.0
8737056,24.0
8738272,117.0
8738544,125.0
8740512,125.0
8740784,117.0
8742096,118.0
8742160,122.0
8742704,120.0
8742848,121.0
8745696,118.0
8749200,120.0
8749216,128.0
8749232,118.0
8751536,126.0
8752208,89.0
8754720,124.0
8757744,116.0
8758656,118.0
8761840,121.0
8762992,117.0
8764000,117.0
8767696,117.0
8770240,118.0
8774464,122.0
8774656,117.0
8776208,125.0
8776432,122.0
8776496,112.0
8777872,118.0
8777952,121.0
8778464,121.0
8781424,117.0
8781776,118.0
8784752,121.0
8784976,118.0
8785072,116.0
8785808,117.0
8787008,115.0
8787312,120.0
8788336,119.0
8788528,117.0
8789328,116.0
8789520,84.0
8790496,114.0
8794192,116.0
8795728,119.0
8795888,120.0
8799488,121.0
8800048,120.0
8801328,126.0
8801760,116.0
8802992,117.0
8803536,123.0
8811840,117.0
8813568,117.0
8813824,116.0
8814720,119.0
8814736,118.0
8815968,113.0
8816960,122.0
8817408,116.0
8817984,120.0
8818304,120.0
8819024,116.0
8820960,118.0
8821168,123.0
8822080,118.0
8823136,117.0
8823392,119.0
8823648,112.0
8824304,115.0
8824704,117.0
8828400,122.0
8828576,116.0
8828992,120.0
8829216,117.0
8830624,118.0
8831296,116.0
8832128,113.0
8833536,113.0
8834016,119.0
8834176,117.0
8834368,117.0
8836832,119.0
8837120,95.0
8837968,117.0
8839280,116.0
8844096,119.0
8844960,120.0
8846384,117.0
8847232,118.0
8847680,122.0
8851280,117.0
8853472,109.0
8854672,119.0
8856720,113.0
8857216,120.0
8857728,116.0
8859392,120.0
8860560,111.0
8863856,123.0
8864160,118.0
8866128,121.0
8866464,118.0
8868704,118.0
8869152,117.0
8869152,120.0
8871584,118.0
8872352,115.0
8874480,119.0
8874640,115.0
8874736,118.0
8875936,116.0
8880800,116.0
8881808,116.0
8884944,119.0
8885840,121.0
8886512,113.0
8886528,120.0
8888656,117.0
8888816,115.0
8889024,124.0
8889568,117.0
8891424,50.0
8892400,121.0
8892576,118.0
8898592,115.0
8899360,120.0
8900288,115.0
8901200,117.0
8902144,117.0
8902848,115.0
8902912,117.0
8904288,121.0
8905168,63.0
8906512,129.0
8906880,116.0
8908896,117.0
8910576,113.0
8913904,114.0
8914112,117.0
8917296,83.0
8919056,113.0
8919248,120.0
8919952,114.0
8920240,93.0
8920928,121.0
8923168,117.0
8923440,115.0
8924592,113.0
8927024,122.0
8928176,119.0
8928256,118.0
8930352,113.0
8931696,119.0
8934240,120.0
8935264,112.0
8935344,122.0
8936352,120.0
8937520,122.0
8939280,120.0
8940736,124.0
8942480,115.0
8943312,112.0
8943664,113.0
8944336,124.0
8945120,86.0
8946016,119.0
8946912,118.0
8950544,121.0
8954992,89.0
8955008,118.0
8956992,127.0
8957072,113.0
8958896,116.0
8961152,118.0
8961808,85.0
8962416,117.0
8962448,115.0
8962768,112.0
8964096,112.0
8964704,46.0
8965024,118.0
8965456,120.0
8966144,114.0
8966672,116.0
8967648,118.0
8967888,115.0
8968112,67.0
8968592,86.0
8969040,117.0
8969392,119.0
8971792,115.0
8973808,113.0
8976480,120.0
8976512,114.0
8976928,114.0
8978448,115.0
8978816,116.0
8979040,121.0
8980048,113.0
8981984,115.0
8982736,86.0
8983664,117.0
8985104,118.0
8986208,115.0
8987008,117.0
8990384,121.0
8990672,126.0
8991568,28.0
8992672,119.0
8993936,113.0
8994592,118.0
8998736,116.0
8999232,117.0
8999728,118.0
8999904,117.0
9000240,116.0
9000480,123.0
9001568,117.0
9001760,117.0
9004080,119.0
9004560,91.0
9008960,123.0
9009712,125.0
9010752,121.0
9011712,119.0
9013648,118.0
9019280,118.0
9021872,114.0
9022848,121.0
9023696,120.0
9025552,114.0
9026112,120.0
9026352,115.0
9026464,124.0
9028064,115.0
9030560,120.0
9031648,122.0
9035472,120.0
9036736,121.0
9037232,117.0
9040528,122.0
9041648,122.0
9042352,119.0
9045904,118.0
9047408,118.0
9047760,119.0
9048080,123.0
9048928,125.0
9051504,117.0
9052448,118.0
9052544,122.0
9052880,43.0
9052960,115.0
9052992,115.0
9053872,113.0
9054848,119.0
9055216,120.0
9058736,114.0
9059696,123.0
9061680,117.0
9062160,115.0
9063232,121.0
9065504,118.0
9066448,117.0
9069552,45.0
9070432,118.0
9070464,116.0
9070768,122.0
9072336,118.0
9072848,117.0
9074528,119.0
9074784,64.0
9076352,117.0
9077728,125.0
9077856,120.0
9079088,123.0
9079680,116.0
9080256,38.0
9080912,123.0
9081376,117.0
9081632,120.0
9084160,117.0
9084512,92.0
9084576,121.0
9084944,118.0
9088480,125.0
9090656,122.0
9091296,120.0
9094192,122.0
9095488,119.0
9097744,116.0
9098704,119.0
9098896,118.0
9099456,121.0
9102352,124.0
9103008,119.0
9105280,91.0
9106160,122.0
9106224,118.0
9106384,121.0
9106528,122.0
9108240,129.0
9109568,114.0
9109952,121.0
9111408,123.0
9116992,123.0
9117280,122.0
9119024,120.0
9125472,117.0
9127856,115.0
9130848,119.0
9131440,117.0
9131840,121.0
9135424,116.0
9136112,119.0
9136944,121.0
9138320,116.0
9140496,124.0
9141792,119.0
9142144,117.0
9143984,114.0
9144048,121.0
9145040,118.0
9145424,117.0
9145600,119.0
9146656,116.0
9146800,124.0
9150368,118.0
9151072,130.0
9152720,117.0
9155600,117.0
9158304,116.0
9159920,119.0
9161840,116.0
9164432,116.0
9171696,120.0
9175328,121.0
9175344,117.0
9176928,122.0
9178576,116.0
9180592,118.0
9184544,111.0
9184640,120.0
9185680,123.0
9187680,120.0
9188064,113.0
9188928,120.0
9189344,116.0
9192240,117.0
9192752,119.0
9193280,119.0
9193312,120.0
9194688,116.0
9194864,120.0
9195200,114.0
9195456,116.0
9196016,116.0
9196848,117.0
9197696,115.0
9198976,115.0
9201840,115.0
9203392,116.0
9203728,114.0
9204592,85.0
9204880,115.0
9207360,119.0
9207744,121.0
9209616,122.0
9210512,115.0
9213600,118.0
9214032,114.0
9214800,119.0
9215920,115.0
9217104,117.0
9219520,120.0
9220672,120.0
9221200,118.0
9223040,117.0
9223536,117.0
9228816,117.0
9232256,113.0
9232736,119.0
9235456,125.0
9235968,119.0
9236320,117.0
9237200,118.0
9237456,116.0
9237632,119.0
9237808,121.0
9239040,120.0
9239904,117.0
9241168,118.0
9241296,120.0
9243152,120.0
9243504,122.0
9244400,109.0
9245696,117.0
9247024,118.0
9248016,125.0
9249280,119.0
9249904,123.0
9250000,117.0
9253408,120.0
9256912,114.0
9257040,120.0
9258192,121.0
9258752,119.0
9261440,119.0
9262368,122.0
9263696,120.0
9264480,122.0
9266096,79.0
9266816,120.0
9267040,121.0
9267792,117.0
9268640,122.0
9270544,118.0
9271216,122.0
9271408,122.0
9272144,118.0
9273296,62.0
9273472,119.0
9274784,116.0
9275904,122.0
9276800,121.0
9278080,121.0
9280320,118.0
9283008,117.0
9284128,120.0
9285440,120.0
9286720,97.0
9288112,119.0
9288448,62.0
9288816,119.0
9293824,122.0
9295136,119.0
9295632,119.0
9298016,122.0
9299104,113.0
9299168,118.0
9299872,116.0
9302752,119.0
9305072,116.0
9305392,115.0
9306288,117.0
9306784,122.0
9308672,123.0
9309008,120.0
9309200,123.0
9310368,119.0
9311632,120.0
9313440,127.0
9315200,125.0
9318304,119.0
9318736,113.0
9320592,123.0
9320864,114.0
9321136,117.0
9322064,115.0
9322272,116.0
9324224,124.0
9324384,119.0
9324832,116.0
9327120,117.0
9328176,116.0
9329184,113.0
9329216,119.0
9329488,122.0
9331488,123.0
9332096,120.0
9332464,118.0
9336048,120.0
9336704,123.0
9337120,68.0
9337840,92.0
9341936,117.0
9343104,117.0
9343440,117.0
9346240,96.0
9346768,120.0
9347328,116.0
9349120,117.0
9349856,123.0
9350544,113.0
9351024,119.0
9352320,123.0
9358080,115.0
9359504,120.0
9361584,119.0
9362336,117.0
9362352,116.0
9362992,118.0
9363056,117.0
9363264,115.0
9364208,122.0
9365824,116.0
9368160,119.0
9368880,124.0
9368896,117.0
9370160,122.0
9371232,121.0
9372144,91.0
9374768,87.0
9375712,118.0
9376160,120.0
9377568,117.0
9378416,123.0
9380016,123.0
9381280,118.0
9381536,119.0
9381872,119.0
9382320,126.0
9382896,119.0
9383376,117.0
9384320,118.0
9385152,121.0
9385824,118.0
9387152,119.0
9387952,118.0
9389136,127.0
9394576,122.0
9395168,123.0
9395296,117.0
9397088,118.0
9397568,118.0
9398704,115.0
9398864,118.0
9400368,93.0
9401264,117.0
9402096,120.0
9402352,121.0
9403456,119.0
9404000,120.0
9404752,120.0
9405120,121.0
9405632,119.0
9405856,114.0
9407168,115.0
9408304,117.0
9408384,119.0
9411216,118.0
9415248,114.0
9416560,117.0
9418720,115.0
9421504,118.0
9422640,121.0
9423040,118.0
9423664,118.0
9425760,114.0
9426256,121.0
9427440,121.0
9427728,118.0
9429008,118.0
9429104,112.0
9430832,121.0
9431360,119.0
9435968,81.0
9436432,115.0
9441616,118.0
9441664,107.0
9441712,117.0
9442320,87.0
9443552,124.0
9443664,116.0
9443936,122.0
9444112,118.0
9445008,85.0
9446416,116.0
9447296,116.0
9447648,83.0
9447952,120.0
9448976,80.0
9451072,116.0
9453488,119.0
9453648,93.0
9455056,115.0
9455984,117.0
9456208,40.0
9457248,114.0
9459696,118.0
9459792,114.0
9460496,89.0
9461920,117.0
9463024,123.0
9464384,120.0
9466816,115.0
9466896,118.0
9467760,117.0
9467840,117.0
9467856,114.0
9468000,116.0
9470368,85.0
9470832,123.0
9471392,115.0
9472800,122.0
9474176,122.0
9474960,117.0
9475104,120.0
9476176,117.0
9476736,121.0
9478544,122.0
9478656,115.0
9478704,124.0
9479776,119.0
9480416,123.0
9480912,112.0
9481184,119.0
9482240,117.0
9483264,114.0
9483392,117.0
9484688,115.0
9486784,60.0
9486896,116.0
9488352,121.0
9489184,116.0
9491120,113.0
9491808,118.0
9491872,120.0
9492768,117.0
9493024,114.0
9493904,119.0
9494000,116.0
9494064,123.0
9495488,116.0
9495984,112.0
9498992,119.0
9499536,117.0
9500112,115.0
9503680,120.0
9506016,118.0
9506048,113.0
9506960,116.0
9510480,111.0
9513088,121.0
9513248,117.0
9514816,113.0
9515840,118.0
9516688,116.0
9516720,116.0
9517840,117.0
9518912,118.0
9521424,121.0
9522432,117.0
9525104,123.0
9525152,116.0
9525216,113.0
9526496,121.0
9527536,120.0
9529152,121.0
9529312,117.0
9530128,118.0
9532128,118.0
9532304,115.0
9532336,119.0
9533648,110.0
9535744,118.0
9536512,121.0
9539504,119.0
9540560,124.0
9540880,119.0
9541088,124.0
9541760,116.0
9544176,120.0
9545728,119.0
9546496,117.0
9547344,122.0
9548864,115.0
9550704,119.0
9551264,116.0
9551360,116.0
9552432,119.0
9552800,120.0
9557872,122.0
9558016,24.0
9558416,122.0
9558672,114.0
9558864,117.0
9560912,123.0
9562576,118.0
9563600,119.0
9566672,117.0
9566688,117.0
9569152,121.0
9570240,118.0
9570864,55.0
9571168,116.0
9572784,119.0
9573792,118.0
9574144,115.0
9575168,115.0
9577712,117.0
9577888,121.0
9578784,118.0
9581360,122.0
9584864,116.0
9585056,114.0
9586736,124.0
9588384,118.0
9590768,71.0
9590848,120.0
9591504,113.0
9592944,115.0
9595616,119.0
9596896,120.0
9597056,113.0
9600688,121.0
9604176,121.0
9604304,124.0
9608640,115.0
9608720,10.0
9609120,115.0
9614128,118.0
9614208,117.0
9615264,114.0
9616160,118.0
9619264,115.0
9620320,115.0
9623696,119.0
9626912,121.0
9627232,115.0
9627360,112.0
9628448,115.0
9629344,117.0
9630432,119.0
9630896,117.0
9631872,117.0
9634016,119.0
9635280,118.0
9639968,120.0
9641568,117.0
9644160,116.0
9645344,128.0
9646064,117.0
9647856,122.0
9647904,114.0
9648544,88.0
9650384,116.0
9652176,123.0
9652416,117.0
9653280,119.0
9655664,113.0
9659216,115.0
9661040,117.0
9665136,120.0
9666672,120.0
9668896,122.0
9670112,118.0
9671184,118.0
9671840,114.0
9672240,118.0
9675360,25.0
9676096,117.0
9677232,114.0
9678928,120.0
9679856,116.0
9680816,113.0
9682528,118.0
9683088,85.0
9683664,93.0
9685024,120.0
9687696,114.0
9689296,117.0
9689872,116.0
9691232,114.0
9692224,124.0
9692912,119.0
9694384,126.0
9694768,117.0
9695008,116.0
9695744,118.0
9695920,118.0
9696384,117.0
9696880,124.0
9697472,57.0
9697712,119.0
9697936,116.0
9699936,120.0
9700352,117.0
9701344,121.0
9701936,120.0
9703024,118.0
9703520,121.0
9704128,120.0
9706496,115.0
9707200,120.0
9707712,119.0
9707776,113.0
9712320,114.0
9714240,121.0
9714976,120.0
9715456,114.0
9718048,115.0
9718256,116.0
9718928,112.0
9719360,119.0
9719696,121.0
9719744,117.0
9720240,117.0
9720720,115.0
9721024,115.0
9721360,123.0
9723152,113.0
9724208,88.0
9724304,119.0
9724672,121.0
9727424,115.0
9728720,113.0
9728960,121.0
9730176,115.0
9731456,118.0
9731536,114.0
9731696,113.0
9732176,113.0
9732496,114.0
9735008,117.0
9735232,111.0
9735760,115.0
9735824,28.0
9736624,117.0
9737424,114.0
9737488,116.0
9738528,115.0
9738688,114.0
9739712,120.0
9742624,116.0
9743744,119.0
9744976,121.0
9745792,114.0
9747392,118.0
9748304,116.0
9748416,117.0
9749312,117.0
9750688,119.0
9753040,117.0
9754496,114.0
9754624,88.0
9755552,120.0
9756512,119.0
9757168,118.0
9763440,120.0
9763648,118.0
9765264,117.0
9765392,113.0
9767968,86.0
9768080,119.0
9768208,116.0
9768992,120.0
9769184,115.0
9769984,56.0
9770096,118.0
9771600,120.0
9777168,114.0
9777184,115.0
9777664,117.0
9777920,113.0
9781392,113.0
9781424,113.0
9783088,122.0
9783248,117.0
9784224,115.0
9784368,116.0
9785072,123.0
9785184,123.0
9788448,118.0
9789856,122.0
9791440,117.0
9795712,120.0
9797168,114.0
9798992,115.0
9800224,119.0
9802112,58.0
9802224,118.0
9802352,115.0
9804320,117.0
9806416,121.0
9806800,117.0
9807696,119.0
9813328,121.0
9813872,28.0
9816432,117.0
9816464,113.0
9816528,116.0
9818160,115.0
9818496,116.0
9819408,116.0
9820064,120.0
9821680,114.0
9822704,86.0
9822976,114.0
9823536,115.0
9823712,116.0
9825264,118.0
9827216,121.0
9830224,116.0
9830864,117.0
9832912,119.0
9833488,89.0
9834512,120.0
9836112,115.0
9836176,115.0
9837488,86.0
9838368,118.0
9839696,119.0
9840640,115.0
9841872,114.0
9842288,111.0
9843040,121.0
9844912,81.0
9846864,117.0
9847056,118.0
9847824,83.0
9850624,117.0
9851600,113.0
9851824,119.0
9852160,119.0
9853168,116.0
9853968,119.0
9854512,113.0
9856784,115.0
9857024,118.0
9857904,115.0
9860128,117.0
9860144,86.0
9861632,119.0
9862080,112.0
9863264,120.0
9865760,117.0
9866800,115.0
9867232,121.0
9867536,122.0
9867968,120.0
9869408,123.0
9870032,89.0
9871504,114.0
9873520,114.0
9873584,123.0
9875888,116.0
9876496,114.0
9878160,113.0
9880032,119.0
9881120,119.0
9881664,114.0
9883216,114.0
9883520,118.0
9884368,114.0
9886048,115.0
9886416,110.0
9886544,113.0
9886800,83.0
9888320,113.0
9889568,115.0
9890144,117.0
9890160,115.0
9890240,119.0
9892736,117.0
9893664,114.0
9894672,113.0
9895760,115.0
9897904,117.0
9898880,113.0
9901008,122.0
9902512,121.0
9902864,118.0
9903904,89.0
9904576,120.0
9904640,114.0
9905904,116.0
9907184,122.0
9907536,116.0
9908032,122.0
9908304,118.0
9912384,115.0
9913040,118.0
9913232,115.0
9914608,120.0
9915312,116.0
9915328,115.0
9915536,115.0
9916304,116.0
9918560,114.0
9918912,118.0
9919872,118.0
9920768,85.0
9923376,114.0
9923408,118.0
9925616,114.0
9926944,120.0
9928944,85.0
9929184,117.0
9929840,49.0
9930480,113.0
9930512,117.0
9932128,119.0
9932672,116.0
9933440,118.0
9935152,116.0
9935680,119.0
9939984,115.0
9940640,124.0
9940944,115.0
9943504,120.0
9944608,120.0
9944608,115.0
9945824,117.0
9946384,118.0
9950032,119.0
9950032,116.0
9950144,87.0
9950304,117.0
9950352,115.0
9950400,114.0
9950784,117.0
9951408,117.0
9954800,112.0
9954864,115.0
9956864,114.0
9957152,119.0
9957152,119.0
9957184,113.0
9957392,120.0
9958288,112.0
9958416,115.0
9958960,119.0
9960944,121.0
9961296,119.0
9963168,115.0
9963344,118.0
9964864,115.0
9964880,115.0
9967520,86.0
9968416,115.0
9968960,118.0
9969712,118.0
9970432,124.0
9971536,118.0
9971632,117.0
9972016,120.0
9973984,115.0
9973984,114.0
9974432,116.0
9975248,116.0
9975376,120.0
9975600,117.0
9977488,115.0
9978112,117.0
9978576,112.0
9979408,85.0
9980800,83.0
9981008,114.0
9981312,115.0
9982624,117.0
9984576,118.0
9987712,85.0
9991488,116.0
9991680,119.0
9991760,115.0
9992368,85.0
9992896,113.0
9993936,117.0
