step,value
272,2.3529412746429443
320,1.899999976158142
384,1.5833333730697632
400,3.359999895095825
688,1.440000057220459
688,2.82608699798584
720,2.8888888359069824
784,3.224489688873291
816,1.600000023841858
864,2.648648738861084
960,1.8235293626785278
1040,3.1578948497772217
1040,2.5142858028411865
1248,2.392857074737549
1264,1.2083333730697632
1344,2.5217392444610596
1472,2.307692289352417
1584,1.0
1616,1.3809523582458496
1744,2.857142925262451
1888,3.277777671813965
1904,3.529411792755127
1920,2.6470587253570557
1968,1.894736886024475
2096,2.090909004211426
2192,1.8125
2336,1.814814805984497
2352,2.6785714626312256
2416,4.0
2464,2.941176414489746
2560,3.5
2672,2.799999952316284
2688,2.6818182468414307
2720,2.777777671813965
2832,1.5384615659713745
2896,2.359999895095825
2976,2.0
3008,2.95652174949646
3008,2.8421051502227783
3184,3.7567567825317383
3344,1.1428571939468384
3408,1.7826087474822998
3504,3.799999952316284
3520,1.4500000476837158
3552,3.057142972946167
3696,2.0714285373687744
3744,1.8181818723678589
3808,2.2352941036224365
3872,2.2857143878936768
3904,2.0370371341705322
3920,3.2608695030212402
4016,2.119999885559082
4080,2.2352941036224365
4096,2.2352941036224365
4128,2.653846263885498
4224,1.3809523582458496
4304,3.411764621734619
4320,1.0
4336,1.7200000286102295
4480,1.3809523582458496
4576,2.620689630508423
4592,2.2352941036224365
4624,2.6666667461395264
4800,1.1428571939468384
4912,2.5714285373687744
5264,3.6842105388641357
5312,2.7391304969787598
5520,1.8125
5600,3.1764705181121826
5616,1.4500000476837158
5664,1.7241379022598267
5712,2.5
5712,3.5862069129943848
5728,1.0
5920,1.0
5920,1.5263158082962036
5984,2.736842155456543
6000,2.2068965435028076
6032,2.5199999809265137
6064,1.3809523582458496
6112,1.2083333730697632
6128,1.7599999904632568
6144,2.2121212482452393
6208,2.8235294818878174
6272,2.2857143878936768
6352,3.2352941036224365
6416,1.7804877758026123
6496,3.225806474685669
6544,2.640000104904175
6688,2.5517241954803467
6800,2.8529412746429443
6960,4.25
6992,1.7297297716140747
7104,1.4500000476837158
7232,2.0833332538604736
7232,2.4800000190734863
7552,1.0
7696,2.222222328186035
7696,1.7999999523162842
7760,2.299999952316284
7808,2.0399999618530273
7856,1.3809523582458496
8016,2.370370388031006
8304,1.8125
8336,1.6799999475479126
8384,1.8421052694320679
8400,2.736842155456543
8416,2.25
8496,1.4736841917037964
8528,1.0
8688,2.878048896789551
8704,2.7647058963775635
8912,1.8095238208770752
8976,1.0
8976,1.2564102411270142
8976,2.8235294818878174
9072,1.3809523582458496
9072,3.1891891956329346
9120,1.7391303777694702
9168,2.13043475151062
9248,3.6111111640930176
9264,3.2051281929016113
9344,2.5
9360,1.923076868057251
9472,1.8333333730697632
9488,1.4838709831237793
9488,1.0
9488,1.6571428775787354
9552,3.5172414779663086
9696,1.6956521272659302
9744,2.068965435028076
9872,2.6086957454681396
9872,1.2083333730697632
10112,1.9629629850387573
10272,2.2916667461395264
10320,1.5263158082962036
10400,1.84375
10416,4.599999904632568
10544,1.3809523582458496
10592,3.1034483909606934
10592,2.0
10736,3.0833332538604736
10768,2.1379311084747314
10864,3.4848484992980957
10960,1.6666666269302368
10976,2.5999999046325684
11216,2.9166667461395264
11232,3.4000000953674316
11328,3.75
11328,1.4736841917037964
11376,1.440000057220459
11376,1.4500000476837158
11520,2.0333333015441895
11552,1.5263158082962036
11632,1.2083333730697632
11712,3.08695650100708
11792,3.75
11920,2.0416667461395264
12112,3.4482758045196533
12112,2.3043477535247803
12128,3.526315689086914
12160,1.0
12272,2.4848484992980957
12384,1.0
12432,1.0
12448,2.8235294818878174
12656,2.607142925262451
12720,2.3529412746429443
12768,1.9333332777023315
12960,2.4000000953674316
13280,2.452380895614624
13408,2.6086957454681396
13440,2.5806450843811035
13488,2.7272727489471436
13504,3.7804877758026123
13728,2.700000047683716
13728,1.5263158082962036
13840,2.3333332538604736
13904,1.5416666269302368
13936,2.3611111640930176
14256,1.0
14256,2.7941176891326904
14272,2.5151515007019043
14368,2.7333333492279053
14512,2.5
14592,1.0
14656,2.882352828979492
14688,1.5199999809265137
14880,3.461538553237915
14880,3.5306122303009033
14912,2.068965435028076
14928,1.2083333730697632
14976,1.894736886024475
14976,1.0
15120,3.4137930870056152
15120,1.3333333730697632
15152,1.7333333492279053
15232,1.8974359035491943
15344,1.600000023841858
15504,1.625
15696,1.0
15776,2.555555582046509
15792,2.2352941036224365
15888,2.548387050628662
16240,3.5151515007019043
16416,2.03125
16416,1.0
16480,3.1666667461395264
16544,2.538461446762085
16704,2.2765958309173584
16704,2.629629611968994
16736,2.722222328186035
16944,2.0714285373687744
16960,1.2083333730697632
17008,2.6046512126922607
17072,1.5833333730697632
17136,2.2962963581085205
17344,2.0
17344,3.3333332538604736
17424,1.4500000476837158
17456,2.1764705181121826
17728,1.6388888359069824
17744,2.5
17856,1.9615384340286255
17920,1.8125
17952,2.064516067504883
18016,1.2083333730697632
18032,3.882352828979492
18240,2.4210526943206787
18304,2.1764705181121826
18304,1.3448275327682495
18320,2.5
18416,2.0416667461395264
18464,1.814814805984497
18480,2.46875
18624,2.4137930870056152
18816,1.0
18816,1.5263158082962036
18960,1.615384578704834
19056,1.7200000286102295
19072,3.3333332538604736
19152,3.049999952316284
19232,2.559999942779541
19344,1.7391303777694702
19360,1.6451612710952759
19360,2.299999952316284
19392,2.2352941036224365
19408,2.7647058963775635
19440,2.08695650100708
19472,2.736842155456543
19504,2.375
19776,2.17391300201416
19856,3.558823585510254
19856,2.7333333492279053
20032,1.5526316165924072
20048,1.3333333730697632
20176,3.0
20384,3.470588207244873
20480,2.882352828979492
20528,3.055555582046509
20576,5.300000190734863
20592,3.529411792755127
20704,2.2941176891326904
20768,2.470588207244873
20912,2.6315789222717285
20992,2.357142925262451
21040,2.2068965435028076
21104,2.2941176891326904
21232,1.9285714626312256
21312,1.0
21328,1.4736841917037964
21360,2.1481480598449707
21552,1.0
21680,3.0322580337524414
21728,2.6842105388641357
21776,1.600000023841858
21792,1.862069010734558
21856,2.872340440750122
21888,1.8125
22048,1.3636363744735718
22128,2.0833332538604736
22128,2.0
22208,1.0
22288,1.0
22416,2.324324369430542
22448,1.0
22464,2.75
22496,2.461538553237915
22720,3.722222328186035
22800,2.3611111640930176
22880,1.8125
22944,3.125
23008,2.882352828979492
23072,1.9047619104385376
23088,1.0
23136,1.4500000476837158
23168,3.3529412746429443
23200,2.5
23296,1.1428571939468384
23456,3.2564103603363037
23472,2.3043477535247803
23504,4.333333492279053
23536,2.375
23600,1.884615421295166
23664,2.307692289352417
23680,3.4000000953674316
23712,1.8125
23856,1.5263158082962036
23920,1.0
23920,1.0
23968,2.7428572177886963
24032,2.9285714626312256
24160,1.8125
24304,3.04347825050354
24352,1.0
24480,2.4827585220336914
24496,1.6666666269302368
24496,1.3636363744735718
24512,1.875
24544,2.4000000953674316
24672,3.090909004211426
24928,2.08695650100708
24976,1.3448275327682495
24976,2.7931034564971924
25056,2.846153736114502
25168,1.7241379022598267
25200,2.4761905670166016
25248,1.894736886024475
25312,2.1621620655059814
25312,1.9047619104385376
25472,2.0
25488,2.384615421295166
25504,1.95652174949646
25584,1.4736841917037964
25632,1.9333332777023315
25648,2.5
25808,1.4500000476837158
25952,1.0
26176,1.4736841917037964
26272,3.6315789222717285
26336,3.1875
26368,2.2941176891326904
26384,2.2857143878936768
26496,2.4000000953674316
26528,2.4482758045196533
26624,1.5833333730697632
26624,1.600000023841858
26656,2.066666603088379
26720,1.4500000476837158
26784,2.7916667461395264
26832,2.2352941036224365
26928,2.5
26944,2.379310369491577
26960,1.2564102411270142
27120,2.027777671813965
27168,1.6956521272659302
27360,1.736842155456543
27424,1.0
27472,2.8611111640930176
27504,2.058823585510254
27744,1.4736841917037964
27936,2.378378391265869
28080,1.3636363744735718
28112,1.3636363744735718
28176,2.875
28304,2.359999895095825
28336,2.307692289352417
28480,3.392857074737549
28592,1.4736841917037964
28608,1.0
28672,1.9032257795333862
28704,2.0833332538604736
28720,1.9615384340286255
28752,3.2962963581085205
28816,2.2413792610168457
28912,3.0
29136,2.230769157409668
29184,3.0526316165924072
29232,1.0
29280,1.894736886024475
29360,2.690476179122925
29392,2.4242424964904785
29488,1.0
29552,2.6315789222717285
29600,2.5652174949645996
29648,3.529411792755127
29696,1.2083333730697632
29712,2.3255813121795654
29728,3.049999952316284
29776,1.6857142448425293
29808,1.0
29920,2.0399999618530273
29968,2.8214285373687744
30016,1.0
30032,2.08695650100708
30176,1.4500000476837158
30240,2.0
30272,2.5365853309631348
30432,3.5999999046325684
30544,1.7272727489471436
30576,2.4800000190734863
30640,1.862069010734558
30864,2.4347825050354004
30864,2.60606050491333
30912,3.1818182468414307
30928,1.8571428060531616
31024,2.5999999046325684
31072,2.3499999046325684
31232,1.0
31248,2.08695650100708
31312,2.3529412746429443
31552,1.5384615659713745
31776,3.34375
31824,1.0
31856,2.9166667461395264
31936,1.884615421295166
32256,2.0
32336,3.382352828979492
32416,3.440000057220459
32608,3.5999999046325684
32624,2.620689630508423
32640,2.1500000953674316
32656,3.529411792755127
32784,3.1111111640930176
32880,1.4736841917037964
33024,2.4347825050354004
33056,2.7441861629486084
33104,2.6666667461395264
33216,2.2857143878936768
33232,2.8333332538604736
33248,3.0222222805023193
33296,1.3809523582458496
33424,1.4500000476837158
33504,1.2083333730697632
33616,1.9615384340286255
33744,1.4500000476837158
33760,2.7096774578094482
33808,1.923076868057251
33952,3.0999999046325684
34016,2.5652174949645996
34128,2.13043475151062
34224,4.0
34240,2.529411792755127
34320,1.0
34352,3.807692289352417
34464,1.5199999809265137
34496,2.5
34560,1.899999976158142
34576,1.814814805984497
34880,3.4375
34928,3.857142925262451
35168,1.95652174949646
35200,2.6086957454681396
35264,2.9000000953674316
35408,2.5999999046325684
35488,2.5
35616,2.4000000953674316
35808,1.0
35840,2.5806450843811035
35904,2.3333332538604736
35936,1.3333333730697632
35952,1.923076868057251
35968,1.0
36016,1.2083333730697632
36016,3.4680850505828857
36064,1.5263158082962036
36144,1.3809523582458496
36144,2.0
36192,2.5238094329833984
36208,2.1578948497772217
36208,2.722222328186035
36272,1.0
36480,2.5357143878936768
36544,1.8125
36592,2.6666667461395264
36624,4.05555534362793
36640,2.2857143878936768
36832,2.4347825050354004
36864,1.75
36992,2.9259259700775146
37024,1.5263158082962036
37152,2.25
37328,3.095238208770752
37440,1.600000023841858
37472,2.375
37504,1.7241379022598267
37632,2.971428632736206
37696,1.0
37744,1.1428571939468384
37808,1.4736841917037964
37856,3.200000047683716
37856,2.279069662094116
38080,1.8125
38144,4.0
38160,1.0
38224,3.0625
38272,2.4000000953674316
38400,1.4736841917037964
38480,1.0
38608,2.0
38768,2.7878787517547607
38848,3.0370371341705322
38880,3.0303030014038086
38992,1.3333333730697632
39216,1.3636363744735718
39424,2.133333444595337
39456,2.595238208770752
39488,2.7586207389831543
39504,2.8235294818878174
39600,2.86956524848938
39648,4.0740742683410645
39648,3.8518519401550293
39776,1.2000000476837158
39824,1.8333333730697632
39840,1.95652174949646
39920,2.0
39920,2.357142925262451
40016,1.3636363744735718
40112,3.0999999046325684
40144,1.884615421295166
40224,3.8684210777282715
40400,2.777777671813965
40416,1.2083333730697632
40512,1.736842155456543
40624,3.0
40896,1.954545497894287
40960,3.6666667461395264
40992,2.6666667461395264
41024,1.0
41040,1.899999976158142
41216,1.0
41264,1.4500000476837158
41552,3.1111111640930176
41584,2.923076868057251
41600,1.899999976158142
41616,2.3529412746429443
41936,2.0833332538604736
42144,3.04347825050354
42224,2.702702760696411
42336,2.2941176891326904
42400,3.653846263885498
42480,3.170731782913208
42496,5.323529243469238
42496,3.2121212482452393
42640,2.75
42672,3.375
42672,1.899999976158142
42848,3.8333332538604736
43008,2.5471699237823486
43008,2.640000104904175
43072,2.9166667461395264
43168,1.0
43216,2.13043475151062
43248,1.692307710647583
43328,1.5263158082962036
43376,2.269230842590332
43456,2.6666667461395264
43520,2.375
43616,2.529411792755127
43648,4.692307472229004
43664,2.4000000953674316
43728,2.117647171020508
43760,2.3611111640930176
43760,2.1052632331848145
43824,3.7037036418914795
43936,1.0
43984,2.6875
43984,2.382352828979492
44096,2.3499999046325684
44240,2.4347825050354004
44240,2.799999952316284
44256,2.857142925262451
44336,2.2580645084381104
44368,2.0833332538604736
44400,2.941176414489746
44544,3.444444417953491
44592,1.3333333730697632
44800,3.153846263885498
44848,3.2962963581085205
44880,2.3499999046325684
45040,2.17391300201416
45056,2.3333332538604736
45168,2.759999990463257
45328,2.2941176891326904
45360,2.444444417953491
45408,2.4864864349365234
45568,2.5999999046325684
45600,2.8378379344940186
45648,2.724138021469116
45664,2.857142925262451
45696,2.880000114440918
45776,3.6363637447357178
45776,2.0
45952,2.4210526943206787
45968,3.4375
45984,2.82608699798584
46000,3.9189188480377197
46016,2.5
46096,1.9333332777023315
46192,2.1666667461395264
46240,3.117647171020508
46272,1.0
46480,1.7999999523162842
46560,3.125
46672,2.954545497894287
46672,1.875
46720,2.6111111640930176
46720,1.8125
46992,1.8125
47008,2.125
47072,3.125
47152,2.384615421295166
47168,4.0740742683410645
47168,2.592592477798462
47472,1.0
47504,3.4468085765838623
47536,3.944444417953491
47536,1.75
47536,2.759999990463257
47616,2.0740740299224854
47648,2.653846263885498
47680,3.4864864349365234
47696,3.0526316165924072
47712,3.3636362552642822
47920,3.444444417953491
47936,2.884615421295166
47968,2.941176414489746
48000,3.5714285373687744
48160,3.461538553237915
48208,4.2682929039001465
48320,1.8333333730697632
48480,3.390625
48512,3.8888888359069824
48624,1.884615421295166
48736,3.4000000953674316
48784,2.75
48880,2.3235294818878174
48896,1.8333333730697632
48944,2.8214285373687744
48944,2.948051929473877
48944,1.5263158082962036
49008,2.857142925262451
49056,1.8125
49104,1.4814814329147339
49232,2.941176414489746
49312,1.8125
49520,2.903225898742676
49648,3.0
49712,3.085106372833252
49856,1.6956521272659302
49984,2.151515245437622
50032,2.107142925262451
50176,3.0
50240,3.454545497894287
50592,4.090909004211426
50768,2.809523820877075
50944,3.4782607555389404
50976,2.4590163230895996
50992,4.470588207244873
51040,3.3720929622650146
51296,2.1111111640930176
51360,2.5116279125213623
51376,3.0
51616,3.8888888359069824
51616,2.6956522464752197
51616,3.942307710647583
51648,3.4375
51968,1.5263158082962036
52080,3.2068965435028076
52320,2.857142925262451
52352,2.941176414489746
52416,1.814814805984497
52416,3.1111111640930176
52432,2.857142925262451
52480,4.400000095367432
52736,3.277777671813965
52784,4.285714149475098
52800,1.0
52928,4.441176414489746
52976,1.8125
53008,2.7333333492279053
53024,2.370370388031006
53216,3.2068965435028076
53248,2.8947367668151855
53312,3.6666667461395264
53424,3.444444417953491
53440,3.1627907752990723
53696,3.04347825050354
53840,4.069767475128174
54016,3.7906975746154785
54048,3.759999990463257
54080,2.3043477535247803
54160,3.4848484992980957
54176,3.0
54336,2.0
54352,2.5675675868988037
54384,4.25
54416,3.1891891956329346
54416,2.0833332538604736
54512,2.857142925262451
54816,1.5384615659713745
55072,3.7333333492279053
55136,3.0303030014038086
55184,1.7391303777694702
55216,2.78125
55248,1.899999976158142
55296,2.08695650100708
55344,2.2962963581085205
55600,4.392857074737549
55632,3.5999999046325684
55680,2.675675630569458
55808,3.461538553237915
55808,3.5714285373687744
55872,2.2941176891326904
55968,1.7777777910232544
55984,2.617647171020508
56000,1.3636363744735718
56032,2.454545497894287
56064,2.5106382369995117
56144,2.0714285373687744
56224,2.884615421295166
56352,1.0
56416,3.200000047683716
56432,2.5185184478759766
56784,3.846153736114502
56816,1.95652174949646
56912,3.1363637447357178
56928,4.6875
57008,1.875
57008,3.5652174949645996
57072,3.0
57152,1.9666666984558105
57232,2.903225898742676
57264,1.4500000476837158
57344,1.4500000476837158
57376,3.7647058963775635
57680,3.4782607555389404
57840,2.1052632331848145
57904,3.8888888359069824
58064,4.230769157409668
58144,4.638298034667969
58160,2.472222328186035
58448,4.0
58448,2.8888888359069824
58448,3.5957446098327637
58496,2.846153736114502
58544,3.9583332538604736
58672,4.037036895751953
58768,1.4736841917037964
58768,1.0
58848,3.777777671813965
58944,1.8541666269302368
59120,2.08695650100708
59216,2.5862069129943848
59424,2.6190476417541504
59584,2.3606557846069336
59728,2.7608695030212402
59824,3.407407522201538
59920,1.9473683834075928
60048,2.1052632331848145
60192,2.903225898742676
60288,2.3181817531585693
60384,3.5862069129943848
60528,1.5199999809265137
60624,4.0
60736,3.629629611968994
60896,3.529411792755127
60912,3.5757575035095215
61040,3.5999999046325684
61104,2.5714285373687744
61152,3.452380895614624
61248,2.592592477798462
62032,4.385964870452881
62048,2.880000114440918
62080,3.9166667461395264
62096,2.941176414489746
62240,3.8064515590667725
62368,2.058823585510254
62448,3.095238208770752
62496,3.200000047683716
62528,3.548387050628662
62640,4.722222328186035
62720,2.595238208770752
62736,4.566666603088379
62864,1.6666666269302368
62880,4.6785712242126465
63008,2.3529412746429443
63200,2.0714285373687744
63200,4.6315789222717285
63296,3.125
63392,3.950000047683716
63568,3.1818182468414307
63888,2.5
63936,3.0740740299224854
63984,4.538461685180664
64080,4.0740742683410645
64176,1.0
64304,3.78947377204895
64304,3.675675630569458
64400,2.6785714626312256
64576,1.6666666269302368
64656,2.7272727489471436
64656,3.409090995788574
64768,4.214285850524902
64992,3.8541667461395264
65136,3.1379311084747314
65360,2.25
65440,4.047618865966797
65472,2.5
65664,3.5999999046325684
65952,2.692307710647583
65952,2.689655065536499
65968,2.0
65968,2.8958332538604736
65968,2.5517241954803467
66128,1.8125
66416,3.7647058963775635
66416,3.953488349914551
66496,5.0
66576,3.6052632331848145
66608,4.722222328186035
66896,4.341176509857178
67296,3.809523820877075
67360,3.4375
67360,2.6785714626312256
67648,4.324324131011963
67664,3.194444417953491
67840,4.058823585510254
67904,3.5757575035095215
67936,1.0
68064,3.799999952316284
68064,2.6666667461395264
68112,4.583333492279053
68128,2.809523820877075
68560,3.3658535480499268
68624,5.161290168762207
68800,4.404761791229248
68816,3.3714284896850586
68928,4.18367338180542
69008,3.2058823108673096
69056,3.076923131942749
69200,4.107142925262451
69328,4.0625
69392,3.265625
69552,3.3620688915252686
69568,4.782608509063721
69760,4.857142925262451
69760,3.6764705181121826
69760,4.0714287757873535
69856,4.211538314819336
70112,1.8571428060531616
70384,2.1521739959716797
70432,2.4390244483947754
70432,5.4347825050354
70528,2.0
70592,3.9600000381469727
70624,3.7666666507720947
70624,4.722222328186035
70800,1.923076868057251
70896,3.055555582046509
71008,3.1315789222717285
71120,2.857142925262451
71168,3.39393949508667
71232,3.9189188480377197
71248,2.592592477798462
71392,1.3809523582458496
71488,5.588235378265381
71504,2.9189188480377197
71808,5.357142925262451
71808,2.5714285373687744
71840,4.418604850769043
71920,2.08695650100708
72000,3.4000000953674316
72160,4.785714149475098
72208,1.2083333730697632
72352,2.575000047683716
72416,3.696969747543335
72624,3.1600000858306885
72736,4.909090995788574
72800,4.513513565063477
72832,1.4736841917037964
72896,3.297297239303589
72928,2.548387050628662
73152,1.0
73168,2.7272727489471436
73264,3.7727272510528564
73296,4.2682929039001465
73408,3.375
73616,3.0
73776,2.4137930870056152
73792,4.029411792755127
74048,1.8125
74080,3.461538553237915
74128,2.7272727489471436
74432,1.440000057220459
74464,5.0
74560,4.3125
74608,1.9666666984558105
74704,4.0535712242126465
74768,3.142857074737549
74896,3.3333332538604736
74976,4.666666507720947
74992,4.852941036224365
75152,3.547619104385376
75168,4.477612018585205
75296,3.3333332538604736
75344,5.0
75408,3.384615421295166
75696,4.705882549285889
75808,3.548387050628662
75824,4.148148059844971
75856,3.0
76256,3.529411792755127
76448,3.75
76624,4.090909004211426
76688,3.440000057220459
76688,3.799999952316284
76752,2.6666667461395264
76896,2.7948718070983887
76928,4.264151096343994
77104,4.240506172180176
77664,2.3043477535247803
77760,1.8125
77760,5.094339847564697
77920,4.175000190734863
78224,4.5
78240,4.385964870452881
78336,2.0
78896,5.375
78912,4.400000095367432
78944,3.4848484992980957
78960,2.5
78976,2.6666667461395264
78976,2.4583332538604736
79488,2.6500000953674316
79552,3.7411763668060303
79584,3.7837836742401123
79952,3.8888888359069824
80016,4.333333492279053
80496,2.777777671813965
80560,3.3333332538604736
80576,3.8684210777282715
80672,3.1666667461395264
80704,3.621621608734131
81328,4.345454692840576
81504,2.7083332538604736
81856,4.199999809265137
81968,4.6875
82144,4.102564334869385
82256,1.7272727489471436
82416,5.0
82496,2.692307710647583
82576,4.5625
82720,4.214285850524902
82736,4.7959184646606445
82928,3.076923131942749
82928,4.117647171020508
83376,4.692307472229004
84000,4.767123222351074
84208,2.6111111640930176
84528,4.642857074737549
84544,3.8888888359069824
84880,4.9494948387146
84960,1.5199999809265137
85024,3.8499999046325684
85040,3.4848484992980957
85088,5.42168664932251
85152,2.777777671813965
85456,3.853658437728882
85456,5.153846263885498
85632,5.243902206420898
85632,3.8620688915252686
85856,3.5999999046325684
85936,2.6785714626312256
86096,4.230769157409668
86464,3.0
86512,4.387096881866455
86592,4.882352828979492
86720,4.676056385040283
86736,3.692307710647583
86768,4.230769157409668
87024,5.457627296447754
87040,3.86956524848938
87184,3.7837836742401123
87328,5.133333206176758
87488,4.5853657722473145
87600,4.852941036224365
87728,3.125
87776,4.17391300201416
88480,5.087719440460205
88576,2.6315789222717285
88848,3.9710144996643066
88880,4.904761791229248
89264,5.1086955070495605
89408,3.2571427822113037
89504,3.5135135650634766
89696,4.134615421295166
89728,3.0
89792,3.588235378265381
89840,5.256410121917725
89952,4.0217390060424805
90032,3.3333332538604736
90080,5.377358436584473
90208,5.431034564971924
90272,4.485714435577393
90544,4.032258033752441
90848,4.4571428298950195
90864,5.55555534362793
90912,4.465116500854492
90944,2.7941176891326904
91040,5.4285712242126465
91280,4.8214287757873535
91456,4.0
91600,4.956521511077881
91856,5.520833492279053
91872,5.0
91904,5.063291072845459
91984,5.2040815353393555
92096,5.526315689086914
92448,4.878787994384766
92496,3.9583332538604736
92512,5.5
92576,5.120481967926025
93008,3.222222328186035
93088,4.893333435058594
93280,4.392157077789307
93328,5.681818008422852
93648,2.6363637447357178
93664,3.2962963581085205
93696,1.7272727489471436
93808,4.938271522521973
93936,5.096153736114502
94304,4.883720874786377
94336,4.655172348022461
94384,5.2727274894714355
94448,3.8541667461395264
94512,4.2682929039001465
94688,5.0
95568,5.5
95600,5.180327892303467
95760,5.392157077789307
95888,5.681818008422852
96016,5.193798542022705
96016,5.161290168762207
96080,4.629629611968994
96464,3.7567567825317383
96480,4.782608509063721
96752,5.352112770080566
96880,4.905660152435303
96944,1.8125
97040,5.193548202514648
97088,5.214285850524902
97136,2.0
97216,4.652777671813965
97232,5.0
97408,3.75
97552,4.677419185638428
97552,2.5
97776,6.0
98208,4.875
98368,3.6857142448425293
98752,6.4285712242126465
98944,5.08474588394165
99232,5.711538314819336
99424,5.300000190734863
99840,5.777777671813965
99872,5.24271821975708
99904,4.375
99920,5.900000095367432
100336,5.714285850524902
100816,6.090909004211426
101104,4.051723957061768
101136,3.86956524848938
101152,3.7735848426818848
101600,2.8947367668151855
101808,5.365853786468506
101968,4.638888835906982
102336,1.7391303777694702
102656,5.489583492279053
102800,5.1744184494018555
102960,3.6578948497772217
103200,5.512820720672607
103360,5.363636493682861
103424,4.75
103504,5.736842155456543
103616,5.352941036224365
103680,4.392857074737549
104128,5.0
104352,4.153846263885498
104352,4.719298362731934
104384,4.893617153167725
104464,4.222222328186035
104496,4.714285850524902
104832,4.893617153167725
104960,4.942307472229004
104976,4.9210524559021
105056,4.659090995788574
105424,5.303030490875244
105520,4.222222328186035
105584,5.197368621826172
105632,5.625
105808,4.419753074645996
106208,5.3125
106560,5.514403343200684
106560,3.4482758045196533
106608,5.102040767669678
106608,5.666666507720947
106944,3.25
107584,5.294117450714111
107712,4.130434989929199
107776,5.185184955596924
108192,5.745341777801514
108944,4.729729652404785
109024,5.614035129547119
109232,5.398773193359375
109664,4.509433746337891
109760,5.222222328186035
109760,5.0
109792,5.212766170501709
110176,5.627906799316406
110624,5.714285850524902
110688,4.8214287757873535
110848,5.609755992889404
111168,4.137930870056152
111504,5.3813557624816895
111520,4.516129016876221
111968,6.065573692321777
112400,5.142857074737549
112624,3.277777671813965
112768,4.505494594573975
113312,5.9375
113984,5.658914566040039
114624,5.140625
114912,6.404494285583496
115088,5.142857074737549
115568,4.925000190734863
115584,4.9220781326293945
115712,5.373831748962402
116224,3.161290407180786
116304,5.238636493682861
116416,5.568181991577148
116800,5.5
117248,5.4666666984558105
117600,5.795454502105713
118336,5.402298927307129
118496,5.57692289352417
118528,5.2784810066223145
119024,5.545454502105713
119136,5.3684210777282715
119216,5.045454502105713
119248,5.641025543212891
119472,5.4285712242126465
119520,3.4782607555389404
119696,5.202381134033203
119728,4.800000190734863
119904,6.145833492279053
120736,5.588235378265381
121024,5.0
121072,5.1785712242126465
121184,3.4210526943206787
121280,5.151515007019043
121456,3.91304349899292
121472,4.44444465637207
121952,5.375
121984,4.5
122064,4.954128265380859
122144,5.729166507720947
122384,5.535714149475098
122640,5.784090995788574
122800,4.382352828979492
122912,6.0
122912,5.294117450714111
122928,5.520833492279053
123200,6.538461685180664
123296,5.430463790893555
123728,5.780141830444336
123744,4.901960849761963
124128,3.9583332538604736
124192,5.566037654876709
124272,5.886363506317139
124368,5.505618095397949
124384,5.769230842590332
125184,5.897435665130615
125232,5.11494255065918
125552,5.340909004211426
125600,5.8275861740112305
125984,5.896226406097412
126160,6.164383411407471
126208,5.873015880584717
126480,1.4736841917037964
126768,5.344827651977539
126992,5.986546993255615
127104,5.0
127200,4.5652174949646
127408,5.40350866317749
127472,6.142857074737549
127536,6.060606002807617
127808,6.627906799316406
127824,4.96875
127872,4.431818008422852
127984,6.875
128224,4.199999809265137
128272,5.660377502441406
128688,6.415094375610352
129184,6.5740742683410645
129648,5.775862216949463
129680,5.442105293273926
129760,5.785714149475098
129792,5.599999904632568
130064,5.384615421295166
130560,2.9666666984558105
130848,4.647058963775635
131184,5.315789699554443
131504,6.433962345123291
131600,5.277777671813965
131744,5.53125
131856,6.40625
131984,5.862069129943848
132064,5.263157844543457
132064,4.107142925262451
132288,4.375
132480,4.777777671813965
132544,5.772357940673828
133440,6.242236137390137
133984,5.967741966247559
134160,5.887850284576416
134240,5.793991565704346
134640,5.619834899902344
134768,6.25
135696,6.277777671813965
136240,5.357142925262451
136320,5.833333492279053
136400,6.363636493682861
136736,3.777777671813965
136800,6.122270584106445
137040,4.743589878082275
137056,6.277486801147461
137360,6.0
137504,5.018518447875977
138400,6.08433723449707
138784,6.5625
138784,5.4464287757873535
139312,4.0625
139728,6.69291353225708
140352,6.199095249176025
140672,6.150442600250244
141264,6.050228118896484
141616,6.810344696044922
141664,6.08695650100708
141680,6.445497512817383
142208,6.818181991577148
142464,5.9375
142944,5.774336338043213
143152,5.982905864715576
143152,6.380368232727051
143312,5.714285850524902
143424,5.609755992889404
144064,6.190476417541504
144864,6.5625
145264,5.816993236541748
145728,6.118012428283691
145744,5.400000095367432
146176,6.25
146192,6.221374034881592
146432,5.4639177322387695
146688,6.0227274894714355
146752,5.645161151885986
147008,6.117647171020508
147312,6.36771297454834
147936,4.5
148064,6.5401787757873535
148384,5.789473533630371
148544,5.052631378173828
148816,6.34782600402832
149440,6.058479309082031
150464,5.892857074737549
150528,6.484018325805664
150928,6.56488561630249
150944,6.725663661956787
151088,6.419753074645996
151344,6.473214149475098
151520,5.883720874786377
151600,6.129032135009766
151760,6.213872909545898
151920,6.113636493682861
152064,5.9259257316589355
152064,5.3214287757873535
152560,6.397058963775635
152592,5.518518447875977
152608,6.385542392730713
152672,3.75
152736,5.609755992889404
152880,5.789473533630371
153440,5.882352828979492
153584,5.519230842590332
154544,6.259259223937988
154736,5.830986022949219
155184,6.388888835906982
155664,5.438596725463867
155744,6.375545978546143
155952,6.5
156272,6.294642925262451
156384,6.065088748931885
156672,2.941176414489746
157616,6.034482955932617
158656,5.744185924530029
158672,6.123595714569092
158736,6.359223365783691
158992,5.199999809265137
159008,3.75
159280,6.568181991577148
159872,4.811320781707764
160080,6.265305995941162
160224,5.0
160400,6.467889785766602
160480,6.176470756530762
160736,6.49350643157959
160784,3.91304349899292
160944,4.0625
160944,4.642857074737549
161168,6.015267372131348
161744,5.0
161776,3.6956522464752197
162048,5.679012298583984
162496,6.617647171020508
162800,6.4347825050354
162864,5.844155788421631
163488,6.111111164093018
163696,6.369863033294678
163792,6.299212455749512
164528,6.25
164768,6.041666507720947
165520,6.371681213378906
165696,6.134259223937988
166336,6.315789699554443
167904,6.237623691558838
167936,6.4873948097229
168048,6.075949192047119
168112,6.591928482055664
168320,6.561086177825928
168752,5.9259257316589355
168784,4.925373077392578
169072,6.080745220184326
170464,6.4285712242126465
172576,5.744680881500244
172608,6.863636493682861
173152,5.696969509124756
173616,6.757990837097168
173920,6.024096488952637
174192,6.917098522186279
174368,6.5806450843811035
174912,7.1777777671813965
175024,6.814159393310547
175168,6.75
175280,6.4361701011657715
175968,6.784688949584961
176112,6.834862232208252
176240,6.759259223937988
176640,6.94915246963501
177600,6.837209224700928
177664,6.647058963775635
178192,6.674312114715576
178400,5.144927501678467
178512,6.5401787757873535
178592,7.252252101898193
178784,6.025640964508057
179248,7.064219951629639
179680,6.73913049697876
179760,6.801242351531982
179824,6.851851940155029
179824,6.7488789558410645
179904,6.0107526779174805
180128,6.688889026641846
180160,6.911110877990723
180720,6.470588207244873
181200,5.42553186416626
181216,5.333333492279053
181616,7.484848499298096
181728,6.939655303955078
182240,6.488372325897217
182304,7.289156436920166
182320,6.363636493682861
183616,6.588235378265381
183760,7.0987653732299805
184144,6.803278923034668
184176,6.77419376373291
184512,6.176470756530762
184576,6.4285712242126465
184848,6.190476417541504
185968,6.5625
186064,6.911110877990723
186192,6.75
187104,6.770186424255371
187200,7.177914142608643
187744,6.5
188704,6.623376846313477
188736,6.89497709274292
188976,5.986842155456543
189072,6.770833492279053
189120,6.63265323638916
189616,6.755555629730225
190064,6.643835544586182
190176,6.5
190336,6.704545497894287
191152,6.61244010925293
191328,7.247706413269043
192720,6.543210029602051
193152,5.384615421295166
193728,6.590909004211426
193760,6.706521511077881
193888,6.94444465637207
194128,6.5740742683410645
194224,6.94444465637207
195264,6.111111164093018
195744,6.573033809661865
196032,6.946902751922607
196208,6.569506645202637
196336,5.5
196496,6.279069900512695
196720,6.936936855316162
197008,5.365853786468506
197232,6.92307710647583
197264,6.8761467933654785
197632,6.5
197696,6.7792792320251465
197952,7.1929826736450195
198544,6.65217399597168
198704,6.758241653442383
199424,6.597938060760498
199744,6.755555629730225
200944,6.764705657958984
201280,7.26457405090332
201408,6.92307710647583
201488,6.666666507720947
202160,5.5
202336,6.90625
203120,6.358024597167969
203232,6.099173545837402
203840,7.01298713684082
204256,6.860986709594727
204368,7.03125
204704,6.363636493682861
204960,7.013574600219727
205040,6.877828121185303
205872,6.909090995788574
206752,7.0625
206864,6.738197326660156
207328,7.166666507720947
207632,6.733333110809326
208160,7.32608699798584
209008,6.896551609039307
209328,7.222222328186035
209664,7.0
210720,7.123287677764893
210960,6.84782600402832
211760,6.107526779174805
212592,7.017937183380127
213792,6.929824352264404
213840,6.92307710647583
214160,7.202643394470215
214448,6.199999809265137
214512,7.285068035125732
214624,7.16292142868042
215040,6.949541091918945
215104,7.151162624359131
215184,7.349397659301758
216128,6.801801681518555
217600,7.032710075378418
217648,7.422222137451172
218176,7.241379261016846
218320,6.560975551605225
218608,7.52293586730957
219792,6.6581196784973145
220464,6.417391300201416
220848,7.5
220928,6.543210029602051
220976,7.0547943115234375
221088,7.188940048217773
221168,7.052401542663574
221216,6.589861869812012
221824,7.294117450714111
222016,7.8125
222336,7.0547943115234375
222352,7.21875
222816,7.543859481811523
223408,6.753246784210205
223584,7.692307472229004
224096,7.288135528564453
224320,7.305699348449707
224496,7.534246444702148
224880,6.75
224880,7.2151899337768555
225440,7.2769951820373535
225472,7.058823585510254
227216,7.3125
227744,7.400000095367432
227840,7.363636493682861
227936,7.2272725105285645
228400,7.350427150726318
228432,7.262443542480469
228544,7.195121765136719
229056,6.710526466369629
229584,6.931818008422852
229648,7.152777671813965
229808,7.2272725105285645
229920,6.259259223937988
230832,6.891891956329346
231296,7.023255825042725
231488,7.420814514160156
232016,6.875
232528,7.037036895751953
234352,7.077625751495361
234832,6.404761791229248
234912,6.6847825050354
235280,7.199999809265137
236112,6.9730939865112305
236272,7.222222328186035
236496,6.8487396240234375
236896,7.591742992401123
238320,6.77419376373291
238608,7.6086955070495605
238624,7.229729652404785
238656,7.018348693847656
238816,6.875
240256,7.090909004211426
240304,6.761904716491699
241200,7.066666603088379
241696,7.528090000152588
243216,7.313084125518799
244656,7.092511177062988
245872,6.902654647827148
245968,7.657657623291016
246320,7.02222204208374
246400,7.136563777923584
246592,6.315789699554443
247712,7.217194557189941
247776,6.666666507720947
247952,7.1929826736450195
248256,7.6339287757873535
248704,4.44444465637207
248832,6.7312774658203125
248880,7.0720720291137695
249472,5.846153736114502
250080,7.16589879989624
250368,7.2727274894714355
251344,6.9819817543029785
251840,6.280701637268066
252560,7.181818008422852
252560,7.045454502105713
253008,7.0886077880859375
253024,6.900452613830566
255824,6.849315166473389
256144,7.174887657165527
256752,6.863636493682861
257216,7.239819049835205
259280,6.54639196395874
259328,7.252252101898193
259456,6.956521511077881
259536,7.745664596557617
259776,7.323009014129639
260304,7.030567646026611
261616,7.0
261824,7.1621623039245605
262080,7.657657623291016
263312,7.7272725105285645
263456,7.409090995788574
263792,6.516393661499023
263872,6.992481231689453
266000,7.702702522277832
266368,7.1621623039245605
266432,7.169811248779297
266720,7.232142925262451
266864,7.027027130126953
266944,7.586206912994385
267040,6.5853657722473145
267408,6.933333396911621
268576,7.28000020980835
268800,6.912442207336426
270672,7.433628082275391
270976,7.207207202911377
273312,8.022856712341309
273648,7.340540409088135
275712,7.511210918426514
275856,7.780269145965576
275952,7.3684210777282715
276112,7.0
276320,7.706421852111816
276368,7.725225448608398
276400,8.054298400878906
276576,7.5471696853637695
276880,7.958715438842773
277360,5.745762825012207
277520,7.17391300201416
277888,7.139534950256348
278576,7.933333396911621
279344,6.489361763000488
281584,7.763975143432617
283488,6.849999904632568
283936,6.969696998596191
284048,7.704545497894287
284960,7.785387992858887
285024,7.252631664276123
285072,7.718894004821777
285904,7.743362903594971
286752,7.287233829498291
286752,7.710280418395996
287152,7.533632278442383
287408,7.1759257316589355
288272,7.669902801513672
288656,7.802690505981445
289408,7.889908313751221
289536,8.198198318481445
290048,7.891566276550293
290560,7.688889026641846
290768,7.866666793823242
291040,8.141592979431152
291200,8.206277847290039
291344,7.386363506317139
292160,7.706421852111816
292192,8.156682014465332
292208,7.7011494636535645
293440,7.183544158935547
294096,7.981651306152344
294512,7.523148059844971
295456,6.111111164093018
295712,7.857142925262451
296944,8.440366744995117
297792,7.956521511077881
298032,7.9464287757873535
298176,7.755102157592773
298320,8.042327880859375
298576,7.641509532928467
299600,7.5
301872,8.280543327331543
302320,7.7533040046691895
302896,7.972972869873047
302896,7.964601993560791
303168,8.036809921264648
303392,8.21100902557373
303744,7.307692527770996
304032,7.128205299377441
305120,8.02690601348877
305152,7.344827651977539
305424,8.100000381469727
306240,8.34080696105957
306640,8.35616397857666
307424,7.995594501495361
307584,7.941176414489746
307760,8.009049415588379
307808,7.688889026641846
309744,8.348624229431152
309792,8.089430809020996
310336,7.6875
311040,8.533333778381348
311280,7.6339287757873535
312000,8.355555534362793
312624,8.25991153717041
313392,8.147321701049805
314800,8.46846866607666
314912,8.097345352172852
315472,7.972727298736572
315488,7.830188751220703
316240,7.85067892074585
316704,7.457627296447754
318944,7.767857074737549
319072,7.924107074737549
319088,8.526785850524902
319200,7.573529243469238
319984,8.106194496154785
320240,7.822085857391357
320272,8.153153419494629
320448,8.04444408416748
320560,7.901785850524902
320672,8.385650634765625
321040,8.163265228271484
321200,7.786259651184082
321312,8.06306266784668
321840,8.05555534362793
322592,8.149779319763184
322704,8.081395149230957
323360,7.950450420379639
324944,7.743902206420898
325392,8.21100902557373
326368,7.995495319366455
326784,7.923497200012207
327344,8.119266510009766
327552,7.404255390167236
328496,7.918551921844482
328640,8.050458908081055
329328,8.090909004211426
329616,8.16513729095459
329808,8.302752494812012
329856,7.681818008422852
330080,7.9220781326293945
330128,6.693877696990967
330864,7.662337779998779
331024,7.916666507720947
331088,7.8755364418029785
331264,8.061674118041992
332032,8.090909004211426
332240,7.802690505981445
332320,7.926267147064209
333840,7.914285659790039
334736,8.061674118041992
335632,8.526785850524902
335888,7.464788913726807
336832,8.101851463317871
338416,7.861445903778076
339200,8.60360336303711
339216,7.892376899719238
340720,7.764976978302002
340768,7.84403657913208
340960,7.828828811645508
341520,7.788018226623535
342544,7.843137264251709
342784,7.950450420379639
344208,7.958715438842773
344352,8.230088233947754
344432,7.657657623291016
345200,8.095237731933594
345680,8.066666603088379
346000,7.813953399658203
346704,6.117647171020508
347024,7.560240745544434
347520,7.84403657913208
348256,6.5
348624,8.173516273498535
348784,8.119266510009766
349552,7.374429225921631
351024,6.92307710647583
352256,7.828054428100586
352352,7.635135173797607
352464,7.621145248413086
352592,7.52212381362915
353552,7.891891956329346
353696,7.641921520233154
354080,6.909090995788574
354704,7.445415019989014
354928,7.75
355328,7.613636493682861
355648,7.342342376708984
355712,7.358490467071533
357296,7.767857074737549
357424,7.635135173797607
357456,7.484076499938965
358528,7.371428489685059
358560,7.590361595153809
358720,7.808988571166992
359664,7.589285850524902
360640,7.9452056884765625
361008,7.330316543579102
361216,7.648401737213135
361552,7.7906975746154785
361600,7.511111259460449
361888,7.511520862579346
362144,7.590909004211426
362464,6.511627674102783
363488,7.731958866119385
363664,7.647058963775635
364256,7.606837749481201
364464,7.543749809265137
364816,7.782805442810059
364832,7.825112342834473
365152,7.805429935455322
365184,5.59375
365760,7.244444370269775
367200,7.792792797088623
367936,7.772925853729248
368672,8.173516273498535
368784,7.687861442565918
369376,7.929515361785889
370304,7.7419352531433105
370848,7.590909004211426
371136,8.150288581848145
371392,8.195266723632812
372288,7.9213480949401855
372432,8.155555725097656
372832,7.567567348480225
373168,7.951541900634766
373936,8.407079696655273
374624,8.043478012084961
375872,8.210526466369629
377584,7.848837375640869
378176,7.737556457519531
378688,8.181818008422852
379264,7.798165321350098
379360,7.870370388031006
381024,7.84403657913208
381200,7.3913044929504395
382416,8.202764511108398
382784,7.705627918243408
382816,8.05309772491455
382832,8.153153419494629
382912,8.190045356750488
384432,8.04444408416748
384496,7.911110877990723
384576,8.144796371459961
384736,7.5
384736,8.272727012634277
385520,7.592592716217041
386256,6.842105388641357
386480,7.764705657958984
387168,8.07453441619873
387920,7.657657623291016
388608,7.579908847808838
389040,7.7272725105285645
390272,7.782805442810059
391040,7.853881359100342
391216,7.860261917114258
391856,7.567567348480225
392624,7.892376899719238
393856,8.109756469726562
394112,7.892376899719238
394624,7.892376899719238
394672,7.512953281402588
395024,7.3214287757873535
397008,7.5227274894714355
397216,7.4242424964904785
397296,7.802690505981445
397856,8.0921049118042
398304,7.566371917724609
399712,8.026315689086914
399984,8.198198318481445
401456,8.102678298950195
401840,7.708333492279053
403152,7.863636493682861
403408,6.792683124542236
403968,7.567567348480225
404352,7.666666507720947
404544,7.942477703094482
405440,8.125
406592,7.638036727905273
407232,7.853881359100342
407696,7.696969509124756
407904,7.737556457519531
408288,7.82608699798584
408336,7.754237174987793
408880,7.830188751220703
408960,7.625570774078369
410160,7.792792797088623
410192,7.847533702850342
410656,7.567567348480225
411696,7.210526466369629
411760,7.488263130187988
411856,7.657657623291016
412352,8.202764511108398
412992,7.307692527770996
414208,7.533936500549316
414832,7.9910712242126465
415168,7.6712327003479
415408,7.466960430145264
415920,7.8318586349487305
416016,7.307692527770996
417376,7.8481011390686035
419296,7.926267147064209
419552,7.363636493682861
420048,5.0
420320,7.857142925262451
420912,7.909090995788574
421520,7.802690505981445
423216,7.637614727020264
423760,8.051947593688965
423856,8.045454978942871
424736,7.5
426224,7.567567348480225
426864,7.3255815505981445
427008,7.748691082000732
427520,7.8947367668151855
428144,8.199999809265137
428256,7.6712327003479
428960,7.647058963775635
430368,7.7130045890808105
430464,7.6327433586120605
430720,7.513227462768555
432032,7.757847309112549
432544,7.937219619750977
433184,7.746479034423828
433680,7.4666666984558105
433728,7.828054428100586
433952,7.657657623291016
433968,7.901785850524902
434240,7.982456207275391
434944,7.692307472229004
435088,7.955555438995361
435232,7.7272725105285645
435360,7.625570774078369
436192,7.533039569854736
436832,7.7533040046691895
436864,8.067484855651855
436928,7.592592716217041
438160,7.853535175323486
439744,7.403846263885498
440992,7.476851940155029
441680,8.099547386169434
442032,7.535211086273193
442176,7.84403657913208
442480,7.176470756530762
443232,8.229166984558105
443696,8.288288116455078
444608,7.579908847808838
445296,6.190476417541504
445440,7.853773593902588
445888,4.814815044403076
446048,7.534246444702148
446112,7.69911527633667
446160,7.544642925262451
446656,7.8125
447248,8.009049415588379
447856,7.805309772491455
448464,8.3125
449264,7.3972601890563965
449632,7.808218955993652
449792,7.800994873046875
450384,7.97777795791626
452320,7.590909004211426
453936,7.511520862579346
455104,5.769230842590332
455712,7.672811031341553
456560,7.654321193695068
456768,7.857142925262451
456944,7.614678859710693
456992,7.453703880310059
457216,7.8009257316589355
457520,7.421524524688721
459264,7.647058963775635
459632,7.8318586349487305
460464,7.305935859680176
461200,7.285714149475098
462048,6.845238208770752
462192,7.587719440460205
463920,7.6339287757873535
464224,7.446808338165283
464304,7.1165642738342285
464704,7.2580647468566895
464720,7.168949604034424
465088,7.558139324188232
465120,7.199999809265137
465664,7.098214149475098
466848,7.4846625328063965
467072,7.813953399658203
467408,7.421383857727051
467664,7.455357074737549
468336,7.666666507720947
468624,6.94915246963501
469312,6.896551609039307
469424,8.0625
469488,7.777777671813965
469664,7.453416347503662
470400,7.601809978485107
471232,7.3972601890563965
471568,8.009049415588379
472416,7.2538862228393555
473120,7.26086950302124
473328,7.706421852111816
473616,7.246376991271973
473936,7.568181991577148
474272,7.217194557189941
474784,7.941176414489746
475552,7.659574508666992
476016,7.652439117431641
477168,7.692307472229004
477440,7.798165321350098
477872,7.589285850524902
478672,7.647058963775635
479680,7.407407283782959
479920,7.695852756500244
480368,7.57709264755249
480544,7.7160491943359375
480592,7.511736869812012
481360,7.603686809539795
481840,7.868020534515381
483200,7.7397260665893555
483632,7.42290735244751
484000,7.566371917724609
484272,8.090909004211426
484608,7.383720874786377
484816,6.904761791229248
484896,7.5
485264,7.962963104248047
486544,7.55555534362793
486928,7.010309219360352
487552,7.285068035125732
487568,6.507936477661133
487664,7.920353889465332
487824,7.669683456420898
488112,7.706421852111816
488464,7.7092509269714355
490176,7.733644962310791
490304,7.9464287757873535
490592,7.478070259094238
491232,7.5
491312,7.6086955070495605
491360,7.659090995788574
492336,7.534246444702148
492912,7.070588111877441
493248,7.565789699554443
494096,7.660550594329834
494688,7.465753555297852
495248,7.256637096405029
496384,7.300000190734863
497216,7.354259967803955
497680,7.668161392211914
499536,7.456140518188477
500576,7.314815044403076
501056,7.340425491333008
501296,7.159090995788574
503216,7.207207202911377
503312,7.099999904632568
505008,6.592920303344727
505344,7.568807125091553
506256,7.069767475128174
506416,6.363636493682861
506560,6.859903335571289
507216,7.291666507720947
507536,7.330316543579102
507696,7.4157304763793945
507696,7.215569019317627
508016,7.34782600402832
508656,7.303370952606201
509664,7.234513282775879
510240,6.97183084487915
510368,7.207207202911377
510640,7.430939197540283
511024,7.356321811676025
511216,7.252252101898193
511280,6.928251266479492
511376,7.0779218673706055
512288,6.9325151443481445
512384,6.770186424255371
513648,7.47706413269043
514080,7.242990493774414
514416,7.130044937133789
514608,7.107623100280762
514848,7.049549579620361
514960,6.995515823364258
515040,6.779661178588867
515824,7.0
516368,7.123287677764893
516512,7.252252101898193
517136,5.890410900115967
517392,7.139639854431152
518128,7.191781044006348
519296,7.152777671813965
519888,6.322580814361572
519904,6.960784435272217
520128,7.134146213531494
520832,7.189054489135742
521008,6.995515823364258
522304,7.0089287757873535
522320,6.767676830291748
523616,6.820276260375977
524544,7.09956693649292
524544,7.113636493682861
524864,6.940639495849609
525760,6.573033809661865
525904,7.276785850524902
526080,6.812227249145508
527104,6.9811320304870605
527856,6.986607074737549
528048,7.041284561157227
528160,7.133333206176758
528496,6.7792792320251465
528864,7.058823585510254
530128,7.058823585510254
530976,7.188841342926025
531936,7.207207202911377
531984,6.935483932495117
532032,6.94444465637207
532096,7.120535850524902
532912,7.1651787757873535
533312,6.939393997192383
533600,6.5740742683410645
535072,7.339449405670166
535152,7.361111164093018
535184,7.130434989929199
535536,7.126697063446045
536080,6.986607074737549
536208,6.4809160232543945
536416,7.469879627227783
536496,6.704545497894287
536896,7.567567348480225
537072,7.127659797668457
538416,6.986607074737549
538864,6.9285712242126465
539152,7.199999809265137
539680,7.0987653732299805
540688,6.954545497894287
540704,7.5
541344,7.300000190734863
541808,7.354259967803955
542208,6.9811320304870605
542816,7.074235916137695
543360,7.702702522277832
543408,7.2330098152160645
544512,7.929515361785889
544912,7.387387275695801
546272,7.256097793579102
546272,7.796610355377197
546848,6.666666507720947
546944,7.466367721557617
547120,7.186147212982178
548304,7.5
548880,7.7272725105285645
548976,7.400881290435791
551152,7.01694917678833
551344,7.534246444702148
551840,7.488687992095947
552752,7.914893627166748
553424,7.885462760925293
553632,7.685184955596924
553920,7.530864238739014
554912,7.5
554928,6.829268455505371
556000,7.733333110809326
556624,7.386363506317139
557392,7.400000095367432
557568,7.682926654815674
557904,8.130630493164062
558112,7.777777671813965
558272,7.706421852111816
558672,7.650602340698242
559024,7.959641456604004
559136,7.482269287109375
559328,8.25
560512,7.407407283782959
561600,7.6497697830200195
561984,7.692307472229004
562928,7.474226951599121
562944,7.866666793823242
563888,7.553647994995117
564288,7.579908847808838
564544,8.113207817077637
564864,7.8318586349487305
565008,6.955056190490723
565152,7.211538314819336
565376,7.590909004211426
565488,7.990867614746094
565616,7.771084308624268
567280,7.545454502105713
567440,7.85067892074585
568112,8.243243217468262
570112,7.82608699798584
570416,7.994011878967285
570704,7.857142925262451
571408,7.7876105308532715
571504,8.136363983154297
572672,8.198198318481445
572736,8.251121520996094
573168,7.990867614746094
573168,7.723214149475098
573552,8.454545021057129
573680,7.815315246582031
574304,7.815315246582031
574608,7.885462760925293
574976,8.19444465637207
575104,7.021276473999023
575648,7.863636493682861
575920,8.108108520507812
577568,7.918551921844482
578304,7.639751434326172
578336,7.9375
578528,8.235294342041016
579472,7.8378376960754395
580736,8.035714149475098
580976,7.8378376960754395
582208,8.073394775390625
582672,8.538812637329102
583360,7.863636493682861
583360,8.227272987365723
584256,8.3125
585376,7.9279279708862305
585536,7.9452056884765625
586432,8.108108520507812
588048,8.206277847290039
588544,8.310502052307129
589088,8.32579231262207
589216,8.392857551574707
590048,8.177778244018555
590432,7.27957010269165
591584,8.295454978942871
592176,7.964601993560791
592800,8.071748733520508
593056,8.098159790039062
593504,7.906976699829102
593520,8.064516067504883
593520,6.984127044677734
596240,7.657657623291016
596688,8.539822578430176
596896,8.252212524414062
596960,8.294930458068848
597200,7.925764083862305
597616,7.670454502105713
599056,7.942857265472412
599280,7.950310707092285
599360,7.783504962921143
600032,7.666666507720947
602368,7.909090995788574
602624,7.702702522277832
602688,8.1614351272583
604192,7.010309219360352
604592,7.610063076019287
604720,8.009259223937988
605216,7.834394931793213
605504,7.7848100662231445
605584,7.924528121948242
606080,7.857142925262451
606544,7.860360145568848
606768,7.75
606976,8.009049415588379
607008,7.704545497894287
609008,7.637614727020264
609024,7.967289924621582
609088,7.7092509269714355
609616,7.7272725105285645
610096,7.889908313751221
610416,7.66519832611084
610736,7.83410120010376
611872,8.02690601348877
612384,7.7876105308532715
612512,7.782608509063721
612544,7.636363506317139
612640,8.054298400878906
612928,8.006134986877441
613696,7.767857074737549
614176,7.399103164672852
615232,7.638888835906982
615408,6.973684310913086
616144,7.6339287757873535
616352,7.359307289123535
616368,7.706421852111816
616528,7.455357074737549
617296,7.544642925262451
617552,7.324840545654297
619520,7.418032646179199
619936,7.578475475311279
620896,7.256637096405029
621424,7.523364543914795
622272,7.488687992095947
623088,7.454955101013184
623136,7.924528121948242
623632,7.159090995788574
624448,7.488687992095947
626160,7.834394931793213
626384,7.33480167388916
626544,7.7397260665893555
626960,6.470588207244873
627312,7.329059600830078
627904,7.259036064147949
628160,7.207792282104492
629184,7.471264362335205
630160,7.647058963775635
631568,7.484848499298096
631600,7.355555534362793
632112,7.647058963775635
632176,7.5
633200,7.446808338165283
633472,7.95597505569458
634512,7.648401737213135
635008,7.731481552124023
635056,7.327188968658447
635648,7.2727274894714355
635696,8.01369857788086
635968,7.848837375640869
636144,7.456140518188477
636480,7.841409683227539
636832,7.616279125213623
638016,7.345132827758789
638176,6.987951755523682
639040,7.865853786468506
639296,6.202531814575195
640656,7.488789081573486
641568,7.592592716217041
642640,7.388535022735596
642896,8.083832740783691
643408,7.385321140289307
643584,7.8881988525390625
644192,7.636363506317139
644368,7.4193549156188965
644416,7.5460124015808105
645744,7.9279279708862305
645952,7.526315689086914
646032,7.938388824462891
646560,7.614678859710693
647056,7.177419185638428
647792,7.723214149475098
648640,7.244897842407227
649328,7.645349025726318
649632,7.299107074737549
650032,7.181818008422852
650496,7.624434471130371
651376,7.7130045890808105
651568,7.614678859710693
652288,7.488986968994141
653136,7.47706413269043
655072,7.5
655088,7.2602739334106445
655552,7.345678806304932
655584,7.623318195343018
656736,7.232142925262451
657760,7.056277275085449
657840,7.454545497894287
658176,7.2687225341796875
658576,7.420212745666504
658592,7.168949604034424
658880,5.690476417541504
659344,6.875
659600,7.064219951629639
659952,7.027027130126953
660240,7.066666603088379
661296,7.386363506317139
661312,7.1759257316589355
661472,6.954545497894287
662128,7.409090995788574
662480,7.201834678649902
663632,7.011494159698486
663872,7.035398006439209
664208,6.948356628417969
664880,7.130044937133789
665008,6.8913044929504395
665696,7.217194557189941
666656,6.829268455505371
666768,6.792452812194824
666992,7.307692527770996
667456,6.860986709594727
667904,7.15596342086792
668848,7.1646342277526855
669424,6.86274528503418
670544,7.168949604034424
672432,7.017937183380127
672928,6.950672626495361
674256,6.899563312530518
674336,7.129629611968994
675104,6.949999809265137
675872,6.940639495849609
676096,7.1929826736450195
676592,6.864035129547119
677456,6.643835544586182
677760,7.039473533630371
677760,6.697368621826172
677792,6.9811320304870605
678032,7.0
678192,7.0
678752,7.142857074737549
678800,7.234042644500732
678960,7.070484638214111
680624,7.239819049835205
681200,6.7792792320251465
681392,6.447368621826172
681520,7.5
681536,6.634615421295166
681680,6.666666507720947
681712,7.333333492279053
681856,6.787233829498291
682128,6.92307710647583
682240,6.962616920471191
682240,6.363636493682861
682544,6.190476417541504
684080,7.276785850524902
685280,6.651785850524902
685792,6.929824352264404
686176,7.091742992401123
686496,5.930232524871826
686624,6.97777795791626
686976,7.120535850524902
686992,6.696969509124756
687632,6.92307710647583
687744,6.712328910827637
688880,6.8973212242126465
689056,6.44444465637207
689504,6.748466491699219
690560,7.252252101898193
691536,7.0186333656311035
692736,7.330316543579102
693808,7.2282609939575195
694288,7.2727274894714355
694576,7.403100967407227
695104,6.77419376373291
695184,7.25
695264,7.3660712242126465
696720,7.244444370269775
697664,7.073732852935791
697728,6.969696998596191
697792,7.551723957061768
698192,7.333333492279053
698736,6.893491268157959
698848,6.875
699168,7.3672566413879395
700240,7.077625751495361
701104,7.383177757263184
701168,7.523364543914795
702912,7.545454502105713
703328,6.724137783050537
703664,7.330316543579102
704208,7.329192638397217
704880,7.359307289123535
705104,7.398190021514893
705744,7.28310489654541
705792,7.61904764175415
706064,7.33480167388916
706592,7.406014919281006
706816,8.038277626037598
707392,7.399103164672852
707424,7.352941036224365
707696,7.972350120544434
707728,7.853881359100342
708544,7.675438404083252
709312,7.899543285369873
709392,7.96380090713501
709680,7.601809978485107
709792,7.742856979370117
711120,7.25
712912,8.036529541015625
712928,7.8222222328186035
713296,7.454545497894287
714320,8.162161827087402
715408,7.688889026641846
715472,7.5757575035095215
716240,7.254901885986328
716512,8.169642448425293
716560,8.05309772491455
717856,8.227272987365723
717952,7.558139324188232
718000,7.972350120544434
719104,8.571428298950195
722032,7.869565010070801
723248,8.009259223937988
724224,7.560975551605225
724496,8.099547386169434
725072,7.764976978302002
725104,7.844444274902344
725584,7.398190021514893
726096,7.889908313751221
727024,7.9361701011657715
727072,7.857142925262451
727200,7.841409683227539
728432,8.380281448364258
728592,7.8378376960754395
728608,8.295454978942871
728688,7.7130045890808105
728944,8.0
729360,7.17391300201416
729552,7.394366264343262
729584,8.041474342346191
730672,7.3684210777282715
730816,7.733333110809326
731296,7.469135761260986
731616,7.9279279708862305
731616,7.672811031341553
732400,7.837209224700928
734208,7.863636493682861
734304,7.574850082397461
736528,7.8222222328186035
736656,7.455357074737549
737568,7.710843563079834
738544,7.568807125091553
738656,7.853881359100342
738688,7.590090274810791
739376,7.9452056884765625
740176,7.57709264755249
740240,7.757847309112549
740688,7.798165321350098
741184,7.804878234863281
741696,7.815315246582031
741776,7.612612724304199
742880,7.981651306152344
742912,8.0
744080,7.873302936553955
744992,8.041474342346191
745216,7.762557029724121
745296,7.723214149475098
746096,7.111111164093018
747808,7.8318586349487305
748304,7.741228103637695
748336,8.018017768859863
748736,7.755102157592773
749552,7.247706413269043
749696,7.544642925262451
749888,7.448979377746582
749968,7.899543285369873
750064,7.85067892074585
750576,7.439024448394775
751312,7.818181991577148
752384,7.5
753040,8.257918357849121
753264,7.413793087005615
755904,7.71689510345459
756240,7.589285850524902
756720,7.935780048370361
757280,7.866666793823242
757632,7.723214149475098
758160,7.828054428100586
758384,7.579908847808838
759152,7.866666793823242
759184,7.589285850524902
759296,7.660550594329834
759312,7.601809978485107
760272,7.782805442810059
760896,7.800000190734863
761744,8.02690601348877
761744,8.020833015441895
762448,7.914691925048828
763056,7.5
763408,7.885462760925293
763632,7.55555534362793
764608,7.25
765056,7.363636493682861
765344,7.544642925262451
766192,7.808218955993652
766720,7.599999904632568
767392,7.44343900680542
768880,7.4772725105285645
768880,7.702702522277832
768944,7.455357074737549
769232,7.904191493988037
770144,7.98742151260376
770432,7.3913044929504395
771952,7.566964149475098
772000,7.645349025726318
772032,7.767857074737549
772288,7.530120372772217
773216,7.293578147888184
773808,7.375565528869629
774032,7.466960430145264
774384,7.590090274810791
775488,7.603686809539795
775552,7.254464149475098
775952,7.788018226623535
776832,7.733333110809326
777264,7.5
777424,7.244444370269775
777456,7.314815044403076
778288,4.583333492279053
778816,7.242152690887451
779328,7.0
779600,7.235023021697998
779728,6.785714149475098
779808,6.930379867553711
780432,7.120535850524902
780448,7.045454502105713
781488,7.5
781824,7.2727274894714355
782400,6.964285850524902
782416,7.02222204208374
782464,5.897435665130615
782752,6.5853657722473145
782944,7.0
783376,6.871794700622559
783888,7.3660712242126465
783904,6.906976699829102
785936,7.227074146270752
786672,6.606741428375244
787712,7.25
787840,7.034632205963135
789392,6.56862735748291
789648,6.866666793823242
790848,6.551723957061768
790896,7.421524524688721
790928,7.214612007141113
792640,7.339056015014648
793040,6.872246742248535
793568,7.1875
794112,6.416184902191162
794176,7.035398006439209
794416,7.387387275695801
794528,7.276785850524902
795024,6.6489362716674805
795840,6.9817070960998535
796496,7.342342376708984
798160,6.599999904632568
798208,7.214912414550781
798976,6.755555629730225
799424,7.1978020668029785
799632,6.761363506317139
799856,6.878612518310547
800688,6.709956645965576
800688,6.346153736114502
801616,6.697247505187988
802480,6.676646709442139
802736,6.771653652191162
803056,7.291666507720947
803088,6.9819817543029785
803280,6.960352420806885
803648,6.517857074737549
804480,6.621621608734131
805200,6.888888835906982
805536,6.493902206420898
806112,7.181818008422852
806640,7.511312007904053
807040,7.467248916625977
807168,6.40625
807184,7.2049689292907715
807200,6.814516067504883
807968,7.142857074737549
809200,7.149122714996338
809216,7.301587104797363
809424,7.056962013244629
809616,7.339449405670166
811568,7.410714149475098
812016,7.638888835906982
812320,7.307692527770996
813376,7.692307472229004
813472,6.976744174957275
814064,7.5
814512,7.304347991943359
814576,7.567567348480225
815312,7.409090995788574
815632,7.777777671813965
815888,7.696969509124756
815920,7.8125
816496,7.511312007904053
816976,7.52293586730957
817520,7.860465049743652
817888,7.767857074737549
821392,7.52293586730957
821504,7.444933891296387
821584,7.638036727905273
822688,7.543859481811523
822880,7.453703880310059
822896,7.188940048217773
823008,7.601809978485107
823104,7.432432651519775
823296,7.796610355377197
823696,7.155555725097656
823824,8.1578950881958
823856,7.707762718200684
825296,7.489177703857422
826160,7.15217399597168
827264,7.454955101013184
828656,7.022471904754639
828784,7.534562110900879
829776,7.1681413650512695
830176,7.136363506317139
830976,7.5
831648,7.307692527770996
831760,7.037036895751953
832224,7.1621623039245605
833200,7.309417247772217
833728,7.397660732269287
833904,6.807229042053223
834176,7.386363506317139
834176,7.109375
834672,7.181818008422852
834880,7.0720720291137695
835232,7.040358543395996
837456,7.782805442810059
837808,6.153846263885498
838352,7.3275861740112305
839216,7.442922592163086
841696,7.339449405670166
841888,6.863636493682861
841888,7.060184955596924
842544,7.1621623039245605
843232,6.666666507720947
845584,7.17391300201416
846224,7.363636493682861
846416,7.471909999847412
846688,6.860465049743652
846848,7.351598262786865
848144,7.421383857727051
848560,7.094017028808594
849344,6.77419376373291
849760,7.14932107925415
850336,7.114537239074707
851888,7.7419352531433105
852336,7.17889928817749
852944,7.0535712242126465
853024,7.183098793029785
853312,7.262443542480469
853744,7.115384578704834
854032,7.285068035125732
854624,6.666666507720947
855680,7.239819049835205
855712,6.370370388031006
855904,6.9178080558776855
856016,7.096069812774658
856032,6.549707412719727
857104,5.581395149230957
857360,6.866666793823242
858864,7.037036895751953
859072,7.045454502105713
859264,6.838564872741699
859728,6.625
860064,7.139639854431152
860128,6.89497709274292
860176,6.651583671569824
860960,6.830357074737549
861536,7.1710524559021
861632,6.938325881958008
861904,7.018348693847656
862416,7.14932107925415
863376,6.832298278808594
864656,7.068181991577148
864864,6.190476417541504
865504,7.232142925262451
865520,7.066666603088379
866736,6.875
867104,6.95945930480957
867440,7.096069812774658
867648,6.3114752769470215
867872,6.991525650024414
868016,6.454545497894287
868512,6.651982307434082
868720,6.974999904632568
868896,6.015872955322266
869184,5.714285850524902
870016,6.81614351272583
870240,6.666666507720947
870608,6.926605701446533
870688,6.901408672332764
871840,6.909090995788574
872512,7.304147243499756
874384,7.08695650100708
874592,7.027027130126953
875552,7.402597427368164
875696,6.724137783050537
875968,7.34782600402832
876000,7.488479137420654
876048,6.956521511077881
877200,7.199999809265137
877488,6.9650654792785645
877744,5.900000095367432
878832,6.972476959228516
879008,7.30232572555542
879280,7.174887657165527
879296,7.15596342086792
879424,6.789473533630371
879552,6.793722152709961
879568,7.214612007141113
880880,7.560975551605225
881248,7.13302755355835
882400,7.274774551391602
884752,7.337277889251709
885232,7.256637096405029
886016,7.155555725097656
886528,7.064219951629639
886592,7.130044937133789
886832,7.142857074737549
887440,7.515527725219727
887920,7.5
888768,7.2272725105285645
888992,7.442922592163086
891040,7.3684210777282715
891456,7.545454502105713
891552,6.7272725105285645
891632,6.84782600402832
892256,7.7130045890808105
892288,7.488584518432617
892432,7.423312664031982
892592,7.1651787757873535
893264,6.058823585510254
894592,7.027027130126953
894848,7.127192974090576
894848,7.2327046394348145
895552,6.111111164093018
895584,6.777777671813965
895600,6.0806450843811035
895744,6.764705657958984
895872,7.26457405090332
895952,7.304347991943359
896256,7.1052632331848145
896656,7.037036895751953
898352,7.021276473999023
898544,6.91304349899292
899104,6.666666507720947
899440,7.399103164672852
901088,7.405063152313232
901936,6.729559898376465
902688,7.049549579620361
903024,7.085201740264893
903824,7.027027130126953
904752,7.324561595916748
905008,6.693548202514648
905744,6.886227607727051
906144,6.754385948181152
906560,7.045454502105713
908080,6.905829429626465
908352,7.037036895751953
908496,6.6875
908992,6.75
910016,7.292576313018799
910256,6.896551609039307
910672,6.0
910736,6.666666507720947
911152,6.334841728210449
911616,6.954545497894287
912576,7.159090995788574
912784,6.785714149475098
914384,6.645021438598633
915312,6.4782609939575195
916064,6.95852518081665
916304,6.839827060699463
916320,6.370967864990234
916336,6.963470458984375
917328,6.855345726013184
917808,6.744185924530029
918544,6.864406585693359
918896,7.432432651519775
919296,7.412280559539795
919792,6.712963104248047
919888,6.860986709594727
919936,6.946902751922607
920384,6.814159393310547
920608,7.194570064544678
920800,6.708860874176025
921616,7.068965435028076
922560,7.149122714996338
922992,7.130434989929199
924192,7.26457405090332
924912,7.558139324188232
926160,7.266666889190674
927184,7.155555725097656
927680,7.641509532928467
927680,7.017543792724609
927680,6.333333492279053
930560,7.431818008422852
930896,7.5757575035095215
930960,5.888888835906982
931152,7.863636493682861
931360,7.214912414550781
932192,7.1681413650512695
932272,7.0089287757873535
932544,7.2727274894714355
932608,7.237442970275879
932656,7.262443542480469
933600,7.737556457519531
933872,6.82692289352417
934720,7.950450420379639
934816,7.567567348480225
934880,7.25
935280,6.823529243469238
935696,7.6086955070495605
935744,6.607142925262451
936448,7.1875
936592,7.636363506317139
937568,7.625570774078369
938368,7.533936500549316
938448,6.982758522033691
939088,7.622222423553467
939328,7.085201740264893
939376,7.270642280578613
941584,7.426900386810303
941936,6.861701965332031
941952,7.399103164672852
942160,6.949541091918945
942288,7.360248565673828
942512,7.136363506317139
943728,6.478873252868652
943760,7.489177703857422
944208,7.857142925262451
945456,7.305935859680176
945568,7.3660712242126465
946544,6.888888835906982
947584,7.3214287757873535
950000,7.317073345184326
950848,7.268518447875977
950896,7.351598262786865
951152,7.229729652404785
952048,7.647058963775635
952384,7.611607074737549
952640,7.408257007598877
952672,7.937219619750977
952912,7.1777777671813965
953696,7.675438404083252
954416,7.817460536956787
954592,5.818181991577148
954736,7.578475475311279
955808,6.4666666984558105
956416,7.412280559539795
956912,6.5
957088,7.330316543579102
957952,6.886363506317139
958432,7.576687335968018
958784,7.511111259460449
959120,7.202381134033203
960112,7.158590316772461
960288,7.339449405670166
960688,7.5
961008,7.659574508666992
961136,7.013574600219727
961424,6.666666507720947
961520,7.297297477722168
962064,7.017543792724609
962192,6.712328910827637
962224,7.142857074737549
964528,7.554584980010986
965008,7.023255825042725
965600,7.363636493682861
966304,7.4347825050354
966608,7.157894611358643
966768,6.89497709274292
967040,7.256637096405029
967216,7.860360145568848
967504,6.859755992889404
968288,7.234042644500732
968416,7.177914142608643
968688,7.351598262786865
968976,7.136363506317139
969264,7.412280559539795
969648,7.469135761260986
969840,7.276785850524902
970912,7.5333333015441895
971328,6.648351669311523
971744,6.4285712242126465
972176,5.0
972256,7.345678806304932
974624,7.252252101898193
975136,7.17391300201416
975568,7.6785712242126465
975904,6.382978916168213
976480,7.2687225341796875
977008,7.488584518432617
977328,6.866359233856201
977536,7.387387275695801
978176,7.1621623039245605
978464,7.44343900680542
978704,6.901840686798096
978784,7.201834678649902
979616,7.352941036224365
980384,6.9375
980576,7.612612724304199
981152,7.4666666984558105
981664,6.818181991577148
981760,7.229729652404785
983024,7.560975551605225
983200,7.361963272094727
983216,7.3660712242126465
984432,7.544642925262451
984528,7.377777576446533
984880,7.48427677154541
985248,7.333333492279053
987520,7.169811248779297
988032,7.568807125091553
988224,6.162790775299072
988416,7.570093631744385
988624,7.3913044929504395
989248,7.692307472229004
989520,7.2727274894714355
989712,7.621951103210449
990048,7.383177757263184
991568,7.8125
991856,7.307692527770996
992624,7.863636493682861
992768,7.6712327003479
992768,7.138364791870117
993008,7.990867614746094
993168,7.906976699829102
993616,7.889908313751221
995440,7.545454502105713
995504,7.706421852111816
995664,7.743902206420898
996240,7.546296119689941
996336,7.7272725105285645
996432,7.719298362731934
996480,7.738095283508301
996496,7.424892902374268
996640,7.69911527633667
996656,7.7419352531433105
997088,7.5
997408,7.612612724304199
999200,7.307692527770996
999904,7.725225448608398
1000256,7.55555534362793
1000736,6.590909004211426
1001536,6.49350643157959
1001856,7.777777671813965
1002544,6.902654647827148
1003792,7.1621623039245605
1003872,6.800000190734863
1005648,7.488584518432617
1006048,6.857798099517822
1006256,7.318181991577148
1006560,7.123893737792969
1007392,7.1875
1007568,6.808510780334473
1008048,6.901840686798096
1009216,7.318181991577148
1009872,7.307692527770996
1010000,6.869158744812012
1010064,5.681818008422852
1010256,6.7841410636901855
1011168,6.6964287757873535
1011680,6.902654647827148
1012832,7.0
1013456,7.242152690887451
1013920,6.441717624664307
1014176,6.388888835906982
1015232,7.194570064544678
1015968,7.602339267730713
1016432,7.1875
1017408,7.122641563415527
1017728,6.809954643249512
1018736,7.045454502105713
1018848,6.896551609039307
1019120,6.785714149475098
1019632,6.525423526763916
1020144,6.969696998596191
1020688,6.899563312530518
1021024,7.044444561004639
1022144,7.123287677764893
1022288,6.9457011222839355
1022832,6.830357074737549
1023264,7.035398006439209
1024208,6.986301422119141
1024848,7.358490467071533
1025152,7.008546829223633
1025856,7.0779218673706055
1026208,6.846847057342529
1026880,7.117116928100586
1027008,6.091954231262207
1027680,7.0731706619262695
1028496,5.55555534362793
1029024,7.012195110321045
1029472,6.487069129943848
1029792,6.75
1030816,6.889952182769775
1030864,6.7410712242126465
1031728,6.542553424835205
1033136,5.220588207244873
1033456,6.885964870452881
1033984,6.681818008422852
1034384,6.5765767097473145
1034432,6.547618865966797
1035696,6.605504512786865
1036224,6.715116500854492
1036576,6.602564334869385
1037680,6.375545978546143
1038176,6.652360439300537
1038528,6.361502170562744
1039168,6.50684928894043
1039504,6.061946868896484
1039776,7.257143020629883
1040176,6.5848212242126465
1041040,6.8544602394104
1041952,6.696832656860352
1042656,6.6589860916137695
1042672,6.053811550140381
1042752,6.322869777679443
1043728,6.218274116516113
1043968,6.6313557624816895
1044448,6.476190567016602
1044528,6.357466220855713
1045376,6.491228103637695
1045696,6.557376861572266
1046416,6.3733906745910645
1047248,5.636363506317139
1048048,6.7410712242126465
1048448,6.502145767211914
1049088,6.566265106201172
1051072,6.433121204376221
1051408,6.666666507720947
1051952,6.7889909744262695
1052192,7.0335822105407715
1052576,6.81614351272583
1052592,6.476190567016602
1053360,6.769911289215088
1053696,6.625766754150391
1053872,5.531914710998535
1054112,6.323529243469238
1054400,5.916666507720947
1054816,6.933333396911621
1055584,6.374407768249512
1056208,7.4666666984558105
1056368,6.50602388381958
1056976,7.0
1057248,6.928251266479492
1058320,6.697247505187988
1058592,6.950672626495361
1058816,7.0987653732299805
1059040,7.045454502105713
1059376,6.962616920471191
1059504,7.297297477722168
1059840,6.369426727294922
1059920,7.051281929016113
1060384,6.441717624664307
1060784,6.79104471206665
1061248,6.277372360229492
1062976,6.666666507720947
1064352,6.7748918533325195
1066128,7.407407283782959
1066304,6.3586955070495605
1066752,6.956521511077881
1066848,7.116279125213623
1066864,7.237442970275879
1067456,7.027027130126953
1068336,7.120535850524902
1070016,7.16589879989624
1070208,7.466063499450684
1070352,7.142857074737549
1070688,6.696832656860352
1071056,7.115384578704834
1071072,6.888888835906982
1071552,7.066666603088379
1071632,6.7727274894714355
1072992,7.0
1073360,6.80555534362793
1073648,7.142857074737549
1073872,6.872146129608154
1074704,6.875
1074992,7.162790775299072
1075520,7.232142925262451
1075808,7.231759548187256
1075904,7.0987653732299805
1076224,6.318181991577148
1076912,7.331838607788086
1077648,6.455696105957031
1077904,7.167381763458252
1078240,6.818181991577148
1078464,7.171945571899414
1079056,6.3380279541015625
1079824,7.031963348388672
1080656,6.565656661987305
1080704,6.593406677246094
1081264,7.133333206176758
1082384,6.95121955871582
1083408,6.65919303894043
1084224,6.982758522033691
1084240,7.068181991577148
1084816,7.004504680633545
1085104,6.203703880310059
1085568,7.432432651519775
1086272,6.436781406402588
1087360,6.898734092712402
1087888,7.356828212738037
1088352,7.094594478607178
1088480,7.354259967803955
1089168,6.960352420806885
1089760,6.677852153778076
1090784,6.564417362213135
1091584,6.989795684814453
1091712,7.0535712242126465
1091776,7.244444370269775
1091856,6.972476959228516
1092160,7.554584980010986
1092304,6.9811320304870605
1092336,7.0535712242126465
1092720,7.431192874908447
1093984,7.342342376708984
1094848,6.23655891418457
1094880,7.14932107925415
1095056,7.092511177062988
1095200,6.933333396911621
1095248,7.136363506317139
1095712,6.078431606292725
1095888,6.968325614929199
1098016,6.9819817543029785
1098016,6.203703880310059
1098048,6.651583671569824
1098160,3.8947367668151855
1098176,7.142857074737549
1098912,6.478873252868652
1098976,6.955445766448975
1099408,7.064219951629639
1099424,6.601731777191162
1100640,6.973684310913086
1103344,6.742081642150879
1103568,6.5923566818237305
1103712,6.22047233581543
1104288,7.228915691375732
1104448,6.217948913574219
1104800,6.959798812866211
1105104,7.285068035125732
1105280,6.782608509063721
1106480,6.52482271194458
1106496,7.085201740264893
1107024,6.6875
1107824,6.814159393310547
1108112,5.42553186416626
1108512,6.7272725105285645
1110000,6.304347991943359
1110848,6.636363506317139
1111728,6.488888740539551
1112144,2.200000047683716
1114000,6.73913049697876
1114064,7.018348693847656
1114768,6.388888835906982
1115120,6.754385948181152
1116384,6.860986709594727
1117920,6.94444465637207
1118128,7.222222328186035
1119312,6.896551609039307
1120736,6.651785850524902
1120864,6.59817361831665
1121264,7.355555534362793
1121344,6.986301422119141
1121568,7.180616855621338
1121680,6.820276260375977
1121696,7.0720720291137695
1121744,6.891891956329346
1122048,6.458333492279053
1122208,6.898148059844971
1123648,6.681416034698486
1124512,6.828193664550781
1124640,7.062937259674072
1124672,7.377777576446533
1125232,5.625
1125232,7.142857074737549
1125760,6.623376846313477
1126064,6.502242088317871
1126960,6.5625
1128928,7.0720720291137695
1129360,6.5853657722473145
1129568,7.466063499450684
1129648,6.796407222747803
1129808,6.4782609939575195
1130544,6.905829429626465
1131344,6.489361763000488
1133136,6.635944843292236
1133136,6.711711883544922
1133920,6.5625
1135616,6.44444465637207
1136672,6.470588207244873
1137056,6.682027816772461
1137456,6.659090995788574
1137584,6.0227274894714355
1137600,6.824324131011963
1137792,6.4462809562683105
1137856,1.8125
1138336,5.0
1138624,6.436781406402588
1140384,6.3761467933654785
1141232,6.7289719581604
1141408,6.531791687011719
1141488,6.447368621826172
1141536,6.144578456878662
1142048,2.555555582046509
1142608,6.148648738861084
1142768,6.15625
1143056,6.264367580413818
1144704,6.630434989929199
1144944,6.666666507720947
1145040,6.832579135894775
1145328,6.226415157318115
1145520,6.622222423553467
1145856,6.293103218078613
1145872,6.846847057342529
1146112,6.111111164093018
1146176,6.5765767097473145
1148736,6.7272725105285645
1149552,6.8913044929504395
1149744,6.914414405822754
1149760,6.785714149475098
1150928,5.833333492279053
1151440,6.830357074737549
1152144,7.117116928100586
1152320,6.855345726013184
1153008,6.759259223937988
1153072,6.461187362670898
1153200,7.077625751495361
1153296,7.081448078155518
1153552,6.656441688537598
1153792,7.092511177062988
1154080,7.356828212738037
1155808,6.820175647735596
1156720,7.048458099365234
1156800,6.666666507720947
1157216,7.258771896362305
1157280,7.222222328186035
1157424,6.946902751922607
1158064,6.388888835906982
1158224,7.621145248413086
1158576,7.511111259460449
1160464,7.1929826736450195
1161168,6.987577438354492
1161616,7.400000095367432
1162960,6.702127456665039
1164416,7.630331516265869
1164784,7.355555534362793
1165856,6.8222222328186035
1166432,7.300000190734863
1166480,7.7397260665893555
1166768,6.637930870056152
1167392,7.444933891296387
1167712,7.26457405090332
1167920,7.798165321350098
1168416,7.2727274894714355
1169936,6.757575988769531
1170192,7.186147212982178
1170640,7.333333492279053
1170880,7.235023021697998
1171200,7.111111164093018
1171696,6.808510780334473
1172272,6.968325614929199
1173184,5.681818008422852
1173776,7.533632278442383
1174368,7.488789081573486
1174832,6.4375
1174992,7.323943614959717
1175104,6.892523288726807
1175488,7.570093631744385
1175712,6.545454502105713
1176592,7.28125
1177328,7.330316543579102
1177680,6.875
1177792,7.488584518432617
1177872,7.293578147888184
1177952,7.252252101898193
1178096,7.3913044929504395
1178128,6.315789699554443
1178480,7.235023021697998
1178624,6.08695650100708
1181664,7.305935859680176
1181776,6.960352420806885
1182240,7.355555534362793
1182752,7.111111164093018
1183072,7.2727274894714355
1183648,5.636363506317139
1184352,6.9457011222839355
1184832,6.644444465637207
1185024,6.606334686279297
1185456,6.9213972091674805
1185472,7.466063499450684
1185568,6.470588207244873
1185680,6.681818008422852
1186240,6.436781406402588
1187136,7.281105995178223
1188560,7.136363506317139
1189008,6.863636493682861
1189024,7.342342376708984
1189168,5.877192974090576
1190016,6.89497709274292
1190608,6.909090995788574
1191072,6.846847057342529
1191440,7.058823585510254
1192032,6.651785850524902
1192080,6.464968204498291
1192416,6.333333492279053
1192576,6.25
1193280,5.377358436584473
1193568,7.013574600219727
1194736,7.0535712242126465
1195200,7.0720720291137695
1195248,6.0
1195280,6.532663345336914
1195344,7.1052632331848145
1195680,6.551723957061768
1196080,7.018348693847656
1196240,7.262443542480469
1197664,7.183098793029785
1197872,5.384615421295166
1197904,6.296296119689941
1198528,5.660377502441406
1198896,6.800000190734863
1199136,7.017937183380127
1199424,5.900000095367432
1200128,6.012269973754883
1200496,6.3114752769470215
1200688,6.824324131011963
1201328,6.7136149406433105
1201536,6.982378959655762
1202496,6.830357074737549
1202752,6.866666793823242
1202992,7.02222204208374
1203168,6.995707988739014
1204464,6.921296119689941
1204592,6.553030490875244
1204928,6.916299343109131
1205312,6.477987289428711
1205792,5.0
1206224,6.892523288726807
1207664,6.517857074737549
1207808,5.584415435791016
1208128,6.840909004211426
1208416,6.912442207336426
1208864,6.583710193634033
1208928,6.122448921203613
1209456,6.863636493682861
1210032,5.526315689086914
1210480,5.729166507720947
1211392,6.9213972091674805
1211792,6.34782600402832
1211840,6.797752857208252
1213152,7.232142925262451
1213344,6.832579135894775
1213472,6.347032070159912
1214480,6.463414669036865
1214880,6.781609058380127
1214912,6.740087985992432
1215168,7.363636493682861
1215520,6.975308418273926
1216320,7.017543792724609
1216656,6.7889909744262695
1217472,6.900000095367432
1218464,7.058823585510254
1218768,7.142857074737549
1219056,6.886363506317139
1219568,7.092511177062988
1219680,7.361963272094727
1219712,7.373271942138672
1220096,6.863636493682861
1220640,7.2602739334106445
1222080,6.914414405822754
1222672,7.2123894691467285
1223312,7.410714149475098
1223408,5.660377502441406
1223408,7.117903709411621
1223824,7.2687225341796875
1223984,7.1681413650512695
1224896,6.319018363952637
1225216,6.346153736114502
1225728,6.545454502105713
1226112,7.106481552124023
1226256,7.26457405090332
1227056,7.092511177062988
1228624,6.4666666984558105
1228704,7.0506911277771
1228976,6.527777671813965
1229792,6.199999809265137
1230240,6.95852518081665
1231472,6.25
1231840,7.334905624389648
1232288,6.905829429626465
1232640,6.375545978546143
1232848,6.880733966827393
1233696,6.206896781921387
1234528,6.6187052726745605
1234880,5.128205299377441
1234912,6.44444465637207
1235072,6.756756782531738
1235120,6.666666507720947
1235376,7.0
1236256,5.958904266357422
1236304,7.387387275695801
1236336,7.004608154296875
1237392,6.602564334869385
1237504,7.1118011474609375
1237600,7.375565528869629
1238192,6.5789475440979
1238240,5.333333492279053
1238928,6.628787994384766
1239040,7.236842155456543
1240480,7.042253494262695
1240928,7.045454502105713
1240960,7.17889928817749
1241200,5.909090995788574
1241888,7.048458099365234
1242064,7.075471878051758
1242560,7.2602739334106445
1243152,7.2727274894714355
1243520,6.7410712242126465
1243600,6.725663661956787
1244608,6.872246742248535
1244736,7.085201740264893
1244864,6.912442207336426
1246032,6.830357074737549
1246144,7.1472392082214355
1246624,7.337963104248047
1246992,6.355932235717773
1247200,6.711711883544922
1247264,6.929824352264404
1248128,6.735159873962402
1248192,6.820276260375977
1248192,6.613953590393066
1248672,6.915887832641602
1250224,3.1818182468414307
1251392,4.117647171020508
1252464,6.552511215209961
1252752,7.098214149475098
1253536,6.9398908615112305
1254048,6.7379679679870605
1254976,6.495326995849609
1255440,6.696035385131836
1255520,5.61904764175415
1255776,5.25
1255792,6.888888835906982
1256096,6.801801681518555
1256160,3.5641026496887207
1256208,5.480769157409668
1259184,6.910112380981445
1259312,6.712328910827637
1259456,6.696035385131836
1259488,6.666666507720947
1260640,6.666666507720947
1260816,6.622807025909424
1261232,6.090909004211426
1261472,5.163934230804443
1261536,6.697247505187988
1262880,7.027027130126953
1264384,6.781116008758545
1264784,7.14932107925415
1265728,7.197309494018555
1266400,7.373271942138672
1266448,6.611111164093018
1266736,7.103004455566406
1267136,6.960352420806885
1267168,6.473214149475098
1268048,5.9259257316589355
1268576,6.990950107574463
1269312,7.399103164672852
1269472,5.818181991577148
1269568,6.724137783050537
1270752,6.726457595825195
1271504,7.204545497894287
1271600,7.058823585510254
1271648,7.03619909286499
1271952,6.190476417541504
1271968,5.866666793823242
1273152,6.81614351272583
1273728,7.345132827758789
1274032,7.152466297149658
1274768,6.994219779968262
1275376,6.89497709274292
1276560,6.863354206085205
1276752,6.891891956329346
1277024,7.285068035125732
1278304,6.770833492279053
1278560,7.110091686248779
1278944,6.95945930480957
1280176,7.377777576446533
1280320,6.968325614929199
1280592,7.207207202911377
1280752,7.2123894691467285
1280848,7.2272725105285645
1282160,6.6964287757873535
1282992,6.968325614929199
1283280,1.0
1283664,7.4193549156188965
1283744,7.197309494018555
1283856,7.339449405670166
1283856,6.863636493682861
1284128,7.2272725105285645
1285056,5.789473533630371
1286736,6.69767427444458
1287264,6.964285850524902
1287440,6.67391300201416
1288320,6.621621608734131
1288704,7.0
1289056,6.7272725105285645
1289184,6.6315789222717285
1289344,6.954545497894287
1289824,5.744680881500244
1290304,6.888888835906982
1290656,5.806451797485352
1290832,6.041666507720947
1290992,6.380090713500977
1291440,6.696832656860352
1292064,5.348837375640869
1293712,6.438356399536133
1294688,6.871165752410889
1294736,6.588235378265381
1294912,7.546296119689941
1295184,6.973684310913086
1296080,6.388888835906982
1296240,6.815286636352539
1296480,7.194570064544678
1296944,7.216980934143066
1297248,6.6566267013549805
1297488,6.470588207244873
1298016,7.420091152191162
1298176,7.142857074737549
1298256,6.986301422119141
1298800,7.1777777671813965
1299632,6.583850860595703
1299792,6.947368621826172
1300256,7.040358543395996
1300464,7.168949604034424
1300768,7.191781044006348
1301616,5.57692289352417
1301664,6.7841410636901855
1302368,7.2093024253845215
1303248,7.546296119689941
1303424,6.880530834197998
1303552,7.2869954109191895
1303984,7.155172348022461
1304176,7.037036895751953
1304800,7.152777671813965
1305152,7.590909004211426
1305824,7.163120746612549
1306544,7.48427677154541
1306720,7.222222328186035
1307312,7.5
1307360,7.762557029724121
1307952,7.241379261016846
1308352,7.285068035125732
1309936,7.03125
1310096,7.318181991577148
1310480,7.792792797088623
1310512,6.0
1310848,7.613636493682861
1311904,7.488687992095947
1312048,6.148648738861084
1312144,7.647058963775635
1313472,7.318181991577148
1313664,7.432432651519775
1313728,7.7419352531433105
1314224,5.333333492279053
1314448,6.458333492279053
1315472,6.880733966827393
1315472,7.432432651519775
1316272,6.938775539398193
1316608,6.8125
1317488,6.913580417633057
1318240,7.38938045501709
1318288,7.25
1319328,7.297297477722168
1319568,6.823899269104004
1319712,7.579185485839844
1320640,6.419753074645996
1320976,7.581395149230957
1320976,7.17391300201416
1321152,5.8035712242126465
1321264,6.935483932495117
1321360,6.5
1321872,7.30088472366333
1322688,7.4666666984558105
1322896,7.276785850524902
1323104,7.409090995788574
1323744,7.256097793579102
1324624,5.9259257316589355
1324832,7.252252101898193
1326192,7.214612007141113
1326400,7.339449405670166
1326544,7.2580647468566895
1326944,5.681818008422852
1327392,7.638888835906982
1327440,7.469135761260986
1327632,7.120535850524902
1327696,7.6339287757873535
1328272,7.5
1329232,7.433628082275391
1331056,7.017543792724609
1331312,6.844444274902344
1331504,7.373271942138672
1331824,7.138728141784668
1332112,7.354259967803955
1333232,6.363636493682861
1333968,6.976744174957275
1334224,6.229508399963379
1334416,6.01694917678833
1334784,6.965174198150635
1335456,7.0
1335936,7.207207202911377
1337872,7.2687225341796875
1338464,7.16589879989624
1338624,5.789473533630371
1338800,6.752577304840088
1338864,7.307692527770996
1339040,6.3114752769470215
1339280,6.659292221069336
1339456,7.0
1339760,6.714285850524902
1339792,7.3125
1339936,6.090909004211426
1340736,6.6964287757873535
1341360,7.098214149475098
1342352,6.92307710647583
1342624,6.7410712242126465
1342896,7.1052632331848145
1343360,6.986607074737549
1343424,6.912442207336426
1344800,6.812227249145508
1345104,7.0506911277771
1345744,6.454545497894287
1346256,5.070422649383545
1347024,6.5333333015441895
1347248,6.481481552124023
1347952,6.422018527984619
1348592,5.581395149230957
1348768,6.545454502105713
1349216,6.652719497680664
1349376,4.791666507720947
1349776,6.666666507720947
1350608,6.543210029602051
1350800,7.013574600219727
1350800,6.2844038009643555
1351280,5.913978576660156
1351728,5.104166507720947
1352688,6.712328910827637
1353488,6.580086708068848
1353792,6.800000190734863
1354128,6.327160358428955
1354384,6.7272725105285645
1354496,6.956521511077881
1354912,6.814159393310547
1355744,6.8947367668151855
1356320,6.264367580413818
1356704,6.990740776062012
1357792,7.0987653732299805
1358128,6.725663661956787
1358304,6.912442207336426
1359856,7.023255825042725
1361088,7.013574600219727
1361360,3.75
1361680,6.9457011222839355
1362208,6.547085285186768
1362384,6.6878981590271
1362800,7.062780380249023
1363488,6.800000190734863
1363696,6.909090995788574
1365200,6.538461685180664
1366080,6.5789475440979
1366112,7.090517044067383
1366448,7.155555725097656
1367040,6.92307710647583
1367632,7.123893737792969
1367664,7.0089287757873535
1369248,6.769230842590332
1369584,7.110091686248779
1370000,7.211981773376465
1370016,6.936936855316162
1371024,7.376681804656982
1371216,7.601809978485107
1371376,7.1681413650512695
1372848,7.544642925262451
1374368,6.742081642150879
1374400,6.84782600402832
1374736,7.031963348388672
1374832,7.077625751495361
1374880,6.5853657722473145
1375312,6.724137783050537
1375360,6.995412826538086
1376352,6.972476959228516
1377328,6.956521511077881
1377648,6.8693695068359375
1378064,7.423580646514893
1378272,6.0714287757873535
1378352,7.2602739334106445
1378976,7.1052632331848145
1379840,7.188940048217773
1381264,7.244444370269775
1381472,6.614173412322998
1381552,7.181818008422852
1382048,6.982758522033691
1382208,4.962963104248047
1382224,6.950672626495361
1382496,7.2602739334106445
1383120,6.888888835906982
1383776,6.25
1386752,7.489177703857422
1387280,7.362385272979736
1387360,7.0625
1387872,2.941176414489746
1388496,7.533039569854736
1388608,7.374429225921631
1388832,7.433628082275391
1388848,5.666666507720947
1388848,7.382352828979492
1389360,5.365591526031494
1389472,6.226415157318115
1390256,6.436781406402588
1390336,7.276785850524902
1391680,7.363636493682861
1392864,7.1913580894470215
1392944,7.222222328186035
1393120,7.340909004211426
1393696,7.058823585510254
1394448,7.088889122009277
1394464,6.850220203399658
1394608,7.318181991577148
1394800,6.25
1395264,7.443946361541748
1396624,6.7889909744262695
1396800,7.179487228393555
1397184,7.123893737792969
1397232,6.636363506317139
1397744,7.129629611968994
1398000,7.013574600219727
1398128,7.488789081573486
1398384,7.376681804656982
1399360,6.968325614929199
1399760,6.875
1399920,6.095890522003174
1400128,7.5227274894714355
1400144,7.214612007141113
1400816,7.2123894691467285
1401584,7.040358543395996
1403568,7.511736869812012
1403712,6.965317726135254
1403888,7.181818008422852
1404000,7.069767475128174
1404384,7.117116928100586
1404896,5.884615421295166
1405440,7.434210300445557
1406208,7.299270153045654
1406320,6.880733966827393
1406320,6.975308418273926
1406352,7.294372081756592
1407024,6.530612468719482
1407408,7.050000190734863
1408032,7.555066108703613
1409264,7.018348693847656
1409536,7.096774101257324
1409824,7.066666603088379
1410592,7.117116928100586
1410832,6.77419376373291
1411168,7.311110973358154
1412144,7.254464149475098
1412768,7.110091686248779
1413216,6.78125
1414144,6.968325614929199
1414368,7.0186333656311035
1414720,7.058823585510254
1415776,7.1681413650512695
1416928,7.297297477722168
1417776,7.511312007904053
1418304,7.399103164672852
1418736,6.880530834197998
1418960,6.63194465637207
1419056,6.666666507720947
1419504,6.872246742248535
1419776,7.018348693847656
1419792,7.129629611968994
1420336,6.7682929039001465
1420480,6.955128192901611
1420672,6.9098711013793945
1421984,7.362385272979736
1423856,7.237442970275879
1424032,7.104072570800781
1424432,7.149532794952393
1425232,7.37089204788208
1425424,7.339449405670166
1425680,7.043478488922119
1425728,7.288557052612305
1425904,7.0720720291137695
1426480,7.4846625328063965
1426848,7.26457405090332
1427760,7.276785850524902
1429504,6.77570104598999
1429728,7.5
1431360,7.455357074737549
1431744,6.891891956329346
1432672,7.511627674102783
1432912,6.489361763000488
1433296,7.420814514160156
1433792,6.849315166473389
1433888,7.577777862548828
1434400,3.965517282485962
1435024,7.65350866317749
1435184,7.177914142608643
1435392,7.0227274894714355
1435600,7.2602739334106445
1437376,7.79141092300415
1438688,7.280701637268066
1438976,7.853881359100342
1439120,7.899543285369873
1440816,7.616822242736816
1442224,7.529411792755127
1442592,7.199999809265137
1443296,7.398843765258789
1444224,7.242152690887451
1445072,6.666666507720947
1445184,6.909090995788574
1445344,6.553191661834717
1445824,7.117116928100586
1446080,7.155555725097656
1446656,6.402439117431641
1446976,7.297297477722168
1447712,7.0506911277771
1447968,7.647058963775635
1448464,7.4375
1450192,6.914893627166748
1450272,7.13302755355835
1450496,5.208333492279053
1450624,7.42290735244751
1451216,7.291666507720947
1451536,7.635135173797607
1451632,6.724137783050537
1451808,7.168674468994141
1452112,6.7272725105285645
1452224,7.126697063446045
1452912,7.1621623039245605
1453024,7.0227274894714355
1454176,6.95121955871582
1454912,5.972222328186035
1455104,6.140350818634033
1455168,6.909090995788574
1455632,7.351598262786865
1456688,7.065868377685547
1456688,5.890410900115967
1457344,7.136150360107422
1457728,7.2699384689331055
1458528,7.2727274894714355
1458768,7.34375
1459472,6.698113441467285
1459984,7.239819049835205
1460016,7.077625751495361
1462336,7.237442970275879
1463472,5.454545497894287
1463536,7.351598262786865
1463600,7.544642925262451
1463760,7.404255390167236
1464608,7.668161392211914
1466608,7.441176414489746
1466640,7.244444370269775
1467120,7.4666666984558105
1467136,7.55656099319458
1467232,6.991150379180908
1467328,7.522522449493408
1469088,7.802690505981445
1469552,7.892376899719238
1469600,7.566371917724609
1469728,7.681818008422852
1470320,7.662337779998779
1470416,6.300000190734863
1470608,7.385321140289307
1470704,7.847533702850342
1471072,6.914893627166748
1472784,7.723214149475098
1472944,7.177914142608643
1473856,7.511111259460449
1473872,7.782805442810059
1476304,7.657657623291016
1476320,7.318181991577148
1476528,7.443946361541748
1476800,7.5
1477104,7.252252101898193
1477568,6.808510780334473
1477696,7.1518988609313965
1477920,7.6744184494018555
1479072,7.177914142608643
1479888,7.219730854034424
1479920,7.410714149475098
1480304,6.764705657958984
1480800,6.481481552124023
1480976,7.362385272979736
1481408,6.9457011222839355
1481520,7.224669456481934
1482224,5.636363506317139
1483248,7.090909004211426
1483808,6.814159393310547
1484416,7.058823585510254
1484752,6.766467094421387
1485008,7.723214149475098
1485664,7.544642925262451
1486064,6.790123462677002
1486816,6.94444465637207
1487152,7.307692527770996
1487488,5.609755992889404
1487568,7.152466297149658
1487968,7.181818008422852
1488048,7.534246444702148
1488720,7.61061954498291
1489536,7.431192874908447
1490480,7.3214287757873535
1490720,7.027027130126953
1491008,7.295597553253174
1491152,7.040358543395996
1491440,7.2727274894714355
1491584,6.933333396911621
1491632,7.219730854034424
1492304,7.073732852935791
1493328,7.443946361541748
1494640,7.318181991577148
1495088,6.953488349914551
1495488,6.9392523765563965
1497072,7.167381763458252
1497504,6.875
1497648,7.194570064544678
1498016,7.027027130126953
1498208,7.1621623039245605
1498640,7.657657623291016
1498656,7.237442970275879
1498752,7.104072570800781
1499024,6.954545497894287
1500096,7.577639579772949
1500416,6.859755992889404
1501232,7.242152690887451
1501536,7.123287677764893
1501712,7.201834678649902
1502192,6.635513782501221
1502240,6.581632614135742
1502288,6.991150379180908
1502352,5.833333492279053
1502896,5.952381134033203
1503600,6.463414669036865
1503936,7.083333492279053
1504016,6.875
1504848,6.844444274902344
1505232,7.031963348388672
1505776,6.950672626495361
1505840,6.697247505187988
1505968,6.44444465637207
1506016,6.724137783050537
1506256,7.040358543395996
1507680,6.476190567016602
1508288,6.752336502075195
1509760,6.5740742683410645
1510048,6.754385948181152
1510320,6.835443019866943
1510976,6.695279121398926
1511024,6.717791557312012
1511952,6.740506172180176
1512912,6.613636493682861
1513280,6.803652763366699
1513536,6.612903118133545
1513600,2.1052632331848145
1513632,6.880733966827393
1513760,6.181818008422852
1513968,6.6120219230651855
1514336,6.960352420806885
1515312,5.982142925262451
1515344,6.902654647827148
1515440,6.787330150604248
1516176,6.358024597167969
1516304,7.222222328186035
1516336,6.25
1516592,6.63755464553833
1517280,7.1118011474609375
1517296,7.130434989929199
1518096,6.0204081535339355
1518320,6.763392925262451
1518992,7.305389404296875
1519008,6.936936855316162
1519520,6.193181991577148
1519776,7.03125
1521296,6.545454502105713
1521808,6.866359233856201
1522496,7.239819049835205
1523184,6.288659572601318
1523392,6.844444274902344
1524768,6.902654647827148
1525072,6.315789699554443
1525216,7.287735939025879
1525456,6.333333492279053
1525488,6.666666507720947
1526544,7.0731706619262695
1528080,6.732456207275391
1528624,6.814159393310547
1529072,6.771300315856934
1529328,7.26457405090332
1529648,6.681818008422852
1529856,6.875
1530128,6.771300315856934
1530176,6.824034214019775
1530528,6.891891956329346
1530848,6.848484992980957
1532992,6.681818008422852
1533216,7.381974220275879
1533280,7.234513282775879
1533712,7.0
1533968,7.0
1534224,6.206896781921387
1534464,7.5460124015808105
1535760,7.222222328186035
1536448,7.045454502105713
1536720,7.112069129943848
1536720,7.239264011383057
1538224,7.0720720291137695
1538944,4.722222328186035
1539568,6.995515823364258
1539712,6.797235012054443
1540816,7.03619909286499
1541120,7.392241477966309
1541696,6.80555534362793
1542208,6.5853657722473145
1542448,5.116279125213623
1542512,7.252252101898193
1543072,6.461187362670898
1543152,6.536144733428955
1543376,6.666666507720947
1543552,7.0720720291137695
1544288,6.607142925262451
1546048,6.386363506317139
1546464,7.181818008422852
1547248,6.78125
1547440,7.017543792724609
1547952,6.956521511077881
1548064,6.756756782531738
1550240,7.142857074737549
1550800,6.832579135894775
1551536,6.995515823364258
1552032,6.777777671813965
1552704,7.355555534362793
1552960,6.475903511047363
1553056,7.112069129943848
1553424,2.5
1554592,6.162790775299072
1554656,6.914414405822754
1555152,7.111111164093018
1556208,7.164502143859863
1556688,6.824324131011963
1556752,5.454545497894287
1556944,7.168949604034424
1557456,6.891891956329346
1557648,6.08695650100708
1557728,7.058823585510254
1557824,6.75
1558112,7.0652174949646
1559520,7.399103164672852
1559760,6.9457011222839355
1560144,7.3255815505981445
1560288,7.2272725105285645
1560928,6.5757575035095215
1561008,7.305935859680176
1562624,6.926605701446533
1564080,7.055214881896973
1564528,7.5
1564816,6.888888835906982
1567680,6.459627151489258
1568352,7.363636493682861
1568496,7.1875
1569888,7.077625751495361
1570832,6.6265058517456055
1571200,6.666666507720947
1572224,7.198276042938232
1573056,7.279069900512695
1573472,7.142857074737549
1575664,8.05555534362793
1577728,7.56944465637207
1578240,7.354259967803955
1578368,7.197452068328857
1578784,7.639484882354736
1578992,7.239819049835205
1581312,7.354259967803955
1581632,7.270642280578613
1581824,7.892376899719238
1581968,7.239819049835205
1581968,7.511415481567383
1582608,7.355555534362793
1585296,7.3214287757873535
1585520,7.375565528869629
1585808,7.409090995788574
1586288,6.517857074737549
1586816,6.400000095367432
1588544,7.085201740264893
1589008,7.244444370269775
1589856,7.52293586730957
1592128,6.7488789558410645
1592944,7.359307289123535
1593120,7.356828212738037
1593376,7.314815044403076
1593472,7.160493850708008
1594816,7.2098212242126465
1595712,7.443946361541748
1595744,6.495326995849609
1596048,7.262443542480469
1596192,7.340909004211426
1596528,7.578475475311279
1596848,7.013888835906982
1596912,6.872246742248535
1597120,7.042253494262695
1598144,7.0089287757873535
1598320,7.44444465637207
1598448,5.736842155456543
1599344,6.875
1599520,6.967592716217041
1599616,6.373626232147217
1600080,7.239819049835205
1600704,6.771300315856934
1600768,6.929824352264404
1601424,6.704545497894287
1601552,6.781609058380127
1601904,6.704035758972168
1601968,7.0
1603056,7.136363506317139
1603584,7.13302755355835
1605296,6.034482955932617
1606720,6.902654647827148
1607200,7.066666603088379
1607568,6.9817070960998535
1608720,6.757990837097168
1608848,6.136363506317139
1608880,7.104072570800781
1610352,5.699999809265137
1610656,7.123287677764893
1611024,6.906976699829102
1611088,7.407407283782959
1611104,5.849056720733643
1611680,6.866359233856201
1612240,7.168949604034424
1613104,6.226415157318115
1613632,6.929824352264404
1615536,6.979166507720947
1615888,7.409090995788574
1617120,6.95852518081665
1617536,6.875
1618080,7.123287677764893
1618352,7.142857074737549
1618928,7.037036895751953
1619024,6.666666507720947
1619600,6.956521511077881
1620736,5.853658676147461
1621120,6.860986709594727
1621136,6.634615421295166
1621280,7.1052632331848145
1621408,7.785387992858887
1622352,7.256637096405029
1622944,6.995412826538086
1623888,7.048458099365234
1623936,6.0
1624320,7.26457405090332
1624352,7.375565528869629
1624368,6.890244007110596
1624688,7.0720720291137695
1625216,7.117116928100586
1625728,6.5789475440979
1626896,6.785714149475098
1627488,7.170212745666504
1627872,7.058823585510254
1627936,6.681614398956299
1629328,7.087155818939209
1629472,6.974248886108398
1630464,6.846847057342529
1630944,6.849710941314697
1631072,7.0
1631632,6.681222915649414
1631776,6.94444465637207
1631840,5.319149017333984
1632448,6.801801681518555
1632480,6.995515823364258
1632912,6.65919303894043
1632992,6.547085285186768
1633040,6.954545497894287
1633216,6.179775238037109
1633536,6.635944843292236
1633744,5.686274528503418
1634496,6.605504512786865
1634560,6.800000190734863
1635056,6.46875
1635328,6.72489070892334
1635936,6.4210524559021
1635984,6.636363506317139
1636592,6.787330150604248
1636880,6.535087585449219
1637200,6.0227274894714355
1638064,6.644144058227539
1638128,6.711711883544922
1638416,5.733333110809326
1638800,6.914285659790039
1639440,6.697247505187988
1639616,7.037036895751953
1639968,6.607142925262451
1640432,6.5227274894714355
1640464,6.65919303894043
1641072,5.660377502441406
1641552,5.089285850524902
1642432,6.511627674102783
1643296,6.4410481452941895
1643888,6.686747074127197
1644032,5.847457408905029
1644080,6.711111068725586
1645616,6.726457595825195
1645824,6.369863033294678
1645984,6.787330150604248
1647360,6.712963104248047
1647440,6.511111259460449
1648208,6.6806721687316895
1649088,6.460674285888672
1649248,6.616161823272705
1650480,6.761904716491699
1651008,6.343612194061279
1651152,6.49350643157959
1651680,6.448276042938232
1653088,6.509008884429932
1654064,6.905829429626465
1654176,6.621621608734131
1654464,6.681818008422852
1654816,6.622807025909424
1655344,6.735159873962402
1655392,6.751152038574219
1655648,6.7841410636901855
1656000,5.616438388824463
1656624,6.818181991577148
1656688,6.385542392730713
1657056,6.956521511077881
1657680,6.888888835906982
1657888,6.728394985198975
1658064,6.860986709594727
1658352,7.2727274894714355
1659248,6.552511215209961
1659360,6.172839641571045
1660752,6.6086955070495605
1661360,6.80555534362793
1661664,7.0535712242126465
1661856,6.744185924530029
1662896,7.25
1662896,6.972476959228516
1663312,6.4772725105285645
1664112,6.848484992980957
1664272,6.482300758361816
1664304,6.808510780334473
1665440,6.81614351272583
1666720,7.0506911277771
1667472,5.65217399597168
1667776,7.171945571899414
1667824,7.194570064544678
1667904,6.725663661956787
1668160,6.0
1668992,7.277777671813965
1669472,7.357142925262451
1671152,7.168949604034424
1671600,6.481481552124023
1672256,7.018072128295898
1672640,7.2907490730285645
1672976,7.25
1673472,7.409090995788574
1674688,7.180616855621338
1674848,7.23913049697876
1675376,7.3214287757873535
1675888,7.235023021697998
1676112,6.590909004211426
1676160,7.168949604034424
1677104,6.811023712158203
1678896,7.356828212738037
1679488,6.5217390060424805
1680576,5.913978576660156
1682256,7.375
1684000,6.635513782501221
1684400,6.490825653076172
1684560,6.930232524871826
1684848,6.7748918533325195
1685376,6.0
1686784,6.771300315856934
1687360,6.622222423553467
1687648,6.894410133361816
1688032,6.666666507720947
1688272,3.75
1688416,5.490196228027344
1689152,5.370370388031006
1689152,6.55555534362793
1690048,5.406976699829102
1690768,5.7727274894714355
1691104,6.543210029602051
1691216,6.757990837097168
1691680,6.5198235511779785
1692048,6.5333333015441895
1692912,6.410256385803223
1692976,6.5789475440979
1693472,6.25
1693600,6.261062145233154
1695168,4.8275861740112305
1695296,6.28834342956543
1696032,5.660377502441406
1696112,6.3839287757873535
1696336,6.643192291259766
1696992,6.529680252075195
1697488,6.242424011230469
1698816,6.743119239807129
1698848,6.606334686279297
1698912,6.5
1699104,6.535087585449219
1699840,6.229508399963379
1699872,6.53153133392334
1700192,5.753424644470215
1700848,6.048387050628662
1701520,5.853658676147461
1702064,6.888888835906982
1702176,5.625
1702304,6.808510780334473
1702400,6.905829429626465
1702416,6.814159393310547
1702736,6.231884002685547
1702816,6.809815883636475
1703008,4.864864826202393
1703440,6.770186424255371
1703472,6.495535850524902
1704160,6.832579135894775
1704192,6.953488349914551
1704448,6.792452812194824
1704640,6.216216087341309
1705312,6.851851940155029
1706384,6.714285850524902
1706560,6.834862232208252
1707200,7.045454502105713
1707776,7.355555534362793
1709088,7.0547943115234375
1709776,7.039473533630371
1710128,6.754385948181152
1710800,7.410714149475098
1710848,6.974248886108398
1711648,6.170212745666504
1712368,6.436781406402588
1712416,7.0089287757873535
1712560,7.293578147888184
1712816,7.2580647468566895
1713360,6.838564872741699
1713616,5.918367385864258
1714400,7.194570064544678
1715376,7.2093024253845215
1715712,6.122448921203613
1715936,7.305935859680176
1716128,7.342342376708984
1716160,7.6339287757873535
1716880,7.351598262786865
1716960,6.927374362945557
1717120,7.385321140289307
1717168,6.451612949371338
1717168,7.777777671813965
1717344,7.45327091217041
1717968,7.142857074737549
1718128,5.833333492279053
1719568,7.61061954498291
1720224,7.543859481811523
1720416,7.454545497894287
1720640,6.666666507720947
1721456,7.7419352531433105
1723136,7.330316543579102
1723184,7.579185485839844
1724000,7.802690505981445
1724240,7.8348212242126465
1724608,6.907216548919678
1725216,7.599999904632568
1725328,7.52293586730957
1726000,7.889908313751221
1726016,7.8378376960754395
1726112,7.556053638458252
1726672,7.83410120010376
1727216,6.351351261138916
1727440,7.556053638458252
1727536,7.545454502105713
1727696,7.800000190734863
1728064,7.117647171020508
1728224,7.399103164672852
1729536,7.409090995788574
1729552,7.897196292877197
1730560,7.802690505981445
1731760,7.420814514160156
1731824,7.901785850524902
1733328,7.7272725105285645
1734144,7.757847309112549
1734336,7.387387275695801
1734496,7.373271942138672
1734608,6.279069900512695
1734624,7.873302936553955
1735248,7.281105995178223
1735264,6.764705657958984
1735360,7.981651306152344
1736672,7.734806537628174
1737488,7.410714149475098
1738032,8.272727012634277
1738144,7.990867614746094
1738800,7.873302936553955
1739600,7.466367721557617
1739952,8.04054069519043
1741312,7.9452056884765625
1741600,8.0
1741680,7.863636493682861
1741872,8.108108520507812
1742176,7.488263130187988
1743120,7.693965435028076
1743184,7.462686538696289
1743504,7.905405521392822
1744016,7.926267147064209
1744736,7.793427467346191
1745152,7.647058963775635
1745552,7.423580646514893
1746160,8.054298400878906
1746512,7.322580814361572
1746704,7.684729099273682
1747376,5.714285850524902
1748224,7.55760383605957
1749408,7.688889026641846
1749552,7.083333492279053
1750048,7.407407283782959
1750352,7.52212381362915
1750352,7.777777671813965
1750784,7.625
1751088,7.1052632331848145
1751392,7.532467365264893
1751632,5.961538314819336
1751760,7.795454502105713
1752128,7.636363506317139
1752224,8.071748733520508
1753616,7.792792797088623
1753728,7.556053638458252
1754048,7.39393949508667
1755200,7.477477550506592
1756528,7.808218955993652
1757488,7.922374248504639
1757552,7.52293586730957
1760048,7.694064140319824
1761968,7.469135761260986
1762336,7.792792797088623
1762848,7.990867614746094
1762944,7.06766939163208
1763184,7.2839508056640625
1764528,8.018433570861816
1765232,7.55656099319458
1765568,6.748466491699219
1765808,7.469135761260986
1765968,7.7272725105285645
1766352,7.041284561157227
1768176,7.57709264755249
1769376,7.545044898986816
1770560,7.909090995788574
1770736,7.434210300445557
1770768,7.5
1770976,7.610063076019287
1771216,7.486772537231445
1771984,7.3913044929504395
1772256,7.201834678649902
1773200,6.904761791229248
1773392,6.969696998596191
1773840,7.293578147888184
1774544,7.323943614959717
1774896,7.1118011474609375
1774912,7.115384578704834
1775568,7.623318195343018
1775792,7.431818008422852
1776080,7.14932107925415
1776224,6.036585330963135
1776768,7.422222137451172
1777488,7.2687225341796875
1777600,7.731481552124023
1777648,7.376681804656982
1777936,7.533039569854736
1778928,7.023809432983398
1779312,7.100456714630127
1779616,7.0186333656311035
1779696,7.111111164093018
1779872,7.174887657165527
1780560,5.476190567016602
1780736,6.889400959014893
1780752,6.628571510314941
1781120,6.545454502105713
1781200,6.832579135894775
1781648,6.454545497894287
1783232,6.926605701446533
1783840,6.6768293380737305
1785888,7.155172348022461
1786576,6.484848499298096
1787328,7.004608154296875
1787808,6.828193664550781
1787840,7.058823585510254
1788640,7.098214149475098
1789152,6.990950107574463
1789296,6.477987289428711
1790480,6.232876777648926
1792160,7.077625751495361
1792656,6.588785171508789
1793104,6.637930870056152
1793904,6.396647930145264
1794080,7.1875
1794112,7.09956693649292
1794656,7.2098212242126465
1794928,6.986607074737549
1795584,6.190476417541504
1795584,7.330316543579102
1796192,6.931818008422852
1796416,6.511627674102783
1797088,7.079646110534668
1797152,7.0535712242126465
1798752,7.0621466636657715
1800032,7.0
1801168,6.9375
1801568,5.263157844543457
1802608,6.476190567016602
1802704,7.330316543579102
1804208,6.674208164215088
1805680,7.261904716491699
1806144,7.179487228393555
1808736,7.354259967803955
1809760,6.97777795791626
1810880,6.231884002685547
1811088,7.2727274894714355
1811248,7.235023021697998
1811440,7.511312007904053
1812672,7.09956693649292
1812784,7.375565528869629
1814320,7.1186442375183105
1814624,7.409090995788574
1815344,6.410256385803223
1815984,7.136363506317139
1816992,5.892857074737549
1817616,7.1759257316589355
1817920,7.123287677764893
1818128,7.17889928817749
1818336,7.193396091461182
1818336,7.281105995178223
1819280,6.463414669036865
1819552,7.031963348388672
1820160,6.949541091918945
1820384,6.940639495849609
1820576,1.8125
1821520,6.964285850524902
1821824,6.91304349899292
1822064,6.647398948669434
1822576,6.933333396911621
1823072,7.126697063446045
1823968,7.117116928100586
1824736,6.919431209564209
1826176,6.986607074737549
1826672,6.964285850524902
1827440,7.113095283508301
1827488,6.575342655181885
1829456,6.5714287757873535
1830928,6.82243013381958
1831824,6.5
1832208,6.681818008422852
1833008,6.990950107574463
1833040,6.685714244842529
1833312,6.5333333015441895
1833472,6.622222423553467
1835232,6.976744174957275
1835872,5.930232524871826
1836784,6.620370388031006
1837008,6.75
1838272,6.590909004211426
1839088,5.199999809265137
1842624,6.863636493682861
1842736,6.043956279754639
1842912,6.607142925262451
1843168,6.703056812286377
1843632,6.371681213378906
1843792,6.552794933319092
1843808,6.77419376373291
1843840,5.957446575164795
1843904,6.830986022949219
1844096,6.722222328186035
1844304,6.666666507720947
1844368,6.277777671813965
1846320,7.085201740264893
1846752,6.025640964508057
1847472,6.991150379180908
1847648,5.65217399597168
1848592,6.7727274894714355
1848656,2.6190476417541504
1848832,6.098484992980957
1849840,6.0
1849888,7.117116928100586
1849904,6.740087985992432
1849984,2.941176414489746
1850368,6.5333333015441895
1850688,6.636771202087402
1850848,6.569506645202637
1851280,6.441717624664307
1852816,6.863354206085205
1853392,7.14932107925415
1853440,6.954545497894287
1853536,6.561086177825928
1854048,7.066666603088379
1854288,7.2098212242126465
1855680,7.236842155456543
1857072,7.75
1857168,6.684210300445557
1857696,7.400881290435791
1858064,6.888888835906982
1858544,7.077625751495361
1859888,5.952381134033203
1859984,7.174887657165527
1860544,6.9730939865112305
1860640,7.094594478607178
1862224,7.030567646026611
1862560,6.956521511077881
1863168,7.232142925262451
1863216,6.635513782501221
1863680,7.031963348388672
1864224,7.130044937133789
1865296,7.194570064544678
1865632,6.438356399536133
1865872,7.312775135040283
1866416,5.0
1866688,7.009132385253906
1866976,7.149532794952393
1867008,7.409090995788574
1868192,6.5217390060424805
1869936,7.202643394470215
1870528,7.239819049835205
1870800,6.666666507720947
1872544,6.346153736114502
1873376,7.46875
1873520,7.174887657165527
1874064,6.818181991577148
1874176,7.085201740264893
1874496,7.232142925262451
1874672,6.503067493438721
1875168,7.017937183380127
1875440,6.712328910827637
1875632,7.155555725097656
1876224,7.023809432983398
1876416,6.75
1876896,7.077625751495361
1877888,6.705882549285889
1878224,6.97580623626709
1878256,6.883408069610596
1878736,7.117116928100586
1878864,7.219730854034424
1879552,7.626728057861328
1880912,6.792452812194824
1881152,6.946902751922607
1881296,7.26086950302124
1883024,6.641221523284912
1883520,7.028985500335693
1883648,7.990867614746094
1884384,7.314815044403076
1884512,6.08695650100708
1884880,7.309417247772217
1886016,7.410714149475098
1887184,7.5
1887200,6.812227249145508
1887872,7.252252101898193
1889024,7.5
1890960,7.354259967803955
1890992,7.690582752227783
1891456,6.9817070960998535
1892576,7.047618865966797
1893152,7.743362903594971
1893760,7.61061954498291
1894016,7.219730854034424
1894256,7.281105995178223
1894448,7.127659797668457
1894544,6.041666507720947
1894608,7.688889026641846
1895040,7.354259967803955
1895280,7.309417247772217
1895424,7.1681413650512695
1895664,7.197309494018555
1897360,6.964285850524902
1897968,7.152466297149658
1898080,7.111111164093018
1898640,7.188940048217773
1901824,6.9819817543029785
1901856,7.375565528869629
1902192,7.104072570800781
1902256,7.281105995178223
1902560,7.0720720291137695
1904224,7.049549579620361
1904496,7.191781044006348
1904560,7.155555725097656
1904592,6.775956153869629
1904880,6.969026565551758
1905168,7.045454502105713
1905296,7.34375
1907792,7.252252101898193
1908032,5.357142925262451
1908672,7.168949604034424
1909248,7.205240249633789
1909520,7.1759257316589355
1910752,5.972222328186035
1911808,6.800000190734863
1912032,6.97777795791626
1913792,6.636771202087402
1915088,5.857142925262451
1915200,7.045454502105713
1915824,4.888888835906982
1916128,7.40174674987793
1916400,6.919642925262451
1916416,6.6744184494018555
1916672,5.4938273429870605
1916928,6.995515823364258
1917408,6.888888835906982
1917408,6.869158744812012
1917728,6.75159215927124
1919456,7.52212381362915
1919488,7.305935859680176
1919536,7.219625949859619
1919648,7.579908847808838
1919808,7.044444561004639
1920368,7.17391300201416
1922624,7.027027130126953
1922736,7.111111164093018
1923024,7.207207202911377
1923776,7.47787618637085
1923952,7.488789081573486
1924768,6.545454502105713
1925712,6.809815883636475
1928208,7.488888740539551
1928224,7.165775299072266
1929312,7.4776787757873535
1929936,7.624434471130371
1930928,7.444933891296387
1931440,6.166666507720947
1931952,6.938202381134033
1932720,7.052022933959961
1933424,7.330316543579102
1935360,7.111111164093018
1935472,7.420091152191162
1935648,7.777777671813965
1935760,7.52293586730957
1936800,7.268518447875977
1938208,7.21212100982666
1938672,7.211538314819336
1938704,8.348416328430176
1939008,7.636363506317139
1940320,7.899543285369873
1940576,7.636363506317139
1940736,7.847533702850342
1940816,6.790123462677002
1941200,7.314815044403076
1941600,7.603686809539795
1942224,7.533936500549316
1942544,7.818181991577148
1942704,7.5
1943536,7.5
1945440,6.714285850524902
1946240,6.027397155761719
1947232,7.6086955070495605
1948304,7.8378376960754395
1949328,7.841409683227539
1949392,7.330316543579102
1949840,7.276785850524902
1949872,7.23004674911499
1949904,7.5
1950576,6.741572856903076
1950800,7.1621623039245605
1950992,7.6339287757873535
1951136,7.207207202911377
1952048,7.8222222328186035
1952816,7.281105995178223
1952992,7.398190021514893
1953472,7.342342376708984
1954704,7.420814514160156
1955568,6.132075309753418
1957008,7.409090995788574
1957120,7.1875
1958544,6.6875
1959104,7.090909004211426
1959248,6.379310131072998
1959280,6.41304349899292
1959328,6.995515823364258
1959680,7.041284561157227
1960048,7.052401542663574
1960432,7.041284561157227
1960608,6.990950107574463
1962464,7.031963348388672
1962688,6.890244007110596
1963024,6.832298278808594
1963216,7.253086566925049
1964144,7.411764621734619
1964480,6.666666507720947
1965376,4.696969509124756
1966480,7.1875
1966496,7.117116928100586
1967648,6.388888835906982
1967680,6.818181991577148
1968992,6.755555629730225
1969168,6.681614398956299
1969184,6.417910575866699
1969360,6.436781406402588
1969664,7.057522296905518
1969792,6.891891956329346
1969904,6.793249130249023
1969920,7.013574600219727
1971152,6.9178080558776855
1971856,6.6015625
1972592,6.830357074737549
1973280,6.387665271759033
1973744,6.122448921203613
1974144,6.911110877990723
1974752,6.761363506317139
1974768,6.488888740539551
1975984,5.915493011474609
1976192,6.919642925262451
1977104,6.7727274894714355
1977296,6.734694004058838
1977360,6.888888835906982
1977392,5.1724138259887695
1978240,6.705069065093994
1978592,6.729559898376465
1978704,6.474359035491943
1979424,6.814159393310547
1979600,6.755555629730225
1979888,6.273292064666748
1980496,6.666666507720947
1980656,6.855203628540039
1980880,6.575342655181885
1981024,6.363636493682861
1982336,6.69767427444458
1984896,7.295597553253174
1985712,6.538461685180664
1985792,6.933333396911621
1986064,7.058823585510254
1986240,7.133758068084717
1987136,7.0227274894714355
1987184,6.9178080558776855
1987936,7.098214149475098
1989136,6.59817361831665
1989392,7.205240249633789
1989808,6.379310131072998
1989952,6.400000095367432
1990816,6.681416034698486
1991168,5.864197731018066
1991456,7.2602739334106445
1992256,6.360759258270264
1992320,6.572327136993408
1992928,6.752136707305908
1993968,6.494252681732178
1994496,6.681614398956299
1995184,6.441717624664307
1995216,6.25
1996144,6.278538703918457
1996192,6.5
1996528,6.6964287757873535
1997376,5.514705657958984
1997776,6.285714149475098
1998064,6.659292221069336
1998480,6.6265058517456055
1998752,5.769230842590332
1999120,6.834862232208252
1999232,5.581395149230957
1999840,6.25
2000368,6.550000190734863
2001072,4.883720874786377
2001408,6.4375
2002400,6.79878044128418
2002416,6.294642925262451
2003104,6.4285712242126465
2003152,6.803652763366699
2003904,5.306122303009033
2004224,6.68367338180542
2004752,6.718061447143555
2005264,6.079545497894287
2005616,5.993788719177246
2005744,6.198830604553223
2006672,6.232876777648926
2007680,6.212766170501709
2007808,6.950672626495361
2008256,6.097560882568359
2009216,6.535087585449219
2009760,6.613636493682861
2009888,6.336633682250977
2011312,6.880530834197998
2011872,6.470588207244873
2012400,6.674208164215088
2013344,6.756756782531738
2013648,6.666666507720947
2013712,6.511111259460449
2013728,6.4976959228515625
2014272,1.4736841917037964
2014448,6.554054260253906
2015104,6.577777862548828
2016592,5.3125
2017056,4.878048896789551
2017232,6.412556171417236
2018176,6.5158371925354
2018560,5.135135173797607
2018816,4.102564334869385
2019520,5.699999809265137
2019904,6.388888835906982
2020336,7.194570064544678
2020368,6.351351261138916
2020720,5.617977619171143
2021056,5.7746477127075195
2021280,6.034482955932617
2021328,6.733333110809326
2021680,6.629955768585205
2021824,6.6964287757873535
2021856,6.5625
2023008,6.97777795791626
2023600,6.341463565826416
2023728,6.509008884429932
2023904,6.659090995788574
2024912,6.504424571990967
2024912,5.116279125213623
2025328,6.666666507720947
2026176,6.725663661956787
2026752,6.21875
2028128,6.696832656860352
2028256,6.481481552124023
2028672,6.162790775299072
2029104,5.319149017333984
2029424,5.806451797485352
2029616,6.666666507720947
2029872,6.396396160125732
2030176,6.621621608734131
2032224,6.493212699890137
2032448,6.5789475440979
2033056,6.624203681945801
2033200,6.4349775314331055
2033488,6.5418500900268555
2033808,6.523809432983398
2036048,6.28834342956543
2036464,6.5789475440979
2036528,6.561086177825928
2037440,6.25
2037600,6.625766754150391
2037616,6.490825653076172
2038096,5.3977274894714355
2038992,6.536144733428955
2039568,6.712328910827637
2039808,6.4739885330200195
2040048,6.7488789558410645
2040512,6.546961307525635
2040720,5.740740776062012
2040848,5.510204315185547
2041072,6.375
2041472,5.593220233917236
2041888,6.388888835906982
2043408,5.595238208770752
2043472,6.337719440460205
2043552,5.593220233917236
2044256,5.792078971862793
2044608,6.6964287757873535
2045056,5.714285850524902
2045504,5.545454502105713
2045680,6.294117450714111
2046560,5.806451797485352
2046704,6.725663661956787
2046720,6.486486434936523
2046960,6.56682014465332
2046992,6.3063063621521
2047520,6.073619842529297
2048192,5.8552632331848145
2049808,6.818181991577148
2050176,6.3255815505981445
2050944,2.9166667461395264
2050960,6.285046577453613
2051808,6.355140209197998
2051856,6.5333333015441895
2052128,5.612245082855225
2052992,6.457398891448975
2053344,6.5227274894714355
2053504,5.896226406097412
2053520,6.383647918701172
2054032,5.2040815353393555
2054208,6.25
2054480,6.325301170349121
2055360,6.52439022064209
2056128,5.441176414489746
2057376,5.890410900115967
2058752,6.5
2058928,6.349557399749756
2059456,6.457398891448975
2060944,6.233479976654053
2061424,6.355555534362793
2062784,5.961538314819336
2062880,5.614035129547119
2063312,6.454545497894287
2063376,5.961538314819336
2064592,5.945945739746094
2064592,5.342465877532959
2065040,6.400000095367432
2065280,5.920000076293945
2065792,5.69444465637207
2066912,6.5227274894714355
2067120,6.681222915649414
2067776,6.636363506317139
2068448,6.396396160125732
2068448,5.473684310913086
2068528,6.520737171173096
2068944,6.447368621826172
2069376,6.52466344833374
2069584,6.624472618103027
2070832,6.013986110687256
2070880,6.473214149475098
2070912,6.590909004211426
2071248,6.266666889190674
2071296,6.529680252075195
2071424,5.892857074737549
2071712,6.116504669189453
2072448,4.888888835906982
2072592,5.779816627502441
2072752,6.075268745422363
2072960,6.278027057647705
2073808,6.411483287811279
2074496,6.726457595825195
2075472,6.561086177825928
2075920,6.481481552124023
2076160,6.504424571990967
2076512,6.179775238037109
2077344,6.454545497894287
2077440,6.742081642150879
2078704,6.153846263885498
2078784,6.918239116668701
2078784,6.904761791229248
2079136,6.829268455505371
2079456,6.795454502105713
2080304,6.057692527770996
2080480,6.4375
2080736,6.134969234466553
2081360,6.818181991577148
2081376,6.5765767097473145
2082688,6.787330150604248
2082816,6.393442630767822
2083856,6.900452613830566
2084128,6.828193664550781
2084224,6.7281107902526855
2085408,6.382978916168213
2085856,7.013574600219727
2086544,6.5333333015441895
2086864,6.844444274902344
2086896,5.476190567016602
2087216,6.755555629730225
2087632,6.599099159240723
2088624,6.828703880310059
2088944,5.087719440460205
2089008,6.517857074737549
2089008,7.068181991577148
2089776,6.742081642150879
2089840,6.575342655181885
2091216,6.9730939865112305
2091728,6.724999904632568
2092192,6.801801681518555
2092496,6.682027816772461
2092576,7.297297477722168
2092944,5.963855266571045
2093072,7.110091686248779
2094544,6.756756782531738
2094816,5.849056720733643
2094960,6.836283206939697
2095488,6.424050807952881
2095712,6.415524959564209
2096112,6.755555629730225
2096528,6.837209224700928
2096560,6.351351261138916
2097632,5.333333492279053
2098480,6.689497947692871
2098592,6.957446575164795
2098960,6.751152038574219
2100016,6.77419376373291
2100512,7.048458099365234
2100832,1.0
2100960,6.048387050628662
2101056,6.844444274902344
2101328,6.9213972091674805
2101856,6.681222915649414
2101904,6.320754528045654
2102544,6.950672626495361
2103120,6.625766754150391
2103488,6.80555534362793
2103984,6.363636493682861
2104448,6.543778896331787
2104576,6.465116500854492
2105072,6.0714287757873535
2105104,6.383647918701172
2105152,6.871794700622559
2105584,6.55555534362793
2106192,6.195652008056641
2107664,7.129629611968994
2108032,6.475770950317383
2108192,6.7272725105285645
2108592,6.643835544586182
2108960,6.809954643249512
2109360,7.004405498504639
2109968,7.041284561157227
2110464,6.756756782531738
2111168,6.55555534362793
2111712,6.190476417541504
2112128,6.818181991577148
2112400,7.224770545959473
2112592,4.400000095367432
2112656,7.1621623039245605
2114064,5.102040767669678
2114080,7.02222204208374
2114320,6.834862232208252
2114736,6.8544602394104
2115360,7.25
2115936,6.351351261138916
2115984,5.405405521392822
2116144,6.787330150604248
2116496,6.764705657958984
2117568,6.56682014465332
2118384,6.902654647827148
2118688,6.4976959228515625
2118928,6.621621608734131
2118944,6.315789699554443
2119504,6.621004581451416
2121312,6.134969234466553
2122000,6.933333396911621
2122208,6.481481552124023
2122432,6.5366973876953125
2123072,6.886363506317139
2123232,6.926605701446533
2123344,5.76086950302124
2123360,6.0714287757873535
2123456,6.473214149475098
2123664,2.1052632331848145
2123776,6.081080913543701
2124272,6.636363506317139
2124288,6.712328910827637
2124368,5.625
2124960,6.651982307434082
2125200,6.460176944732666
2125968,6.863636493682861
2126096,6.074766159057617
2126864,7.123287677764893
2126976,6.803652763366699
2127344,6.509008884429932
2127664,6.026785850524902
2127792,6.81192684173584
2127824,6.503067493438721
2128640,6.772151947021484
2131344,7.104072570800781
2132032,7.0089287757873535
2133632,6.818181991577148
2133632,6.995305061340332
2133952,7.262443542480469
2134064,7.129629611968994
2134272,6.455399036407471
2134800,7.079646110534668
2135040,6.681416034698486
2135664,6.7727274894714355
2135840,7.066666603088379
2136320,6.706586837768555
2136400,6.595744609832764
2136528,7.0
2136544,6.824324131011963
2137680,6.911110877990723
2139024,6.995515823364258
2139248,6.950672626495361
2140144,6.830357074737549
2140784,5.833333492279053
2140944,5.888888835906982
2141296,6.954545497894287
2141968,6.636771202087402
2142576,6.764705657958984
2142848,7.0535712242126465
2143328,7.121212005615234
2143616,5.454545497894287
2144496,7.104072570800781
2145072,6.863636493682861
2145136,6.25
2145296,6.232876777648926
2145520,6.602409839630127
2145872,6.081080913543701
2146416,7.03125
2147168,6.900452613830566
2147584,6.666666507720947
2148080,7.376681804656982
2148560,6.4457831382751465
2151216,6.741572856903076
2151312,7.180616855621338
2151568,6.954545497894287
2151616,6.954545497894287
2152448,7.106481552124023
2152560,6.621004581451416
2152896,7.123287677764893
2153216,7.422222137451172
2154320,7.017543792724609
2154800,7.004608154296875
2156144,7.26457405090332
2156384,7.327188968658447
2158272,5.0
2158496,6.541095733642578
2158672,7.586206912994385
2159296,6.346153736114502
2160208,7.3214287757873535
2161584,7.354259967803955
2161968,6.990740776062012
2162448,7.0638298988342285
2162512,5.217391490936279
2162544,7.110091686248779
2162640,7.276785850524902
2163184,5.853658676147461
2165072,7.6497697830200195
2165536,7.747747898101807
2165984,7.9772725105285645
2166224,7.641921520233154
2166720,6.712328910827637
2167248,7.601809978485107
2167360,8.090909004211426
2167424,7.847533702850342
2167456,8.008849143981934
2167584,7.813953399658203
2169520,7.659090995788574
2169776,7.714931964874268
2169808,5.890410900115967
2170128,7.5223212242126465
2170624,7.873302936553955
2170816,7.432432651519775
2171024,7.635135173797607
2171264,5.405405521392822
2173648,7.959641456604004
2174448,7.408257007598877
2174560,7.4666666984558105
2174576,7.558139324188232
2175056,7.5
2175856,7.297297477722168
2176144,6.804123878479004
2176672,7.26457405090332
2177184,7.636363506317139
2177184,7.567567348480225
2177344,6.6847825050354
2177344,7.3672566413879395
2177424,7.533039569854736
2177888,7.873302936553955
2178112,7.737556457519531
2178176,7.432432651519775
2179840,7.333333492279053
2179968,7.252252101898193
2180480,7.361111164093018
2180528,7.7419352531433105
2180720,7.2272725105285645
2180864,6.985294342041016
2180960,7.5
2181504,7.14932107925415
2181792,5.384615421295166
2184976,7.44444465637207
2185264,7.035398006439209
2185296,7.420814514160156
2185936,7.488372325897217
2186512,5.584415435791016
2187984,7.853881359100342
2188368,6.985981464385986
2188832,7.522522449493408
2188880,6.753246784210205
2189152,6.890244007110596
2189472,7.7727274894714355
2189520,7.375565528869629
2191888,7.305935859680176
2193120,7.410714149475098
2193296,7.84403657913208
2194560,7.943925380706787
2196144,7.375565528869629
2196640,7.420814514160156
2196832,7.288888931274414
2198192,6.190476417541504
2198256,7.029411792755127
2198448,7.062780380249023
2199664,7.488584518432617
2199920,7.174887657165527
2200352,7.013574600219727
2201168,6.8108110427856445
2201200,5.57692289352417
2201232,7.013274192810059
2201360,6.621621608734131
2202256,7.123287677764893
2202816,7.096774101257324
2203200,7.194570064544678
2203744,7.136363506317139
2204784,7.244444370269775
2205008,7.2687225341796875
2205344,6.878981113433838
2206272,6.276595592498779
2206288,6.994219779968262
2206912,7.288888931274414
2206992,6.6477274894714355
2209120,7.166666507720947
2209248,1.8125
2209664,6.596385478973389
2211184,6.986301422119141
2212544,5.789473533630371
2212720,7.1875
2212912,7.412280559539795
2213120,7.207207202911377
2213232,7.2769951820373535
2214528,7.8125
2215344,6.4285712242126465
2215648,7.333333492279053
2216928,7.5
2218592,6.701030731201172
2218896,7.14932107925415
2218928,6.190476417541504
2219088,7.681818008422852
2219232,6.013513565063477
2220272,7.190265655517578
2220368,7.2959184646606445
2221168,6.988636493682861
2221232,7.195121765136719
2221616,6.886227607727051
2221888,7.5
2222400,5.208333492279053
2222544,7.33480167388916
2222576,7.592592716217041
2223856,7.44239616394043
2225040,6.363636493682861
2225888,7.373271942138672
2226128,7.757847309112549
2227472,7.282608509063721
2227488,7.234513282775879
2228336,7.376681804656982
2230448,7.59825325012207
2230992,7.351598262786865
2231104,6.80232572555542
2231840,7.395349025726318
2231856,7.511415481567383
2232048,6.9426751136779785
2232144,7.276785850524902
2233056,7.38938045501709
2233408,7.589285850524902
2233920,7.708333492279053
2234432,7.405063152313232
2234688,7.73542594909668
2235376,7.625570774078369
2235424,7.354259967803955
2235600,7.466063499450684
2236208,7.3660712242126465
2236736,7.378048896789551
2236880,7.685184955596924
2236896,7.266666889190674
2237936,7.342342376708984
2238144,7.578475475311279
2238240,7.55656099319458
2238720,7.71689510345459
2238848,7.361111164093018
2239168,7.591742992401123
2239360,7.30088472366333
2240416,7.136363506317139
2240464,7.274774551391602
2240976,7.363636493682861
2241584,7.224669456481934
2242496,7.2687225341796875
2243584,6.913580417633057
2243872,7.1022725105285645
2243904,7.096774101257324
2244288,5.348837375640869
2244384,7.614678859710693
2244400,7.0858893394470215
2245616,7.222222328186035
2245808,7.3214287757873535
2246304,7.567567348480225
2246576,7.431192874908447
2247376,7.075892925262451
2247472,7.7130045890808105
2247936,7.511312007904053
2248016,7.266666889190674
2249584,7.276785850524902
2250448,7.177914142608643
2251040,7.432432651519775
2251456,7.534246444702148
2251472,7.6744184494018555
2252544,6.9811320304870605
2254208,7.680180072784424
2255024,5.4347825050354
2255072,7.3660712242126465
2255152,7.245370388031006
2256256,6.315789699554443
2256304,5.517241477966309
2256608,7.581395149230957
2257440,6.575342655181885
2258272,3.4285714626312256
2258704,7.375565528869629
2259584,7.15596342086792
2259728,7.409090995788574
2260128,7.2602739334106445
2260640,7.5
2260800,6.950672626495361
2260896,6.894410133361816
2261936,7.0
2262448,7.210300445556641
2262848,7.420814514160156
2263728,7.433035850524902
2264416,7.123287677764893
2264496,7.222222328186035
2266464,6.933333396911621
2266800,7.589285850524902
2267248,7.031963348388672
2267520,7.386363506317139
2267824,7.465437889099121
2269040,7.318181991577148
2269504,6.575342655181885
2269600,7.162790775299072
2270128,7.412280559539795
2270432,6.814159393310547
2271296,5.54054069519043
2272544,6.926605701446533
2273104,7.031963348388672
2273520,6.729857921600342
2273792,6.95945930480957
2273808,7.423580646514893
2274864,6.891891956329346
2275168,7.3660712242126465
2275328,6.995515823364258
2276560,6.988304138183594
2277072,6.990950107574463
2278752,6.8544602394104
2279520,7.03619909286499
2279568,6.235955238342285
2280304,6.795454502105713
2280832,6.719457149505615
2280896,6.491228103637695
2280976,6.621004581451416
2281232,2.7272727489471436
2281536,6.445086479187012
2284416,6.712328910827637
2285456,1.0
2286784,6.602564334869385
2287088,6.964285850524902
2287312,6.798245429992676
2287440,6.756756782531738
2287472,6.718061447143555
2287920,6.5740742683410645
2288304,6.666666507720947
2289040,6.36771297454834
2289696,6.512345790863037
2289920,6.550218105316162
2290128,6.621004581451416
2290928,6.688889026641846
2290976,6.2272725105285645
2291136,6.666666507720947
2291776,6.666666507720947
2291808,6.491228103637695
2292752,6.883116722106934
2293920,6.6964287757873535
2294048,6.387665271759033
2294320,5.454545497894287
2294656,6.463414669036865
2294736,6.651583671569824
2294768,6.592920303344727
2294944,6.909090995788574
2296288,6.795454502105713
2296992,6.682027816772461
2297008,6.570796489715576
2297328,6.877828121185303
2297840,6.849315166473389
2298160,7.51893949508667
2298320,6.681614398956299
2298560,5.113636493682861
2298816,6.666666507720947
2300096,6.0
2300288,6.855345726013184
2301296,6.612903118133545
2301472,6.877828121185303
2303088,6.855203628540039
2304352,6.757990837097168
2304480,6.787330150604248
2304992,6.95945930480957
2305440,6.986301422119141
2305440,6.354166507720947
2305776,5.416666507720947
2309360,6.582278251647949
2311392,6.846847057342529
2312096,6.860986709594727
2312912,7.013574600219727
2312976,6.395349025726318
2313536,5.0
2314672,7.0
2315472,6.548672676086426
2316128,6.09375
2316704,6.800000190734863
2316720,6.470588207244873
2316960,5.294117450714111
2318000,6.305732250213623
2319200,5.161290168762207
2319264,6.591928482055664
2319936,6.651982307434082
2320192,6.711711883544922
2322000,5.614035129547119
2322624,6.0714287757873535
2322880,6.44444465637207
2322944,5.714285850524902
2323264,6.810344696044922
2323312,4.905660152435303
2323792,2.2941176891326904
2324048,6.367521286010742
2325328,5.55555534362793
2325568,5.161290168762207
2325792,5.9259257316589355
2325840,6.149068355560303
2326000,5.363636493682861
2326096,6.111111164093018
2327440,5.903614521026611
2329760,6.495726585388184
2330176,6.857798099517822
2330992,6.696832656860352
2331088,6.629464149475098
2331248,5.543478488922119
2331440,6.681222915649414
2331456,6.783216953277588
2331472,6.621621608734131
2331840,6.513761520385742
2332464,6.467889785766602
2332912,6.067415714263916
2333568,5.72519063949585
2334992,6.742081642150879
2336016,6.025640964508057
2336448,6.863636493682861
2336880,6.422018527984619
2337136,5.0
2337488,6.396396160125732
2338528,6.482411861419678
2339584,6.621621608734131
2339616,6.666666507720947
2340704,6.171171188354492
2341872,5.75
2343104,5.762712001800537
2343648,6.388888835906982
2344256,6.561086177825928
2344688,6.467391490936279
2346256,6.858407020568848
2346816,6.972476959228516
2346960,5.344827651977539
2347072,4.888888835906982
2347088,6.860986709594727
2348144,7.031963348388672
2348704,5.783132553100586
2349504,6.334841728210449
2349872,6.622222423553467
2349936,7.248908519744873
2350992,6.981566905975342
2351424,6.7272725105285645
2351600,7.224669456481934
2351824,6.409090995788574
2352400,6.463414669036865
2354176,6.136363506317139
2355184,6.994219779968262
2355344,6.771300315856934
2355392,6.846847057342529
2355648,7.6712327003479
2356112,5.625
2356960,6.92307710647583
2357008,7.123893737792969
2357056,6.333333492279053
2358928,6.818181991577148
2359584,6.7727274894714355
2359648,7.454545497894287
2360160,6.760204315185547
2360400,7.013574600219727
2360624,7.590909004211426
2361200,7.511312007904053
2361360,6.1052632331848145
2361696,6.744185924530029
2362064,5.238095283508301
2363136,7.096774101257324
2363136,6.800000190734863
2363712,6.71875
2363920,7.4772725105285645
2364080,7.101769924163818
2365584,7.1022725105285645
2366912,7.361701965332031
2367168,7.004504680633545
2367632,6.968325614929199
2368912,7.044444561004639
2369072,6.843317985534668
2369616,5.885416507720947
2370128,7.318181991577148
2370352,6.7477874755859375
2370432,7.305935859680176
2370896,7.30088472366333
2371440,7.467248916625977
2371680,4.375
2372688,6.729559898376465
2373424,6.0
2374064,7.229437351226807
2374352,7.38938045501709
2374432,7.2727274894714355
2374688,7.420814514160156
2375584,5.800000190734863
2375648,6.7889909744262695
2376112,7.399103164672852
2376656,6.4772725105285645
2377024,7.2098212242126465
2378016,7.560975551605225
2378448,7.654867172241211
2378576,7.318181991577148
2379184,7.276785850524902
2379184,7.318181991577148
2379296,7.134146213531494
2379648,6.318681240081787
2379824,7.176470756530762
2380624,7.2839508056640625
2381616,7.090909004211426
2382176,7.589285850524902
2382208,7.281105995178223
2382368,7.314815044403076
2383136,7.222222328186035
2384208,7.488687992095947
2385136,7.191781044006348
2385696,7.3972601890563965
2386432,7.3214287757873535
2386736,7.3660712242126465
2387184,7.264151096343994
2387792,7.443946361541748
2388352,6.78787899017334
2389536,6.027397155761719
2392096,6.181818008422852
2392560,7.4375
2392736,7.339449405670166
2392880,7.3214287757873535
2393040,6.802884578704834
2393248,6.677018642425537
2393840,7.55656099319458
2394096,6.25
2395072,6.991150379180908
2395664,7.207207202911377
2396176,7.111111164093018
2396176,7.14932107925415
2396464,7.219730854034424
2396608,7.342342376708984
2396720,7.0
2397408,7.252252101898193
2397648,5.175438404083252
2398352,6.551723957061768
2398400,7.293578147888184
2399232,7.0720720291137695
2399712,6.704545497894287
2400592,7.088889122009277
2400896,7.069767475128174
2401312,7.3502302169799805
2401968,7.0720720291137695
2401984,6.296296119689941
2402848,6.844444274902344
2403248,7.239819049835205
2403392,7.423580646514893
2403856,7.113636493682861
2404640,6.97777795791626
2405184,7.066666603088379
2405392,6.820276260375977
2405488,6.89497709274292
2405632,7.356828212738037
2407360,6.214953422546387
2407648,5.423728942871094
2408192,7.239819049835205
2408400,7.14932107925415
2408416,7.087155818939209
2408768,7.195121765136719
2409920,7.168949604034424
2409936,5.625
2410544,6.814159393310547
2410832,7.083333492279053
2411264,5.2272725105285645
2412192,6.301369667053223
2412320,7.058823585510254
2412992,5.102040767669678
2413072,6.7889909744262695
2413232,5.8035712242126465
2413488,7.081448078155518
2413488,7.252252101898193
2413632,7.046413421630859
2414496,6.973684310913086
2414896,6.756756782531738
2415504,6.995515823364258
2416944,6.604650974273682
2417088,5.931676864624023
2418704,7.3214287757873535
2419040,7.070484638214111
2420480,6.7727274894714355
2420576,7.2602739334106445
2420688,6.933333396911621
2420960,7.049549579620361
2422176,6.166666507720947
2422992,4.791666507720947
2423056,6.803652763366699
2424112,6.946902751922607
2424144,7.104072570800781
2424512,7.03619909286499
2425808,6.3380279541015625
2426944,6.892655372619629
2427184,7.168949604034424
2427840,7.14932107925415
2429168,6.757990837097168
2429296,7.0506911277771
2429696,7.205240249633789
2429728,6.909090995788574
2429968,7.009132385253906
2430352,7.136752128601074
2430448,6.787330150604248
2431936,7.0089287757873535
2432000,7.194570064544678
2433248,6.9457011222839355
2434000,7.013574600219727
2434304,5.372340202331543
2434624,6.7682929039001465
2434992,6.651376247406006
2435728,5.888888835906982
2437456,6.92307710647583
2438288,5.714285850524902
2439184,7.069767475128174
2439312,7.048458099365234
2440560,6.545454502105713
2441008,6.900452613830566
2441456,5.909090995788574
2442144,7.194570064544678
2442304,6.851851940155029
2442896,6.614349842071533
2444624,6.97777795791626
2444688,7.088889122009277
2445104,7.008733749389648
2445232,7.281105995178223
2446592,6.5853657722473145
2446832,6.850828647613525
2447120,6.6589860916137695
2447200,6.504629611968994
2448880,6.363636493682861
2448912,4.761904716491699
2450320,6.820276260375977
2450736,6.888888835906982
2450752,6.5625
2450768,6.801801681518555
2451408,6.855203628540039
2451456,7.199999809265137
2451680,5.1724138259887695
2452288,6.473214149475098
2452480,7.1651787757873535
2453744,6.8544602394104
2455120,7.034632205963135
2455744,6.742081642150879
2455904,6.780821800231934
2455968,5.410958766937256
2456096,6.622222423553467
2456112,7.1681413650512695
2458336,6.203703880310059
2458384,6.95852518081665
2458656,6.4772725105285645
2459328,6.371951103210449
2459328,6.7889909744262695
2459584,6.681222915649414
2459760,6.6265058517456055
2461904,6.441441535949707
2461936,6.651583671569824
2462208,6.798245429992676
2462944,6.711111068725586
2463168,6.591928482055664
2463232,6.743119239807129
2464096,6.412556171417236
2464864,5.28000020980835
2465168,6.504424571990967
2465552,6.666666507720947
2465680,6.828703880310059
2465984,5.535714149475098
2466688,6.604650974273682
2467776,6.3761467933654785
2468080,7.040358543395996
2468368,6.651376247406006
2468608,5.813953399658203
2469120,6.756756782531738
2469536,5.603448390960693
2470240,6.577777862548828
2470928,5.625
2472176,6.898148059844971
2472816,6.869565010070801
2473264,6.40350866317749
2473360,6.768558979034424
2473968,6.950672626495361
2474016,6.808510780334473
2474848,5.0
2476496,6.936936855316162
2476992,7.079646110534668
2478320,6.940639495849609
2478816,7.199999809265137
2479024,7.1681413650512695
2479216,6.183432102203369
2479488,6.7906975746154785
2480608,5.675675868988037
2481712,6.846847057342529
2482064,6.950672626495361
2482656,6.570796489715576
2482960,7.381974220275879
2484208,7.276785850524902
2484560,6.834862232208252
2484640,6.866952896118164
2484880,6.844444274902344
2485232,6.986301422119141
2486304,6.968325614929199
2486656,7.043478488922119
2487328,7.201834678649902
2487376,6.4347825050354
2487984,6.543210029602051
2488976,7.013574600219727
2489792,7.201834678649902
2489936,6.969026565551758
2491296,6.875
2492064,7.312775135040283
2492528,6.832579135894775
2492896,6.572327136993408
2493360,4.255319118499756
2493904,7.142857074737549
2493920,7.174887657165527
2494416,7.222222328186035
2494816,7.168949604034424
2495040,5.569620132446289
2496032,7.108433723449707
2496928,7.090909004211426
2497408,7.15596342086792
2497488,7.158590316772461
2497920,6.880733966827393
2498512,1.0
2498768,5.769230842590332
2499584,7.285068035125732
2500944,6.909090995788574
2501008,7.14932107925415
2501200,6.900452613830566
2501600,5.916666507720947
2502256,7.022471904754639
2502448,7.0535712242126465
2502544,6.9392523765563965
2503312,7.013574600219727
2503648,7.0720720291137695
2504576,6.621621608734131
2504624,6.986301422119141
2504752,7.194570064544678
2505120,7.351598262786865
2505872,6.888888835906982
2505936,6.164383411407471
2505936,6.871165752410889
2508144,6.891891956329346
2508288,6.25
2510592,6.880733966827393
2510832,7.013574600219727
2512208,6.858407020568848
2513056,6.954545497894287
2513936,7.1681413650512695
2515344,7.123287677764893
2515664,7.242152690887451
2516320,5.5
2516672,6.89497709274292
2517392,6.7682929039001465
2518384,6.844444274902344
2519040,6.9782609939575195
2519296,6.153846263885498
2519392,6.809954643249512
2519856,6.931818008422852
2520192,6.89497709274292
2520560,7.1681413650512695
2520992,6.931818008422852
2522320,7.297297477722168
2522768,5.185184955596924
2522944,6.7727274894714355
2523728,6.818181991577148
2524080,7.342342376708984
2524528,6.818181991577148
2525568,6.769911289215088
2525744,6.81614351272583
2526384,7.049549579620361
2526752,5.116279125213623
2527568,6.863636493682861
2527664,6.7682929039001465
2527712,5.532786846160889
2528352,6.790123462677002
2528832,7.126697063446045
2528896,5.616438388824463
2528976,7.304347991943359
2529120,6.92307710647583
2529584,6.94444465637207
2530080,6.711711883544922
2530192,6.25
2530320,7.049549579620361
2531424,6.857142925262451
2533424,6.812227249145508
2535104,6.561086177825928
2535472,6.3839287757873535
2535952,6.464968204498291
2536000,6.666666507720947
2536304,6.872246742248535
2537184,7.057522296905518
2538048,5.566037654876709
2538352,6.726457595825195
2539440,6.95852518081665
2539568,6.418919086456299
2541360,7.040358543395996
2541376,6.666666507720947
2542112,6.764705657958984
2542496,7.066666603088379
2543360,7.239819049835205
2543376,7.0
2544480,6.7488789558410645
2544960,7.062780380249023
2545600,6.528662204742432
2546624,5.263157844543457
2546864,6.242236137390137
2547344,6.9457011222839355
2547568,5.930232524871826
2548528,7.027027130126953
2549024,6.801801681518555
2550048,6.7272725105285645
2550864,7.100456714630127
2551024,6.883720874786377
2551264,7.0625
2551312,6.994219779968262
2551632,6.461039066314697
2551760,7.30088472366333
2551808,6.650943279266357
2552592,7.252252101898193
2552720,7.100456714630127
2553504,5.714285850524902
2554240,6.697530746459961
2556208,7.323009014129639
2556304,7.330316543579102
2556384,7.324561595916748
2556976,7.090909004211426
2557056,6.995515823364258
2557504,6.954545497894287
2557824,7.085201740264893
2558944,7.3214287757873535
2558960,6.936936855316162
2560528,7.239819049835205
2560784,7.219730854034424
2561568,6.666666507720947
2562304,7.2272725105285645
2562528,7.207207202911377
2562640,7.130434989929199
2563584,7.194570064544678
2564272,7.1621623039245605
2564608,6.621621608734131
2564736,6.986301422119141
2564800,6.645962715148926
2564816,7.1875
2566304,7.609649181365967
2567184,7.3660712242126465
2567808,7.340909004211426
2568288,7.511520862579346
2568304,7.327188968658447
2568336,7.6785712242126465
2568624,7.096774101257324
2568944,7.385321140289307
2569328,7.318181991577148
2569888,7.578475475311279
2570464,7.004608154296875
2570592,7.601809978485107
2571728,7.432432651519775
2571808,6.94444465637207
2571920,7.578475475311279
2572080,7.381974220275879
2572464,7.2602739334106445
2572896,7.387387275695801
2573040,6.625
2575232,7.201834678649902
2575328,7.305935859680176
2575696,6.77419376373291
2575872,7.533632278442383
2576432,7.318181991577148
2577312,5.740740776062012
2577408,6.320754528045654
2578896,7.280701637268066
2578944,7.288888931274414
2580464,7.058823585510254
2582368,6.936936855316162
2582496,7.142857074737549
2583280,6.25
2583424,6.986899375915527
2583520,6.703296661376953
2584000,7.2272725105285645
2584832,5.294117450714111
2585360,7.214612007141113
2585632,6.6875
2585728,7.062780380249023
2586384,5.7936506271362305
2586512,7.095238208770752
2587376,6.708860874176025
2588784,7.139639854431152
2588992,6.863636493682861
2589312,7.018348693847656
2589824,7.079646110534668
2590032,7.042801380157471
2590448,7.207207202911377
2591072,7.088889122009277
2592848,7.181818008422852
2593104,7.40174674987793
2594064,7.400000095367432
2594304,7.045454502105713
2594656,7.399103164672852
2595264,7.027027130126953
2596224,5.9195404052734375
2597040,7.074235916137695
2597936,7.146017551422119
2598192,6.909090995788574
2598656,7.035398006439209
2599424,6.666666507720947
2599584,6.762820720672607
2600400,6.572770118713379
2600512,6.95852518081665
2600544,7.110091686248779
2600640,7.1875
2601040,7.123287677764893
2601296,5.25
2601840,6.097560882568359
2603888,7.4193549156188965
2604112,6.95945930480957
2604128,6.956521511077881
2605232,5.0
2605296,7.116279125213623
2605392,6.990950107574463
2605968,7.15596342086792
2606784,7.126697063446045
2607632,6.803652763366699
2608112,7.285714149475098
2610240,5.0
2611920,4.878048896789551
2612080,6.591928482055664
2612656,7.465437889099121
2612800,7.083333492279053
2613616,7.191011428833008
2613920,7.409090995788574
2614752,7.149122714996338
2615392,7.222222328186035
2615680,7.0535712242126465
2616208,6.968325614929199
2616240,7.055214881896973
2616304,7.064219951629639
2616432,6.651376247406006
2617280,7.1875
2617968,6.3125
2619776,6.9819817543029785
2620768,7.136363506317139
2621216,6.538461685180664
2621296,6.92307710647583
2621568,6.964285850524902
2623440,7.224669456481934
2624528,7.194570064544678
2625184,7.222222328186035
2625920,6.9819817543029785
2626800,7.305935859680176
2626944,7.2272725105285645
2629552,6.814159393310547
2629984,6.743119239807129
2630080,7.139639854431152
2630720,6.111111164093018
2631344,6.697530746459961
2631888,7.100456714630127
2632384,5.745614051818848
2632624,6.4224138259887695
2633472,6.77419376373291
2633840,6.795454502105713
2634304,7.297297477722168
2634544,3.1578948497772217
2635424,7.045454502105713
2635904,6.826484203338623
2636112,6.7281107902526855
2637440,6.875
2638240,6.607929706573486
2638736,7.149122714996338
2639072,7.090909004211426
2639360,7.066666603088379
2640304,6.955555438995361
2641424,6.01694917678833
2643648,6.991342067718506
2644896,6.875
2644896,6.855203628540039
2644912,7.0535712242126465
2644976,4.53125
2645056,6.902654647827148
2645456,6.8061676025390625
2645536,6.8526787757873535
2646192,6.651982307434082
2648208,6.911110877990723
2649104,6.446540832519531
2650720,6.651376247406006
2650992,6.756756782531738
2651968,6.621004581451416
2652048,6.986301422119141
2652688,7.085201740264893
2653424,6.666666507720947
2654592,6.711111068725586
2654928,5.0
2655424,6.450892925262451
2657520,6.838564872741699
2658464,6.863636493682861
2661456,6.627906799316406
2661664,6.232876777648926
2662704,7.295454502105713
2664960,6.80555534362793
2665008,6.7727274894714355
2665280,1.8125
2665328,7.3214287757873535
2665472,7.194570064544678
2666224,6.940639495849609
2666448,6.795454502105713
2666672,6.607142925262451
2667024,6.972476959228516
2667872,6.5217390060424805
2668736,6.80555534362793
2669568,7.085201740264893
2670368,5.306122303009033
2670448,6.785714149475098
2670464,5.813953399658203
2672480,6.875
2672832,6.9178080558776855
2672976,6.919642925262451
2673504,6.6589860916137695
2674016,6.9819817543029785
2674048,6.636771202087402
2674624,6.538461685180664
2675840,6.486486434936523
2676368,6.909090995788574
2676576,6.729559898376465
2677184,6.7272725105285645
2677376,6.888888835906982
2677600,6.902654647827148
2678128,6.880733966827393
2678592,6.800000190734863
2679168,6.5625
2679360,6.905829429626465
2680336,6.021505355834961
2680752,5.593220233917236
2680768,6.7682929039001465
2682544,7.0089287757873535
2682656,7.170731544494629
2682704,6.575342655181885
2684688,6.888888835906982
2684720,6.688889026641846
2685840,5.508474349975586
2686032,6.682027816772461
2686208,6.605504512786865
2686992,6.820175647735596
2688384,6.82608699798584
2688400,7.030567646026611
2689264,6.909090995788574
2689296,5.636363506317139
2689456,6.5962443351745605
2689584,7.004504680633545
2689584,6.4375
2689792,6.538461685180664
2690480,6.651376247406006
2690528,6.659090995788574
2690784,6.875
2691920,6.545454502105713
2692016,6.779140949249268
2692688,5.243902206420898
2692960,6.926605701446533
2693200,6.755555629730225
2694032,6.742081642150879
2694304,7.031963348388672
2695568,6.933333396911621
2696384,6.91304349899292
2696400,6.5765767097473145
2696816,6.666666507720947
2697600,6.554054260253906
2698560,6.907894611358643
2699264,7.0089287757873535
2700352,6.363636493682861
2700352,6.733333110809326
2701120,6.756756782531738
2701696,7.02222204208374
2701808,6.5625
2702128,6.73423433303833
2702672,6.666666507720947
2702864,6.71875
2703440,6.903669834136963
2703520,6.866666793823242
2703840,6.751152038574219
2704656,6.795454502105713
2704768,7.111111164093018
2704992,6.830357074737549
2705408,6.785714149475098
2705648,6.803652763366699
2705984,6.960352420806885
2706208,6.7727274894714355
2706960,6.9392523765563965
2707008,6.575342655181885
2707056,7.02222204208374
2708896,6.814159393310547
2709344,6.147541046142578
2709712,7.607758522033691
2709792,6.771300315856934
2710576,5.754716873168945
2710608,5.494505405426025
2710624,6.311110973358154
2710960,6.950672626495361
2711472,6.75
2712864,7.2602739334106445
2713824,6.800000190734863
2713872,7.040358543395996
2714048,6.704545497894287
2714096,7.180616855621338
2714272,7.4347825050354
2715888,7.0506911277771
2716480,6.933333396911621
2717408,6.995515823364258
2717408,6.820276260375977
2717440,6.95945930480957
2717744,7.252252101898193
2718544,7.136363506317139
2719280,6.526315689086914
2719936,6.880530834197998
2720064,6.81614351272583
2720480,6.986301422119141
2721232,6.891891956329346
2722032,6.912442207336426
2723456,6.940639495849609
2723600,6.863636493682861
2723680,7.094972133636475
2724128,6.95852518081665
2725344,6.972476959228516
2727664,7.363636493682861
2728960,6.955555438995361
2729184,7.2272725105285645
2729296,7.322404384613037
2729936,7.420091152191162
2731008,7.14932107925415
2731520,6.166666507720947
2731696,7.031963348388672
2731904,7.242152690887451
2732880,7.017937183380127
2734176,6.968325614929199
2734368,6.968325614929199
2734560,7.081448078155518
2734768,7.191781044006348
2735136,7.2098212242126465
2735216,7.168949604034424
2735328,6.711711883544922
2735536,6.863636493682861
2736464,7.025862216949463
2737056,7.262569904327393
2737088,6.744185924530029
2737984,7.0
2738016,6.7164177894592285
2740608,7.031963348388672
2741248,5.384615421295166
2741520,6.7727274894714355
2741888,7.045454502105713
2742176,6.912442207336426
2742480,7.092511177062988
2742528,6.529680252075195
2742560,6.851851940155029
2743360,7.305935859680176
2744032,6.354166507720947
2744224,7.111111164093018
2745008,6.736111164093018
2745136,6.955555438995361
2745440,6.666666507720947
2746800,6.772486686706543
2747136,6.636771202087402
2747520,6.7840375900268555
2748272,6.7792792320251465
2749328,6.89497709274292
2751008,6.4976959228515625
2751280,6.7272725105285645
2752144,6.793722152709961
2752416,6.926605701446533
2753120,6.599099159240723
2753232,6.69767427444458
2753408,6.828193664550781
2753632,6.651376247406006
2753952,6.479820728302002
2754400,6.7272725105285645
2754624,5.915493011474609
2755408,6.681818008422852
2756032,6.622222423553467
2756416,6.363636493682861
2757568,6.6589860916137695
2757904,6.81192684173584
2758192,6.705069065093994
2758272,6.850220203399658
2759456,6.361502170562744
2760464,6.978609561920166
2760736,6.711711883544922
2761168,6.5625
2761376,6.775000095367432
2761488,6.838564872741699
2761888,6.622222423553467
2763328,7.043478488922119
2763648,6.7410712242126465
2763680,6.666666507720947
2764256,6.735159873962402
2766880,6.968325614929199
2767440,6.027397155761719
2767616,6.733333110809326
2768288,6.674107074737549
2769024,6.954545497894287
2770176,6.547618865966797
2770432,6.425339221954346
2770528,6.7281107902526855
2770672,6.412556171417236
2770864,6.493212699890137
2770944,6.985294342041016
2772816,6.590909004211426
2773040,6.6891889572143555
2773264,6.273292064666748
2774400,6.659090995788574
2774768,6.5765767097473145
2776000,6.431818008422852
2776048,6.244131565093994
2776640,6.77419376373291
2777488,6.880733966827393
2779472,6.828703880310059
2779584,6.768558979034424
2779936,6.592920303344727
2780176,6.651785850524902
2780192,6.5765767097473145
2780224,6.666666507720947
2781232,6.3733906745910645
2782032,6.25
2782304,6.4851484298706055
2783488,6.49779748916626
2784400,6.912442207336426
2784880,6.814159393310547
2786752,6.828193664550781
2789552,7.142857074737549
2789728,7.090909004211426
2789952,6.526315689086914
2790400,6.606334686279297
2791536,6.909090995788574
2791568,7.009132385253906
2791824,6.898148059844971
2792080,6.696035385131836
2792192,6.079136848449707
2792672,6.766055107116699
2792976,6.891891956329346
2793296,6.53153133392334
2793904,6.697247505187988
2793920,6.844444274902344
2794016,6.824324131011963
2794224,6.606334686279297
2795392,1.8125
2796256,6.905829429626465
2796704,5.969387531280518
2797472,6.486486434936523
2797504,6.345291614532471
2797824,6.607142925262451
2799072,5.0
2799456,6.752136707305908
2800592,6.800000190734863
2802512,6.696832656860352
2802512,6.840909004211426
2802976,6.666666507720947
2803632,6.888888835906982
2803664,6.725663661956787
2804592,6.803652763366699
2804624,6.711111068725586
2804624,6.71875
2806064,6.651583671569824
2806352,6.67391300201416
2806528,6.863636493682861
2807680,6.681614398956299
2808160,6.590909004211426
2808192,6.6891889572143555
2808240,6.689497947692871
2808608,6.392405033111572
2808624,6.488888740539551
2809072,6.5217390060424805
2809488,6.343283653259277
2809856,6.513761520385742
2810128,6.941964149475098
2810832,6.818181991577148
2811712,6.621621608734131
2812288,7.096774101257324
2812608,6.909090995788574
2812624,6.583710193634033
2814048,6.390134334564209
2814368,6.718061447143555
2814608,6.440678119659424
2815104,6.066350936889648
2815648,6.257668495178223
2815872,7.040358543395996
2816160,6.5158371925354
2816688,6.122448921203613
2817712,6.40350866317749
2818336,6.438356399536133
2819328,6.279069900512695
2819728,6.25
2820240,5.892857074737549
2820896,6.704035758972168
2821168,6.511627674102783
2821584,6.8061676025390625
2822016,6.288209438323975
2822032,5.900900840759277
2822384,6.613636493682861
2822560,6.422018527984619
2822720,6.681818008422852
2822768,6.569506645202637
2823232,6.169724941253662
2825088,6.743119239807129
2825280,6.354679584503174
2826080,6.3242011070251465
2826384,5.945945739746094
2826816,6.636771202087402
2827024,6.164383411407471
2827728,6.1184210777282715
2828688,6.547085285186768
2828736,6.604938507080078
2829872,6.795454502105713
2830560,6.545454502105713
2831840,6.486486434936523
2832576,6.606334686279297
2835728,6.2155961990356445
2836080,5.966386318206787
2836112,6.4772725105285645
2837968,6.550218105316162
2839104,5.566037654876709
2839104,6.192660331726074
2839184,6.49779748916626
2842160,6.068965435028076
2842192,6.513761520385742
2843360,6.63755464553833
2844944,6.338383674621582
2845184,6.3761467933654785
2845568,6.425339221954346
2845648,6.543778896331787
2846208,6.4285712242126465
2846544,6.565656661987305
2847008,6.255814075469971
2847104,6.0
2848256,6.5848212242126465
2848480,6.295454502105713
2848704,6.621004581451416
2848720,6.189427375793457
2849120,6.561086177825928
2849152,6.559633255004883
2849168,6.53153133392334
2850016,6.342592716217041
2850032,6.509008884429932
2850192,6.263736248016357
2851712,6.329113960266113
2852208,6.228448390960693
2852720,5.581395149230957
2853280,6.5333333015441895
2853344,6.666666507720947
2853520,6.444953918457031
2854288,6.5227274894714355
2854832,5.961538314819336
2855184,6.342592716217041
2855760,6.402714729309082
2856768,6.807511806488037
2857280,5.106382846832275
2858912,6.630901336669922
2859360,5.604395389556885
2859776,6.392693996429443
2860272,6.592920303344727
2860416,6.5198235511779785
2862208,6.702127456665039
2862608,6.635513782501221
2862656,6.493212699890137
2863376,6.607142925262451
2864160,6.4719624519348145
2865408,6.509008884429932
2865472,6.712328910827637
2865792,7.085201740264893
2866160,6.334841728210449
2868464,6.4772725105285645
2868944,6.388888835906982
2868960,6.388888835906982
2868976,6.636771202087402
2869696,6.547085285186768
2869856,5.660377502441406
2870224,6.540284156799316
2871792,4.333333492279053
2871968,6.399082660675049
2872512,6.75
2873632,6.688889026641846
2873840,6.622222423553467
2874192,6.732456207275391
2874608,6.486486434936523
2874944,6.463963985443115
2875568,6.808510780334473
2876096,6.771300315856934
2876272,6.790392875671387
2876368,6.507936477661133
2877760,6.216216087341309
2878192,6.238532066345215
2878240,6.526548862457275
2878960,6.355140209197998
2879408,6.44444465637207
2879616,6.21004581451416
2879808,6.347032070159912
2879872,6.520737171173096
2880896,6.288888931274414
2881088,6.402714729309082
2881232,6.365740776062012
2881648,6.2093024253845215
2882752,6.5
2883472,6.888888835906982
2884752,6.304347991943359
2885328,5.945945739746094
2885632,6.4666666984558105
2885968,6.3839287757873535
2886400,6.365638732910156
2886704,6.547085285186768
2886912,6.504629611968994
2887008,6.613636493682861
2887760,6.399082660675049
2887936,6.481481552124023
2887984,6.575342655181885
2888672,6.635944843292236
2889024,6.153846263885498
2889424,6.481481552124023
2889472,6.5366973876953125
2889888,6.705069065093994
2890064,5.625
2890448,6.431818008422852
2890592,6.4349775314331055
2890704,6.269841194152832
2891024,6.8973212242126465
2891552,6.621621608734131
2892704,6.742081642150879
2893648,6.379310131072998
2895088,6.0
2895104,6.615044116973877
2895872,6.991150379180908
2896656,6.6891889572143555
2897056,6.5
2897232,6.234177112579346
2899456,6.52466344833374
2900864,6.592920303344727
2901504,5.773195743560791
2901808,6.159999847412109
2902176,6.311110973358154
2902208,6.183035850524902
2902720,6.40969181060791
2902768,5.762712001800537
2902976,6.369863033294678
2903488,6.104294300079346
2903504,6.289308071136475
2904128,6.5
2904368,6.536796569824219
2904672,6.392693996429443
2904992,6.405529975891113
2905216,6.681614398956299
2905744,6.441441535949707
2905792,6.543778896331787
2906336,6.5333333015441895
2906976,6.221198081970215
2907184,6.56488561630249
2907840,6.877828121185303
2908160,6.764705657958984
2908480,6.3364057540893555
2909776,6.08695650100708
2909904,6.380090713500977
2911600,6.261682033538818
2912048,6.484018325805664
2912464,6.643835544586182
2913312,6.363636493682861
2914720,6.704035758972168
2914944,6.447963714599609
2915200,6.605504512786865
2915264,6.491228103637695
2915520,6.5366973876953125
2916080,6.475770950317383
2916288,6.484018325805664
2916544,6.031745910644531
2916704,6.607142925262451
2917280,6.102941036224365
2917856,6.339285850524902
2918176,6.814159393310547
2919248,6.502242088317871
2919648,6.651982307434082
2919952,6.757990837097168
2920528,6.6284403800964355
2921968,6.177884578704834
2922656,6.1160712242126465
2923232,6.305309772491455
2924640,6.395349025726318
2925536,6.711711883544922
2925600,6.422018527984619
2927200,6.850220203399658
2929024,6.903669834136963
2929104,6.756756782531738
2929168,6.8693695068359375
2929664,6.319018363952637
2930416,6.473214149475098
2931472,7.077625751495361
2931600,6.863636493682861
2932720,6.577777862548828
2932768,6.933333396911621
2932944,6.418919086456299
2933216,6.674208164215088
2934528,6.460176944732666
2934864,6.53153133392334
2935072,6.412036895751953
2936240,6.3473052978515625
2936320,6.545454502105713
2936320,6.538461685180664
2936816,6.615044116973877
2937904,6.502242088317871
2939296,6.261261463165283
2941920,6.454545497894287
2942304,6.163522243499756
2942800,6.261467933654785
2943344,6.238738536834717
2943600,6.780821800231934
2945008,6.636771202087402
2945120,6.826484203338623
2945232,6.255605220794678
2947152,6.176470756530762
2947376,6.622222423553467
2947616,6.30232572555542
2948928,6.666666507720947
2949184,6.289592742919922
2949472,6.77419376373291
2950288,6.704035758972168
2950592,6.622807025909424
2950624,6.415929317474365
2950784,6.504424571990967
2951232,6.5333333015441895
2952032,5.962732791900635
2954096,5.882352828979492
2954816,6.771300315856934
2955008,6.244131565093994
2955520,6.405529975891113
2955824,6.347032070159912
2956608,6.52466344833374
2956816,6.21301794052124
2957248,6.2727274894714355
2957904,6.450892925262451
2958464,6.255814075469971
2958656,6.392693996429443
2959328,6.340909004211426
2960272,6.2443437576293945
2960544,6.09375
2960912,6.5570173263549805
2961120,7.030303001403809
2962176,6.1187214851379395
2962960,6.238937854766846
2965040,6.233183860778809
2965088,6.488888740539551
2965408,6.378504753112793
2965696,6.3063063621521
2966320,6.126126289367676
2966544,6.238937854766846
2967392,6.6964287757873535
2967440,6.402714729309082
2967712,6.800000190734863
2968208,6.552511215209961
2968544,6.307339668273926
2968896,6.56682014465332
2969984,6.214953422546387
2970992,6.04072380065918
2971200,6.121212005615234
2971232,6.301369667053223
2971808,6.049107074737549
2972480,6.457398891448975
2973632,6.599999904632568
2974208,6.234568119049072
2974672,6.550218105316162
2974720,6.438356399536133
2975664,5.737704753875732
2976496,6.311110973358154
2977120,6.363636493682861
2977360,6.666666507720947
2977744,6.363636493682861
2977984,6.278538703918457
2978496,6.058558464050293
2979008,6.5418500900268555
2979200,6.386363506317139
2979712,6.345291614532471
2980080,5.689655303955078
2980656,6.651583671569824
2980688,6.148648738861084
2980944,6.415524959564209
2980976,6.266666889190674
2981232,6.4976959228515625
2981632,6.299559593200684
2982064,5.934959411621094
2983168,6.339285850524902
2984528,6.345291614532471
2984752,6.1187214851379395
2986672,6.4349775314331055
2987760,6.386363506317139
2987840,6.712328910827637
2988048,6.3242011070251465
2988672,6.392693996429443
2989232,6.4349775314331055
2990784,6.771300315856934
2991024,6.745689868927002
2991168,6.373873710632324
2991840,6.610169410705566
2992752,6.484018325805664
2993360,6.397058963775635
2993408,6.561086177825928
2993824,6.4285712242126465
2993824,6.380090713500977
2994960,6.513761520385742
2995424,6.704035758972168
2996992,6.681416034698486
2997184,6.431717872619629
2997392,6.441441535949707
2997600,4.625
2998304,6.460176944732666
2998960,5.909090995788574
2999792,6.461187362670898
3000576,6.278027057647705
3001824,6.397515296936035
3001872,6.463963985443115
3001968,6.328828811645508
3002080,6.599099159240723
3003648,6.513157844543457
3004048,6.504629611968994
3005296,6.205357074737549
3005456,6.25
3005696,5.217391490936279
3007280,6.349557399749756
3008368,6.425438404083252
3009552,6.388888835906982
3009584,6.801801681518555
3010224,6.296296119689941
3010480,6.6331658363342285
3011744,6.568047523498535
3012528,6.5740742683410645
3013072,6.529680252075195
3013792,6.764705657958984
3014000,6.643835544586182
3014416,6.803652763366699
3015312,6.459627151489258
3015904,6.840909004211426
3016256,6.591928482055664
3016656,6.255605220794678
3016752,6.355555534362793
3017104,6.5227274894714355
3019200,6.214285850524902
3020128,6.995515823364258
3020144,6.56682014465332
3020320,6.73423433303833
3020352,6.712328910827637
3021104,6.591928482055664
3021744,6.697247505187988
3022416,6.4285712242126465
3022480,6.860986709594727
3023072,6.457398891448975
3023824,6.689815044403076
3024320,6.456521511077881
3025104,6.704035758972168
3025392,6.696035385131836
3026720,6.5198235511779785
3027072,6.480686664581299
3027504,6.768558979034424
3029472,6.583710193634033
3029712,6.818181991577148
3029888,7.02222204208374
3030624,6.742081642150879
3031168,6.907894611358643
3031680,6.607142925262451
3031808,6.217948913574219
3032272,7.098214149475098
3032704,6.415929317474365
3033472,6.502242088317871
3034288,6.6891889572143555
3034448,6.296296119689941
3035200,6.538461685180664
3035792,6.763285160064697
3038512,6.846847057342529
3038912,6.363636493682861
3039296,6.490825653076172
3039696,6.65919303894043
3041712,6.7920355796813965
3042512,6.5401787757873535
3042560,6.700507640838623
3045216,6.410256385803223
3045344,6.724137783050537
3045904,6.547085285186768
3047088,6.349206447601318
3047536,6.511111259460449
3047552,6.65919303894043
3048704,6.801801681518555
3048704,6.7488789558410645
3049616,5.892857074737549
3050032,6.4285712242126465
3052224,6.803652763366699
3052352,6.40625
3052368,6.582568645477295
3052864,6.636363506317139
3053248,6.545454502105713
3053632,6.651785850524902
3054272,6.465116500854492
3054416,6.276595592498779
3054752,6.6891889572143555
3054864,6.612903118133545
3055216,6.344086170196533
3055776,6.712328910827637
3055872,6.444953918457031
3056784,6.636363506317139
3057408,6.705069065093994
3057424,6.422018527984619
3060160,6.791443824768066
3060160,6.5
3060464,6.681416034698486
3062704,6.6289591789245605
3064224,6.564102649688721
3064496,6.651376247406006
3064912,6.3839287757873535
3065088,6.5158371925354
3066640,6.846847057342529
3067136,6.486486434936523
3067536,6.809815883636475
3067568,6.486486434936523
3068032,6.7272725105285645
3069856,6.5
3070000,7.1621623039245605
3070864,6.575342655181885
3071040,6.513761520385742
3071120,6.603773593902588
3071392,6.697247505187988
3072880,6.409090995788574
3073200,6.771300315856934
3073664,6.294642925262451
3073840,6.277533054351807
3073968,6.371681213378906
3074208,6.3242011070251465
3074272,5.945121765136719
3074448,6.7488789558410645
3074928,6.386363506317139
3076240,6.375
3077264,6.415929317474365
3077280,6.392693996429443
3077424,6.322869777679443
3078352,6.088889122009277
3078384,6.279069900512695
3079024,6.363636493682861
3079568,6.438356399536133
3079856,6.511111259460449
3080720,6.588785171508789
3080992,6.351351261138916
3081376,6.399082660675049
3081744,6.295454502105713
3083200,6.128318786621094
3083744,5.955882549285889
3084256,6.136363506317139
3084384,6.336898326873779
3084512,6.187214374542236
3084576,6.279069900512695
3085136,6.502242088317871
3085248,6.399082660675049
3085968,6.5
3086832,6.371681213378906
3087824,6.432432651519775
3087856,6.3839287757873535
3087920,6.289592742919922
3088016,6.339285850524902
3090336,7.004405498504639
3090384,6.178343772888184
3090768,6.216216087341309
3092336,6.363636493682861
3092960,6.255814075469971
3094096,6.047904014587402
3094352,6.467889785766602
3094688,6.188340663909912
3095104,6.244239807128906
3095248,6.289592742919922
3096240,6.614349842071533
3096576,6.377777576446533
3096656,6.194029808044434
3097152,6.027397155761719
3097664,6.325301170349121
3097952,6.7410712242126465
3098640,6.545454502105713
3098752,6.320754528045654
3098928,6.2727274894714355
3099840,5.973451137542725
3100336,6.200873374938965
3101520,6.373873710632324
3102368,6.511111259460449
3102544,6.199999809265137
3103296,5.683229923248291
3103360,6.232876777648926
3106912,6.511111259460449
3107520,6.295454502105713
3107872,6.538461685180664
3108688,6.3122172355651855
3111040,6.027397155761719
3111088,6.467889785766602
3111376,5.950920104980469
3111824,6.592920303344727
3112416,6.745689868927002
3112448,6.34782600402832
3113040,6.085972785949707
3113056,6.198156833648682
3114128,6.386363506317139
3114640,6.380090713500977
3115136,6.233183860778809
3116000,6.2443437576293945
3116240,6.244444370269775
3117664,6.113636493682861
3117792,6.1187214851379395
3118304,6.422018527984619
3118656,6.484018325805664
3119424,6.543778896331787
3119504,6.25
3119504,6.444953918457031
3121392,6.316964149475098
3121728,6.396396160125732
3121840,6.363636493682861
3122064,6.244444370269775
3122320,6.192660331726074
3122464,6.289592742919922
3122976,6.5158371925354
3123328,6.194690227508545
3123920,6.742081642150879
3124992,6.316964149475098
3125232,6.294642925262451
3126080,4.210526466369629
3126416,6.495326995849609
3126848,6.283185958862305
3128864,6.301369667053223
3130160,6.299559593200684
3130320,6.5962443351745605
3130352,6.605504512786865
3131472,6.4375
3131504,6.255707740783691
3132192,6.233479976654053
3132400,6.513157844543457
3132448,6.479820728302002
3133008,6.261261463165283
3133008,6.339285850524902
3133136,6.787330150604248
3133344,6.547085285186768
3133744,6.502242088317871
3135728,6.045454502105713
3136400,6.651583671569824
3136816,6.481481552124023
3137248,6.2844038009643555
3138048,6.795454502105713
3138976,6.52439022064209
3139904,6.467889785766602
3140080,6.7792792320251465
3140144,5.833333492279053
3140176,6.301369667053223
3140304,6.409090995788574
3140336,6.50684928894043
3140640,6.139534950256348
3141152,6.1936936378479
3142080,6.279069900512695
3142848,6.396396160125732
3143728,6.431818008422852
3145760,6.425339221954346
3146288,6.386363506317139
3146608,6.331775665283203
3147440,6.486486434936523
3147808,6.396396160125732
3148208,6.575342655181885
3148320,6.415094375610352
3150384,6.322869777679443
3150608,6.415929317474365
3150704,6.3815789222717285
3150944,6.559633255004883
3151024,6.261261463165283
3151344,6.5
3151792,6.504629611968994
3153888,6.605504512786865
3154416,6.192660331726074
3154944,6.138392925262451
3155344,6.742081642150879
3156256,6.08695650100708
3156432,6.318181991577148
3156528,6.5217390060424805
3156688,6.422018527984619
3156880,6.441441535949707
3157504,6.681614398956299
3158096,6.666666507720947
3158192,6.283783912658691
3158992,6.211453914642334
3159504,5.714285850524902
3160144,6.418604850769043
3160448,6.036036014556885
3161184,6.593886375427246
3161216,6.313364028930664
3161584,6.612903118133545
3162512,6.347032070159912
3163472,5.762712001800537
3163520,6.636363506317139
3164784,6.486486434936523
3167360,6.1936936378479
3167568,6.261261463165283
3168240,6.355140209197998
3168336,6.3122172355651855
3169792,6.159090995788574
3170224,6.2155961990356445
3170528,6.53153133392334
3170816,6.23913049697876
3171120,5.882352828979492
3171680,6.459627151489258
3171936,6.25
3172352,6.192660331726074
3173376,6.36771297454834
3174368,5.972850799560547
3174400,6.307339668273926
3174544,6.3063063621521
3177008,6.283185958862305
3177072,6.6566267013549805
3178720,6.163522243499756
3178752,6.0625
3179296,6.441860675811768
3180032,6.41304349899292
3180464,5.911949634552002
3181328,6.159090995788574
3182176,6.4285712242126465
3184128,6.473214149475098
3184448,6.313364028930664
3185056,6.181818008422852
3185344,6.4772725105285645
3185760,6.255707740783691
3185792,6.2443437576293945
3185792,6.271929740905762
3185968,6.351351261138916
3188000,6.402714729309082
3188368,6.347032070159912
3188928,6.457398891448975
3189024,6.300448417663574
3189296,6.545454502105713
3189344,6.832579135894775
3190256,5.897435665130615
3191136,6.4976959228515625
3191504,6.543778896331787
3192432,6.467889785766602
3192592,6.441441535949707
3194720,6.502242088317871
3194960,6.2443437576293945
3195712,6.342592716217041
3196384,6.4976959228515625
3196416,6.30232572555542
3196624,6.098654747009277
3196720,6.3364057540893555
3197248,6.40350866317749
3198272,6.793249130249023
3198672,6.396396160125732
3199232,6.164383411407471
3199728,6.454545497894287
3200160,6.386363506317139
3201920,6.44444465637207
3202976,6.558441638946533
3203056,6.3274335861206055
3203488,6.347032070159912
3203680,6.369863033294678
3204512,6.255924224853516
3204528,6.4285712242126465
3205152,5.405405521392822
3205168,6.183206081390381
3206640,6.294642925262451
3207168,6.220930099487305
3207184,6.26086950302124
3207408,6.431818008422852
3208128,6.160714149475098
3208128,6.355555534362793
3208528,6.621004581451416
3210112,6.064815044403076
3210848,6.3274335861206055
3211632,6.353210926055908
3211760,6.194690227508545
3211952,6.384976387023926
3212512,6.520737171173096
3212592,6.4285712242126465
3212608,6.238738536834717
3213776,6.184210300445557
3215248,6.044444561004639
3215392,5.907079696655273
3215792,6.387665271759033
3216256,6.211453914642334
3216256,6.074561595916748
3217024,6.031390190124512
3217312,6.545454502105713
3217920,6.3242011070251465
3218096,6.40969181060791
3218912,6.491228103637695
3218944,6.199095249176025
3219296,6.261467933654785
3219808,6.131221771240234
3220720,6.329113960266113
3221600,6.3973798751831055
3222192,6.380090713500977
3222912,6.651982307434082
3223024,6.25
3223328,6.082949161529541
3224352,6.393805503845215
3227088,6.402439117431641
3227664,6.047904014587402
3227872,6.027397155761719
3229296,6.21004581451416
3229504,6.409090995788574
3230192,6.131221771240234
3230688,5.977011680603027
3231440,5.96846866607666
3231904,5.714285850524902
3232800,6.387665271759033
3232816,6.26086950302124
3233072,6.036036014556885
3234512,6.024096488952637
3234976,6.093023300170898
3235008,6.351351261138916
3235472,6.185344696044922
3237824,6.136363506317139
3237824,6.371681213378906
3238688,6.2276787757873535
3239792,6.111111164093018
3240144,6.17511510848999
3240848,6.490825653076172
3241232,6.666666507720947
3241408,6.255605220794678
3241552,6.204545497894287
3241696,6.52466344833374
3242608,6.1187214851379395
3243472,6.4349775314331055
3243712,6.283783912658691
3245024,6.088889122009277
3245584,6.3215861320495605
3247120,6.322869777679443
3247184,5.819672107696533
3248048,6.078431606292725
3248784,6.164383411407471
3249824,6.146789073944092
3250480,6.55555534362793
3250624,6.3761467933654785
3250752,6.013513565063477
3251488,6.194690227508545
3252080,6.02222204208374
3253312,5.974842548370361
3253376,5.55555534362793
3253392,6.216216087341309
3254176,6.199095249176025
3254464,6.462882041931152
3255200,6.130434989929199
3255920,6.25
3256912,6.027397155761719
3257952,6.146789073944092
3258272,6.133333206176758
3259072,6.330275058746338
3259520,5.9598212242126465
3259760,6.194690227508545
3261520,6.058558464050293
3261648,6.3274335861206055
3261792,6.334841728210449
3262512,6.0
3262880,6.165919303894043
3263024,6.126126289367676
3264064,5.616438388824463
3265104,6.278027057647705
3265104,6.058558464050293
3265984,5.869565010070801
3266128,6.517857074737549
3266336,6.106194496154785
3266624,5.869565010070801
3266640,6.108597278594971
3266672,6.3215861320495605
3266864,6.277777671813965
3267056,5.86776876449585
3267520,6.372093200683594
3269344,6.181818008422852
3269600,6.222222328186035
3269632,6.077981472015381
3270112,6.3364057540893555
3270496,6.393805503845215
3272384,6.1160712242126465
3272480,6.185344696044922
3273264,6.084070682525635
3273296,6.059907913208008
3273712,6.0714287757873535
3274032,6.068181991577148
3274064,6.1049723625183105
3275904,6.164383411407471
3276000,6.392693996429443
3276608,6.384976387023926
3276800,6.0
3277056,6.3274335861206055
3278128,6.108597278594971
3280032,5.941704273223877
3280128,6.134259223937988
3280240,6.415929317474365
3280320,6.055046081542969
3280624,6.216216087341309
3281968,6.074766159057617
3282112,6.061320781707764
3283456,6.351351261138916
3283600,6.261261463165283
3283968,6.2155961990356445
3284240,6.222222328186035
3284800,6.1160712242126465
3284928,6.651982307434082
3285488,6.21004581451416
3286656,6.238738536834717
3287040,6.569506645202637
3287424,6.278027057647705
3287536,6.036866188049316
3287936,6.21004581451416
3290720,5.959596157073975
3290752,6.622222423553467
3290816,6.126126289367676
3290896,6.34782600402832
3290912,6.266968250274658
3294320,6.351351261138916
3294688,6.113636493682861
3295392,6.2155961990356445
3295632,6.244239807128906
3296320,6.111111164093018
3297248,6.396396160125732
3297584,6.228070259094238
3297712,6.146789073944092
3298416,5.347222328186035
3298528,6.363636493682861
3299008,6.377777576446533
3299168,6.295454502105713
3300416,6.2844038009643555
3301472,6.08695650100708
3301664,6.67391300201416
3302400,6.140350818634033
3302720,6.176470756530762
3303984,6.463963985443115
3304848,6.480686664581299
3305056,6.479820728302002
3305120,6.195652008056641
3305584,6.126126289367676
3306016,6.199999809265137
3306832,6.199095249176025
3308000,6.343612194061279
3308752,6.526548862457275
3309312,6.25
3310080,6.333333492279053
3310464,6.238937854766846
3313776,6.133333206176758
3314304,6.082474231719971
3315184,6.322869777679443
3317040,6.157205104827881
3317360,5.344827651977539
3317776,6.211180210113525
3318128,6.013824939727783
3318192,6.024096488952637
3318704,6.255707740783691
3319184,6.0
3319216,5.375
3319296,6.027397155761719
3319408,5.950226306915283
3320352,6.171171188354492
3320864,6.126126289367676
3321904,5.648148059844971
3321968,5.799086570739746
3322704,5.890410900115967
3322848,5.730088710784912
3323888,6.068181991577148
3324496,6.1777777671813965
3324544,5.938864707946777
3325296,5.96846866607666
3325696,5.6744184494018555
3327424,5.714285850524902
3328096,6.165919303894043
3328192,5.936072826385498
3328784,6.058558464050293
3329680,6.261261463165283
3329808,6.106194496154785
3330080,5.384615421295166
3330864,6.1777777671813965
3330912,6.4285712242126465
3331600,6.25
3332160,6.085972785949707
3332976,5.902439117431641
3333264,6.046511650085449
3333696,5.97777795791626
3335200,6.473214149475098
3335408,5.943396091461182
3335680,6.288888931274414
3335760,5.848214149475098
3336544,6.0714287757873535
3336656,6.419213771820068
3337840,6.4666666984558105
3338160,6.2443437576293945
3338192,5.739910125732422
3339376,6.266666889190674
3339712,6.076233386993408
3340432,6.045454502105713
3340608,6.077981472015381
3342112,6.008968830108643
3342880,5.9817352294921875
3344032,6.026785850524902
3344128,6.127167701721191
3345216,6.101321697235107
3345360,6.40625
3346160,4.800000190734863
3346272,6.018099784851074
3346608,5.852017879486084
3347216,5.984848499298096
3347504,5.473684310913086
3347664,5.954545497894287
3347920,6.194690227508545
3348912,6.219511985778809
3349696,6.363636493682861
3350192,6.153846263885498
3350224,6.311110973358154
3350704,6.441441535949707
3351408,5.967741966247559
3352016,6.4782609939575195
3352368,6.461864471435547
3354448,6.296296119689941
3355648,6.1210761070251465
3356032,6.228070259094238
3356752,6.435184955596924
3357504,6.181818008422852
3358000,6.160714149475098
3358560,6.31944465637207
3359248,6.050228118896484
3360336,6.412556171417236
3360368,6.450892925262451
3360432,6.502242088317871
3360976,6.599999904632568
3361104,6.183035850524902
3362048,6.271929740905762
3362128,6.53153133392334
3362928,6.65919303894043
3362960,6.666666507720947
3364464,6.7488789558410645
3364560,6.591928482055664
3365504,6.425438404083252
3365744,6.5333333015441895
3367024,6.474654197692871
3367344,6.4285712242126465
3368128,4.883720874786377
3370000,6.8061676025390625
3370304,6.554054260253906
3372368,6.339285850524902
3372400,6.418919086456299
3372736,6.242236137390137
3373904,6.629464149475098
3374608,6.334841728210449
3374720,6.412556171417236
3374992,6.477987289428711
3375328,6.674208164215088
3376192,6.334841728210449
3377440,6.696832656860352
3377856,6.585903167724609
3378144,6.659090995788574
3378208,6.4285712242126465
3379408,6.422018527984619
3379840,6.025640964508057
3380608,5.714285850524902
3380640,5.593220233917236
3381024,6.569506645202637
3381792,6.278027057647705
3382256,6.025640964508057
3382432,6.720183372497559
3382544,6.5765767097473145
3383328,6.422018527984619
3384272,6.725663661956787
3385664,6.58695650100708
3385968,6.863636493682861
3386464,6.588785171508789
3387120,6.502242088317871
3389376,6.318181991577148
3389440,6.520737171173096
3389984,6.369863033294678
3390800,6.572052478790283
3391840,6.604650974273682
3392800,6.233183860778809
3394352,6.447963714599609
3395184,6.621621608734131
3395328,6.433121204376221
3395472,6.548672676086426
3396560,6.353210926055908
3397936,6.7488789558410645
3398736,6.538461685180664
3398832,6.636363506317139
3399056,6.52466344833374
3400000,6.5401787757873535
3400272,6.40625
3402064,6.502242088317871
3402464,6.547085285186768
3402528,6.456521511077881
3402736,6.36771297454834
3403648,6.711711883544922
3404480,6.491228103637695
3405088,6.470588207244873
3405264,6.783919811248779
3405664,6.5418500900268555
3406176,6.614349842071533
3407104,6.6289591789245605
3407120,6.860986709594727
3407216,6.838564872741699
3407216,6.7792792320251465
3408656,6.711711883544922
3409264,6.5625
3409712,6.7727274894714355
3410768,6.629955768585205
3412208,6.447963714599609
3412944,6.412556171417236
3413328,6.400000095367432
3414352,6.369863033294678
3415248,6.6891889572143555
3415680,6.797235012054443
3415984,6.513761520385742
3416448,6.964285850524902
3416512,6.133333206176758
3416544,6.830357074737549
3418080,6.7272725105285645
3418880,6.415929317474365
3419216,6.800000190734863
3419952,6.605504512786865
3420224,6.471861362457275
3420368,6.484018325805664
3420768,6.009852409362793
3421408,6.380090713500977
3421552,6.473214149475098
3421744,6.543778896331787
3422800,6.726457595825195
3422912,6.615720748901367
3423232,6.73913049697876
3426000,6.266666889190674
3426384,6.547085285186768
3427088,6.393805503845215
3427472,6.266666889190674
3428496,6.392693996429443
3428880,6.377777576446533
3429216,6.53153133392334
3429504,6.513761520385742
3429920,6.431818008422852
3430224,6.589861869812012
3430624,6.5
3432048,6.334841728210449
3432400,6.278027057647705
3432448,6.517857074737549
3433296,6.386363506317139
3433776,6.138392925262451
3433856,6.371681213378906
3434192,6.73423433303833
3434544,6.399082660675049
3434928,6.265822887420654
3435440,6.2727274894714355
3436080,5.128205299377441
3436320,6.164383411407471
3436736,6.455696105957031
3437392,6.340909004211426
3438464,6.5227274894714355
3438640,6.244444370269775
3439600,6.50684928894043
3439632,6.058558464050293
3439872,6.221719264984131
3440320,6.143497943878174
3440752,6.486486434936523
3440944,6.402714729309082
3441360,6.285714149475098
3442000,6.045454502105713
3442160,6.543778896331787
3443360,6.543778896331787
3443904,6.704035758972168
3444256,6.422018527984619
3444944,6.1777777671813965
3444992,6.150442600250244
3445104,6.5
3445456,6.139534950256348
3447536,6.517857074737549
3447888,6.279069900512695
3448848,6.445497512817383
3448880,6.388888835906982
3449280,6.399082660675049
3450144,6.226851940155029
3450640,6.508620738983154
3451328,6.21004581451416
3452192,6.3242011070251465
3452224,6.547085285186768
3452496,6.16740083694458
3452832,6.113636493682861
3452928,6.339285850524902
3453328,4.400000095367432
3453616,6.527777671813965
3454416,6.846847057342529
3454736,6.486486434936523
3454912,6.349557399749756
3455776,6.255605220794678
3456064,6.351351261138916
3456512,6.412556171417236
3456816,6.313364028930664
3458384,6.25550651550293
3458512,6.3839287757873535
3458608,6.359649181365967
3459008,6.176470756530762
3460096,6.7488789558410645
3460688,6.463963985443115
3461456,6.278538703918457
3462064,6.877729415893555
3462112,6.316964149475098
3462608,6.2844038009643555
3463120,6.454545497894287
3463600,6.3761467933654785
3464352,6.447368621826172
3465568,6.543778896331787
3465760,6.3215861320495605
3466032,6.502242088317871
3466048,6.299559593200684
3466736,6.964285850524902
3466816,6.373873710632324
3467952,6.7410712242126465
3469664,6.622222423553467
3469744,6.4285712242126465
3470352,6.400000095367432
3471504,6.334841728210449
3472448,6.460176944732666
3472560,6.333333492279053
3472864,6.216216087341309
3473712,6.563876628875732
3475440,6.2155961990356445
3475904,6.055046081542969
3475968,6.027397155761719
3476400,6.688889026641846
3477360,6.318181991577148
3477856,6.167664527893066
3478448,6.71875
3479568,6.735159873962402
3479968,6.100917339324951
3480480,6.643835544586182
3480816,6.582568645477295
3483040,6.077981472015381
3483168,6.3839287757873535
3483584,6.295454502105713
3484064,6.390134334564209
3484416,6.666666507720947
3484448,6.283783912658691
3485632,6.085972785949707
3486512,6.696832656860352
3486672,6.592920303344727
3487008,6.405529975891113
3489200,6.3063063621521
3489472,6.703539848327637
3490144,6.415929317474365
3490384,6.076233386993408
3490512,6.261261463165283
3491616,6.361607074737549
3493744,6.353210926055908
3493968,6.390134334564209
3494256,6.3122172355651855
3495088,6.435184955596924
3495184,6.441441535949707
3497344,6.318181991577148
3497568,6.339285850524902
3498640,6.04072380065918
3498816,6.261261463165283
3499344,6.463963985443115
3499760,6.138392925262451
3499984,6.359447002410889
3500912,6.081080913543701
3502352,6.013513565063477
3502896,6.221719264984131
3503312,6.2107625007629395
3503504,6.103896141052246
3503504,6.165919303894043
3503680,6.181818008422852
3504000,5.238095283508301
3506336,6.313364028930664
3506928,6.283185958862305
3506976,6.378378391265869
3507104,6.205357074737549
3507152,6.160714149475098
3507184,6.238532066345215
3507744,6.0
3508192,6.305309772491455
3508192,6.1187214851379395
3508304,6.21004581451416
3509904,6.1936936378479
3510688,6.192660331726074
3511424,6.329787254333496
3511696,6.347032070159912
3511776,5.986546993255615
3511792,6.0714287757873535
3513984,6.330275058746338
3514176,5.97777795791626
3515248,6.085972785949707
3515712,6.351931095123291
3517680,6.1238532066345215
3517792,6.146789073944092
3517952,6.081080913543701
3518432,6.380090713500977
3518480,6.21004581451416
3519104,6.008968830108643
3519264,5.982142925262451
3520352,6.090909004211426
3520672,6.25
3521312,6.081080913543701
3521456,6.238532066345215
3522000,6.3242011070251465
3522656,6.108597278594971
3524192,6.415524959564209
3524320,6.415929317474365
3524768,6.2443437576293945
3524848,6.323529243469238
3524960,6.307339668273926
3525648,6.199095249176025
3526752,6.2443437576293945
3527984,6.206140518188477
3528288,6.136363506317139
3529152,5.995575428009033
3530240,6.4285712242126465
3531264,6.072961330413818
3531552,6.283783912658691
3531840,6.068181991577148
3532128,6.221719264984131
3532240,6.486486434936523
3532368,6.093023300170898
3534352,6.113636493682861
3534800,6.100628852844238
3534848,5.964125633239746
3535536,6.043478488922119
3536160,6.129032135009766
3536336,6.559139728546143
3538432,6.164383411407471
3538720,5.806451797485352
3539056,6.2727274894714355
3539152,6.5333333015441895
3539216,6.105990886688232
3539472,6.171171188354492
3539664,6.238532066345215
3539936,6.25
3540192,6.2272725105285645
3541648,6.390134334564209
3542016,6.2107625007629395
3542112,6.412556171417236
3542464,6.186046600341797
3543568,5.9954752922058105
3545184,6.4772725105285645
3545936,6.299559593200684
3545968,6.399082660675049
3546256,6.150442600250244
3546704,5.806451797485352
3548880,6.134969234466553
3549056,6.063348293304443
3549088,6.082949161529541
3549264,6.25550651550293
3549568,6.40625
3550208,6.330275058746338
3550224,6.365638732910156
3553696,6.198156833648682
3553776,6.470588207244873
3553856,6.138392925262451
3554832,6.380090713500977
3555328,6.435184955596924
3556160,6.143497943878174
3557088,6.238937854766846
3557376,6.0714287757873535
3557808,6.5625
3558016,6.143497943878174
3558848,6.438356399536133
3559600,6.068181991577148
3560224,5.982142925262451
3561024,6.238937854766846
3561616,6.049107074737549
3561824,6.2844038009643555
3562112,6.390134334564209
3562432,6.420454502105713
3562464,6.222222328186035
3563808,6.093023300170898
3565344,6.3242011070251465
3565360,6.136363506317139
3566032,6.351351261138916
3566096,6.6447367668151855
3566448,6.219511985778809
3566800,6.2443437576293945
3568736,6.49779748916626
3569104,6.357466220855713
3569408,6.347032070159912
3569632,6.159090995788574
3571216,6.304347991943359
3573152,6.221198081970215
3573216,6.316964149475098
3573520,6.2276787757873535
3574080,6.333333492279053
3574944,6.155555725097656
3575200,5.4347825050354
3575424,6.506550312042236
3576048,6.409090995788574
3576272,6.289592742919922
3576496,6.2723212242126465
3576832,6.222222328186035
3576944,6.5158371925354
3577408,6.3274335861206055
3577744,6.351351261138916
3579584,6.204545497894287
3580016,6.529680252075195
3580864,5.958904266357422
3580992,6.1210761070251465
3581712,3.6136362552642822
3582752,6.204819202423096
3582832,5.950920104980469
3583936,6.009174346923828
3584032,5.855855941772461
3584432,6.171171188354492
3584864,6.076233386993408
3585216,6.077981472015381
3585680,6.400000095367432
3585696,6.113636493682861
3586144,6.337719440460205
3586624,5.818181991577148
3587520,6.233183860778809
3588320,6.232558250427246
3588720,6.192660331726074
3589280,5.848214149475098
3589680,5.9772725105285645
3590208,6.165919303894043
3590400,6.068181991577148
3592864,6.053811550140381
3593424,6.165919303894043
3594976,6.152073860168457
3595248,6.099585056304932
3596416,6.085972785949707
3596480,6.136363506317139
3596640,6.066666603088379
3596992,6.25550651550293
3596992,6.371681213378906
3597488,5.8447489738464355
3597904,5.909090995788574
3598480,5.940366744995117
3599520,6.40692663192749
3599984,6.081080913543701
3600048,6.148648738861084
3600384,5.876777172088623
3600432,6.0280375480651855
3600976,5.921658992767334
3601008,5.8968610763549805
3601456,6.050000190734863
3602736,5.724637508392334
3604016,6.188340663909912
3604640,6.255707740783691
3604976,5.82191801071167
3605088,5.82191801071167
3605184,6.21212100982666
3606304,5.833333492279053
3606640,5.950226306915283
3607536,6.138392925262451
3608256,5.888888835906982
3608848,6.008771896362305
3609792,5.950920104980469
3611152,5.800000190734863
3611552,5.723270416259766
3611760,5.9633026123046875
3613136,6.322869777679443
3613360,6.103603839874268
3614384,5.837103843688965
3614576,5.837209224700928
3615088,6.0
3615280,6.1238532066345215
3615328,5.96846866607666
3616016,6.049107074737549
3617312,6.103603839874268
3617888,6.146789073944092
3618144,6.126126289367676
3618816,6.113636493682861
3618944,5.8222222328186035
3619600,6.412556171417236
3620208,5.986546993255615
3621008,6.400862216949463
3621440,6.198156833648682
3621968,6.075949192047119
3622160,5.878378391265869
3622448,6.055046081542969
3623792,6.2107625007629395
3624800,6.219511985778809
3625072,6.289592742919922
3625568,6.1160712242126465
3625744,6.203703880310059
3626608,6.295454502105713
3628784,6.189427375793457
3629408,6.031390190124512
3632368,6.278027057647705
3632656,6.347032070159912
3633056,6.528384208679199
3634480,5.976744174957275
3634560,6.4772725105285645
3635264,6.486486434936523
3635264,6.3537116050720215
3635808,6.0280375480651855
3636240,6.569506645202637
3636640,6.636771202087402
3637392,6.288888931274414
3637488,6.026785850524902
3637984,6.192660331726074
3638784,6.187214374542236
3639824,6.169724941253662
3639888,6.181818008422852
3640144,6.188340663909912
3640256,6.288888931274414
3640448,6.361607074737549
3641072,6.278027057647705
3641200,6.034482955932617
3641600,6.5333333015441895
3641744,6.36771297454834
3642032,6.107784271240234
3642400,6.561086177825928
3642992,6.357466220855713
3644000,6.447963714599609
3645824,6.194690227508545
3645840,6.0
3646624,6.3274335861206055
3646816,6.216216087341309
3646848,6.289592742919922
3647072,6.150442600250244
3647520,6.164383411407471
3647920,5.909090995788574
3649520,5.403225898742676
3649632,5.8370041847229
3650384,5.954545497894287
3650896,6.074561595916748
3651840,6.157205104827881
3653248,6.02222204208374
3653312,1.8125
3653600,6.129032135009766
3654000,5.911110877990723
3654352,6.277533054351807
3655056,5.945945739746094
3655360,6.027397155761719
3657920,6.159090995788574
3658096,6.008968830108643
3658528,6.018518447875977
3660096,6.194690227508545
3660320,6.204545497894287
3661072,6.1187214851379395
3661136,6.234568119049072
3661408,5.933333396911621
3661488,6.090047359466553
3663392,6.11904764175415
3663408,6.053811550140381
3663440,6.088889122009277
3663600,6.126126289367676
3664272,6.036036014556885
3664688,6.066666603088379
3664768,5.575221061706543
3664832,5.886363506317139
3664928,6.045454502105713
3664944,5.909090995788574
3665056,5.945945739746094
3665104,6.198156833648682
3665632,5.551470756530762
3666128,5.668789863586426
3668256,6.171171188354492
3668432,6.09375
3668496,5.688889026641846
3668608,5.9429826736450195
3669488,5.479452133178711
3669504,5.809523582458496
3669712,6.42553186416626
3670528,5.7727274894714355
3670560,5.756880760192871
3670720,5.802752494812012
3671504,6.036036014556885
3672112,5.866666793823242
3672128,6.164383411407471
3673120,5.995575428009033
3673248,5.954545497894287
3674064,6.261467933654785
3674128,6.0714287757873535
3674224,6.192660331726074
3675024,6.21004581451416
3675664,6.136363506317139
3675696,6.024844646453857
3676832,6.345291614532471
3677664,6.183035850524902
3677728,6.049107074737549
3678096,5.733944892883301
3678176,5.921658992767334
3678432,6.084905624389648
3679056,5.990991115570068
3679200,6.068181991577148
3679520,6.008968830108643
3681232,6.126126289367676
3682896,6.58695650100708
3683760,6.261261463165283
3684048,6.184210300445557
3684944,6.643835544586182
3685296,6.2443437576293945
3685472,6.290322780609131
3686208,6.353210926055908
3686368,6.064815044403076
3686640,6.076233386993408
3687424,6.842105388641357
3688752,5.976744174957275
3688880,6.1210761070251465
3689712,6.377777576446533
3690064,5.995670795440674
3690176,6.164383411407471
3691472,6.205357074737549
3691552,6.3255815505981445
3691792,5.348837375640869
3693168,6.412556171417236
3693232,5.986238479614258
3693536,6.294642925262451
3693600,6.068181991577148
3694064,5.9817352294921875
3695024,6.203703880310059
3695920,5.930232524871826
3697168,6.460176944732666
3697200,6.1160712242126465
3697296,6.386363506317139
3697440,6.160714149475098
3699312,6.415524959564209
3700576,6.3839287757873535
3700848,6.493212699890137
3700928,6.382488250732422
3702384,6.105990886688232
3703808,6.2443437576293945
3704064,6.2844038009643555
3704096,6.232876777648926
3704128,6.278538703918457
3704432,6.199095249176025
3704544,6.422222137451172
3704800,6.0625
3705664,6.328828811645508
3705920,6.136363506317139
3705952,6.457398891448975
3706720,6.301369667053223
3707680,6.307339668273926
3707680,5.9276018142700195
3707712,6.199999809265137
3709296,6.415929317474365
3709376,6.2276787757873535
3709504,6.322869777679443
3709872,6.275510311126709
3711120,6.4782609939575195
3711296,6.473214149475098
3711440,6.369863033294678
3712736,6.0514020919799805
3713584,6.552511215209961
3714288,6.534391403198242
3714688,6.1936936378479
3714912,6.064815044403076
3715408,6.061946868896484
3716368,5.9234232902526855
3716368,6.3274335861206055
3716624,5.799086570739746
3716864,6.607142925262451
3717792,5.986238479614258
3718192,6.146789073944092
3718464,6.04072380065918
3718672,6.379310131072998
3718960,6.289592742919922
3719936,6.328828811645508
3721936,6.049107074737549
3721984,6.392693996429443
3722192,5.9817352294921875
3722384,5.892018795013428
3723072,6.255707740783691
3724592,5.090909004211426
3724880,6.031390190124512
3725264,5.882352828979492
3725440,6.17511510848999
3725488,6.103603839874268
3725520,6.0227274894714355
3725536,6.199095249176025
3725792,6.09375
3725936,6.153846263885498
3726112,1.0
3728832,6.1936936378479
3728976,6.0227274894714355
3729104,6.244444370269775
3729136,5.955555438995361
3729760,6.027397155761719
3730736,5.769230842590332
3731424,6.288888931274414
3731728,5.8385090827941895
3731824,6.023255825042725
3733552,5.9276018142700195
3733712,6.027397155761719
3734336,6.183035850524902
3734720,5.806451797485352
3735488,6.143497943878174
3736320,6.216216087341309
3736752,6.190476417541504
3739136,6.563876628875732
3740016,5.55555534362793
3740848,5.848623752593994
3741312,6.467889785766602
3741424,6.278027057647705
3741936,6.299559593200684
3743008,6.1210761070251465
3743072,6.337209224700928
3743600,6.278027057647705
3743920,6.143497943878174
3744368,6.164383411407471
3744448,5.384615421295166
3744560,6.3839287757873535
3745712,6.361701965332031
3745984,6.087963104248047
3746608,6.363636493682861
3746832,6.339285850524902
3746976,6.192660331726074
3747024,6.155555725097656
3747552,6.1725664138793945
3747584,5.882352828979492
3747712,6.4285712242126465
3748416,6.164383411407471
3748480,6.296296119689941
3749520,6.050228118896484
3750384,6.221719264984131
3750464,6.076233386993408
3750496,6.301369667053223
3751104,6.319018363952637
3751248,5.951327323913574
3751600,6.045454502105713
3752848,6.3063063621521
3753936,6.018518447875977
3754080,6.479820728302002
3755168,6.666666507720947
3755312,6.517857074737549
3755472,6.290322780609131
3757328,6.495326995849609
3757472,6.181818008422852
3757760,6.2727274894714355
3758352,6.188340663909912
3760256,6.666666507720947
3760944,6.622222423553467
3761008,6.318181991577148
3761296,6.4285712242126465
3763248,6.2672810554504395
3763824,6.238738536834717
3764464,5.962732791900635
3764480,6.181818008422852
3764784,6.5158371925354
3766160,6.032110214233398
3767264,5.903614521026611
3767456,6.039823055267334
3768032,6.351351261138916
3769024,5.905511856079102
3769328,6.696035385131836
3769504,6.740087985992432
3769680,6.780821800231934
3770416,6.283783912658691
3771616,6.397515296936035
3772656,6.351351261138916
3772768,6.1187214851379395
3773056,6.334841728210449
3775008,6.226415157318115
3775376,6.164383411407471
3776224,6.441860675811768
3776448,6.244239807128906
3776864,6.65919303894043
3777776,6.238738536834717
3778992,6.1777777671813965
3779728,6.232558250427246
3781312,6.181818008422852
3782352,6.457398891448975
3782496,6.009174346923828
3783280,6.032110214233398
3785680,6.373873710632324
3785696,5.854701042175293
3786832,6.2443437576293945
3787216,6.382488250732422
3787456,6.2844038009643555
3787792,6.1238532066345215
3788096,6.188340663909912
3789232,5.9772725105285645
3789248,6.171171188354492
3789584,6.035242080688477
3789840,6.257668495178223
3790304,5.940366744995117
3790592,6.036036014556885
3790992,6.113636493682861
3791648,5.882352828979492
3791968,5.9276018142700195
3793184,6.473214149475098
3794000,6.165919303894043
3794176,6.278027057647705
3794224,6.103603839874268
3795488,6.1210761070251465
3796800,6.088889122009277
3796832,6.141552448272705
3798736,6.369863033294678
3799104,6.133333206176758
3799120,5.931818008422852
3800352,6.380090713500977
3800528,6.138392925262451
3801136,6.339285850524902
3801920,6.100917339324951
3802688,6.008968830108643
3803920,6.171171188354492
3804848,6.082251071929932
3804896,6.143497943878174
3804992,6.1928935050964355
3805952,6.504424571990967
3806064,6.068181991577148
3806160,6.25
3807328,6.359447002410889
3807424,6.027397155761719
3807904,6.218905448913574
3808656,6.25
3808960,6.1052632331848145
3809632,6.441441535949707
3811104,6.431818008422852
3812160,6.1210761070251465
3812496,6.318181991577148
3812592,6.204545497894287
3812752,6.161137580871582
3813344,6.328828811645508
3813504,6.666666507720947
3814320,6.538461685180664
3815488,6.285046577453613
3817072,6.351351261138916
3818192,6.40350866317749
3819200,6.2672810554504395
3819424,6.5366973876953125
3819664,6.380090713500977
3820464,6.340909004211426
3821120,6.5401787757873535
3821856,6.233183860778809
3822976,6.461187362670898
3823952,6.278027057647705
3824080,6.488888740539551
3824896,5.689655303955078
3826608,6.261062145233154
3827488,6.3122172355651855
3827888,6.158536434173584
3828720,6.277533054351807
3829024,6.486486434936523
3829280,6.2727274894714355
3832560,6.181818008422852
3832864,6.233183860778809
3834576,5.920000076293945
3836096,6.183035850524902
3836784,6.216216087341309
3837168,6.409090995788574
3837248,6.6289591789245605
3837312,6.216216087341309
3838128,6.431818008422852
3838480,6.121212005615234
3839088,6.4666666984558105
3839792,6.818181991577148
3840256,6.216814041137695
3840656,6.1777777671813965
3840848,6.316964149475098
3841728,6.233183860778809
3842160,6.36771297454834
3843280,6.300448417663574
3843360,6.5765767097473145
3843408,5.238095283508301
3844496,6.2727274894714355
3845568,6.422018527984619
3845808,6.211453914642334
3846784,6.583710193634033
3846880,6.392693996429443
3848032,6.2443437576293945
3849024,6.238738536834717
3849120,6.454545497894287
3849360,6.606334686279297
3850560,6.569506645202637
3852864,6.100917339324951
3853456,6.357466220855713
3853792,6.467889785766602
3854016,6.330275058746338
3854032,6.351351261138916
3855088,6.347032070159912
3855216,6.52466344833374
3855248,6.031390190124512
3857536,6.307339668273926
3858096,5.862069129943848
3858640,6.153846263885498
3858768,6.470588207244873
3859792,6.244444370269775
3860880,6.1936936378479
3861040,6.467889785766602
3862112,6.057692527770996
3862224,6.2107625007629395
3862512,6.345291614532471
3863328,6.045454502105713
3863632,6.098654747009277
3864528,6.3242011070251465
3864592,6.153846263885498
3864976,6.345291614532471
3865776,6.199095249176025
3866016,6.131221771240234
3866992,6.206140518188477
3867360,6.159090995788574
3868112,6.488888740539551
3868144,6.04072380065918
3868544,6.081080913543701
3868912,6.36771297454834
3869472,6.488372325897217
3869600,6.467889785766602
3870720,6.314655303955078
3870944,6.255605220794678
3871184,6.176470756530762
3871728,6.311110973358154
3872096,6.334841728210449
3872384,6.143497943878174
3872544,6.283185958862305
3872944,6.334841728210449
3873168,6.441441535949707
3876464,5.9817352294921875
3878080,5.844444274902344
3878080,6.265822887420654
3878640,6.2844038009643555
3879040,6.013216018676758
3879184,6.157407283782959
3879648,5.990991115570068
3880112,5.964912414550781
3880272,6.004566192626953
3882032,5.911110877990723
3882352,6.339285850524902
3882992,6.2155961990356445
3883232,6.143497943878174
3883792,6.018099784851074
3883824,5.814479827880859
3883872,5.1086955070495605
3884896,6.1777777671813965
3885600,5.96846866607666
3885904,6.063348293304443
3886320,6.108597278594971
3886464,5.9490742683410645
3886624,6.217391490936279
3887136,5.848623752593994
3889008,6.261261463165283
3889040,5.875
3889856,5.909090995788574
3889952,6.036866188049316
3890160,6.159090995788574
3890752,6.155555725097656
3890896,5.969162940979004
3890992,6.050228118896484
3892608,6.026785850524902
3893504,6.172839641571045
3893760,6.0714287757873535
3894432,5.9954752922058105
3894576,5.829596519470215
3894976,5.955555438995361
3896192,5.91928243637085
3896384,6.044444561004639
3896752,6.1160712242126465
3897088,6.008968830108643
3897552,5.138888835906982
3898224,6.25550651550293
3898880,6.063348293304443
3899696,5.789473533630371
3899840,6.123348236083984
3899968,6.081080913543701
3900288,6.26086950302124
3900656,6.1936936378479
3900672,6.199999809265137
3900960,6.050228118896484
3901712,6.244725704193115
3902256,5.732758522033691
3903856,5.945945739746094
3904160,6.1187214851379395
3904256,6.316964149475098
3904448,6.2672810554504395
3905104,6.146789073944092
3905200,6.2672810554504395
3907104,6.088889122009277
3907392,6.0227274894714355
3907808,6.221719264984131
3908016,6.171171188354492
3908432,6.1187214851379395
3908656,6.063348293304443
3909008,6.266968250274658
3909392,6.2155961990356445
3910464,6.204545497894287
3911280,6.396396160125732
3912000,6.103603839874268
3912000,6.183035850524902
3912288,6.238937854766846
3912480,6.31944465637207
3913984,6.369863033294678
3914064,6.283783912658691
3914496,6.399082660675049
3917104,6.172839641571045
3917424,6.369863033294678
3918608,6.313364028930664
3919600,6.3215861320495605
3921072,6.40969181060791
3923104,6.1936936378479
3923152,6.5158371925354
3923248,6.04477596282959
3924800,6.637167930603027
3925504,6.1160712242126465
3926256,6.318181991577148
3927792,6.255605220794678
3928352,6.55555534362793
3929312,6.486486434936523
3929840,6.479820728302002
3930112,6.357466220855713
3930272,6.509008884429932
3930464,6.585903167724609
3932064,6.6447367668151855
3933472,6.184210300445557
3934064,6.674107074737549
3934576,6.6289591789245605
3935168,6.855895042419434
3936928,6.463963985443115
3937584,6.7281107902526855
3937600,6.880733966827393
3937648,6.412556171417236
3938160,6.457398891448975
3938752,6.569506645202637
3938768,6.204545497894287
3939104,6.484018325805664
3940672,6.7272725105285645
3941120,6.529680252075195
3941232,6.5418500900268555
3941584,6.361607074737549
3942080,6.216216087341309
3942416,6.40350866317749
3944240,6.221719264984131
3944784,6.289592742919922
3945280,6.126126289367676
3945952,6.308411121368408
3946368,6.469298362731934
3946816,6.261467933654785
3947072,6.351351261138916
3948304,6.415524959564209
3948576,6.382488250732422
3949520,6.502242088317871
3950608,6.2727274894714355
3951344,6.261467933654785
3951936,6.073059558868408
3952160,6.255605220794678
3952368,6.261261463165283
3953072,6.063348293304443
3953424,6.233183860778809
3954880,6.6120219230651855
3955408,6.238532066345215
3957488,6.1160712242126465
3958336,6.188340663909912
3958448,5.972850799560547
3958928,6.141552448272705
3959248,6.488888740539551
3960576,6.138392925262451
3961056,6.050228118896484
3961328,6.59817361831665
3962592,6.359649181365967
3962816,6.396396160125732
3963216,6.5625
3964080,6.146789073944092
3964560,6.334841728210449
3964848,6.278538703918457
3965184,6.1936936378479
3967312,6.186046600341797
3967616,5.866666793823242
3967728,6.136363506317139
3967792,6.147186279296875
3968096,6.181818008422852
3969952,5.7317070960998535
3970208,6.216216087341309
3971344,6.153846263885498
3971712,6.076233386993408
3972592,6.171171188354492
3973088,5.890410900115967
3974736,6.238738536834717
3974848,6.146789073944092
3975312,6.049107074737549
3975920,5.92307710647583
3975984,5.142857074737549
3975984,6.073059558868408
3976592,6.063348293304443
3976864,6.390134334564209
3976992,5.967741966247559
3978224,6.244239807128906
3979488,6.103603839874268
3979760,6.008968830108643
3979792,6.031390190124512
3980144,6.018099784851074
3980160,5.945945739746094
3980848,6.111111164093018
3981728,6.077981472015381
3982016,5.69444465637207
3982448,6.1210761070251465
3983072,5.964125633239746
3983216,6.0
3983328,6.0227274894714355
3985328,6.0714287757873535
3985520,5.208333492279053
3985584,5.701357364654541
3986016,5.7207207679748535
3986624,6.126126289367676
3987520,6.340909004211426
3988224,5.936072826385498
3989008,6.173708915710449
3989104,6.053811550140381
3989968,5.613636493682861
3990112,5.9772725105285645
3990208,5.941704273223877
3990336,5.285714149475098
3990432,5.8108110427856445
3991088,6.103603839874268
3992704,6.0714287757873535
3993136,6.013513565063477
3993232,5.945945739746094
3994032,6.013513565063477
3997280,5.788288116455078
3997520,5.990991115570068
4001168,6.16740083694458
4002432,5.866666793823242
4003088,6.053811550140381
4004688,6.255605220794678
4004752,6.103603839874268
4006496,5.8071746826171875
4006880,6.0194172859191895
4007488,6.041666507720947
4007920,5.743243217468262
4008880,6.035242080688477
4009424,5.991189479827881
4010240,6.137339115142822
4011680,5.976744174957275
4011808,5.9633026123046875
4011920,6.0
4013264,5.941704273223877
4014000,6.044444561004639
4015040,6.2276787757873535
4015104,5.8968610763549805
4015328,6.164383411407471
4015360,5.784753322601318
4015392,5.972222328186035
4017504,5.8597283363342285
4017824,5.4938273429870605
4018128,5.806451797485352
4018720,6.400000095367432
4018896,5.855855941772461
4020256,6.050228118896484
4020384,5.840909004211426
4020624,6.137566089630127
4021456,5.840707778930664
4022320,5.931818008422852
4022368,6.018518447875977
4022480,5.892857074737549
4023952,5.384615421295166
4024032,6.139534950256348
4025904,5.941704273223877
4026112,6.063348293304443
4027152,1.0
4027792,5.9151787757873535
4027856,5.906976699829102
4027984,6.0
4029568,5.9347825050354
4031472,5.96069860458374
4031920,6.081080913543701
4033136,5.6306304931640625
4034016,5.0
4034048,5.625
4034496,5.76576566696167
4034848,5.784753322601318
4035072,5.9234232902526855
4035248,5.625
4035408,6.082949161529541
4035568,5.899122714996338
4035840,5.416666507720947
4036656,5.973451137542725
4036992,6.013216018676758
4038560,5.904977321624756
4038992,5.8968610763549805
4039808,5.68807315826416
4041072,5.9772725105285645
4041328,5.730088710784912
4042192,1.8125
4042528,6.2727274894714355
4043888,6.0217390060424805
4045824,6.145374298095703
4047904,5.915493011474609
4049536,5.973451137542725
4050320,6.221719264984131
4051632,6.017315864562988
4052256,6.095890522003174
4052560,6.103603839874268
4053568,6.162790775299072
4054608,6.17511510848999
4055840,5.829596519470215
4055904,6.013216018676758
4056128,5.849056720733643
4056624,5.945945739746094
4058112,6.024844646453857
4058320,6.082251071929932
4059520,5.47169828414917
4059584,5.895196437835693
4060400,6.353210926055908
4060576,5.798319339752197
4061040,5.8968610763549805
4061952,6.045454502105713
4062240,5.982142925262451
4063296,6.103603839874268
4063584,5.911110877990723
4064560,6.141552448272705
4066768,6.131221771240234
4067216,5.986546993255615
4069840,5.849999904632568
4070368,6.25
4070576,6.288209438323975
4070736,5.913241863250732
4070800,5.964125633239746
4071312,6.194690227508545
4073968,5.9666666984558105
4074144,5.852017879486084
4074240,6.2844038009643555
4074880,6.013513565063477
4075584,6.21212100982666
4075920,6.145374298095703
4077488,6.449999809265137
4077696,5.900900840759277
4077712,6.261261463165283
4077840,6.375
4079696,6.280193328857422
4080032,6.146789073944092
4081088,6.363636493682861
4081344,6.194690227508545
4081392,5.9276018142700195
4082768,6.068181991577148
4084896,5.986238479614258
4084896,5.7522125244140625
4084960,6.4666666984558105
4085872,6.216216087341309
4086736,6.090909004211426
4088528,6.061946868896484
4090016,6.1777777671813965
4090176,6.018099784851074
4090432,6.460176944732666
4091792,6.255605220794678
4091936,6.152073860168457
4092160,6.349557399749756
4093296,6.063348293304443
4093680,6.238532066345215
4093936,5.938864707946777
4094336,6.211453914642334
4094976,6.3063063621521
4095280,6.2672810554504395
4095664,6.1238532066345215
4096832,6.136363506317139
4097040,5.689655303955078
4097504,5.96846866607666
4099424,6.026785850524902
4099488,6.121212005615234
4100656,5.931818008422852
4101056,6.2443437576293945
4101344,5.940366744995117
4102064,6.013513565063477
4102528,6.133333206176758
4102816,5.954545497894287
4103088,6.361607074737549
4104208,6.343612194061279
4104304,5.818181991577148
4104592,6.295454502105713
4104944,6.205357074737549
4105472,6.084905624389648
4106464,6.108597278594971
4106768,6.200873374938965
4107024,6.316964149475098
4107744,6.159090995788574
4107920,6.058558464050293
4108112,6.027397155761719
4111296,6.447963714599609
4111504,6.059907913208008
4111632,6.1187214851379395
4113216,5.545454502105713
4113648,6.2272725105285645
4114064,6.0
4116672,6.205357074737549
4117472,6.1777777671813965
4117552,5.7373270988464355
4118560,6.165919303894043
4118736,5.9954752922058105
4119120,6.278027057647705
4119152,6.04938268661499
4122288,6.018099784851074
4124640,5.855855941772461
4124704,6.205357074737549
4125520,6.113636493682861
4125584,6.155555725097656
4126032,6.255707740783691
4127600,6.08695650100708
4127936,6.141552448272705
4128864,6.199095249176025
4129408,6.2272725105285645
4129552,6.050228118896484
4129776,6.238738536834717
4129968,5.950226306915283
4131024,6.181818008422852
4131072,6.194690227508545
4131472,6.204545497894287
4132576,6.232227325439453
4132992,5.829596519470215
4133488,6.369863033294678
4135856,6.0714287757873535
4136912,6.105990886688232
4139056,5.81506872177124
4139280,6.294642925262451
4139776,6.3063063621521
4140080,6.232876777648926
4141632,6.328828811645508
4142992,5.878378391265869
4143568,6.198156833648682
4145552,6.232558250427246
4146064,6.187214374542236
4146352,6.3063063621521
4147568,6.345291614532471
4147568,6.045454502105713
4147760,6.106194496154785
4148992,6.136363506317139
4149024,6.296296119689941
4149744,6.017699241638184
4149920,6.418919086456299
4150320,6.04072380065918
4151040,6.211180210113525
4151376,6.431818008422852
4152576,6.221719264984131
4154160,6.2276787757873535
4154736,6.211180210113525
4154880,6.111111164093018
4154912,6.590909004211426
4155984,6.139534950256348
4156176,6.339285850524902
4156640,6.1187214851379395
4156896,5.9954752922058105
4157024,6.17511510848999
4157344,6.09649133682251
4157440,6.090909004211426
4157680,6.059907913208008
4157680,6.347032070159912
4158144,6.412036895751953
4158432,6.221719264984131
4159520,6.5227274894714355
4160384,6.283185958862305
4161136,5.974842548370361
4161200,6.164383411407471
4161760,6.02222204208374
4161984,6.090909004211426
4162000,6.126126289367676
4163360,6.316964149475098
4164064,6.098654747009277
4164640,5.986238479614258
4164752,6.199095249176025
4164944,6.415929317474365
4167088,6.055046081542969
4168128,5.933333396911621
4168368,5.955555438995361
4169168,6.204545497894287
4170624,6.2727274894714355
4170720,6.09375
4171120,6.050228118896484
4171216,6.141552448272705
4171552,6.100628852844238
4171808,6.294642925262451
4172048,6.200873374938965
4172144,6.300448417663574
4172656,6.50684928894043
4174000,5.982142925262451
4174320,6.4285712242126465
4175072,6.164383411407471
4177184,5.96846866607666
4177616,6.355555534362793
4178240,5.9276018142700195
4178256,6.100917339324951
4178688,6.066666603088379
4178784,6.160714149475098
4180224,5.344827651977539
4181824,6.238738536834717
4181872,6.073619842529297
4182416,6.030701637268066
4183840,6.266666889190674
4184800,6.233183860778809
4184848,6.216814041137695
4184992,6.2107625007629395
4185008,6.128318786621094
4185408,6.045454502105713
4186192,6.060606002807617
4187584,6.0625
4188368,5.945945739746094
4188400,6.085972785949707
4189472,5.950226306915283
4190736,6.278027057647705
4191968,6.148648738861084
4192352,6.221719264984131
4193552,6.073619842529297
4194640,1.0
4195152,6.392693996429443
4196688,6.221719264984131
4198208,6.463963985443115
4198832,6.192660331726074
4199168,6.3122172355651855
4199680,6.44444465637207
4199952,6.013513565063477
4200112,6.261261463165283
4200560,5.9259257316589355
4200752,6.25
4202688,6.25550651550293
4202784,6.126126289367676
4203088,6.266968250274658
4203728,6.134259223937988
4204128,5.96846866607666
4206192,5.867579936981201
4206544,6.141552448272705
4206672,6.008968830108643
4207136,6.0714287757873535
4207632,5.894495487213135
4209680,6.290322780609131
4209936,6.199095249176025
4210496,5.855855941772461
4210592,6.056337833404541
4210624,5.898617744445801
4212368,5.900900840759277
4213136,5.97560977935791
4213216,6.181818008422852
4213600,6.088889122009277
4213824,6.058558464050293
4214688,6.204545497894287
4216784,6.0572686195373535
4217344,6.187214374542236
4217888,5.97777795791626
4218944,6.199999809265137
4219056,5.8715596199035645
4219888,6.0
4220096,6.3586955070495605
4220432,5.903083801269531
4220896,6.063348293304443
4221088,6.183035850524902
4222080,5.4285712242126465
4222704,6.145374298095703
4223520,5.714285850524902
4224016,5.941704273223877
4224432,5.7727274894714355
4224592,6.032110214233398
4225168,6.051502227783203
4225664,5.964125633239746
4226784,6.036036014556885
4227024,6.09375
4227936,6.0
4228432,6.02222204208374
4228704,5.844444274902344
4228768,5.78125
4228848,6.076233386993408
4231168,5.878378391265869
4231632,5.707762718200684
4232256,6.010638236999512
4232464,6.088889122009277
4233920,5.8597283363342285
4233936,6.328828811645508
4235168,6.160714149475098
4235184,5.791855335235596
4235504,5.791855335235596
4236016,6.108597278594971
4236032,6.013513565063477
4236576,5.733944892883301
4238720,5.701357364654541
4239056,5.837103843688965
4239392,5.7589287757873535
4239728,6.081080913543701
4239936,6.0
4240160,5.8968610763549805
4240640,6.008771896362305
4241136,5.837103843688965
4242416,5.956937789916992
4243088,5.882352828979492
4243456,5.9817352294921875
4243872,5.986238479614258
4243904,5.9633026123046875
4245568,6.008968830108643
4245936,5.882352828979492
4246624,5.791855335235596
4248112,6.073059558868408
4248544,6.199999809265137
4250096,5.902777671813965
4250448,6.181818008422852
4250656,5.9234232902526855
4250976,5.829596519470215
4251024,5.866666793823242
4251136,5.714285850524902
4251152,6.074561595916748
4253040,5.707762718200684
4253872,6.1160712242126465
4253968,5.913241863250732
4254080,6.060606002807617
4254160,5.733944892883301
4254528,6.0
4254672,5.913241863250732
4255232,5.855855941772461
4255328,5.848214149475098
4257328,5.853658676147461
4257424,5.950226306915283
4257728,5.675675868988037
4257968,5.128205299377441
4258080,5.904977321624756
4260128,6.013513565063477
4260336,5.633802890777588
4261312,6.076233386993408
4261728,5.900900840759277
4261808,6.018099784851074
4263264,5.897435665130615
4263664,6.043478488922119
4264416,5.7272725105285645
4264416,6.031390190124512
4264800,5.837103843688965
4265440,5.952381134033203
4265888,5.9817352294921875
4267424,5.814479827880859
4267504,5.679012298583984
4269488,5.848214149475098
4270368,6.073059558868408
4270944,5.875576019287109
4271584,6.044444561004639
4271984,5.989583492279053
4272176,5.833333492279053
4272560,5.958904266357422
4275312,6.1160712242126465
4275504,5.78125
4275568,6.188340663909912
4276128,6.171171188354492
4276800,5.909090995788574
4277152,5.964125633239746
4277856,6.161137580871582
4280848,6.1086955070495605
4281248,5.8715596199035645
4281648,5.929203510284424
4282720,5.9234232902526855
4282864,6.090909004211426
4283728,5.933333396911621
4283968,6.066666603088379
4284016,5.989847660064697
4285648,6.135371208190918
4286320,6.206896781921387
4287648,5.972850799560547
4288400,6.238738536834717
4288576,6.0714287757873535
4289264,6.088889122009277
4291040,6.1936936378479
4291072,5.9276018142700195
4291168,6.095890522003174
4292496,5.862832069396973
4293168,6.088889122009277
4294224,5.940366744995117
4294704,5.795454502105713
4295280,5.9490742683410645
4296976,6.008968830108643
4297264,5.990783214569092
4297936,6.103896141052246
4298032,5.666666507720947
4298208,6.031390190124512
4298560,6.066666603088379
4298960,6.1184210777282715
4300800,5.964125633239746
4302048,6.146789073944092
4302208,6.0792951583862305
4303152,6.044444561004639
4304032,6.255814075469971
4304416,6.053811550140381
4304608,5.870967864990234
4306112,5.863636493682861
4306128,6.415524959564209
4307312,5.878378391265869
4307584,5.904977321624756
4307632,5.958904266357422
4307888,5.967741966247559
4308080,6.203703880310059
4308608,5.9633026123046875
4308720,5.599078178405762
4309728,6.3839287757873535
4309872,5.948276042938232
4311104,6.164383411407471
4311472,6.0227274894714355
4311488,6.1160712242126465
4312208,6.0625
4312240,6.369863033294678
4312288,6.08433723449707
4312784,6.081080913543701
4312816,6.141552448272705
4314304,6.153846263885498
4314560,6.199095249176025
4315024,5.818181991577148
4315024,6.199095249176025
4315936,6.25550651550293
4316064,6.2443437576293945
4316256,6.157407283782959
4316368,6.108597278594971
4316768,5.9817352294921875
4317040,6.299559593200684
4318128,5.878378391265869
4318576,5.904977321624756
4318832,5.9151787757873535
4319472,5.9772725105285645
4319504,5.911949634552002
4319904,5.925110340118408
4320016,6.189427375793457
4320448,5.802752494812012
4321680,6.063348293304443
4321840,5.900900840759277
4322448,6.400000095367432
4322880,6.157407283782959
4323088,6.018518447875977
4323120,6.277533054351807
4323872,5.938967227935791
4324112,6.0
4325024,6.085972785949707
4325632,6.160714149475098
4325712,6.018099784851074
4325744,6.121212005615234
4326432,6.5158371925354
4326560,6.107784271240234
4326864,6.301369667053223
4327072,6.205357074737549
4328016,6.09929084777832
4328976,6.02222204208374
4329200,6.172839641571045
4329216,5.874439239501953
4329984,5.837103843688965
4330432,6.328828811645508
4331392,5.581395149230957
4332192,6.106194496154785
4332736,6.095890522003174
4332912,6.396396160125732
4333680,6.283185958862305
4335120,5.760000228881836
4335168,5.986546993255615
4336128,5.852017879486084
4336336,5.8035712242126465
4339568,5.860215187072754
4339984,6.101321697235107
4340048,5.882352828979492
4340688,5.911110877990723
4340912,6.030701637268066
4342432,5.991189479827881
4343024,5.945945739746094
4343840,6.171171188354492
4344608,5.973451137542725
4346704,6.289592742919922
4349216,5.7727274894714355
4349648,6.3215861320495605
4350192,6.018099784851074
4350944,6.068181991577148
4351696,6.008968830108643
4352144,6.181818008422852
4353232,5.829596519470215
4353856,6.100917339324951
4354304,5.8035712242126465
4354512,6.081080913543701
4354624,6.288888931274414
4355088,5.947136402130127
4355328,5.947136402130127
4356512,5.869565010070801
4357312,6.105990886688232
4357344,5.9234232902526855
4357568,6.222707271575928
4357904,5.848214149475098
4358016,6.107784271240234
4358400,4.901960849761963
4359312,6.128318786621094
4360848,6.181818008422852
4361024,5.9276018142700195
4361168,5.917431354522705
4361440,6.159090995788574
4361488,5.9259257316589355
4364416,6.3063063621521
4364576,5.837103843688965
4365888,6.081080913543701
4366864,6.031390190124512
4367888,6.064815044403076
4368176,6.294642925262451
4368480,5.931818008422852
4368576,6.221719264984131
4369216,6.238738536834717
4369376,6.290322780609131
4369872,6.082949161529541
4370848,6.164383411407471
4371744,6.351351261138916
4371744,6.6289591789245605
4372080,6.077981472015381
4375040,5.9598212242126465
4375264,6.292372703552246
4375968,6.008968830108643
4376512,6.266666889190674
4378000,5.950226306915283
4378544,6.192660331726074
4378704,6.345291614532471
4379008,6.044444561004639
4379168,6.18055534362793
4380352,6.1936936378479
4380512,6.108597278594971
4381376,6.462882041931152
4381472,6.073059558868408
4382288,5.829596519470215
4382320,6.1210761070251465
4382544,6.053811550140381
4383296,6.358381271362305
4383664,6.199095249176025
4383872,6.187214374542236
4385040,6.293859481811523
4386512,6.113537311553955
4386912,6.133333206176758
4387280,5.97777795791626
4388560,6.502242088317871
4389440,5.954545497894287
4389616,6.018518447875977
4390176,6.050228118896484
4390896,6.160714149475098
4391024,6.051502227783203
4392512,6.415524959564209
4392976,5.981308460235596
4393024,5.96846866607666
4393744,5.964125633239746
4394112,6.039823055267334
4395744,6.25
4396112,6.1160712242126465
4396384,6.199999809265137
4397920,6.143497943878174
4398192,6.2272725105285645
4398272,6.16740083694458
4399168,4.833333492279053
4399264,6.141552448272705
4399360,6.188340663909912
4400256,6.400000095367432
4401184,5.740740776062012
4401936,6.162280559539795
4402848,6.069869041442871
4402944,6.076233386993408
4403008,6.255605220794678
4403152,6.2443437576293945
4403984,6.5625
4404208,5.54054069519043
4406464,6.0
4406544,6.294642925262451
4407392,6.25
4407760,5.957446575164795
4408000,6.045454502105713
4408368,6.2272725105285645
4408704,6.133333206176758
4409056,6.2107625007629395
4410016,6.068181991577148
4410096,5.995575428009033
4411312,6.153846263885498
4411408,6.199999809265137
4411712,5.995370388031006
4412640,6.031390190124512
4413568,6.131221771240234
4413664,6.418919086456299
4413872,6.1210761070251465
4414176,5.802752494812012
4414896,5.964125633239746
4415072,6.143497943878174
4415712,5.7727274894714355
4415872,6.330275058746338
4416848,6.134259223937988
4417216,6.453744411468506
4417632,6.081080913543701
4417696,5.82191801071167
4418176,6.08695650100708
4420832,6.216216087341309
4421488,6.2844038009643555
4421968,6.196319103240967
4423056,5.833333492279053
4424304,5.950226306915283
4424352,5.950226306915283
4424352,5.890410900115967
4424512,5.840909004211426
4424896,5.947136402130127
4425648,6.666666507720947
4427408,6.055046081542969
4427840,6.082949161529541
4427920,5.97777795791626
4428032,6.222707271575928
4428304,6.181818008422852
4428928,5.733333110809326
4430192,6.181818008422852
4431280,6.074766159057617
4431808,6.288888931274414
4431808,6.032110214233398
4432256,6.183035850524902
4432544,5.9234232902526855
4432864,6.1210761070251465
4433616,6.106194496154785
4435024,6.294642925262451
4435168,6.073059558868408
4435312,6.238532066345215
4435376,5.9234232902526855
4435680,6.013216018676758
4435792,6.045454502105713
4436368,6.238532066345215
4437152,6.454545497894287
4437856,5.9772725105285645
4438816,6.145374298095703
4438896,6.2107625007629395
4438960,6.211180210113525
4439008,6.349557399749756
4439264,6.502242088317871
4439680,6.1210761070251465
4440784,5.840707778930664
4440928,6.1160712242126465
4441408,6.470588207244873
4442096,6.084070682525635
4442464,5.969162940979004
4442544,6.0572686195373535
4442832,6.077981472015381
4443232,6.2443437576293945
4443232,6.311110973358154
4444432,6.3761467933654785
4445984,6.087963104248047
4446032,6.238738536834717
4446384,5.7762556076049805
4446400,6.013513565063477
4447296,6.055046081542969
4448528,6.136363506317139
4449680,6.415929317474365
4449680,6.266968250274658
4450544,6.289592742919922
4450832,5.9772725105285645
4451376,6.460176944732666
4453120,5.5714287757873535
4453264,5.995370388031006
4453280,6.077981472015381
4453280,6.25
4453872,6.2727274894714355
4454000,6.222222328186035
4454992,6.355555534362793
4456752,6.444953918457031
4456816,6.031390190124512
4457232,6.452991485595703
4457456,6.053811550140381
4457696,6.334841728210449
4459968,5.945273399353027
4460256,5.733944892883301
4460400,5.856481552124023
4460400,6.2107625007629395
4460464,6.04072380065918
4460656,6.055276393890381
4460896,6.162280559539795
4463008,6.172839641571045
4463936,6.1936936378479
4465952,6.340909004211426
4466288,5.990991115570068
4467472,6.136363506317139
4467552,5.990991115570068
4467984,5.779816627502441
4468672,6.027397155761719
4469456,6.2844038009643555
4469824,6.363636493682861
4470176,6.036036014556885
4470544,6.192660331726074
4470848,6.081080913543701
4472064,6.590909004211426
4473696,6.095890522003174
4474080,5.964125633239746
4474384,6.318181991577148
4474672,6.283783912658691
4474864,6.44444465637207
4475584,5.886363506317139
4475824,6.289592742919922
4475888,6.076233386993408
4476624,6.244444370269775
4477440,6.210526466369629
4477696,6.255707740783691
4478336,6.036036014556885
4478416,6.221719264984131
4479120,6.0714287757873535
4479344,5.263157844543457
4479520,6.128318786621094
4481152,5.8447489738464355
4481184,6.3364057540893555
4481952,5.987654209136963
4482736,6.044444561004639
4483008,6.629464149475098
4483056,5.360360145568848
4483696,6.055046081542969
4484672,5.990783214569092
4484784,6.150442600250244
4485232,6.295454502105713
4485536,6.143497943878174
4485936,6.032110214233398
4486528,6.004566192626953
4486544,5.806451797485352
4488272,6.311110973358154
4489904,6.216814041137695
4490752,6.0
4491696,6.126126289367676
4491872,5.733333110809326
4491888,5.986238479614258
4492512,6.050228118896484
4493552,6.621621608734131
4494320,6.238738536834717
4494896,5.7589287757873535
4495264,5.96846866607666
4495424,5.746606349945068
4496048,5.931818008422852
4496048,5.941704273223877
4497136,6.113537311553955
4498192,6.101321697235107
4498400,6.238532066345215
4498816,6.063348293304443
4498848,6.3839287757873535
4500160,6.438053131103516
4500832,6.066666603088379
4500976,6.197183132171631
4501184,6.222222328186035
4501248,6.495326995849609
4501344,6.4285712242126465
4502176,5.950920104980469
4502384,6.554054260253906
4502560,6.085972785949707
4504528,6.153846263885498
4505088,6.3063063621521
4506080,6.363636493682861
4507248,6.283783912658691
4507280,6.126126289367676
4507920,6.359649181365967
4508000,6.25
4509248,6.3242011070251465
4510432,6.447963714599609
4510448,6.52466344833374
4510752,6.559633255004883
4511424,6.307339668273926
4512768,6.461187362670898
4513024,6.396396160125732
4514016,6.2107625007629395
4514944,6.0
4515392,6.2443437576293945
4515504,6.2155961990356445
4515632,6.373873710632324
4516336,6.103603839874268
4517568,6.063348293304443
4517664,6.1725664138793945
4517840,6.3122172355651855
4517968,5.844444274902344
4518560,6.171171188354492
4518736,6.25
4519024,6.392693996429443
4520240,6.390134334564209
4520464,5.990783214569092
4521088,5.848623752593994
4521456,6.288888931274414
4522304,5.878378391265869
4522384,6.183035850524902
4523552,6.153846263885498
4523808,6.1936936378479
4524656,5.921658992767334
4525104,6.583710193634033
4525184,6.188340663909912
4525648,5.9259257316589355
4525792,6.405529975891113
4527376,6.396396160125732
4528192,6.575342655181885
4529376,6.188340663909912
4529952,6.25
4531248,6.473214149475098
4531808,6.232876777648926
4532272,6.09375
4532768,6.347032070159912
4533376,6.153846263885498
4533504,6.266968250274658
4534752,6.328828811645508
4534992,6.287553787231445
4535280,6.55555534362793
4535424,6.02222204208374
4535856,6.216814041137695
4536336,6.441441535949707
4536464,6.409090995788574
4536880,6.261467933654785
4538320,6.1936936378479
4538656,6.0714287757873535
4540432,6.04072380065918
4540624,6.502242088317871
4541584,5.969162940979004
4541696,6.373873710632324
4542096,6.438356399536133
4542608,6.138392925262451
4542976,6.181818008422852
4543552,6.165919303894043
4543888,6.205357074737549
4544112,6.059907913208008
4545136,6.40625
4545488,6.373873710632324
4545856,6.4410481452941895
4546192,6.412556171417236
4546432,6.363636493682861
4546656,6.4410481452941895
4547472,6.176470756530762
4547536,6.365638732910156
4548704,6.238738536834717
4548880,6.126126289367676
4550944,6.400000095367432
4551200,6.155555725097656
4552128,6.146789073944092
4553712,5.931818008422852
4554560,6.418919086456299
4557712,6.244444370269775
4558224,6.184210300445557
4558368,6.359649181365967
4559088,5.657894611358643
4559456,6.113636493682861
4560000,5.958904266357422
4560496,6.061946868896484
4560656,5.964125633239746
4560768,5.894495487213135
4561248,6.090909004211426
4561648,5.868544578552246
4563040,6.143497943878174
4563504,5.8947367668151855
4564096,6.026785850524902
4566176,5.7762556076049805
4567600,6.128318786621094
4567888,5.8715596199035645
4568144,5.653152942657471
4568480,5.862832069396973
4569696,6.184210300445557
4571168,5.7762556076049805
4573520,6.066666603088379
4574224,6.216216087341309
4575760,6.18055534362793
4575760,5.9375
4576208,5.840000152587891
4576976,6.0
4577360,6.228070259094238
4578400,6.0652174949646
4578576,6.2107625007629395
4579232,6.357466220855713
4579328,5.96846866607666
4580336,6.159090995788574
4583408,6.044444561004639
4583712,6.157205104827881
4585680,6.152073860168457
4586064,5.904977321624756
4586416,6.176470756530762
4586736,6.2107625007629395
4587264,6.04072380065918
4588976,6.390134334564209
4589616,6.153846263885498
4590064,6.055046081542969
4590832,5.990991115570068
4592560,6.132075309753418
4594000,6.261467933654785
4594688,6.1160712242126465
4595504,6.153846263885498
4595856,6.1160712242126465
4596416,5.945945739746094
4596752,6.136363506317139
4597232,6.045454502105713
4597248,6.277533054351807
4598256,6.171171188354492
4599296,5.7710280418396
4599568,6.081080913543701
4600368,5.933333396911621
4600704,6.013513565063477
4601792,5.701357364654541
4602688,6.294642925262451
4602992,5.959596157073975
4603408,5.941704273223877
4604448,6.222222328186035
4605152,6.171171188354492
4605728,5.940366744995117
4606480,6.290322780609131
4607552,6.2443437576293945
4608272,6.128318786621094
4608688,6.204545497894287
4609744,6.308411121368408
4609952,5.990783214569092
4610128,6.2107625007629395
4610272,4.804597854614258
4610832,6.304347991943359
4611152,1.0
4611360,5.900900840759277
4611472,6.048035144805908
4611488,5.9234232902526855
4611504,6.196319103240967
4611552,6.2107625007629395
4611744,6.762114524841309
4611872,6.40625
4614736,6.345291614532471
4615088,6.244444370269775
4615104,5.972850799560547
4615120,6.577777862548828
4615152,6.013986110687256
4617072,6.3215861320495605
4617376,5.899122714996338
4618496,6.129032135009766
4618720,6.049107074737549
4618736,5.941704273223877
4618832,6.508620738983154
4620672,6.0714287757873535
4620816,6.305309772491455
4621872,5.899122714996338
4621904,6.052631378173828
4622048,6.266968250274658
4622144,5.972222328186035
4622288,6.1936936378479
4622416,6.055046081542969
4622448,5.688889026641846
4623552,5.950920104980469
4623840,5.714285850524902
4624512,6.15217399597168
4624800,6.16525411605835
4625024,6.2443437576293945
4625392,5.936072826385498
4625424,6.0227274894714355
4626864,5.753424644470215
4627056,6.169724941253662
4627360,5.849056720733643
4629184,5.900900840759277
4629296,5.906976699829102
4630896,6.136363506317139
4633152,6.278027057647705
4633296,6.25
4635616,6.2727274894714355
4635696,6.164383411407471
4636112,5.888888835906982
4636736,5.941704273223877
4638128,5.8108110427856445
4639568,5.818181991577148
4640192,5.645161151885986
4641632,6.155555725097656
4642800,6.045454502105713
4643216,6.101321697235107
4643360,6.111111164093018
4643552,5.9375
4644864,5.811403274536133
4646032,5.982142925262451
4646480,5.9151787757873535
4646784,5.743243217468262
4646992,5.730088710784912
4647136,6.278027057647705
4647456,5.947136402130127
4647584,6.1688313484191895
4649472,6.013216018676758
4650048,6.111111164093018
4650848,5.758293628692627
4652304,6.045454502105713
4652368,6.143497943878174
4653168,5.91928243637085
4653488,5.967741966247559
4654480,5.986546993255615
4655840,5.954545497894287
4657008,6.164383411407471
4659472,6.216814041137695
4659568,6.090909004211426
4660080,6.0
4660464,5.7522125244140625
4661328,6.205357074737549
4661392,5.7727274894714355
4661552,6.018099784851074
4661600,6.353210926055908
4661648,1.0
4663728,6.076233386993408
4664064,5.717592716217041
4664480,5.97560977935791
4665040,5.7373270988464355
4665184,6.25
4665232,5.730088710784912
4666336,5.833333492279053
4666848,5.723684310913086
4667072,5.902777671813965
4667664,6.09375
4668416,5.900900840759277
4668784,5.848214149475098
4669552,6.211453914642334
4670224,5.986546993255615
4670272,5.792683124542236
4670448,5.9598212242126465
4670816,5.825892925262451
4671984,5.54054069519043
4672560,6.0638298988342285
4673808,5.704545497894287
4674208,5.913241863250732
4674352,5.795454502105713
4675168,5.945945739746094
4676016,5.909090995788574
4676064,5.730593681335449
4676080,5.936072826385498
4676752,5.986842155456543
4676944,5.791855335235596
4677088,5.844444274902344
4677408,5.769230842590332
4677536,5.878378391265869
4679520,5.986238479614258
4679712,5.951327323913574
4680704,6.088889122009277
4680912,5.753424644470215
4681440,5.972850799560547
4682352,5.986842155456543
4683056,6.136363506317139
4683120,6.013513565063477
4684592,5.743243217468262
4684992,5.4751129150390625
4686000,6.018099784851074
4686176,5.825687885284424
4686576,5.570776462554932
4686720,5.825892925262451
4688160,6.013513565063477
4688288,5.743243217468262
4688320,6.351351261138916
4689536,5.590909004211426
4689568,5.8071746826171875
4689712,5.342465877532959
4689776,6.316964149475098
4690192,6.1777777671813965
4691424,6.035242080688477
4691696,5.8035712242126465
4691696,5.818181991577148
4691824,5.636363506317139
4693104,5.990991115570068
4693152,5.560538291931152
4693744,5.904977321624756
4694944,6.1187214851379395
4697856,5.911110877990723
4699120,6.155555725097656
4700320,6.216216087341309
4700400,6.050228118896484
4700464,6.300448417663574
4701376,6.3242011070251465
4701408,6.0
4702000,5.757575988769531
4702640,5.68807315826416
4702688,6.103603839874268
4702720,6.199999809265137
4703856,6.039823055267334
4705552,6.018099784851074
4705952,5.909090995788574
4706128,6.152073860168457
4706256,5.662100315093994
4706304,6.1210761070251465
4706368,5.96069860458374
4708528,5.796460151672363
4709504,5.837103843688965
4710880,5.9375
4711936,6.233183860778809
4713104,5.870535850524902
4713264,5.8071746826171875
4713440,5.904977321624756
4714480,5.9375
4715504,6.396396160125732
4715744,6.199999809265137
4716272,6.0792951583862305
4716336,5.96846866607666
4717056,5.8071746826171875
4717760,5.514018535614014
4718352,5.864197731018066
4719088,5.762331962585449
4719824,6.108597278594971
4719856,5.82191801071167
4720208,5.9817352294921875
4720336,5.9375
4720672,6.266666889190674
4722000,5.931818008422852
4722528,6.222222328186035
4722656,6.238738536834717
4723424,6.238738536834717
4723888,6.131221771240234
4724208,6.0
4724928,6.222222328186035
4725232,6.199999809265137
4725504,6.363636493682861
4725968,5.384615421295166
4727232,6.399082660675049
4727408,6.221719264984131
4728528,6.2723212242126465
4728768,6.090909004211426
4729488,6.004566192626953
4729808,5.8108110427856445
4730048,6.340909004211426
4730464,6.380368232727051
4732144,6.088889122009277
4732288,6.415524959564209
4732480,5.964912414550781
4733648,5.990991115570068
4734272,6.069869041442871
4734512,6.316964149475098
4734608,6.049107074737549
4735920,6.017699241638184
4736000,5.958904266357422
4736176,5.867579936981201
4737024,6.199095249176025
4737296,6.387665271759033
4738096,6.322869777679443
4738192,6.143497943878174
4740704,6.135371208190918
4741392,5.878378391265869
4743008,6.085972785949707
4744352,6.5418500900268555
4746384,6.045454502105713
4746560,6.0714287757873535
4746592,6.0714287757873535
4746672,6.493212699890137
4746896,6.261261463165283
4747136,6.283783912658691
4747392,6.221198081970215
4747440,6.256684303283691
4747728,6.493212699890137
4750208,6.090909004211426
4750224,6.305309772491455
4751600,6.188340663909912
4753440,6.2155961990356445
4753776,5.9234232902526855
4753792,6.351351261138916
4753872,6.050228118896484
4754064,6.271929740905762
4754864,6.1160712242126465
4755152,5.882352828979492
4756928,5.990783214569092
4757296,6.073059558868408
4757376,6.233183860778809
4758112,6.316964149475098
4758416,6.402714729309082
4759584,6.44444465637207
4759744,6.330471992492676
4760512,6.390134334564209
4760976,6.183035850524902
4760992,6.5333333015441895
4761024,6.126126289367676
4762000,6.076233386993408
4762192,5.917431354522705
4763296,6.2155961990356445
4764096,6.098654747009277
4764336,6.141552448272705
4764720,6.120689868927002
4765600,6.049107074737549
4766816,6.3242011070251465
4767936,5.9598212242126465
4768272,6.131221771240234
4768736,6.101321697235107
4769040,5.973451137542725
4769856,6.459627151489258
4772080,6.073619842529297
4772240,5.986546993255615
4772720,6.081080913543701
4774592,5.986238479614258
4774752,5.990991115570068
4774960,6.3242011070251465
4775152,6.184210300445557
4775728,5.944700241088867
4776080,6.0227274894714355
4777440,6.2727274894714355
4777504,6.098654747009277
4778096,6.307339668273926
4779872,5.986546993255615
4781056,5.9954752922058105
4781216,6.244541645050049
4782800,5.829596519470215
4783040,5.955555438995361
4783152,6.146789073944092
4783376,6.077981472015381
4784160,6.160714149475098
4785504,6.061946868896484
4785744,6.165919303894043
4786304,6.330275058746338
4786480,6.004464149475098
4786656,6.307339668273926
4787744,6.502242088317871
4788480,5.863636493682861
4788752,6.140350818634033
4789712,6.25
4789872,5.9234232902526855
4790128,6.123348236083984
4790576,5.964125633239746
4792048,6.126126289367676
4792816,6.140350818634033
4792944,5.925110340118408
4796336,5.867579936981201
4798864,5.995575428009033
4799472,6.160714149475098
4800096,5.990991115570068
4800528,5.886363506317139
4800752,6.181818008422852
4800912,5.852534770965576
4800944,6.181818008422852
4802160,6.053811550140381
4802864,6.204545497894287
4803008,6.25
4803504,5.97777795791626
4803648,6.108597278594971
4804560,6.233479976654053
4805248,6.2443437576293945
4805984,6.418919086456299
4806464,6.160714149475098
4807296,6.145374298095703
4807808,5.990783214569092
4808032,5.945945739746094
4808768,6.004566192626953
4809296,6.283783912658691
4809296,6.045454502105713
4809872,5.9817352294921875
4810688,6.300448417663574
4810816,6.073059558868408
4812224,6.30232572555542
4812896,6.1160712242126465
4813088,5.825687885284424
4813600,6.049107074737549
4814880,5.9598212242126465
4815120,6.1587982177734375
4815280,6.09375
4815648,6.189427375793457
4816448,5.950226306915283
4816912,6.409090995788574
4817216,6.0217390060424805
4818256,5.987654209136963
4818880,6.032110214233398
4818896,5.955555438995361
4819376,6.328828811645508
4820000,6.018099784851074
4820240,6.3242011070251465
4820752,6.204545497894287
4821424,6.126126289367676
4821440,5.940366744995117
4822000,6.081080913543701
4822224,6.25
4822400,5.890410900115967
4822432,6.409090995788574
4823392,5.931818008422852
4823760,5.936072826385498
4824448,6.469298362731934
4825040,6.09375
4825888,6.418604850769043
4826528,5.982142925262451
4827280,5.730593681335449
4828512,6.018518447875977
4829200,5.911110877990723
4830448,5.75
4831136,6.108597278594971
4831328,6.216216087341309
4831568,6.090909004211426
4832096,6.165919303894043
4832160,6.035242080688477
4832816,6.21004581451416
4833584,5.857142925262451
4833696,6.085972785949707
4834624,6.064815044403076
4834928,6.25
4835664,5.825687885284424
4836288,5.818181991577148
4836816,5.742358207702637
4836832,5.741525650024414
4838112,5.78341007232666
4838288,5.972850799560547
4838448,5.890410900115967
4839856,5.76576566696167
4840048,6.17391300201416
4840256,5.7727274894714355
4840432,6.0
4840960,6.09375
4841872,5.950226306915283
4841968,6.073059558868408
4842384,6.039823055267334
4842832,5.964125633239746
4844000,5.965665340423584
4844048,5.91928243637085
4844656,5.986238479614258
4845984,5.9151787757873535
4847248,5.7727274894714355
4847584,5.954545497894287
4847632,6.061946868896484
4847968,5.955555438995361
4849232,6.038960933685303
4849824,4.912280559539795
4849968,5.888888835906982
4850448,5.818181991577148
4851152,5.8108110427856445
4851168,6.159090995788574
4852576,5.964125633239746
4852944,5.822510719299316
4853376,6.153846263885498
4853552,5.799086570739746
4853552,5.852017879486084
4854784,5.986546993255615
4855856,5.844444274902344
4856080,5.825687885284424
4856512,5.990991115570068
4856928,5.769230842590332
4857152,6.026785850524902
4858256,5.91928243637085
4858784,5.837103843688965
4859424,5.855855941772461
4860096,6.053811550140381
4860288,5.693779945373535
4860368,6.097560882568359
4861552,5.701357364654541
4861856,6.004464149475098
4864288,5.762331962585449
4865280,6.050228118896484
4869744,5.903083801269531
4869888,5.8733625411987305
4870000,5.681818008422852
4870432,5.663716793060303
4870976,5.7110090255737305
4872784,5.969162940979004
4873312,5.954545497894287
4873984,5.882352828979492
4874608,5.907079696655273
4875088,5.964125633239746
4875568,5.662100315093994
4875920,5.898617744445801
4875952,6.0217390060424805
4876480,5.82608699798584
4876656,5.900900840759277
4876880,5.900900840759277
4876912,5.753424644470215
4878016,6.018099784851074
4878416,5.840707778930664
4878464,5.856481552124023
4879120,5.723981857299805
4879488,5.96846866607666
4879984,5.779816627502441
4880160,5.68807315826416
4880560,5.925110340118408
4880720,5.651162624359131
4881088,6.176470756530762
4881472,4.576271057128906
4882032,5.888888835906982
4882128,5.8552632331848145
4883136,5.841836929321289
4883200,5.91304349899292
4883904,5.944700241088867
4884096,5.818181991577148
4885296,5.678732872009277
4885648,5.866666793823242
4885984,6.082949161529541
4887600,5.82608699798584
4888192,6.004464149475098
4889296,6.013216018676758
4890336,6.066666603088379
4891184,5.8968610763549805
4891456,6.3063063621521
4891888,6.304347991943359
4891888,6.183035850524902
4892080,6.190476417541504
4892880,5.986546993255615
4892896,5.892857074737549
4893296,6.013824939727783
4894848,6.052631378173828
4895456,5.855855941772461
4895632,6.018099784851074
4896784,5.852534770965576
4898416,5.833333492279053
4898912,5.825687885284424
4899056,6.160714149475098
4899184,5.9276018142700195
4900352,6.1255412101745605
4901056,5.848214149475098
4901088,6.02222204208374
4902352,6.0217390060424805
4902528,5.944700241088867
4903216,5.605381011962891
4903600,6.053811550140381
4904400,6.113636493682861
4904704,6.013216018676758
4905872,6.363636493682861
4906112,6.412556171417236
4907168,5.8108110427856445
4907488,5.837103843688965
4907536,5.8597283363342285
4907968,5.900900840759277
4908224,5.9598212242126465
4908288,6.1210761070251465
4909232,6.126126289367676
4909696,5.964125633239746
4910768,5.9598212242126465
4911024,5.954545497894287
4912784,5.791855335235596
4913216,6.16740083694458
4913408,6.045454502105713
4914192,5.941704273223877
4915344,5.940366744995117
4915968,5.8447489738464355
4916016,6.235294342041016
4916256,5.69444465637207
4916336,5.805687427520752
4916704,5.760368824005127
4916864,5.972850799560547
4917008,6.09375
4918944,5.844444274902344
4919536,5.931818008422852
4920656,6.101321697235107
4921344,6.063348293304443
4921712,5.8715596199035645
4923104,6.036036014556885
4923136,5.848214149475098
4926000,5.732483863830566
4926144,5.903083801269531
4926784,5.859030723571777
4927440,5.904977321624756
4927456,6.0792951583862305
4928880,5.892857074737549
4928976,6.076233386993408
4929184,6.08695650100708
4929712,5.990991115570068
4931264,5.7906975746154785
4932048,5.9151787757873535
4932768,5.874439239501953
4934576,5.892857074737549
4934624,6.261062145233154
4934928,6.008771896362305
4935408,5.97560977935791
4935488,6.044444561004639
4935600,5.701357364654541
4936784,6.077981472015381
4936928,5.800000190734863
4938224,6.073619842529297
4938448,6.1187214851379395
4939472,5.9234232902526855
4940080,5.862832069396973
4940304,5.9210524559021
4940400,6.0
4940416,5.878378391265869
4940752,5.986238479614258
4941664,6.0227274894714355
4941712,5.898617744445801
4941744,5.798816680908203
4941776,5.863636493682861
4942512,6.0
4943024,5.656108379364014
4943344,6.333333492279053
4943648,5.653152942657471
4943952,5.814978122711182
4943952,5.659090995788574
4944016,6.02222204208374
4944032,5.882352828979492
4944624,6.008968830108643
4945296,5.9954752922058105
4945584,5.814978122711182
4946112,6.049107074737549
4946672,5.638766288757324
4946928,5.874439239501953
4947568,5.9772725105285645
4947600,5.672645568847656
4947920,5.8597283363342285
4949200,5.8222222328186035
4950496,5.97560977935791
4950528,5.9151787757873535
4950864,5.986842155456543
4951024,5.7110090255737305
4951184,5.852017879486084
4952544,5.851528167724609
4952624,5.837103843688965
4954896,5.857142925262451
4955200,5.954545497894287
4956000,6.0
4956240,5.97777795791626
4956720,5.792683124542236
4957968,6.0227274894714355
4958320,6.176470756530762
4958544,6.145374298095703
4959440,6.187214374542236
4959568,5.698198318481445
4960288,6.126126289367676
4961520,5.814479827880859
4962016,6.25
4962288,6.113636493682861
4962512,5.723981857299805
4962576,5.811403274536133
4963104,5.886363506317139
4963232,5.799086570739746
4963568,6.2107625007629395
4965360,6.238738536834717
4966112,5.888888835906982
4966128,6.1777777671813965
4968368,6.145374298095703
4968912,5.791855335235596
4969376,6.25
4970112,5.9151787757873535
4971920,6.108597278594971
4972432,5.9817352294921875
4973216,6.044444561004639
4973376,5.945945739746094
4974304,5.9633026123046875
4975504,5.9954752922058105
4977296,5.951327323913574
4977392,6.049107074737549
4977424,5.825892925262451
4979536,5.788288116455078
4979744,5.675675868988037
4980896,6.026785850524902
4981360,5.990783214569092
4982720,6.255605220794678
4983248,5.8715596199035645
4983936,5.698198318481445
4984048,5.859030723571777
4984096,5.874439239501953
4984736,5.756880760192871
4986624,6.027397155761719
4986864,5.800000190734863
4987072,5.763888835906982
4987184,5.844444274902344
4987728,6.106194496154785
4988064,5.911110877990723
4988144,5.884955883026123
4988288,5.791855335235596
4989744,6.050228118896484
4990304,5.616438388824463
4990416,5.701357364654541
4990768,5.91928243637085
4991072,6.049107074737549
4991616,5.736607074737549
4991856,5.96846866607666
4992016,5.802752494812012
4993968,6.09649133682251
4994016,5.9598212242126465
4994240,6.194690227508545
4994848,6.098901271820068
4994864,6.111111164093018
4996208,5.650224208831787
4996624,5.9259257316589355
4996976,5.884955883026123
