step,value
272,17.0
320,20.0
384,24.0
400,25.0
688,25.0
688,23.0
720,27.0
784,49.0
816,25.0
864,37.0
960,34.0
1040,19.0
1040,35.0
1248,28.0
1264,24.0
1344,23.0
1472,26.0
1584,19.0
1616,21.0
1744,28.0
1888,18.0
1904,17.0
1920,34.0
1968,19.0
2096,22.0
2192,16.0
2336,27.0
2352,28.0
2416,30.0
2464,17.0
2560,24.0
2672,35.0
2688,22.0
2720,18.0
2832,26.0
2896,25.0
2976,19.0
3008,23.0
3008,19.0
3184,37.0
3344,35.0
3408,23.0
3504,30.0
3520,20.0
3552,35.0
3696,28.0
3744,22.0
3808,17.0
3872,28.0
3904,27.0
3920,23.0
4016,25.0
4080,17.0
4096,17.0
4128,26.0
4224,21.0
4304,17.0
4320,19.0
4336,25.0
4480,21.0
4576,29.0
4592,17.0
4624,30.0
4800,35.0
4912,35.0
5264,38.0
5312,23.0
5520,16.0
5600,34.0
5616,20.0
5664,29.0
5712,24.0
5712,29.0
5728,19.0
5920,19.0
5920,19.0
5984,19.0
6000,29.0
6032,25.0
6064,21.0
6112,24.0
6128,25.0
6144,33.0
6208,17.0
6272,21.0
6352,17.0
6416,41.0
6496,31.0
6544,50.0
6688,29.0
6800,34.0
6960,16.0
6992,37.0
7104,20.0
7232,24.0
7232,25.0
7552,19.0
7696,36.0
7696,25.0
7760,30.0
7808,25.0
7856,21.0
8016,27.0
8304,16.0
8336,25.0
8384,38.0
8400,19.0
8416,44.0
8496,19.0
8528,19.0
8688,41.0
8704,17.0
8912,21.0
8976,19.0
8976,39.0
8976,17.0
9072,21.0
9072,37.0
9120,23.0
9168,23.0
9248,36.0
9264,39.0
9344,28.0
9360,26.0
9472,24.0
9488,31.0
9488,19.0
9488,35.0
9552,29.0
9696,23.0
9744,29.0
9872,23.0
9872,24.0
10112,27.0
10272,24.0
10320,19.0
10400,32.0
10416,25.0
10544,21.0
10592,29.0
10592,35.0
10736,24.0
10768,29.0
10864,33.0
10960,24.0
10976,20.0
11216,24.0
11232,30.0
11328,16.0
11328,19.0
11376,25.0
11376,20.0
11520,30.0
11552,19.0
11632,24.0
11712,23.0
11792,28.0
11920,24.0
12112,29.0
12112,23.0
12128,19.0
12160,19.0
12272,33.0
12384,19.0
12432,19.0
12448,17.0
12656,28.0
12720,17.0
12768,30.0
12960,25.0
13280,42.0
13408,23.0
13440,31.0
13488,22.0
13504,41.0
13728,30.0
13728,19.0
13840,30.0
13904,24.0
13936,36.0
14256,19.0
14256,34.0
14272,33.0
14368,30.0
14512,28.0
14592,19.0
14656,17.0
14688,25.0
14880,26.0
14880,49.0
14912,29.0
14928,24.0
14976,19.0
14976,19.0
15120,29.0
15120,24.0
15152,30.0
15232,39.0
15344,25.0
15504,32.0
15696,19.0
15776,27.0
15792,17.0
15888,31.0
16240,33.0
16416,32.0
16416,19.0
16480,18.0
16544,26.0
16704,47.0
16704,27.0
16736,36.0
16944,28.0
16960,24.0
17008,43.0
17072,24.0
17136,27.0
17344,19.0
17344,24.0
17424,20.0
17456,34.0
17728,36.0
17744,26.0
17856,26.0
17920,16.0
17952,31.0
18016,24.0
18032,17.0
18240,19.0
18304,34.0
18304,29.0
18320,28.0
18416,24.0
18464,27.0
18480,32.0
18624,29.0
18816,19.0
18816,19.0
18960,26.0
19056,25.0
19072,36.0
19152,20.0
19232,25.0
19344,23.0
19360,31.0
19360,30.0
19392,17.0
19408,17.0
19440,23.0
19472,19.0
19504,16.0
19776,23.0
19856,34.0
19856,30.0
20032,38.0
20048,24.0
20176,23.0
20384,34.0
20480,17.0
20528,36.0
20576,40.0
20592,17.0
20704,34.0
20768,34.0
20912,19.0
20992,28.0
21040,29.0
21104,17.0
21232,28.0
21312,19.0
21328,19.0
21360,27.0
21552,19.0
21680,31.0
21728,38.0
21776,25.0
21792,29.0
21856,47.0
21888,16.0
22048,22.0
22128,24.0
22128,25.0
22208,19.0
22288,19.0
22416,37.0
22448,19.0
22464,20.0
22496,26.0
22720,18.0
22800,36.0
22880,16.0
22944,32.0
23008,17.0
23072,42.0
23088,19.0
23136,20.0
23168,17.0
23200,24.0
23296,35.0
23456,39.0
23472,23.0
23504,18.0
23536,16.0
23600,26.0
23664,39.0
23680,25.0
23712,16.0
23856,19.0
23920,19.0
23920,19.0
23968,35.0
24032,28.0
24160,16.0
24304,23.0
24352,19.0
24480,29.0
24496,51.0
24496,22.0
24512,24.0
24544,25.0
24672,22.0
24928,23.0
24976,29.0
24976,29.0
25056,26.0
25168,29.0
25200,21.0
25248,19.0
25312,37.0
25312,42.0
25472,25.0
25488,26.0
25504,23.0
25584,19.0
25632,30.0
25648,24.0
25808,20.0
25952,19.0
26176,19.0
26272,19.0
26336,32.0
26368,17.0
26384,21.0
26496,20.0
26528,29.0
26624,24.0
26624,30.0
26656,30.0
26720,20.0
26784,24.0
26832,17.0
26928,26.0
26944,29.0
26960,39.0
27120,36.0
27168,23.0
27360,19.0
27424,19.0
27472,36.0
27504,34.0
27744,19.0
27936,37.0
28080,22.0
28112,22.0
28176,16.0
28304,25.0
28336,52.0
28480,28.0
28592,19.0
28608,19.0
28672,31.0
28704,36.0
28720,26.0
28752,27.0
28816,29.0
28912,23.0
29136,26.0
29184,19.0
29232,19.0
29280,19.0
29360,42.0
29392,33.0
29488,19.0
29552,19.0
29600,46.0
29648,17.0
29696,24.0
29712,43.0
29728,20.0
29776,35.0
29808,19.0
29920,25.0
29968,28.0
30016,19.0
30032,23.0
30176,20.0
30240,19.0
30272,41.0
30432,40.0
30544,22.0
30576,25.0
30640,29.0
30864,23.0
30864,33.0
30912,22.0
30928,21.0
31024,25.0
31072,20.0
31232,19.0
31248,23.0
31312,17.0
31552,26.0
31776,32.0
31824,19.0
31856,24.0
31936,26.0
32256,19.0
32336,34.0
32416,25.0
32608,25.0
32624,29.0
32640,20.0
32656,34.0
32784,27.0
32880,19.0
33024,23.0
33056,43.0
33104,21.0
33216,35.0
33232,36.0
33248,45.0
33296,21.0
33424,20.0
33504,24.0
33616,26.0
33744,20.0
33760,31.0
33808,26.0
33952,20.0
34016,23.0
34128,23.0
34224,18.0
34240,17.0
34320,19.0
34352,26.0
34464,25.0
34496,28.0
34560,20.0
34576,27.0
34880,32.0
34928,21.0
35168,23.0
35200,23.0
35264,20.0
35408,20.0
35488,28.0
35616,25.0
35808,19.0
35840,31.0
35904,48.0
35936,30.0
35952,26.0
35968,19.0
36016,24.0
36016,47.0
36064,19.0
36144,21.0
36144,28.0
36192,21.0
36208,19.0
36208,18.0
36272,19.0
36480,28.0
36544,16.0
36592,33.0
36624,18.0
36640,21.0
36832,23.0
36864,28.0
36992,27.0
37024,19.0
37152,32.0
37328,21.0
37440,25.0
37472,16.0
37504,29.0
37632,35.0
37696,19.0
37744,35.0
37808,19.0
37856,25.0
37856,43.0
38080,16.0
38144,20.0
38160,19.0
38224,32.0
38272,25.0
38400,19.0
38480,19.0
38608,23.0
38768,33.0
38848,27.0
38880,33.0
38992,30.0
39216,22.0
39424,30.0
39456,42.0
39488,29.0
39504,17.0
39600,23.0
39648,27.0
39648,27.0
39776,25.0
39824,24.0
39840,23.0
39920,25.0
39920,28.0
40016,22.0
40112,20.0
40144,26.0
40224,38.0
40400,45.0
40416,24.0
40512,19.0
40624,31.0
40896,22.0
40960,24.0
40992,33.0
41024,19.0
41040,20.0
41216,19.0
41264,20.0
41552,18.0
41584,39.0
41600,20.0
41616,17.0
41936,24.0
42144,23.0
42224,37.0
42336,17.0
42400,26.0
42480,41.0
42496,34.0
42496,33.0
42640,20.0
42672,32.0
42672,20.0
42848,18.0
43008,53.0
43008,50.0
43072,24.0
43168,19.0
43216,23.0
43248,26.0
43328,19.0
43376,26.0
43456,27.0
43520,16.0
43616,17.0
43648,26.0
43664,20.0
43728,34.0
43760,36.0
43760,19.0
43824,27.0
43936,19.0
43984,32.0
43984,34.0
44096,20.0
44240,23.0
44240,25.0
44256,21.0
44336,31.0
44368,24.0
44400,17.0
44544,18.0
44592,24.0
44800,26.0
44848,27.0
44880,20.0
45040,23.0
45056,30.0
45168,25.0
45328,34.0
45360,36.0
45408,37.0
45568,45.0
45600,37.0
45648,29.0
45664,21.0
45696,25.0
45776,22.0
45776,25.0
45952,38.0
45968,16.0
45984,23.0
46000,37.0
46016,22.0
46096,30.0
46192,30.0
46240,34.0
46272,19.0
46480,30.0
46560,48.0
46672,44.0
46672,24.0
46720,18.0
46720,16.0
46992,16.0
47008,32.0
47072,24.0
47152,26.0
47168,27.0
47168,27.0
47472,19.0
47504,47.0
47536,36.0
47536,32.0
47536,25.0
47616,27.0
47648,26.0
47680,37.0
47696,19.0
47712,33.0
47920,18.0
47936,26.0
47968,17.0
48000,28.0
48160,26.0
48208,41.0
48320,24.0
48480,64.0
48512,18.0
48624,26.0
48736,40.0
48784,40.0
48880,34.0
48896,24.0
48944,28.0
48944,77.0
48944,19.0
49008,21.0
49056,16.0
49104,27.0
49232,17.0
49312,16.0
49520,31.0
49648,20.0
49712,47.0
49856,23.0
49984,33.0
50032,28.0
50176,24.0
50240,33.0
50592,33.0
50768,42.0
50944,23.0
50976,61.0
50992,34.0
51040,43.0
51296,27.0
51360,43.0
51376,20.0
51616,18.0
51616,23.0
51616,52.0
51648,16.0
51968,19.0
52080,29.0
52320,21.0
52352,17.0
52416,27.0
52416,36.0
52432,21.0
52480,40.0
52736,18.0
52784,28.0
52800,19.0
52928,34.0
52976,16.0
53008,30.0
53024,27.0
53216,29.0
53248,19.0
53312,18.0
53424,36.0
53440,43.0
53696,23.0
53840,43.0
54016,43.0
54048,25.0
54080,46.0
54160,33.0
54176,36.0
54336,29.0
54352,37.0
54384,20.0
54416,37.0
54416,24.0
54512,49.0
54816,26.0
55072,30.0
55136,33.0
55184,23.0
55216,32.0
55248,20.0
55296,23.0
55344,27.0
55600,28.0
55632,40.0
55680,37.0
55808,26.0
55808,42.0
55872,17.0
55968,27.0
55984,34.0
56000,22.0
56032,22.0
56064,47.0
56144,28.0
56224,26.0
56352,19.0
56416,25.0
56432,27.0
56784,26.0
56816,23.0
56912,22.0
56928,48.0
57008,40.0
57008,23.0
57072,33.0
57152,30.0
57232,31.0
57264,20.0
57344,20.0
57376,17.0
57680,23.0
57840,19.0
57904,18.0
58064,39.0
58144,47.0
58160,36.0
58448,33.0
58448,27.0
58448,47.0
58496,26.0
58544,24.0
58672,27.0
58768,19.0
58768,19.0
58848,18.0
58944,48.0
59120,23.0
59216,29.0
59424,21.0
59584,61.0
59728,46.0
59824,27.0
59920,38.0
60048,19.0
60192,31.0
60288,22.0
60384,29.0
60528,25.0
60624,35.0
60736,27.0
60896,17.0
60912,33.0
61040,25.0
61104,35.0
61152,42.0
61248,27.0
62032,57.0
62048,25.0
62080,48.0
62096,17.0
62240,31.0
62368,34.0
62448,21.0
62496,25.0
62528,31.0
62640,18.0
62720,42.0
62736,30.0
62864,24.0
62880,28.0
63008,17.0
63200,28.0
63200,76.0
63296,24.0
63392,40.0
63568,22.0
63888,30.0
63936,27.0
63984,39.0
64080,81.0
64176,19.0
64304,19.0
64304,37.0
64400,28.0
64576,24.0
64656,22.0
64656,44.0
64768,42.0
64992,96.0
65136,29.0
65360,28.0
65440,42.0
65472,28.0
65664,55.0
65952,26.0
65952,29.0
65968,25.0
65968,48.0
65968,29.0
66128,16.0
66416,34.0
66416,43.0
66496,32.0
66576,38.0
66608,36.0
66896,85.0
67296,21.0
67360,48.0
67360,28.0
67648,37.0
67664,72.0
67840,34.0
67904,33.0
67936,19.0
68064,50.0
68064,30.0
68112,36.0
68128,42.0
68560,41.0
68624,31.0
68800,84.0
68816,35.0
68928,49.0
69008,34.0
69056,26.0
69200,28.0
69328,16.0
69392,64.0
69552,58.0
69568,46.0
69760,42.0
69760,34.0
69760,56.0
69856,52.0
70112,21.0
70384,46.0
70432,41.0
70432,46.0
70528,27.0
70592,50.0
70624,30.0
70624,18.0
70800,26.0
70896,36.0
71008,38.0
71120,28.0
71168,33.0
71232,37.0
71248,27.0
71392,21.0
71488,51.0
71504,37.0
71808,42.0
71808,35.0
71840,43.0
71920,23.0
72000,30.0
72160,28.0
72208,24.0
72352,40.0
72416,33.0
72624,25.0
72736,55.0
72800,37.0
72832,19.0
72896,37.0
72928,31.0
73152,19.0
73168,22.0
73264,44.0
73296,41.0
73408,16.0
73616,44.0
73776,29.0
73792,34.0
74048,16.0
74080,26.0
74128,22.0
74432,25.0
74464,32.0
74560,32.0
74608,30.0
74704,56.0
74768,35.0
74896,27.0
74976,57.0
74992,34.0
75152,42.0
75168,67.0
75296,18.0
75344,50.0
75408,26.0
75696,34.0
75808,31.0
75824,27.0
75856,34.0
76256,17.0
76448,68.0
76624,44.0
76688,25.0
76688,25.0
76752,30.0
76896,39.0
76928,53.0
77104,79.0
77664,23.0
77760,16.0
77760,53.0
77920,40.0
78224,30.0
78240,57.0
78336,25.0
78896,40.0
78912,30.0
78944,33.0
78960,22.0
78976,18.0
78976,24.0
79488,40.0
79552,85.0
79584,37.0
79952,27.0
80016,39.0
80496,27.0
80560,24.0
80576,38.0
80672,36.0
80704,37.0
81328,55.0
81504,24.0
81856,50.0
81968,80.0
82144,39.0
82256,22.0
82416,36.0
82496,39.0
82576,48.0
82720,28.0
82736,49.0
82928,26.0
82928,51.0
83376,65.0
84000,73.0
84208,36.0
84528,28.0
84544,27.0
84880,99.0
84960,25.0
85024,20.0
85040,33.0
85088,83.0
85152,18.0
85456,82.0
85456,26.0
85632,41.0
85632,29.0
85856,25.0
85936,28.0
86096,39.0
86464,39.0
86512,31.0
86592,85.0
86720,71.0
86736,39.0
86768,26.0
87024,118.0
87040,23.0
87184,37.0
87328,75.0
87488,41.0
87600,34.0
87728,24.0
87776,46.0
88480,57.0
88576,19.0
88848,69.0
88880,105.0
89264,46.0
89408,35.0
89504,37.0
89696,52.0
89728,25.0
89792,34.0
89840,78.0
89952,46.0
90032,18.0
90080,53.0
90208,58.0
90272,35.0
90544,31.0
90848,35.0
90864,18.0
90912,43.0
90944,34.0
91040,77.0
91280,28.0
91456,25.0
91600,46.0
91856,48.0
91872,36.0
91904,79.0
91984,49.0
92096,38.0
92448,33.0
92496,24.0
92512,40.0
92576,83.0
93008,18.0
93088,75.0
93280,51.0
93328,44.0
93648,22.0
93664,27.0
93696,22.0
93808,81.0
93936,52.0
94304,43.0
94336,58.0
94384,55.0
94448,48.0
94512,41.0
94688,28.0
95568,56.0
95600,61.0
95760,51.0
95888,44.0
96016,129.0
96016,62.0
96080,54.0
96464,37.0
96480,46.0
96752,71.0
96880,53.0
96944,16.0
97040,31.0
97088,70.0
97136,19.0
97216,72.0
97232,47.0
97408,32.0
97552,31.0
97552,28.0
97776,45.0
98208,80.0
98368,35.0
98752,49.0
98944,59.0
99232,52.0
99424,30.0
99840,180.0
99872,103.0
99904,24.0
99920,50.0
100336,42.0
100816,55.0
101104,58.0
101136,46.0
101152,53.0
101600,19.0
101808,41.0
101968,72.0
102336,23.0
102656,96.0
102800,86.0
102960,38.0
103200,39.0
103360,66.0
103424,100.0
103504,95.0
103616,85.0
103680,28.0
104128,34.0
104352,52.0
104352,57.0
104384,47.0
104464,45.0
104496,70.0
104832,47.0
104960,52.0
104976,38.0
105056,44.0
105424,33.0
105520,27.0
105584,76.0
105632,72.0
105808,81.0
106208,48.0
106560,243.0
106560,29.0
106608,49.0
106608,60.0
106944,20.0
107584,85.0
107712,23.0
107776,135.0
108192,161.0
108944,37.0
109024,57.0
109232,163.0
109664,53.0
109760,90.0
109760,43.0
109792,47.0
110176,43.0
110624,42.0
110688,84.0
110848,41.0
111168,29.0
111504,118.0
111520,31.0
111968,61.0
112400,42.0
112624,18.0
112768,91.0
113312,32.0
113984,129.0
114624,64.0
114912,89.0
115088,49.0
115568,40.0
115584,77.0
115712,107.0
116224,31.0
116304,88.0
116416,220.0
116800,50.0
117248,75.0
117600,220.0
118336,87.0
118496,52.0
118528,79.0
119024,55.0
119136,95.0
119216,110.0
119248,117.0
119472,182.0
119520,23.0
119696,84.0
119728,40.0
119904,96.0
120736,51.0
121024,46.0
121072,28.0
121184,19.0
121280,33.0
121456,23.0
121472,27.0
121952,40.0
121984,40.0
122064,109.0
122144,48.0
122384,56.0
122640,88.0
122800,34.0
122912,130.0
122912,51.0
122928,48.0
123200,39.0
123296,151.0
123728,141.0
123744,51.0
124128,24.0
124192,53.0
124272,44.0
124368,89.0
124384,91.0
125184,117.0
125232,87.0
125552,88.0
125600,174.0
125984,106.0
126160,73.0
126208,63.0
126480,19.0
126768,29.0
126992,223.0
127104,40.0
127200,46.0
127408,57.0
127472,210.0
127536,33.0
127808,43.0
127824,32.0
127872,44.0
127984,48.0
128224,25.0
128272,53.0
128688,53.0
129184,54.0
129648,58.0
129680,95.0
129760,126.0
129792,30.0
130064,91.0
130560,30.0
130848,34.0
131184,95.0
131504,106.0
131600,72.0
131744,128.0
131856,32.0
131984,87.0
132064,19.0
132064,28.0
132288,48.0
132480,45.0
132544,123.0
133440,161.0
133984,93.0
134160,107.0
134240,233.0
134640,121.0
134768,224.0
135696,90.0
136240,28.0
136320,48.0
136400,55.0
136736,18.0
136800,229.0
137040,39.0
137056,191.0
137360,40.0
137504,54.0
138400,83.0
138784,32.0
138784,56.0
139312,32.0
139728,127.0
140352,221.0
140672,226.0
141264,219.0
141616,58.0
141664,46.0
141680,211.0
142208,33.0
142464,64.0
142944,226.0
143152,117.0
143152,163.0
143312,77.0
143424,41.0
144064,42.0
144864,96.0
145264,153.0
145728,161.0
145744,50.0
146176,72.0
146192,131.0
146432,97.0
146688,88.0
146752,62.0
147008,85.0
147312,223.0
147936,50.0
148064,224.0
148384,19.0
148544,57.0
148816,115.0
149440,171.0
150464,168.0
150528,219.0
150928,131.0
150944,226.0
151088,162.0
151344,224.0
151520,129.0
151600,31.0
151760,173.0
151920,220.0
152064,81.0
152064,28.0
152560,68.0
152592,81.0
152608,83.0
152672,16.0
152736,41.0
152880,95.0
153440,34.0
153584,52.0
154544,54.0
154736,71.0
155184,36.0
155664,57.0
155744,229.0
155952,120.0
156272,224.0
156384,169.0
156672,17.0
157616,58.0
158656,86.0
158672,89.0
158736,206.0
158992,50.0
159008,16.0
159280,220.0
159872,53.0
160080,49.0
160224,28.0
160400,218.0
160480,119.0
160736,77.0
160784,23.0
160944,32.0
160944,28.0
161168,131.0
161744,28.0
161776,23.0
162048,81.0
162496,170.0
162800,115.0
162864,77.0
163488,216.0
163696,73.0
163792,127.0
164528,40.0
164768,192.0
165520,113.0
165696,216.0
166336,171.0
167904,101.0
167936,119.0
168048,79.0
168112,223.0
168320,221.0
168752,54.0
168784,67.0
169072,161.0
170464,56.0
172576,47.0
172608,220.0
173152,33.0
173616,219.0
173920,83.0
174192,193.0
174368,155.0
174912,225.0
175024,226.0
175168,60.0
175280,188.0
175968,209.0
176112,218.0
176240,54.0
176640,59.0
177600,215.0
177664,85.0
178192,218.0
178400,69.0
178512,224.0
178592,222.0
178784,78.0
179248,218.0
179680,92.0
179760,161.0
179824,81.0
179824,223.0
179904,93.0
180128,225.0
180160,225.0
180720,34.0
181200,47.0
181216,36.0
181616,165.0
181728,232.0
182240,215.0
182304,166.0
182320,99.0
183616,85.0
183760,162.0
184144,122.0
184176,217.0
184512,34.0
184576,70.0
184848,42.0
185968,32.0
186064,225.0
186192,160.0
187104,161.0
187200,163.0
187744,60.0
188704,77.0
188736,219.0
188976,76.0
189072,48.0
189120,196.0
189616,225.0
190064,219.0
190176,200.0
190336,88.0
191152,209.0
191328,218.0
192720,81.0
193152,26.0
193728,220.0
193760,92.0
193888,216.0
194128,162.0
194224,180.0
195264,72.0
195744,89.0
196032,226.0
196208,223.0
196336,36.0
196496,172.0
196720,222.0
197008,41.0
197232,208.0
197264,218.0
197632,230.0
197696,222.0
197952,171.0
198544,46.0
198704,91.0
199424,97.0
199744,225.0
200944,221.0
201280,223.0
201408,39.0
201488,240.0
202160,54.0
202336,224.0
203120,162.0
203232,121.0
203840,231.0
204256,223.0
204368,96.0
204704,154.0
204960,221.0
205040,221.0
205872,220.0
206752,160.0
206864,233.0
207328,90.0
207632,225.0
208160,230.0
209008,232.0
209328,72.0
209664,80.0
210720,219.0
210960,92.0
211760,93.0
212592,223.0
213792,228.0
213840,156.0
214160,227.0
214448,40.0
214512,221.0
214624,178.0
215040,218.0
215104,172.0
215184,83.0
216128,222.0
217600,214.0
217648,225.0
218176,232.0
218320,41.0
218608,218.0
219792,117.0
220464,115.0
220848,224.0
220928,162.0
220976,73.0
221088,217.0
221168,229.0
221216,217.0
221824,85.0
222016,160.0
222336,73.0
222352,224.0
222816,57.0
223408,77.0
223584,52.0
224096,59.0
224320,193.0
224496,219.0
224880,40.0
224880,158.0
225440,213.0
225472,85.0
227216,160.0
227744,100.0
227840,55.0
227936,220.0
228400,234.0
228432,221.0
228544,82.0
229056,38.0
229584,88.0
229648,216.0
229808,220.0
229920,135.0
230832,222.0
231296,215.0
231488,221.0
232016,80.0
232528,162.0
234352,219.0
234832,168.0
234912,184.0
235280,50.0
236112,223.0
236272,225.0
236496,238.0
236896,218.0
238320,217.0
238608,230.0
238624,74.0
238656,109.0
238816,168.0
240256,220.0
240304,105.0
241200,225.0
241696,89.0
243216,214.0
244656,227.0
245872,226.0
245968,111.0
246320,225.0
246400,227.0
246592,38.0
247712,221.0
247776,216.0
247952,171.0
248256,224.0
248704,27.0
248832,227.0
248880,222.0
249472,39.0
250080,217.0
250368,165.0
251344,222.0
251840,57.0
252560,220.0
252560,44.0
253008,158.0
253024,221.0
255824,219.0
256144,223.0
256752,220.0
257216,221.0
259280,97.0
259328,222.0
259456,161.0
259536,173.0
259776,226.0
260304,229.0
261616,70.0
261824,222.0
262080,222.0
263312,220.0
263456,220.0
263792,122.0
263872,133.0
266000,222.0
266368,222.0
266432,159.0
266720,224.0
266864,222.0
266944,58.0
267040,41.0
267408,225.0
268576,125.0
268800,217.0
270672,226.0
270976,222.0
273312,175.0
273648,185.0
275712,223.0
275856,223.0
275952,228.0
276112,220.0
276320,218.0
276368,222.0
276400,221.0
276576,159.0
276880,218.0
277360,59.0
277520,69.0
277888,43.0
278576,75.0
279344,47.0
281584,161.0
283488,80.0
283936,99.0
284048,220.0
284960,219.0
285024,95.0
285072,217.0
285904,226.0
286752,94.0
286752,107.0
287152,223.0
287408,216.0
288272,206.0
288656,223.0
289408,218.0
289536,222.0
290048,166.0
290560,225.0
290768,225.0
291040,226.0
291200,223.0
291344,88.0
292160,218.0
292192,217.0
292208,174.0
293440,158.0
294096,218.0
294512,216.0
295456,18.0
295712,224.0
296944,218.0
297792,230.0
298032,224.0
298176,49.0
298320,189.0
298576,53.0
299600,88.0
301872,221.0
302320,227.0
302896,222.0
302896,226.0
303168,163.0
303392,218.0
303744,52.0
304032,39.0
305120,223.0
305152,87.0
305424,200.0
306240,223.0
306640,219.0
307424,227.0
307584,221.0
307760,221.0
307808,225.0
309744,218.0
309792,123.0
310336,160.0
311040,225.0
311280,224.0
312000,225.0
312624,227.0
313392,224.0
314800,222.0
314912,226.0
315472,220.0
315488,106.0
316240,221.0
316704,177.0
318944,224.0
319072,224.0
319088,224.0
319200,68.0
319984,226.0
320240,163.0
320272,222.0
320448,225.0
320560,224.0
320672,223.0
321040,49.0
321200,131.0
321312,222.0
321840,72.0
322592,227.0
322704,86.0
323360,222.0
324944,82.0
325392,218.0
326368,222.0
326784,183.0
327344,218.0
327552,47.0
328496,221.0
328640,218.0
329328,220.0
329616,218.0
329808,218.0
329856,220.0
330080,231.0
330128,49.0
330864,77.0
331024,216.0
331088,233.0
331264,227.0
332032,220.0
332240,223.0
332320,217.0
333840,175.0
334736,227.0
335632,224.0
335888,71.0
336832,216.0
338416,166.0
339200,222.0
339216,223.0
340720,217.0
340768,218.0
340960,222.0
341520,217.0
342544,51.0
342784,222.0
344208,218.0
344352,226.0
344432,222.0
345200,231.0
345680,225.0
346000,215.0
346704,34.0
347024,166.0
347520,218.0
348256,40.0
348624,219.0
348784,218.0
349552,219.0
351024,91.0
352256,221.0
352352,222.0
352464,227.0
352592,113.0
353552,185.0
353696,229.0
354080,55.0
354704,229.0
354928,160.0
355328,220.0
355648,222.0
355712,159.0
357296,224.0
357424,222.0
357456,157.0
358528,175.0
358560,83.0
358720,178.0
359664,224.0
360640,219.0
361008,221.0
361216,219.0
361552,86.0
361600,225.0
361888,217.0
362144,220.0
362464,43.0
363488,194.0
363664,221.0
364256,117.0
364464,160.0
364816,221.0
364832,223.0
365152,221.0
365184,32.0
365760,225.0
367200,222.0
367936,229.0
368672,219.0
368784,173.0
369376,227.0
370304,217.0
370848,220.0
371136,173.0
371392,169.0
372288,89.0
372432,225.0
372832,222.0
373168,227.0
373936,226.0
374624,138.0
375872,95.0
377584,172.0
378176,221.0
378688,220.0
379264,218.0
379360,162.0
381024,218.0
381200,46.0
382416,217.0
382784,231.0
382816,226.0
382832,222.0
382912,221.0
384432,225.0
384496,225.0
384576,221.0
384736,222.0
384736,220.0
385520,162.0
386256,57.0
386480,170.0
387168,161.0
387920,111.0
388608,219.0
389040,176.0
390272,221.0
391040,219.0
391216,229.0
391856,74.0
392624,223.0
393856,164.0
394112,223.0
394624,223.0
394672,193.0
395024,56.0
397008,220.0
397216,132.0
397296,223.0
397856,228.0
398304,226.0
399712,228.0
399984,222.0
401456,224.0
401840,216.0
403152,220.0
403408,82.0
403968,222.0
404352,180.0
404544,226.0
405440,224.0
406592,163.0
407232,219.0
407696,165.0
407904,221.0
408288,69.0
408336,236.0
408880,159.0
408960,219.0
410160,222.0
410192,223.0
410656,222.0
411696,95.0
411760,213.0
411856,222.0
412352,217.0
412992,39.0
414208,221.0
414832,224.0
415168,219.0
415408,227.0
415920,226.0
416016,52.0
417376,158.0
419296,217.0
419552,220.0
420048,46.0
420320,161.0
420912,220.0
421520,223.0
423216,218.0
423760,231.0
423856,220.0
424736,72.0
426224,222.0
426864,215.0
427008,191.0
427520,228.0
428144,50.0
428256,219.0
428960,102.0
430368,223.0
430464,226.0
430720,189.0
432032,223.0
432544,223.0
433184,71.0
433680,75.0
433728,221.0
433952,222.0
433968,224.0
434240,228.0
434944,78.0
435088,225.0
435232,220.0
435360,219.0
436192,227.0
436832,227.0
436864,163.0
436928,216.0
438160,198.0
439744,52.0
440992,216.0
441680,221.0
442032,71.0
442176,218.0
442480,170.0
443232,96.0
443696,222.0
444608,219.0
445296,42.0
445440,212.0
445888,27.0
446048,219.0
446112,226.0
446160,224.0
446656,224.0
447248,221.0
447856,226.0
448464,160.0
449264,219.0
449632,219.0
449792,201.0
450384,225.0
452320,220.0
453936,217.0
455104,26.0
455712,217.0
456560,162.0
456768,224.0
456944,218.0
456992,216.0
457216,216.0
457520,223.0
459264,221.0
459632,226.0
460464,219.0
461200,210.0
462048,84.0
462192,228.0
463920,224.0
464224,188.0
464304,163.0
464704,93.0
464720,219.0
465088,43.0
465120,50.0
465664,224.0
466848,163.0
467072,215.0
467408,159.0
467664,224.0
468336,225.0
468624,59.0
469312,58.0
469424,160.0
469488,72.0
469664,161.0
470400,221.0
471232,219.0
471568,221.0
472416,193.0
473120,230.0
473328,109.0
473616,69.0
473936,220.0
474272,221.0
474784,221.0
475552,47.0
476016,164.0
477168,221.0
477440,218.0
477872,224.0
478672,136.0
479680,189.0
479920,217.0
480368,227.0
480544,162.0
480592,213.0
481360,217.0
481840,197.0
483200,219.0
483632,227.0
484000,226.0
484272,55.0
484608,172.0
484816,42.0
484896,220.0
485264,54.0
486544,45.0
486928,97.0
487552,221.0
487568,63.0
487664,226.0
487824,221.0
488112,218.0
488464,227.0
490176,214.0
490304,224.0
490592,228.0
491232,222.0
491312,230.0
491360,220.0
492336,219.0
492912,170.0
493248,76.0
494096,218.0
494688,219.0
495248,226.0
496384,130.0
497216,223.0
497680,223.0
499536,228.0
500576,108.0
501056,94.0
501296,220.0
503216,222.0
503312,100.0
505008,113.0
505344,218.0
506256,215.0
506416,66.0
506560,207.0
507216,48.0
507536,221.0
507696,89.0
507696,167.0
508016,230.0
508656,89.0
509664,226.0
510240,71.0
510368,222.0
510640,181.0
511024,87.0
511216,222.0
511280,223.0
511376,231.0
512288,163.0
512384,161.0
513648,218.0
514080,214.0
514416,223.0
514608,223.0
514848,222.0
514960,223.0
515040,59.0
515824,220.0
516368,219.0
516512,222.0
517136,73.0
517392,222.0
518128,219.0
519296,72.0
519888,155.0
519904,51.0
520128,82.0
520832,201.0
521008,223.0
522304,224.0
522320,198.0
523616,217.0
524544,231.0
524544,220.0
524864,219.0
525760,178.0
525904,224.0
526080,229.0
527104,106.0
527856,224.0
528048,218.0
528160,225.0
528496,222.0
528864,221.0
530128,51.0
530976,233.0
531936,222.0
531984,62.0
532032,162.0
532096,224.0
532912,224.0
533312,165.0
533600,216.0
535072,109.0
535152,216.0
535184,115.0
535536,221.0
536080,224.0
536208,131.0
536416,83.0
536496,88.0
536896,222.0
537072,188.0
538416,224.0
538864,70.0
539152,225.0
539680,162.0
540688,220.0
540704,224.0
541344,300.0
541808,223.0
542208,53.0
542816,229.0
543360,222.0
543408,206.0
544512,227.0
544912,222.0
546272,164.0
546272,59.0
546848,60.0
546944,223.0
547120,231.0
548304,84.0
548880,220.0
548976,227.0
551152,59.0
551344,219.0
551840,221.0
552752,235.0
553424,227.0
553632,108.0
553920,162.0
554912,222.0
554928,41.0
556000,225.0
556624,220.0
557392,225.0
557568,164.0
557904,222.0
558112,90.0
558272,109.0
558672,166.0
559024,223.0
559136,141.0
559328,40.0
560512,216.0
561600,217.0
561984,91.0
562928,97.0
562944,225.0
563888,233.0
564288,219.0
564544,159.0
564864,226.0
565008,89.0
565152,52.0
565376,220.0
565488,219.0
565616,166.0
567280,55.0
567440,221.0
568112,222.0
570112,161.0
570416,167.0
570704,161.0
571408,226.0
571504,220.0
572672,222.0
572736,223.0
573168,219.0
573168,224.0
573552,220.0
573680,222.0
574304,222.0
574608,227.0
574976,216.0
575104,47.0
575648,220.0
575920,222.0
577568,221.0
578304,161.0
578336,160.0
578528,221.0
579472,222.0
580736,224.0
580976,222.0
582208,218.0
582672,219.0
583360,220.0
583360,220.0
584256,160.0
585376,222.0
585536,219.0
586432,222.0
588048,223.0
588544,219.0
589088,221.0
589216,224.0
590048,225.0
590432,93.0
591584,220.0
592176,226.0
592800,223.0
593056,163.0
593504,215.0
593520,217.0
593520,63.0
596240,222.0
596688,226.0
596896,226.0
596960,217.0
597200,229.0
597616,88.0
599056,175.0
599280,161.0
599360,97.0
600032,225.0
602368,220.0
602624,222.0
602688,223.0
604192,97.0
604592,159.0
604720,216.0
605216,157.0
605504,158.0
605584,159.0
606080,231.0
606544,222.0
606768,160.0
606976,221.0
607008,220.0
609008,218.0
609024,214.0
609088,227.0
609616,220.0
610096,218.0
610416,227.0
610736,217.0
611872,223.0
612384,226.0
612512,230.0
612544,220.0
612640,221.0
612928,163.0
613696,224.0
614176,223.0
615232,72.0
615408,76.0
616144,224.0
616352,231.0
616368,218.0
616528,224.0
617296,224.0
617552,157.0
619520,122.0
619936,223.0
620896,226.0
621424,214.0
622272,221.0
623088,222.0
623136,106.0
623632,88.0
624448,221.0
626160,157.0
626384,227.0
626544,219.0
626960,51.0
627312,234.0
627904,166.0
628160,231.0
629184,174.0
630160,221.0
631568,165.0
631600,225.0
632112,221.0
632176,112.0
633200,94.0
633472,159.0
634512,219.0
635008,216.0
635056,217.0
635648,220.0
635696,219.0
635968,172.0
636144,57.0
636480,227.0
636832,172.0
638016,226.0
638176,83.0
639040,164.0
639296,79.0
640656,223.0
641568,54.0
642640,157.0
642896,167.0
643408,218.0
643584,161.0
644192,220.0
644368,93.0
644416,163.0
645744,222.0
645952,95.0
646032,211.0
646560,218.0
647056,124.0
647792,224.0
648640,98.0
649328,172.0
649632,224.0
650032,55.0
650496,221.0
651376,223.0
651568,218.0
652288,227.0
653136,218.0
655072,230.0
655088,219.0
655552,162.0
655584,223.0
656736,224.0
657760,231.0
657840,220.0
658176,227.0
658576,188.0
658592,219.0
658880,42.0
659344,224.0
659600,218.0
659952,37.0
660240,225.0
661296,220.0
661312,216.0
661472,220.0
662128,220.0
662480,218.0
663632,87.0
663872,226.0
664208,213.0
664880,223.0
665008,230.0
665696,221.0
666656,41.0
666768,159.0
666992,52.0
667456,223.0
667904,218.0
668848,164.0
669424,102.0
670544,219.0
672432,223.0
672928,223.0
674256,229.0
674336,162.0
675104,200.0
675872,219.0
676096,228.0
676592,228.0
677456,146.0
677760,228.0
677760,76.0
677792,53.0
678032,230.0
678192,220.0
678752,224.0
678800,47.0
678960,227.0
680624,221.0
681200,222.0
681392,228.0
681520,200.0
681536,52.0
681680,81.0
681712,45.0
681856,235.0
682128,221.0
682240,214.0
682240,44.0
682544,42.0
684080,224.0
685280,224.0
685792,228.0
686176,218.0
686496,43.0
686624,225.0
686976,224.0
686992,165.0
687632,221.0
687744,219.0
688880,224.0
689056,90.0
689504,163.0
690560,222.0
691536,161.0
692736,221.0
693808,92.0
694288,220.0
694576,129.0
695104,62.0
695184,160.0
695264,224.0
696720,225.0
697664,217.0
697728,165.0
697792,145.0
698192,225.0
698736,169.0
698848,40.0
699168,226.0
700240,219.0
701104,214.0
701168,214.0
702912,220.0
703328,58.0
703664,221.0
704208,161.0
704880,231.0
705104,221.0
705744,219.0
705792,42.0
706064,227.0
706592,133.0
706816,209.0
707392,223.0
707424,51.0
707696,217.0
707728,219.0
708544,228.0
709312,219.0
709392,221.0
709680,221.0
709792,175.0
711120,160.0
712912,219.0
712928,225.0
713296,220.0
714320,185.0
715408,225.0
715472,165.0
716240,51.0
716512,224.0
716560,226.0
717856,220.0
717952,86.0
718000,217.0
719104,161.0
722032,230.0
723248,216.0
724224,164.0
724496,221.0
725072,217.0
725104,225.0
725584,221.0
726096,218.0
727024,235.0
727072,224.0
727200,227.0
728432,71.0
728592,222.0
728608,220.0
728688,223.0
728944,230.0
729360,46.0
729552,71.0
729584,217.0
730672,95.0
730816,225.0
731296,162.0
731616,222.0
731616,217.0
732400,215.0
734208,220.0
734304,167.0
736528,225.0
736656,224.0
737568,83.0
738544,218.0
738656,219.0
738688,222.0
739376,219.0
740176,227.0
740240,223.0
740688,218.0
741184,164.0
741696,222.0
741776,222.0
742880,218.0
742912,170.0
744080,221.0
744992,217.0
745216,219.0
745296,224.0
746096,45.0
747808,226.0
748304,228.0
748336,222.0
748736,147.0
749552,109.0
749696,224.0
749888,98.0
749968,219.0
750064,221.0
750576,164.0
751312,220.0
752384,176.0
753040,221.0
753264,58.0
755904,219.0
756240,224.0
756720,218.0
757280,225.0
757632,224.0
758160,221.0
758384,219.0
759152,225.0
759184,224.0
759296,218.0
759312,221.0
760272,221.0
760896,225.0
761744,223.0
761744,96.0
762448,211.0
763056,72.0
763408,227.0
763632,45.0
764608,220.0
765056,220.0
765344,224.0
766192,219.0
766720,225.0
767392,221.0
768880,220.0
768880,222.0
768944,224.0
769232,167.0
770144,159.0
770432,92.0
771952,224.0
772000,172.0
772032,224.0
772288,166.0
773216,218.0
773808,221.0
774032,227.0
774384,222.0
775488,217.0
775552,224.0
775952,217.0
776832,225.0
777264,224.0
777424,225.0
777456,216.0
778288,24.0
778816,223.0
779328,210.0
779600,217.0
779728,224.0
779808,158.0
780432,224.0
780448,44.0
781488,164.0
781824,220.0
782400,56.0
782416,225.0
782464,39.0
782752,164.0
782944,225.0
783376,195.0
783888,224.0
783904,215.0
785936,229.0
786672,89.0
787712,120.0
787840,231.0
789392,51.0
789648,225.0
790848,87.0
790896,223.0
790928,219.0
792640,233.0
793040,227.0
793568,224.0
794112,173.0
794176,226.0
794416,222.0
794528,224.0
795024,188.0
795840,164.0
796496,222.0
798160,75.0
798208,228.0
798976,225.0
799424,182.0
799632,88.0
799856,173.0
800688,231.0
800688,78.0
801616,109.0
802480,167.0
802736,127.0
803056,48.0
803088,222.0
803280,227.0
803648,56.0
804480,222.0
805200,45.0
805536,164.0
806112,110.0
806640,221.0
807040,229.0
807168,32.0
807184,161.0
807200,124.0
807968,217.0
809200,228.0
809216,126.0
809424,158.0
809616,218.0
811568,56.0
812016,216.0
812320,234.0
813376,52.0
813472,43.0
814064,172.0
814512,230.0
814576,74.0
815312,220.0
815632,225.0
815888,165.0
815920,224.0
816496,221.0
816976,218.0
817520,215.0
817888,224.0
821392,218.0
821504,227.0
821584,163.0
822688,228.0
822880,216.0
822896,217.0
823008,221.0
823104,222.0
823296,118.0
823696,225.0
823824,57.0
823856,219.0
825296,231.0
826160,230.0
827264,222.0
828656,89.0
828784,217.0
829776,226.0
830176,220.0
830976,172.0
831648,91.0
831760,216.0
832224,222.0
833200,223.0
833728,171.0
833904,166.0
834176,88.0
834176,128.0
834672,220.0
834880,222.0
835232,223.0
837456,221.0
837808,39.0
838352,58.0
839216,219.0
841696,218.0
841888,220.0
841888,216.0
842544,222.0
843232,42.0
845584,230.0
846224,220.0
846416,89.0
846688,215.0
846848,219.0
848144,159.0
848560,234.0
849344,155.0
849760,221.0
850336,227.0
851888,217.0
852336,218.0
852944,224.0
853024,71.0
853312,221.0
853744,208.0
854032,221.0
854624,81.0
855680,221.0
855712,135.0
855904,219.0
856016,229.0
856032,171.0
857104,43.0
857360,225.0
858864,216.0
859072,220.0
859264,223.0
859728,40.0
860064,222.0
860128,219.0
860176,221.0
860960,224.0
861536,228.0
861632,227.0
861904,218.0
862416,221.0
863376,161.0
864656,220.0
864864,42.0
865504,224.0
865520,225.0
866736,168.0
867104,222.0
867440,229.0
867648,61.0
867872,236.0
868016,220.0
868512,227.0
868720,200.0
868896,63.0
869184,28.0
870016,223.0
870240,219.0
870608,218.0
870688,71.0
871840,165.0
872512,217.0
874384,230.0
874592,222.0
875552,231.0
875696,58.0
875968,230.0
876000,217.0
876048,184.0
877200,225.0
877488,229.0
877744,50.0
878832,218.0
879008,215.0
879280,223.0
879296,109.0
879424,95.0
879552,223.0
879568,219.0
880880,164.0
881248,218.0
882400,222.0
884752,169.0
885232,226.0
886016,225.0
886528,218.0
886592,223.0
886832,49.0
887440,161.0
887920,218.0
888768,220.0
888992,219.0
891040,57.0
891456,220.0
891552,55.0
891632,92.0
892256,223.0
892288,219.0
892432,163.0
892592,224.0
893264,51.0
894592,222.0
894848,228.0
894848,159.0
895552,54.0
895584,45.0
895600,62.0
895744,51.0
895872,223.0
895952,230.0
896256,228.0
896656,81.0
898352,94.0
898544,230.0
899104,219.0
899440,223.0
901088,158.0
901936,159.0
902688,222.0
903024,223.0
903824,222.0
904752,228.0
905008,186.0
905744,167.0
906144,228.0
906560,220.0
908080,223.0
908352,162.0
908496,80.0
908992,220.0
910016,229.0
910256,87.0
910672,25.0
910736,69.0
911152,221.0
911616,220.0
912576,220.0
912784,56.0
914384,231.0
915312,230.0
916064,217.0
916304,231.0
916320,62.0
916336,219.0
917328,159.0
917808,43.0
918544,59.0
918896,74.0
919296,228.0
919792,216.0
919888,223.0
919936,226.0
920384,226.0
920608,221.0
920800,79.0
921616,232.0
922560,228.0
922992,230.0
924192,223.0
924912,86.0
926160,225.0
927184,225.0
927680,159.0
927680,228.0
927680,45.0
930560,220.0
930896,231.0
930960,45.0
931152,220.0
931360,228.0
932192,113.0
932272,224.0
932544,220.0
932608,219.0
932656,221.0
933600,221.0
933872,104.0
934720,222.0
934816,222.0
934880,220.0
935280,170.0
935696,46.0
935744,56.0
936448,160.0
936592,55.0
937568,219.0
938368,221.0
938448,232.0
939088,225.0
939328,223.0
939376,218.0
941584,171.0
941936,94.0
941952,223.0
942160,218.0
942288,161.0
942512,220.0
943728,71.0
943760,231.0
944208,224.0
945456,219.0
945568,224.0
946544,45.0
947584,224.0
950000,123.0
950848,108.0
950896,219.0
951152,222.0
952048,221.0
952384,224.0
952640,218.0
952672,223.0
952912,225.0
953696,228.0
954416,126.0
954592,55.0
954736,223.0
955808,75.0
956416,228.0
956912,40.0
957088,221.0
957952,220.0
958432,163.0
958784,225.0
959120,84.0
960112,227.0
960288,218.0
960688,224.0
961008,47.0
961136,221.0
961424,45.0
961520,222.0
962064,57.0
962192,73.0
962224,91.0
964528,229.0
965008,215.0
965600,220.0
966304,230.0
966608,95.0
966768,219.0
967040,226.0
967216,222.0
967504,164.0
968288,94.0
968416,163.0
968688,219.0
968976,220.0
969264,228.0
969648,162.0
969840,224.0
970912,225.0
971328,91.0
971744,126.0
972176,26.0
972256,162.0
974624,222.0
975136,161.0
975568,224.0
975904,47.0
976480,227.0
977008,219.0
977328,217.0
977536,222.0
978176,222.0
978464,221.0
978704,163.0
978784,218.0
979616,51.0
980384,80.0
980576,222.0
981152,225.0
981664,55.0
981760,222.0
983024,164.0
983200,163.0
983216,224.0
984432,224.0
984528,225.0
984880,159.0
985248,225.0
987520,53.0
988032,218.0
988224,43.0
988416,107.0
988624,46.0
989248,221.0
989520,176.0
989712,164.0
990048,107.0
991568,160.0
991856,91.0
992624,220.0
992768,219.0
992768,159.0
993008,219.0
993168,215.0
993616,109.0
995440,220.0
995504,218.0
995664,164.0
996240,216.0
996336,220.0
996432,228.0
996480,84.0
996496,233.0
996640,226.0
996656,217.0
997088,216.0
997408,222.0
999200,169.0
999904,222.0
1000256,225.0
1000736,44.0
1001536,154.0
1001856,108.0
1002544,113.0
1003792,222.0
1003872,225.0
1005648,219.0
1006048,218.0
1006256,220.0
1006560,226.0
1007392,224.0
1007568,94.0
1008048,163.0
1009216,220.0
1009872,221.0
1010000,214.0
1010064,44.0
1010256,227.0
1011168,56.0
1011680,226.0
1012832,225.0
1013456,223.0
1013920,163.0
1014176,54.0
1015232,221.0
1015968,171.0
1016432,224.0
1017408,212.0
1017728,221.0
1018736,220.0
1018848,87.0
1019120,56.0
1019632,59.0
1020144,231.0
1020688,229.0
1021024,225.0
1022144,219.0
1022288,221.0
1022832,112.0
1023264,226.0
1024208,219.0
1024848,159.0
1025152,117.0
1025856,231.0
1026208,222.0
1026880,111.0
1027008,174.0
1027680,41.0
1028496,54.0
1029024,164.0
1029472,232.0
1029792,80.0
1030816,209.0
1030864,224.0
1031728,94.0
1033136,68.0
1033456,228.0
1033984,220.0
1034384,222.0
1034432,168.0
1035696,218.0
1036224,172.0
1036576,234.0
1037680,229.0
1038176,233.0
1038528,213.0
1039168,73.0
1039504,113.0
1039776,175.0
1040176,224.0
1041040,213.0
1041952,221.0
1042656,217.0
1042672,223.0
1042752,223.0
1043728,197.0
1043968,236.0
1044448,105.0
1044528,221.0
1045376,57.0
1045696,122.0
1046416,233.0
1047248,110.0
1048048,224.0
1048448,233.0
1049088,166.0
1051072,157.0
1051408,144.0
1051952,218.0
1052192,268.0
1052576,223.0
1052592,105.0
1053360,226.0
1053696,163.0
1053872,47.0
1054112,102.0
1054400,60.0
1054816,225.0
1055584,211.0
1056208,225.0
1056368,166.0
1056976,220.0
1057248,223.0
1058320,218.0
1058592,223.0
1058816,162.0
1059040,44.0
1059376,214.0
1059504,222.0
1059840,157.0
1059920,234.0
1060384,163.0
1060784,134.0
1061248,137.0
1062976,216.0
1064352,231.0
1066128,216.0
1066304,92.0
1066752,230.0
1066848,215.0
1066864,219.0
1067456,222.0
1068336,224.0
1070016,217.0
1070208,221.0
1070352,224.0
1070688,221.0
1071056,52.0
1071072,225.0
1071552,225.0
1071632,220.0
1072992,225.0
1073360,216.0
1073648,161.0
1073872,219.0
1074704,72.0
1074992,215.0
1075520,224.0
1075808,233.0
1075904,81.0
1076224,110.0
1076912,223.0
1077648,158.0
1077904,233.0
1078240,220.0
1078464,221.0
1079056,71.0
1079824,219.0
1080656,99.0
1080704,91.0
1081264,225.0
1082384,164.0
1083408,223.0
1084224,232.0
1084240,220.0
1084816,222.0
1085104,54.0
1085568,222.0
1086272,87.0
1087360,158.0
1087888,227.0
1088352,222.0
1088480,223.0
1089168,227.0
1089760,149.0
1090784,163.0
1091584,98.0
1091712,224.0
1091776,225.0
1091856,218.0
1092160,229.0
1092304,159.0
1092336,224.0
1092720,218.0
1093984,222.0
1094848,93.0
1094880,221.0
1095056,227.0
1095200,225.0
1095248,220.0
1095712,51.0
1095888,221.0
1098016,222.0
1098016,162.0
1098048,221.0
1098160,38.0
1098176,182.0
1098912,71.0
1098976,202.0
1099408,218.0
1099424,231.0
1100640,114.0
1103344,221.0
1103568,157.0
1103712,127.0
1104288,83.0
1104448,156.0
1104800,199.0
1105104,221.0
1105280,230.0
1106480,141.0
1106496,223.0
1107024,160.0
1107824,226.0
1108112,47.0
1108512,220.0
1110000,92.0
1110848,220.0
1111728,225.0
1112144,25.0
1114000,184.0
1114064,218.0
1114768,72.0
1115120,228.0
1116384,223.0
1117920,216.0
1118128,54.0
1119312,87.0
1120736,224.0
1120864,219.0
1121264,225.0
1121344,219.0
1121568,227.0
1121680,217.0
1121696,222.0
1121744,222.0
1122048,48.0
1122208,216.0
1123648,226.0
1124512,227.0
1124640,143.0
1124672,225.0
1125232,48.0
1125232,217.0
1125760,231.0
1126064,223.0
1126960,160.0
1128928,222.0
1129360,82.0
1129568,221.0
1129648,167.0
1129808,230.0
1130544,223.0
1131344,188.0
1133136,217.0
1133136,222.0
1133920,224.0
1135616,90.0
1136672,170.0
1137056,217.0
1137456,220.0
1137584,88.0
1137600,222.0
1137792,121.0
1137856,16.0
1138336,46.0
1138624,174.0
1140384,218.0
1141232,214.0
1141408,173.0
1141488,228.0
1141536,83.0
1142048,27.0
1142608,74.0
1142768,160.0
1143056,174.0
1144704,230.0
1144944,216.0
1145040,221.0
1145328,159.0
1145520,225.0
1145856,58.0
1145872,222.0
1146112,72.0
1146176,222.0
1148736,110.0
1149552,230.0
1149744,222.0
1149760,224.0
1150928,72.0
1151440,224.0
1152144,222.0
1152320,159.0
1153008,216.0
1153072,219.0
1153200,219.0
1153296,221.0
1153552,163.0
1153792,227.0
1154080,227.0
1155808,228.0
1156720,227.0
1156800,54.0
1157216,228.0
1157280,162.0
1157424,226.0
1158064,72.0
1158224,227.0
1158576,225.0
1160464,228.0
1161168,161.0
1161616,225.0
1162960,141.0
1164416,211.0
1164784,225.0
1165856,225.0
1166432,300.0
1166480,219.0
1166768,174.0
1167392,227.0
1167712,223.0
1167920,218.0
1168416,165.0
1169936,165.0
1170192,231.0
1170640,165.0
1170880,217.0
1171200,45.0
1171696,235.0
1172272,221.0
1173184,44.0
1173776,223.0
1174368,223.0
1174832,80.0
1174992,213.0
1175104,214.0
1175488,214.0
1175712,55.0
1176592,160.0
1177328,221.0
1177680,96.0
1177792,219.0
1177872,218.0
1177952,222.0
1178096,230.0
1178128,95.0
1178480,217.0
1178624,46.0
1181664,219.0
1181776,227.0
1182240,225.0
1182752,225.0
1183072,220.0
1183648,55.0
1184352,221.0
1184832,225.0
1185024,221.0
1185456,229.0
1185472,221.0
1185568,221.0
1185680,220.0
1186240,87.0
1187136,217.0
1188560,220.0
1189008,220.0
1189024,222.0
1189168,57.0
1190016,219.0
1190608,55.0
1191072,222.0
1191440,51.0
1192032,224.0
1192080,157.0
1192416,60.0
1192576,88.0
1193280,53.0
1193568,221.0
1194736,168.0
1195200,222.0
1195248,105.0
1195280,199.0
1195344,228.0
1195680,58.0
1196080,218.0
1196240,221.0
1197664,213.0
1197872,39.0
1197904,108.0
1198528,53.0
1198896,225.0
1199136,223.0
1199424,50.0
1200128,163.0
1200496,122.0
1200688,222.0
1201328,213.0
1201536,227.0
1202496,224.0
1202752,225.0
1202992,225.0
1203168,233.0
1204464,216.0
1204592,132.0
1204928,227.0
1205312,159.0
1205792,44.0
1206224,214.0
1207664,224.0
1207808,77.0
1208128,220.0
1208416,217.0
1208864,221.0
1208928,49.0
1209456,220.0
1210032,38.0
1210480,96.0
1211392,229.0
1211792,230.0
1211840,178.0
1213152,224.0
1213344,221.0
1213472,219.0
1214480,164.0
1214880,87.0
1214912,227.0
1215168,220.0
1215520,162.0
1216320,57.0
1216656,218.0
1217472,50.0
1218464,221.0
1218768,224.0
1219056,220.0
1219568,227.0
1219680,163.0
1219712,217.0
1220096,220.0
1220640,219.0
1222080,222.0
1222672,226.0
1223312,224.0
1223408,53.0
1223408,229.0
1223824,227.0
1223984,226.0
1224896,163.0
1225216,52.0
1225728,220.0
1226112,216.0
1226256,223.0
1227056,227.0
1228624,75.0
1228704,217.0
1228976,72.0
1229792,50.0
1230240,217.0
1231472,56.0
1231840,212.0
1232288,223.0
1232640,229.0
1232848,218.0
1233696,58.0
1234528,139.0
1234880,39.0
1234912,90.0
1235072,74.0
1235120,105.0
1235376,220.0
1236256,73.0
1236304,222.0
1236336,217.0
1237392,156.0
1237504,161.0
1237600,221.0
1238192,228.0
1238240,45.0
1238928,132.0
1239040,228.0
1240480,213.0
1240928,220.0
1240960,218.0
1241200,44.0
1241888,227.0
1242064,212.0
1242560,219.0
1243152,209.0
1243520,224.0
1243600,226.0
1244608,227.0
1244736,223.0
1244864,217.0
1246032,224.0
1246144,163.0
1246624,216.0
1246992,59.0
1247200,222.0
1247264,228.0
1248128,219.0
1248192,217.0
1248192,215.0
1248672,214.0
1250224,22.0
1251392,34.0
1252464,219.0
1252752,224.0
1253536,183.0
1254048,187.0
1254976,107.0
1255440,227.0
1255520,105.0
1255776,40.0
1255792,225.0
1256096,222.0
1256160,39.0
1256208,52.0
1259184,178.0
1259312,219.0
1259456,227.0
1259488,231.0
1260640,108.0
1260816,228.0
1261232,110.0
1261472,61.0
1261536,218.0
1262880,222.0
1264384,233.0
1264784,221.0
1265728,223.0
1266400,217.0
1266448,180.0
1266736,233.0
1267136,227.0
1267168,224.0
1268048,81.0
1268576,221.0
1269312,223.0
1269472,55.0
1269568,58.0
1270752,223.0
1271504,220.0
1271600,221.0
1271648,221.0
1271952,84.0
1271968,75.0
1273152,223.0
1273728,226.0
1274032,223.0
1274768,173.0
1275376,219.0
1276560,161.0
1276752,222.0
1277024,221.0
1278304,96.0
1278560,218.0
1278944,222.0
1280176,225.0
1280320,221.0
1280592,222.0
1280752,226.0
1280848,220.0
1282160,224.0
1282992,221.0
1283280,19.0
1283664,217.0
1283744,223.0
1283856,218.0
1283856,220.0
1284128,220.0
1285056,57.0
1286736,215.0
1287264,224.0
1287440,230.0
1288320,222.0
1288704,220.0
1289056,220.0
1289184,95.0
1289344,220.0
1289824,47.0
1290304,225.0
1290656,124.0
1290832,48.0
1290992,221.0
1291440,221.0
1292064,43.0
1293712,219.0
1294688,163.0
1294736,85.0
1294912,216.0
1295184,228.0
1296080,72.0
1296240,157.0
1296480,221.0
1296944,106.0
1297248,166.0
1297488,85.0
1298016,219.0
1298176,217.0
1298256,219.0
1298800,225.0
1299632,161.0
1299792,95.0
1300256,223.0
1300464,219.0
1300768,219.0
1301616,52.0
1301664,227.0
1302368,172.0
1303248,216.0
1303424,226.0
1303552,223.0
1303984,232.0
1304176,54.0
1304800,216.0
1305152,220.0
1305824,141.0
1306544,159.0
1306720,216.0
1307312,220.0
1307360,219.0
1307952,174.0
1308352,221.0
1309936,160.0
1310096,220.0
1310480,222.0
1310512,50.0
1310848,220.0
1311904,221.0
1312048,74.0
1312144,221.0
1313472,220.0
1313664,222.0
1313728,217.0
1314224,30.0
1314448,48.0
1315472,218.0
1315472,222.0
1316272,49.0
1316608,160.0
1317488,162.0
1318240,226.0
1318288,160.0
1319328,111.0
1319568,159.0
1319712,221.0
1320640,81.0
1320976,215.0
1320976,230.0
1321152,56.0
1321264,217.0
1321360,40.0
1321872,226.0
1322688,225.0
1322896,224.0
1323104,220.0
1323744,164.0
1324624,54.0
1324832,222.0
1326192,219.0
1326400,218.0
1326544,217.0
1326944,44.0
1327392,216.0
1327440,162.0
1327632,224.0
1327696,224.0
1328272,96.0
1329232,226.0
1331056,228.0
1331312,225.0
1331504,217.0
1331824,173.0
1332112,223.0
1333232,55.0
1333968,172.0
1334224,61.0
1334416,59.0
1334784,201.0
1335456,225.0
1335936,222.0
1337872,227.0
1338464,217.0
1338624,57.0
1338800,97.0
1338864,221.0
1339040,61.0
1339280,226.0
1339456,220.0
1339760,70.0
1339792,240.0
1339936,55.0
1340736,224.0
1341360,224.0
1342352,221.0
1342624,224.0
1342896,95.0
1343360,224.0
1343424,217.0
1344800,229.0
1345104,217.0
1345744,110.0
1346256,71.0
1347024,225.0
1347248,162.0
1347952,218.0
1348592,43.0
1348768,165.0
1349216,239.0
1349376,48.0
1349776,219.0
1350608,162.0
1350800,221.0
1350800,218.0
1351280,93.0
1351728,48.0
1352688,219.0
1353488,231.0
1353792,225.0
1354128,162.0
1354384,165.0
1354496,230.0
1354912,226.0
1355744,190.0
1356320,87.0
1356704,216.0
1357792,162.0
1358128,226.0
1358304,217.0
1359856,215.0
1361088,221.0
1361360,16.0
1361680,221.0
1362208,223.0
1362384,157.0
1362800,223.0
1363488,225.0
1363696,220.0
1365200,39.0
1366080,228.0
1366112,232.0
1366448,225.0
1367040,221.0
1367632,226.0
1367664,224.0
1369248,195.0
1369584,218.0
1370000,217.0
1370016,222.0
1371024,223.0
1371216,221.0
1371376,226.0
1372848,224.0
1374368,221.0
1374400,184.0
1374736,219.0
1374832,219.0
1374880,164.0
1375312,58.0
1375360,218.0
1376352,218.0
1377328,161.0
1377648,222.0
1378064,229.0
1378272,56.0
1378352,219.0
1378976,228.0
1379840,217.0
1381264,225.0
1381472,127.0
1381552,220.0
1382048,174.0
1382208,54.0
1382224,223.0
1382496,219.0
1383120,225.0
1383776,96.0
1386752,231.0
1387280,218.0
1387360,160.0
1387872,17.0
1388496,227.0
1388608,219.0
1388832,226.0
1388848,60.0
1388848,170.0
1389360,93.0
1389472,53.0
1390256,87.0
1390336,224.0
1391680,220.0
1392864,162.0
1392944,162.0
1393120,220.0
1393696,51.0
1394448,225.0
1394464,227.0
1394608,220.0
1394800,88.0
1395264,223.0
1396624,218.0
1396800,234.0
1397184,226.0
1397232,220.0
1397744,216.0
1398000,221.0
1398128,223.0
1398384,223.0
1399360,221.0
1399760,224.0
1399920,73.0
1400128,220.0
1400144,219.0
1400816,226.0
1401584,223.0
1403568,213.0
1403712,173.0
1403888,220.0
1404000,215.0
1404384,222.0
1404896,78.0
1405440,228.0
1406208,137.0
1406320,218.0
1406320,162.0
1406352,231.0
1407024,98.0
1407408,300.0
1408032,227.0
1409264,218.0
1409536,62.0
1409824,225.0
1410592,222.0
1410832,62.0
1411168,225.0
1412144,224.0
1412768,218.0
1413216,160.0
1414144,221.0
1414368,161.0
1414720,221.0
1415776,226.0
1416928,222.0
1417776,221.0
1418304,223.0
1418736,226.0
1418960,144.0
1419056,81.0
1419504,227.0
1419776,218.0
1419792,162.0
1420336,164.0
1420480,156.0
1420672,233.0
1421984,218.0
1423856,219.0
1424032,221.0
1424432,214.0
1425232,213.0
1425424,218.0
1425680,230.0
1425728,201.0
1425904,222.0
1426480,163.0
1426848,223.0
1427760,224.0
1429504,107.0
1429728,220.0
1431360,224.0
1431744,74.0
1432672,215.0
1432912,94.0
1433296,221.0
1433792,73.0
1433888,225.0
1434400,29.0
1435024,228.0
1435184,163.0
1435392,220.0
1435600,219.0
1437376,163.0
1438688,228.0
1438976,219.0
1439120,219.0
1440816,214.0
1442224,85.0
1442592,225.0
1443296,173.0
1444224,223.0
1445072,93.0
1445184,220.0
1445344,235.0
1445824,222.0
1446080,225.0
1446656,82.0
1446976,222.0
1447712,217.0
1447968,221.0
1448464,160.0
1450192,94.0
1450272,218.0
1450496,48.0
1450624,227.0
1451216,216.0
1451536,222.0
1451632,116.0
1451808,166.0
1452112,55.0
1452224,221.0
1452912,222.0
1453024,220.0
1454176,164.0
1454912,72.0
1455104,57.0
1455168,220.0
1455632,219.0
1456688,167.0
1456688,73.0
1457344,213.0
1457728,163.0
1458528,165.0
1458768,224.0
1459472,106.0
1459984,221.0
1460016,219.0
1462336,219.0
1463472,44.0
1463536,219.0
1463600,224.0
1463760,235.0
1464608,223.0
1466608,170.0
1466640,225.0
1467120,225.0
1467136,221.0
1467232,226.0
1467328,222.0
1469088,223.0
1469552,223.0
1469600,226.0
1469728,220.0
1470320,231.0
1470416,50.0
1470608,218.0
1470704,223.0
1471072,94.0
1472784,224.0
1472944,163.0
1473856,225.0
1473872,221.0
1476304,222.0
1476320,220.0
1476528,223.0
1476800,218.0
1477104,222.0
1477568,47.0
1477696,158.0
1477920,86.0
1479072,163.0
1479888,223.0
1479920,224.0
1480304,170.0
1480800,54.0
1480976,218.0
1481408,221.0
1481520,227.0
1482224,55.0
1483248,110.0
1483808,226.0
1484416,136.0
1484752,167.0
1485008,224.0
1485664,224.0
1486064,81.0
1486816,162.0
1487152,221.0
1487488,41.0
1487568,223.0
1487968,220.0
1488048,219.0
1488720,226.0
1489536,218.0
1490480,224.0
1490720,222.0
1491008,159.0
1491152,223.0
1491440,220.0
1491584,225.0
1491632,223.0
1492304,217.0
1493328,223.0
1494640,220.0
1495088,215.0
1495488,214.0
1497072,233.0
1497504,224.0
1497648,221.0
1498016,222.0
1498208,222.0
1498640,222.0
1498656,219.0
1498752,221.0
1499024,220.0
1500096,161.0
1500416,164.0
1501232,223.0
1501536,219.0
1501712,218.0
1502192,107.0
1502240,196.0
1502288,226.0
1502352,60.0
1502896,84.0
1503600,82.0
1503936,216.0
1504016,224.0
1504848,225.0
1505232,219.0
1505776,223.0
1505840,218.0
1505968,225.0
1506016,232.0
1506256,223.0
1507680,105.0
1508288,214.0
1509760,216.0
1510048,228.0
1510320,237.0
1510976,233.0
1511024,163.0
1511952,158.0
1512912,220.0
1513280,219.0
1513536,217.0
1513600,19.0
1513632,218.0
1513760,55.0
1513968,183.0
1514336,227.0
1515312,56.0
1515344,226.0
1515440,221.0
1516176,81.0
1516304,225.0
1516336,160.0
1516592,229.0
1517280,161.0
1517296,230.0
1518096,49.0
1518320,224.0
1518992,167.0
1519008,222.0
1519520,88.0
1519776,224.0
1521296,110.0
1521808,217.0
1522496,221.0
1523184,97.0
1523392,225.0
1524768,226.0
1525072,76.0
1525216,212.0
1525456,60.0
1525488,99.0
1526544,82.0
1528080,228.0
1528624,226.0
1529072,223.0
1529328,223.0
1529648,220.0
1529856,160.0
1530128,223.0
1530176,233.0
1530528,222.0
1530848,165.0
1532992,220.0
1533216,233.0
1533280,226.0
1533712,220.0
1533968,225.0
1534224,58.0
1534464,163.0
1535760,216.0
1536448,220.0
1536720,232.0
1536720,163.0
1538224,222.0
1538944,36.0
1539568,223.0
1539712,217.0
1540816,221.0
1541120,232.0
1541696,216.0
1542208,164.0
1542448,43.0
1542512,222.0
1543072,219.0
1543152,166.0
1543376,72.0
1543552,222.0
1544288,56.0
1546048,220.0
1546464,220.0
1547248,160.0
1547440,228.0
1547952,92.0
1548064,222.0
1550240,224.0
1550800,221.0
1551536,223.0
1552032,225.0
1552704,225.0
1552960,166.0
1553056,232.0
1553424,22.0
1554592,86.0
1554656,222.0
1555152,225.0
1556208,231.0
1556688,222.0
1556752,44.0
1556944,219.0
1557456,222.0
1557648,46.0
1557728,221.0
1557824,100.0
1558112,184.0
1559520,223.0
1559760,221.0
1560144,215.0
1560288,220.0
1560928,165.0
1561008,219.0
1562624,218.0
1564080,163.0
1564528,224.0
1564816,225.0
1567680,161.0
1568352,220.0
1568496,160.0
1569888,219.0
1570832,166.0
1571200,177.0
1572224,232.0
1573056,215.0
1573472,224.0
1575664,162.0
1577728,216.0
1578240,223.0
1578368,157.0
1578784,233.0
1578992,221.0
1581312,223.0
1581632,218.0
1581824,223.0
1581968,221.0
1581968,219.0
1582608,225.0
1585296,224.0
1585520,221.0
1585808,220.0
1586288,56.0
1586816,50.0
1588544,223.0
1589008,225.0
1589856,218.0
1592128,223.0
1592944,231.0
1593120,227.0
1593376,216.0
1593472,162.0
1594816,224.0
1595712,223.0
1595744,107.0
1596048,221.0
1596192,220.0
1596528,223.0
1596848,216.0
1596912,227.0
1597120,71.0
1598144,224.0
1598320,225.0
1598448,95.0
1599344,224.0
1599520,216.0
1599616,91.0
1600080,221.0
1600704,223.0
1600768,228.0
1601424,44.0
1601552,174.0
1601904,223.0
1601968,220.0
1603056,220.0
1603584,218.0
1605296,58.0
1606720,226.0
1607200,225.0
1607568,164.0
1608720,219.0
1608848,88.0
1608880,221.0
1610352,50.0
1610656,219.0
1611024,215.0
1611088,162.0
1611104,53.0
1611680,217.0
1612240,219.0
1613104,53.0
1613632,228.0
1615536,96.0
1615888,220.0
1617120,217.0
1617536,160.0
1618080,219.0
1618352,224.0
1618928,189.0
1619024,162.0
1619600,92.0
1620736,41.0
1621120,223.0
1621136,156.0
1621280,95.0
1621408,219.0
1622352,226.0
1622944,218.0
1623888,227.0
1623936,50.0
1624320,223.0
1624352,221.0
1624368,164.0
1624688,222.0
1625216,222.0
1625728,114.0
1626896,224.0
1627488,235.0
1627872,221.0
1627936,223.0
1629328,218.0
1629472,233.0
1630464,222.0
1630944,173.0
1631072,220.0
1631632,229.0
1631776,234.0
1631840,47.0
1632448,222.0
1632480,223.0
1632912,223.0
1632992,223.0
1633040,220.0
1633216,89.0
1633536,217.0
1633744,51.0
1634496,218.0
1634560,225.0
1635056,160.0
1635328,229.0
1635936,95.0
1635984,220.0
1636592,221.0
1636880,228.0
1637200,44.0
1638064,222.0
1638128,222.0
1638416,75.0
1638800,175.0
1639440,218.0
1639616,216.0
1639968,224.0
1640432,220.0
1640464,223.0
1641072,53.0
1641552,56.0
1642432,215.0
1643296,229.0
1643888,166.0
1644032,59.0
1644080,225.0
1645616,223.0
1645824,219.0
1645984,221.0
1647360,216.0
1647440,225.0
1648208,119.0
1649088,178.0
1649248,198.0
1650480,210.0
1651008,227.0
1651152,231.0
1651680,145.0
1653088,222.0
1654064,223.0
1654176,222.0
1654464,220.0
1654816,228.0
1655344,219.0
1655392,217.0
1655648,227.0
1656000,73.0
1656624,220.0
1656688,83.0
1657056,161.0
1657680,225.0
1657888,162.0
1658064,223.0
1658352,220.0
1659248,219.0
1659360,81.0
1660752,230.0
1661360,216.0
1661664,224.0
1661856,43.0
1662896,220.0
1662896,218.0
1663312,88.0
1664112,165.0
1664272,226.0
1664304,94.0
1665440,223.0
1666720,217.0
1667472,46.0
1667776,221.0
1667824,221.0
1667904,226.0
1668160,60.0
1668992,180.0
1669472,280.0
1671152,219.0
1671600,162.0
1672256,166.0
1672640,227.0
1672976,220.0
1673472,220.0
1674688,227.0
1674848,230.0
1675376,224.0
1675888,217.0
1676112,88.0
1676160,219.0
1677104,127.0
1678896,227.0
1679488,69.0
1680576,93.0
1682256,160.0
1684000,107.0
1684400,218.0
1684560,215.0
1684848,231.0
1685376,60.0
1686784,223.0
1687360,225.0
1687648,161.0
1688032,198.0
1688272,16.0
1688416,51.0
1689152,54.0
1689152,45.0
1690048,86.0
1690768,110.0
1691104,162.0
1691216,219.0
1691680,227.0
1692048,225.0
1692912,234.0
1692976,228.0
1693472,88.0
1693600,226.0
1695168,29.0
1695296,163.0
1696032,53.0
1696112,224.0
1696336,213.0
1696992,219.0
1697488,165.0
1698816,218.0
1698848,221.0
1698912,70.0
1699104,114.0
1699840,61.0
1699872,222.0
1700192,73.0
1700848,62.0
1701520,41.0
1702064,225.0
1702176,40.0
1702304,235.0
1702400,223.0
1702416,226.0
1702736,69.0
1702816,163.0
1703008,37.0
1703440,161.0
1703472,224.0
1704160,221.0
1704192,215.0
1704448,106.0
1704640,74.0
1705312,216.0
1706384,210.0
1706560,218.0
1707200,220.0
1707776,225.0
1709088,219.0
1709776,228.0
1710128,228.0
1710800,224.0
1710848,233.0
1711648,94.0
1712368,87.0
1712416,224.0
1712560,109.0
1712816,217.0
1713360,223.0
1713616,49.0
1714400,221.0
1715376,215.0
1715712,49.0
1715936,219.0
1716128,222.0
1716160,224.0
1716880,219.0
1716960,179.0
1717120,218.0
1717168,62.0
1717168,225.0
1717344,214.0
1717968,140.0
1718128,48.0
1719568,226.0
1720224,228.0
1720416,220.0
1720640,66.0
1721456,217.0
1723136,221.0
1723184,221.0
1724000,223.0
1724240,224.0
1724608,97.0
1725216,225.0
1725328,218.0
1726000,109.0
1726016,222.0
1726112,223.0
1726672,217.0
1727216,74.0
1727440,223.0
1727536,220.0
1727696,225.0
1728064,170.0
1728224,223.0
1729536,220.0
1729552,214.0
1730560,223.0
1731760,221.0
1731824,224.0
1733328,220.0
1734144,223.0
1734336,222.0
1734496,217.0
1734608,43.0
1734624,221.0
1735248,217.0
1735264,102.0
1735360,218.0
1736672,181.0
1737488,224.0
1738032,220.0
1738144,219.0
1738800,221.0
1739600,223.0
1739952,222.0
1741312,219.0
1741600,175.0
1741680,220.0
1741872,222.0
1742176,213.0
1743120,232.0
1743184,134.0
1743504,222.0
1744016,217.0
1744736,213.0
1745152,221.0
1745552,229.0
1746160,221.0
1746512,155.0
1746704,203.0
1747376,42.0
1748224,217.0
1749408,225.0
1749552,96.0
1750048,216.0
1750352,226.0
1750352,216.0
1750784,160.0
1751088,95.0
1751392,231.0
1751632,52.0
1751760,220.0
1752128,220.0
1752224,223.0
1753616,222.0
1753728,223.0
1754048,165.0
1755200,222.0
1756528,219.0
1757488,219.0
1757552,218.0
1760048,219.0
1761968,162.0
1762336,222.0
1762848,219.0
1762944,133.0
1763184,162.0
1764528,217.0
1765232,221.0
1765568,163.0
1765808,162.0
1765968,220.0
1766352,218.0
1768176,227.0
1769376,222.0
1770560,220.0
1770736,228.0
1770768,218.0
1770976,159.0
1771216,189.0
1771984,230.0
1772256,218.0
1773200,210.0
1773392,165.0
1773840,218.0
1774544,71.0
1774896,161.0
1774912,52.0
1775568,223.0
1775792,220.0
1776080,221.0
1776224,82.0
1776768,225.0
1777488,227.0
1777600,216.0
1777648,223.0
1777936,227.0
1778928,168.0
1779312,219.0
1779616,161.0
1779696,225.0
1779872,223.0
1780560,42.0
1780736,217.0
1780752,175.0
1781120,220.0
1781200,221.0
1781648,55.0
1783232,218.0
1783840,164.0
1785888,232.0
1786576,165.0
1787328,217.0
1787808,227.0
1787840,221.0
1788640,224.0
1789152,221.0
1789296,159.0
1790480,73.0
1792160,219.0
1792656,107.0
1793104,116.0
1793904,179.0
1794080,224.0
1794112,231.0
1794656,224.0
1794928,224.0
1795584,42.0
1795584,221.0
1796192,220.0
1796416,43.0
1797088,226.0
1797152,224.0
1798752,177.0
1800032,225.0
1801168,160.0
1801568,38.0
1802608,105.0
1802704,221.0
1804208,221.0
1805680,168.0
1806144,234.0
1808736,223.0
1809760,225.0
1810880,69.0
1811088,220.0
1811248,217.0
1811440,221.0
1812672,231.0
1812784,221.0
1814320,177.0
1814624,220.0
1815344,39.0
1815984,220.0
1816992,56.0
1817616,216.0
1817920,219.0
1818128,218.0
1818336,212.0
1818336,217.0
1819280,82.0
1819552,219.0
1820160,218.0
1820384,219.0
1820576,16.0
1821520,224.0
1821824,230.0
1822064,173.0
1822576,225.0
1823072,221.0
1823968,222.0
1824736,211.0
1826176,224.0
1826672,224.0
1827440,168.0
1827488,219.0
1829456,70.0
1830928,214.0
1831824,220.0
1832208,220.0
1833008,221.0
1833040,175.0
1833312,225.0
1833472,225.0
1835232,43.0
1835872,86.0
1836784,216.0
1837008,220.0
1838272,88.0
1839088,50.0
1842624,220.0
1842736,91.0
1842912,224.0
1843168,229.0
1843632,226.0
1843792,161.0
1843808,217.0
1843840,94.0
1843904,213.0
1844096,180.0
1844304,222.0
1844368,90.0
1846320,223.0
1846752,78.0
1847472,226.0
1847648,46.0
1848592,220.0
1848656,21.0
1848832,132.0
1849840,140.0
1849888,222.0
1849904,227.0
1849984,17.0
1850368,225.0
1850688,223.0
1850848,223.0
1851280,163.0
1852816,161.0
1853392,221.0
1853440,220.0
1853536,221.0
1854048,225.0
1854288,224.0
1855680,228.0
1857072,220.0
1857168,95.0
1857696,227.0
1858064,225.0
1858544,219.0
1859888,42.0
1859984,223.0
1860544,223.0
1860640,222.0
1862224,229.0
1862560,161.0
1863168,224.0
1863216,107.0
1863680,219.0
1864224,223.0
1865296,221.0
1865632,73.0
1865872,227.0
1866416,48.0
1866688,219.0
1866976,214.0
1867008,220.0
1868192,69.0
1869936,227.0
1870528,221.0
1870800,213.0
1872544,52.0
1873376,160.0
1873520,223.0
1874064,220.0
1874176,223.0
1874496,224.0
1874672,163.0
1875168,223.0
1875440,219.0
1875632,225.0
1876224,168.0
1876416,60.0
1876896,219.0
1877888,85.0
1878224,124.0
1878256,223.0
1878736,222.0
1878864,223.0
1879552,217.0
1880912,106.0
1881152,226.0
1881296,230.0
1883024,131.0
1883520,138.0
1883648,219.0
1884384,162.0
1884512,92.0
1884880,223.0
1886016,224.0
1887184,220.0
1887200,229.0
1887872,222.0
1889024,220.0
1890960,223.0
1890992,223.0
1891456,164.0
1892576,105.0
1893152,226.0
1893760,226.0
1894016,223.0
1894256,217.0
1894448,188.0
1894544,48.0
1894608,225.0
1895040,223.0
1895280,223.0
1895424,226.0
1895664,223.0
1897360,224.0
1897968,223.0
1898080,225.0
1898640,217.0
1901824,222.0
1901856,221.0
1902192,221.0
1902256,217.0
1902560,222.0
1904224,222.0
1904496,219.0
1904560,225.0
1904592,183.0
1904880,226.0
1905168,220.0
1905296,224.0
1907792,222.0
1908032,56.0
1908672,219.0
1909248,229.0
1909520,216.0
1910752,72.0
1911808,225.0
1912032,225.0
1913792,223.0
1915088,70.0
1915200,220.0
1915824,45.0
1916128,229.0
1916400,224.0
1916416,215.0
1916672,81.0
1916928,223.0
1917408,225.0
1917408,214.0
1917728,157.0
1919456,226.0
1919488,219.0
1919536,214.0
1919648,219.0
1919808,225.0
1920368,230.0
1922624,185.0
1922736,225.0
1923024,222.0
1923776,226.0
1923952,223.0
1924768,55.0
1925712,163.0
1928208,225.0
1928224,187.0
1929312,224.0
1929936,221.0
1930928,227.0
1931440,60.0
1931952,178.0
1932720,173.0
1933424,221.0
1935360,225.0
1935472,219.0
1935648,225.0
1935760,218.0
1936800,216.0
1938208,165.0
1938672,52.0
1938704,221.0
1939008,220.0
1940320,219.0
1940576,220.0
1940736,223.0
1940816,162.0
1941200,54.0
1941600,217.0
1942224,221.0
1942544,220.0
1942704,220.0
1943536,184.0
1945440,70.0
1946240,73.0
1947232,230.0
1948304,222.0
1949328,227.0
1949392,221.0
1949840,224.0
1949872,213.0
1949904,224.0
1950576,89.0
1950800,222.0
1950992,224.0
1951136,222.0
1952048,225.0
1952816,217.0
1952992,221.0
1953472,222.0
1954704,221.0
1955568,53.0
1957008,220.0
1957120,160.0
1958544,160.0
1959104,220.0
1959248,58.0
1959280,92.0
1959328,223.0
1959680,218.0
1960048,229.0
1960432,218.0
1960608,221.0
1962464,219.0
1962688,164.0
1963024,161.0
1963216,162.0
1964144,170.0
1964480,222.0
1965376,33.0
1966480,224.0
1966496,222.0
1967648,72.0
1967680,220.0
1968992,225.0
1969168,223.0
1969184,67.0
1969360,174.0
1969664,226.0
1969792,222.0
1969904,237.0
1969920,221.0
1971152,219.0
1971856,128.0
1972592,224.0
1973280,227.0
1973744,98.0
1974144,225.0
1974752,88.0
1974768,225.0
1975984,71.0
1976192,224.0
1977104,220.0
1977296,196.0
1977360,225.0
1977392,58.0
1978240,217.0
1978592,159.0
1978704,156.0
1979424,226.0
1979600,225.0
1979888,161.0
1980496,72.0
1980656,221.0
1980880,219.0
1981024,88.0
1982336,215.0
1984896,159.0
1985712,130.0
1985792,225.0
1986064,221.0
1986240,157.0
1987136,220.0
1987184,219.0
1987936,224.0
1989136,219.0
1989392,229.0
1989808,58.0
1989952,50.0
1990816,226.0
1991168,81.0
1991456,219.0
1992256,158.0
1992320,159.0
1992928,234.0
1993968,174.0
1994496,223.0
1995184,163.0
1995216,168.0
1996144,219.0
1996192,60.0
1996528,224.0
1997376,68.0
1997776,105.0
1998064,226.0
1998480,166.0
1998752,78.0
1999120,218.0
1999232,43.0
1999840,84.0
2000368,100.0
2001072,43.0
2001408,240.0
2002400,164.0
2002416,224.0
2003104,224.0
2003152,219.0
2003904,49.0
2004224,196.0
2004752,227.0
2005264,88.0
2005616,161.0
2005744,171.0
2006672,219.0
2007680,235.0
2007808,223.0
2008256,164.0
2009216,228.0
2009760,220.0
2009888,101.0
2011312,226.0
2011872,221.0
2012400,221.0
2013344,222.0
2013648,234.0
2013712,225.0
2013728,217.0
2014272,19.0
2014448,74.0
2015104,225.0
2016592,16.0
2017056,41.0
2017232,223.0
2018176,221.0
2018560,37.0
2018816,39.0
2019520,50.0
2019904,180.0
2020336,221.0
2020368,222.0
2020720,89.0
2021056,71.0
2021280,58.0
2021328,225.0
2021680,227.0
2021824,224.0
2021856,32.0
2023008,225.0
2023600,82.0
2023728,222.0
2023904,220.0
2024912,226.0
2024912,43.0
2025328,216.0
2026176,226.0
2026752,160.0
2028128,221.0
2028256,54.0
2028672,86.0
2029104,47.0
2029424,93.0
2029616,222.0
2029872,222.0
2030176,222.0
2032224,221.0
2032448,228.0
2033056,157.0
2033200,223.0
2033488,227.0
2033808,210.0
2036048,163.0
2036464,228.0
2036528,221.0
2037440,56.0
2037600,163.0
2037616,218.0
2038096,88.0
2038992,166.0
2039568,219.0
2039808,173.0
2040048,223.0
2040512,181.0
2040720,54.0
2040848,49.0
2041072,160.0
2041472,59.0
2041888,162.0
2043408,42.0
2043472,228.0
2043552,59.0
2044256,101.0
2044608,224.0
2045056,49.0
2045504,55.0
2045680,85.0
2046560,93.0
2046704,226.0
2046720,222.0
2046960,217.0
2046992,222.0
2047520,163.0
2048192,76.0
2049808,220.0
2050176,215.0
2050944,24.0
2050960,214.0
2051808,214.0
2051856,225.0
2052128,98.0
2052992,223.0
2053344,220.0
2053504,106.0
2053520,159.0
2054032,49.0
2054208,224.0
2054480,166.0
2055360,82.0
2056128,102.0
2057376,73.0
2058752,180.0
2058928,226.0
2059456,223.0
2060944,227.0
2061424,225.0
2062784,156.0
2062880,57.0
2063312,220.0
2063376,104.0
2064592,222.0
2064592,73.0
2065040,225.0
2065280,125.0
2065792,72.0
2066912,220.0
2067120,229.0
2067776,220.0
2068448,222.0
2068448,95.0
2068528,217.0
2068944,228.0
2069376,223.0
2069584,237.0
2070832,143.0
2070880,224.0
2070912,176.0
2071248,225.0
2071296,219.0
2071424,56.0
2071712,103.0
2072448,45.0
2072592,109.0
2072752,93.0
2072960,223.0
2073808,209.0
2074496,223.0
2075472,221.0
2075920,216.0
2076160,226.0
2076512,89.0
2077344,220.0
2077440,221.0
2078704,91.0
2078784,159.0
2078784,210.0
2079136,164.0
2079456,220.0
2080304,52.0
2080480,80.0
2080736,163.0
2081360,88.0
2081376,222.0
2082688,221.0
2082816,122.0
2083856,221.0
2084128,227.0
2084224,217.0
2085408,47.0
2085856,221.0
2086544,150.0
2086864,225.0
2086896,42.0
2087216,225.0
2087632,222.0
2088624,216.0
2088944,57.0
2089008,224.0
2089008,220.0
2089776,221.0
2089840,219.0
2091216,223.0
2091728,200.0
2092192,222.0
2092496,217.0
2092576,222.0
2092944,83.0
2093072,218.0
2094544,222.0
2094816,53.0
2094960,226.0
2095488,158.0
2095712,219.0
2096112,225.0
2096528,215.0
2096560,74.0
2097632,60.0
2098480,219.0
2098592,235.0
2098960,217.0
2100016,217.0
2100512,227.0
2100832,19.0
2100960,124.0
2101056,225.0
2101328,229.0
2101856,229.0
2101904,159.0
2102544,223.0
2103120,163.0
2103488,216.0
2103984,132.0
2104448,217.0
2104576,215.0
2105072,98.0
2105104,159.0
2105152,195.0
2105584,180.0
2106192,92.0
2107664,216.0
2108032,227.0
2108192,220.0
2108592,219.0
2108960,221.0
2109360,227.0
2109968,218.0
2110464,222.0
2111168,90.0
2111712,84.0
2112128,220.0
2112400,218.0
2112592,50.0
2112656,222.0
2114064,49.0
2114080,225.0
2114320,218.0
2114736,213.0
2115360,220.0
2115936,74.0
2115984,74.0
2116144,221.0
2116496,221.0
2117568,217.0
2118384,226.0
2118688,217.0
2118928,222.0
2118944,152.0
2119504,219.0
2121312,163.0
2122000,225.0
2122208,216.0
2122432,218.0
2123072,220.0
2123232,218.0
2123344,92.0
2123360,84.0
2123456,224.0
2123664,19.0
2123776,74.0
2124272,220.0
2124288,219.0
2124368,80.0
2124960,227.0
2125200,226.0
2125968,220.0
2126096,107.0
2126864,219.0
2126976,219.0
2127344,222.0
2127664,112.0
2127792,218.0
2127824,163.0
2128640,158.0
2131344,221.0
2132032,224.0
2133632,99.0
2133632,213.0
2133952,221.0
2134064,216.0
2134272,213.0
2134800,226.0
2135040,226.0
2135664,220.0
2135840,225.0
2136320,167.0
2136400,94.0
2136528,180.0
2136544,222.0
2137680,225.0
2139024,223.0
2139248,223.0
2140144,224.0
2140784,48.0
2140944,45.0
2141296,220.0
2141968,223.0
2142576,221.0
2142848,224.0
2143328,198.0
2143616,44.0
2144496,221.0
2145072,220.0
2145136,112.0
2145296,73.0
2145520,166.0
2145872,74.0
2146416,224.0
2147168,221.0
2147584,72.0
2148080,223.0
2148560,83.0
2151216,89.0
2151312,227.0
2151568,220.0
2151616,220.0
2152448,216.0
2152560,219.0
2152896,219.0
2153216,225.0
2154320,228.0
2154800,217.0
2156144,223.0
2156384,217.0
2158272,44.0
2158496,146.0
2158672,232.0
2159296,104.0
2160208,224.0
2161584,223.0
2161968,216.0
2162448,235.0
2162512,46.0
2162544,218.0
2162640,224.0
2163184,41.0
2165072,217.0
2165536,222.0
2165984,220.0
2166224,229.0
2166720,73.0
2167248,221.0
2167360,220.0
2167424,223.0
2167456,226.0
2167584,215.0
2169520,220.0
2169776,221.0
2169808,73.0
2170128,224.0
2170624,221.0
2170816,222.0
2171024,222.0
2171264,37.0
2173648,223.0
2174448,218.0
2174560,225.0
2174576,215.0
2175056,224.0
2175856,222.0
2176144,97.0
2176672,223.0
2177184,220.0
2177184,222.0
2177344,92.0
2177344,226.0
2177424,227.0
2177888,221.0
2178112,221.0
2178176,222.0
2179840,165.0
2179968,222.0
2180480,216.0
2180528,217.0
2180720,220.0
2180864,136.0
2180960,220.0
2181504,221.0
2181792,39.0
2184976,225.0
2185264,226.0
2185296,221.0
2185936,215.0
2186512,77.0
2187984,219.0
2188368,214.0
2188832,222.0
2188880,77.0
2189152,164.0
2189472,220.0
2189520,221.0
2191888,219.0
2193120,224.0
2193296,218.0
2194560,214.0
2196144,221.0
2196640,221.0
2196832,225.0
2198192,84.0
2198256,170.0
2198448,223.0
2199664,219.0
2199920,223.0
2200352,221.0
2201168,185.0
2201200,52.0
2201232,226.0
2201360,74.0
2202256,219.0
2202816,217.0
2203200,221.0
2203744,220.0
2204784,225.0
2205008,227.0
2205344,157.0
2206272,94.0
2206288,173.0
2206912,225.0
2206992,88.0
2209120,222.0
2209248,16.0
2209664,166.0
2211184,219.0
2212544,38.0
2212720,224.0
2212912,228.0
2213120,222.0
2213232,213.0
2214528,224.0
2215344,49.0
2215648,225.0
2216928,224.0
2218592,97.0
2218896,221.0
2218928,84.0
2219088,220.0
2219232,74.0
2220272,226.0
2220368,196.0
2221168,176.0
2221232,164.0
2221616,167.0
2221888,228.0
2222400,48.0
2222544,227.0
2222576,216.0
2223856,217.0
2225040,77.0
2225888,217.0
2226128,223.0
2227472,230.0
2227488,226.0
2228336,223.0
2230448,229.0
2230992,219.0
2231104,86.0
2231840,215.0
2231856,219.0
2232048,157.0
2232144,224.0
2233056,226.0
2233408,224.0
2233920,216.0
2234432,158.0
2234688,223.0
2235376,219.0
2235424,223.0
2235600,221.0
2236208,224.0
2236736,164.0
2236880,216.0
2236896,225.0
2237936,222.0
2238144,223.0
2238240,221.0
2238720,219.0
2238848,216.0
2239168,218.0
2239360,226.0
2240416,220.0
2240464,222.0
2240976,220.0
2241584,227.0
2242496,227.0
2243584,162.0
2243872,176.0
2243904,217.0
2244288,43.0
2244384,218.0
2244400,163.0
2245616,225.0
2245808,224.0
2246304,222.0
2246576,218.0
2247376,224.0
2247472,223.0
2247936,221.0
2248016,225.0
2249584,224.0
2250448,163.0
2251040,222.0
2251456,219.0
2251472,215.0
2252544,159.0
2254208,222.0
2255024,46.0
2255072,224.0
2255152,216.0
2256256,76.0
2256304,58.0
2256608,215.0
2257440,73.0
2258272,35.0
2258704,221.0
2259584,218.0
2259728,220.0
2260128,219.0
2260640,220.0
2260800,223.0
2260896,161.0
2261936,80.0
2262448,233.0
2262848,221.0
2263728,224.0
2264416,219.0
2264496,162.0
2266464,225.0
2266800,224.0
2267248,219.0
2267520,220.0
2267824,217.0
2269040,220.0
2269504,73.0
2269600,215.0
2270128,228.0
2270432,226.0
2271296,37.0
2272544,218.0
2273104,219.0
2273520,211.0
2273792,222.0
2273808,229.0
2274864,222.0
2275168,224.0
2275328,223.0
2276560,171.0
2277072,221.0
2278752,213.0
2279520,221.0
2279568,89.0
2280304,220.0
2280832,221.0
2280896,171.0
2280976,219.0
2281232,22.0
2281536,173.0
2284416,219.0
2285456,19.0
2286784,156.0
2287088,224.0
2287312,228.0
2287440,222.0
2287472,227.0
2287920,216.0
2288304,225.0
2289040,223.0
2289696,162.0
2289920,229.0
2290128,219.0
2290928,225.0
2290976,220.0
2291136,222.0
2291776,216.0
2291808,228.0
2292752,231.0
2293920,224.0
2294048,227.0
2294320,55.0
2294656,164.0
2294736,221.0
2294768,226.0
2294944,220.0
2296288,220.0
2296992,217.0
2297008,226.0
2297328,221.0
2297840,219.0
2298160,264.0
2298320,223.0
2298560,44.0
2298816,225.0
2300096,95.0
2300288,159.0
2301296,62.0
2301472,221.0
2303088,221.0
2304352,219.0
2304480,221.0
2304992,222.0
2305440,219.0
2305440,96.0
2305776,48.0
2309360,79.0
2311392,222.0
2312096,223.0
2312912,221.0
2312976,43.0
2313536,38.0
2314672,160.0
2315472,226.0
2316128,160.0
2316704,225.0
2316720,221.0
2316960,51.0
2318000,157.0
2319200,62.0
2319264,223.0
2319936,227.0
2320192,222.0
2322000,57.0
2322624,56.0
2322880,225.0
2322944,91.0
2323264,232.0
2323312,53.0
2323792,17.0
2324048,234.0
2325328,72.0
2325568,93.0
2325792,108.0
2325840,161.0
2326000,55.0
2326096,144.0
2327440,83.0
2329760,234.0
2330176,218.0
2330992,221.0
2331088,224.0
2331248,92.0
2331440,229.0
2331456,143.0
2331472,222.0
2331840,218.0
2332464,218.0
2332912,89.0
2333568,131.0
2334992,221.0
2336016,156.0
2336448,220.0
2336880,218.0
2337136,52.0
2337488,222.0
2338528,199.0
2339584,222.0
2339616,228.0
2340704,222.0
2341872,120.0
2343104,59.0
2343648,162.0
2344256,221.0
2344688,92.0
2346256,226.0
2346816,218.0
2346960,58.0
2347072,45.0
2347088,223.0
2348144,219.0
2348704,83.0
2349504,221.0
2349872,225.0
2349936,229.0
2350992,217.0
2351424,220.0
2351600,227.0
2351824,220.0
2352400,82.0
2354176,88.0
2355184,173.0
2355344,223.0
2355392,222.0
2355648,219.0
2356112,48.0
2356960,221.0
2357008,226.0
2357056,120.0
2358928,220.0
2359584,220.0
2359648,220.0
2360160,196.0
2360400,221.0
2360624,220.0
2361200,221.0
2361360,95.0
2361696,172.0
2362064,42.0
2363136,217.0
2363136,225.0
2363712,192.0
2363920,220.0
2364080,226.0
2365584,176.0
2366912,235.0
2367168,222.0
2367632,221.0
2368912,225.0
2369072,217.0
2369616,96.0
2370128,220.0
2370352,226.0
2370432,219.0
2370896,226.0
2371440,229.0
2371680,32.0
2372688,159.0
2373424,40.0
2374064,231.0
2374352,226.0
2374432,220.0
2374688,221.0
2375584,50.0
2375648,218.0
2376112,223.0
2376656,88.0
2377024,224.0
2378016,164.0
2378448,226.0
2378576,220.0
2379184,224.0
2379184,220.0
2379296,164.0
2379648,91.0
2379824,85.0
2380624,162.0
2381616,165.0
2382176,224.0
2382208,217.0
2382368,216.0
2383136,216.0
2384208,221.0
2385136,219.0
2385696,219.0
2386432,224.0
2386736,224.0
2387184,159.0
2387792,223.0
2388352,165.0
2389536,73.0
2392096,55.0
2392560,160.0
2392736,218.0
2392880,224.0
2393040,208.0
2393248,161.0
2393840,221.0
2394096,72.0
2395072,226.0
2395664,222.0
2396176,225.0
2396176,221.0
2396464,223.0
2396608,222.0
2396720,230.0
2397408,222.0
2397648,57.0
2398352,58.0
2398400,218.0
2399232,222.0
2399712,220.0
2400592,225.0
2400896,215.0
2401312,217.0
2401968,222.0
2401984,108.0
2402848,225.0
2403248,221.0
2403392,229.0
2403856,220.0
2404640,225.0
2405184,225.0
2405392,217.0
2405488,219.0
2405632,227.0
2407360,107.0
2407648,59.0
2408192,221.0
2408400,221.0
2408416,218.0
2408768,164.0
2409920,219.0
2409936,48.0
2410544,226.0
2410832,216.0
2411264,44.0
2412192,73.0
2412320,221.0
2412992,49.0
2413072,218.0
2413232,56.0
2413488,221.0
2413488,222.0
2413632,237.0
2414496,228.0
2414896,222.0
2415504,223.0
2416944,215.0
2417088,161.0
2418704,224.0
2419040,227.0
2420480,220.0
2420576,219.0
2420688,225.0
2420960,222.0
2422176,90.0
2422992,48.0
2423056,219.0
2424112,226.0
2424144,221.0
2424512,221.0
2425808,71.0
2426944,177.0
2427184,219.0
2427840,221.0
2429168,219.0
2429296,217.0
2429696,229.0
2429728,220.0
2429968,219.0
2430352,234.0
2430448,221.0
2431936,224.0
2432000,221.0
2433248,221.0
2434000,221.0
2434304,94.0
2434624,164.0
2434992,218.0
2435728,45.0
2437456,221.0
2438288,42.0
2439184,215.0
2439312,227.0
2440560,220.0
2441008,221.0
2441456,88.0
2442144,221.0
2442304,216.0
2442896,223.0
2444624,225.0
2444688,225.0
2445104,229.0
2445232,217.0
2446592,164.0
2446832,181.0
2447120,217.0
2447200,216.0
2448880,154.0
2448912,42.0
2450320,217.0
2450736,225.0
2450752,160.0
2450768,222.0
2451408,221.0
2451456,225.0
2451680,58.0
2452288,224.0
2452480,224.0
2453744,213.0
2455120,231.0
2455744,221.0
2455904,219.0
2455968,73.0
2456096,225.0
2456112,226.0
2458336,162.0
2458384,217.0
2458656,220.0
2459328,164.0
2459328,218.0
2459584,229.0
2459760,166.0
2461904,222.0
2461936,221.0
2462208,228.0
2462944,225.0
2463168,223.0
2463232,218.0
2464096,223.0
2464864,125.0
2465168,226.0
2465552,225.0
2465680,216.0
2465984,84.0
2466688,215.0
2467776,218.0
2468080,223.0
2468368,218.0
2468608,43.0
2469120,222.0
2469536,58.0
2470240,225.0
2470928,40.0
2472176,216.0
2472816,230.0
2473264,228.0
2473360,229.0
2473968,223.0
2474016,235.0
2474848,54.0
2476496,222.0
2476992,226.0
2478320,219.0
2478816,225.0
2479024,226.0
2479216,169.0
2479488,215.0
2480608,111.0
2481712,222.0
2482064,223.0
2482656,226.0
2482960,233.0
2484208,224.0
2484560,218.0
2484640,233.0
2484880,225.0
2485232,219.0
2486304,221.0
2486656,230.0
2487328,218.0
2487376,115.0
2487984,162.0
2488976,221.0
2489792,218.0
2489936,226.0
2491296,160.0
2492064,227.0
2492528,221.0
2492896,159.0
2493360,47.0
2493904,238.0
2493920,223.0
2494416,216.0
2494816,219.0
2495040,79.0
2496032,166.0
2496928,220.0
2497408,218.0
2497488,227.0
2497920,218.0
2498512,19.0
2498768,52.0
2499584,221.0
2500944,220.0
2501008,221.0
2501200,221.0
2501600,60.0
2502256,178.0
2502448,224.0
2502544,214.0
2503312,221.0
2503648,222.0
2504576,222.0
2504624,219.0
2504752,221.0
2505120,219.0
2505872,225.0
2505936,73.0
2505936,163.0
2508144,222.0
2508288,56.0
2510592,218.0
2510832,221.0
2512208,226.0
2513056,220.0
2513936,226.0
2515344,219.0
2515664,223.0
2516320,40.0
2516672,219.0
2517392,164.0
2518384,225.0
2519040,230.0
2519296,91.0
2519392,221.0
2519856,220.0
2520192,219.0
2520560,226.0
2520992,220.0
2522320,222.0
2522768,54.0
2522944,220.0
2523728,220.0
2524080,222.0
2524528,220.0
2525568,226.0
2525744,223.0
2526384,222.0
2526752,43.0
2527568,220.0
2527664,164.0
2527712,122.0
2528352,81.0
2528832,221.0
2528896,73.0
2528976,230.0
2529120,221.0
2529584,216.0
2530080,222.0
2530192,80.0
2530320,222.0
2531424,210.0
2533424,229.0
2535104,221.0
2535472,224.0
2535952,157.0
2536000,219.0
2536304,227.0
2537184,226.0
2538048,53.0
2538352,223.0
2539440,217.0
2539568,222.0
2541360,223.0
2541376,219.0
2542112,221.0
2542496,225.0
2543360,221.0
2543376,220.0
2544480,223.0
2544960,223.0
2545600,157.0
2546624,38.0
2546864,161.0
2547344,221.0
2547568,43.0
2548528,222.0
2549024,222.0
2550048,220.0
2550864,219.0
2551024,215.0
2551264,160.0
2551312,173.0
2551632,154.0
2551760,226.0
2551808,212.0
2552592,222.0
2552720,219.0
2553504,56.0
2554240,162.0
2556208,226.0
2556304,221.0
2556384,228.0
2556976,220.0
2557056,223.0
2557504,220.0
2557824,223.0
2558944,224.0
2558960,222.0
2560528,221.0
2560784,223.0
2561568,165.0
2562304,220.0
2562528,222.0
2562640,230.0
2563584,221.0
2564272,222.0
2564608,74.0
2564736,219.0
2564800,161.0
2564816,224.0
2566304,228.0
2567184,224.0
2567808,220.0
2568288,217.0
2568304,217.0
2568336,224.0
2568624,217.0
2568944,218.0
2569328,220.0
2569888,223.0
2570464,217.0
2570592,221.0
2571728,222.0
2571808,216.0
2571920,223.0
2572080,233.0
2572464,219.0
2572896,222.0
2573040,160.0
2575232,218.0
2575328,219.0
2575696,217.0
2575872,223.0
2576432,220.0
2577312,54.0
2577408,106.0
2578896,228.0
2578944,225.0
2580464,221.0
2582368,222.0
2582496,224.0
2583280,56.0
2583424,229.0
2583520,91.0
2584000,220.0
2584832,51.0
2585360,219.0
2585632,160.0
2585728,223.0
2586384,63.0
2586512,210.0
2587376,158.0
2588784,222.0
2588992,220.0
2589312,218.0
2589824,226.0
2590032,257.0
2590448,222.0
2591072,225.0
2592848,220.0
2593104,229.0
2594064,225.0
2594304,220.0
2594656,223.0
2595264,222.0
2596224,87.0
2597040,229.0
2597936,226.0
2598192,220.0
2598656,226.0
2599424,171.0
2599584,156.0
2600400,213.0
2600512,217.0
2600544,218.0
2600640,224.0
2601040,219.0
2601296,40.0
2601840,82.0
2603888,217.0
2604112,222.0
2604128,161.0
2605232,42.0
2605296,215.0
2605392,221.0
2605968,218.0
2606784,221.0
2607632,219.0
2608112,210.0
2610240,47.0
2611920,41.0
2612080,223.0
2612656,217.0
2612800,216.0
2613616,178.0
2613920,220.0
2614752,228.0
2615392,216.0
2615680,224.0
2616208,221.0
2616240,163.0
2616304,218.0
2616432,218.0
2617280,224.0
2617968,160.0
2619776,222.0
2620768,220.0
2621216,156.0
2621296,208.0
2621568,224.0
2623440,227.0
2624528,221.0
2625184,225.0
2625920,222.0
2626800,219.0
2626944,220.0
2629552,226.0
2629984,218.0
2630080,222.0
2630720,72.0
2631344,162.0
2631888,219.0
2632384,114.0
2632624,116.0
2633472,217.0
2633840,220.0
2634304,222.0
2634544,19.0
2635424,220.0
2635904,219.0
2636112,217.0
2637440,224.0
2638240,227.0
2638736,228.0
2639072,220.0
2639360,225.0
2640304,225.0
2641424,59.0
2643648,231.0
2644896,224.0
2644896,221.0
2644912,224.0
2644976,32.0
2645056,226.0
2645456,227.0
2645536,224.0
2646192,227.0
2648208,225.0
2649104,159.0
2650720,218.0
2650992,222.0
2651968,219.0
2652048,219.0
2652688,223.0
2653424,222.0
2654592,225.0
2654928,47.0
2655424,224.0
2657520,223.0
2658464,220.0
2661456,215.0
2661664,219.0
2662704,220.0
2664960,216.0
2665008,220.0
2665280,16.0
2665328,224.0
2665472,221.0
2666224,219.0
2666448,220.0
2666672,224.0
2667024,218.0
2667872,161.0
2668736,216.0
2669568,223.0
2670368,49.0
2670448,224.0
2670464,43.0
2672480,224.0
2672832,219.0
2672976,224.0
2673504,217.0
2674016,222.0
2674048,223.0
2674624,156.0
2675840,222.0
2676368,220.0
2676576,159.0
2677184,220.0
2677376,225.0
2677600,226.0
2678128,218.0
2678592,225.0
2679168,128.0
2679360,223.0
2680336,93.0
2680752,59.0
2680768,164.0
2682544,224.0
2682656,205.0
2682704,219.0
2684688,225.0
2684720,225.0
2685840,59.0
2686032,217.0
2686208,218.0
2686992,228.0
2688384,230.0
2688400,229.0
2689264,220.0
2689296,55.0
2689456,213.0
2689584,222.0
2689584,160.0
2689792,221.0
2690480,218.0
2690528,220.0
2690784,224.0
2691920,220.0
2692016,163.0
2692688,41.0
2692960,218.0
2693200,225.0
2694032,221.0
2694304,219.0
2695568,225.0
2696384,230.0
2696400,222.0
2696816,225.0
2697600,222.0
2698560,228.0
2699264,224.0
2700352,220.0
2700352,225.0
2701120,74.0
2701696,225.0
2701808,224.0
2702128,222.0
2702672,225.0
2702864,224.0
2703440,218.0
2703520,225.0
2703840,217.0
2704656,220.0
2704768,225.0
2704992,224.0
2705408,224.0
2705648,219.0
2705984,227.0
2706208,220.0
2706960,214.0
2707008,219.0
2707056,225.0
2708896,226.0
2709344,61.0
2709712,232.0
2709792,223.0
2710576,53.0
2710608,91.0
2710624,225.0
2710960,223.0
2711472,160.0
2712864,219.0
2713824,225.0
2713872,223.0
2714048,220.0
2714096,227.0
2714272,230.0
2715888,217.0
2716480,225.0
2717408,223.0
2717408,217.0
2717440,222.0
2717744,222.0
2718544,220.0
2719280,95.0
2719936,226.0
2720064,223.0
2720480,219.0
2721232,222.0
2722032,217.0
2723456,219.0
2723600,220.0
2723680,179.0
2724128,217.0
2725344,218.0
2727664,220.0
2728960,225.0
2729184,220.0
2729296,183.0
2729936,219.0
2731008,221.0
2731520,60.0
2731696,219.0
2731904,223.0
2732880,223.0
2734176,221.0
2734368,221.0
2734560,221.0
2734768,219.0
2735136,224.0
2735216,219.0
2735328,222.0
2735536,220.0
2736464,232.0
2737056,179.0
2737088,215.0
2737984,225.0
2738016,201.0
2740608,219.0
2741248,39.0
2741520,220.0
2741888,220.0
2742176,217.0
2742480,227.0
2742528,219.0
2742560,216.0
2743360,219.0
2744032,96.0
2744224,225.0
2745008,216.0
2745136,225.0
2745440,39.0
2746800,189.0
2747136,223.0
2747520,213.0
2748272,222.0
2749328,219.0
2751008,217.0
2751280,220.0
2752144,223.0
2752416,218.0
2753120,222.0
2753232,215.0
2753408,227.0
2753632,218.0
2753952,223.0
2754400,220.0
2754624,71.0
2755408,220.0
2756032,225.0
2756416,187.0
2757568,217.0
2757904,218.0
2758192,217.0
2758272,227.0
2759456,213.0
2760464,187.0
2760736,222.0
2761168,224.0
2761376,200.0
2761488,223.0
2761888,225.0
2763328,230.0
2763648,224.0
2763680,222.0
2764256,219.0
2766880,221.0
2767440,73.0
2767616,225.0
2768288,224.0
2769024,220.0
2770176,210.0
2770432,221.0
2770528,217.0
2770672,223.0
2770864,221.0
2770944,204.0
2772816,220.0
2773040,222.0
2773264,161.0
2774400,220.0
2774768,222.0
2776000,220.0
2776048,213.0
2776640,62.0
2777488,218.0
2779472,216.0
2779584,229.0
2779936,226.0
2780176,224.0
2780192,222.0
2780224,213.0
2781232,233.0
2782032,112.0
2782304,202.0
2783488,227.0
2784400,217.0
2784880,226.0
2786752,227.0
2789552,224.0
2789728,220.0
2789952,95.0
2790400,221.0
2791536,220.0
2791568,219.0
2791824,216.0
2792080,227.0
2792192,139.0
2792672,218.0
2792976,222.0
2793296,222.0
2793904,218.0
2793920,225.0
2794016,222.0
2794224,221.0
2795392,16.0
2796256,223.0
2796704,98.0
2797472,222.0
2797504,223.0
2797824,224.0
2799072,54.0
2799456,234.0
2800592,225.0
2802512,221.0
2802512,220.0
2802976,219.0
2803632,225.0
2803664,226.0
2804592,219.0
2804624,225.0
2804624,224.0
2806064,221.0
2806352,230.0
2806528,220.0
2807680,223.0
2808160,220.0
2808192,222.0
2808240,219.0
2808608,158.0
2808624,225.0
2809072,161.0
2809488,134.0
2809856,218.0
2810128,224.0
2810832,220.0
2811712,222.0
2812288,93.0
2812608,110.0
2812624,221.0
2814048,223.0
2814368,227.0
2814608,118.0
2815104,211.0
2815648,163.0
2815872,223.0
2816160,221.0
2816688,98.0
2817712,228.0
2818336,219.0
2819328,215.0
2819728,224.0
2820240,56.0
2820896,223.0
2821168,215.0
2821584,227.0
2822016,229.0
2822032,111.0
2822384,220.0
2822560,218.0
2822720,220.0
2822768,223.0
2823232,218.0
2825088,218.0
2825280,203.0
2826080,219.0
2826384,148.0
2826816,223.0
2827024,219.0
2827728,152.0
2828688,223.0
2828736,162.0
2829872,220.0
2830560,220.0
2831840,222.0
2832576,221.0
2835728,218.0
2836080,119.0
2836112,220.0
2837968,229.0
2839104,106.0
2839104,218.0
2839184,227.0
2842160,145.0
2842192,218.0
2843360,229.0
2844944,198.0
2845184,218.0
2845568,221.0
2845648,217.0
2846208,224.0
2846544,198.0
2847008,215.0
2847104,210.0
2848256,224.0
2848480,220.0
2848704,219.0
2848720,227.0
2849120,221.0
2849152,218.0
2849168,222.0
2850016,216.0
2850032,222.0
2850192,91.0
2851712,158.0
2852208,232.0
2852720,43.0
2853280,225.0
2853344,225.0
2853520,218.0
2854288,220.0
2854832,156.0
2855184,216.0
2855760,221.0
2856768,213.0
2857280,94.0
2858912,233.0
2859360,91.0
2859776,219.0
2860272,226.0
2860416,227.0
2862208,94.0
2862608,214.0
2862656,221.0
2863376,224.0
2864160,214.0
2865408,222.0
2865472,219.0
2865792,223.0
2866160,221.0
2868464,220.0
2868944,216.0
2868960,108.0
2868976,223.0
2869696,223.0
2869856,53.0
2870224,211.0
2871792,30.0
2871968,218.0
2872512,220.0
2873632,225.0
2873840,225.0
2874192,228.0
2874608,222.0
2874944,222.0
2875568,235.0
2876096,223.0
2876272,229.0
2876368,189.0
2877760,222.0
2878192,218.0
2878240,226.0
2878960,214.0
2879408,225.0
2879616,219.0
2879808,219.0
2879872,217.0
2880896,225.0
2881088,221.0
2881232,216.0
2881648,215.0
2882752,220.0
2883472,225.0
2884752,184.0
2885328,111.0
2885632,225.0
2885968,112.0
2886400,227.0
2886704,223.0
2886912,216.0
2887008,220.0
2887760,218.0
2887936,162.0
2887984,219.0
2888672,217.0
2889024,78.0
2889424,216.0
2889472,218.0
2889888,217.0
2890064,64.0
2890448,220.0
2890592,223.0
2890704,126.0
2891024,224.0
2891552,222.0
2892704,221.0
2893648,58.0
2895088,60.0
2895104,226.0
2895872,226.0
2896656,222.0
2897056,220.0
2897232,158.0
2899456,223.0
2900864,226.0
2901504,97.0
2901808,125.0
2902176,225.0
2902208,224.0
2902720,227.0
2902768,59.0
2902976,219.0
2903488,163.0
2903504,159.0
2904128,220.0
2904368,231.0
2904672,219.0
2904992,217.0
2905216,223.0
2905744,222.0
2905792,217.0
2906336,225.0
2906976,217.0
2907184,262.0
2907840,221.0
2908160,221.0
2908480,217.0
2909776,161.0
2909904,221.0
2911600,214.0
2912048,219.0
2912464,219.0
2913312,220.0
2914720,223.0
2914944,221.0
2915200,218.0
2915264,228.0
2915520,218.0
2916080,227.0
2916288,219.0
2916544,63.0
2916704,224.0
2917280,136.0
2917856,224.0
2918176,226.0
2919248,223.0
2919648,227.0
2919952,219.0
2920528,218.0
2921968,208.0
2922656,112.0
2923232,226.0
2924640,215.0
2925536,222.0
2925600,218.0
2927200,227.0
2929024,218.0
2929104,222.0
2929168,222.0
2929664,163.0
2930416,224.0
2931472,219.0
2931600,220.0
2932720,225.0
2932768,225.0
2932944,222.0
2933216,221.0
2934528,226.0
2934864,222.0
2935072,216.0
2936240,167.0
2936320,220.0
2936320,221.0
2936816,226.0
2937904,223.0
2939296,222.0
2941920,220.0
2942304,159.0
2942800,218.0
2943344,222.0
2943600,219.0
2945008,223.0
2945120,219.0
2945232,223.0
2947152,221.0
2947376,225.0
2947616,215.0
2948928,219.0
2949184,221.0
2949472,186.0
2950288,223.0
2950592,228.0
2950624,226.0
2950784,226.0
2951232,225.0
2952032,161.0
2954096,119.0
2954816,223.0
2955008,213.0
2955520,217.0
2955824,219.0
2956608,223.0
2956816,169.0
2957248,220.0
2957904,224.0
2958464,215.0
2958656,219.0
2959328,220.0
2960272,221.0
2960544,224.0
2960912,228.0
2961120,165.0
2962176,219.0
2962960,226.0
2965040,223.0
2965088,225.0
2965408,214.0
2965696,222.0
2966320,111.0
2966544,226.0
2967392,224.0
2967440,221.0
2967712,225.0
2968208,219.0
2968544,218.0
2968896,217.0
2969984,214.0
2970992,221.0
2971200,165.0
2971232,219.0
2971808,224.0
2972480,223.0
2973632,225.0
2974208,162.0
2974672,229.0
2974720,219.0
2975664,61.0
2976496,225.0
2977120,220.0
2977360,225.0
2977744,220.0
2977984,219.0
2978496,222.0
2979008,227.0
2979200,220.0
2979712,223.0
2980080,116.0
2980656,221.0
2980688,222.0
2980944,219.0
2980976,225.0
2981232,217.0
2981632,227.0
2982064,123.0
2983168,224.0
2984528,223.0
2984752,219.0
2986672,223.0
2987760,220.0
2987840,219.0
2988048,219.0
2988672,219.0
2989232,223.0
2990784,223.0
2991024,232.0
2991168,222.0
2991840,236.0
2992752,219.0
2993360,136.0
2993408,221.0
2993824,224.0
2993824,221.0
2994960,218.0
2995424,223.0
2996992,226.0
2997184,227.0
2997392,222.0
2997600,40.0
2998304,226.0
2998960,110.0
2999792,219.0
3000576,223.0
3001824,161.0
3001872,222.0
3001968,222.0
3002080,222.0
3003648,228.0
3004048,216.0
3005296,224.0
3005456,168.0
3005696,69.0
3007280,226.0
3008368,228.0
3009552,162.0
3009584,222.0
3010224,162.0
3010480,199.0
3011744,169.0
3012528,216.0
3013072,219.0
3013792,221.0
3014000,219.0
3014416,219.0
3015312,161.0
3015904,220.0
3016256,223.0
3016656,223.0
3016752,225.0
3017104,220.0
3019200,70.0
3020128,223.0
3020144,217.0
3020320,222.0
3020352,219.0
3021104,223.0
3021744,218.0
3022416,224.0
3022480,223.0
3023072,223.0
3023824,216.0
3024320,230.0
3025104,223.0
3025392,227.0
3026720,227.0
3027072,233.0
3027504,229.0
3029472,221.0
3029712,220.0
3029888,225.0
3030624,221.0
3031168,228.0
3031680,224.0
3031808,156.0
3032272,224.0
3032704,226.0
3033472,223.0
3034288,222.0
3034448,108.0
3035200,182.0
3035792,207.0
3038512,222.0
3038912,231.0
3039296,218.0
3039696,223.0
3041712,226.0
3042512,224.0
3042560,197.0
3045216,117.0
3045344,232.0
3045904,223.0
3047088,126.0
3047536,225.0
3047552,223.0
3048704,222.0
3048704,223.0
3049616,56.0
3050032,154.0
3052224,219.0
3052352,224.0
3052368,218.0
3052864,220.0
3053248,220.0
3053632,224.0
3054272,215.0
3054416,94.0
3054752,222.0
3054864,124.0
3055216,186.0
3055776,219.0
3055872,218.0
3056784,220.0
3057408,217.0
3057424,218.0
3060160,187.0
3060160,220.0
3060464,226.0
3062704,221.0
3064224,195.0
3064496,218.0
3064912,224.0
3065088,221.0
3066640,222.0
3067136,222.0
3067536,163.0
3067568,222.0
3068032,220.0
3069856,220.0
3070000,222.0
3070864,219.0
3071040,218.0
3071120,159.0
3071392,218.0
3072880,220.0
3073200,223.0
3073664,224.0
3073840,227.0
3073968,226.0
3074208,219.0
3074272,164.0
3074448,223.0
3074928,220.0
3076240,160.0
3077264,226.0
3077280,219.0
3077424,223.0
3078352,225.0
3078384,215.0
3079024,220.0
3079568,73.0
3079856,225.0
3080720,214.0
3080992,222.0
3081376,218.0
3081744,220.0
3083200,226.0
3083744,136.0
3084256,220.0
3084384,187.0
3084512,219.0
3084576,215.0
3085136,223.0
3085248,218.0
3085968,220.0
3086832,226.0
3087824,185.0
3087856,224.0
3087920,221.0
3088016,224.0
3090336,227.0
3090384,157.0
3090768,222.0
3092336,220.0
3092960,215.0
3094096,167.0
3094352,218.0
3094688,223.0
3095104,217.0
3095248,221.0
3096240,223.0
3096576,225.0
3096656,201.0
3097152,73.0
3097664,166.0
3097952,224.0
3098640,220.0
3098752,159.0
3098928,220.0
3099840,226.0
3100336,229.0
3101520,222.0
3102368,225.0
3102544,225.0
3103296,161.0
3103360,219.0
3106912,225.0
3107520,220.0
3107872,221.0
3108688,221.0
3111040,219.0
3111088,109.0
3111376,163.0
3111824,226.0
3112416,232.0
3112448,230.0
3113040,221.0
3113056,217.0
3114128,220.0
3114640,221.0
3115136,223.0
3116000,221.0
3116240,225.0
3117664,220.0
3117792,219.0
3118304,218.0
3118656,219.0
3119424,217.0
3119504,224.0
3119504,218.0
3121392,224.0
3121728,222.0
3121840,220.0
3122064,225.0
3122320,218.0
3122464,221.0
3122976,221.0
3123328,226.0
3123920,221.0
3124992,224.0
3125232,224.0
3126080,38.0
3126416,214.0
3126848,226.0
3128864,219.0
3130160,227.0
3130320,213.0
3130352,218.0
3131472,160.0
3131504,219.0
3132192,227.0
3132400,228.0
3132448,223.0
3133008,222.0
3133008,224.0
3133136,221.0
3133344,223.0
3133744,223.0
3135728,220.0
3136400,221.0
3136816,216.0
3137248,218.0
3138048,220.0
3138976,164.0
3139904,218.0
3140080,222.0
3140144,72.0
3140176,219.0
3140304,220.0
3140336,219.0
3140640,215.0
3141152,222.0
3142080,215.0
3142848,222.0
3143728,220.0
3145760,221.0
3146288,220.0
3146608,214.0
3147440,222.0
3147808,222.0
3148208,219.0
3148320,159.0
3150384,223.0
3150608,226.0
3150704,228.0
3150944,218.0
3151024,222.0
3151344,220.0
3151792,216.0
3153888,218.0
3154416,218.0
3154944,224.0
3155344,221.0
3156256,161.0
3156432,220.0
3156528,230.0
3156688,218.0
3156880,222.0
3157504,223.0
3158096,228.0
3158192,222.0
3158992,227.0
3159504,63.0
3160144,215.0
3160448,222.0
3161184,229.0
3161216,217.0
3161584,217.0
3162512,219.0
3163472,59.0
3163520,220.0
3164784,222.0
3167360,222.0
3167568,222.0
3168240,214.0
3168336,221.0
3169792,220.0
3170224,218.0
3170528,222.0
3170816,230.0
3171120,221.0
3171680,161.0
3171936,224.0
3172352,218.0
3173376,223.0
3174368,221.0
3174400,218.0
3174544,222.0
3177008,226.0
3177072,166.0
3178720,159.0
3178752,160.0
3179296,215.0
3180032,184.0
3180464,159.0
3181328,220.0
3182176,224.0
3184128,224.0
3184448,217.0
3185056,220.0
3185344,220.0
3185760,219.0
3185792,221.0
3185792,228.0
3185968,222.0
3188000,221.0
3188368,219.0
3188928,223.0
3189024,223.0
3189296,220.0
3189344,221.0
3190256,117.0
3191136,217.0
3191504,217.0
3192432,218.0
3192592,222.0
3194720,223.0
3194960,221.0
3195712,216.0
3196384,217.0
3196416,215.0
3196624,223.0
3196720,217.0
3197248,228.0
3198272,237.0
3198672,222.0
3199232,219.0
3199728,220.0
3200160,220.0
3201920,225.0
3202976,231.0
3203056,226.0
3203488,219.0
3203680,219.0
3204512,211.0
3204528,224.0
3205152,37.0
3205168,131.0
3206640,224.0
3207168,172.0
3207184,230.0
3207408,220.0
3208128,224.0
3208128,225.0
3208528,219.0
3210112,216.0
3210848,226.0
3211632,218.0
3211760,226.0
3211952,213.0
3212512,217.0
3212592,238.0
3212608,222.0
3213776,228.0
3215248,225.0
3215392,226.0
3215792,227.0
3216256,227.0
3216256,228.0
3217024,223.0
3217312,220.0
3217920,219.0
3218096,227.0
3218912,228.0
3218944,221.0
3219296,218.0
3219808,221.0
3220720,158.0
3221600,229.0
3222192,221.0
3222912,227.0
3223024,228.0
3223328,217.0
3224352,226.0
3227088,164.0
3227664,167.0
3227872,219.0
3229296,219.0
3229504,220.0
3230192,221.0
3230688,174.0
3231440,222.0
3231904,161.0
3232800,227.0
3232816,230.0
3233072,222.0
3234512,166.0
3234976,215.0
3235008,222.0
3235472,232.0
3237824,220.0
3237824,226.0
3238688,224.0
3239792,126.0
3240144,217.0
3240848,218.0
3241232,225.0
3241408,223.0
3241552,220.0
3241696,223.0
3242608,219.0
3243472,223.0
3243712,222.0
3245024,225.0
3245584,227.0
3247120,223.0
3247184,122.0
3248048,153.0
3248784,219.0
3249824,218.0
3250480,225.0
3250624,218.0
3250752,222.0
3251488,226.0
3252080,225.0
3253312,159.0
3253376,117.0
3253392,222.0
3254176,221.0
3254464,229.0
3255200,230.0
3255920,224.0
3256912,219.0
3257952,218.0
3258272,225.0
3259072,218.0
3259520,224.0
3259760,226.0
3261520,222.0
3261648,226.0
3261792,221.0
3262512,230.0
3262880,223.0
3263024,222.0
3264064,73.0
3265104,223.0
3265104,222.0
3265984,92.0
3266128,224.0
3266336,226.0
3266624,92.0
3266640,221.0
3266672,227.0
3266864,180.0
3267056,121.0
3267520,215.0
3269344,220.0
3269600,225.0
3269632,218.0
3270112,217.0
3270496,226.0
3272384,224.0
3272480,232.0
3273264,226.0
3273296,217.0
3273712,224.0
3274032,220.0
3274064,181.0
3275904,219.0
3276000,219.0
3276608,213.0
3276800,220.0
3277056,226.0
3278128,221.0
3280032,223.0
3280128,216.0
3280240,226.0
3280320,218.0
3280624,222.0
3281968,107.0
3282112,212.0
3283456,222.0
3283600,222.0
3283968,218.0
3284240,225.0
3284800,224.0
3284928,227.0
3285488,219.0
3286656,222.0
3287040,223.0
3287424,223.0
3287536,217.0
3287936,219.0
3290720,198.0
3290752,225.0
3290816,222.0
3290896,230.0
3290912,221.0
3294320,222.0
3294688,220.0
3295392,218.0
3295632,217.0
3296320,162.0
3297248,222.0
3297584,228.0
3297712,218.0
3298416,72.0
3298528,220.0
3299008,225.0
3299168,220.0
3300416,218.0
3301472,69.0
3301664,230.0
3302400,57.0
3302720,221.0
3303984,222.0
3304848,233.0
3305056,223.0
3305120,230.0
3305584,222.0
3306016,225.0
3306832,221.0
3308000,227.0
3308752,226.0
3309312,224.0
3310080,225.0
3310464,226.0
3313776,225.0
3314304,97.0
3315184,223.0
3317040,229.0
3317360,58.0
3317776,161.0
3318128,217.0
3318192,166.0
3318704,219.0
3319184,225.0
3319216,80.0
3319296,219.0
3319408,221.0
3320352,222.0
3320864,222.0
3321904,162.0
3321968,219.0
3322704,219.0
3322848,226.0
3323888,220.0
3324496,225.0
3324544,229.0
3325296,222.0
3325696,215.0
3327424,63.0
3328096,223.0
3328192,219.0
3328784,222.0
3329680,222.0
3329808,226.0
3330080,78.0
3330864,225.0
3330912,217.0
3331600,220.0
3332160,221.0
3332976,205.0
3333264,215.0
3333696,225.0
3335200,224.0
3335408,106.0
3335680,225.0
3335760,224.0
3336544,224.0
3336656,229.0
3337840,225.0
3338160,221.0
3338192,223.0
3339376,225.0
3339712,223.0
3340432,220.0
3340608,218.0
3342112,223.0
3342880,219.0
3344032,224.0
3344128,173.0
3345216,227.0
3345360,224.0
3346160,50.0
3346272,221.0
3346608,223.0
3347216,198.0
3347504,95.0
3347664,220.0
3347920,226.0
3348912,164.0
3349696,220.0
3350192,221.0
3350224,225.0
3350704,222.0
3351408,217.0
3352016,230.0
3352368,236.0
3354448,189.0
3355648,223.0
3356032,228.0
3356752,216.0
3357504,220.0
3358000,224.0
3358560,216.0
3359248,219.0
3360336,223.0
3360368,224.0
3360432,223.0
3360976,225.0
3361104,224.0
3362048,228.0
3362128,222.0
3362928,223.0
3362960,231.0
3364464,223.0
3364560,223.0
3365504,228.0
3365744,225.0
3367024,217.0
3367344,217.0
3368128,43.0
3370000,227.0
3370304,222.0
3372368,224.0
3372400,222.0
3372736,161.0
3373904,224.0
3374608,221.0
3374720,223.0
3374992,159.0
3375328,221.0
3376192,221.0
3377440,221.0
3377856,227.0
3378144,220.0
3378208,224.0
3379408,218.0
3379840,78.0
3380608,42.0
3380640,59.0
3381024,223.0
3381792,223.0
3382256,156.0
3382432,218.0
3382544,222.0
3383328,218.0
3384272,226.0
3385664,230.0
3385968,220.0
3386464,214.0
3387120,223.0
3389376,220.0
3389440,217.0
3389984,219.0
3390800,229.0
3391840,215.0
3392800,223.0
3394352,221.0
3395184,222.0
3395328,157.0
3395472,226.0
3396560,218.0
3397936,223.0
3398736,221.0
3398832,220.0
3399056,223.0
3400000,224.0
3400272,224.0
3402064,223.0
3402464,223.0
3402528,230.0
3402736,223.0
3403648,222.0
3404480,228.0
3405088,221.0
3405264,199.0
3405664,227.0
3406176,223.0
3407104,221.0
3407120,223.0
3407216,223.0
3407216,222.0
3408656,222.0
3409264,224.0
3409712,220.0
3410768,227.0
3412208,221.0
3412944,223.0
3413328,225.0
3414352,219.0
3415248,222.0
3415680,217.0
3415984,218.0
3416448,224.0
3416512,225.0
3416544,224.0
3418080,220.0
3418880,226.0
3419216,225.0
3419952,218.0
3420224,231.0
3420368,219.0
3420768,203.0
3421408,221.0
3421552,224.0
3421744,217.0
3422800,223.0
3422912,229.0
3423232,46.0
3426000,225.0
3426384,223.0
3427088,226.0
3427472,225.0
3428496,219.0
3428880,225.0
3429216,222.0
3429504,218.0
3429920,220.0
3430224,217.0
3430624,220.0
3432048,221.0
3432400,223.0
3432448,224.0
3433296,220.0
3433776,224.0
3433856,226.0
3434192,222.0
3434544,218.0
3434928,158.0
3435440,220.0
3436080,39.0
3436320,219.0
3436736,158.0
3437392,220.0
3438464,220.0
3438640,225.0
3439600,219.0
3439632,222.0
3439872,221.0
3440320,223.0
3440752,222.0
3440944,221.0
3441360,210.0
3442000,220.0
3442160,217.0
3443360,217.0
3443904,223.0
3444256,218.0
3444944,225.0
3444992,226.0
3445104,220.0
3445456,215.0
3447536,224.0
3447888,215.0
3448848,211.0
3448880,216.0
3449280,218.0
3450144,216.0
3450640,232.0
3451328,219.0
3452192,219.0
3452224,223.0
3452496,227.0
3452832,220.0
3452928,224.0
3453328,50.0
3453616,216.0
3454416,222.0
3454736,222.0
3454912,226.0
3455776,223.0
3456064,222.0
3456512,223.0
3456816,217.0
3458384,227.0
3458512,224.0
3458608,228.0
3459008,136.0
3460096,223.0
3460688,222.0
3461456,219.0
3462064,229.0
3462112,224.0
3462608,218.0
3463120,220.0
3463600,218.0
3464352,228.0
3465568,217.0
3465760,227.0
3466032,223.0
3466048,227.0
3466736,112.0
3466816,222.0
3467952,224.0
3469664,225.0
3469744,217.0
3470352,225.0
3471504,221.0
3472448,226.0
3472560,180.0
3472864,222.0
3473712,227.0
3475440,218.0
3475904,218.0
3475968,219.0
3476400,225.0
3477360,220.0
3477856,167.0
3478448,224.0
3479568,219.0
3479968,218.0
3480480,219.0
3480816,218.0
3483040,218.0
3483168,224.0
3483584,220.0
3484064,223.0
3484416,159.0
3484448,222.0
3485632,221.0
3486512,221.0
3486672,226.0
3487008,217.0
3489200,222.0
3489472,226.0
3490144,226.0
3490384,223.0
3490512,222.0
3491616,224.0
3493744,218.0
3493968,223.0
3494256,221.0
3495088,216.0
3495184,222.0
3497344,220.0
3497568,224.0
3498640,221.0
3498816,222.0
3499344,222.0
3499760,224.0
3499984,217.0
3500912,222.0
3502352,222.0
3502896,221.0
3503312,223.0
3503504,231.0
3503504,223.0
3503680,165.0
3504000,42.0
3506336,217.0
3506928,226.0
3506976,185.0
3507104,224.0
3507152,224.0
3507184,218.0
3507744,215.0
3508192,226.0
3508192,219.0
3508304,219.0
3509904,222.0
3510688,218.0
3511424,188.0
3511696,219.0
3511776,223.0
3511792,224.0
3513984,218.0
3514176,225.0
3515248,221.0
3515712,233.0
3517680,218.0
3517792,218.0
3517952,222.0
3518432,221.0
3518480,219.0
3519104,223.0
3519264,168.0
3520352,220.0
3520672,224.0
3521312,222.0
3521456,218.0
3522000,219.0
3522656,221.0
3524192,219.0
3524320,226.0
3524768,221.0
3524848,136.0
3524960,218.0
3525648,221.0
3526752,221.0
3527984,228.0
3528288,220.0
3529152,226.0
3530240,217.0
3531264,233.0
3531552,222.0
3531840,220.0
3532128,221.0
3532240,222.0
3532368,215.0
3534352,220.0
3534800,159.0
3534848,223.0
3535536,230.0
3536160,217.0
3536336,186.0
3538432,219.0
3538720,124.0
3539056,220.0
3539152,225.0
3539216,217.0
3539472,222.0
3539664,218.0
3539936,224.0
3540192,220.0
3541648,223.0
3542016,223.0
3542112,223.0
3542464,215.0
3543568,221.0
3545184,220.0
3545936,227.0
3545968,218.0
3546256,226.0
3546704,217.0
3548880,163.0
3549056,221.0
3549088,217.0
3549264,227.0
3549568,224.0
3550208,218.0
3550224,227.0
3553696,217.0
3553776,221.0
3553856,224.0
3554832,221.0
3555328,216.0
3556160,223.0
3557088,226.0
3557376,224.0
3557808,224.0
3558016,223.0
3558848,219.0
3559600,220.0
3560224,224.0
3561024,226.0
3561616,224.0
3561824,218.0
3562112,223.0
3562432,176.0
3562464,225.0
3563808,215.0
3565344,219.0
3565360,220.0
3566032,222.0
3566096,228.0
3566448,164.0
3566800,221.0
3568736,227.0
3569104,221.0
3569408,219.0
3569632,220.0
3571216,230.0
3573152,217.0
3573216,224.0
3573520,224.0
3574080,225.0
3574944,225.0
3575200,69.0
3575424,229.0
3576048,220.0
3576272,221.0
3576496,224.0
3576832,225.0
3576944,221.0
3577408,226.0
3577744,222.0
3579584,220.0
3580016,219.0
3580864,219.0
3580992,223.0
3581712,44.0
3582752,166.0
3582832,163.0
3583936,218.0
3584032,222.0
3584432,222.0
3584864,223.0
3585216,218.0
3585680,225.0
3585696,220.0
3586144,228.0
3586624,220.0
3587520,223.0
3588320,215.0
3588720,218.0
3589280,224.0
3589680,220.0
3590208,223.0
3590400,220.0
3592864,223.0
3593424,223.0
3594976,217.0
3595248,241.0
3596416,221.0
3596480,220.0
3596640,225.0
3596992,227.0
3596992,226.0
3597488,219.0
3597904,220.0
3598480,218.0
3599520,231.0
3599984,222.0
3600048,222.0
3600384,211.0
3600432,214.0
3600976,217.0
3601008,223.0
3601456,300.0
3602736,138.0
3604016,223.0
3604640,219.0
3604976,219.0
3605088,219.0
3605184,231.0
3606304,222.0
3606640,221.0
3607536,224.0
3608256,225.0
3608848,228.0
3609792,163.0
3611152,225.0
3611552,159.0
3611760,218.0
3613136,223.0
3613360,222.0
3614384,221.0
3614576,215.0
3615088,220.0
3615280,218.0
3615328,222.0
3616016,224.0
3617312,222.0
3617888,218.0
3618144,222.0
3618816,220.0
3618944,225.0
3619600,223.0
3620208,223.0
3621008,232.0
3621440,217.0
3621968,158.0
3622160,74.0
3622448,218.0
3623792,223.0
3624800,164.0
3625072,221.0
3625568,224.0
3625744,216.0
3626608,220.0
3628784,227.0
3629408,223.0
3632368,223.0
3632656,219.0
3633056,229.0
3634480,215.0
3634560,220.0
3635264,222.0
3635264,229.0
3635808,214.0
3636240,223.0
3636640,223.0
3637392,225.0
3637488,224.0
3637984,218.0
3638784,219.0
3639824,218.0
3639888,220.0
3640144,223.0
3640256,225.0
3640448,224.0
3641072,223.0
3641200,58.0
3641600,225.0
3641744,223.0
3642032,167.0
3642400,221.0
3642992,221.0
3644000,221.0
3645824,226.0
3645840,220.0
3646624,226.0
3646816,222.0
3646848,221.0
3647072,226.0
3647520,219.0
3647920,165.0
3649520,124.0
3649632,227.0
3650384,220.0
3650896,228.0
3651840,229.0
3653248,225.0
3653312,16.0
3653600,217.0
3654000,225.0
3654352,227.0
3655056,222.0
3655360,219.0
3657920,220.0
3658096,223.0
3658528,216.0
3660096,226.0
3660320,220.0
3661072,219.0
3661136,162.0
3661408,225.0
3661488,211.0
3663392,210.0
3663408,223.0
3663440,225.0
3663600,222.0
3664272,222.0
3664688,225.0
3664768,226.0
3664832,220.0
3664928,220.0
3664944,220.0
3665056,222.0
3665104,217.0
3665632,136.0
3666128,157.0
3668256,222.0
3668432,224.0
3668496,225.0
3668608,228.0
3669488,73.0
3669504,210.0
3669712,235.0
3670528,220.0
3670560,218.0
3670720,218.0
3671504,222.0
3672112,225.0
3672128,219.0
3673120,226.0
3673248,220.0
3674064,218.0
3674128,224.0
3674224,218.0
3675024,219.0
3675664,220.0
3675696,161.0
3676832,223.0
3677664,224.0
3677728,224.0
3678096,218.0
3678176,217.0
3678432,212.0
3679056,222.0
3679200,220.0
3679520,223.0
3681232,222.0
3682896,230.0
3683760,222.0
3684048,228.0
3684944,219.0
3685296,221.0
3685472,217.0
3686208,218.0
3686368,216.0
3686640,223.0
3687424,228.0
3688752,215.0
3688880,223.0
3689712,225.0
3690064,231.0
3690176,219.0
3691472,224.0
3691552,215.0
3691792,43.0
3693168,223.0
3693232,218.0
3693536,224.0
3693600,220.0
3694064,219.0
3695024,216.0
3695920,215.0
3697168,226.0
3697200,224.0
3697296,220.0
3697440,224.0
3699312,219.0
3700576,224.0
3700848,221.0
3700928,217.0
3702384,217.0
3703808,221.0
3704064,218.0
3704096,219.0
3704128,219.0
3704432,221.0
3704544,225.0
3704800,160.0
3705664,222.0
3705920,220.0
3705952,223.0
3706720,219.0
3707680,218.0
3707680,221.0
3707712,225.0
3709296,226.0
3709376,224.0
3709504,223.0
3709872,196.0
3711120,230.0
3711296,224.0
3711440,219.0
3712736,214.0
3713584,219.0
3714288,189.0
3714688,222.0
3714912,216.0
3715408,226.0
3716368,222.0
3716368,226.0
3716624,219.0
3716864,224.0
3717792,218.0
3718192,218.0
3718464,221.0
3718672,232.0
3718960,221.0
3719936,222.0
3721936,224.0
3721984,219.0
3722192,219.0
3722384,213.0
3723072,219.0
3724592,55.0
3724880,223.0
3725264,221.0
3725440,217.0
3725488,222.0
3725520,220.0
3725536,221.0
3725792,224.0
3725936,221.0
3726112,19.0
3728832,222.0
3728976,220.0
3729104,225.0
3729136,225.0
3729760,219.0
3730736,221.0
3731424,225.0
3731728,161.0
3731824,215.0
3733552,221.0
3733712,219.0
3734336,224.0
3734720,62.0
3735488,223.0
3736320,222.0
3736752,231.0
3739136,227.0
3740016,54.0
3740848,218.0
3741312,218.0
3741424,223.0
3741936,227.0
3743008,223.0
3743072,172.0
3743600,223.0
3743920,223.0
3744368,219.0
3744448,52.0
3744560,224.0
3745712,235.0
3745984,216.0
3746608,220.0
3746832,224.0
3746976,218.0
3747024,225.0
3747552,226.0
3747584,153.0
3747712,224.0
3748416,219.0
3748480,216.0
3749520,219.0
3750384,221.0
3750464,223.0
3750496,219.0
3751104,163.0
3751248,226.0
3751600,220.0
3752848,222.0
3753936,216.0
3754080,223.0
3755168,222.0
3755312,224.0
3755472,217.0
3757328,214.0
3757472,220.0
3757760,220.0
3758352,223.0
3760256,222.0
3760944,225.0
3761008,220.0
3761296,231.0
3763248,217.0
3763824,222.0
3764464,161.0
3764480,220.0
3764784,221.0
3766160,218.0
3767264,166.0
3767456,226.0
3768032,222.0
3769024,127.0
3769328,227.0
3769504,227.0
3769680,219.0
3770416,222.0
3771616,161.0
3772656,222.0
3772768,219.0
3773056,221.0
3775008,212.0
3775376,219.0
3776224,215.0
3776448,217.0
3776864,223.0
3777776,222.0
3778992,225.0
3779728,215.0
3781312,220.0
3782352,223.0
3782496,218.0
3783280,218.0
3785680,222.0
3785696,234.0
3786832,221.0
3787216,217.0
3787456,218.0
3787792,218.0
3788096,223.0
3789232,220.0
3789248,222.0
3789584,227.0
3789840,163.0
3790304,218.0
3790592,222.0
3790992,220.0
3791648,221.0
3791968,221.0
3793184,224.0
3794000,223.0
3794176,223.0
3794224,222.0
3795488,223.0
3796800,225.0
3796832,219.0
3798736,219.0
3799104,225.0
3799120,220.0
3800352,221.0
3800528,224.0
3801136,224.0
3801920,218.0
3802688,223.0
3803920,222.0
3804848,231.0
3804896,223.0
3804992,197.0
3805952,226.0
3806064,220.0
3806160,216.0
3807328,217.0
3807424,219.0
3807904,201.0
3808656,220.0
3808960,95.0
3809632,222.0
3811104,220.0
3812160,223.0
3812496,220.0
3812592,220.0
3812752,211.0
3813344,222.0
3813504,222.0
3814320,221.0
3815488,214.0
3817072,222.0
3818192,228.0
3819200,217.0
3819424,218.0
3819664,221.0
3820464,220.0
3821120,224.0
3821856,223.0
3822976,219.0
3823952,223.0
3824080,225.0
3824896,58.0
3826608,226.0
3827488,221.0
3827888,164.0
3828720,227.0
3829024,222.0
3829280,220.0
3832560,220.0
3832864,223.0
3834576,125.0
3836096,224.0
3836784,222.0
3837168,220.0
3837248,221.0
3837312,222.0
3838128,220.0
3838480,165.0
3839088,225.0
3839792,187.0
3840256,226.0
3840656,225.0
3840848,224.0
3841728,223.0
3842160,223.0
3843280,223.0
3843360,222.0
3843408,42.0
3844496,220.0
3845568,218.0
3845808,227.0
3846784,221.0
3846880,219.0
3848032,221.0
3849024,222.0
3849120,220.0
3849360,221.0
3850560,223.0
3852864,218.0
3853456,221.0
3853792,218.0
3854016,218.0
3854032,222.0
3855088,219.0
3855216,223.0
3855248,223.0
3857536,218.0
3858096,116.0
3858640,221.0
3858768,221.0
3859792,225.0
3860880,222.0
3861040,218.0
3862112,208.0
3862224,223.0
3862512,223.0
3863328,220.0
3863632,223.0
3864528,219.0
3864592,221.0
3864976,223.0
3865776,221.0
3866016,221.0
3866992,228.0
3867360,220.0
3868112,225.0
3868144,221.0
3868544,222.0
3868912,223.0
3869472,215.0
3869600,218.0
3870720,232.0
3870944,223.0
3871184,221.0
3871728,225.0
3872096,221.0
3872384,223.0
3872544,226.0
3872944,221.0
3873168,222.0
3876464,219.0
3878080,225.0
3878080,237.0
3878640,218.0
3879040,227.0
3879184,216.0
3879648,222.0
3880112,228.0
3880272,219.0
3882032,225.0
3882352,224.0
3882992,218.0
3883232,223.0
3883792,221.0
3883824,221.0
3883872,92.0
3884896,225.0
3885600,222.0
3885904,221.0
3886320,221.0
3886464,216.0
3886624,230.0
3887136,218.0
3889008,222.0
3889040,160.0
3889856,220.0
3889952,217.0
3890160,220.0
3890752,225.0
3890896,227.0
3890992,219.0
3892608,224.0
3893504,162.0
3893760,224.0
3894432,221.0
3894576,223.0
3894976,225.0
3896192,223.0
3896384,225.0
3896752,224.0
3897088,223.0
3897552,72.0
3898224,227.0
3898880,221.0
3899696,133.0
3899840,227.0
3899968,222.0
3900288,230.0
3900656,222.0
3900672,225.0
3900960,219.0
3901712,237.0
3902256,116.0
3903856,222.0
3904160,219.0
3904256,224.0
3904448,217.0
3905104,218.0
3905200,217.0
3907104,225.0
3907392,220.0
3907808,221.0
3908016,222.0
3908432,219.0
3908656,221.0
3909008,221.0
3909392,218.0
3910464,220.0
3911280,222.0
3912000,222.0
3912000,224.0
3912288,226.0
3912480,216.0
3913984,219.0
3914064,222.0
3914496,218.0
3917104,162.0
3917424,219.0
3918608,217.0
3919600,227.0
3921072,227.0
3923104,222.0
3923152,221.0
3923248,134.0
3924800,226.0
3925504,224.0
3926256,220.0
3927792,223.0
3928352,225.0
3929312,222.0
3929840,223.0
3930112,221.0
3930272,222.0
3930464,227.0
3932064,228.0
3933472,228.0
3934064,224.0
3934576,221.0
3935168,229.0
3936928,222.0
3937584,217.0
3937600,218.0
3937648,223.0
3938160,223.0
3938752,223.0
3938768,220.0
3939104,219.0
3940672,220.0
3941120,219.0
3941232,227.0
3941584,224.0
3942080,222.0
3942416,228.0
3944240,221.0
3944784,221.0
3945280,222.0
3945952,214.0
3946368,228.0
3946816,218.0
3947072,222.0
3948304,219.0
3948576,217.0
3949520,223.0
3950608,220.0
3951344,218.0
3951936,219.0
3952160,223.0
3952368,222.0
3953072,221.0
3953424,223.0
3954880,183.0
3955408,218.0
3957488,224.0
3958336,223.0
3958448,221.0
3958928,219.0
3959248,225.0
3960576,224.0
3961056,219.0
3961328,219.0
3962592,228.0
3962816,222.0
3963216,224.0
3964080,218.0
3964560,221.0
3964848,219.0
3965184,222.0
3967312,215.0
3967616,225.0
3967728,220.0
3967792,231.0
3968096,220.0
3969952,164.0
3970208,222.0
3971344,221.0
3971712,223.0
3972592,222.0
3973088,219.0
3974736,222.0
3974848,218.0
3975312,224.0
3975920,130.0
3975984,70.0
3975984,219.0
3976592,221.0
3976864,223.0
3976992,62.0
3978224,217.0
3979488,222.0
3979760,223.0
3979792,223.0
3980144,221.0
3980160,222.0
3980848,225.0
3981728,218.0
3982016,72.0
3982448,223.0
3983072,223.0
3983216,225.0
3983328,220.0
3985328,224.0
3985520,72.0
3985584,221.0
3986016,222.0
3986624,222.0
3987520,220.0
3988224,219.0
3989008,213.0
3989104,223.0
3989968,220.0
3990112,220.0
3990208,223.0
3990336,70.0
3990432,222.0
3991088,222.0
3992704,224.0
3993136,222.0
3993232,222.0
3994032,222.0
3997280,222.0
3997520,222.0
4001168,227.0
4002432,225.0
4003088,223.0
4004688,223.0
4004752,222.0
4006496,223.0
4006880,103.0
4007488,216.0
4007920,222.0
4008880,227.0
4009424,227.0
4010240,233.0
4011680,215.0
4011808,218.0
4011920,220.0
4013264,223.0
4014000,225.0
4015040,224.0
4015104,223.0
4015328,219.0
4015360,223.0
4015392,216.0
4017504,221.0
4017824,162.0
4018128,217.0
4018720,225.0
4018896,222.0
4020256,219.0
4020384,220.0
4020624,189.0
4021456,226.0
4022320,220.0
4022368,216.0
4022480,224.0
4023952,91.0
4024032,215.0
4025904,223.0
4026112,221.0
4027152,19.0
4027792,224.0
4027856,215.0
4027984,185.0
4029568,230.0
4031472,229.0
4031920,222.0
4033136,222.0
4034016,46.0
4034048,160.0
4034496,222.0
4034848,223.0
4035072,222.0
4035248,144.0
4035408,217.0
4035568,228.0
4035840,72.0
4036656,226.0
4036992,227.0
4038560,221.0
4038992,223.0
4039808,218.0
4041072,220.0
4041328,226.0
4042192,16.0
4042528,220.0
4043888,230.0
4045824,227.0
4047904,142.0
4049536,226.0
4050320,221.0
4051632,231.0
4052256,219.0
4052560,222.0
4053568,215.0
4054608,217.0
4055840,223.0
4055904,227.0
4056128,159.0
4056624,222.0
4058112,161.0
4058320,231.0
4059520,53.0
4059584,229.0
4060400,218.0
4060576,119.0
4061040,223.0
4061952,220.0
4062240,224.0
4063296,222.0
4063584,225.0
4064560,219.0
4066768,221.0
4067216,223.0
4069840,200.0
4070368,224.0
4070576,229.0
4070736,219.0
4070800,223.0
4071312,226.0
4073968,300.0
4074144,223.0
4074240,218.0
4074880,222.0
4075584,231.0
4075920,227.0
4077488,200.0
4077696,222.0
4077712,222.0
4077840,160.0
4079696,207.0
4080032,218.0
4081088,220.0
4081344,226.0
4081392,221.0
4082768,220.0
4084896,218.0
4084896,226.0
4084960,225.0
4085872,222.0
4086736,220.0
4088528,226.0
4090016,225.0
4090176,221.0
4090432,226.0
4091792,223.0
4091936,217.0
4092160,226.0
4093296,221.0
4093680,218.0
4093936,229.0
4094336,227.0
4094976,222.0
4095280,217.0
4095664,218.0
4096832,220.0
4097040,116.0
4097504,222.0
4099424,224.0
4099488,165.0
4100656,220.0
4101056,221.0
4101344,218.0
4102064,222.0
4102528,225.0
4102816,220.0
4103088,224.0
4104208,227.0
4104304,110.0
4104592,220.0
4104944,224.0
4105472,212.0
4106464,221.0
4106768,229.0
4107024,224.0
4107744,220.0
4107920,222.0
4108112,219.0
4111296,221.0
4111504,217.0
4111632,219.0
4113216,110.0
4113648,220.0
4114064,220.0
4116672,224.0
4117472,225.0
4117552,217.0
4118560,223.0
4118736,221.0
4119120,223.0
4119152,162.0
4122288,221.0
4124640,222.0
4124704,224.0
4125520,220.0
4125584,225.0
4126032,219.0
4127600,161.0
4127936,219.0
4128864,221.0
4129408,220.0
4129552,219.0
4129776,222.0
4129968,221.0
4131024,220.0
4131072,226.0
4131472,220.0
4132576,211.0
4132992,223.0
4133488,219.0
4135856,196.0
4136912,217.0
4139056,146.0
4139280,224.0
4139776,222.0
4140080,219.0
4141632,222.0
4142992,222.0
4143568,217.0
4145552,215.0
4146064,219.0
4146352,222.0
4147568,223.0
4147568,220.0
4147760,226.0
4148992,88.0
4149024,216.0
4149744,226.0
4149920,222.0
4150320,221.0
4151040,161.0
4151376,220.0
4152576,221.0
4154160,224.0
4154736,161.0
4154880,225.0
4154912,220.0
4155984,215.0
4156176,224.0
4156640,219.0
4156896,221.0
4157024,217.0
4157344,228.0
4157440,220.0
4157680,217.0
4157680,219.0
4158144,216.0
4158432,221.0
4159520,220.0
4160384,226.0
4161136,159.0
4161200,219.0
4161760,225.0
4161984,220.0
4162000,222.0
4163360,224.0
4164064,223.0
4164640,218.0
4164752,221.0
4164944,226.0
4167088,218.0
4168128,225.0
4168368,225.0
4169168,220.0
4170624,220.0
4170720,224.0
4171120,219.0
4171216,219.0
4171552,159.0
4171808,224.0
4172048,229.0
4172144,223.0
4172656,219.0
4174000,224.0
4174320,224.0
4175072,219.0
4177184,222.0
4177616,225.0
4178240,221.0
4178256,218.0
4178688,225.0
4178784,224.0
4180224,58.0
4181824,222.0
4181872,163.0
4182416,228.0
4183840,225.0
4184800,223.0
4184848,226.0
4184992,223.0
4185008,226.0
4185408,220.0
4186192,231.0
4187584,160.0
4188368,222.0
4188400,221.0
4189472,221.0
4190736,223.0
4191968,222.0
4192352,221.0
4193552,163.0
4194640,19.0
4195152,219.0
4196688,221.0
4198208,222.0
4198832,218.0
4199168,221.0
4199680,225.0
4199952,222.0
4200112,222.0
4200560,216.0
4200752,220.0
4202688,227.0
4202784,222.0
4203088,221.0
4203728,216.0
4204128,222.0
4206192,219.0
4206544,219.0
4206672,223.0
4207136,224.0
4207632,218.0
4209680,217.0
4209936,221.0
4210496,222.0
4210592,213.0
4210624,217.0
4212368,222.0
4213136,164.0
4213216,220.0
4213600,225.0
4213824,222.0
4214688,220.0
4216784,227.0
4217344,219.0
4217888,225.0
4218944,225.0
4219056,218.0
4219888,220.0
4220096,184.0
4220432,227.0
4220896,221.0
4221088,224.0
4222080,105.0
4222704,227.0
4223520,224.0
4224016,223.0
4224432,220.0
4224592,218.0
4225168,233.0
4225664,223.0
4226784,222.0
4227024,224.0
4227936,225.0
4228432,225.0
4228704,225.0
4228768,224.0
4228848,223.0
4231168,222.0
4231632,219.0
4232256,188.0
4232464,225.0
4233920,221.0
4233936,222.0
4235168,224.0
4235184,221.0
4235504,221.0
4236016,221.0
4236032,222.0
4236576,218.0
4238720,221.0
4239056,221.0
4239392,224.0
4239728,222.0
4239936,75.0
4240160,223.0
4240640,228.0
4241136,221.0
4242416,209.0
4243088,221.0
4243456,219.0
4243872,218.0
4243904,218.0
4245568,223.0
4245936,221.0
4246624,221.0
4248112,219.0
4248544,225.0
4250096,216.0
4250448,220.0
4250656,222.0
4250976,223.0
4251024,225.0
4251136,161.0
4251152,228.0
4253040,219.0
4253872,224.0
4253968,219.0
4254080,231.0
4254160,218.0
4254528,110.0
4254672,219.0
4255232,222.0
4255328,224.0
4257328,164.0
4257424,221.0
4257728,222.0
4257968,39.0
4258080,221.0
4260128,222.0
4260336,142.0
4261312,223.0
4261728,222.0
4261808,221.0
4263264,195.0
4263664,230.0
4264416,220.0
4264416,223.0
4264800,221.0
4265440,231.0
4265888,219.0
4267424,221.0
4267504,162.0
4269488,224.0
4270368,219.0
4270944,217.0
4271584,225.0
4271984,192.0
4272176,198.0
4272560,219.0
4275312,224.0
4275504,224.0
4275568,223.0
4276128,222.0
4276800,220.0
4277152,223.0
4277856,211.0
4280848,230.0
4281248,218.0
4281648,226.0
4282720,222.0
4282864,220.0
4283728,225.0
4283968,225.0
4284016,197.0
4285648,229.0
4286320,232.0
4287648,221.0
4288400,222.0
4288576,224.0
4289264,225.0
4291040,222.0
4291072,221.0
4291168,219.0
4292496,226.0
4293168,225.0
4294224,218.0
4294704,220.0
4295280,216.0
4296976,223.0
4297264,217.0
4297936,231.0
4298032,225.0
4298208,223.0
4298560,225.0
4298960,228.0
4300800,223.0
4302048,218.0
4302208,227.0
4303152,225.0
4304032,215.0
4304416,223.0
4304608,155.0
4306112,220.0
4306128,219.0
4307312,222.0
4307584,221.0
4307632,219.0
4307888,217.0
4308080,216.0
4308608,218.0
4308720,217.0
4309728,224.0
4309872,116.0
4311104,219.0
4311472,220.0
4311488,224.0
4312208,160.0
4312240,219.0
4312288,166.0
4312784,222.0
4312816,219.0
4314304,130.0
4314560,221.0
4315024,220.0
4315024,221.0
4315936,227.0
4316064,221.0
4316256,216.0
4316368,221.0
4316768,219.0
4317040,227.0
4318128,222.0
4318576,221.0
4318832,224.0
4319472,220.0
4319504,159.0
4319904,227.0
4320016,227.0
4320448,218.0
4321680,221.0
4321840,222.0
4322448,225.0
4322880,216.0
4323088,216.0
4323120,227.0
4323872,213.0
4324112,220.0
4325024,221.0
4325632,224.0
4325712,221.0
4325744,165.0
4326432,221.0
4326560,167.0
4326864,219.0
4327072,224.0
4328016,141.0
4328976,225.0
4329200,162.0
4329216,223.0
4329984,221.0
4330432,222.0
4331392,43.0
4332192,226.0
4332736,219.0
4332912,222.0
4333680,226.0
4335120,125.0
4335168,223.0
4336128,223.0
4336336,224.0
4339568,186.0
4339984,227.0
4340048,221.0
4340688,225.0
4340912,228.0
4342432,227.0
4343024,222.0
4343840,222.0
4344608,226.0
4346704,221.0
4349216,220.0
4349648,227.0
4350192,221.0
4350944,220.0
4351696,223.0
4352144,220.0
4353232,223.0
4353856,218.0
4354304,224.0
4354512,222.0
4354624,225.0
4355088,227.0
4355328,227.0
4356512,230.0
4357312,217.0
4357344,222.0
4357568,229.0
4357904,224.0
4358016,167.0
4358400,51.0
4359312,226.0
4360848,220.0
4361024,221.0
4361168,218.0
4361440,220.0
4361488,216.0
4364416,222.0
4364576,221.0
4365888,222.0
4366864,223.0
4367888,216.0
4368176,224.0
4368480,220.0
4368576,221.0
4369216,222.0
4369376,217.0
4369872,217.0
4370848,219.0
4371744,222.0
4371744,221.0
4372080,218.0
4375040,224.0
4375264,236.0
4375968,223.0
4376512,225.0
4378000,221.0
4378544,218.0
4378704,223.0
4379008,225.0
4379168,216.0
4380352,222.0
4380512,221.0
4381376,229.0
4381472,219.0
4382288,223.0
4382320,223.0
4382544,223.0
4383296,173.0
4383664,221.0
4383872,219.0
4385040,228.0
4386512,229.0
4386912,225.0
4387280,225.0
4388560,223.0
4389440,220.0
4389616,216.0
4390176,219.0
4390896,224.0
4391024,233.0
4392512,219.0
4392976,214.0
4393024,222.0
4393744,223.0
4394112,226.0
4395744,224.0
4396112,224.0
4396384,225.0
4397920,223.0
4398192,220.0
4398272,227.0
4399168,60.0
4399264,219.0
4399360,223.0
4400256,225.0
4401184,162.0
4401936,228.0
4402848,229.0
4402944,223.0
4403008,223.0
4403152,221.0
4403984,224.0
4404208,74.0
4406464,225.0
4406544,224.0
4407392,220.0
4407760,235.0
4408000,220.0
4408368,220.0
4408704,225.0
4409056,223.0
4410016,220.0
4410096,226.0
4411312,221.0
4411408,225.0
4411712,216.0
4412640,223.0
4413568,221.0
4413664,222.0
4413872,223.0
4414176,218.0
4414896,223.0
4415072,223.0
4415712,220.0
4415872,218.0
4416848,216.0
4417216,227.0
4417632,222.0
4417696,219.0
4418176,161.0
4420832,222.0
4421488,218.0
4421968,163.0
4423056,216.0
4424304,221.0
4424352,221.0
4424352,219.0
4424512,220.0
4424896,227.0
4425648,225.0
4427408,218.0
4427840,217.0
4427920,225.0
4428032,229.0
4428304,165.0
4428928,225.0
4430192,220.0
4431280,214.0
4431808,225.0
4431808,218.0
4432256,224.0
4432544,222.0
4432864,223.0
4433616,226.0
4435024,224.0
4435168,219.0
4435312,218.0
4435376,222.0
4435680,227.0
4435792,220.0
4436368,218.0
4437152,220.0
4437856,220.0
4438816,227.0
4438896,223.0
4438960,161.0
4439008,226.0
4439264,223.0
4439680,223.0
4440784,226.0
4440928,224.0
4441408,221.0
4442096,226.0
4442464,227.0
4442544,227.0
4442832,218.0
4443232,221.0
4443232,225.0
4444432,218.0
4445984,216.0
4446032,222.0
4446384,219.0
4446400,222.0
4447296,218.0
4448528,220.0
4449680,226.0
4449680,221.0
4450544,221.0
4450832,220.0
4451376,226.0
4453120,105.0
4453264,216.0
4453280,218.0
4453280,224.0
4453872,220.0
4454000,225.0
4454992,225.0
4456752,218.0
4456816,223.0
4457232,234.0
4457456,223.0
4457696,221.0
4459968,201.0
4460256,218.0
4460400,216.0
4460400,223.0
4460464,221.0
4460656,199.0
4460896,228.0
4463008,162.0
4463936,222.0
4465952,220.0
4466288,222.0
4467472,220.0
4467552,222.0
4467984,218.0
4468672,219.0
4469456,218.0
4469824,220.0
4470176,222.0
4470544,218.0
4470848,222.0
4472064,220.0
4473696,219.0
4474080,223.0
4474384,220.0
4474672,222.0
4474864,225.0
4475584,220.0
4475824,221.0
4475888,223.0
4476624,225.0
4477440,190.0
4477696,219.0
4478336,222.0
4478416,221.0
4479120,224.0
4479344,57.0
4479520,226.0
4481152,219.0
4481184,217.0
4481952,162.0
4482736,225.0
4483008,224.0
4483056,111.0
4483696,218.0
4484672,217.0
4484784,226.0
4485232,220.0
4485536,223.0
4485936,218.0
4486528,219.0
4486544,217.0
4488272,225.0
4489904,226.0
4490752,220.0
4491696,222.0
4491872,225.0
4491888,218.0
4492512,219.0
4493552,222.0
4494320,222.0
4494896,224.0
4495264,222.0
4495424,221.0
4496048,220.0
4496048,223.0
4497136,229.0
4498192,227.0
4498400,218.0
4498816,221.0
4498848,224.0
4500160,226.0
4500832,225.0
4500976,213.0
4501184,225.0
4501248,214.0
4501344,217.0
4502176,163.0
4502384,222.0
4502560,221.0
4504528,221.0
4505088,222.0
4506080,220.0
4507248,222.0
4507280,222.0
4507920,228.0
4508000,216.0
4509248,219.0
4510432,221.0
4510448,223.0
4510752,218.0
4511424,218.0
4512768,219.0
4513024,222.0
4514016,223.0
4514944,215.0
4515392,221.0
4515504,218.0
4515632,222.0
4516336,222.0
4517568,221.0
4517664,226.0
4517840,221.0
4517968,225.0
4518560,222.0
4518736,208.0
4519024,219.0
4520240,223.0
4520464,217.0
4521088,218.0
4521456,225.0
4522304,222.0
4522384,224.0
4523552,221.0
4523808,222.0
4524656,217.0
4525104,221.0
4525184,223.0
4525648,54.0
4525792,217.0
4527376,222.0
4528192,219.0
4529376,223.0
4529952,160.0
4531248,224.0
4531808,219.0
4532272,224.0
4532768,219.0
4533376,221.0
4533504,221.0
4534752,222.0
4534992,233.0
4535280,225.0
4535424,225.0
4535856,226.0
4536336,222.0
4536464,220.0
4536880,218.0
4538320,222.0
4538656,210.0
4540432,221.0
4540624,223.0
4541584,227.0
4541696,222.0
4542096,219.0
4542608,224.0
4542976,220.0
4543552,223.0
4543888,224.0
4544112,217.0
4545136,224.0
4545488,222.0
4545856,229.0
4546192,223.0
4546432,220.0
4546656,229.0
4547472,221.0
4547536,227.0
4548704,222.0
4548880,222.0
4550944,225.0
4551200,225.0
4552128,218.0
4553712,220.0
4554560,222.0
4557712,225.0
4558224,228.0
4558368,228.0
4559088,76.0
4559456,220.0
4560000,219.0
4560496,226.0
4560656,223.0
4560768,218.0
4561248,220.0
4561648,213.0
4563040,223.0
4563504,95.0
4564096,224.0
4566176,219.0
4567600,226.0
4567888,218.0
4568144,222.0
4568480,226.0
4569696,228.0
4571168,219.0
4573520,225.0
4574224,222.0
4575760,216.0
4575760,224.0
4576208,125.0
4576976,215.0
4577360,228.0
4578400,230.0
4578576,223.0
4579232,221.0
4579328,222.0
4580336,220.0
4583408,225.0
4583712,229.0
4585680,217.0
4586064,221.0
4586416,221.0
4586736,223.0
4587264,221.0
4588976,223.0
4589616,221.0
4590064,218.0
4590832,222.0
4592560,212.0
4594000,218.0
4594688,224.0
4595504,221.0
4595856,224.0
4596416,222.0
4596752,220.0
4597232,220.0
4597248,227.0
4598256,222.0
4599296,214.0
4599568,222.0
4600368,225.0
4600704,222.0
4601792,221.0
4602688,224.0
4602992,198.0
4603408,223.0
4604448,225.0
4605152,222.0
4605728,218.0
4606480,217.0
4607552,221.0
4608272,226.0
4608688,220.0
4609744,214.0
4609952,217.0
4610128,223.0
4610272,87.0
4610832,230.0
4611152,19.0
4611360,222.0
4611472,229.0
4611488,222.0
4611504,163.0
4611552,223.0
4611744,227.0
4611872,224.0
4614736,223.0
4615088,225.0
4615104,221.0
4615120,225.0
4615152,143.0
4617072,227.0
4617376,228.0
4618496,217.0
4618720,224.0
4618736,223.0
4618832,232.0
4620672,224.0
4620816,226.0
4621872,228.0
4621904,76.0
4622048,221.0
4622144,216.0
4622288,222.0
4622416,218.0
4622448,225.0
4623552,163.0
4623840,217.0
4624512,230.0
4624800,236.0
4625024,221.0
4625392,219.0
4625424,220.0
4626864,73.0
4627056,218.0
4627360,159.0
4629184,222.0
4629296,215.0
4630896,220.0
4633152,223.0
4633296,220.0
4635616,110.0
4635696,219.0
4636112,225.0
4636736,223.0
4638128,222.0
4639568,220.0
4640192,217.0
4641632,225.0
4642800,220.0
4643216,227.0
4643360,225.0
4643552,224.0
4644864,228.0
4646032,224.0
4646480,224.0
4646784,222.0
4646992,226.0
4647136,223.0
4647456,227.0
4647584,231.0
4649472,227.0
4650048,225.0
4650848,211.0
4652304,220.0
4652368,223.0
4653168,223.0
4653488,217.0
4654480,223.0
4655840,220.0
4657008,219.0
4659472,226.0
4659568,220.0
4660080,160.0
4660464,226.0
4661328,224.0
4661392,220.0
4661552,221.0
4661600,218.0
4661648,19.0
4663728,223.0
4664064,216.0
4664480,164.0
4665040,217.0
4665184,220.0
4665232,226.0
4666336,222.0
4666848,228.0
4667072,216.0
4667664,224.0
4668416,222.0
4668784,224.0
4669552,227.0
4670224,223.0
4670272,164.0
4670448,224.0
4670816,224.0
4671984,222.0
4672560,235.0
4673808,220.0
4674208,219.0
4674352,220.0
4675168,222.0
4676016,220.0
4676064,219.0
4676080,219.0
4676752,228.0
4676944,221.0
4677088,225.0
4677408,221.0
4677536,222.0
4679520,218.0
4679712,226.0
4680704,225.0
4680912,219.0
4681440,221.0
4682352,228.0
4683056,220.0
4683120,222.0
4684592,222.0
4684992,221.0
4686000,221.0
4686176,218.0
4686576,219.0
4686720,224.0
4688160,222.0
4688288,222.0
4688320,222.0
4689536,220.0
4689568,223.0
4689712,73.0
4689776,224.0
4690192,225.0
4691424,227.0
4691696,224.0
4691696,220.0
4691824,220.0
4693104,222.0
4693152,223.0
4693744,221.0
4694944,219.0
4697856,225.0
4699120,225.0
4700320,222.0
4700400,219.0
4700464,223.0
4701376,219.0
4701408,165.0
4702000,99.0
4702640,218.0
4702688,222.0
4702720,225.0
4703856,226.0
4705552,221.0
4705952,220.0
4706128,217.0
4706256,219.0
4706304,223.0
4706368,229.0
4708528,226.0
4709504,221.0
4710880,224.0
4711936,223.0
4713104,224.0
4713264,223.0
4713440,221.0
4714480,224.0
4715504,222.0
4715744,225.0
4716272,227.0
4716336,222.0
4717056,223.0
4717760,107.0
4718352,162.0
4719088,223.0
4719824,221.0
4719856,219.0
4720208,219.0
4720336,160.0
4720672,225.0
4722000,220.0
4722528,225.0
4722656,222.0
4723424,222.0
4723888,221.0
4724208,220.0
4724928,225.0
4725232,225.0
4725504,220.0
4725968,52.0
4727232,218.0
4727408,221.0
4728528,224.0
4728768,220.0
4729488,219.0
4729808,222.0
4730048,220.0
4730464,163.0
4732144,225.0
4732288,219.0
4732480,228.0
4733648,222.0
4734272,229.0
4734512,224.0
4734608,224.0
4735920,226.0
4736000,219.0
4736176,219.0
4737024,221.0
4737296,227.0
4738096,223.0
4738192,223.0
4740704,229.0
4741392,222.0
4743008,221.0
4744352,227.0
4746384,220.0
4746560,112.0
4746592,224.0
4746672,221.0
4746896,222.0
4747136,222.0
4747392,217.0
4747440,187.0
4747728,221.0
4750208,220.0
4750224,226.0
4751600,223.0
4753440,218.0
4753776,222.0
4753792,222.0
4753872,219.0
4754064,228.0
4754864,224.0
4755152,221.0
4756928,217.0
4757296,219.0
4757376,223.0
4758112,224.0
4758416,221.0
4759584,225.0
4759744,233.0
4760512,223.0
4760976,224.0
4760992,225.0
4761024,222.0
4762000,223.0
4762192,218.0
4763296,218.0
4764096,223.0
4764336,219.0
4764720,232.0
4765600,224.0
4766816,219.0
4767936,224.0
4768272,221.0
4768736,227.0
4769040,226.0
4769856,161.0
4772080,163.0
4772240,223.0
4772720,222.0
4774592,218.0
4774752,222.0
4774960,219.0
4775152,228.0
4775728,217.0
4776080,220.0
4777440,220.0
4777504,223.0
4778096,218.0
4779872,223.0
4781056,221.0
4781216,229.0
4782800,223.0
4783040,225.0
4783152,218.0
4783376,218.0
4784160,224.0
4785504,226.0
4785744,223.0
4786304,218.0
4786480,224.0
4786656,218.0
4787744,223.0
4788480,220.0
4788752,228.0
4789712,228.0
4789872,222.0
4790128,227.0
4790576,223.0
4792048,222.0
4792816,228.0
4792944,227.0
4796336,219.0
4798864,226.0
4799472,224.0
4800096,222.0
4800528,220.0
4800752,220.0
4800912,217.0
4800944,220.0
4802160,223.0
4802864,220.0
4803008,220.0
4803504,225.0
4803648,221.0
4804560,227.0
4805248,221.0
4805984,222.0
4806464,224.0
4807296,227.0
4807808,217.0
4808032,222.0
4808768,219.0
4809296,222.0
4809296,220.0
4809872,219.0
4810688,223.0
4810816,219.0
4812224,215.0
4812896,224.0
4813088,218.0
4813600,224.0
4814880,224.0
4815120,233.0
4815280,224.0
4815648,227.0
4816448,221.0
4816912,220.0
4817216,230.0
4818256,162.0
4818880,218.0
4818896,225.0
4819376,222.0
4820000,221.0
4820240,219.0
4820752,220.0
4821424,222.0
4821440,218.0
4822000,222.0
4822224,224.0
4822400,219.0
4822432,220.0
4823392,220.0
4823760,219.0
4824448,228.0
4825040,224.0
4825888,215.0
4826528,224.0
4827280,219.0
4828512,216.0
4829200,225.0
4830448,220.0
4831136,221.0
4831328,222.0
4831568,220.0
4832096,223.0
4832160,227.0
4832816,219.0
4833584,70.0
4833696,221.0
4834624,216.0
4834928,224.0
4835664,218.0
4836288,220.0
4836816,229.0
4836832,236.0
4838112,217.0
4838288,221.0
4838448,219.0
4839856,222.0
4840048,230.0
4840256,220.0
4840432,225.0
4840960,224.0
4841872,221.0
4841968,219.0
4842384,226.0
4842832,223.0
4844000,233.0
4844048,223.0
4844656,218.0
4845984,224.0
4847248,220.0
4847584,220.0
4847632,226.0
4847968,225.0
4849232,231.0
4849824,57.0
4849968,225.0
4850448,220.0
4851152,222.0
4851168,220.0
4852576,223.0
4852944,231.0
4853376,221.0
4853552,219.0
4853552,223.0
4854784,223.0
4855856,225.0
4856080,218.0
4856512,222.0
4856928,221.0
4857152,224.0
4858256,223.0
4858784,221.0
4859424,222.0
4860096,223.0
4860288,209.0
4860368,164.0
4861552,221.0
4861856,224.0
4864288,223.0
4865280,219.0
4869744,227.0
4869888,229.0
4870000,220.0
4870432,226.0
4870976,218.0
4872784,227.0
4873312,220.0
4873984,221.0
4874608,226.0
4875088,223.0
4875568,219.0
4875920,217.0
4875952,230.0
4876480,230.0
4876656,222.0
4876880,222.0
4876912,219.0
4878016,221.0
4878416,226.0
4878464,216.0
4879120,221.0
4879488,222.0
4879984,218.0
4880160,218.0
4880560,227.0
4880720,215.0
4881088,221.0
4881472,59.0
4882032,225.0
4882128,228.0
4883136,196.0
4883200,230.0
4883904,217.0
4884096,220.0
4885296,221.0
4885648,225.0
4885984,217.0
4887600,230.0
4888192,224.0
4889296,227.0
4890336,225.0
4891184,223.0
4891456,222.0
4891888,230.0
4891888,224.0
4892080,189.0
4892880,223.0
4892896,224.0
4893296,217.0
4894848,228.0
4895456,222.0
4895632,221.0
4896784,217.0
4898416,222.0
4898912,218.0
4899056,224.0
4899184,221.0
4900352,231.0
4901056,224.0
4901088,225.0
4902352,230.0
4902528,217.0
4903216,223.0
4903600,223.0
4904400,220.0
4904704,227.0
4905872,165.0
4906112,223.0
4907168,222.0
4907488,221.0
4907536,221.0
4907968,222.0
4908224,224.0
4908288,223.0
4909232,222.0
4909696,223.0
4910768,224.0
4911024,220.0
4912784,221.0
4913216,227.0
4913408,220.0
4914192,223.0
4915344,218.0
4915968,219.0
4916016,170.0
4916256,216.0
4916336,211.0
4916704,217.0
4916864,221.0
4917008,224.0
4918944,225.0
4919536,220.0
4920656,227.0
4921344,221.0
4921712,218.0
4923104,222.0
4923136,224.0
4926000,157.0
4926144,227.0
4926784,227.0
4927440,221.0
4927456,227.0
4928880,224.0
4928976,223.0
4929184,161.0
4929712,222.0
4931264,215.0
4932048,224.0
4932768,223.0
4934576,224.0
4934624,226.0
4934928,228.0
4935408,164.0
4935488,225.0
4935600,221.0
4936784,218.0
4936928,225.0
4938224,163.0
4938448,219.0
4939472,222.0
4940080,226.0
4940304,228.0
4940400,225.0
4940416,222.0
4940752,218.0
4941664,220.0
4941712,217.0
4941744,169.0
4941776,220.0
4942512,220.0
4943024,221.0
4943344,225.0
4943648,222.0
4943952,227.0
4943952,220.0
4944016,225.0
4944032,221.0
4944624,223.0
4945296,221.0
4945584,227.0
4946112,224.0
4946672,227.0
4946928,223.0
4947568,220.0
4947600,223.0
4947920,221.0
4949200,225.0
4950496,164.0
4950528,224.0
4950864,228.0
4951024,218.0
4951184,223.0
4952544,229.0
4952624,221.0
4954896,70.0
4955200,220.0
4956000,215.0
4956240,225.0
4956720,164.0
4957968,220.0
4958320,221.0
4958544,227.0
4959440,219.0
4959568,222.0
4960288,222.0
4961520,221.0
4962016,216.0
4962288,220.0
4962512,221.0
4962576,228.0
4963104,220.0
4963232,219.0
4963568,223.0
4965360,222.0
4966112,225.0
4966128,225.0
4968368,227.0
4968912,221.0
4969376,224.0
4970112,224.0
4971920,221.0
4972432,219.0
4973216,225.0
4973376,222.0
4974304,218.0
4975504,221.0
4977296,226.0
4977392,224.0
4977424,224.0
4979536,222.0
4979744,222.0
4980896,224.0
4981360,217.0
4982720,223.0
4983248,218.0
4983936,222.0
4984048,227.0
4984096,223.0
4984736,218.0
4986624,219.0
4986864,225.0
4987072,216.0
4987184,225.0
4987728,226.0
4988064,225.0
4988144,226.0
4988288,221.0
4989744,219.0
4990304,219.0
4990416,221.0
4990768,223.0
4991072,224.0
4991616,224.0
4991856,222.0
4992016,218.0
4993968,228.0
4994016,224.0
4994240,226.0
4994848,182.0
4994864,225.0
4996208,223.0
4996624,162.0
4996976,226.0
