step,value
272,0.07610416412353516
320,0.0723538026213646
384,0.06541892141103745
400,0.09338738769292831
688,0.0751265436410904
688,0.05939244478940964
720,0.07500714808702469
784,0.07382598519325256
816,0.08645201474428177
864,0.05897116661071777
960,0.08882737904787064
1040,0.06839469820261002
1040,0.062444061040878296
1248,0.054477956146001816
1264,0.07748761028051376
1344,0.06336706131696701
1472,0.06830605119466782
1584,0.06409081816673279
1616,0.07602928578853607
1744,0.08491136133670807
1888,0.07600574940443039
1904,0.07731378078460693
1920,0.08703605085611343
1968,0.07154034823179245
2096,0.07647018134593964
2192,0.0773492231965065
2336,0.07803826034069061
2352,0.09725884348154068
2416,0.06131553649902344
2464,0.07555681467056274
2544,0.08735597878694534
2560,0.0876043438911438
2672,0.06151194125413895
2688,0.07974550873041153
2720,0.0652451366186142
2832,0.07190940529108047
2896,0.07916959375143051
2944,0.07544147968292236
2976,0.07407697290182114
3008,0.06638321280479431
3008,0.07419219613075256
3184,0.07860913872718811
3344,0.0585232675075531
3408,0.0737927109003067
3504,0.06241689622402191
3520,0.08043073862791061
3552,0.05934532731771469
3696,0.06254274398088455
3744,0.07413513958454132
3808,0.07478876411914825
3872,0.05800928175449371
3904,0.05108048766851425
3920,0.07053163647651672
4016,0.07963640987873077
4080,0.07528553158044815
4096,0.07495374977588654
4128,0.05943336337804794
4224,0.07656042277812958
4304,0.06314773112535477
4320,0.06407025456428528
4336,0.0636373907327652
4480,0.0851309597492218
4576,0.09633532166481018
4592,0.07533925771713257
4624,0.07835139334201813
4800,0.058882515877485275
4912,0.06459363549947739
5264,0.06698541343212128
5312,0.063487708568573
5520,0.07727500051259995
5600,0.07161839306354523
5616,0.07250005751848221
5664,0.060069337487220764
5712,0.0916973128914833
5712,0.07376079261302948
5728,0.06390107423067093
5920,0.06627122312784195
5920,0.06392370164394379
5984,0.06587929278612137
6000,0.062162794172763824
6032,0.06627844274044037
6064,0.07571743428707123
6112,0.07783963531255722
6128,0.09254065155982971
6144,0.07936771214008331
6208,0.07433638721704483
6272,0.0829409584403038
6352,0.06648419052362442
6416,0.07809538394212723
6496,0.0565904900431633
6544,0.0842605009675026
6688,0.06052880361676216
6720,0.060237351804971695
6800,0.0616481713950634
6960,0.06630699336528778
6992,0.05644300952553749
7104,0.0706537589430809
7232,0.08142296224832535
7232,0.09527791291475296
7392,0.07061620056629181
7552,0.0741627961397171
7696,0.07036503404378891
7696,0.08259930461645126
7760,0.078387051820755
7808,0.07028345763683319
7856,0.08408118784427643
8016,0.1016835942864418
8304,0.06563398241996765
8336,0.09413798898458481
8384,0.05921070650219917
8400,0.08356836438179016
8416,0.044381946325302124
8496,0.07584743201732635
8528,0.07420961558818817
8688,0.07645765691995621
8704,0.06566370278596878
8928,0.08452951163053513
8976,0.06652243435382843
8976,0.05535378307104111
9072,0.07566210627555847
9072,0.06550607085227966
9120,0.08235345780849457
9136,0.08153478056192398
9168,0.08481858670711517
9248,0.08526796847581863
9264,0.06529805064201355
9360,0.07513748109340668
9472,0.07350822538137436
9488,0.0725005716085434
9488,0.06396175175905228
9488,0.07899042963981628
9536,0.07795620709657669
9600,0.07902765274047852
9760,0.08500657975673676
9792,0.05563511699438095
9872,0.07846202701330185
9872,0.063658207654953
10128,0.07672097533941269
10320,0.07348550856113434
10400,0.08141665905714035
10512,0.07363446056842804
10544,0.06307917088270187
10576,0.0967361256480217
10656,0.04586946219205856
10704,0.045512810349464417
10800,0.10208134353160858
10816,0.04865469038486481
10912,0.0734257847070694
10976,0.07377468049526215
11040,0.08231135457754135
11232,0.0791449099779129
11232,0.07430803775787354
11376,0.08136571198701859
11376,0.07744701951742172
11392,0.0817410796880722
11392,0.06611069291830063
11600,0.07471979409456253
11600,0.0793573409318924
11712,0.08007092028856277
11792,0.07526193559169769
11824,0.09471588581800461
11984,0.08179397881031036
12000,0.07883652299642563
12160,0.06218328699469566
12160,0.07423615455627441
12192,0.08257254958152771
12304,0.0970161184668541
12352,0.06956334412097931
12432,0.06402947753667831
12448,0.08047697693109512
12480,0.07869583368301392
12736,0.05837003141641617
12784,0.07414072751998901
12832,0.0828239768743515
13040,0.07208415120840073
13312,0.07772917300462723
13392,0.07207123935222626
13472,0.06592295318841934
13488,0.06218259036540985
13584,0.07014691084623337
13680,0.06310787051916122
13808,0.07436281442642212
13808,0.11640215665102005
13872,0.08459967374801636
13968,0.07039739191532135
14080,0.07034306228160858
14256,0.0791550800204277
14272,0.07780556380748749
14320,0.07025834918022156
14432,0.048976242542266846
14544,0.07563043385744095
14656,0.05470767989754677
14720,0.06797995418310165
14720,0.07790573686361313
14912,0.05992218479514122
14928,0.07788893580436707
14976,0.07604677230119705
14976,0.07421232759952545
15120,0.0764402449131012
15152,0.06577277183532715
15200,0.06249213591217995
15216,0.09469136595726013
15232,0.059165362268686295
15312,0.07447785884141922
15488,0.06485921889543533
15616,0.07347891479730606
15696,0.06601528823375702
15888,0.08359099179506302
15904,0.08351457864046097
15968,0.06929846107959747
16272,0.08149311691522598
16416,0.0751488208770752
16432,0.06510066241025925
16464,0.07548444718122482
16480,0.07019530981779099
16560,0.06512688845396042
16688,0.06205723434686661
16704,0.06404434889554977
16752,0.0775512307882309
16992,0.07936980575323105
16992,0.09863395243883133
17024,0.06408647447824478
17136,0.05245114862918854
17152,0.07827877998352051
17328,0.048273488879203796
17344,0.07742933183908463
17408,0.08026907593011856
17584,0.07774107158184052
17728,0.0555105097591877
17744,0.0655607208609581
17840,0.056345295161008835
17952,0.05940426141023636
17968,0.0709804967045784
18016,0.08579158037900925
18144,0.09182805567979813
18240,0.06722871959209442
18304,0.05153430253267288
18304,0.05975239351391792
18352,0.07455755770206451
18416,0.0699339359998703
18480,0.05319591239094734
18496,0.06934402883052826
18624,0.05871213600039482
18816,0.06387490779161453
18880,0.06327177584171295
19040,0.0940927043557167
19072,0.07491732388734818
19088,0.04978194832801819
19152,0.08969548344612122
19264,0.0816078707575798
19328,0.08229905366897583
19344,0.08134297281503677
19376,0.06708534061908722
19376,0.06461890041828156
19392,0.06400604546070099
19424,0.06558619439601898
19440,0.06234457716345787
19472,0.06583067774772644
19616,0.0741424709558487
19760,0.10240978747606277
19920,0.07060274481773376
19936,0.08326515555381775
20064,0.06321554630994797
20144,0.06040727719664574
20304,0.050367433577775955
20496,0.07559075206518173
20512,0.06321323662996292
20544,0.05239204689860344
20592,0.0785161629319191
20608,0.07477845251560211
20640,0.08072450011968613
20768,0.07179559767246246
20816,0.08715708553791046
20880,0.06001977249979973
20992,0.06484446674585342
21024,0.07000794261693954
21072,0.07309436053037643
21120,0.05836329236626625
21168,0.07764402031898499
21312,0.06411252170801163
21392,0.07356224209070206
21408,0.07889074832201004
21520,0.07499980181455612
21664,0.0773136094212532
21744,0.07381325215101242
21808,0.07819312065839767
21856,0.06082236394286156
21904,0.08458923548460007
22000,0.08018858730792999
22000,0.06775496900081635
22080,0.0904250517487526
22192,0.07884496450424194
22192,0.07548655569553375
22208,0.06651363521814346
22304,0.12162158638238907
22336,0.08332289010286331
22416,0.05232655256986618
22464,0.07516028732061386
22528,0.06627736985683441
22528,0.06982951611280441
22576,0.06635531783103943
22720,0.07665754854679108
22880,0.07719641923904419
22960,0.05519508942961693
22960,0.06216432526707649
23040,0.07149197161197662
23168,0.07536527514457703
23184,0.07613998651504517
23200,0.06412958353757858
23200,0.0841786190867424
23280,0.06698842346668243
23456,0.0982820987701416
23536,0.0740947499871254
23552,0.07726375013589859
23600,0.09375732392072678
23712,0.06411199271678925
23744,0.06444497406482697
23840,0.06414943188428879
23888,0.087179996073246
23904,0.08125346153974533
24064,0.07503107935190201
24112,0.0884600356221199
24128,0.06400730460882187
24176,0.052216269075870514
24224,0.07486129552125931
24352,0.07538659125566483
24400,0.06493362784385681
24528,0.06576590985059738
24528,0.09277947247028351
24592,0.07826279103755951
24640,0.07079807668924332
24656,0.06377479434013367
24720,0.07142169773578644
24848,0.07065519690513611
25088,0.07864948362112045
25120,0.053473666310310364
25136,0.08374009281396866
25136,0.08343765139579773
25168,0.07423467189073563
25296,0.06535304337739944
25312,0.07748686522245407
25328,0.06350918114185333
25360,0.08228186517953873
25440,0.0641239732503891
25456,0.06724075973033905
25568,0.07086202502250671
25648,0.0640278309583664
25712,0.04837603121995926
25728,0.06110036000609398
25760,0.0667676031589508
25776,0.0752083957195282
26048,0.06914617866277695
26112,0.05491767078638077
26352,0.07243496924638748
26448,0.08014064282178879
26480,0.06642019748687744
26512,0.04908394813537598
26528,0.07230129092931747
26800,0.0729023739695549
26816,0.08035795390605927
26848,0.05953851342201233
26864,0.07089551538228989
26880,0.10399877279996872
26912,0.10230351239442825
26944,0.06715446710586548
26992,0.04917469620704651
27104,0.05965718626976013
27264,0.0704272985458374
27264,0.0825023502111435
27376,0.06642766296863556
27520,0.08748619258403778
27520,0.07837533950805664
27568,0.07547563314437866
27632,0.06989367306232452
27744,0.07027337700128555
27888,0.06197524815797806
27984,0.08232247084379196
28016,0.07136771827936172
28272,0.06542883813381195
28352,0.0655132606625557
28368,0.07444524019956589
28480,0.06025708094239235
28672,0.07405731081962585
28672,0.07025810331106186
28672,0.0680215135216713
28752,0.10265235602855682
28832,0.09290434420108795
28896,0.06460121273994446
28960,0.0865677073597908
28960,0.06471549719572067
28992,0.07573050260543823
29008,0.07142049819231033
29008,0.04743177816271782
29088,0.08917916566133499
29216,0.07172050327062607
29392,0.0861658900976181
29440,0.07235551625490189
29520,0.06552284955978394
29584,0.06905819475650787
29616,0.061574820429086685
29632,0.05579466372728348
29680,0.05516844242811203
29904,0.07658068090677261
29920,0.09322045743465424
29920,0.09603001177310944
29936,0.07068690657615662
29968,0.07231777906417847
29968,0.07507859915494919
30032,0.08152544498443604
30080,0.06328625977039337
30160,0.09176919609308243
30224,0.08575732260942459
30288,0.09241891652345657
30288,0.07563414424657822
30432,0.08417412638664246
30464,0.10157273709774017
30464,0.08468849211931229
30496,0.06964001804590225
30672,0.0747254267334938
30768,0.08154173195362091
30848,0.08802963048219681
30928,0.05667717009782791
31280,0.055837761610746384
31312,0.07416755706071854
31328,0.08069072663784027
31328,0.0769750252366066
31344,0.06873959302902222
31440,0.0771743580698967
31536,0.07899367809295654
31536,0.0792926475405693
31648,0.07569576799869537
31840,0.06960723549127579
32064,0.07469460368156433
32112,0.08180239051580429
32144,0.0763416588306427
32160,0.06949520856142044
32208,0.0886792317032814
32480,0.08853606879711151
32624,0.0580078586935997
32720,0.07182800024747849
32928,0.0805867463350296
32928,0.07735370099544525
32960,0.08795858174562454
33024,0.07676196843385696
33088,0.09516686946153641
33104,0.08417031168937683
33280,0.07610185444355011
33312,0.07689005881547928
33376,0.08168111741542816
33488,0.09306872636079788
33504,0.06692246347665787
33536,0.0684117004275322
33584,0.08231382817029953
33600,0.06902003288269043
33696,0.061974454671144485
33808,0.10397069901227951
33952,0.05971499904990196
34000,0.05930711328983307
34048,0.09236026555299759
34208,0.08135177195072174
34304,0.08966168761253357
34336,0.07112596184015274
34464,0.06362029165029526
34640,0.09341660141944885
34656,0.09980260580778122
34688,0.056649014353752136
34720,0.07579225301742554
34784,0.06630218029022217
34816,0.07510704547166824
34976,0.06402143836021423
35040,0.05521189421415329
35392,0.056019995361566544
35392,0.0743064135313034
35504,0.07588427513837814
35520,0.07587333023548126
35680,0.06795516610145569
35712,0.09015458077192307
35856,0.061914313584566116
35984,0.07211093604564667
36128,0.07332793623209
36208,0.07661060988903046
36336,0.07734113931655884
36352,0.06951376050710678
36384,0.07330343872308731
36416,0.06653160601854324
36416,0.07672794163227081
36496,0.07432638853788376
36560,0.08239011466503143
36624,0.06672752648591995
36656,0.06176863610744476
36688,0.10142164677381516
36736,0.08726600557565689
36768,0.0883011445403099
36784,0.07542551308870316
36880,0.08345115184783936
37056,0.09628568589687347
37072,0.08417797833681107
37104,0.06424955278635025
37216,0.07555284351110458
37328,0.09538483619689941
37408,0.0866033285856247
37472,0.0795058161020279
37632,0.0726310983300209
37648,0.07060268521308899
37776,0.09154129028320312
37920,0.08856800198554993
37984,0.06916424632072449
38080,0.0805426687002182
38096,0.07222217321395874
38128,0.06808891147375107
38240,0.07421984523534775
38240,0.07170457392930984
38288,0.07093463093042374
38336,0.04366679489612579
38384,0.056545060127973557
38448,0.06325261294841766
38608,0.0671662986278534
38720,0.0625501275062561
38752,0.09160257130861282
38768,0.10149163007736206
38832,0.07104925811290741
39056,0.08123433589935303
39104,0.06399135291576385
39136,0.07614706456661224
39280,0.06804298609495163
39424,0.08653584867715836
39456,0.06592477858066559
39488,0.06449829787015915
39840,0.10151445865631104
40000,0.07247006893157959
40112,0.06989321857690811
40112,0.05520172044634819
40128,0.06566053628921509
40240,0.08208653330802917
40256,0.07679858058691025
40320,0.06381841003894806
40336,0.08484349399805069
40400,0.07185965776443481
40416,0.06171343848109245
40464,0.08834332972764969
40592,0.07120484113693237
40608,0.06387452036142349
40624,0.0772789865732193
40736,0.0968032032251358
40768,0.061609089374542236
40880,0.06614070385694504
41088,0.05456513538956642
41104,0.08036380261182785
41264,0.046017926186323166
41344,0.10641545057296753
41744,0.09607843309640884
41808,0.07629112154245377
41824,0.07145392149686813
41856,0.08334442228078842
41872,0.058524735271930695
41888,0.06015756353735924
42160,0.06198403239250183
42432,0.10612723231315613
42448,0.07888916879892349
42464,0.07296635210514069
42560,0.07057026028633118
42736,0.07630899548530579
43024,0.07491031289100647
43088,0.08404072374105453
43296,0.07423672080039978
43296,0.047077544033527374
43360,0.07115742564201355
43376,0.08373894542455673
43424,0.06498619168996811
43472,0.07552726566791534
43616,0.07608813792467117
43632,0.07015836983919144
43760,0.07455263286828995
43904,0.057587895542383194
43920,0.08941977471113205
44032,0.06912758946418762
44128,0.08969088643789291
44176,0.0744481235742569
44208,0.06516323983669281
44240,0.08369484543800354
44416,0.061765678226947784
44560,0.10100149363279343
44576,0.07080075144767761
44592,0.06384003162384033
44592,0.08380144834518433
44624,0.08266367763280869
44624,0.06979816406965256
44736,0.08155133575201035
44752,0.07379818707704544
44800,0.0929970070719719
45008,0.07137847691774368
45104,0.08630526065826416
45136,0.04282597824931145
45168,0.07876608520746231
45216,0.0698038712143898
45216,0.09476932883262634
45232,0.08280760794878006
45248,0.06158117949962616
45328,0.05003880336880684
45424,0.07574290782213211
45536,0.0832519605755806
45568,0.092265784740448
45616,0.08258116990327835
45680,0.05687958747148514
45824,0.06844556331634521
45968,0.08832590281963348
45984,0.05585804954171181
46000,0.08226382732391357
46112,0.07392209023237228
46128,0.07507900148630142
46288,0.07414103299379349
46416,0.06564982235431671
46416,0.10701274126768112
46448,0.07497753202915192
46544,0.06096780672669411
46624,0.09638998657464981
46688,0.0781659483909607
46720,0.07901167869567871
46832,0.09355270862579346
46880,0.08897178620100021
46928,0.10116712003946304
46976,0.0644494816660881
47056,0.09663999825716019
47120,0.05602123215794563
47152,0.09430091083049774
47152,0.09106270968914032
47280,0.08932652324438095
47344,0.07929142564535141
47360,0.08198908716440201
47408,0.05660606920719147
47616,0.06770303100347519
47744,0.06742366403341293
47840,0.1017557829618454
47872,0.06767947226762772
47872,0.07625921815633774
47920,0.05782611668109894
47920,0.07520607113838196
48064,0.06531123071908951
48128,0.08041421324014664
48160,0.07593491673469543
48224,0.06646189093589783
48288,0.07935480028390884
48320,0.06432027369737625
48320,0.08120953291654587
48368,0.057591479271650314
48496,0.05162500590085983
48640,0.05782701075077057
48656,0.0777408704161644
48656,0.04420021176338196
48736,0.06847361475229263
48768,0.07582493126392365
48816,0.07467593252658844
48816,0.07573187351226807
48816,0.07571741193532944
48896,0.054825808852910995
48944,0.0754496306180954
48976,0.07423420250415802
49040,0.07587426155805588
49152,0.07264641672372818
49216,0.0744662806391716
49312,0.09009166806936264
49488,0.07887519896030426
49488,0.09903279691934586
49600,0.06888953596353531
49600,0.06180298328399658
49664,0.08215127885341644
49856,0.06484178453683853
49888,0.06870416551828384
49904,0.06894871592521667
49952,0.064022958278656
49984,0.07500308752059937
50016,0.08921685814857483
50048,0.06632198393344879
50096,0.08041437715291977
50144,0.10609885305166245
50304,0.07126010954380035
50352,0.0566973052918911
50416,0.08514723926782608
50528,0.07562387734651566
50640,0.06615988910198212
50752,0.08663782477378845
50896,0.08422338962554932
50960,0.08892522752285004
50992,0.06076221913099289
51088,0.0762219950556755
51264,0.06767097115516663
51296,0.04597849026322365
51584,0.08193197101354599
51920,0.058467645198106766
52000,0.07265099883079529
52000,0.07068893313407898
52016,0.06241919845342636
52016,0.07191391289234161
52336,0.07105489075183868
52464,0.07786504179239273
52560,0.05069737881422043
52752,0.06502483040094376
52816,0.098232701420784
52880,0.0778471976518631
52896,0.09917200356721878
53120,0.07539089024066925
53248,0.06801839917898178
53264,0.060507189482450485
53520,0.09309283643960953
53568,0.07906205207109451
53792,0.060117390006780624
53872,0.06734993308782578
53888,0.0809626504778862
53984,0.092827208340168
54272,0.06770750135183334
54272,0.09978964179754257
54272,0.08226381987333298
54352,0.08409325778484344
54368,0.10757948458194733
54576,0.0772344097495079
54624,0.0829169824719429
54688,0.09986336529254913
54800,0.06893531233072281
54848,0.09534924477338791
54992,0.09378878027200699
55136,0.07961267232894897
55280,0.05954551696777344
55520,0.07214958965778351
55584,0.10160695016384125
55664,0.08131120353937149
55680,0.08147452026605606
55728,0.08831056207418442
55744,0.09250399470329285
55872,0.07145106047391891
55888,0.08130231499671936
56080,0.04901323467493057
56096,0.09564967453479767
56096,0.06659211963415146
56144,0.0669616237282753
56560,0.08106139302253723
56848,0.08291525393724442
56944,0.08563298732042313
56976,0.10126416385173798
57056,0.06382597237825394
57184,0.07042289525270462
57232,0.05032166838645935
57328,0.07229620963335037
57568,0.07507771253585815
57600,0.07111237198114395
57632,0.08670280128717422
57744,0.09009340405464172
57920,0.08620677143335342
57984,0.08959096670150757
58048,0.08105135709047318
58064,0.09538782387971878
58112,0.07491113245487213
58144,0.09481828659772873
58160,0.05641419440507889
58208,0.0903492420911789
58256,0.08562490344047546
58256,0.07763375341892242
58304,0.06958049535751343
58608,0.06642366945743561
58624,0.07433298975229263
58656,0.06973057985305786
58976,0.0646243765950203
58976,0.09590816497802734
58992,0.07781834155321121
59008,0.10515215247869492
59136,0.08347424119710922
59184,0.07491219788789749
59264,0.057145681232213974
59328,0.08530271798372269
59376,0.07165748625993729
59520,0.0826568454504013
59584,0.06567251682281494
59632,0.07929327338933945
59696,0.08818484842777252
60016,0.0744323879480362
60080,0.07688453048467636
60096,0.07425707578659058
60384,0.07587209343910217
60400,0.0676259696483612
60528,0.09851565957069397
60544,0.0810329020023346
60656,0.09462793916463852
60656,0.0600195974111557
60672,0.07350409775972366
60688,0.10557395964860916
60816,0.09400083124637604
60944,0.08366093039512634
61040,0.08887714147567749
61136,0.08709803223609924
61216,0.07050973176956177
61232,0.09609489142894745
61280,0.05308884009718895
61504,0.07725578546524048
61600,0.07679134607315063
61664,0.08686366677284241
61936,0.09433428198099136
62016,0.061149999499320984
62096,0.0747118815779686
62288,0.05190673843026161
62432,0.06001359596848488
62496,0.08302559703588486
62672,0.06690548360347748
62880,0.09223723411560059
63008,0.06986799091100693
63072,0.08304032683372498
63344,0.07938418537378311
63456,0.09872951358556747
63648,0.09008369594812393
63680,0.1006699949502945
63968,0.07085470110177994
63984,0.07070222496986389
64000,0.11795811355113983
64224,0.09145889431238174
64912,0.09445498138666153
64912,0.10816586017608643
65056,0.08090454339981079
65104,0.11246254295110703
65248,0.06380642205476761
65376,0.06885445863008499
65376,0.07644829154014587
65456,0.0866347998380661
65472,0.08629342913627625
65648,0.10553967952728271
65712,0.0809943899512291
65824,0.05810912698507309
65920,0.10700025409460068
65952,0.07505453377962112
66144,0.08939008414745331
66224,0.08620186895132065
66240,0.0715508908033371
66480,0.10224940627813339
66576,0.08731181174516678
66624,0.052564240992069244
66704,0.06337123364210129
66736,0.09548573195934296
66992,0.08213357627391815
67280,0.05194420740008354
67440,0.07496600598096848
67520,0.058872148394584656
67616,0.08116310834884644
67632,0.07693132013082504
67840,0.06918255239725113
67856,0.08316753059625626
67952,0.1007608026266098
68016,0.06726568192243576
68112,0.09465321153402328
68144,0.08996186405420303
68416,0.05393407866358757
68592,0.07816919684410095
68784,0.09372206777334213
68960,0.11181040853261948
69072,0.08735521882772446
69120,0.07937270402908325
69216,0.09672281891107559
69232,0.08191920816898346
69504,0.0637817308306694
69888,0.06725596636533737
69888,0.07733173668384552
69936,0.10961555689573288
69936,0.07350847125053406
70096,0.06121070683002472
70128,0.07338687032461166
70288,0.09777054935693741
70304,0.06741773337125778
70352,0.05529411882162094
70688,0.08952074497938156
70736,0.06804578006267548
70912,0.07807891815900803
71088,0.07677486538887024
71376,0.07370278984308243
71520,0.06492267549037933
71520,0.0755792036652565
71984,0.09758555889129639
71984,0.10608436912298203
72080,0.07899826765060425
72112,0.08752559125423431
72224,0.05820101127028465
72320,0.08377528935670853
72464,0.08896578103303909
72576,0.06058717891573906
72592,0.07219614088535309
73152,0.08282596617937088
73296,0.062222231179475784
73328,0.07117345929145813
73504,0.08741395175457001
73648,0.0892815962433815
73712,0.10328115522861481
73760,0.09306929260492325
73872,0.10681500285863876
74032,0.07858230173587799
74032,0.05844535306096077
74080,0.06650867313146591
74160,0.0900176614522934
74448,0.08255958557128906
74624,0.08948326855897903
74640,0.07714276015758514
74752,0.09548526257276535
74800,0.07430445402860641
75344,0.0633583590388298
75488,0.07617993652820587
75632,0.09355872869491577
75680,0.07282107323408127
75760,0.10729516297578812
75776,0.1054321750998497
75776,0.0759253278374672
75904,0.09688612073659897
76016,0.06910206377506256
76128,0.06322464346885681
76224,0.08713506162166595
76304,0.07235263288021088
76384,0.0888037160038948
76512,0.06864918768405914
76592,0.08149509876966476
76704,0.07173168659210205
76768,0.10884648561477661
76928,0.09102553874254227
77216,0.06712593883275986
77232,0.08167511224746704
77248,0.10392387956380844
77456,0.10398291051387787
77552,0.09089174121618271
77664,0.0798800066113472
77760,0.09177293628454208
77872,0.08443913608789444
78176,0.07727330178022385
78544,0.09786809980869293
78592,0.08907094597816467
78800,0.08590686321258545
78848,0.08019225299358368
78896,0.11259061098098755
78960,0.07576606422662735
79392,0.09925408661365509
79408,0.09781841933727264
79488,0.0636691153049469
79504,0.08701465278863907
79728,0.10520151257514954
79872,0.06761635094881058
80032,0.0784299448132515
80112,0.08120949566364288
80288,0.07148797065019608
80544,0.09782836586236954
80576,0.09281862527132034
80688,0.10374709963798523
80960,0.1087828278541565
81200,0.07926947623491287
81216,0.07962892204523087
81248,0.10517287999391556
81328,0.08163538575172424
81504,0.10615748912096024
81632,0.06441681832075119
81760,0.10985764861106873
81776,0.08677323907613754
82032,0.07784024626016617
82064,0.074779212474823
82288,0.07079672068357468
82400,0.07464223355054855
82544,0.09668579697608948
82896,0.06780117005109787
83120,0.10757104307413101
83264,0.10294648259878159
83264,0.07649612426757812
83776,0.08718973398208618
84144,0.10148593038320541
84528,0.11034492403268814
84640,0.09305679798126221
84720,0.10548174381256104
84752,0.07638824731111526
84864,0.11328184604644775
84896,0.07896184176206589
85024,0.05874441936612129
85872,0.08894822001457214
86112,0.09875734150409698
86240,0.09209693968296051
86304,0.09296872466802597
86832,0.06850125640630722
86864,0.1039624959230423
86944,0.07916688919067383
87824,0.07313647866249084
87824,0.08362679928541183
88000,0.06784386187791824
88112,0.0860796868801117
88160,0.10695702582597733
88192,0.08634738624095917
88416,0.11199365556240082
88528,0.08616112917661667
88656,0.08365390449762344
88768,0.07357378304004669
88960,0.07650136947631836
89008,0.09447633475065231
89632,0.08195888251066208
89680,0.09650355577468872
89824,0.11207529157400131
89872,0.10396445542573929
90016,0.05937663093209267
90048,0.07939788699150085
90896,0.07294674962759018
91280,0.07370000332593918
91520,0.08606439083814621
91952,0.10820187628269196
92160,0.10295407474040985
92176,0.10227356106042862
92288,0.10576128959655762
92304,0.05503363907337189
92512,0.07578776776790619
92560,0.06939896941184998
92560,0.07532346248626709
92576,0.062033120542764664
92704,0.07377852499485016
93392,0.07765482366085052
93760,0.06956568360328674
94064,0.11773854494094849
94384,0.10399880260229111
94496,0.11139753460884094
95280,0.09902909398078918
95296,0.07722441107034683
95568,0.07745074480772018
95616,0.08342020213603973
95776,0.06380251795053482
95840,0.1146453469991684
96016,0.0878409594297409
96144,0.11213001608848572
96816,0.07506271451711655
96848,0.06682489067316055
97008,0.10871892422437668
97136,0.07591281831264496
97184,0.11315953731536865
97712,0.09772618860006332
98304,0.1109684407711029
98320,0.11334193497896194
98416,0.07800167053937912
98448,0.11526098102331161
98528,0.08547589927911758
98544,0.10941729694604874
98800,0.09759406745433807
98864,0.0693957507610321
98976,0.09189710021018982
99024,0.10437177121639252
99232,0.10493389517068863
99600,0.09729113429784775
99872,0.11412421613931656
99920,0.0958433523774147
100608,0.10360798984766006
100912,0.07491562515497208
101232,0.11030823737382889
101280,0.10151873528957367
101552,0.08482057601213455
102128,0.07006137818098068
102304,0.10258352756500244
102416,0.10342072695493698
102720,0.08012045919895172
102768,0.08441676944494247
102928,0.10175932198762894
103344,0.07817261666059494
103536,0.0955473780632019
103568,0.08492811024188995
103632,0.10614164173603058
103696,0.11846457421779633
103856,0.07532668113708496
104032,0.12123308330774307
104416,0.09173914045095444
104736,0.07569911330938339
104848,0.08017301559448242
104848,0.08422055840492249
104896,0.11086726933717728
105072,0.08197472244501114
105184,0.07951859384775162
105856,0.10520985722541809
106080,0.10823073238134384
106288,0.11093142628669739
107072,0.10451743006706238
107072,0.10286854952573776
107072,0.09195367991924286
107184,0.12312215566635132
107328,0.05909557268023491
107744,0.089421845972538
108032,0.09189726412296295
108128,0.07913748919963837
108144,0.11793532222509384
108288,0.12327704578638077
108976,0.08031752705574036
108992,0.10616691410541534
109248,0.10028836131095886
109328,0.08067615330219269
109760,0.0863863080739975
109936,0.07512233406305313
109952,0.11061660945415497
110064,0.07534799724817276
110416,0.10198386013507843
111024,0.1108894944190979
111040,0.09736917912960052
111232,0.1067408099770546
111344,0.10415689647197723
111424,0.08542872220277786
111600,0.08385584503412247
112080,0.09861855208873749
112432,0.11793319135904312
112480,0.07142780721187592
112896,0.10854192823171616
112992,0.08099315315485
113248,0.07498853653669357
113440,0.08075577020645142
113472,0.06798236817121506
113936,0.10345776379108429
114048,0.08653485774993896
114384,0.11362317204475403
114784,0.09999073296785355
115040,0.07648419588804245
115152,0.0654415562748909
115232,0.09812700748443604
115424,0.1101924329996109
115520,0.11089769005775452
115552,0.11507241427898407
115616,0.09291812032461166
115680,0.11300081759691238
115696,0.06550829112529755
116272,0.0749654769897461
117216,0.10374187678098679
117440,0.07440491765737534
118000,0.09830455482006073
118352,0.10034513473510742
118752,0.07817921042442322
119104,0.08106202632188797
119504,0.0760568231344223
119584,0.07006550580263138
119680,0.06926220655441284
119792,0.11697938293218613
120368,0.10512824356555939
120896,0.07736149430274963
120912,0.09749406576156616
121424,0.06409832835197449
121424,0.09403277188539505
121456,0.10950829088687897
121456,0.09052979201078415
122272,0.10640988498926163
122464,0.08023593574762344
122624,0.10691060870885849
123408,0.1034611240029335
124112,0.10575417429208755
124352,0.10869117081165314
124432,0.1207805722951889
124528,0.10021135210990906
124656,0.08123668283224106
124816,0.09868955612182617
124816,0.09140744805335999
124848,0.09356726706027985
125200,0.09788323193788528
125424,0.08991076052188873
126464,0.08904771506786346
127216,0.10730640590190887
127424,0.11315857619047165
127680,0.10754263401031494
127728,0.11677274107933044
127984,0.11412683129310608
128336,0.09949786216020584
128784,0.12782329320907593
128784,0.09985040873289108
128896,0.11494968831539154
129056,0.07727756351232529
129120,0.0628003478050232
129232,0.08248227089643478
129616,0.10275961458683014
130048,0.08136273920536041
130496,0.08671807497739792
131568,0.11505325138568878
131760,0.10504981130361557
132000,0.110067218542099
132032,0.08180481195449829
132208,0.10060934722423553
132416,0.1157647967338562
132608,0.11236165463924408
132624,0.10837279260158539
132656,0.11315396428108215
133216,0.09257287532091141
135072,0.08642996102571487
135280,0.12148808687925339
135552,0.09567269682884216
136256,0.11301165819168091
136336,0.09465069323778152
136416,0.07479789108037949
136464,0.09765894711017609
136800,0.1095481663942337
136928,0.06945105642080307
137072,0.10162239521741867
137200,0.10275832563638687
137952,0.09642856568098068
138192,0.11251231282949448
138288,0.1029873937368393
138784,0.09314469993114471
139584,0.1130860447883606
139936,0.09620839357376099
139984,0.07487417757511139
140512,0.1148136556148529
141296,0.11714209616184235
141872,0.0960468053817749
141920,0.11484037339687347
143088,0.11899702996015549
143296,0.10266512632369995
143792,0.11022444814443588
144016,0.09657905995845795
144112,0.10348627716302872
144224,0.0931447371840477
144592,0.10487167537212372
144832,0.10560090839862823
145056,0.09372944384813309
145456,0.11234474182128906
145472,0.11974108964204788
146256,0.11357267200946808
146688,0.07758540660142899
147264,0.12093579769134521
148368,0.12469694763422012
148528,0.09443583339452744
148592,0.11504507809877396
149056,0.1007814109325409
149120,0.10499794781208038
149248,0.07060585170984268
149248,0.09626822918653488
149264,0.12286916375160217
149664,0.09934450685977936
150016,0.11752129346132278
150192,0.1093117967247963
150720,0.07733660191297531
151888,0.113214872777462
152576,0.09985488653182983
152576,0.08615076541900635
152672,0.07877522706985474
152688,0.10563678294420242
152928,0.08639909327030182
153616,0.08385146409273148
153664,0.09942873567342758
154160,0.10508589446544647
154400,0.1028788834810257
154416,0.0900593101978302
154768,0.11233360320329666
154880,0.0928257405757904
155056,0.10688940435647964
155104,0.08287370204925537
155216,0.08501561731100082
155296,0.11741290986537933
155392,0.0790085569024086
155520,0.11775907129049301
155664,0.06504464149475098
156000,0.11948814988136292
156240,0.12081286311149597
156688,0.12258867919445038
156976,0.11380383372306824
157120,0.10116089880466461
157200,0.10038210451602936
157536,0.10931306332349777
158240,0.1200847327709198
158368,0.10294569283723831
158688,0.08460274338722229
158768,0.1007937639951706
158832,0.09115966409444809
159072,0.07529211044311523
159120,0.10052407532930374
160496,0.11408322304487228
160896,0.11582019180059433
161504,0.12478125840425491
161584,0.11653462052345276
161712,0.10543396323919296
161744,0.11145854741334915
162160,0.07762250304222107
162464,0.12299266457557678
162592,0.11221389472484589
162592,0.12263486534357071
162832,0.10363594442605972
162864,0.10546829551458359
162912,0.0986703485250473
163232,0.07616998255252838
163616,0.10253681242465973
163664,0.12486826628446579
163920,0.087934710085392
164576,0.11103417724370956
164784,0.07648599147796631
165136,0.10827741771936417
165136,0.1201527863740921
165248,0.10056856274604797
165264,0.10066074877977371
165376,0.11224564909934998
166304,0.11844467371702194
166656,0.07117458432912827
167168,0.09961798787117004
167504,0.11890906095504761
167696,0.12308690696954727
168048,0.10568434745073318
168192,0.09373030811548233
168240,0.11534756422042847
168608,0.10054288059473038
168704,0.07788042724132538
168736,0.08833793550729752
168880,0.10526048392057419
169056,0.120470330119133
169184,0.10761986672878265
169408,0.10041332244873047
170432,0.10514115542173386
170608,0.11250660568475723
171424,0.11815521121025085
172384,0.11235799640417099
172560,0.11124264448881149
172768,0.08470951020717621
172976,0.12704965472221375
173872,0.08132939040660858
174512,0.12279368191957474
174864,0.1247609481215477
174880,0.10155539959669113
175792,0.0751030445098877
175904,0.10220836102962494
176240,0.10175348073244095
176304,0.11419863253831863
176704,0.12112700939178467
177232,0.0986417680978775
177856,0.10382873564958572
178208,0.10111524164676666
178256,0.09236420691013336
178384,0.12125962227582932
178496,0.10758233815431595
178784,0.09415316581726074
179520,0.07078241556882858
179888,0.1035027801990509
180048,0.10807178914546967
180272,0.11963823437690735
180736,0.12137561291456223
181152,0.11542866379022598
181424,0.10273441672325134
182336,0.10633967071771622
182368,0.1065395325422287
183744,0.11255378276109695
183984,0.09821789711713791
184080,0.11842085421085358
184624,0.12107191234827042
184736,0.11398755013942719
184960,0.10594990849494934
185600,0.12516826391220093
186944,0.12311722338199615
187280,0.11277181655168533
187328,0.10719083994626999
187504,0.11956121772527695
187552,0.11736582964658737
187664,0.1163407489657402
187792,0.10455067455768585
187808,0.11079562455415726
188336,0.08705978840589523
188560,0.10093912482261658
188800,0.11645934730768204
189536,0.11550161987543106
189920,0.07180196791887283
190144,0.11552941799163818
190960,0.12493962794542313
191200,0.1191818118095398
191360,0.1162213534116745
191472,0.12132982909679413
191792,0.12327289581298828
191920,0.10024698078632355
192320,0.12234719842672348
192352,0.12385758012533188
193104,0.1197359561920166
193456,0.10730209946632385
193728,0.10782332718372345
193792,0.12061560153961182
194256,0.09462299197912216
194544,0.09956853836774826
194624,0.12322751432657242
194880,0.11408237367868423
195024,0.12182639539241791
195136,0.11892200261354446
195472,0.12699751555919647
195808,0.08403327316045761
195984,0.10234016180038452
196032,0.11410634964704514
196144,0.11271123588085175
196304,0.1053302139043808
196704,0.10387931764125824
198432,0.12237928062677383
198624,0.10926726460456848
199312,0.11030009388923645
199504,0.1073886826634407
199632,0.11692150682210922
199952,0.10925869643688202
200448,0.12551815807819366
200992,0.09791629016399384
201824,0.12197647243738174
202912,0.10719805955886841
203696,0.1174059510231018
203888,0.10444499552249908
204128,0.11801328510046005
204192,0.0964963510632515
204480,0.10528938472270966
204560,0.11099749058485031
205552,0.11916734278202057
205968,0.12426932156085968
206800,0.12483160197734833
207120,0.11034909635782242
207168,0.11586552858352661
207296,0.12348870933055878
207504,0.12332610040903091
207776,0.12267801910638809
207952,0.10126214474439621
208032,0.10800575464963913
208128,0.10242930799722672
208192,0.11205354332923889
209008,0.09903531521558762
209056,0.12278693914413452
209296,0.12905572354793549
209328,0.12111157178878784
209648,0.11879647523164749
210208,0.09764234721660614
210272,0.07666590064764023
211472,0.11791510134935379
211776,0.11600347608327866
211776,0.11917878687381744
212976,0.0811912938952446
212992,0.11697130650281906
213056,0.11660317331552505
213136,0.10956790298223495
214240,0.10401930660009384
215792,0.11172240227460861
215920,0.06706765294075012
215936,0.1099632978439331
216112,0.12098664790391922
216640,0.11582622677087784
217024,0.1185544803738594
217104,0.11292082071304321
218176,0.1034957692027092
219152,0.10500410199165344
219440,0.11037842184305191
220192,0.12410949915647507
220752,0.1101500391960144
221056,0.11249445378780365
221360,0.10282380878925323
221664,0.11585958302021027
222016,0.11449618637561798
222496,0.10017254203557968
222768,0.11718058586120605
223184,0.09740613400936127
223232,0.10050834715366364
223312,0.1191636249423027
223376,0.11574463546276093
224400,0.13080990314483643
224576,0.12306935340166092
224912,0.12423517554998398
225136,0.1202237606048584
225376,0.1140192449092865
226384,0.1029961034655571
226624,0.08539905399084091
226784,0.1256568431854248
226784,0.1184515729546547
226912,0.12202836573123932
226928,0.1194038987159729
227216,0.10585770010948181
227456,0.10035040229558945
227856,0.11334838718175888
228128,0.08336775004863739
228192,0.11417841166257858
228416,0.1181793212890625
228464,0.11408526450395584
228896,0.12584522366523743
229680,0.1201205775141716
229952,0.1289239525794983
230416,0.11949319392442703
230480,0.07207528501749039
230528,0.12132477015256882
230608,0.11017460376024246
230704,0.07543542236089706
230768,0.12472263723611832
230992,0.11898646503686905
231216,0.0999075397849083
231248,0.07484021782875061
232656,0.10665161162614822
233216,0.1248571127653122
233920,0.12453415989875793
234016,0.1252550631761551
234032,0.09479429572820663
234128,0.10541030019521713
234336,0.12267512828111649
234496,0.11317896097898483
234768,0.12334036082029343
235600,0.08695235848426819
235936,0.09197090566158295
237600,0.114264115691185
237648,0.12003453075885773
237984,0.1243954449892044
238560,0.11993229389190674
238640,0.10106087476015091
239728,0.11457210034132004
239744,0.11677511781454086
240432,0.10835092514753342
240784,0.11926450580358505
241168,0.12691690027713776
241280,0.10533219575881958
241568,0.1202254444360733
242272,0.12056688964366913
242704,0.10885113477706909
243264,0.12661543488502502
244240,0.12209902703762054
245008,0.12198074907064438
245072,0.1259171962738037
245792,0.12943129241466522
246016,0.11760449409484863
246240,0.11860394477844238
246512,0.11409325152635574
246880,0.1206769198179245
247632,0.11718177050352097
247792,0.09900639206171036
247856,0.11883315443992615
247984,0.11157123744487762
248240,0.12289746850728989
248672,0.08278349041938782
248784,0.11699923872947693
249008,0.10994566231966019
249072,0.11820214986801147
249120,0.10134688019752502
249712,0.12109724432229996
249984,0.12267953157424927
250640,0.12235882133245468
250752,0.10697019100189209
251008,0.10084754973649979
251472,0.10860567539930344
252240,0.11915979534387589
252688,0.07701735943555832
253360,0.11962824314832687
253824,0.11257525533437729
254128,0.11554671078920364
254160,0.11170630156993866
254448,0.11142835766077042
254848,0.12795326113700867
255632,0.11594332754611969
256048,0.12447511404752731
256640,0.10758572071790695
256928,0.1156715601682663
257072,0.11608749628067017
258016,0.11989964544773102
258544,0.12498094886541367
258592,0.11533643305301666
259248,0.12069418281316757
259456,0.11154238879680634
259456,0.08832928538322449
260560,0.11815960705280304
260640,0.12417306751012802
260720,0.06103408336639404
261040,0.12722380459308624
262992,0.1234920397400856
263872,0.12227167189121246
264544,0.1263086497783661
265952,0.12800920009613037
265984,0.09070735424757004
266288,0.12191954255104065
267440,0.12249642610549927
268512,0.1253729611635208
268960,0.1183440312743187
269008,0.11111719906330109
270720,0.08405376970767975
270832,0.10981005430221558
270864,0.1066025123000145
271056,0.12190962582826614
271152,0.11513396352529526
271472,0.10864792764186859
271632,0.10409638285636902
272048,0.12903596460819244
273120,0.1248035803437233
273280,0.11293794959783554
274240,0.1285131424665451
274432,0.12440375983715057
275184,0.1247953251004219
276336,0.12366332113742828
276912,0.1183256134390831
277056,0.12807007133960724
277200,0.128885880112648
277328,0.0677286759018898
277792,0.12482091784477234
278208,0.12216141819953918
278752,0.11852933466434479
278752,0.12767475843429565
279072,0.12451634556055069
279088,0.1272631734609604
279120,0.1266869455575943
279264,0.12427880614995956
280480,0.12254585325717926
281040,0.10541263967752457
281488,0.1259930580854416
281504,0.12775811553001404
282016,0.11560765653848648
282432,0.1251973956823349
283328,0.12854261696338654
283440,0.12403424829244614
283632,0.12036165595054626
283968,0.12763404846191406
285056,0.10915140807628632
285312,0.12336231023073196
285472,0.09342353790998459
285824,0.12239842116832733
286448,0.11362040787935257
286464,0.12359154969453812
286992,0.12141945213079453
287664,0.09806036204099655
287712,0.11575745791196823
288048,0.11797327548265457
288576,0.12725476920604706
288592,0.12230240553617477
288800,0.12406816333532333
289984,0.12545660138130188
290544,0.12378215044736862
290576,0.1300373375415802
291584,0.12550321221351624
292080,0.12870275974273682
293520,0.1259484887123108
293824,0.1015951856970787
294048,0.12813037633895874
294864,0.11602712422609329
295584,0.12274240702390671
295600,0.12408848851919174
295824,0.10513072460889816
296176,0.1298074722290039
297424,0.12335527688264847
297472,0.11101088672876358
297536,0.12717276811599731
297712,0.12270049005746841
298240,0.12809300422668457
299616,0.10870883613824844
299728,0.11965131759643555
300528,0.1218537986278534
300800,0.12084341794252396
303216,0.10190238803625107
304384,0.12621119618415833
306208,0.12630468606948853
306272,0.1186022236943245
306592,0.12792137265205383
306688,0.11679455637931824
306752,0.12418772280216217
307840,0.0992298349738121
307856,0.12890537083148956
307936,0.12805938720703125
308240,0.12791544198989868
309136,0.12487566471099854
309216,0.12258973717689514
309504,0.1244993805885315
310032,0.12697675824165344
310256,0.12486866861581802
310432,0.1147250235080719
311456,0.1236945316195488
313024,0.12607832252979279
313664,0.1217033863067627
313680,0.12779612839221954
313792,0.12336042523384094
313968,0.12428135424852371
316224,0.12415971606969833
316272,0.12813504040241241
316832,0.12440673261880875
317072,0.09811823070049286
317600,0.12174078077077866
317728,0.10663281381130219
318816,0.09703338891267776
318960,0.1143416240811348
319872,0.12758474051952362
320688,0.12482935935258865
320976,0.12247081100940704
321408,0.1215975433588028
322064,0.12717947363853455
322480,0.12187661975622177
323184,0.12153644859790802
324640,0.12384441494941711
324752,0.08330728858709335
324848,0.08565554767847061
324928,0.12386929988861084
325728,0.10804609209299088
326096,0.12997572124004364
326560,0.09148363023996353
327632,0.12132211774587631
327920,0.11790353059768677
328224,0.1235739216208458
328352,0.12725438177585602
328656,0.1231357753276825
329136,0.12549945712089539
329264,0.12472134083509445
331696,0.08862532675266266
332032,0.1197436973452568
334240,0.1289706528186798
335088,0.10698530822992325
335888,0.12542420625686646
336512,0.1240362897515297
336560,0.1272597312927246
336640,0.13163623213768005
337184,0.1233183965086937
337216,0.12472537159919739
337856,0.11211095005273819
338656,0.12571747601032257
338720,0.12364945560693741
339040,0.12479718029499054
339168,0.1244988739490509
339200,0.11716224998235703
339776,0.11488612741231918
340688,0.12714789807796478
342704,0.12060841172933578
344608,0.12174347788095474
345536,0.11822658032178879
345712,0.12853489816188812
346288,0.1136866882443428
346416,0.12236559391021729
346688,0.10799282789230347
346880,0.1264190673828125
347760,0.09608796238899231
348000,0.07213624566793442
348192,0.12272928655147552
348480,0.12920227646827698
349184,0.121749147772789
349456,0.11573392152786255
350144,0.12425103038549423
350400,0.12999527156352997
350960,0.12422219663858414
351392,0.12027715891599655
351648,0.10646486282348633
351824,0.12528100609779358
352032,0.12309787422418594
352640,0.12451326847076416
353152,0.12021253257989883
353712,0.12300768494606018
353760,0.1108950525522232
354496,0.12686574459075928
355136,0.11977442353963852
355616,0.11716344952583313
356768,0.10724037885665894
357280,0.12143751233816147
358736,0.12042338401079178
359520,0.11179693788290024
359776,0.1264621615409851
360016,0.13373753428459167
360656,0.12247075140476227
360800,0.12534554302692413
361872,0.12263725697994232
363280,0.11996618658304214
364336,0.12659883499145508
365024,0.11616815626621246
365104,0.12853333353996277
365232,0.11114133894443512
365376,0.12335215508937836
365472,0.12752090394496918
365888,0.12897856533527374
367648,0.10009944438934326
367744,0.12244033068418503
367856,0.12358745187520981
368784,0.12332353740930557
368800,0.11951615661382675
369024,0.12345947325229645
369264,0.10672848671674728
370096,0.12176775932312012
370256,0.12235616892576218
371120,0.11883419752120972
371376,0.1176004484295845
371584,0.11648108810186386
372368,0.13154344260692596
372704,0.10950375348329544
373312,0.10391827672719955
373680,0.12143639475107193
373776,0.10885287821292877
373856,0.12923572957515717
373872,0.12126912921667099
374560,0.1288135051727295
374880,0.12519459426403046
375024,0.11864745616912842
377088,0.09537331759929657
377232,0.1271970272064209
377248,0.1247880682349205
377440,0.12706293165683746
377552,0.11934028565883636
378240,0.12706322968006134
378880,0.12225668132305145
380992,0.12286259233951569
381584,0.12401885539293289
381728,0.12698499858379364
382416,0.1271042823791504
382496,0.09970210492610931
382592,0.1175905093550682
383104,0.11989627778530121
383216,0.11619006842374802
383696,0.11921552568674088
384128,0.12895846366882324
384144,0.1277155876159668
384144,0.10333394259214401
384272,0.12256831675767899
384480,0.12810494005680084
385216,0.12457305938005447
385936,0.12854713201522827
386640,0.12554413080215454
387264,0.12174919247627258
387920,0.11788807809352875
388688,0.1254018247127533
388720,0.12433052062988281
390176,0.12780295312404633
390800,0.12370587140321732
391264,0.12113367021083832
391392,0.12835381925106049
391648,0.10401210933923721
391648,0.12723398208618164
392352,0.10102177411317825
392400,0.1186208575963974
392832,0.1263517439365387
393408,0.11436204612255096
393792,0.11154082417488098
393824,0.12168300151824951
394768,0.12671150267124176
394976,0.12038880586624146
395136,0.12517258524894714
395184,0.12670429050922394
395792,0.12120058387517929
395920,0.12574169039726257
395936,0.12977783381938934
396336,0.12543810904026031
396976,0.12598998844623566
397968,0.1254768967628479
398672,0.1263217180967331
399280,0.12680111825466156
399504,0.12504304945468903
400496,0.12764349579811096
402880,0.11817619204521179
403136,0.12645384669303894
403392,0.12679733335971832
404400,0.1299392729997635
404416,0.12544457614421844
405632,0.1298646330833435
406464,0.1270287185907364
407088,0.12251732498407364
407472,0.1275767832994461
407872,0.09638871997594833
408000,0.12294367700815201
408576,0.12833866477012634
409952,0.12555496394634247
410320,0.12753698229789734
410640,0.11987679451704025
411536,0.12116561084985733
411776,0.11912909150123596
412112,0.12415016442537308
412800,0.09469273686408997
413472,0.05156172066926956
413600,0.12342556565999985
414256,0.11167854815721512
415600,0.12548063695430756
417088,0.12598465383052826
417392,0.12695899605751038
417712,0.12178214639425278
417792,0.12476938217878342
418816,0.12610825896263123
419200,0.12423943728208542
419680,0.11561932414770126
419952,0.12489940226078033
420128,0.12345524877309799
420544,0.12339314073324203
421360,0.1257837414741516
421376,0.11424411833286285
421488,0.1260487288236618
423360,0.12568672001361847
423376,0.12299568206071854
423504,0.12204309552907944
424880,0.10825513303279877
424928,0.12340828776359558
424944,0.12076058238744736
425440,0.1286444216966629
426736,0.127005472779274
427168,0.10840703547000885
427584,0.12010689824819565
428304,0.12565188109874725
428448,0.12622591853141785
428608,0.1224907711148262
429280,0.12585021555423737
430224,0.12828955054283142
430496,0.122190922498703
431152,0.12705060839653015
431312,0.12769116461277008
431840,0.11536352336406708
431872,0.11739041656255722
432096,0.12119712680578232
432160,0.12422936409711838
432512,0.1221899762749672
433728,0.12411919236183167
434864,0.12205299735069275
435408,0.1266658902168274
435664,0.12253294885158539
435776,0.11944762617349625
437296,0.12316404283046722
437872,0.12702427804470062
438304,0.12049103528261185
438528,0.1302953064441681
438928,0.12610675394535065
439904,0.1311854124069214
440848,0.12832672894001007
440864,0.1254802793264389
441040,0.10314799100160599
441776,0.10640580207109451
442128,0.1274021863937378
444176,0.127477765083313
445280,0.12706130743026733
446048,0.1250126212835312
446144,0.11459439992904663
446176,0.13184651732444763
447888,0.1210225373506546
448128,0.12741485238075256
449648,0.12782061100006104
449824,0.12065315246582031
450816,0.11116858571767807
451344,0.12839552760124207
451408,0.12546370923519135
451680,0.1274423450231552
451696,0.1215687170624733
453136,0.12493065744638443
453168,0.12866996228694916
453280,0.12402422726154327
453392,0.1261848360300064
453648,0.1271902471780777
454928,0.10879766196012497
456080,0.12690892815589905
456656,0.12469995021820068
456672,0.12426693737506866
457408,0.12360905855894089
457776,0.12712977826595306
458464,0.12962356209754944
458912,0.12153453379869461
460224,0.1251169592142105
460448,0.12502557039260864
460688,0.1332550346851349
461136,0.12746170163154602
462400,0.12376421689987183
463312,0.12646439671516418
463952,0.1265803724527359
464032,0.12457435578107834
464496,0.127539724111557
465760,0.12732400000095367
465952,0.1274205893278122
466848,0.12950707972049713
467552,0.12427576631307602
467792,0.12153930217027664
467984,0.12541887164115906
468272,0.11980754882097244
469248,0.1315389722585678
470880,0.1275205910205841
470944,0.12258163094520569
472160,0.10311808437108994
472656,0.0793251097202301
474048,0.12977313995361328
474304,0.12541446089744568
474992,0.11882378160953522
475200,0.1088872104883194
475296,0.1255216896533966
476160,0.12619620561599731
476544,0.12854857742786407
477632,0.10515481978654861
478544,0.1243334710597992
478688,0.13000653684139252
478832,0.12508349120616913
479456,0.1224576011300087
479696,0.12140342593193054
480096,0.12446556985378265
480720,0.12649895250797272
481088,0.1265569031238556
481104,0.12505298852920532
482368,0.1268783062696457
483008,0.1284554898738861
483280,0.12422560155391693
484192,0.12159735709428787
484576,0.130452498793602
484640,0.11979991942644119
484784,0.12295479327440262
485536,0.1266700178384781
485760,0.1273968368768692
486592,0.13025972247123718
486832,0.12063650786876678
486928,0.12324371933937073
487456,0.10618460923433304
488512,0.12579594552516937
489776,0.1211356669664383
490400,0.12488998472690582
491216,0.1185055822134018
491664,0.12863104045391083
492000,0.12572048604488373
492880,0.09464181959629059
493904,0.1313006430864334
494096,0.128196582198143
494784,0.12508340179920197
495552,0.1302890032529831
496384,0.1318158358335495
496848,0.12358839809894562
497648,0.12834540009498596
498048,0.12197991460561752
499792,0.12900209426879883
499952,0.13111615180969238
500240,0.11970020085573196
500832,0.11782442778348923
501424,0.12468300014734268
502656,0.12310924381017685
503328,0.12765175104141235
504576,0.12788793444633484
504640,0.12609224021434784
504928,0.1217472180724144
505152,0.12419013679027557
506144,0.12775473296642303
506544,0.12236379832029343
506720,0.12053285539150238
506960,0.12912602722644806
507168,0.12823842465877533
507408,0.12374167889356613
507920,0.12622497975826263
508096,0.11989763379096985
508320,0.1251198798418045
508672,0.12481673061847687
509664,0.12302415817975998
509856,0.11732672899961472
510384,0.12761129438877106
511792,0.11976700276136398
513664,0.12909182906150818
514064,0.12736064195632935
514192,0.1259208619594574
514224,0.12798842787742615
514784,0.1188030019402504
515760,0.12678079307079315
516944,0.12306179851293564
517056,0.1190221831202507
517184,0.12499348819255829
517440,0.1255476325750351
517728,0.12533776462078094
517744,0.12633901834487915
518272,0.12922146916389465
518384,0.1280837208032608
518768,0.13107995688915253
518816,0.1245741993188858
518848,0.12126956880092621
520464,0.12948545813560486
520640,0.12568065524101257
521056,0.12667925655841827
521344,0.11325573176145554
521408,0.12729725241661072
521856,0.1113332062959671
521888,0.12780192494392395
522384,0.12535548210144043
522752,0.11154361069202423
524208,0.12828360497951508
525392,0.12663699686527252
527712,0.1231159120798111
528416,0.12434370815753937
528432,0.12324917316436768
528480,0.12451565265655518
528624,0.12384536117315292
530752,0.12829606235027313
531104,0.1285613626241684
531232,0.12580062448978424
531392,0.12387990951538086
531616,0.12723387777805328
532000,0.12387333810329437
533600,0.1262603998184204
533776,0.12920238077640533
534672,0.12696217000484467
536016,0.12897634506225586
536160,0.12133666127920151
537152,0.12720255553722382
538432,0.13132168352603912
539024,0.12715286016464233
539280,0.13171182572841644
539520,0.130208820104599
539648,0.12129072844982147
539696,0.1277046650648117
539936,0.1251617968082428
540736,0.12598828971385956
541248,0.1283649057149887
541600,0.12108760327100754
541712,0.1278110146522522
542544,0.12315800786018372
542576,0.12359966337680817
542736,0.1262008249759674
543200,0.12711504101753235
544336,0.12771210074424744
545632,0.124083012342453
545664,0.12109411507844925
545984,0.1250832974910736
546064,0.1255442202091217
546096,0.12421740591526031
546256,0.1290181577205658
546768,0.12699086964130402
547088,0.12704147398471832
547888,0.12794139981269836
548960,0.1312153935432434
549552,0.12726324796676636
550160,0.118798166513443
550464,0.12990783154964447
550752,0.10918315500020981
551808,0.12510979175567627
551840,0.11814963072538376
553152,0.1222955733537674
553232,0.1274808645248413
553504,0.12709444761276245
554976,0.12648025155067444
555408,0.12854380905628204
556128,0.12246046215295792
556688,0.12599550187587738
556848,0.12899234890937805
557488,0.12876102328300476
557712,0.12305286526679993
558896,0.12676428258419037
560064,0.11650223284959793
560240,0.12542667984962463
560800,0.12549659609794617
561040,0.11922325938940048
561632,0.12827713787555695
562624,0.12231985479593277
563120,0.1273627132177353
563888,0.12945492565631866
564528,0.1292615532875061
564688,0.13201016187667847
564816,0.12846113741397858
565184,0.12340047955513
566560,0.12326052784919739
567152,0.12746210396289825
567376,0.12169700860977173
567872,0.12438587844371796
568208,0.12943342328071594
568320,0.12395253777503967
568400,0.1240578144788742
568688,0.12573686242103577
569488,0.11527955532073975
570096,0.12538281083106995
570176,0.12486777454614639
570240,0.13128039240837097
570768,0.11925400048494339
571632,0.13043838739395142
571664,0.12911900877952576
571728,0.12568724155426025
573344,0.12615486979484558
573744,0.12793175876140594
574224,0.11641395092010498
574416,0.12403712421655655
575184,0.13056299090385437
576560,0.12364598363637924
577792,0.12745629251003265
578176,0.13006751239299774
578480,0.1276906132698059
581504,0.12506793439388275
582912,0.1268533170223236
583584,0.12888142466545105
584048,0.12660157680511475
585776,0.13033434748649597
586512,0.13025453686714172
588080,0.12966880202293396
588544,0.1221446767449379
589200,0.12688790261745453
590032,0.12614001333713531
590304,0.12764905393123627
591104,0.12872569262981415
591360,0.11039289832115173
591408,0.12569835782051086
591648,0.12752196192741394
592128,0.12374649941921234
592336,0.12640316784381866
592912,0.12832581996917725
593536,0.11961241811513901
594048,0.12988364696502686
594624,0.13036534190177917
594960,0.11728798598051071
595184,0.12383175641298294
595648,0.129672110080719
595872,0.12794941663742065
596272,0.12577494978904724
596496,0.12605029344558716
597696,0.1293031871318817
597712,0.12436344474554062
598400,0.13135816156864166
598432,0.1288619339466095
598672,0.12513935565948486
599024,0.11294674128293991
599216,0.12417666614055634
599328,0.12262938916683197
599840,0.11920889467000961
600032,0.12770934402942657
601296,0.12610431015491486
601984,0.1269386261701584
601984,0.13187946379184723
602016,0.12537921965122223
602224,0.12784983217716217
602960,0.12354940176010132
604832,0.1286284625530243
605520,0.1247195452451706
605552,0.12651243805885315
605728,0.12637147307395935
606752,0.12437207251787186
607152,0.1251063197851181
608176,0.12611395120620728
608272,0.12384042143821716
609280,0.12654376029968262
610368,0.12165921181440353
610688,0.12737853825092316
611264,0.12735047936439514
611936,0.12964144349098206
612368,0.12101665884256363
612608,0.131962388753891
612848,0.12458819895982742
613392,0.12751324474811554
613520,0.125032439827919
613856,0.1258980929851532
615200,0.12793497741222382
615280,0.12574702501296997
616816,0.12668874859809875
617344,0.12617698311805725
618736,0.12302865087985992
618768,0.12982574105262756
619088,0.12205174565315247
619360,0.12534460425376892
619760,0.12492873519659042
620224,0.08202897757291794
620416,0.12281237542629242
620464,0.1283034086227417
621904,0.12539543211460114
622288,0.13027571141719818
622400,0.10836668312549591
622832,0.12537525594234467
623360,0.12535791099071503
623760,0.12904015183448792
623936,0.12824206054210663
623984,0.13217590749263763
624016,0.12751050293445587
624096,0.12886284291744232
624112,0.10941062867641449
626656,0.12321197986602783
626912,0.12458252906799316
627360,0.12116434425115585
627536,0.12841275334358215
629296,0.13104110956192017
629312,0.1225675567984581
630208,0.12566648423671722
630800,0.1265522837638855
631088,0.12930886447429657
631104,0.12734411656856537
631392,0.09881476312875748
631504,0.12503868341445923
633504,0.12411753088235855
634352,0.12585987150669098
634992,0.12340804189443588
635008,0.12783858180046082
636624,0.12668906152248383
636640,0.12964506447315216
637008,0.12610794603824615
638208,0.12444198131561279
638496,0.12712512910366058
638544,0.12665000557899475
640624,0.1267259269952774
641712,0.11984322965145111
641792,0.12450724095106125
642048,0.12527872622013092
642048,0.12745797634124756
643552,0.12736597657203674
644512,0.12807171046733856
644992,0.1277054399251938
645232,0.10608822852373123
645616,0.12393062561750412
646192,0.12905587255954742
647056,0.12893788516521454
647344,0.12667126953601837
648432,0.11748902499675751
648720,0.12536931037902832
648816,0.1218743845820427
648944,0.1268906593322754
649120,0.1309177726507187
649776,0.12382063269615173
650640,0.12638673186302185
650816,0.1292329728603363
650832,0.12886638939380646
651168,0.12107585370540619
652032,0.12778009474277496
652688,0.12887263298034668
654224,0.11968893557786942
654320,0.12744413316249847
654624,0.1261637806892395
654768,0.12292517721652985
655104,0.11669116467237473
655552,0.1269189864397049
655664,0.1315717101097107
656272,0.1294683963060379
656752,0.08636178821325302
657376,0.12476290762424469
657680,0.12507939338684082
657808,0.12317271530628204
657872,0.12676718831062317
658224,0.12878522276878357
658752,0.13093839585781097
658848,0.12850433588027954
659840,0.10146275907754898
660752,0.10879542678594589
663024,0.12447893619537354
663312,0.1240445226430893
663424,0.12466505169868469
664512,0.11773470044136047
664704,0.1246422603726387
665296,0.12456513941287994
665424,0.12500472366809845
665632,0.12624850869178772
665872,0.1252279430627823
666896,0.1258361041545868
666992,0.12642771005630493
667632,0.1275026500225067
668032,0.12330373376607895
668224,0.1308528333902359
668256,0.09881240874528885
668272,0.12187681347131729
668848,0.12384162098169327
669152,0.11117936670780182
670656,0.1017225831747055
671392,0.12126534432172775
671776,0.12641173601150513
671792,0.12661537528038025
671808,0.12644213438034058
672352,0.12772990763187408
673952,0.12668955326080322
674192,0.12701070308685303
674896,0.12190476804971695
675584,0.12315540015697479
675888,0.12782007455825806
676848,0.12456616759300232
677408,0.12238138169050217
677472,0.12407771497964859
678432,0.12298446148633957
678688,0.12700475752353668
679376,0.12009717524051666
681088,0.12081735581159592
681376,0.11943882703781128
682064,0.12551486492156982
682256,0.12659066915512085
684096,0.11788836866617203
684096,0.12392274290323257
684688,0.1233154833316803
684960,0.12018142640590668
685696,0.12041857838630676
685936,0.12389369308948517
687264,0.10502206534147263
687360,0.12622122466564178
687680,0.12219950556755066
689088,0.11747875809669495
689584,0.11703553795814514
689696,0.12987565994262695
690304,0.10662176460027695
690656,0.12538094818592072
691584,0.12657010555267334
692464,0.1220509484410286
692960,0.1285271793603897
693104,0.12674427032470703
693952,0.12359169870615005
695776,0.11809004098176956
695792,0.12429936975240707
695888,0.11721597611904144
698256,0.11614116281270981
698400,0.12678788602352142
698816,0.12230032682418823
699008,0.12338685989379883
699424,0.1254323571920395
699440,0.12105506658554077
700096,0.12624512612819672
700240,0.1211608275771141
700976,0.1250988394021988
701184,0.09593286365270615
701440,0.12766113877296448
702560,0.12533843517303467
702864,0.12729893624782562
702912,0.12808620929718018
703408,0.12347035109996796
703744,0.12090186774730682
704608,0.12509040534496307
704992,0.1265944242477417
705056,0.12432004511356354
705376,0.11495145410299301
705616,0.12817497551441193
705936,0.12566673755645752
706464,0.12000546604394913
706960,0.12934021651744843
707568,0.1259184628725052
708336,0.12575465440750122
709152,0.12374503165483475
709424,0.128273144364357
710048,0.12506341934204102
710720,0.1228211522102356
710864,0.12266277521848679
710992,0.11364955455064774
712080,0.1259823590517044
712192,0.11093925684690475
714336,0.1234680712223053
714768,0.10867677628993988
715472,0.06614188104867935
716128,0.1281316578388214
717040,0.12291744351387024
717888,0.12252815067768097
718176,0.11995163559913635
719200,0.12383914738893509
720480,0.13045527040958405
720752,0.10705298185348511
720784,0.11686767637729645
720912,0.12295050919055939
720960,0.11704393476247787
721792,0.11519409716129303
722592,0.09960643202066422
723376,0.12160611152648926
723648,0.11737596988677979
723760,0.12316323071718216
724192,0.12437412887811661
724368,0.1113189086318016
726128,0.12800897657871246
726848,0.1301872283220291
727664,0.13178510963916779
727712,0.12800493836402893
727728,0.1210644319653511
727952,0.1162915974855423
727952,0.11281495541334152
728672,0.11605288833379745
728672,0.09894248843193054
728880,0.09438729286193848
730672,0.1231125071644783
730784,0.11526075750589371
730992,0.12699809670448303
731456,0.11410962045192719
731504,0.13157425820827484
731568,0.12359766662120819
731568,0.12206673622131348
732272,0.11935979872941971
733328,0.12365889549255371
733968,0.12482065707445145
734288,0.12710294127464294
734992,0.11149248480796814
735056,0.1269645392894745
736976,0.13009071350097656
737808,0.12806427478790283
738736,0.12442944943904877
739392,0.12716791033744812
739936,0.1204470545053482
740272,0.11172685027122498
740960,0.11399418860673904
741408,0.12245940417051315
741456,0.10699615627527237
741744,0.12675954401493073
742320,0.11655566841363907
742880,0.12526461482048035
743232,0.1238599494099617
744064,0.12969709932804108
744112,0.12563510239124298
744848,0.09207198768854141
745648,0.11529415845870972
745824,0.10510031133890152
745824,0.1240769624710083
745920,0.11989028006792068
746736,0.12895558774471283
747680,0.1249435544013977
747776,0.12152764201164246
748688,0.12182711064815521
749040,0.12557034194469452
749360,0.10661938041448593
749904,0.12739573419094086
752464,0.11744564771652222
752560,0.12694120407104492
752576,0.12314334511756897
753024,0.11931322515010834
753056,0.12660445272922516
754080,0.11315697431564331
754928,0.12363239377737045
755088,0.13005636632442474
756080,0.1278800219297409
756352,0.12899959087371826
756416,0.11299652606248856
756704,0.12075488269329071
757440,0.12911629676818848
757632,0.12389859557151794
757792,0.12239436060190201
758608,0.12353275716304779
759552,0.12474434077739716
759680,0.12559770047664642
759712,0.11938468366861343
759920,0.13155299425125122
760208,0.12424011528491974
760752,0.10166692733764648
762240,0.1193724051117897
762256,0.12585167586803436
763056,0.12964056432247162
763200,0.12284184992313385
763328,0.11711084097623825
764368,0.12683261930942535
765728,0.12608890235424042
765840,0.12735266983509064
766048,0.12591515481472015
766656,0.12495443969964981
767568,0.13086119294166565
768240,0.12566232681274414
769568,0.1267029494047165
770240,0.1322338879108429
771888,0.11377475410699844
772048,0.12701404094696045
772928,0.12114536762237549
773792,0.12156140804290771
773872,0.11693860590457916
774176,0.09419534355401993
775040,0.12206075340509415
775072,0.10242931544780731
775424,0.11802243441343307
777120,0.12392250448465347
777648,0.1295788735151291
777984,0.12038318812847137
778032,0.12579280138015747
778064,0.12073294073343277
778512,0.1266072392463684
778608,0.1277896612882614
778928,0.12486300617456436
779104,0.12572310864925385
780768,0.12398356944322586
781488,0.1239413395524025
781600,0.1315557360649109
781808,0.12303323298692703
782016,0.1263958066701889
782128,0.1290944665670395
782448,0.11691336333751678
782656,0.13081608712673187
782704,0.12539160251617432
783200,0.12598860263824463
783232,0.11877749860286713
783616,0.10464883595705032
785040,0.1263931542634964
785696,0.12358773499727249
787152,0.11736240237951279
787680,0.11564090102910995
787712,0.12295322865247726
787968,0.11686764657497406
788560,0.12416508793830872
788608,0.12172164022922516
789088,0.11972514539957047
789296,0.11597254127264023
790752,0.12036926299333572
791024,0.12997613847255707
791584,0.12288659811019897
792128,0.12144753336906433
792896,0.12403389811515808
794176,0.0986279845237732
795648,0.12209755927324295
796128,0.12467247992753983
797600,0.11671655625104904
797680,0.12505246698856354
797696,0.1267625391483307
798272,0.1251348853111267
798336,0.129261776804924
799008,0.12248129397630692
799376,0.12839606404304504
799936,0.11859782785177231
801264,0.12566731870174408
801280,0.12841708958148956
801584,0.12144676595926285
801664,0.1108851209282875
801936,0.12066987156867981
802624,0.11072484403848648
803152,0.12552402913570404
803536,0.12224911898374557
803648,0.1167760118842125
804784,0.1274448186159134
805088,0.12459684908390045
805168,0.12629111111164093
807904,0.12092813104391098
808176,0.11798140406608582
808480,0.12233360856771469
808704,0.12664775550365448
809712,0.12067244946956635
810112,0.12550756335258484
810224,0.12521053850650787
810832,0.11943010240793228
811344,0.12755492329597473
811728,0.08885975182056427
811936,0.12161142379045486
811952,0.12629756331443787
812288,0.12366641312837601
813264,0.12471608817577362
813424,0.12958675622940063
813536,0.10819399356842041
813792,0.1277066469192505
814736,0.1088898703455925
814896,0.10788322985172272
815216,0.1295626014471054
815520,0.12231190502643585
816192,0.1186661645770073
818288,0.12558117508888245
818304,0.12865276634693146
818480,0.12070620059967041
819024,0.12250924110412598
819040,0.12439658492803574
821168,0.12348201870918274
821568,0.12096760421991348
821856,0.12791836261749268
822096,0.12612619996070862
822320,0.1271633356809616
822704,0.11979841440916061
823376,0.12455245852470398
823936,0.11161693185567856
825024,0.0842798724770546
827552,0.1288755089044571
827744,0.10992423444986343
828912,0.10145819932222366
828992,0.12648512423038483
829664,0.12403282523155212
829696,0.11934582889080048
830544,0.12423819303512573
830864,0.1161416620016098
831248,0.11649199575185776
831952,0.12721142172813416
832032,0.12630072236061096
832160,0.12522976100444794
833408,0.12351827323436737
833520,0.09458361566066742
833712,0.1251349300146103
834112,0.11736079305410385
834288,0.11201759427785873
834816,0.12806503474712372
835488,0.12470754235982895
835488,0.10982143133878708
835728,0.12622612714767456
836064,0.12291119247674942
836336,0.1103942021727562
836800,0.11755996197462082
837120,0.1222451701760292
837232,0.12842923402786255
837904,0.12852655351161957
839088,0.1234608143568039
839104,0.12251575291156769
841360,0.1269567310810089
841584,0.1216498538851738
842528,0.10402099043130875
843232,0.12386705726385117
843248,0.12144345045089722
843440,0.11973060667514801
843920,0.12690190970897675
844896,0.11082500964403152
844944,0.12130105495452881
845408,0.1262158751487732
845696,0.10500667244195938
846032,0.11548297852277756
846720,0.12257632613182068
846944,0.12351378053426743
847504,0.1286073476076126
847504,0.09060646593570709
848512,0.1223640963435173
849056,0.12148188054561615
849296,0.11866967380046844
849440,0.10233064740896225
849696,0.12249576300382614
850656,0.0968945324420929
852368,0.123308926820755
852928,0.12018869817256927
852992,0.12041588872671127
853264,0.12537598609924316
854240,0.12514129281044006
854512,0.12697644531726837
854576,0.12178517878055573
854624,0.12081538140773773
854640,0.12229013442993164
854944,0.10504049062728882
856544,0.12048543244600296
857136,0.11612759530544281
858352,0.12477217614650726
858528,0.12086335569620132
861376,0.12734070420265198
862016,0.12141227722167969
862080,0.1151854544878006
862128,0.12175662815570831
863024,0.11816345155239105
863488,0.12854419648647308
863488,0.12442200630903244
863872,0.12315135449171066
864016,0.12401086837053299
864016,0.12322908639907837
864224,0.12632916867733002
865664,0.12838196754455566
866704,0.11238763481378555
867120,0.12140626460313797
867280,0.1252155750989914
867904,0.10942502319812775
869152,0.12631107866764069
869568,0.11521194875240326
869600,0.11460385471582413
870592,0.12150491774082184
870848,0.12350676208734512
871280,0.12404055148363113
872384,0.11295736581087112
872880,0.12489430606365204
873888,0.12441545724868774
874800,0.12421507388353348
875056,0.12582726776599884
875168,0.12205228209495544
875280,0.11735768616199493
876112,0.11037877202033997
876464,0.12568984925746918
877856,0.12013284862041473
877952,0.12478924542665482
878144,0.12420989573001862
878528,0.12426043301820755
879184,0.11868929862976074
880000,0.12833720445632935
880640,0.12390270084142685
881232,0.121675044298172
881664,0.11883112043142319
881840,0.10919158160686493
882064,0.12741854786872864
883120,0.12419109046459198
883232,0.08227522671222687
883296,0.12241420149803162
883312,0.12240926921367645
884720,0.0961320549249649
884912,0.12845323979854584
885824,0.12243004888296127
886784,0.12137224525213242
886960,0.1246754452586174
887200,0.12351176142692566
888272,0.12037987262010574
888368,0.11615315079689026
888928,0.12810133397579193
888928,0.12844976782798767
890464,0.13149456679821014
890480,0.11225680261850357
890656,0.12293043732643127
891072,0.10513841360807419
891168,0.1299150288105011
891856,0.1295633167028427
892144,0.11049551516771317
892272,0.12250939756631851
894208,0.12502598762512207
894880,0.12288731336593628
896176,0.1250123679637909
897344,0.11198177188634872
897792,0.12219512462615967
898480,0.12587176263332367
898880,0.12546415627002716
899136,0.1259324550628662
900896,0.11387532949447632
900896,0.12258635461330414
901168,0.12273899465799332
901664,0.1248403936624527
902560,0.12137944996356964
902656,0.12545356154441833
903760,0.11292524635791779
903904,0.11601521819829941
904432,0.12575088441371918
904816,0.12411486357450485
905216,0.12076528370380402
905488,0.13056492805480957
906128,0.11873382329940796
906192,0.12404176592826843
906400,0.12675324082374573
906704,0.12581248581409454
909136,0.11845740675926208
909152,0.12520155310630798
909744,0.08142812550067902
910016,0.12558580935001373
910384,0.08874734491109848
911088,0.12240035086870193
911488,0.12358739972114563
911680,0.11211778223514557
913136,0.12252302467823029
913632,0.1256392002105713
913664,0.11742731928825378
914272,0.1274973452091217
914432,0.1272004246711731
915152,0.12061791867017746
915520,0.1210530623793602
916656,0.12252373993396759
917328,0.12022189795970917
917968,0.12536728382110596
918752,0.12780891358852386
918800,0.1202942505478859
919536,0.10840378701686859
919632,0.12530772387981415
919904,0.09793839603662491
920160,0.12742117047309875
920288,0.1274106800556183
921600,0.10824061185121536
922080,0.12432792782783508
922208,0.1204342395067215
922224,0.12645381689071655
923984,0.12357507646083832
924720,0.08710910379886627
924832,0.11453817784786224
926096,0.12615372240543365
926608,0.1251813769340515
926960,0.1254572719335556
927936,0.11874910444021225
928272,0.12752266228199005
928304,0.12103704363107681
928384,0.12257684767246246
928480,0.12136059254407883
928544,0.10959561914205551
928624,0.12299598008394241
929584,0.112474225461483
929600,0.12429078668355942
930144,0.12827005982398987
930992,0.11894354224205017
932320,0.1274241805076599
934512,0.12589287757873535
934912,0.12231611460447311
935296,0.12597058713436127
935584,0.12423133850097656
935680,0.12579147517681122
935712,0.12997181713581085
936016,0.11602821201086044
936352,0.13055388629436493
936768,0.13023707270622253
937152,0.1265019178390503
937536,0.12905536592006683
938096,0.12972794473171234
938880,0.12301208823919296
939248,0.1320488005876541
941024,0.1273806244134903
942512,0.1233171671628952
942768,0.12561479210853577
942800,0.12898162007331848
943808,0.12492252886295319
944464,0.12751398980617523
944688,0.12198835611343384
945376,0.10207390785217285
946080,0.12306440621614456
946176,0.12823821604251862
946336,0.12419918924570084
946960,0.12643107771873474
948272,0.1251746416091919
948736,0.12756311893463135
949360,0.1236371323466301
949488,0.12189784646034241
949776,0.12903599441051483
949824,0.1262643039226532
949904,0.12632186710834503
950000,0.1249329224228859
952288,0.12632066011428833
952544,0.124549999833107
953168,0.12531039118766785
953392,0.12362006306648254
953552,0.12315767258405685
954016,0.12269238382577896
957024,0.12465431541204453
957088,0.1242426186800003
957088,0.12676064670085907
957504,0.1206825003027916
958272,0.12346060574054718
960720,0.12035317718982697
961632,0.1276993602514267
962032,0.12613877654075623
962736,0.12249951809644699
963024,0.12304966896772385
963792,0.1261303424835205
963824,0.12633387744426727
964096,0.1297752410173416
965152,0.1300826221704483
965424,0.12652583420276642
966496,0.12410939484834671
967424,0.12361212074756622
968192,0.12699171900749207
969200,0.12504684925079346
969984,0.11884415149688721
970192,0.1287151277065277
970672,0.11008743941783905
970864,0.12758326530456543
970912,0.12732340395450592
971584,0.07865437865257263
971664,0.13108468055725098
972240,0.1323145031929016
972640,0.12388956546783447
973200,0.11478085815906525
974096,0.12802553176879883
974432,0.12677527964115143
975152,0.12937407195568085
975232,0.11566081643104553
975872,0.12725579738616943
976768,0.12853115797042847
977344,0.12303001433610916
977616,0.12957614660263062
977760,0.12122736871242523
977808,0.11878463625907898
978576,0.12173204123973846
978704,0.12214001268148422
978800,0.12076419591903687
980544,0.12427440285682678
980768,0.12002028524875641
981264,0.11501859873533249
983296,0.10139092803001404
984112,0.12309010326862335
984288,0.12442917376756668
984496,0.11992695182561874
985136,0.130851149559021
985264,0.10465938597917557
985776,0.12588265538215637
985952,0.11514025926589966
986624,0.12765853106975555
986992,0.12080192565917969
987664,0.1179206520318985
988048,0.12386371195316315
988320,0.12670287489891052
988640,0.12466320395469666
988752,0.1309223771095276
989216,0.12998633086681366
990560,0.1147904098033905
990944,0.12441238760948181
991296,0.12143781781196594
991792,0.12807020545005798
991888,0.12294572591781616
992992,0.09898066520690918
994528,0.12545709311962128
994576,0.1277695894241333
994880,0.12252215296030045
995184,0.06813255697488785
995200,0.11860737204551697
995408,0.12520672380924225
995744,0.12892182171344757
996720,0.10110342502593994
998112,0.13148187100887299
998160,0.12697888910770416
998944,0.12841010093688965
999216,0.11849410831928253
999264,0.12773258984088898
999536,0.08322098106145859
999680,0.1284949779510498
999808,0.12824124097824097
1000128,0.12916940450668335
1001680,0.12473339587450027
1002272,0.12619087100028992
1003104,0.13145428895950317
1003776,0.12414023280143738
1005904,0.12651346623897552
1006336,0.12915568053722382
1006880,0.11915891617536545
1007520,0.10709986090660095
1007904,0.1249532476067543
1008304,0.10340598970651627
1008544,0.11371923238039017
1008832,0.12031719833612442
1010096,0.12693481147289276
1010512,0.12482873350381851
1012128,0.09405139088630676
1012272,0.1262412965297699
1012368,0.12002316117286682
1012976,0.12356199324131012
1013088,0.12306377291679382
1013456,0.12537866830825806
1013696,0.1240718886256218
1014288,0.10282161831855774
1014672,0.12591618299484253
1015056,0.12761300802230835
1015088,0.1278495490550995
1015600,0.12542428076267242
1016128,0.1140197217464447
1016496,0.10376528650522232
1017744,0.09202738851308823
1017872,0.1222982257604599
1017984,0.12155020236968994
1018144,0.11638829112052917
1018928,0.13036267459392548
1019008,0.12029856443405151
1019168,0.1265694499015808
1019680,0.11164882779121399
1020960,0.10215499997138977
1021312,0.12240920215845108
1021520,0.12942975759506226
1022688,0.12655767798423767
1024256,0.12901200354099274
1024736,0.12506528198719025
1025312,0.11124866455793381
1025744,0.1219635158777237
1026672,0.12305314838886261
1027136,0.12625358998775482
1027328,0.12815722823143005
1027936,0.12723195552825928
1027936,0.12183807790279388
1028256,0.126298725605011
1028704,0.12078581750392914
1029296,0.09545691311359406
1030144,0.10862544924020767
1030720,0.12121953815221786
1031488,0.1212410181760788
1031504,0.12659625709056854
1032016,0.10796017944812775
1032160,0.11993803828954697
1032304,0.1237657219171524
1033696,0.1277846395969391
1034032,0.10333505272865295
1034320,0.12934795022010803
1034896,0.10791749507188797
1035136,0.12171591073274612
1035456,0.12032778561115265
1035856,0.12354114651679993
1037200,0.12337440252304077
1038496,0.12370873987674713
1039072,0.1253478229045868
1039920,0.13146792352199554
1040128,0.12483856081962585
1040784,0.10863743722438812
1041040,0.11229036003351212
1042000,0.12827107310295105
1042576,0.12405924499034882
1042784,0.11791374534368515
1043408,0.11724251508712769
1043568,0.10805029422044754
1043952,0.1014428362250328
1044640,0.11667594313621521
1044800,0.1233360767364502
1044960,0.12217965722084045
1045232,0.12465476989746094
1045488,0.12569327652454376
1046224,0.12253766506910324
1047088,0.12730644643306732
1048192,0.10309706628322601
1048528,0.12568716704845428
1049824,0.12144063413143158
1049936,0.12299615144729614
1051856,0.122167207300663
1053088,0.1288384199142456
1053440,0.10228686779737473
1053472,0.12472868710756302
1053568,0.10743719339370728
1053840,0.12178417295217514
1056128,0.12610752880573273
1056592,0.12436661124229431
1056864,0.12390363961458206
1056896,0.11331528425216675
1057696,0.12278898805379868
1058192,0.12560077011585236
1058304,0.11436700820922852
1058512,0.11592142283916473
1058992,0.12424344569444656
1059424,0.12815764546394348
1059632,0.12422853708267212
1059680,0.1207742840051651
1060608,0.12560850381851196
1060784,0.12342463433742523
1061360,0.1197689101099968
1061888,0.12254989892244339
1062784,0.11129364371299744
1062944,0.12676717340946198
1063792,0.12339448183774948
1063968,0.1218888983130455
1065280,0.1189664900302887
1065536,0.11976422369480133
1065680,0.11620695888996124
1066560,0.1283479928970337
1066704,0.12603066861629486
1066816,0.12455374002456665
1069072,0.13104669749736786
1069216,0.13285022974014282
1069696,0.1269616037607193
1070064,0.11940378695726395
1070160,0.12776315212249756
1070304,0.1262473165988922
1071088,0.12250842899084091
1071472,0.1224989965558052
1072448,0.11870013922452927
1073680,0.12221688777208328
1073856,0.12362466752529144
1074992,0.1293005794286728
1075184,0.12190865725278854
1076464,0.11904790997505188
1079600,0.12467816472053528
1080240,0.1266154944896698
1080800,0.12442202121019363
1080928,0.12024910748004913
1081472,0.12844666838645935
1081616,0.12532447278499603
1081712,0.12814244627952576
1081808,0.12473253160715103
1082272,0.12384653091430664
1083792,0.13143253326416016
1084416,0.1228490024805069
1084448,0.13325320184230804
1084480,0.1294396072626114
1085408,0.12174887955188751
1085744,0.12776325643062592
1086144,0.12942728400230408
1087008,0.12680640816688538
1087040,0.12744846940040588
1088080,0.12445661425590515
1088528,0.11986885219812393
1088800,0.12243975698947906
1088928,0.12580552697181702
1088992,0.12805914878845215
1089824,0.1203651949763298
1090288,0.12983666360378265
1090512,0.12515880167484283
1091136,0.12080196291208267
1091408,0.1267925351858139
1091632,0.126482293009758
1092464,0.12287572771310806
1092528,0.12197533249855042
1092800,0.12416354566812515
1093520,0.11581506580114365
1093936,0.12420215457677841
1094112,0.12527552247047424
1095024,0.12652800977230072
1096112,0.1291973739862442
1096448,0.12064892798662186
1097408,0.12371915578842163
1098544,0.10442197322845459
1098576,0.1254955381155014
1098640,0.12093701958656311
1098736,0.12880009412765503
1099472,0.10528744757175446
1099680,0.12284119427204132
1100080,0.12080162018537521
1100336,0.11216617375612259
1100608,0.1264823079109192
1100944,0.1234498843550682
1102112,0.12389927357435226
1102112,0.12801896035671234
1102224,0.12940146028995514
1103392,0.11867932975292206
1104000,0.12091443687677383
1104528,0.12939941883087158
1105552,0.11773566901683807
1105616,0.12675365805625916
1107952,0.12797269225120544
1108160,0.11258579045534134
1108816,0.11973509192466736
1109184,0.12629561126232147
1109664,0.10546036064624786
1110544,0.12417491525411606
1110752,0.12673020362854004
1111232,0.12669417262077332
1111296,0.1305362582206726
1111328,0.10573652386665344
1111520,0.12184147536754608
1111808,0.11912967264652252
1112432,0.121219702064991
1114256,0.12686055898666382
1114800,0.12451785057783127
1114816,0.1255059540271759
1115424,0.1082126647233963
1116048,0.11668173968791962
1116336,0.12548133730888367
1117776,0.10928811132907867
1118256,0.12037460505962372
1118288,0.12791505455970764
1118608,0.12825551629066467
1118608,0.12447580695152283
1118816,0.12160288542509079
1118976,0.12627553939819336
1119568,0.12653273344039917
1122400,0.11895051598548889
1122576,0.12591683864593506
1123120,0.12468086928129196
1123584,0.12631314992904663
1124560,0.1274367719888687
1125024,0.12454000860452652
1125632,0.12416936457157135
1126096,0.12147694826126099
1126128,0.12362641841173172
1126624,0.12223276495933533
1127168,0.12085253745317459
1127920,0.11880515515804291
1128848,0.12785471975803375
1129072,0.12593509256839752
1129216,0.12860319018363953
1129456,0.09826522320508957
1129680,0.1244928315281868
1130656,0.12293735891580582
1131408,0.12249639630317688
1131856,0.11432602256536484
1131904,0.11120198667049408
1132416,0.12270557135343552
1132480,0.12343214452266693
1132688,0.12826231122016907
1132944,0.10518262535333633
1133008,0.12488822638988495
1133056,0.1268644481897354
1133344,0.124261274933815
1134208,0.12841200828552246
1134320,0.11925607174634933
1135696,0.12497923523187637
1136560,0.12297423928976059
1137392,0.11425632983446121
1137920,0.12366464734077454
1138608,0.1285189986228943
1139136,0.1257455199956894
1139600,0.1247561052441597
1140960,0.11848217993974686
1141024,0.10718381404876709
1141056,0.12207803130149841
1142992,0.12250906229019165
1143120,0.12326058745384216
1143504,0.12551306188106537
1143584,0.120915986597538
1143776,0.125883549451828
1144640,0.12268546223640442
1144784,0.09961827844381332
1145264,0.12487727403640747
1146736,0.12156987190246582
1146928,0.11892266571521759
1147104,0.12557122111320496
1147216,0.10825696587562561
1147984,0.12371864914894104
1148032,0.1243448480963707
1148672,0.1232534795999527
1148848,0.12259506434202194
1150288,0.12696732580661774
1150672,0.12441429495811462
1151392,0.08576396852731705
1152208,0.12774303555488586
1153600,0.12564273178577423
1154272,0.12484703212976456
1154672,0.1226162239909172
1154832,0.10163228958845139
1155744,0.12582123279571533
1156240,0.1174311712384224
1157536,0.12501969933509827
1157776,0.1249629557132721
1157936,0.11958664655685425
1158512,0.12497564405202866
1159120,0.12135873734951019
1160160,0.1248335912823677
1160848,0.12006597965955734
1161248,0.12745748460292816
1161504,0.12514394521713257
1162736,0.11732804030179977
1162800,0.09859230369329453
1163840,0.11996345967054367
1164592,0.1278972625732422
1164848,0.11622965335845947
1165712,0.12385031580924988
1166272,0.12684541940689087
1166736,0.12125074118375778
1167088,0.12473557144403458
1167536,0.12836624681949615
1169056,0.11976555734872818
1169296,0.12617826461791992
1169888,0.12534210085868835
1170624,0.11875484138727188
1171488,0.12797610461711884
1171616,0.12098101526498795
1171872,0.11581653356552124
1172672,0.1280163675546646
1173664,0.11727521568536758
1174144,0.10832684487104416
1174336,0.1274368017911911
1174976,0.1073417067527771
1175440,0.12530110776424408
1176640,0.12004665285348892
1177184,0.10036220401525497
1177616,0.13008233904838562
1178544,0.12146002054214478
1178992,0.12415961921215057
1179168,0.12156450003385544
1180112,0.11407224833965302
1180608,0.12626689672470093
1180720,0.13015687465667725
1181264,0.12292306125164032
1182080,0.12040436267852783
1182624,0.12179621309041977
1182816,0.12200227379798889
1183360,0.11826558411121368
1183648,0.10446996986865997
1185248,0.1229085773229599
1185696,0.12536585330963135
1186128,0.12763245403766632
1186160,0.1320662945508957
1186288,0.12273954600095749
1187168,0.10607192665338516
1188880,0.11978273838758469
1189552,0.12282325327396393
1189616,0.12446677684783936
1190240,0.1292262226343155
1190768,0.12059786170721054
1191904,0.12305405735969543
1193088,0.12365938723087311
1193776,0.12504048645496368
1194400,0.12372064590454102
1194976,0.08875934779644012
1195072,0.11279191821813583
1195920,0.12302521616220474
1196080,0.12538740038871765
1196112,0.12863890826702118
1197168,0.12081757932901382
1197616,0.10737277567386627
1197744,0.11706552654504776
1197936,0.1089068353176117
1197936,0.1225535199046135
1199488,0.12543870508670807
1200320,0.11273770779371262
1200400,0.1221390813589096
1200640,0.12014708667993546
1200720,0.11289961636066437
1201184,0.12552548944950104
1202560,0.12121590971946716
1203296,0.12230508774518967
1203616,0.12165914475917816
1203856,0.1255064606666565
1204272,0.1251903623342514
1204704,0.12338228523731232
1204800,0.12200942635536194
1204816,0.12231653183698654
1205280,0.1158246397972107
1206176,0.12030502408742905
1206864,0.11883161216974258
1207760,0.12022098153829575
1208512,0.11638080328702927
1210096,0.12403987348079681
1210768,0.1250000149011612
1211008,0.11791139096021652
1211472,0.12546195089817047
1212080,0.11850342154502869
1212384,0.12243716418743134
1213408,0.11297514289617538
1213696,0.11162023991346359
1214224,0.09692210704088211
1215968,0.12214932590723038
1216192,0.1263996809720993
1216544,0.11292064189910889
1216592,0.12493422627449036
1217104,0.12208835780620575
1217200,0.12084877490997314
1217632,0.10832960903644562
1217776,0.11979417502880096
1219232,0.1252969205379486
1219696,0.11301571875810623
1220080,0.1268930584192276
1220144,0.12917761504650116
1221200,0.09811443835496902
1221280,0.12389319390058517
1221344,0.12413149327039719
1221936,0.11749796569347382
1222560,0.1158808246254921
1222768,0.11416392773389816
1223168,0.10617456585168839
1223344,0.12714971601963043
1224208,0.11259958148002625
1224688,0.12510092556476593
1224912,0.12373214960098267
1225360,0.11927547305822372
1225856,0.10904178023338318
1226800,0.12169687449932098
1227856,0.12648014724254608
1228032,0.12130901962518692
1228976,0.12635967135429382
1230240,0.12433035671710968
1230320,0.12765347957611084
1230656,0.12566515803337097
1231408,0.11613838374614716
1232592,0.12227234989404678
1233248,0.11732614040374756
1233616,0.09774110466241837
1233840,0.12355237454175949
1234592,0.07531258463859558
1235328,0.1120757907629013
1236016,0.10766153782606125
1236304,0.11885342001914978
1236864,0.12759801745414734
1237216,0.11507612466812134
1237760,0.12456289678812027
1238816,0.12382068485021591
1239168,0.125738725066185
1239184,0.12501779198646545
1239632,0.12453554570674896
1239808,0.11339665204286575
1240256,0.11346687376499176
1240304,0.12430629879236221
1240384,0.12296172231435776
1240512,0.11934976279735565
1241296,0.12134890258312225
1242176,0.11787450313568115
1242336,0.10156898200511932
1242352,0.1217963695526123
1242560,0.10827457904815674
1243056,0.12253104150295258
1243920,0.12090163677930832
1244752,0.09727825969457626
1244928,0.12399686872959137
1245216,0.11638397723436356
1245424,0.10947325080633163
1245600,0.11436789482831955
1245904,0.11637093126773834
1246272,0.12774863839149475
1247424,0.121297188103199
1247424,0.10562268644571304
1247568,0.12688684463500977
1247584,0.11918307095766068
1251840,0.12983806431293488
1251888,0.11819981038570404
1251936,0.10472554713487625
1252352,0.10190505534410477
1252464,0.12573522329330444
1252544,0.12299972772598267
1252784,0.10871841013431549
1252848,0.11997365951538086
1253856,0.12399408221244812
1254624,0.12001051753759384
1255744,0.11296779662370682
1256416,0.12388966977596283
1256704,0.12469964474439621
1257376,0.10527938604354858
1259120,0.1250818818807602
1259680,0.11349169164896011
1260704,0.09867836534976959
1260976,0.12484340369701385
1263344,0.10364136844873428
1263520,0.11485523730516434
1264304,0.12718214094638824
1264480,0.1288849413394928
1265344,0.12230715900659561
1265760,0.11100071668624878
1268048,0.12235478311777115
1268608,0.12030279636383057
1269632,0.11819642037153244
1270048,0.11219330132007599
1270688,0.1137143075466156
1270832,0.11491132527589798
1271728,0.11684722453355789
1272160,0.12408562749624252
1272160,0.09226193279027939
1272288,0.09977483749389648
1272592,0.12046172469854355
1272880,0.12498895823955536
1272976,0.11596613377332687
1273584,0.12509143352508545
1273856,0.10322868078947067
1274176,0.12440179288387299
1274352,0.11937455087900162
1275008,0.10452967882156372
1275216,0.12711201608181
1276096,0.10339317470788956
1276368,0.12106224149465561
1277168,0.12928763031959534
1277680,0.12841950356960297
1279008,0.12543563544750214
1279168,0.1272546499967575
1279632,0.11918400973081589
1279696,0.113383449614048
1279712,0.12581151723861694
1280864,0.11858462542295456
1281136,0.10303500294685364
1281200,0.12050272524356842
1281824,0.1227598637342453
1282560,0.1267143338918686
1282560,0.11596912890672684
1283200,0.11843210458755493
1284752,0.12786029279232025
1285312,0.1303141564130783
1286352,0.12375311553478241
1286672,0.1306329071521759
1287120,0.12744180858135223
1287696,0.11627253144979477
1288400,0.08590993285179138
1288848,0.11643879115581512
1289088,0.1251332312822342
1289152,0.12665416300296783
1289456,0.12644411623477936
1289872,0.12790797650814056
1290016,0.11859995871782303
1291520,0.11124996840953827
1291584,0.11769695580005646
1292320,0.10496126860380173
1292736,0.12222708016633987
1292992,0.11451740562915802
1293424,0.12503361701965332
1293488,0.12234146893024445
1294160,0.12018252164125443
1294928,0.12602195143699646
1295088,0.12396183609962463
1295216,0.11050401628017426
1295712,0.11626885086297989
1297072,0.11749070137739182
1297680,0.12823127210140228
1297760,0.11981845647096634
1297920,0.10009316354990005
1298208,0.1231827437877655
1298320,0.12362170964479446
1298608,0.12251382321119308
1298912,0.11695393174886703
1299776,0.11552661657333374
1300944,0.1043073758482933
1302240,0.13047748804092407
1302448,0.1175784319639206
1303152,0.12504905462265015
1303648,0.1115560233592987
1304624,0.11676241457462311
1304944,0.12769731879234314
1304960,0.11619073152542114
1305552,0.1272958368062973
1305760,0.12462802231311798
1305952,0.1260400414466858
1306048,0.11041832715272903
1306608,0.12704993784427643
1306992,0.10788335651159286
1307152,0.11839941889047623
1307536,0.10800966620445251
1307936,0.11415907740592957
1308128,0.12251415848731995
1308464,0.09714626520872116
1308464,0.12697327136993408
1308544,0.12209711223840714
1310448,0.11982949823141098
1311200,0.10417171567678452
1311472,0.12504523992538452
1311936,0.12008095532655716
1312064,0.12169979512691498
1312080,0.11979218572378159
1312720,0.11605039983987808
1312960,0.1285407841205597
1313264,0.13255557417869568
1314000,0.12228129059076309
1315088,0.12222453206777573
1316528,0.1269250363111496
1316848,0.12442600727081299
1317824,0.12016073614358902
1318464,0.11686556041240692
1319936,0.11250314116477966
1320096,0.12375153601169586
1321328,0.12968552112579346
1321712,0.12390681356191635
1322048,0.12539583444595337
1322160,0.1295534372329712
1322640,0.12186770886182785
1322880,0.12059427052736282
1323312,0.08550193160772324
1324832,0.12057320773601532
1325264,0.12791353464126587
1325632,0.12141840159893036
1326384,0.11253701895475388
1326976,0.12281360477209091
1327152,0.12917941808700562
1328400,0.1165863499045372
1328784,0.12322943657636642
1329184,0.12666988372802734
1329968,0.12073279172182083
1331168,0.12245354056358337
1332160,0.12442012131214142
1332320,0.12477850168943405
1332320,0.12734372913837433
1332720,0.12331214547157288
1333344,0.10115592181682587
1333584,0.126698300242424
1334016,0.12258605659008026
1334720,0.12684816122055054
1335024,0.11621490120887756
1335152,0.12909752130508423
1335424,0.12312819808721542
1335712,0.1283566653728485
1335936,0.12182854861021042
1336864,0.11591922491788864
1337040,0.12333623319864273
1337184,0.12556517124176025
1339296,0.1274256706237793
1339424,0.12928472459316254
1340416,0.12926407158374786
1340576,0.11768201738595963
1340960,0.12678085267543793
1341104,0.12341836094856262
1341408,0.12692292034626007
1342144,0.12565971910953522
1342960,0.12655337154865265
1343104,0.12457238882780075
1343168,0.11386708170175552
1343328,0.1196678951382637
1343952,0.12659882009029388
1344112,0.12204448878765106
1344560,0.129042387008667
1345232,0.10318231582641602
1345504,0.10810625553131104
1346720,0.12821096181869507
1346928,0.11828456073999405
1347632,0.12256185710430145
1347952,0.12547063827514648
1348848,0.1165580078959465
1349264,0.12648917734622955
1349504,0.12633636593818665
1350160,0.12015733867883682
1351504,0.12151280790567398
1351552,0.1112789735198021
1351712,0.12018318474292755
1352208,0.1276826560497284
1352432,0.12111479789018631
1352576,0.128162682056427
1352880,0.12618574500083923
1353680,0.1244860514998436
1354736,0.12887705862522125
1355088,0.12473952025175095
1355104,0.12451345473527908
1355248,0.11600282043218613
1355744,0.12146914750337601
1356000,0.12742826342582703
1356448,0.12818598747253418
1357264,0.12777335941791534
1358256,0.12547416985034943
1358704,0.12054149061441422
1358768,0.12589271366596222
1358880,0.11289898306131363
1359568,0.11960703879594803
1360224,0.12458879500627518
1360704,0.12492270767688751
1362304,0.12090849876403809
1362384,0.10644952207803726
1362448,0.12632696330547333
1362912,0.12926757335662842
1363600,0.12580637633800507
1363744,0.12768343091011047
1364272,0.12173335999250412
1365056,0.1175737977027893
1366176,0.12214416265487671
1366688,0.12154357135295868
1366704,0.12233234941959381
1366912,0.11537084728479385
1367600,0.12195131182670593
1369088,0.12497851252555847
1369520,0.11747952550649643
1369728,0.12370336800813675
1370208,0.12050072103738785
1370496,0.12606514990329742
1370496,0.10787641257047653
1370736,0.12752261757850647
1370832,0.11948438733816147
1372928,0.11997605860233307
1373712,0.12830553948879242
1373824,0.12139467895030975
1373920,0.12798987329006195
1374320,0.12269992381334305
1374672,0.1339813470840454
1374944,0.13095533847808838
1377392,0.12836967408657074
1377456,0.10677966475486755
1377632,0.1295454204082489
1378080,0.12391569465398788
1378496,0.1271398663520813
1380000,0.1210584044456482
1380144,0.12700766324996948
1380560,0.12685160338878632
1381088,0.1298176646232605
1381552,0.12044975161552429
1383520,0.11475899070501328
1384112,0.12590879201889038
1384240,0.1299360692501068
1384832,0.12167341262102127
1384864,0.1209917813539505
1385104,0.12470683455467224
1385136,0.1269802451133728
1385520,0.12701675295829773
1387136,0.12780624628067017
1387696,0.12413739413022995
1388496,0.09258290380239487
1388752,0.12468843162059784
1388896,0.11101922392845154
1389248,0.10842457413673401
1389776,0.1237431988120079
1390432,0.10470310598611832
1390848,0.1276383250951767
1391216,0.12290406227111816
1391744,0.1261068880558014
1392240,0.12121521681547165
1392384,0.1219395324587822
1393376,0.09156467765569687
1395280,0.1283942013978958
1395408,0.10156381875276566
1395648,0.12217488139867783
1396880,0.12478870898485184
1396912,0.12721730768680573
1398560,0.12679381668567657
1398640,0.12539494037628174
1399168,0.12170299142599106
1399312,0.11906387656927109
1399600,0.09788262844085693
1399760,0.1300220787525177
1401600,0.11684924364089966
1402576,0.1316862404346466
1402624,0.12099376320838928
1402800,0.12200336903333664
1402896,0.09230142831802368
1403024,0.12729859352111816
1403168,0.12730607390403748
1403968,0.12624719738960266
1404224,0.12572930753231049
1404688,0.12028870731592178
1405504,0.12255169451236725
1406160,0.12449343502521515
1406448,0.1296510547399521
1406688,0.12659785151481628
1406704,0.1286679357290268
1407200,0.12751400470733643
1407520,0.12567274272441864
1409104,0.12892530858516693
1409600,0.12843430042266846
1409712,0.12488284707069397
1410208,0.1251458078622818
1410416,0.12004826217889786
1410768,0.12628071010112762
1411248,0.1254856437444687
1411296,0.12843528389930725
1411408,0.11307310312986374
1412416,0.12383904308080673
1412608,0.1254996508359909
1413152,0.1279895156621933
1413232,0.12616653740406036
1413536,0.11432285606861115
1413744,0.12921451032161713
1414240,0.10860683768987656
1414720,0.12113917618989944
1415968,0.1247013658285141
1416336,0.12351028621196747
1416704,0.12091933935880661
1416768,0.12489688396453857
1416816,0.11718012392520905
1417120,0.12326852232217789
1417344,0.12369181960821152
1417440,0.12667815387248993
1418848,0.12028870731592178
1420912,0.12645424902439117
1421968,0.11277402192354202
1422080,0.12286016345024109
1422272,0.1230480968952179
1422896,0.12950296700000763
1423440,0.10262885689735413
1423936,0.11371949315071106
1424768,0.12048116326332092
1425408,0.1101585254073143
1425488,0.129907488822937
1425520,0.12747298181056976
1425792,0.12380987405776978
1425872,0.12531138956546783
1426016,0.11570967733860016
1428064,0.11422351747751236
1429184,0.10169485956430435
1429328,0.1286255270242691
1429424,0.11942891776561737
1429600,0.12749670445919037
1431008,0.11884889751672745
1431136,0.11696275323629379
1431696,0.12598492205142975
1432384,0.12195613980293274
1432544,0.12866194546222687
1433168,0.12007059156894684
1433328,0.10920950770378113
1435552,0.1296480894088745
1435712,0.09592871367931366
1436336,0.12174047529697418
1436672,0.1287497729063034
1436976,0.12375805526971817
1437424,0.12726183235645294
1438256,0.11864115297794342
1438528,0.1263008862733841
1439296,0.12771736085414886
1439856,0.12636153399944305
1440000,0.11530385911464691
1440176,0.125635027885437
1440512,0.12234003096818924
1442064,0.12618930637836456
1442848,0.125471830368042
1443264,0.1115947961807251
1443280,0.12871727347373962
1443360,0.12221986055374146
1443520,0.12436971068382263
1444704,0.12262659519910812
1446208,0.12752097845077515
1446288,0.11846719682216644
1446384,0.0982678234577179
1446912,0.12454155832529068
1448176,0.1254134476184845
1448304,0.12524273991584778
1449696,0.12461142987012863
1450576,0.1332385092973709
1450784,0.12948589026927948
1451104,0.1224576011300087
1453184,0.12876632809638977
1453424,0.11346137523651123
1453520,0.1223541796207428
1453616,0.11920829117298126
1453920,0.1285138577222824
1455552,0.12449046969413757
1456800,0.12591256201267242
1456912,0.12301865965127945
1457104,0.12816748023033142
1457216,0.12275102734565735
1457392,0.1297464519739151
1457520,0.11068014800548553
1457552,0.12323038280010223
1459184,0.1294829398393631
1461024,0.12503957748413086
1461216,0.12679758667945862
1461536,0.12930086255073547
1463328,0.12579289078712463
1464048,0.12867653369903564
1464512,0.12645916640758514
1464528,0.12487781792879105
1464800,0.12236315757036209
1465056,0.13166901469230652
1466112,0.12306293100118637
1466160,0.125583678483963
1466272,0.1257067322731018
1467136,0.11933254450559616
1467456,0.12274615466594696
1467760,0.12592163681983948
1469856,0.1269114911556244
1471024,0.12391376495361328
1471072,0.11331885308027267
1471344,0.12448740750551224
1471584,0.12123808264732361
1472400,0.12703867256641388
1473232,0.1260261982679367
1473264,0.1213713213801384
1473296,0.126235693693161
1473984,0.12296613305807114
1474576,0.11983726173639297
1474592,0.12849161028862
1475120,0.12302514910697937
1475264,0.12005190551280975
1475600,0.11979502439498901
1475792,0.127615824341774
1476832,0.1275022178888321
1477568,0.12488901615142822
1478112,0.12903228402137756
1478400,0.12947441637516022
1478800,0.12687352299690247
1480128,0.1052263081073761
1480224,0.1289527416229248
1480368,0.12728580832481384
1480512,0.12583038210868835
1481152,0.12339736521244049
1481504,0.12670205533504486
1482032,0.1239929050207138
1482064,0.11941763013601303
1482864,0.12015066295862198
1483680,0.12389833480119705
1483856,0.12579789757728577
1484208,0.12841764092445374
1484656,0.12999247014522552
1485616,0.12757985293865204
1485648,0.12369398772716522
1487328,0.12874500453472137
1487424,0.12883298099040985
1488128,0.12152048945426941
1488176,0.09800717979669571
1488736,0.12481161206960678
1489072,0.12739098072052002
1489232,0.12021198868751526
1490976,0.12022971361875534
1491168,0.12292829155921936
1491312,0.12084801495075226
1491648,0.1284935176372528
1491712,0.12175694853067398
1491824,0.1168445497751236
1493392,0.12656699120998383
1493520,0.11803194880485535
1494656,0.11856362968683243
1494672,0.11819668114185333
1495824,0.12365975975990295
1495856,0.11393788456916809
1498080,0.10529264062643051
1498176,0.12508171796798706
1498224,0.12718738615512848
1498880,0.12837442755699158
1498992,0.1234825924038887
1499312,0.12499122321605682
1500208,0.09506309777498245
1500672,0.11276456713676453
1501216,0.12568600475788116
1501344,0.11616092175245285
1501632,0.11749077588319778
1501664,0.1223592758178711
1501728,0.12379821389913559
1501776,0.12598758935928345
1502496,0.12802258133888245
1502544,0.12266848236322403
1502944,0.12658852338790894
1503680,0.11863252520561218
1505216,0.125576451420784
1505280,0.13239885866641998
1506304,0.10093146562576294
1506480,0.1252891570329666
1506736,0.12331122905015945
1507776,0.12096194177865982
1508224,0.12622752785682678
1508528,0.1248910129070282
1508720,0.13188502192497253
1508752,0.12523037195205688
1509040,0.09830012172460556
1509856,0.1267455369234085
1510256,0.12623471021652222
1512112,0.12439130991697311
1512256,0.12511008977890015
1512288,0.12906013429164886
1512688,0.1245303824543953
1513152,0.12870022654533386
1513648,0.11430894583463669
1513824,0.12408675998449326
1515776,0.12458960711956024
1515840,0.12440919876098633
1516176,0.12766128778457642
1516224,0.11915091425180435
1516704,0.1174987182021141
1517136,0.12372920662164688
1519376,0.12013008445501328
1519744,0.1298622190952301
1520208,0.12864626944065094
1520240,0.13000977039337158
1520272,0.1290745884180069
1521552,0.12781694531440735
1521664,0.10799138247966766
1521872,0.1312156766653061
1522128,0.1105848103761673
1522176,0.12563981115818024
1522288,0.06143990159034729
1522832,0.13085494935512543
1523680,0.12443128973245621
1525456,0.12471865117549896
1525616,0.11651072651147842
1526368,0.12297217547893524
1526384,0.12675990164279938
1526384,0.12586021423339844
1526752,0.12588879466056824
1527456,0.12415075302124023
1529120,0.12460530549287796
1529120,0.126429945230484
1530000,0.10923023521900177
1530304,0.12526535987854004
1530992,0.12803682684898376
1532128,0.1262263059616089
1532944,0.12617644667625427
1533520,0.12615439295768738
1533584,0.1247095987200737
1534464,0.1196625828742981
1534592,0.12152546644210815
1534736,0.11657673120498657
1536208,0.11349532008171082
1536368,0.07613358646631241
1536528,0.12244977056980133
1536576,0.12784747779369354
1537888,0.11208692938089371
1539680,0.12416156381368637
1539728,0.10822765529155731
1539920,0.12841962277889252
1539952,0.11963662505149841
1539984,0.11069326102733612
1540128,0.1259090006351471
1540240,0.12619489431381226
1540656,0.1217571571469307
1541984,0.1200890988111496
1543232,0.1273888349533081
1543552,0.1273649036884308
1544080,0.12712837755680084
1544544,0.11021383851766586
1544560,0.1305457055568695
1546800,0.12259510159492493
1547248,0.12642982602119446
1547392,0.11452734470367432
1548160,0.12161777913570404
1549760,0.1238589882850647
1550176,0.12982177734375
1550400,0.12246543914079666
1550704,0.12388965487480164
1550800,0.12624764442443848
1552352,0.12755751609802246
1553280,0.12344338744878769
1553552,0.09505017101764679
1553968,0.12382964044809341
1554304,0.12610913813114166
1554640,0.12414880096912384
1554688,0.12070749700069427
1556112,0.10650710761547089
1556624,0.11782775074243546
1556848,0.12661248445510864
1557088,0.12765461206436157
1558256,0.12372076511383057
1558752,0.110938161611557
1558880,0.11696019768714905
1561328,0.12560924887657166
1561728,0.12567353248596191
1562320,0.122870534658432
1562448,0.12981358170509338
1563744,0.12884096801280975
1563904,0.12403126060962677
1563952,0.12418421357870102
1563968,0.12194012105464935
1564592,0.12329351902008057
1565280,0.12002850323915482
1566032,0.12733601033687592
1566512,0.11625626683235168
1567472,0.11857602745294571
1567472,0.12481774389743805
1567744,0.12476400285959244
1568160,0.12217239290475845
1568464,0.12970542907714844
1569568,0.1262824833393097
1570624,0.1274266541004181
1571008,0.12204998731613159
1571232,0.13071484863758087
1571808,0.1291436403989792
1571936,0.1263851821422577
1572208,0.11343058943748474
1572848,0.09677816927433014
1573616,0.1268138885498047
1574112,0.1274777203798294
1577168,0.12554509937763214
1577360,0.12329808622598648
1577760,0.12621743977069855
1578768,0.12214270979166031
1579024,0.12894468009471893
1579312,0.12324363738298416
1579888,0.12521560490131378
1579920,0.11605750024318695
1579952,0.12374115735292435
1580160,0.13113552331924438
1580720,0.12235710024833679
1580864,0.1321115493774414
1581712,0.12603792548179626
1581888,0.12750810384750366
1582960,0.11811608821153641
1584080,0.12697243690490723
1584464,0.12452382594347
1585168,0.12533237040042877
1585664,0.11977314949035645
1586128,0.1279112696647644
1586560,0.12131317704916
1586976,0.12825043499469757
1587024,0.12624938786029816
1587360,0.11659672856330872
1588624,0.11847163736820221
1588768,0.12371854484081268
1588960,0.12595774233341217
1589120,0.11540228873491287
1589408,0.1256728619337082
1589408,0.12284243106842041
1589632,0.08001282811164856
1589744,0.11703521013259888
1590912,0.12311657518148422
1591216,0.12693817913532257
1591488,0.11864137649536133
1591744,0.12647221982479095
1592080,0.12776927649974823
1592336,0.12837426364421844
1592624,0.12020298093557358
1594032,0.1212194636464119
1595760,0.1223238930106163
1595856,0.12893344461917877
1596368,0.11668843775987625
1596720,0.12416492402553558
1597344,0.11733958125114441
1597408,0.09911127388477325
1597888,0.12549178302288055
1598848,0.11527074873447418
1598880,0.12382493913173676
1599328,0.12018906325101852
1599360,0.12527205049991608
1599440,0.12095453590154648
1599472,0.11458157747983932
1599856,0.10811630636453629
1601040,0.12111644446849823
1602832,0.1286277323961258
1602912,0.1257374882698059
1603008,0.12576085329055786
1603344,0.11552906781435013
1604512,0.12610292434692383
1604656,0.1255638152360916
1605920,0.12687793374061584
1606544,0.12451517581939697
1606896,0.12274785339832306
1607920,0.11701561510562897
1608080,0.12544286251068115
1608304,0.12355094403028488
1609408,0.11997376382350922
1610144,0.12390358000993729
1611440,0.12671390175819397
1611840,0.12543077766895294
1613376,0.12417431175708771
1613440,0.1250195950269699
1613472,0.12443637102842331
1613520,0.110042504966259
1613680,0.1271495819091797
1613680,0.1288180947303772
1613744,0.1199202910065651
1614048,0.12449639290571213
1614112,0.12096379697322845
1616112,0.11413218826055527
1617536,0.12778280675411224
1617632,0.12685389816761017
1618112,0.12706361711025238
1618576,0.10725114494562149
1618640,0.09139291197061539
1618944,0.12597955763339996
1618992,0.10737041383981705
1619664,0.12755608558654785
1620448,0.12671467661857605
1620720,0.1250934898853302
1621184,0.12284339219331741
1623712,0.1222519502043724
1624080,0.12539590895175934
1625392,0.12400589138269424
1625616,0.1198519691824913
1626928,0.09289047122001648
1627264,0.09857574105262756
1627632,0.12487185001373291
1627712,0.12713268399238586
1627776,0.07299066334962845
1627792,0.11770866811275482
1628416,0.12046906352043152
1629344,0.1104426458477974
1629344,0.11744936555624008
1629680,0.1241627037525177
1630432,0.11916875839233398
1631728,0.12613309919834137
1632224,0.07006712257862091
1633024,0.11391390115022659
1633200,0.12105652689933777
1633760,0.11235015094280243
1634720,0.10848302394151688
1635600,0.12627728283405304
1635760,0.12182830274105072
1637360,0.116724893450737
1637600,0.11554601043462753
1638320,0.07740925252437592
1638672,0.12808743119239807
1639072,0.10648135095834732
1639200,0.12010064721107483
1639296,0.12113139033317566
1639840,0.1278930902481079
1640384,0.12473446130752563
1640784,0.1145637035369873
1641712,0.12615974247455597
1641872,0.11367852985858917
1642608,0.12669044733047485
1642656,0.1259346902370453
1645088,0.1242622435092926
1645296,0.12580087780952454
1645424,0.1185656189918518
1645552,0.10352016240358353
1645808,0.1308026909828186
1646240,0.11815960705280304
1646448,0.12231934070587158
1646480,0.11888529360294342
1646544,0.12311145663261414
1647296,0.12321772426366806
1647632,0.12466005235910416
1648176,0.12566454708576202
1648592,0.12628959119319916
1649888,0.1168123409152031
1649952,0.12622590363025665
1650016,0.1289871335029602
1650176,0.11807268112897873
1650336,0.10017567873001099
1650880,0.1289103627204895
1652560,0.13121874630451202
1652576,0.1215253472328186
1653296,0.12594330310821533
1653920,0.1263761669397354
1654448,0.1253889501094818
1654480,0.12362831830978394
1654928,0.12810762226581573
1655680,0.09176215529441833
1656112,0.12813632190227509
1658432,0.11803921312093735
1659424,0.1187305897474289
1659696,0.12253402918577194
1660640,0.13125008344650269
1660720,0.1256622076034546
1661104,0.1268477886915207
1662752,0.11183901131153107
1662816,0.12405988574028015
1663376,0.11276938766241074
1663744,0.10319551825523376
1664160,0.1296454817056656
1664192,0.11657136678695679
1664624,0.12774313986301422
1665328,0.1155732050538063
1665664,0.12778088450431824
1665936,0.1257224678993225
1666432,0.11212753504514694
1666448,0.11677060276269913
1666624,0.11587779223918915
1666912,0.12156698107719421
1667744,0.12421520054340363
1668080,0.12234997749328613
1668704,0.131166011095047
1669792,0.12143456935882568
1669968,0.12369489669799805
1671392,0.12421783059835434
1671472,0.12257404625415802
1671600,0.12944269180297852
1672256,0.126816526055336
1672656,0.1270701289176941
1672848,0.1238119825720787
1673008,0.1196587085723877
1674000,0.10775712877511978
1674176,0.10499093681573868
1674496,0.1296805441379547
1675648,0.09650778770446777
1676256,0.1254914104938507
1676352,0.12765128910541534
1676848,0.11286306381225586
1677632,0.1122879609465599
1678128,0.1251157969236374
1678688,0.12462618201971054
1679120,0.11107871681451797
1679776,0.12939801812171936
1680400,0.12502260506153107
1681232,0.11586419492959976
1681936,0.12308201938867569
1682720,0.11934281140565872
1683040,0.11398016661405563
1683296,0.12522810697555542
1683696,0.12821489572525024
1683904,0.12333057075738907
1683968,0.0913323238492012
1684864,0.11830539256334305
1685264,0.08811349421739578
1685552,0.12480111420154572
1686208,0.12399624288082123
1686256,0.12434935569763184
1686784,0.1222902461886406
1687584,0.11159409582614899
1688064,0.10620324313640594
1688352,0.11750619113445282
1688464,0.12420149892568588
1689200,0.11904735863208771
1689264,0.12001767009496689
1689808,0.12514765560626984
1689808,0.12554395198822021
1690768,0.10413075238466263
1691552,0.11986543238162994
1691984,0.1108434647321701
1692432,0.12426172196865082
1693360,0.12769198417663574
1693888,0.12057217955589294
1694784,0.12723992764949799
1695104,0.1252884864807129
1695120,0.12234724313020706
1695280,0.12050633877515793
1695536,0.12749485671520233
1695584,0.1210988387465477
1695968,0.12323903292417526
1696080,0.11678233742713928
1696352,0.1260838657617569
1697664,0.10860060900449753
1698384,0.12439385801553726
1698704,0.12155794352293015
1698784,0.10834936797618866
1698944,0.10825388133525848
1699024,0.10269323736429214
1699120,0.12314588576555252
1699232,0.12575297057628632
1699920,0.11556687206029892
1701632,0.12483848631381989
1702288,0.12629662454128265
1702352,0.12334024906158447
1702624,0.1232033520936966
1702640,0.12455771863460541
1702800,0.12820494174957275
1702944,0.10549705475568771
1703072,0.1202644631266594
1703472,0.12857818603515625
1703520,0.09930966049432755
1704912,0.11806242167949677
1705424,0.12577040493488312
1706512,0.12899444997310638
1706592,0.07293763011693954
1708896,0.12646803259849548
1709152,0.1214488223195076
1709728,0.12334992736577988
1709872,0.12661753594875336
1710096,0.1210772916674614
1711040,0.11882737278938293
1711696,0.1242033988237381
1712384,0.12356465309858322
1713040,0.12008318305015564
1713280,0.1288514882326126
1713296,0.12593357264995575
1713504,0.1251632273197174
1713712,0.12669637799263
1713760,0.11378731578588486
1714656,0.12647128105163574
1715008,0.12497996538877487
1715184,0.12424952536821365
1716000,0.11478191614151001
1716112,0.11833799630403519
1716208,0.09940999001264572
1716816,0.12498488277196884
1717120,0.12598836421966553
1717248,0.11986120045185089
1718208,0.11495955288410187
1718480,0.12714026868343353
1719008,0.12270582467317581
1719648,0.1263027936220169
1719776,0.11890522390604019
1720384,0.12253377586603165
1720896,0.12418914586305618
1722064,0.12753714621067047
1722464,0.07584243267774582
1723264,0.12317239493131638
1723312,0.12851642072200775
1723552,0.11742469668388367
1723968,0.12530657649040222
1725664,0.09559699892997742
1726000,0.12259320914745331
1726304,0.11309104412794113
1726880,0.12200970202684402
1727088,0.12395977228879929
1728864,0.10493624210357666
1729216,0.12995795905590057
1730288,0.1288272738456726
1730464,0.12072936445474625
1730768,0.11441206932067871
1731472,0.12365606427192688
1731904,0.12334813922643661
1732240,0.11701776087284088
1732368,0.12263511121273041
1732688,0.1151394173502922
1732752,0.12284109741449356
1733824,0.12192176282405853
1733904,0.12204723805189133
1735920,0.1216982826590538
1736048,0.11016925424337387
1736272,0.125721275806427
1736304,0.12534980475902557
1736800,0.11506661027669907
1737568,0.12400124967098236
1737856,0.12623028457164764
1738624,0.12706486880779266
1739648,0.12372881919145584
1739904,0.12207961827516556
1739952,0.12268112599849701
1741488,0.1266237199306488
1742560,0.10558473318815231
1742992,0.12098314613103867
1743152,0.11884773522615433
1744752,0.124193474650383
1745120,0.12171043455600739
1746096,0.11488710343837738
1746640,0.11933751404285431
1746736,0.12588737905025482
1746864,0.12488853186368942
1747024,0.1211167499423027
1747056,0.12430233508348465
1748192,0.12402134388685226
1748320,0.11844391375780106
1749056,0.12091469764709473
1749632,0.12857280671596527
1750640,0.12699280679225922
1751664,0.11263751238584518
1753152,0.12369294464588165
1753184,0.12688259780406952
1753280,0.12584646046161652
1753776,0.1248621940612793
1754160,0.12305039912462234
1755760,0.12926332652568817
1756704,0.12574397027492523
1756752,0.12553827464580536
1757392,0.1287740170955658
1757664,0.12117508798837662
1759024,0.12478528171777725
1759264,0.12748023867607117
1759680,0.12701375782489777
1760256,0.12567175924777985
1761168,0.12385515123605728
1761440,0.1298626959323883
1762624,0.12512104213237762
1763824,0.12166512757539749
1763952,0.12528744339942932
1764448,0.12508665025234222
1764736,0.12509676814079285
1764960,0.10095030814409256
1765184,0.09651865065097809
1765648,0.11306401342153549
1765744,0.12427284568548203
1766384,0.11716187000274658
1767392,0.12630407512187958
1767472,0.12319923937320709
1768368,0.12141846120357513
1768416,0.1253296583890915
1768560,0.12554194033145905
1768912,0.11412190645933151
1770640,0.12607190012931824
1772496,0.12165822088718414
1772576,0.11244996637105942
1772928,0.11817561835050583
1773136,0.11891534179449081
1776288,0.12543584406375885
1777072,0.12430761754512787
1777344,0.12478814274072647
1779088,0.12631206214427948
1779712,0.12630446255207062
1780032,0.12748056650161743
1780256,0.12498366087675095
1781744,0.12141162902116776
1782432,0.1192169114947319
1782656,0.12727002799510956
1785968,0.12964452803134918
1786464,0.1166631355881691
1787248,0.11954983323812485
1787888,0.12711390852928162
1789056,0.12887954711914062
1789600,0.12069586664438248
1789856,0.1270942986011505
1790016,0.12432488799095154
1790176,0.12010995298624039
1790768,0.1256759762763977
1791536,0.12259355187416077
1792016,0.1204654648900032
1792352,0.12480802088975906
1792464,0.1223706379532814
1792880,0.1283329278230667
1793104,0.12596438825130463
1794592,0.12198382616043091
1795600,0.12503495812416077
1796080,0.12740789353847504
1796896,0.12353614717721939
1797040,0.12544000148773193
1798608,0.12741370499134064
1799120,0.12765881419181824
1800512,0.12707549333572388
1802064,0.12400062382221222
1803104,0.12220065295696259
1803392,0.12933140993118286
1804096,0.1250273585319519
1804144,0.12770549952983856
1805792,0.12573140859603882
1806480,0.1288703829050064
1806704,0.12282884865999222
1807536,0.11575634032487869
1807632,0.12229350209236145
1807712,0.12402371317148209
1807888,0.11976458132266998
1807920,0.12025239318609238
1808816,0.11653678119182587
1809328,0.12095965445041656
1809424,0.12021586298942566
1810160,0.11895055323839188
1810800,0.11946193128824234
1811264,0.1267462968826294
1811600,0.10069482028484344
1812064,0.12607519328594208
1812384,0.12233494967222214
1812544,0.1213352382183075
1812832,0.1240018904209137
1812896,0.12503857910633087
1813744,0.12223424762487411
1814128,0.1273401528596878
1815024,0.1261070966720581
1815648,0.12195083498954773
1818176,0.1290745586156845
1819008,0.1296253502368927
1819520,0.12927287817001343
1819728,0.12257268279790878
1820000,0.12630924582481384
1821904,0.13047833740711212
1822128,0.12438321113586426
1822160,0.1134323924779892
1822464,0.12615378201007843
1823616,0.12069110572338104
1824240,0.11320924013853073
1824368,0.12977974116802216
1824832,0.12040242552757263
1825008,0.10666318982839584
1825440,0.12387177348136902
1825696,0.12896038591861725
1825760,0.12457524240016937
1826944,0.12739060819149017
1827168,0.12330570071935654
1827792,0.12746590375900269
1829392,0.12804393470287323
1830704,0.12692250311374664
1831440,0.1277647763490677
1831936,0.12479890137910843
1832448,0.12628339231014252
1832880,0.13418357074260712
1833824,0.10922318696975708
1834000,0.12970514595508575
1834864,0.12711802124977112
1835008,0.12419287860393524
1835504,0.12919242680072784
1835664,0.11967745423316956
1835936,0.10915045440196991
1836176,0.1271040439605713
1837440,0.11723420768976212
1837552,0.12951862812042236
1838992,0.12272126972675323
1839216,0.1255730390548706
1839536,0.12470419704914093
1839776,0.12255752831697464
1840032,0.12598390877246857
1840048,0.12702779471874237
1840688,0.12878210842609406
1841008,0.1259862184524536
1842512,0.1263638138771057
1842528,0.10950680822134018
1843296,0.12411820143461227
1843536,0.13018126785755157
1844432,0.10387718677520752
1844640,0.12783539295196533
1845344,0.10511520504951477
1846048,0.12713214755058289
1846128,0.12982861697673798
1846416,0.11538948118686676
1847024,0.11712031811475754
1847216,0.12565527856349945
1847680,0.12879109382629395
1848176,0.12499658018350601
1848192,0.11932248622179031
1849152,0.12425146996974945
1849584,0.11758116632699966
1849696,0.12686991691589355
1849952,0.12788400053977966
1850176,0.12433986365795135
1850544,0.1311466246843338
1851712,0.127770334482193
1851728,0.1287577897310257
1851792,0.12408235669136047
1852400,0.12874415516853333
1852720,0.1166694238781929
1852736,0.1224997267127037
1853488,0.12324110418558121
1853520,0.12554435431957245
1854080,0.13051708042621613
1854528,0.11469574272632599
1854784,0.1255781501531601
1855280,0.12787427008152008
1855360,0.12910594046115875
1856272,0.12471537292003632
1856736,0.11113783717155457
1856976,0.12940703332424164
1856992,0.12401167303323746
1857584,0.12928682565689087
1858128,0.12473493814468384
1858448,0.11327193677425385
1858928,0.12913565337657928
1860592,0.12803326547145844
1861808,0.11332285404205322
1862336,0.12432273477315903
1862544,0.12677541375160217
1862848,0.12802518904209137
1863760,0.118476502597332
1863840,0.12757691740989685
1864016,0.12022830545902252
1864320,0.12818853557109833
1866192,0.12446542084217072
1866496,0.10399070382118225
1867312,0.1253250688314438
1867584,0.12992893159389496
1867840,0.13045980036258698
1869408,0.12672969698905945
1870112,0.12479326874017715
1870880,0.1256992518901825
1871040,0.12615413963794708
1872640,0.1289714127779007
1873232,0.12758177518844604
1873488,0.12982487678527832
1874288,0.12214238941669464
1874576,0.12763668596744537
1874736,0.12872157990932465
1875056,0.1246296614408493
1875616,0.1225808635354042
1876576,0.12283831089735031
1876832,0.12192251533269882
1877024,0.1276901811361313
1877136,0.12869714200496674
1878176,0.12082885205745697
1878256,0.12502172589302063
1879232,0.12853963673114777
1879600,0.12097284942865372
1879616,0.12773188948631287
1880144,0.12575668096542358
1880320,0.13007786870002747
1881648,0.12634600698947906
1881728,0.12432043999433517
1882688,0.11210191994905472
1882736,0.12403351813554764
1883280,0.12811118364334106
1883936,0.12360908091068268
1884240,0.1130799874663353
1885024,0.12484586983919144
1885104,0.13117608428001404
1885296,0.12856101989746094
1885808,0.11599881201982498
1886336,0.11606889218091965
1887312,0.1285223811864853
1888624,0.12630881369113922
1888864,0.1230403408408165
1889856,0.12215062975883484
1889952,0.11660978198051453
1890288,0.12232743948698044
1890368,0.12540479004383087
1891088,0.12785924971103668
1892160,0.12765347957611084
1892384,0.12578479945659637
1893840,0.1281888484954834
1894608,0.12397798150777817
1894848,0.12593546509742737
1895520,0.1290859580039978
1895920,0.12307210266590118
1897040,0.12504398822784424
1897872,0.12018334120512009
1898000,0.12402438372373581
1898624,0.12403248250484467
1899056,0.10090987384319305
1899168,0.11934195458889008
1899232,0.12298759818077087
1899392,0.12205563485622406
1900592,0.12622325122356415
1901952,0.12445068359375
1902448,0.10678505897521973
1903648,0.12489181011915207
1905712,0.12192132323980331
1908016,0.12422271817922592
1908896,0.12820538878440857
1909120,0.11828936636447906
1909152,0.11708173155784607
1909808,0.1268996298313141
1910720,0.11658847332000732
1910880,0.12003051489591599
1911584,0.12181683629751205
1912352,0.1248711422085762
1913392,0.12342715263366699
1913456,0.12173210829496384
1913664,0.12257643789052963
1913856,0.1205456554889679
1915200,0.1254931390285492
1915248,0.1185082420706749
1916272,0.11661504209041595
1916736,0.11274956911802292
1916848,0.1245235949754715
1916928,0.12231849133968353
1917072,0.11939167231321335
1917472,0.12160734087228775
1918592,0.0981144830584526
1919072,0.12345928698778152
1919488,0.11770119518041611
1919936,0.12120405584573746
1919968,0.11748404055833817
1922096,0.12286645919084549
1922320,0.12638887763023376
1922480,0.11677270382642746
1922608,0.1234472393989563
1923008,0.12576253712177277
1923200,0.12024366110563278
1923648,0.12047392874956131
1925872,0.12435609847307205
1925872,0.11737693846225739
1925936,0.12804464995861053
1926208,0.11357450485229492
1926688,0.12145030498504639
1926768,0.12409014999866486
1927072,0.1219332218170166
1927264,0.12430828809738159
1928048,0.11486820876598358
1929392,0.12010440975427628
1929472,0.11745316535234451
1929536,0.1213948056101799
1929792,0.12003320455551147
1929904,0.12552224099636078
1930336,0.12409614026546478
1930592,0.12710779905319214
1930784,0.13120567798614502
1931568,0.09734313189983368
1931696,0.11475634574890137
1932672,0.12381026148796082
1932880,0.11216320842504501
1932992,0.1281275749206543
1933024,0.11992993205785751
1933088,0.12736934423446655
1934352,0.12198017537593842
1935152,0.10633067786693573
1935744,0.11536429077386856
1936192,0.1221618503332138
1936640,0.1268218606710434
1937792,0.11127911508083344
1938752,0.1259545087814331
1939008,0.11600875109434128
1939136,0.12355651706457138
1939248,0.12109707295894623
1939488,0.12666437029838562
1940560,0.12460582703351974
1941472,0.12635964155197144
1941584,0.1263265460729599
1942016,0.12061574310064316
1942240,0.0946967676281929
1942288,0.11953020840883255
1942816,0.1203223168849945
1943328,0.12378887087106705
1943840,0.12222958356142044
1943920,0.10706071555614471
1944176,0.11757999658584595
1944272,0.09618701785802841
1945056,0.12331759929656982
1945664,0.11570145189762115
1945872,0.11898588389158249
1945952,0.11711462587118149
1946288,0.1266912817955017
1946608,0.11785560101270676
1946736,0.10603086650371552
1946848,0.11503466218709946
1947152,0.12181667238473892
1948544,0.1201622411608696
1949456,0.1268523633480072
1949856,0.12417437136173248
1950304,0.06727448850870132
1950544,0.12554433941841125
1951728,0.10047844052314758
1952032,0.12226555496454239
1952384,0.07092656195163727
1952992,0.11884374171495438
1953248,0.10803385823965073
1953872,0.1233445480465889
1954208,0.11825764924287796
1954464,0.12107551097869873
1954624,0.1146777793765068
1954768,0.12141171097755432
1955664,0.12382416427135468
1955872,0.12165705859661102
1955888,0.12775665521621704
1956336,0.12814214825630188
1956496,0.11414593458175659
1956544,0.0805295780301094
1956768,0.12800467014312744
1957280,0.12362044304609299
1957296,0.1111016497015953
1957840,0.12002220749855042
1958272,0.11406093835830688
1959216,0.12146862596273422
1960128,0.10257850587368011
1960448,0.10931524634361267
1960928,0.12456819415092468
1962416,0.11615224182605743
1962592,0.11366669088602066
1962848,0.11313015222549438
1963232,0.12275142222642899
1963600,0.12195594608783722
1963696,0.12085851281881332
1963888,0.09848980605602264
1963888,0.06829183548688889
1965328,0.11616409569978714
1965456,0.12610383331775665
1965760,0.12461231648921967
1965952,0.12447667121887207
1966512,0.09540646523237228
1967280,0.11687035858631134
1967536,0.12347830832004547
1968224,0.0794377475976944
1968528,0.11115548014640808
1968816,0.11370234191417694
1969184,0.11686256527900696
1969264,0.10991978645324707
1969856,0.12344391644001007
1970032,0.12074199318885803
1970832,0.1242438331246376
1971024,0.1023908481001854
1971552,0.12136216461658478
1971648,0.10415899008512497
1971936,0.09907889366149902
1972752,0.12320343405008316
1973184,0.11493001133203506
1973648,0.1029205396771431
1974512,0.11847908794879913
1975264,0.12812398374080658
1976224,0.11046759784221649
1976320,0.12550806999206543
1976800,0.12548716366291046
1977120,0.12251947820186615
1977248,0.12140030413866043
1977968,0.12494894117116928
1978080,0.12311200797557831
1978512,0.10647769272327423
1978816,0.12182451039552689
1978816,0.12618744373321533
1978944,0.1264878511428833
1979872,0.11460058391094208
1980448,0.1230398491024971
1980704,0.12088196724653244
1981584,0.09883840382099152
1982352,0.12511873245239258
1983520,0.11686532944440842
1983584,0.12746749818325043
1983952,0.12668508291244507
1984176,0.13099122047424316
1987104,0.12079084664583206
1987568,0.12776945531368256
1988032,0.12099897116422653
1988608,0.11542882770299911
1989552,0.11925140023231506
1990320,0.1257781982421875
1990480,0.12340875715017319
1991088,0.12282112240791321
1991312,0.11023447662591934
1991536,0.1250196248292923
1991584,0.09615910053253174
1992080,0.1129138320684433
1993008,0.12413544207811356
1993888,0.12484975904226303
1994592,0.10382025688886642
1995104,0.11375851184129715
1997968,0.13011534512043
1998112,0.1212601438164711
1998144,0.12208442389965057
1998288,0.12940450012683868
1998496,0.12487897276878357
1998496,0.09894585609436035
1998608,0.11940379440784454
2000064,0.11726099252700806
2000160,0.1185704693198204
2000576,0.11252022534608841
2001824,0.1249661073088646
2002032,0.12654611468315125
2002160,0.11360612511634827
2002208,0.1258564442396164
2002848,0.11964739859104156
2002960,0.12196599692106247
2003024,0.09887807816267014
2003952,0.1286454200744629
2004544,0.11888312548398972
2005040,0.12282519042491913
2005344,0.122840516269207
2005408,0.12192154675722122
2005760,0.12757346034049988
2006160,0.11765019595623016
2006464,0.12630271911621094
2007280,0.12456478178501129
2007328,0.1032072901725769
2008176,0.1196460872888565
2008336,0.12105505168437958
2008624,0.11803654581308365
2008768,0.13125216960906982
2008816,0.1270529329776764
2009008,0.12564878165721893
2010880,0.1222555935382843
2011632,0.12173384428024292
2013520,0.10399071872234344
2013872,0.10588298738002777
2014432,0.12819650769233704
2014528,0.11719124019145966
2015504,0.10877416282892227
2015504,0.11322915554046631
2015696,0.11687983572483063
2015904,0.1260584443807602
2016112,0.12268678843975067
2018288,0.12586739659309387
2020656,0.12270167469978333
2021056,0.121677927672863
2021504,0.11932847648859024
2021696,0.11896426230669022
2022496,0.11943522840738297
2022528,0.12236451357603073
2022768,0.12633264064788818
2022848,0.12479858845472336
2023264,0.13007645308971405
2024192,0.11545894294977188
2024304,0.12107604742050171
2025248,0.1285853534936905
2026064,0.12336675822734833
2026464,0.12080225348472595
2026608,0.12278082221746445
2027872,0.12811614573001862
2028800,0.12497074156999588
2030512,0.11962233483791351
2031392,0.12356477230787277
2032336,0.12831708788871765
2032464,0.12268789857625961
2033264,0.1265956461429596
2034864,0.12488577514886856
2035136,0.11584962904453278
2035536,0.10925289988517761
2035696,0.12632347643375397
2038496,0.12658853828907013
2038512,0.12444617599248886
2039488,0.11973774433135986
2040384,0.10661260038614273
2040608,0.13138149678707123
2040912,0.12282099574804306
2041984,0.12387016415596008
2042768,0.12427570670843124
2042880,0.12476513534784317
2043872,0.12670710682868958
2044464,0.12267708778381348
2045936,0.12131864577531815
2046032,0.12842148542404175
2047168,0.12415679544210434
2047216,0.12195831537246704
2047456,0.122647725045681
2047984,0.12568211555480957
2048160,0.12817347049713135
2049072,0.12288662046194077
2049600,0.1198880523443222
2049936,0.12695243954658508
2050784,0.12455320358276367
2051424,0.1171363815665245
2052704,0.12320423126220703
2053040,0.12153802812099457
2053264,0.12129096686840057
2053504,0.12235662341117859
2054272,0.12523606419563293
2054448,0.1032896563410759
2055232,0.12047077715396881
2055376,0.09966833889484406
2056656,0.12304918467998505
2057376,0.11872070282697678
2058608,0.12376953661441803
2058784,0.13016603887081146
2058800,0.08239313215017319
2059264,0.11593663692474365
2060720,0.11753121018409729
2061376,0.07245367020368576
2062032,0.12593622505664825
2063328,0.1274051070213318
2063968,0.12791642546653748
2064560,0.12188278138637543
2064944,0.09250307083129883
2065072,0.1267293244600296
2065792,0.12344479560852051
2066416,0.12480898201465607
2067792,0.10660351812839508
2068112,0.12491380423307419
2069216,0.11258252710103989
2069568,0.1180490255355835
2071104,0.12522196769714355
2072032,0.127078577876091
2074624,0.1304551362991333
2075584,0.1279776692390442
2075904,0.12815245985984802
2075920,0.12416213750839233
2076272,0.12118296325206757
2076560,0.1252020001411438
2076752,0.12362504750490189
2077072,0.09283696860074997
2077392,0.12121191620826721
2077504,0.12352178245782852
2077584,0.12327703833580017
2078208,0.12361718714237213
2078240,0.12446983903646469
2078704,0.11888935416936874
2079472,0.12358168512582779
2080048,0.12710002064704895
2080688,0.1180480420589447
2081824,0.11937841773033142
2082944,0.12620145082473755
2083488,0.12098776549100876
2083536,0.12679173052310944
2083616,0.12517431378364563
2085328,0.12490247189998627
2085424,0.12527526915073395
2085424,0.12775498628616333
2085888,0.12093658745288849
2086688,0.1174127534031868
2087040,0.12606213986873627
2087056,0.13095153868198395
2087456,0.1260058432817459
2087744,0.11947447806596756
2088848,0.12637001276016235
2089008,0.12254160642623901
2089312,0.1251589059829712
2089456,0.10772601515054703
2089616,0.11316531151533127
2090176,0.12384062260389328
2090304,0.12167555093765259
2092368,0.1227034404873848
2093776,0.12190831452608109
2094160,0.12922723591327667
2094176,0.12511543929576874
2094400,0.12915191054344177
2095088,0.12890994548797607
2096352,0.12684154510498047
2096672,0.12158218026161194
2097712,0.12804095447063446
2097744,0.12776727974414825
2099360,0.1279621571302414
2099600,0.12707462906837463
2100192,0.12182013690471649
2100880,0.12213269621133804
2101328,0.11942212283611298
2102032,0.12747718393802643
2102400,0.12886814773082733
2102608,0.12588608264923096
2102976,0.1251029372215271
2103136,0.12202250212430954
2103632,0.1212976723909378
2104432,0.13013024628162384
2104448,0.12289398908615112
2104832,0.10362964868545532
2104880,0.12223788350820541
2106544,0.12446627020835876
2107872,0.12937100231647491
2107952,0.1145981177687645
2108736,0.12487466633319855
2110224,0.11106409132480621
2110304,0.12727735936641693
2111392,0.12648868560791016
2111472,0.1307731568813324
2111632,0.12686705589294434
2111936,0.12463406473398209
2112736,0.12420108914375305
2113104,0.13006792962551117
2113296,0.1297103315591812
2113728,0.12702788412570953
2113920,0.12773559987545013
2114880,0.10320750623941422
2114880,0.1261931210756302
2115248,0.12993967533111572
2116608,0.10533846914768219
2116832,0.12373243272304535
2117392,0.1241229921579361
2118128,0.1195063591003418
2118368,0.1277277022600174
2118816,0.11996825039386749
2119824,0.12912796437740326
2119952,0.10270315408706665
2120240,0.12237802147865295
2122032,0.1262233853340149
2122992,0.12162467837333679
2123344,0.12370722740888596
2123856,0.1271785944700241
2124576,0.12478441745042801
2124992,0.10134732723236084
2125536,0.12692327797412872
2126528,0.12772373855113983
2126880,0.12216830253601074
2128176,0.11804576963186264
2128608,0.12264060229063034
2130880,0.12744013965129852
2131744,0.12617792189121246
2132048,0.12422984838485718
2133760,0.12666036188602448
2134016,0.12622793018817902
2134208,0.12382803112268448
2134384,0.12551993131637573
2134480,0.12624676525592804
2135328,0.124059297144413
2135680,0.12510864436626434
2135696,0.13031044602394104
2135696,0.12109792977571487
2135872,0.1274825930595398
2137200,0.12690244615077972
2137312,0.12962597608566284
2137600,0.12558598816394806
2137792,0.11952841281890869
2138032,0.1265709549188614
2138848,0.12652269005775452
2139056,0.1235802173614502
2139264,0.1290108561515808
2139616,0.09118598699569702
2143184,0.1269746571779251
2143632,0.12449520081281662
2144320,0.13001815974712372
2144464,0.13197903335094452
2144864,0.12539181113243103
2144944,0.12741389870643616
2145120,0.12628307938575745
2145216,0.12690946459770203
2145952,0.11580764502286911
2146352,0.1276160031557083
2146496,0.122561015188694
2146720,0.12480985373258591
2148320,0.1239088773727417
2149456,0.12597090005874634
2149856,0.1242901012301445
2151040,0.12393438071012497
2151888,0.12007427215576172
2151984,0.12818318605422974
2152512,0.10292982310056686
2153648,0.1256711184978485
2154304,0.12734366953372955
2156608,0.1186707466840744
2157504,0.123679980635643
2158144,0.12430322170257568
2159104,0.12745437026023865
2159344,0.12687300145626068
2159824,0.12908467650413513
2160416,0.12851083278656006
2160688,0.1236967071890831
2160720,0.1164429634809494
2160752,0.1107533797621727
2160784,0.1253393292427063
2161456,0.12369375675916672
2162880,0.12348733097314835
2163136,0.11319626867771149
2163232,0.12818333506584167
2163328,0.12781710922718048
2163920,0.12521687150001526
2164272,0.12968821823596954
2165648,0.12305746972560883
2166240,0.12355180084705353
2166448,0.12696032226085663
2166592,0.11489357054233551
2167856,0.12237418442964554
2167904,0.1187121793627739
2168160,0.1247306615114212
2169392,0.10223399102687836
2169616,0.12335023283958435
2172560,0.11564425379037857
2172624,0.12098007649183273
2173280,0.12069448083639145
2173856,0.11991018801927567
2174944,0.1244412288069725
2176208,0.12357248365879059
2176720,0.1255471408367157
2177424,0.12521962821483612
2178672,0.11396482586860657
2180208,0.12541110813617706
2180512,0.12972994148731232
2181152,0.12247975170612335
2181888,0.10682255029678345
2182160,0.12209594994783401
2182288,0.128160297870636
2183456,0.12293945252895355
2183760,0.1227530986070633
2184080,0.12421604245901108
2184288,0.12511534988880157
2184704,0.1262510120868683
2185520,0.126419797539711
2185664,0.1296262890100479
2185728,0.1224234327673912
2186432,0.12392082810401917
2187104,0.12744811177253723
2187696,0.1242731586098671
2188112,0.1249362975358963
2188240,0.12483328580856323
2188944,0.1258961260318756
2189264,0.12220088392496109
2191600,0.12761768698692322
2192352,0.10692597925662994
2192800,0.11108061671257019
2194304,0.13070790469646454
2195008,0.11970426887273788
2195440,0.12355098873376846
2195904,0.120705246925354
2195952,0.12750980257987976
2196112,0.12791511416435242
2197024,0.12001693248748779
2197520,0.12952348589897156
2197664,0.12123914062976837
2197776,0.12716791033744812
2198272,0.12063747644424438
2198416,0.12448126077651978
2198944,0.12583018839359283
2199456,0.1264537274837494
2199584,0.09466572105884552
2201536,0.1207413300871849
2201920,0.12546798586845398
2204160,0.12326271086931229
2204720,0.12134493887424469
2205408,0.12578707933425903
2206560,0.12535178661346436
2206608,0.12655356526374817
2206720,0.1258908361196518
2206752,0.12501643598079681
2206992,0.12854796648025513
2207632,0.1210162341594696
2207840,0.11894938349723816
2207888,0.11879289150238037
2208336,0.1255701333284378
2210240,0.12347250431776047
2210288,0.12508952617645264
2211424,0.12394827604293823
2211712,0.11926846951246262
2212272,0.12644408643245697
2213136,0.12217576801776886
2213696,0.12604351341724396
2214896,0.12223593145608902
2215408,0.12361566722393036
2216064,0.11784157902002335
2216288,0.12289199233055115
2217376,0.12299886345863342
2217568,0.1296924203634262
2217616,0.12620651721954346
2217776,0.1264684498310089
2218496,0.12813884019851685
2219008,0.12013304233551025
2219088,0.12429910898208618
2219424,0.12655916810035706
2219728,0.12023675441741943
2220880,0.12544625997543335
2221184,0.12549372017383575
2222704,0.12403695285320282
2223248,0.1272042989730835
2223792,0.12473218142986298
2224240,0.1308927983045578
2224416,0.12628242373466492
2226032,0.11572395265102386
2226544,0.12647779285907745
2226928,0.12604130804538727
2227392,0.12641142308712006
2227408,0.12933537364006042
2227824,0.12592047452926636
2228176,0.12234341353178024
2228528,0.12467353790998459
2229120,0.1280973255634308
2230544,0.12312968820333481
2230976,0.12059149891138077
2231424,0.123501256108284
2231856,0.12493430823087692
2232128,0.12833867967128754
2232272,0.10848846286535263
2232448,0.12303628772497177
2234144,0.12120013684034348
2237056,0.10673333704471588
2237664,0.124293252825737
2237952,0.11302991211414337
2238016,0.12567922472953796
2238480,0.12966427206993103
2238864,0.12404966354370117
2239136,0.121152862906456
2239408,0.12388381361961365
2241008,0.11137235909700394
2241424,0.11575289070606232
2241968,0.12355688959360123
2242400,0.09696043282747269
2242704,0.12291893362998962
2243680,0.11293745040893555
2243712,0.12058773636817932
2244272,0.12435972690582275
2244352,0.07871528714895248
2245200,0.12118572741746902
2245968,0.1247805580496788
2246224,0.11045459657907486
2246560,0.10337954759597778
2247392,0.1248549371957779
2247632,0.12090707570314407
2248800,0.11256144940853119
2248816,0.11691258102655411
2248880,0.1092597097158432
2250304,0.11964494735002518
2250976,0.12166763097047806
2251296,0.10848760604858398
2251488,0.09830262511968613
2252256,0.12402679026126862
2252384,0.12477314472198486
2252496,0.12302578240633011
2254576,0.12374046444892883
2254816,0.11433233320713043
2254992,0.11426066607236862
2255808,0.12002624571323395
2256096,0.12508690357208252
2256144,0.1016884297132492
2256800,0.10863595455884933
2257024,0.08208876103162766
2257600,0.1248396709561348
2257920,0.1058545857667923
2258144,0.11906104534864426
2258480,0.1227024644613266
2258864,0.0929235965013504
2259504,0.11879914253950119
2260240,0.12154565751552582
2260512,0.1293717324733734
2260608,0.07584262639284134
2261168,0.1258479803800583
2262528,0.11864598840475082
2262640,0.11302382498979568
2263168,0.10311176627874374
2263504,0.12318582087755203
2264800,0.12716718018054962
2266032,0.12704555690288544
2266240,0.12242048978805542
2266560,0.12375310808420181
2267120,0.12457356601953506
2267472,0.1134084016084671
2267472,0.12199626863002777
2267552,0.11672995984554291
2268416,0.1193215399980545
2268768,0.12568530440330505
2270128,0.12439865618944168
2271104,0.12675462663173676
2272304,0.09419014304876328
2272432,0.12248066812753677
2273776,0.12390708923339844
2274176,0.120546355843544
2274464,0.12011026591062546
2275008,0.12319003790616989
2275104,0.11885570734739304
2275936,0.115914486348629
2275936,0.12150457501411438
2276288,0.11509820073843002
2276944,0.12511469423770905
2277232,0.12620261311531067
2277312,0.12405415624380112
2277328,0.12362973392009735
2277888,0.12490533292293549
2278256,0.10084960609674454
2278944,0.11320921778678894
2279456,0.12420200556516647
2279664,0.09815965592861176
2280064,0.12560613453388214
2280992,0.11827616393566132
2281456,0.12020839750766754
2281856,0.12799938023090363
2283296,0.12493344396352768
2283632,0.11171618849039078
2285264,0.12715278565883636
2285504,0.12215292453765869
2286224,0.11606335639953613
2286848,0.12326502799987793
2286992,0.09010137617588043
2287072,0.12399329990148544
2287184,0.12051662802696228
2287728,0.11699651181697845
2287920,0.12582196295261383
2288896,0.08264996111392975
2289056,0.12358193844556808
2290448,0.1167244017124176
2290752,0.11416073143482208
2291904,0.1292039006948471
2292432,0.12061870098114014
2293488,0.11965121328830719
2294304,0.1278267204761505
2294688,0.12149883061647415
2295728,0.11527546495199203
2295952,0.10376612842082977
2296176,0.11860524863004684
2296416,0.10259492695331573
2297040,0.12428566813468933
2298000,0.11372051388025284
2298656,0.12326662242412567
2299216,0.1270831674337387
2299472,0.12994346022605896
2299696,0.12725922465324402
2300496,0.1282709687948227
2301056,0.12660500407218933
2301552,0.12407229095697403
2301792,0.11508343368768692
2302320,0.11461640149354935
2304560,0.12434306740760803
2304896,0.12322127819061279
2304944,0.11043691635131836
2305504,0.11014093458652496
2305632,0.12027981132268906
2306768,0.12079301476478577
2306976,0.12818385660648346
2306992,0.08521781861782074
2308096,0.12344013154506683
2308368,0.1226215809583664
2308512,0.1251690685749054
2309008,0.1168292686343193
2309104,0.12818492949008942
2309728,0.12326572835445404
2310288,0.1260976493358612
2311904,0.12324291467666626
2312560,0.12306641042232513
2313792,0.11337647587060928
2313920,0.11601230502128601
2314032,0.12243854254484177
2314608,0.11427492648363113
2314640,0.1164674162864685
2316160,0.11500254273414612
2316336,0.12653960287570953
2316352,0.12169438600540161
2316736,0.07086212933063507
2316768,0.12493825703859329
2317600,0.1180182695388794
2317616,0.11962205171585083
2317952,0.09202423691749573
2318288,0.12311694771051407
2319152,0.12678329646587372
2319904,0.12612521648406982
2321296,0.10815314203500748
2321696,0.11099860817193985
2323456,0.12537556886672974
2323632,0.1118219643831253
2324464,0.12495873868465424
2326320,0.11830303817987442
2327872,0.11832907050848007
2328512,0.13000068068504333
2328832,0.12851452827453613
2328880,0.11741115152835846
2329408,0.12126024067401886
2331568,0.1265571266412735
2331568,0.12635773420333862
2332400,0.12130850553512573
2332432,0.12411705404520035
2333024,0.1264171451330185
2334400,0.12400959432125092
2335008,0.12165458500385284
2335104,0.1242917850613594
2335920,0.12476475536823273
2335952,0.12316595762968063
2335968,0.12503939867019653
2336048,0.12402165681123734
2336672,0.11303050816059113
2337936,0.12023021280765533
2338560,0.12588201463222504
2338688,0.1287185549736023
2338944,0.12984129786491394
2339088,0.12482867389917374
2339472,0.12327847629785538
2339488,0.12551988661289215
2339504,0.12383641302585602
2339632,0.13222789764404297
2342064,0.12598256766796112
2342192,0.1257541924715042
2342336,0.12253032624721527
2342512,0.12204714119434357
2343024,0.12454327195882797
2343728,0.12669968605041504
2344992,0.12817303836345673
2345696,0.12570862472057343
2345728,0.12439069151878357
2346080,0.1261727511882782
2347264,0.12929841876029968
2348160,0.13194650411605835
2348704,0.11627823114395142
2349264,0.11924029886722565
2349312,0.12246682494878769
2349808,0.12771807610988617
2350176,0.1190037876367569
2351696,0.12319984287023544
2352032,0.11286720633506775
2352128,0.12635618448257446
2352832,0.10124258697032928
2352896,0.07415290921926498
2353728,0.12121224403381348
2353760,0.12266688793897629
2355184,0.12486129254102707
2355392,0.11854080855846405
2355392,0.11600048840045929
2357344,0.125580295920372
2357600,0.12683431804180145
2358944,0.125144362449646
2359040,0.12338820099830627
2359040,0.1081327274441719
2359312,0.11833033710718155
2360192,0.12208108603954315
2360768,0.1182149350643158
2361456,0.1238713189959526
2361552,0.12193003296852112
2361600,0.11457285284996033
2362336,0.12682496011257172
2362528,0.12526582181453705
2362768,0.11984559893608093
2364336,0.11985259503126144
2364688,0.1209222823381424
2365136,0.1250159740447998
2365136,0.09485433995723724
2365872,0.1248495802283287
2366080,0.12157582491636276
2366192,0.1082787960767746
2366304,0.1147921085357666
2367920,0.1291012316942215
2368064,0.10109448432922363
2368512,0.12405972182750702
2368928,0.11524815112352371
2368960,0.12406256794929504
2369792,0.12577247619628906
2370720,0.11208965629339218
2370848,0.1255614459514618
2371664,0.1268564760684967
2372224,0.11533701419830322
2372224,0.10954561829566956
2372400,0.11776362359523773
2373040,0.12583553791046143
2373600,0.11889263987541199
2374176,0.12757207453250885
2374784,0.12700329720973969
2375072,0.11860805004835129
2375168,0.12389049679040909
2375232,0.12819324433803558
2375360,0.11492984741926193
2375728,0.12183213979005814
2376016,0.1248985230922699
2376112,0.11576543748378754
2377168,0.12126537412405014
2377856,0.12294100970029831
2378384,0.12516480684280396
2378576,0.11775527149438858
2378960,0.12689194083213806
2379040,0.12125933915376663
2380720,0.12179813534021378
2381232,0.12761880457401276
2381408,0.12825390696525574
2381488,0.12352621555328369
2381824,0.125202015042305
2383184,0.12767478823661804
2383680,0.1259361207485199
2384848,0.12321404367685318
2384976,0.13263662159442902
2385408,0.12794587016105652
2385424,0.12446767091751099
2385872,0.11820650845766068
2386080,0.1202603355050087
2386960,0.1072554886341095
2387904,0.10766412317752838
2388464,0.1282922923564911
2388496,0.12491342425346375
2388528,0.13023358583450317
2388928,0.11794431507587433
2389424,0.12167958170175552
2389648,0.1294451504945755
2389776,0.12323669344186783
2390672,0.10650244355201721
2391424,0.12534496188163757
2392000,0.12217031419277191
2392544,0.1267763078212738
2392560,0.1279217153787613
2392592,0.09950903803110123
2393072,0.11454659700393677
2394560,0.12555186450481415
2395392,0.12465687841176987
2395472,0.12450490891933441
2395488,0.10710667818784714
2395552,0.12107571959495544
2396112,0.1262774020433426
2398256,0.1271299421787262
2399056,0.12429885566234589
2399136,0.12744413316249847
2399648,0.12378751486539841
2399744,0.12523680925369263
2399776,0.1283906102180481
2400112,0.12965402007102966
2400960,0.12321494519710541
2401728,0.12279707938432693
2401776,0.12616518139839172
2402400,0.11818573623895645
2402560,0.1283503919839859
2402608,0.127431720495224
2402608,0.12342477589845657
2402688,0.12514162063598633
2403312,0.1262950897216797
2403600,0.12846770882606506
2404288,0.09606553614139557
2404448,0.12736235558986664
2405120,0.1133321225643158
2405296,0.12826168537139893
2406096,0.12280402332544327
2406160,0.1273299753665924
2406224,0.12688232958316803
2406912,0.12326810508966446
2409712,0.11987002193927765
2410272,0.12501920759677887
2410848,0.1144471988081932
2412240,0.09549747407436371
2412256,0.12536557018756866
2412400,0.12219250947237015
2412528,0.11595053225755692
2412976,0.12554553151130676
2413280,0.12641865015029907
2413584,0.11121765524148941
2413872,0.12524031102657318
2415040,0.12413773685693741
2415776,0.12520083785057068
2415808,0.12762320041656494
2415968,0.12787030637264252
2416064,0.11735925078392029
2416528,0.1292903870344162
2417312,0.12811672687530518
2417568,0.12126758694648743
2419664,0.12222188711166382
2420240,0.12751267850399017
2420336,0.121763676404953
2420400,0.10328865051269531
2421216,0.12167704850435257
2421568,0.1048336997628212
2422160,0.12176916003227234
2422208,0.11606854200363159
2423040,0.12312435358762741
2424000,0.12616634368896484
2424816,0.11801304668188095
2424944,0.1245768740773201
2425120,0.12529857456684113
2425728,0.1268259584903717
2426400,0.12140758335590363
2426928,0.11831070482730865
2427712,0.11196556687355042
2428160,0.12968556582927704
2428448,0.11304417252540588
2428512,0.12304676324129105
2429456,0.10525413602590561
2431536,0.12989942729473114
2431952,0.12559211254119873
2431984,0.12276440113782883
2432096,0.11318857967853546
2432096,0.12587204575538635
2432816,0.12272725999355316
2432864,0.10028151422739029
2432976,0.12505781650543213
2433792,0.12058042734861374
2434560,0.11644890159368515
2434592,0.12855224311351776
2436400,0.128528892993927
2436528,0.12014371901750565
2439120,0.12592774629592896
2439136,0.12245997786521912
2439168,0.11581077426671982
2440032,0.1267038881778717
2441520,0.12296416610479355
2442320,0.12872755527496338
2442720,0.12303440272808075
2442912,0.09444531798362732
2443056,0.12403537333011627
2443424,0.1296156495809555
2443552,0.09863656759262085
2444112,0.1190154179930687
2446384,0.11917561292648315
2446576,0.12322760373353958
2446576,0.12486505508422852
2446960,0.12408486008644104
2447232,0.11735322326421738
2448432,0.10309364646673203
2448448,0.11931312829256058
2448560,0.12628330290317535
2448864,0.12485321611166
2448912,0.1194252073764801
2449856,0.1295943260192871
2450144,0.12398301064968109
2450480,0.12158661335706711
2450640,0.12558767199516296
2451312,0.12118356674909592
2451552,0.11665775626897812
2452080,0.12279747426509857
2453040,0.11964975297451019
2453344,0.12352077662944794
2453360,0.12464522570371628
2454896,0.12084459513425827
2455104,0.1288103461265564
2456624,0.12166918814182281
2456656,0.12531134486198425
2456752,0.09985225647687912
2456864,0.13160355389118195
2457232,0.11944420635700226
2457440,0.11600637435913086
2457600,0.1255742460489273
2457808,0.12802161276340485
2459152,0.11871936917304993
2459152,0.12236720323562622
2459744,0.12517698109149933
2459808,0.12355205416679382
2459936,0.1296870857477188
2460224,0.13057298958301544
2460480,0.12711308896541595
2460832,0.11371686309576035
2461264,0.1258181631565094
2461312,0.12534575164318085
2462656,0.12944094836711884
2462720,0.12646611034870148
2463296,0.12277102470397949
2463440,0.13003422319889069
2463664,0.11656298488378525
2464096,0.12298458814620972
2465520,0.10680894553661346
2467968,0.12177064269781113
2468224,0.12458361685276031
2469104,0.12810134887695312
2469424,0.1261923611164093
2470672,0.12002857029438019
2470720,0.1295991986989975
2471728,0.12592573463916779
2471792,0.12924811244010925
2472640,0.12703680992126465
2472976,0.12705503404140472
2473104,0.12170706689357758
2473184,0.09220080077648163
2473472,0.12119077146053314
2474800,0.12492622435092926
2476256,0.12202661484479904
2476960,0.10375618934631348
2477488,0.11855146288871765
2477936,0.12664592266082764
2479328,0.1118050068616867
2480144,0.11610269546508789
2480496,0.11708474904298782
2481696,0.1283579170703888
2481888,0.12705086171627045
2481888,0.128951296210289
2483312,0.12638290226459503
2483312,0.1259189248085022
2483984,0.12171212583780289
2484912,0.1283309906721115
2484912,0.13081718981266022
2485232,0.12994754314422607
2485392,0.12834496796131134
2486688,0.12762533128261566
2486832,0.1271788775920868
2487312,0.12026658654212952
2487616,0.12037421017885208
2488768,0.12517179548740387
2489584,0.12297237664461136
2489936,0.1296246349811554
2491056,0.11817711591720581
2491152,0.12715953588485718
2491200,0.13036368787288666
2491888,0.10948782414197922
2494624,0.13112135231494904
2494656,0.12774856388568878
2495360,0.1302935779094696
2497072,0.1150779128074646
2497984,0.12306883931159973
2498208,0.12332545220851898
2498256,0.12181878089904785
2498912,0.12344729155302048
2499056,0.128825381398201
2499664,0.1278112232685089
2500624,0.12914127111434937
2500912,0.09513097256422043
2501056,0.12123806029558182
2502720,0.12092950940132141
2504752,0.12718342244625092
2505152,0.12360814958810806
2505264,0.1231851577758789
2505280,0.1272188425064087
2506000,0.1291055977344513
2506320,0.12031152099370956
2506528,0.12435629218816757
2507936,0.12302224338054657
2507968,0.12334777414798737
2508000,0.12253760546445847
2508208,0.1161462590098381
2508736,0.1305345892906189
2508864,0.12251981347799301
2509408,0.12835922837257385
2510096,0.12209546566009521
2512160,0.12029673159122467
2512400,0.1219465360045433
2512992,0.12431307882070541
2513472,0.12745845317840576
2513568,0.1279841661453247
2514784,0.12707379460334778
2515152,0.1221616119146347
2517008,0.1257287710905075
2518560,0.12705637514591217
2518704,0.1208314374089241
2519200,0.12037913501262665
2519216,0.11375430971384048
2519520,0.1212419718503952
2519584,0.12505178153514862
2520176,0.1291963756084442
2520640,0.12065255641937256
2521136,0.12038914114236832
2522240,0.12540258467197418
2522752,0.12521827220916748
2523088,0.11969920992851257
2523168,0.12162244319915771
2523424,0.1183413490653038
2524032,0.12344322353601456
2524768,0.12389568984508514
2524832,0.12028461694717407
2525360,0.12272745370864868
2525776,0.12856923043727875
2526064,0.125249981880188
2526336,0.12270282208919525
2526592,0.1316356658935547
2526736,0.07910113781690598
2526944,0.122499480843544
2527296,0.1180935949087143
2527696,0.10671043395996094
2527808,0.12187440693378448
2528432,0.1232931986451149
2529232,0.12603749334812164
2530800,0.1276034116744995
2531424,0.12306048721075058
2531792,0.12821660935878754
2532400,0.12474235147237778
2532720,0.12538644671440125
2532864,0.12572169303894043
2533296,0.11256176233291626
2533824,0.12558045983314514
2533888,0.12139963358640671
2534368,0.12670573592185974
2534848,0.1236535906791687
2535152,0.12815149128437042
2535312,0.1187809556722641
2536352,0.12866367399692535
2536640,0.12259907275438309
2537888,0.12408769875764847
2538656,0.12512390315532684
2539072,0.1283116191625595
2539872,0.1187310442328453
2540176,0.12675026059150696
2541408,0.12452439963817596
2541472,0.11273960769176483
2542080,0.11619536578655243
2543136,0.10430964827537537
2543168,0.10383976995944977
2543584,0.1179896742105484
2544688,0.12274735420942307
2545392,0.13044117391109467
2545392,0.13342680037021637
2545520,0.12187368422746658
2545952,0.12626653909683228
2546784,0.12426210194826126
2547584,0.11469590663909912
2548848,0.12318182736635208
2548976,0.11725051701068878
2549600,0.11702056229114532
2549936,0.12361086905002594
2550096,0.1217358186841011
2550352,0.12528572976589203
2550832,0.12816987931728363
2551808,0.12411082535982132
2552128,0.11790480464696884
2553056,0.11488272249698639
2553152,0.1289558857679367
2553440,0.10662336647510529
2553504,0.11887853592634201
2555696,0.1272847056388855
2556176,0.12669198215007782
2556688,0.12402701377868652
2556880,0.12532788515090942
2556992,0.12730750441551208
2557376,0.12306376546621323
2557456,0.10603278875350952
2559168,0.12252979725599289
2559680,0.12601527571678162
2559808,0.12763485312461853
2560384,0.12573842704296112
2561008,0.12262529134750366
2562480,0.11634671688079834
2562800,0.12745976448059082
2563136,0.12652383744716644
2563616,0.11581649631261826
2563744,0.12115716934204102
2564480,0.12998397648334503
2564784,0.1255314201116562
2565040,0.12054023891687393
2566304,0.12753567099571228
2566704,0.12583118677139282
2566848,0.1277761161327362
2568048,0.125942662358284
2568624,0.12756729125976562
2569728,0.1189424991607666
2570480,0.119965098798275
2570992,0.12436192482709885
2571328,0.128538116812706
2571536,0.1290597766637802
2571952,0.1218767985701561
2572144,0.12174836546182632
2574672,0.12593095004558563
2575664,0.12601417303085327
2577472,0.1290183663368225
2577632,0.12515033781528473
2578128,0.12722055613994598
2578128,0.12297198176383972
2578176,0.12788255512714386
2578352,0.12883596122264862
2578976,0.12691934406757355
2579488,0.11854766309261322
2580432,0.10544244945049286
2580784,0.11958429962396622
2581024,0.1226324513554573
2581088,0.11921925842761993
2582544,0.12561513483524323
2582800,0.12215125560760498
2582896,0.12542912364006042
2584096,0.12702547013759613
2584272,0.12604573369026184
2584624,0.1283784657716751
2585936,0.1201731488108635
2586096,0.1272098273038864
2586624,0.12723350524902344
2586640,0.1193762794137001
2587312,0.12153825908899307
2587392,0.1151232123374939
2587520,0.12041811645030975
2588800,0.12199140340089798
2588832,0.12349054962396622
2589040,0.12206204980611801
2589360,0.12508074939250946
2590016,0.09127895534038544
2590592,0.10915494710206985
2591056,0.12399650365114212
2591312,0.12825921177864075
2591648,0.12439306080341339
2591792,0.08835325390100479
2593104,0.130674809217453
2593520,0.12431156635284424
2594576,0.11737014353275299
2595328,0.11874238401651382
2596544,0.12846241891384125
2597440,0.10558347404003143
2597760,0.12597618997097015
2598208,0.10567151755094528
2598784,0.12645471096038818
2599376,0.11071138083934784
2599504,0.10781311243772507
2601664,0.1211969181895256
2603152,0.12401332706212997
2604512,0.12198329716920853
2605248,0.1219351664185524
2606784,0.12591242790222168
2606800,0.12252309918403625
2607712,0.12511342763900757
2608400,0.12245410680770874
2608848,0.12257744371891022
2609696,0.0998525395989418
2609744,0.10898584872484207
2610592,0.1251382827758789
2610720,0.12477599829435349
2610912,0.06121038272976875
2611744,0.12226235121488571
2613280,0.11247532814741135
2613280,0.11946528404951096
2613808,0.12258577346801758
2614304,0.12855611741542816
2616880,0.1223210021853447
2617856,0.12315019220113754
2617984,0.12977199256420135
2618208,0.12527577579021454
2618592,0.1261122077703476
2619408,0.11369818449020386
2620400,0.12637591361999512
2620400,0.12060524523258209
2621536,0.12091542780399323
2622000,0.13184215128421783
2622224,0.12272997200489044
2622912,0.12857787311077118
2622944,0.12677499651908875
2623472,0.1279217004776001
2623488,0.1289054900407791
2624624,0.12416400015354156
2627024,0.11906930059194565
2627024,0.12842057645320892
2628192,0.12266676872968674
2628336,0.12042354047298431
2628464,0.11298772692680359
2628496,0.12604692578315735
2628608,0.12233396619558334
2628896,0.11749213188886642
2629184,0.12113380432128906
2629760,0.11122952401638031
2630656,0.12502719461917877
2632096,0.12249816209077835
2632880,0.12823612987995148
2634208,0.12709414958953857
2635600,0.1265820562839508
2635712,0.12310986965894699
2636208,0.12651187181472778
2636256,0.12522843480110168
2636736,0.12997587025165558
2637584,0.1136949211359024
2637856,0.09966922551393509
2638000,0.12518401443958282
2639776,0.12859567999839783
2639904,0.12470465898513794
2640528,0.12880586087703705
2641200,0.12381897866725922
2641952,0.11711549013853073
2642432,0.12460575997829437
2643056,0.1251455694437027
2644608,0.10336779057979584
2644960,0.12599878013134003
2645328,0.12640438973903656
2645424,0.1239992156624794
2645456,0.12058649957180023
2646048,0.12354867905378342
2647472,0.12391356378793716
2648112,0.1217634379863739
2648304,0.12442589551210403
2649008,0.12553055584430695
2649040,0.11780546605587006
2650112,0.12739336490631104
2651024,0.1261914074420929
2651104,0.1263713538646698
2651744,0.12188549339771271
2652512,0.12276538461446762
2654672,0.13171762228012085
2655200,0.1280527561903
2655312,0.12336792051792145
2655408,0.12513388693332672
2655424,0.10489768534898758
2656080,0.12669481337070465
2656752,0.12445488572120667
2657040,0.12298325449228287
2658160,0.12603196501731873
2659104,0.11862591654062271
2659664,0.12717144191265106
2659712,0.12610647082328796
2660208,0.09232213348150253
2660336,0.13166119158267975
2660864,0.09126034379005432
2662080,0.1239343211054802
2662128,0.11780619621276855
2662576,0.1061067134141922
2662688,0.12485945224761963
2663872,0.12887954711914062
2663936,0.12640997767448425
2664464,0.12327244877815247
2664752,0.1048588752746582
2665264,0.12442906945943832
2666192,0.1206187903881073
2667552,0.12207506597042084
2667792,0.12128296494483948
2668752,0.11853291094303131
2669776,0.11759263277053833
2670400,0.12571507692337036
2671168,0.11768598854541779
2671344,0.1054534837603569
2671888,0.12231694906949997
2672112,0.10507427155971527
2672416,0.12360759824514389
2672832,0.12047958374023438
2672944,0.12007477879524231
2674496,0.12136491388082504
2674928,0.12294941395521164
2675504,0.1180717870593071
2675920,0.12664052844047546
2675984,0.13102933764457703
2676400,0.12502716481685638
2678976,0.12005151063203812
2678992,0.11978290975093842
2679040,0.12027593702077866
2679504,0.12997621297836304
2679520,0.12238363176584244
2679616,0.11841040104627609
2680496,0.11875276267528534
2680752,0.1238633468747139
2681856,0.11863387376070023
2682464,0.12291144579648972
2682608,0.12164589762687683
2682640,0.12503787875175476
2683056,0.11945855617523193
2683104,0.1127043291926384
2683232,0.11233176290988922
2684320,0.1280817836523056
2685584,0.12809525430202484
2685952,0.1285192221403122
2686160,0.12373023480176926
2686704,0.12524515390396118
2687040,0.12201877683401108
2688368,0.11419125646352768
2688880,0.11267855763435364
2689856,0.1264171600341797
2689872,0.1081494614481926
2690192,0.12522085011005402
2690240,0.11075350642204285
2690560,0.12279767543077469
2691872,0.12446574866771698
2693472,0.11386838555335999
2695440,0.12245666235685349
2695616,0.10219355672597885
2696272,0.11371097713708878
2696576,0.12341050803661346
2697040,0.127949520945549
2697264,0.1253349483013153
2697376,0.12659212946891785
2698064,0.11630945652723312
2698512,0.11544039100408554
2698768,0.09516195207834244
2698960,0.1254955232143402
2699152,0.12636183202266693
2699744,0.122282974421978
2700128,0.12767907977104187
2700192,0.12832951545715332
2700912,0.1287144124507904
2701664,0.12070780992507935
2702176,0.12035971134901047
2702528,0.12728922069072723
2702688,0.1247813031077385
2703376,0.12070946395397186
2703760,0.12347116321325302
2704416,0.11889036744832993
2704592,0.12560389935970306
2705248,0.11880409717559814
2706144,0.12306065112352371
2706272,0.12152591347694397
2707040,0.11615805327892303
2707296,0.1269339919090271
2707344,0.1238376721739769
2707344,0.11881586909294128
2708096,0.1305779665708542
2709088,0.10603126138448715
2709264,0.12826840579509735
2709616,0.11623933911323547
2709744,0.09481305629014969
2710656,0.11314695328474045
2710864,0.12053373456001282
2712416,0.11741217225790024
2712512,0.11335888504981995
2712592,0.11835923790931702
2712880,0.12376206368207932
2714112,0.12082462012767792
2714224,0.12120003998279572
2714368,0.11997879296541214
2714480,0.12809407711029053
2716064,0.12673771381378174
2716832,0.11829884350299835
2716832,0.12157229334115982
2717120,0.07840707153081894
2717232,0.13038423657417297
2717520,0.12354639917612076
2717584,0.12909482419490814
2717904,0.12500594556331635
2718016,0.12175268679857254
2719424,0.1209375262260437
2719696,0.12512901425361633
2720384,0.12629714608192444
2720464,0.11405988037586212
2721392,0.12210648506879807
2722816,0.1275566965341568
2723264,0.12483900785446167
2723904,0.1224769875407219
2723904,0.12432320415973663
2724224,0.11975952982902527
2724592,0.12844549119472504
2725328,0.11406408995389938
2726640,0.11712189763784409
2727056,0.12326110899448395
2727744,0.1272801160812378
2727808,0.11929738521575928
2729232,0.12437213957309723
2729424,0.12584857642650604
2730272,0.12443028390407562
2731328,0.12392187863588333
2733360,0.12503065168857574
2733808,0.124727264046669
2733968,0.12201454490423203
2734976,0.13152939081192017
2735248,0.12731552124023438
2735584,0.12504854798316956
2735904,0.12084659188985825
2736560,0.12105604261159897
2736880,0.11898766458034515
2737376,0.12570670247077942
2738336,0.11933248490095139
2738496,0.11965666711330414
2739552,0.12453680485486984
2741712,0.12799659371376038
2741856,0.12385427206754684
2742016,0.12431148439645767
2742096,0.09616151452064514
2742592,0.13018321990966797
2745184,0.12795618176460266
2745840,0.1286880522966385
2746720,0.13051152229309082
2746976,0.11739185452461243
2748080,0.1278427541255951
2748944,0.12222938239574432
2748960,0.11849778890609741
2749296,0.12242624908685684
2749664,0.12439858913421631
2749872,0.12919266521930695
2751488,0.12564606964588165
2752304,0.12642212212085724
2753008,0.11701886355876923
2753104,0.1166674867272377
2754160,0.12440219521522522
2754608,0.12724334001541138
2755808,0.12675906717777252
2756048,0.1265162080526352
2756096,0.11507131904363632
2756336,0.12009798735380173
2758672,0.12534646689891815
2758704,0.12581957876682281
2759632,0.1310138702392578
2759728,0.11884362250566483
2759824,0.12668228149414062
2759920,0.12607738375663757
2760192,0.120577372610569
2760224,0.12255866080522537
2760304,0.12476886808872223
2760976,0.1275855302810669
2762336,0.11976233124732971
2762864,0.12654870748519897
2763424,0.12689194083213806
2763840,0.1264203041791916
2764032,0.1107078567147255
2765376,0.12348004430532455
2765760,0.12346640974283218
2765888,0.12077920138835907
2766112,0.12576176226139069
2766400,0.1219944953918457
2767584,0.12079482525587082
2768256,0.12509198486804962
2768592,0.12566718459129333
2769248,0.12898585200309753
2769408,0.12537676095962524
2769600,0.09227561205625534
2769936,0.07724249362945557
2770384,0.10334376990795135
2770752,0.12002086639404297
2771840,0.12781351804733276
2771968,0.11270642280578613
2772144,0.12047629803419113
2772960,0.09857740998268127
2773376,0.12270719558000565
2773488,0.12913109362125397
2773728,0.09271202981472015
2774288,0.12772072851657867
2774336,0.11800090223550797
2774576,0.12382019311189651
2774672,0.07526163011789322
2774784,0.12495245784521103
2775904,0.0969763770699501
2776880,0.10505718737840652
2777120,0.12883077561855316
2777312,0.1123918890953064
2777344,0.12319420278072357
2777776,0.12669530510902405
2778224,0.11928042024374008
2779056,0.12572044134140015
2780160,0.12278363853693008
2780928,0.12749476730823517
2781632,0.10790521651506424
2781760,0.12241008877754211
2781792,0.12280841916799545
2783552,0.1245892271399498
2784352,0.12246198952198029
2784448,0.12406114488840103
2784544,0.12353038787841797
2785984,0.07172058522701263
2787664,0.12002339214086533
2787936,0.12110551446676254
2789136,0.08117593079805374
2789664,0.11992315202951431
2790240,0.12235661596059799
2790496,0.11982811987400055
2790848,0.11708378791809082
2791168,0.12943431735038757
2793008,0.129538893699646
2793264,0.0969507172703743
2793744,0.12351390719413757
2794096,0.11823594570159912
2794752,0.12082882970571518
2795136,0.12079920619726181
2795168,0.12728261947631836
2795728,0.12438052892684937
2796640,0.12342438846826553
2797888,0.11644607037305832
2798032,0.1251850724220276
2798720,0.12910299003124237
2798752,0.12321200966835022
2799424,0.12510913610458374
2800192,0.12532946467399597
2800672,0.11142903566360474
2801424,0.12014678120613098
2801584,0.10896217077970505
2802992,0.12135662138462067
2803760,0.12126050144433975
2803792,0.12484323978424072
2804240,0.126479834318161
2804400,0.1224546805024147
2805984,0.11550506949424744
2806464,0.1075051873922348
2806480,0.12402258813381195
2806560,0.125020369887352
2807248,0.12341325730085373
2807328,0.12852148711681366
2807376,0.12363637983798981
2807968,0.0884573757648468
2808656,0.11684058606624603
2809472,0.12304748594760895
2810160,0.12527979910373688
2810864,0.12738054990768433
2810992,0.11533704400062561
2811648,0.12222258746623993
2812880,0.12542279064655304
2812928,0.07705269753932953
2813584,0.11685682088136673
2813760,0.12952791154384613
2814432,0.1181880310177803
2815024,0.12462956458330154
2815152,0.12611526250839233
2815424,0.12651237845420837
2815520,0.12534189224243164
2816336,0.12674827873706818
2816480,0.12914732098579407
2816528,0.11520510166883469
2817376,0.12346982955932617
2818240,0.12656652927398682
2818608,0.12823665142059326
2818736,0.1284092664718628
2818784,0.11867727339267731
2819008,0.13185787200927734
2820048,0.12413544207811356
2820272,0.10128268599510193
2821616,0.12175977230072021
2822784,0.1197720542550087
2823232,0.1234343945980072
2824480,0.12499373406171799
2825344,0.1214277371764183
2826144,0.12481670081615448
2827312,0.11144968122243881
2828096,0.12007687240839005
2828640,0.12843681871891022
2829440,0.12728533148765564
2829632,0.12292087078094482
2830304,0.12300200015306473
2830880,0.12144120037555695
2831728,0.12345477938652039
2832352,0.11738437414169312
2832416,0.12134718149900436
2833136,0.12524396181106567
2833152,0.12230993062257767
2833856,0.126491978764534
2834256,0.12754179537296295
2835936,0.11965151131153107
2836400,0.11941852420568466
2836624,0.12054682523012161
2837120,0.09328733384609222
2837632,0.12468238919973373
2837792,0.11079828441143036
2838608,0.09039797633886337
2838848,0.126792773604393
2838928,0.11731290817260742
2840096,0.12664636969566345
2840272,0.12204468995332718
2840688,0.128138467669487
2840960,0.12171158939599991
2841024,0.11856703460216522
2841616,0.12581387162208557
2841648,0.1102055162191391
2842352,0.12498272955417633
2842832,0.12413402646780014
2843232,0.1144111156463623
2843264,0.12209733575582504
2844192,0.12572793662548065
2844208,0.12745040655136108
2844224,0.11983419954776764
2845152,0.1277804970741272
2847344,0.12385953962802887
2847632,0.11996994912624359
2848736,0.12501639127731323
2848896,0.1270635426044464
2849392,0.1264982521533966
2849904,0.12707823514938354
2850320,0.12479796260595322
2850928,0.12336566299200058
2850992,0.11834821105003357
2852272,0.12717798352241516
2852368,0.1250368058681488
2854560,0.12324544042348862
2854896,0.12517069280147552
2856496,0.12191729247570038
2856528,0.12273035198450089
2856992,0.1247396394610405
2857328,0.12737417221069336
2858816,0.12404629588127136
2858896,0.12513776123523712
2859376,0.12556231021881104
2860480,0.12286398559808731
2860912,0.1158139556646347
2861440,0.10540878772735596
2861504,0.12539392709732056
2861952,0.12168236076831818
2862384,0.12606549263000488
2862896,0.12441092729568481
2863328,0.12205381691455841
2864400,0.12264134734869003
2864688,0.13003884255886078
2865504,0.12110965698957443
2866224,0.12031668424606323
2866304,0.09986311197280884
2866496,0.12139300256967545
2866784,0.11885270476341248
2867040,0.08446231484413147
2867184,0.1322944611310959
2867360,0.10395265370607376
2867952,0.12803825736045837
2868240,0.1256672590970993
2869040,0.12222301214933395
2870240,0.12699227035045624
2870784,0.12455780059099197
2871408,0.1247943863272667
2871456,0.12638111412525177
2871552,0.12474367767572403
2872096,0.12332534790039062
2872544,0.12702855467796326
2873472,0.12258551269769669
2873808,0.12469227612018585
2874272,0.11696925014257431
2874496,0.11973169445991516
2874944,0.12251980602741241
2876144,0.10054705291986465
2876256,0.12642279267311096
2877840,0.12237001955509186
2878144,0.12039616703987122
2878176,0.11688035726547241
2878496,0.12756755948066711
2878528,0.12794354557991028
2879696,0.12244319915771484
2879776,0.12639114260673523
2880032,0.10562701523303986
2881328,0.12172801047563553
2881456,0.12491218745708466
2881472,0.1271146982908249
2882240,0.11414942145347595
2883248,0.12645311653614044
2883392,0.12389399111270905
2883824,0.12065823376178741
2884832,0.12622597813606262
2885056,0.11880271881818771
2885600,0.12498850375413895
2885760,0.12167554348707199
2886384,0.13152509927749634
2886656,0.12368398159742355
2886816,0.12795044481754303
2886848,0.1225213035941124
2888320,0.11768928170204163
2888560,0.12356068193912506
2888800,0.1283673644065857
2889216,0.12720394134521484
2889536,0.10577989369630814
2890240,0.12407387048006058
2890384,0.12470073997974396
2891200,0.12721724808216095
2891264,0.06739138811826706
2891776,0.10834496468305588
2892352,0.12375132739543915
2892752,0.12795396149158478
2893104,0.12389715015888214
2893872,0.1146509200334549
2893920,0.11991346627473831
2895328,0.12321285158395767
2895440,0.12202423065900803
2896048,0.11720418184995651
2897408,0.11608485132455826
2899056,0.12651889026165009
2900688,0.12637507915496826
2900896,0.1244763731956482
2901040,0.12687724828720093
2901072,0.12240539491176605
2901424,0.12060389667749405
2901584,0.11601362377405167
2902192,0.1015891283750534
2902656,0.12883618474006653
2903184,0.12307438999414444
2903568,0.12130270898342133
2904480,0.12627528607845306
2904496,0.12417972087860107
2905360,0.12472490221261978
2907232,0.1275128424167633
2907392,0.12325039505958557
2907760,0.12477394193410873
2908096,0.12268443405628204
2908560,0.12245365977287292
2908768,0.12825733423233032
2909824,0.1221865713596344
2910880,0.09432882815599442
2910976,0.11744828522205353
2911280,0.13036765158176422
2912096,0.12925508618354797
2912272,0.12827366590499878
2912736,0.13105158507823944
2914400,0.1231619194149971
2914576,0.12348199635744095
2915728,0.11804033070802689
2916176,0.12127472460269928
2916976,0.12380112707614899
2917456,0.12328794598579407
2917920,0.12517917156219482
2918144,0.1257334202528
2918672,0.12521949410438538
2918928,0.10825317353010178
2919296,0.12458272278308868
2919360,0.1233627200126648
2919424,0.12785102427005768
2919520,0.12159678339958191
2919760,0.11856435984373093
2921040,0.12130802869796753
2922896,0.13166901469230652
2922960,0.13050468266010284
2923040,0.12586475908756256
2924768,0.12279568612575531
2924944,0.12397755682468414
2925040,0.12682794034481049
2926000,0.12586180865764618
2926432,0.1270580291748047
2926512,0.12790971994400024
2926800,0.11916998028755188
2928624,0.11785203963518143
2928768,0.12607379257678986
2930000,0.1252484917640686
2932160,0.1156805232167244
2932336,0.1261112242937088
2932592,0.12420929223299026
2932608,0.12365416437387466
2933296,0.1268339306116104
2933680,0.12298880517482758
2933952,0.12443148344755173
2934944,0.11891244351863861
2935680,0.12494304031133652
2935888,0.12900294363498688
2935968,0.12771636247634888
2936080,0.11457037180662155
2936800,0.10586262494325638
2936832,0.12299332767724991
2936832,0.12555553019046783
2937360,0.1276712715625763
2939360,0.12666526436805725
2940400,0.11272889375686646
2940512,0.12390675395727158
2940928,0.13062553107738495
2940992,0.13034091889858246
2942992,0.1288217306137085
2943936,0.12717866897583008
2944576,0.1274532824754715
2945696,0.12641224265098572
2946608,0.11826230585575104
2946736,0.12785981595516205
2948944,0.10683933645486832
2950032,0.12208537757396698
2950192,0.12439076602458954
2951120,0.12208814173936844
2951696,0.12983745336532593
2951920,0.1205916553735733
2952864,0.12649774551391602
2952880,0.11795350909233093
2954144,0.07827030122280121
2954592,0.12654992938041687
2955152,0.12490124255418777
2955248,0.124486044049263
2955664,0.09324923902750015
2956144,0.10496903210878372
2956240,0.12088119983673096
2956464,0.12730132043361664
2958208,0.1258322149515152
2958816,0.12331026792526245
2959264,0.13144323229789734
2959792,0.12486864626407623
2960048,0.12144243717193604
2961152,0.12141792476177216
2962832,0.11892576515674591
2964592,0.13119010627269745
2965856,0.12386208027601242
2966048,0.12382057309150696
2966416,0.12313637882471085
2966448,0.12431169301271439
2966832,0.12288982421159744
2966832,0.1281018853187561
2966880,0.12829335033893585
2967200,0.11560406535863876
2968896,0.1268407106399536
2969376,0.12539535760879517
2970832,0.11998970806598663
2972448,0.12852397561073303
2972848,0.12694692611694336
2973632,0.12315655499696732
2973712,0.09786734730005264
2974992,0.12197522073984146
2975376,0.12638713419437408
2976800,0.13245585560798645
2977088,0.12437716871500015
2977456,0.12858761847019196
2979632,0.12528686225414276
2981104,0.1250404715538025
2982240,0.12201394140720367
2983616,0.1237429603934288
2984032,0.13390950858592987
2985824,0.12200695276260376
2987200,0.12591677904129028
2987424,0.12039128690958023
2987728,0.13042518496513367
2988128,0.11889991909265518
2988176,0.12512753903865814
2989344,0.12461032718420029
2990224,0.12690913677215576
2990736,0.12676328420639038
2991232,0.12980452179908752
2991296,0.12500542402267456
2991936,0.12872444093227386
2993184,0.11272517591714859
2994336,0.12116973847150803
2994496,0.126157745718956
2995168,0.1306026577949524
2995456,0.1264207810163498
2996224,0.11276596039533615
2996704,0.12592820823192596
2996768,0.12378838658332825
2997328,0.12047801166772842
2998016,0.12727400660514832
2998704,0.12018956243991852
2998848,0.12059240788221359
2999584,0.12351254373788834
2999712,0.12311374396085739
3000368,0.1256333738565445
3000704,0.12815123796463013
3001424,0.11851385235786438
3001520,0.12649109959602356
3002208,0.12365002185106277
3002304,0.11171190440654755
3002336,0.11779636144638062
3003488,0.12681372463703156
3003856,0.12297141551971436
3005040,0.1203998401761055
3005040,0.12484761327505112
3005072,0.12788750231266022
3006688,0.12853434681892395
3007344,0.12239700555801392
3007360,0.12694306671619415
3009488,0.12286818027496338
3009568,0.1206299215555191
3010272,0.11822649091482162
3010912,0.1238856092095375
3011504,0.07741303741931915
3011760,0.0767764076590538
3012656,0.11738312989473343
3013088,0.12549179792404175
3013200,0.11741085350513458
3013376,0.13146284222602844
3013904,0.08871874213218689
3014048,0.120254747569561
3015088,0.12574604153633118
3015136,0.1275652050971985
3015312,0.12271048128604889
3015680,0.12555836141109467
3015696,0.12497177720069885
3016256,0.12688995897769928
3016656,0.10831218212842941
3017200,0.09644773602485657
3017776,0.11717138439416885
3018608,0.12302160263061523
3018704,0.121677465736866
3018720,0.1270260065793991
3018864,0.12346559017896652
3020256,0.122377410531044
3020848,0.1274682730436325
3020880,0.10679582506418228
3022112,0.12248510122299194
3022416,0.12548835575580597
3022912,0.12513107061386108
3023856,0.12586911022663116
3024336,0.1241934671998024
3024800,0.12118159234523773
3025616,0.12235677987337112
3025920,0.10610109567642212
3026448,0.1333223432302475
3026896,0.10464024543762207
3026928,0.1163279190659523
3027392,0.12403185665607452
3027456,0.1276986449956894
3027968,0.122940294444561
3028352,0.1240917295217514
3028464,0.11896748840808868
3029472,0.12634053826332092
3029936,0.12294729053974152
3029952,0.1272020787000656
3030352,0.09980398416519165
3030352,0.12829598784446716
3030432,0.12577179074287415
3030736,0.1277139037847519
3031824,0.1264585554599762
3031888,0.12945303320884705
3031920,0.11570416390895844
3033600,0.12262076139450073
3034000,0.12539495527744293
3034288,0.1273481696844101
3034512,0.13220231235027313
3036480,0.12339919805526733
3037008,0.12613287568092346
3037008,0.1148814857006073
3037136,0.13108313083648682
3037488,0.1181921511888504
3037504,0.1236533522605896
3038064,0.12783415615558624
3038656,0.12442079931497574
3038848,0.12352600693702698
3039072,0.12750275433063507
3039216,0.12498895823955536
3040768,0.1241472139954567
3041136,0.12687622010707855
3041408,0.12799498438835144
3041952,0.12941484153270721
3042416,0.12995992600917816
3042480,0.12141598016023636
3043760,0.11898888647556305
3044112,0.12967880070209503
3044592,0.12508007884025574
3044672,0.12172752618789673
3044896,0.12962885200977325
3045152,0.08784060180187225
3045312,0.12937720119953156
3046784,0.11867949366569519
3047680,0.118831105530262
3048400,0.12913113832473755
3048416,0.13133609294891357
3048784,0.12221603840589523
3049024,0.1296166330575943
3050576,0.1296044886112213
3051088,0.11245504766702652
3052432,0.12377864122390747
3054032,0.12572011351585388
3054128,0.12462319433689117
3054416,0.125232994556427
3054560,0.11482351273298264
3055120,0.10271359980106354
3056160,0.12552277743816376
3056880,0.12030766904354095
3057504,0.1226644366979599
3058192,0.12823151051998138
3058640,0.12683933973312378
3058640,0.12212444096803665
3058688,0.12418501824140549
3059248,0.12154652178287506
3059840,0.13097816705703735
3060416,0.12145081162452698
3060848,0.12106039375066757
3061088,0.1242775097489357
3061760,0.12241765111684799
3062192,0.12316834926605225
3062224,0.11974741518497467
3062288,0.12438300997018814
3062832,0.12550422549247742
3064608,0.12097003310918808
3065440,0.12114228308200836
3065872,0.12326908856630325
3066672,0.12597784399986267
3066992,0.1212964579463005
3067328,0.10750497132539749
3067968,0.12325432151556015
3068176,0.12819348275661469
3068480,0.12613895535469055
3068640,0.12394639849662781
3068832,0.1300218254327774
3069392,0.12641604244709015
3070304,0.1226242184638977
3070512,0.11749318987131119
3070848,0.1272072046995163
3071424,0.12921801209449768
3071456,0.10050781816244125
3072320,0.12964163720607758
3072608,0.12116287648677826
3074128,0.12293659150600433
3074224,0.1208469420671463
3075232,0.12644894421100616
3077344,0.12757925689220428
3077632,0.12686969339847565
3077728,0.12462913990020752
3078480,0.12674887478351593
3078800,0.12247826159000397
3079056,0.12730297446250916
3079136,0.12518692016601562
3079424,0.12913751602172852
3079728,0.12223608046770096
3080064,0.1265515685081482
3080912,0.12491383403539658
3081312,0.1238187775015831
3082096,0.12069134414196014
3082608,0.12406191974878311
3083632,0.09599307924509048
3083728,0.11610434204339981
3084592,0.1276259571313858
3084848,0.1266452819108963
3085024,0.12293481826782227
3087056,0.12297120690345764
3087200,0.12255650013685226
3087248,0.12905316054821014
3087952,0.12780533730983734
3088128,0.12116889655590057
3088496,0.1255940943956375
3089664,0.1141464114189148
3089968,0.12626633048057556
3089984,0.1226762980222702
3091264,0.11794465780258179
3092848,0.12202799320220947
3093040,0.11635003983974457
3094128,0.12662121653556824
3094272,0.12645289301872253
3095232,0.11770156770944595
3096112,0.1274643987417221
3096480,0.11641834676265717
3097088,0.12797126173973083
3097136,0.1286817342042923
3097648,0.12271367758512497
3097648,0.1285962462425232
3097760,0.12728188931941986
3098336,0.1252143383026123
3099744,0.12409074604511261
3100240,0.1227688416838646
3100576,0.12492971867322922
3102128,0.09854916483163834
3102624,0.12557846307754517
3102912,0.12436915934085846
3102960,0.12518683075904846
3103312,0.12223948538303375
3104208,0.12535236775875092
3105520,0.11768073588609695
3106400,0.12689274549484253
3106592,0.1232929527759552
3107328,0.12380971014499664
3107632,0.12412727624177933
3107824,0.12681636214256287
3108336,0.1273879110813141
3109536,0.12185431271791458
3109632,0.12380731850862503
3109952,0.12757335603237152
3110112,0.13431987166404724
3111152,0.12417398393154144
3111968,0.12530198693275452
3112720,0.08504874259233475
3113056,0.1289849877357483
3113984,0.13117408752441406
3117168,0.12997759878635406
3117312,0.12694306671619415
3117504,0.12838177382946014
3118176,0.12897737324237823
3118976,0.12682519853115082
3119632,0.12493529170751572
3119824,0.1239820122718811
3120192,0.1252395659685135
3120352,0.1278286874294281
3120656,0.12769417464733124
3120800,0.12518510222434998
3121072,0.1263500303030014
3121104,0.1294306069612503
3121184,0.12080182880163193
3121696,0.1303246021270752
3122016,0.12639161944389343
3123280,0.11775966733694077
3123920,0.12574711441993713
3124224,0.13053306937217712
3124624,0.12626230716705322
3124720,0.12190539389848709
3125264,0.1247154250741005
3126048,0.11986478418111801
3126048,0.12622135877609253
3127360,0.10538969933986664
3127552,0.120755136013031
3127952,0.12416291981935501
3130176,0.1256675124168396
3130768,0.12574400007724762
3131104,0.12189025431871414
3131408,0.12653674185276031
3131488,0.1328057050704956
3131696,0.12562891840934753
3131792,0.12340386211872101
3133120,0.1281728744506836
3134496,0.12416352331638336
3134528,0.12468235939741135
3134816,0.1284361481666565
3135200,0.12269988656044006
3136656,0.12439034879207611
3136688,0.12261290848255157
3137216,0.12363661825656891
3137296,0.1161622405052185
3137888,0.11846858263015747
3138064,0.12348154932260513
3138112,0.1251111775636673
3138384,0.12527422606945038
3138464,0.12877917289733887
3138672,0.12359992414712906
3140256,0.12411492317914963
3141568,0.12788516283035278
3141808,0.12325088679790497
3141920,0.1284007579088211
3142288,0.12460273504257202
3142528,0.12193494290113449
3143200,0.12654857337474823
3145072,0.12672752141952515
3145440,0.12573912739753723
3145488,0.12929901480674744
3145696,0.13155525922775269
3145776,0.12343116849660873
3146400,0.12674355506896973
3148608,0.12934017181396484
3148912,0.12737809121608734
3149040,0.1257583200931549
3149264,0.12232347577810287
3149952,0.12456095218658447
3150384,0.11940921097993851
3150848,0.12102838605642319
3151584,0.11962828040122986
3152160,0.11991412937641144
3152336,0.12759286165237427
3152400,0.1283254325389862
3152528,0.12684066593647003
3152560,0.12978649139404297
3152640,0.12412984669208527
3152816,0.1287481188774109
3152896,0.11185622960329056
3153472,0.12552078068256378
3155552,0.12783204019069672
3155824,0.12105043977499008
3156000,0.127881720662117
3156384,0.1217408999800682
3156480,0.12763838469982147
3156976,0.11937395483255386
3158160,0.12178263813257217
3159376,0.12465304136276245
3159440,0.12511271238327026
3159616,0.10909249633550644
3160544,0.12632085382938385
3161408,0.1312873214483261
3162688,0.12804585695266724
3163104,0.12323945760726929
3166640,0.12738186120986938
3166656,0.1224331259727478
3166656,0.1299455314874649
3167600,0.13074646890163422
3168256,0.127292662858963
3168784,0.12573795020580292
3170160,0.12718605995178223
3170240,0.12530337274074554
3170240,0.12500138580799103
3173536,0.1255982220172882
3173568,0.12508632242679596
3174496,0.1278957724571228
3175872,0.12757083773612976
3177088,0.12620708346366882
3177088,0.12397227436304092
3177328,0.1299140453338623
3177552,0.12502992153167725
3178000,0.12756428122520447
3178208,0.12951785326004028
3178880,0.132770374417305
3179008,0.12897050380706787
3179472,0.1234269067645073
3180368,0.12153750658035278
3180624,0.12469500303268433
3180624,0.1253386288881302
3180720,0.12319821119308472
3180832,0.12685246765613556
3181616,0.1234734058380127
3181856,0.12526880204677582
3182416,0.1268967092037201
3182880,0.12873178720474243
3183872,0.12255430966615677
3184272,0.13045507669448853
3184624,0.12921541929244995
3185072,0.08291756361722946
3185200,0.12642253935337067
3185488,0.12865407764911652
3186416,0.12855340540409088
3187440,0.129176065325737
3187792,0.12616585195064545
3188240,0.12810660898685455
3188304,0.12642747163772583
3189184,0.11887604743242264
3189616,0.12512341141700745
3190064,0.12400998175144196
3191584,0.1213822290301323
3191888,0.12600426375865936
3192176,0.12667803466320038
3192640,0.12306655943393707
3192688,0.1297798454761505
3195040,0.13072559237480164
3195376,0.12965725362300873
3195488,0.12628626823425293
3196064,0.10270220041275024
3197056,0.1123485341668129
3198432,0.12456192076206207
3198448,0.12393846362829208
3198656,0.13160890340805054
3198992,0.12380986660718918
3201776,0.127488374710083
3202032,0.11845528334379196
3202192,0.12896478176116943
3202208,0.12258962541818619
3202752,0.1279374659061432
3203088,0.12406032532453537
3203744,0.12565180659294128
3205584,0.12514840066432953
3205664,0.12458420544862747
3206112,0.129568412899971
3206960,0.12924030423164368
3207344,0.12527255713939667
3207424,0.10351870954036713
3207520,0.0851556807756424
3207632,0.12349552661180496
3208832,0.12553590536117554
3209168,0.12284477800130844
3209504,0.1318502575159073
3210128,0.12923596799373627
3210416,0.12999610602855682
3211872,0.12467359006404877
3212480,0.12407457828521729
3212720,0.12050861120223999
3212752,0.11960338801145554
3213120,0.12427616864442825
3213536,0.11846210062503815
3213648,0.12553739547729492
3213920,0.12151795625686646
3214624,0.12404599040746689
3214720,0.13216659426689148
3215408,0.12025313824415207
3216128,0.12651672959327698
3216432,0.11992264539003372
3217104,0.12486758828163147
3219792,0.12347207963466644
3219936,0.10937313735485077
3220032,0.1220875158905983
3220448,0.12008600682020187
3220640,0.1294875293970108
3220672,0.12549276649951935
3220704,0.1232953742146492
3221360,0.10297752171754837
3221648,0.12607444822788239
3221808,0.12687063217163086
3222560,0.11984109878540039
3223552,0.1280844509601593
3223568,0.12241365760564804
3224112,0.12568898499011993
3224256,0.11877621710300446
3224352,0.12597434222698212
3224864,0.1287931650876999
3224960,0.13044463098049164
3225232,0.12497996538877487
3225376,0.12310925871133804
3226128,0.1276533454656601
3226832,0.12481625378131866
3227200,0.12033902108669281
3228480,0.12739376723766327
3228864,0.12393835186958313
3230432,0.12864971160888672
3230608,0.12951348721981049
3230832,0.1259707659482956
3231488,0.12354490906000137
3232256,0.10108703374862671
3232304,0.12383901327848434
3234144,0.1243608295917511
3234736,0.12555424869060516
3235872,0.12436463683843613
3237680,0.13031437993049622
3237792,0.12780927121639252
3237920,0.12640661001205444
3237952,0.12170082330703735
3238448,0.12725475430488586
3238496,0.12392694503068924
3238960,0.10052083432674408
3239264,0.12753090262413025
3239376,0.11334294825792313
3239440,0.1213151216506958
3239536,0.12103763967752457
3240928,0.1272190362215042
3241312,0.12144756317138672
3241456,0.12826111912727356
3241456,0.12394212931394577
3241616,0.1032860279083252
3241808,0.12835881114006042
3241984,0.12271570414304733
3242560,0.12260076403617859
3242896,0.12890644371509552
3243008,0.12546519935131073
3243968,0.12771226465702057
3244928,0.11607153713703156
3245360,0.12584398686885834
3245424,0.1236741840839386
3246560,0.12281430512666702
3247664,0.12676239013671875
3248448,0.12290387600660324
3248640,0.12158132344484329
3248848,0.12312808632850647
3248992,0.12698937952518463
3249776,0.12243463099002838
3250048,0.12740276753902435
3250704,0.1160566583275795
3251344,0.1208573654294014
3252000,0.12703821063041687
3252176,0.12416774779558182
3252256,0.127140074968338
3252448,0.1245175451040268
3252480,0.12681052088737488
3252752,0.12541994452476501
3253152,0.12756231427192688
3253728,0.13009656965732574
3254224,0.12826958298683167
3255680,0.12676645815372467
3255792,0.12251338362693787
3256048,0.11848293244838715
3256640,0.12406822293996811
3258432,0.1262708604335785
3258608,0.10778176784515381
3259168,0.12479738891124725
3259520,0.11229900270700455
3260928,0.1225719004869461
3262096,0.12771068513393402
3262464,0.1166297048330307
3263232,0.12729504704475403
3265552,0.12595021724700928
3265600,0.12491954118013382
3266080,0.12827715277671814
3266448,0.12195250391960144
3266688,0.13090912997722626
3267360,0.12473457306623459
3267456,0.12380938977003098
3267552,0.12881705164909363
3269072,0.12479647248983383
3269584,0.12541110813617706
3269728,0.12573370337486267
3270080,0.12758326530456543
3270912,0.12284853309392929
3271008,0.12397488206624985
3271712,0.1311703324317932
3273088,0.12379077821969986
3273296,0.12847450375556946
3273584,0.116301029920578
3273664,0.11222665756940842
3274032,0.12518267333507538
3276544,0.12880927324295044
3278992,0.1277288794517517
3280016,0.12180975824594498
3280064,0.12472919374704361
3280368,0.12481139600276947
3280400,0.12605001032352448
3280720,0.1252848505973816
3281792,0.12567394971847534
3282304,0.12318158149719238
3282320,0.12530650198459625
3282608,0.12671589851379395
3284288,0.12482087314128876
3284352,0.12299970537424088
3284784,0.12110540270805359
3285344,0.12277957797050476
3286128,0.12823396921157837
3286400,0.12764494121074677
3287184,0.1283882111310959
3287472,0.12564316391944885
3287520,0.12425878643989563
3287792,0.12243835628032684
3287856,0.12462718039751053
3288272,0.09783223271369934
3288624,0.1235332116484642
3291072,0.12322252243757248
3291408,0.12683822214603424
3291808,0.1308877319097519
3291888,0.11714891344308853
3292544,0.12205421179533005
3292944,0.12668345868587494
3294048,0.12202370166778564
3294656,0.12952882051467896
3294864,0.12473990768194199
3294960,0.12845174968242645
3295376,0.12880516052246094
3295872,0.12172100692987442
3296176,0.12088397890329361
3296992,0.12565332651138306
3297680,0.12699832022190094
3298208,0.12253642827272415
3298224,0.12252724915742874
3299440,0.12926162779331207
3299728,0.12928186357021332
3301712,0.12804566323757172
3301952,0.12930604815483093
3302400,0.12790293991565704
3302928,0.1281386911869049
3302992,0.12435346841812134
3303264,0.126561239361763
3303792,0.12038250267505646
3303920,0.12756650149822235
3304272,0.12809796631336212
3304752,0.12896285951137543
3305248,0.12626130878925323
3306496,0.13007445633411407
3306592,0.12614937126636505
3307344,0.12683901190757751
3307632,0.11671070009469986
3308080,0.11769527196884155
3308736,0.1280413717031479
3310096,0.12387293577194214
3310432,0.1289014369249344
3310912,0.12970036268234253
3311600,0.12465224415063858
3311936,0.1191423237323761
3312592,0.10530827939510345
3313776,0.12638914585113525
3313984,0.1267215460538864
3314320,0.12537649273872375
3314480,0.12530331313610077
3314816,0.1224808618426323
3315968,0.12865330278873444
3316112,0.12350285798311234
3316176,0.12397819012403488
3317232,0.12858571112155914
3317392,0.11986332386732101
3317472,0.11281866580247879
3317520,0.12667198479175568
3317824,0.12792104482650757
3317952,0.13225431740283966
3318016,0.12488895654678345
3318752,0.12232275307178497
3319488,0.1260686069726944
3320784,0.12504489719867706
3321520,0.12321211397647858
3322400,0.12307313829660416
3324128,0.1263366937637329
3324656,0.12769214808940887
3324880,0.12459331005811691
3325072,0.12084632366895676
3325920,0.12818287312984467
3326592,0.12799546122550964
3327904,0.13043387234210968
3328096,0.12227144092321396
3328160,0.12763862311840057
3328656,0.1317276507616043
3330096,0.1291656494140625
3330464,0.11637075245380402
3330496,0.12507037818431854
3331440,0.1284182369709015
3331456,0.12551383674144745
3331936,0.12585194408893585
3333120,0.11323905736207962
3333648,0.12547074258327484
3334624,0.1325104832649231
3334992,0.12466484308242798
3335104,0.11791755259037018
3335248,0.12748998403549194
3335408,0.12676112353801727
3335808,0.12736518681049347
3336592,0.1316477656364441
3337536,0.1252688467502594
3338224,0.12643736600875854
3339072,0.11385323107242584
3339328,0.12632861733436584
3339472,0.12274099886417389
3340128,0.12086836248636246
3342080,0.12221360206604004
3342192,0.1270538717508316
3342352,0.1243521198630333
3342800,0.12105321139097214
3343040,0.1310768723487854
3344112,0.12658800184726715
3345936,0.12623079121112823
3346368,0.12058784067630768
3347680,0.11663739383220673
3347712,0.1258867233991623
3348432,0.1281309425830841
3349280,0.12290532141923904
3349840,0.12148472666740417
3350304,0.1288619041442871
3351264,0.127695694565773
3352608,0.12487589567899704
3352896,0.1303388476371765
3353440,0.12057196348905563
3353648,0.12219926714897156
3353856,0.10449443012475967
3354320,0.12175308912992477
3354752,0.12893414497375488
3354816,0.12878845632076263
3355136,0.12878823280334473
3357856,0.12384078651666641
3358320,0.12140243500471115
3358352,0.12132440507411957
3358656,0.12493710219860077
3358880,0.12818467617034912
3360224,0.12138840556144714
3360528,0.12511460483074188
3360960,0.12734563648700714
3361328,0.1306619495153427
3361904,0.12597844004631042
3362672,0.12413868308067322
3363536,0.12478652596473694
3363968,0.1262008249759674
3364048,0.12636800110340118
3365376,0.10757608711719513
3365504,0.12609659135341644
3366256,0.11992909014225006
3368176,0.12499688565731049
3368848,0.12740056216716766
3368864,0.1257859766483307
3369136,0.12326758354902267
3370144,0.12823142111301422
3370752,0.1321144849061966
3371056,0.12780746817588806
3371168,0.12412920594215393
3371792,0.11835931241512299
3372640,0.12630954384803772
3373248,0.1255313903093338
3373344,0.11764425784349442
3373664,0.12233763933181763
3375280,0.125783309340477
3375440,0.12597940862178802
3378128,0.12726297974586487
3378896,0.12555477023124695
3378944,0.12885116040706635
3379008,0.1023532822728157
3381392,0.12597905099391937
3382416,0.11619135737419128
3382496,0.12405605614185333
3383360,0.13001471757888794
3384608,0.12919418513774872
3385088,0.12552477419376373
3385760,0.1269664317369461
3385968,0.13012266159057617
3386976,0.12469944357872009
3387440,0.11968949437141418
3387552,0.12126261740922928
3388608,0.12244170159101486
3389120,0.1237356886267662
3389744,0.11960116028785706
3389792,0.12499302625656128
3390528,0.12768156826496124
3392656,0.12507829070091248
3392912,0.12362909317016602
3392960,0.11510715633630753
3393072,0.12519018352031708
3393312,0.12431307882070541
3394128,0.1282724142074585
3394288,0.12850001454353333
3394512,0.1274958699941635
3395360,0.12668833136558533
3396192,0.12868723273277283
3396320,0.12909701466560364
3396528,0.12500129640102386
3396560,0.12542273104190826
3397632,0.1280207633972168
3397824,0.12831567227840424
3397952,0.12434069812297821
3400336,0.12026602029800415
3400608,0.10301622748374939
3401184,0.12212160974740982
3403360,0.12115252017974854
3404288,0.1264326572418213
3404720,0.12148568034172058
3404928,0.12680946290493011
3405104,0.1224660575389862
3407168,0.124961256980896
3407280,0.12846143543720245
3407504,0.12461655586957932
3407664,0.12330342084169388
3408432,0.1278996467590332
3409488,0.12303749471902847
3410096,0.1269199699163437
3411040,0.12424734979867935
3411152,0.12209043651819229
3411328,0.1258397400379181
3411760,0.12769319117069244
3412320,0.12421426922082901
3412512,0.12106963992118835
3413968,0.12290874123573303
3414256,0.1300152987241745
3414272,0.12586946785449982
3414384,0.12429220974445343
3414608,0.12530916929244995
3414768,0.12242485582828522
3415680,0.11852145940065384
3416112,0.11081986874341965
3416304,0.11384880542755127
3416688,0.12367477267980576
3417600,0.12674497067928314
3417824,0.128836989402771
3418800,0.12989741563796997
3419008,0.10650000721216202
3419440,0.12562596797943115
3419728,0.12014416605234146
3419824,0.11542346328496933
3421120,0.12786990404129028
3421344,0.127421036362648
3422064,0.12677890062332153
3422512,0.12670178711414337
3423376,0.12484444677829742
3424624,0.12838613986968994
3424864,0.12685582041740417
3425040,0.11128818243741989
3425088,0.1279359757900238
3425408,0.12321776151657104
3425840,0.12334229052066803
3426032,0.13023698329925537
3426416,0.13043829798698425
3426848,0.12395748496055603
3428464,0.1320560872554779
3428640,0.12286686152219772
3428656,0.12731851637363434
3428784,0.11949358880519867
3430944,0.12292497605085373
3431792,0.12752002477645874
3432016,0.12430331110954285
3433488,0.12605997920036316
3434464,0.1258382797241211
3435472,0.12232982367277145
3435616,0.1251610964536667
3435776,0.12500113248825073
3436064,0.1200459823012352
3436448,0.11591937392950058
3437552,0.12432099133729935
3437968,0.12831717729568481
3438928,0.12934938073158264
3438992,0.11888380348682404
3439104,0.12492898851633072
3439168,0.12454645335674286
3439296,0.12669049203395844
3439696,0.12269075214862823
3439952,0.1269366443157196
3440672,0.12946277856826782
3440720,0.10648809373378754
3441216,0.12531329691410065
3441648,0.11747283488512039
3442656,0.12851083278656006
3443088,0.1199042871594429
3444288,0.12541674077510834
3444288,0.12667159736156464
3445104,0.12586535513401031
3445856,0.12391164898872375
3449648,0.1241522803902626
3449792,0.12397871166467667
3449952,0.12545637786388397
3450592,0.1303510218858719
3453296,0.1200733482837677
3453376,0.12579259276390076
3453568,0.126146137714386
3453984,0.11813506484031677
3454896,0.12767265737056732
3455024,0.12608256936073303
3455936,0.1286361664533615
3456016,0.12294060736894608
3456432,0.1317163109779358
3456880,0.12544143199920654
3457520,0.12673982977867126
3458608,0.12200522422790527
3458960,0.12226312607526779
3460224,0.1107042208313942
3460416,0.12884005904197693
3460624,0.1275891214609146
3461120,0.12581448256969452
3461968,0.12413710355758667
3462048,0.12429966777563095
3462576,0.12306255102157593
3463392,0.11820616573095322
3463904,0.12564557790756226
3464016,0.1294095367193222
3464224,0.12127085775136948
3464416,0.11905297636985779
3464736,0.1254212111234665
3465504,0.12868031859397888
3465552,0.11569561809301376
3466960,0.1286526620388031
3467344,0.126875638961792
3467472,0.12637503445148468
3467600,0.12572668492794037
3469184,0.12352097779512405
3469600,0.11461269110441208
3470240,0.12280535697937012
3471296,0.1271941065788269
3473168,0.12234411388635635
3473280,0.11751482635736465
3473600,0.11761685460805893
3474336,0.11469752341508865
3474480,0.12801329791545868
3474736,0.12308386713266373
3474880,0.12576338648796082
3475040,0.12839581072330475
3475776,0.11655770987272263
3476208,0.1244339868426323
3476224,0.13317318260669708
3476448,0.12767547369003296
3477312,0.13003304600715637
3478352,0.12439687550067902
3478880,0.12340213358402252
3479328,0.12048402428627014
3480672,0.1078895628452301
3480800,0.1250585913658142
3481440,0.1254384070634842
3481888,0.09869848191738129
3482976,0.12547314167022705
3483344,0.12685762345790863
3483488,0.12815530598163605
3484272,0.11712303757667542
3484416,0.12411125749349594
3484784,0.12577135860919952
3484912,0.1302885264158249
3485424,0.1287260502576828
3485440,0.12948574125766754
3485632,0.1233966052532196
3487152,0.11917804181575775
3489056,0.12155763804912567
3489168,0.12469206005334854
3489408,0.13015970587730408
3491360,0.12763607501983643
3491472,0.125267893075943
3492352,0.12330473959445953
3492576,0.12567727267742157
3493504,0.12836550176143646
3493536,0.12557443976402283
3494160,0.12710556387901306
3494896,0.12163297086954117
3495024,0.11984032392501831
3495120,0.1236233115196228
3495840,0.1287449449300766
3497696,0.1237340047955513
3498192,0.12441198527812958
3499392,0.12540586292743683
3499616,0.12396455556154251
3499840,0.1252451390028
3499840,0.12131711840629578
3499920,0.12362420558929443
3500096,0.1274241805076599
3500608,0.12784762680530548
3501360,0.12537401914596558
3501584,0.12731176614761353
3502112,0.12653562426567078
3502272,0.12759193778038025
3503392,0.12586642801761627
3503424,0.1208401769399643
3504160,0.12720343470573425
3504688,0.12270253896713257
3505280,0.12751108407974243
3505568,0.1255706399679184
3505840,0.11964874714612961
3507008,0.1257014125585556
3507040,0.12085709720849991
3507184,0.12928681075572968
3509360,0.13110849261283875
3512016,0.12746919691562653
3512800,0.1264149248600006
3512960,0.12523797154426575
3513360,0.10376153141260147
3513968,0.13011012971401215
3514080,0.1279309242963791
3514080,0.126048281788826
3514816,0.12793128192424774
3516320,0.12574557960033417
3516544,0.1227717399597168
3517136,0.1237349659204483
3517456,0.12299301475286484
3517600,0.12378821521997452
3519264,0.11779414862394333
3519408,0.11921621114015579
3519424,0.1262923628091812
3521280,0.12393815815448761
3521296,0.12714403867721558
3524224,0.1265009194612503
3524368,0.12320621311664581
3524736,0.12771978974342346
3524832,0.12565936148166656
3524880,0.12346076220273972
3526384,0.12610436975955963
3527264,0.1209774911403656
3529584,0.12517936527729034
3529792,0.11992927640676498
3530480,0.1275818645954132
3530640,0.12643469870090485
3531264,0.07326600700616837
3531424,0.12102760374546051
3531456,0.12874546647071838
3531776,0.13243618607521057
3531872,0.12201294302940369
3533408,0.11917919665575027
3533728,0.12656237185001373
3534784,0.12366341799497604
3535024,0.12375079095363617
3535040,0.12783588469028473
3535312,0.12412890791893005
3535536,0.12325038015842438
3536256,0.11438724398612976
3536912,0.1296459436416626
3537728,0.11476173996925354
3538176,0.11042071133852005
3540128,0.12660367786884308
3540416,0.12712235748767853
3540752,0.12308143079280853
3541728,0.1252143234014511
3542064,0.1281510591506958
3542448,0.13007451593875885
3542480,0.123601034283638
3542800,0.12684281170368195
3543664,0.11926621198654175
3544128,0.12708528339862823
3544304,0.11922372877597809
3544464,0.13280373811721802
3545296,0.1292528361082077
3546032,0.1227785125374794
3547648,0.12888139486312866
3547952,0.11226537078619003
3548768,0.11940762400627136
3549200,0.10491540282964706
3549232,0.1256113052368164
3550544,0.1188405454158783
3550592,0.11962650716304779
3551408,0.12848015129566193
3551952,0.12528373301029205
3552368,0.12713438272476196
3552752,0.12558259069919586
3552832,0.12458860129117966
3553408,0.13075587153434753
3554176,0.12423435598611832
3554176,0.12572194635868073
3554384,0.10969939827919006
3556256,0.12516862154006958
3556480,0.13126613199710846
3557760,0.12079022079706192
3557776,0.12109598517417908
3557856,0.12320347875356674
3558848,0.12476222962141037
3559504,0.12887373566627502
3559536,0.12446517497301102
3559904,0.12665803730487823
3560336,0.12632781267166138
3560864,0.11995645612478256
3561392,0.12822869420051575
3562384,0.1260899305343628
3562624,0.11628162860870361
3563072,0.12577956914901733
3563168,0.12583225965499878
3563456,0.12982241809368134
3563712,0.1210026666522026
3563952,0.1260104477405548
3564528,0.11806152015924454
3564944,0.12871864438056946
3566144,0.12141506373882294
3566640,0.1275567263364792
3567312,0.1278153657913208
3567552,0.12519608438014984
3569520,0.12440072000026703
3569808,0.12772689759731293
3569824,0.1249847337603569
3570192,0.12073148041963577
3570320,0.12396122515201569
3573824,0.11680983006954193
3573840,0.1282460242509842
3574000,0.12775357067584991
3574288,0.128485769033432
3576688,0.12242311984300613
3577104,0.12512068450450897
3577344,0.12571090459823608
3577584,0.12343806773424149
3577856,0.12716302275657654
3579024,0.12816695868968964
3579040,0.1268777847290039
3580224,0.12612807750701904
3580432,0.12814642488956451
3580928,0.12935051321983337
3580944,0.12779057025909424
3581456,0.12464901804924011
3581552,0.11709725856781006
3582288,0.12795224785804749
3584368,0.12449970096349716
3584400,0.13088613748550415
3585408,0.1297701746225357
3586112,0.12593771517276764
3586896,0.1279517263174057
3587632,0.12089414149522781
3587856,0.12761421501636505
3587888,0.12895791232585907
3587936,0.12251981347799301
3588064,0.126332089304924
3588576,0.12237482517957687
3589472,0.12709340453147888
3590448,0.12567274272441864
3591200,0.12581023573875427
3591536,0.12173347920179367
3592224,0.13191229104995728
3592928,0.1311071813106537
3593200,0.12573620676994324
3594752,0.12622442841529846
3594832,0.12399229407310486
3594960,0.11870087683200836
3596528,0.13045738637447357
3597520,0.13123314082622528
3598240,0.12684229016304016
3598352,0.12394923716783524
3598432,0.12262466549873352
3598512,0.1239405944943428
3599632,0.12695425748825073
3601184,0.11491606384515762
3601632,0.12172651290893555
3601776,0.12668359279632568
3601952,0.11280351132154465
3602032,0.12583193182945251
3602256,0.12709257006645203
3603680,0.12382769584655762
3604624,0.13100948929786682
3605488,0.12490981072187424
3605728,0.1258743852376938
3607232,0.12453526258468628
3607776,0.12187495827674866
3608160,0.1262345314025879
3609008,0.12417276948690414
3609088,0.12777478992938995
3609312,0.12381848692893982
3609344,0.12318968772888184
3609616,0.1297813206911087
3611104,0.12762242555618286
3611376,0.1290266364812851
3612624,0.12360019981861115
3612672,0.1164540946483612
3612720,0.12007740139961243
3613760,0.12544073164463043
3614400,0.13159628212451935
3614960,0.12494910508394241
3615216,0.12769123911857605
3615856,0.12712185084819794
3615904,0.12546148896217346
3616144,0.1272793859243393
3616192,0.12042254954576492
3616208,0.12318291515111923
3617312,0.125418558716774
3617936,0.121978260576725
3618288,0.1255674511194229
3619408,0.12637123465538025
3619712,0.1272670030593872
3620032,0.12575218081474304
3620144,0.12759314477443695
3621568,0.10261236131191254
3621824,0.1266632378101349
3623168,0.12290894240140915
3623184,0.12824386358261108
3623296,0.1290794014930725
3623584,0.1305941790342331
3623616,0.12985599040985107
3625440,0.12406577169895172
3625760,0.12894780933856964
3626656,0.1311267912387848
3626912,0.12650041282176971
3628720,0.12436458468437195
3629024,0.12627655267715454
3629168,0.12678490579128265
3629312,0.1288856565952301
3630176,0.12206336855888367
3630624,0.11858098208904266
3630752,0.12882031500339508
3632224,0.1270596981048584
3632592,0.12652941048145294
3633568,0.12281160056591034
3633760,0.12552109360694885
3633968,0.12909357249736786
3634096,0.12706291675567627
3634208,0.12470612674951553
3634400,0.12514899671077728
3635808,0.12895260751247406
3636384,0.1286337971687317
3637120,0.1232905387878418
3637120,0.11973628401756287
3637456,0.1250017136335373
3639952,0.12552307546138763
3640656,0.12383415549993515
3640656,0.12477096170186996
3640864,0.12494861334562302
3640944,0.12686561048030853
3641328,0.11870215088129044
3643456,0.13095691800117493
3644208,0.12759529054164886
3644624,0.1260797381401062
3644768,0.12629283964633942
3644976,0.12289443612098694
3645024,0.12787529826164246
3645456,0.12639585137367249
3646512,0.12097365409135818
3646960,0.12594881653785706
3647616,0.10730047523975372
3648160,0.1262601912021637
3648320,0.12808434665203094
3648464,0.12804394960403442
3648512,0.12791389226913452
3650096,0.12070795893669128
3651312,0.12419705092906952
3651664,0.12795980274677277
3651968,0.12707334756851196
3653120,0.12442830950021744
3653568,0.12458492070436478
3654096,0.12470029294490814
3654704,0.1266326755285263
3654768,0.12230833619832993
3655104,0.12223411351442337
3655280,0.1228170320391655
3655632,0.12220355123281479
3657088,0.13285979628562927
3658208,0.12481564283370972
3658336,0.128596231341362
3658672,0.1257186084985733
3659056,0.123245008289814
3660304,0.12617994844913483
3661088,0.12900833785533905
3663776,0.12651480734348297
3663968,0.1240655705332756
3664768,0.12965776026248932
3665376,0.12301388382911682
3667296,0.12529711425304413
3667760,0.12822189927101135
3668768,0.12085449695587158
3668992,0.12250396609306335
3669008,0.12554754316806793
3669488,0.12586848437786102
3669488,0.11934099346399307
3669760,0.12299902737140656
3670080,0.1196998879313469
3670832,0.12090227007865906
3671248,0.12535957992076874
3671872,0.12749256193637848
3672752,0.1246982291340828
3673088,0.12460207939147949
3673104,0.12474024295806885
3673264,0.1286376416683197
3673632,0.12763483822345734
3674704,0.12747859954833984
3675504,0.12077482789754868
3675904,0.12500585615634918
3676240,0.12658052146434784
3676256,0.11773013323545456
3676352,0.1237991526722908
3678320,0.12764154374599457
3679520,0.13173815608024597
3679568,0.13041186332702637
3679792,0.1274562031030655
3679840,0.12458884716033936
3680768,0.12878768146038055
3681424,0.12648314237594604
3681840,0.12362433969974518
3682640,0.1279507428407669
3682736,0.1243664026260376
3683072,0.1270548552274704
3683280,0.1228315532207489
3684368,0.13025183975696564
3684944,0.12265755236148834
3685472,0.12078910320997238
3686544,0.12385202944278717
3686640,0.12285581231117249
3686688,0.1263917088508606
3686880,0.1208132952451706
3686944,0.10800357908010483
3687840,0.12421271204948425
3687904,0.12135081738233566
3688960,0.12783437967300415
3689648,0.12688162922859192
3689760,0.12515392899513245
3691392,0.12745124101638794
3692416,0.12481731921434402
3692544,0.12559668719768524
3693248,0.11950124800205231
3693888,0.126224085688591
3694736,0.12551435828208923
3696208,0.11926542967557907
3696816,0.12665998935699463
3696880,0.12475966662168503
3697264,0.12732850015163422
3697440,0.1258237212896347
3698336,0.12410561740398407
3698448,0.12857259809970856
3698560,0.12431159615516663
3699744,0.13113433122634888
3700464,0.12575486302375793
3700816,0.1272246092557907
3700864,0.12642544507980347
3701696,0.12955151498317719
3702064,0.12685197591781616
3702560,0.12808676064014435
3702992,0.12412672489881516
3703216,0.13057123124599457
3703952,0.12735921144485474
3704384,0.12519268691539764
3704432,0.12376659363508224
3704736,0.12755058705806732
3706864,0.1259610801935196
3707600,0.12587040662765503
3708000,0.12385919690132141
3708112,0.12984278798103333
3708720,0.12359712272882462
3708784,0.1256028711795807
3710368,0.1253039538860321
3710784,0.12164859473705292
3711584,0.12445743381977081
3711792,0.1271938979625702
3712368,0.12502780556678772
3712576,0.11323142051696777
3713264,0.12349574267864227
3713648,0.1257241666316986
3713920,0.12822921574115753
3714960,0.1301560401916504
3715152,0.12708677351474762
3715312,0.12402286380529404
3715776,0.12875613570213318
3715824,0.12819713354110718
3717168,0.13045313954353333
3717232,0.11698133498430252
3718128,0.129303976893425
3718720,0.12323099374771118
3719744,0.12532508373260498
3720528,0.11506681889295578
3720992,0.12660624086856842
3722800,0.12826572358608246
3723312,0.12283089011907578
3725600,0.12521417438983917
3725824,0.1232633963227272
3726368,0.12599243223667145
3727440,0.1329990178346634
3728032,0.12464591860771179
3728048,0.12919051945209503
3728112,0.1269686222076416
3729120,0.11419134587049484
3729392,0.12796440720558167
3730432,0.12200170010328293
3731168,0.1271325945854187
3731296,0.13042709231376648
3731616,0.1276463270187378
3732656,0.12860602140426636
3733872,0.12671589851379395
3734688,0.12589941918849945
3735152,0.12526677548885345
3735248,0.12514188885688782
3735680,0.11332038789987564
3736304,0.1295500099658966
3736560,0.1195119321346283
3736592,0.1235925480723381
3737456,0.12655118107795715
3738496,0.12860476970672607
3739264,0.12417537719011307
3740640,0.13021253049373627
3740944,0.12780192494392395
3741760,0.13057272136211395
3742720,0.1267971247434616
3743584,0.1312934309244156
3743648,0.12267974019050598
3744464,0.12269480526447296
3745264,0.12520337104797363
3746224,0.1168428510427475
3746368,0.13139747083187103
3748672,0.1274738758802414
3749248,0.12386435270309448
3749824,0.1253984570503235
3749856,0.12116142362356186
3751168,0.12705358862876892
3752368,0.1298295110464096
3753008,0.1318252980709076
3753328,0.1321716010570526
3753408,0.12462516874074936
3753424,0.12700589001178741
3754016,0.12782913446426392
3755072,0.13132978975772858
3756624,0.12527868151664734
3756736,0.1253071427345276
3756864,0.13114984333515167
3756880,0.12841185927391052
3756976,0.1196107491850853
3757936,0.12374929338693619
3758704,0.12671475112438202
3758896,0.10525652021169662
3759328,0.12279865145683289
3759488,0.12554171681404114
3760432,0.13217012584209442
3760592,0.12175484001636505
3760624,0.11135479807853699
3761152,0.12555253505706787
3761216,0.12726768851280212
3762176,0.12751217186450958
3762464,0.1280149668455124
3763024,0.13086742162704468
3763744,0.13069063425064087
3763920,0.12648698687553406
3764656,0.12740710377693176
3764944,0.1314275562763214
3766576,0.12673205137252808
3767680,0.1270837038755417
3767696,0.12637853622436523
3768496,0.12562178075313568
3769552,0.12531086802482605
3770864,0.1196543350815773
3770976,0.12329787015914917
3771008,0.1262316107749939
3771168,0.12008693814277649
3771280,0.12882673740386963
3772336,0.12619152665138245
3773120,0.12719394266605377
3774432,0.12926770746707916
3774768,0.12862491607666016
3774784,0.1259893774986267
3774784,0.12303484231233597
3775264,0.1285649687051773
3775312,0.12863153219223022
3775504,0.1254088133573532
3776544,0.12795552611351013
3777984,0.12781381607055664
3778224,0.12675157189369202
3778304,0.12997785210609436
3781488,0.12065309286117554
3781536,0.12615801393985748
3781552,0.12378872185945511
3781872,0.12733124196529388
3782384,0.12560796737670898
3782928,0.12654997408390045
3783680,0.10368648916482925
3783856,0.11986963450908661
3784288,0.1261681616306305
3785024,0.12419167160987854
3785136,0.1089465543627739
3785280,0.1268875151872635
3785440,0.12838426232337952
3786464,0.12813584506511688
3787184,0.13087137043476105
3787200,0.12818193435668945
3787424,0.12293491512537003
3788608,0.13044464588165283
3788848,0.12535643577575684
3788976,0.13280139863491058
3789008,0.13018913567066193
3789552,0.12954555451869965
3789616,0.12954962253570557
3790592,0.12484345585107803
3790928,0.12539678812026978
3791312,0.12952233850955963
3792176,0.12512078881263733
3793056,0.1277783066034317
3794096,0.12869936227798462
3794240,0.1259894073009491
3794400,0.12932418286800385
3794848,0.12063946574926376
3794992,0.12584610283374786
3795680,0.12775079905986786
3795920,0.12728165090084076
3796624,0.12530432641506195
3796768,0.12529532611370087
3797216,0.1289801448583603
3797728,0.10777280479669571
3797776,0.12341322749853134
3798496,0.12941937148571014
3799248,0.12504898011684418
3799504,0.12643860280513763
3800208,0.1299372911453247
3800336,0.12833374738693237
3800752,0.12812088429927826
3801248,0.12408638000488281
3802832,0.11109638214111328
3803232,0.1219547837972641
3804480,0.0800686702132225
3804624,0.12425778061151505
3804816,0.1210237592458725
3805024,0.12686166167259216
3805040,0.12004456669092178
3806384,0.1228262335062027
3806832,0.12937110662460327
3807424,0.11935283243656158
3807760,0.1265377700328827
3808160,0.11903239786624908
3808512,0.12334296852350235
3808512,0.12055828422307968
3808528,0.12652815878391266
3809008,0.11627952754497528
3809952,0.1265614777803421
3809968,0.12119366228580475
3811408,0.11953730136156082
3811744,0.1309395134449005
3811904,0.11932536959648132
3812048,0.1263604313135147
3813488,0.12374204397201538
3813680,0.1281951516866684
3813888,0.12552841007709503
3814928,0.1295839250087738
3815616,0.12434177845716476
3816000,0.12833695113658905
3817056,0.12541557848453522
3817248,0.1272653192281723
3817472,0.12298798561096191
3818896,0.1253473162651062
3818960,0.12166758626699448
3819152,0.13207706809043884
3819536,0.12632469832897186
3820752,0.1243869736790657
3821056,0.1229797974228859
3822032,0.12621507048606873
3822352,0.12584108114242554
3822528,0.12264183908700943
3822656,0.12839294970035553
3824000,0.12086290121078491
3825616,0.12792176008224487
3826032,0.11945658177137375
3826160,0.12891821563243866
3826656,0.1256706565618515
3827568,0.12692049145698547
3828192,0.12394119799137115
3828192,0.1266486793756485
3828752,0.12422887980937958
3829408,0.12772628664970398
3829712,0.12645858526229858
3831344,0.12270601093769073
3831536,0.12463204562664032
3831696,0.1262872964143753
3832640,0.12778499722480774
3833376,0.11658485233783722
3833664,0.07513678073883057
3833808,0.1260213851928711
3834688,0.12508414685726166
3835072,0.1277461051940918
3835408,0.11961355060338974
3836512,0.12670360505580902
3836768,0.12526677548885345
3838480,0.1283918172121048
3838688,0.11752690374851227
3839392,0.10799892246723175
3839776,0.12604431807994843
3840304,0.12398955971002579
3840320,0.129913792014122
3841952,0.12828268110752106
3842192,0.12904146313667297
3842224,0.1233474612236023
3843328,0.12091269344091415
3845504,0.12234193086624146
3845600,0.12456047534942627
3845696,0.12584522366523743
3846096,0.11912214756011963
3846480,0.128961980342865
3847648,0.12425220012664795
3849312,0.1210278570652008
3849632,0.12374889850616455
3850624,0.12446568161249161
3851024,0.12732994556427002
3851056,0.12419246882200241
3851168,0.12729375064373016
3852960,0.12549695372581482
3853008,0.12738798558712006
3853232,0.12402518838644028
3854528,0.1292736828327179
3854672,0.12383648008108139
3854992,0.12589342892169952
3856256,0.12786056101322174
3856496,0.12020852416753769
3856560,0.13065432012081146
3858224,0.1270820051431656
3858560,0.1288176029920578
3859424,0.12622296810150146
3859776,0.13076916337013245
3859856,0.12553653120994568
3859968,0.12374506145715714
3860160,0.12890315055847168
3860672,0.12930408120155334
3862992,0.12628977000713348
3863392,0.12356135994195938
3863392,0.12248006463050842
3863552,0.12124750763177872
3863760,0.12937933206558228
3863808,0.1308281421661377
3864656,0.12754540145397186
3865008,0.1259184032678604
3865264,0.12335683405399323
3865376,0.12289374321699142
3866560,0.1251634657382965
3866912,0.1284860372543335
3867360,0.12692362070083618
3868288,0.12173037230968475
3868592,0.12499906867742538
3868752,0.13001614809036255
3868896,0.1300232708454132
3870560,0.12623299658298492
3870688,0.13006985187530518
3871904,0.12620654702186584
3872720,0.12698648869991302
3873296,0.12637200951576233
3874448,0.1259409636259079
3874768,0.12762293219566345
3874944,0.11421369761228561
3875680,0.11875304579734802
3875680,0.13002172112464905
3876320,0.12739825248718262
3876864,0.1251090168952942
3877248,0.12206114083528519
3877760,0.12435014545917511
3878096,0.12447147816419601
3878320,0.12397953122854233
3878928,0.12680597603321075
3879936,0.1295119822025299
3881296,0.12550872564315796
3881424,0.12224619835615158
3881808,0.13093872368335724
3882368,0.10894908010959625
3882736,0.12717419862747192
3883472,0.12677010893821716
3884416,0.12435789406299591
3884784,0.1286437213420868
3885136,0.12743857502937317
3885216,0.12572917342185974
3886672,0.13099488615989685
3887792,0.1292436420917511
3888528,0.12837889790534973
3888816,0.13083167374134064
3889216,0.1299281269311905
3889920,0.1223471462726593
3889936,0.12649770081043243
3890128,0.12738528847694397
3891488,0.1193511113524437
3892256,0.12884382903575897
3892352,0.1300489753484726
3893072,0.1283177137374878
3893440,0.12443143874406815
3893904,0.12012547254562378
3894160,0.12721623480319977
3895872,0.12649649381637573
3896464,0.11139420419931412
3896944,0.12587767839431763
3897120,0.12371547520160675
3897168,0.12231403589248657
3897552,0.12398456782102585
3897728,0.12173803150653839
3897968,0.11984898895025253
3898416,0.1231619268655777
3899184,0.12423379719257355
3899968,0.1244213730096817
3900080,0.12031462788581848
3900544,0.1215064525604248
3900704,0.12221162766218185
3902080,0.12857936322689056
3903136,0.1300428807735443
3903728,0.1215478852391243
3904176,0.1295018345117569
3904224,0.11822649091482162
3904240,0.12970054149627686
3905424,0.12701959908008575
3906992,0.131409153342247
3907008,0.12460817396640778
3907184,0.12088900059461594
3907776,0.1261235624551773
3907792,0.12061814218759537
3908864,0.127916157245636
3908928,0.12347651273012161
3912352,0.12945523858070374
3912464,0.12914711236953735
3912624,0.1281271129846573
3913904,0.1260617971420288
3914112,0.12408039718866348
3914528,0.12341050803661346
3915504,0.12314172834157944
3915968,0.12252767384052277
3916912,0.12895487248897552
3917056,0.1239842101931572
3917472,0.12449333071708679
3917728,0.11959454417228699
3918528,0.1285509616136551
3918928,0.12422521412372589
3919456,0.1245575025677681
3920480,0.12830254435539246
3920896,0.12553609907627106
3920992,0.12882091104984283
3921216,0.12199858576059341
3921232,0.12458524107933044
3922464,0.12754912674427032
3923984,0.1269538849592209
3924208,0.1307208389043808
3924464,0.12359850108623505
3924784,0.11953261494636536
3925216,0.11677582561969757
3925472,0.12936830520629883
3925792,0.1270979344844818
3927536,0.12590548396110535
3928032,0.1274275779724121
3928064,0.11856378614902496
3928304,0.1291954517364502
3930128,0.12748177349567413
3931632,0.12530378997325897
3931632,0.12656015157699585
3931856,0.1235014870762825
3932320,0.12584632635116577
3933280,0.1272568553686142
3934080,0.12607672810554504
3934560,0.1254381388425827
3934816,0.12440072000026703
3935072,0.10899120569229126
3935120,0.1264439821243286
3935168,0.12611083686351776
3935168,0.1282208114862442
3935536,0.12425695359706879
3935888,0.13094840943813324
3936464,0.1269003450870514
3936848,0.12598471343517303
3936944,0.12813885509967804
3938672,0.1253112405538559
3938768,0.1274508684873581
3940080,0.13056178390979767
3940192,0.10625063627958298
3940416,0.13093705475330353
3941808,0.12122205644845963
3942192,0.1271468847990036
3942304,0.11302147805690765
3942944,0.11937066167593002
3943392,0.12408404797315598
3943776,0.1275867372751236
3943824,0.12682536244392395
3943920,0.12878690659999847
3943952,0.12690477073192596
3944928,0.11922094225883484
3945632,0.1249895989894867
3945904,0.12664106488227844
3946944,0.1269475519657135
3947424,0.11812376230955124
3947488,0.12691254913806915
3947536,0.1231878250837326
3948992,0.11702769994735718
3949536,0.12139889597892761
3949744,0.1211191937327385
3951056,0.12224676460027695
3952864,0.12450315058231354
3953648,0.12794393301010132
3954032,0.12048730999231339
3954640,0.12314101308584213
3954752,0.12340020388364792
3955136,0.12924379110336304
3955824,0.12469740211963654
3956064,0.12966986000537872
3956672,0.1278921514749527
3956912,0.12381985038518906
3957136,0.12754805386066437
3958048,0.12640011310577393
3958160,0.12804624438285828
3958208,0.12506268918514252
3958656,0.12258068472146988
3959424,0.12775790691375732
3959856,0.12725290656089783
3960160,0.12811873853206635
3960240,0.12159942835569382
3961120,0.12233445048332214
3961696,0.11897604167461395
3962336,0.11438647657632828
3963664,0.12958243489265442
3963776,0.1273641437292099
3963792,0.13038265705108643
3964016,0.12838388979434967
3965152,0.12999334931373596
3965184,0.12340984493494034
3965280,0.1314021348953247
3966544,0.12975449860095978
3967552,0.1261124610900879
3967696,0.12662070989608765
3968704,0.12776769697666168
3970400,0.12953634560108185
3970912,0.12703575193881989
3971216,0.12357670068740845
3971776,0.12819339334964752
3972240,0.12478336691856384
3973216,0.11754651367664337
3973664,0.12384949624538422
3973824,0.12699677050113678
3974480,0.12390772998332977
3974736,0.12585902214050293
3975328,0.12370803207159042
3975792,0.11892972886562347
3976768,0.12623941898345947
3977344,0.13370566070079803
3977888,0.1277676224708557
3978256,0.1235806941986084
3978816,0.11873438209295273
3979312,0.12939895689487457
3979600,0.12355764210224152
3980304,0.1296912282705307
3980896,0.1253417581319809
3981520,0.12171448022127151
3981632,0.07631726562976837
3982480,0.12299872189760208
3983120,0.12449083477258682
3983840,0.12611158192157745
3984272,0.1254180371761322
3984464,0.12297341227531433
3985200,0.1273827999830246
3985296,0.12692716717720032
3986208,0.08347266912460327
3988016,0.12826459109783173
3988912,0.12859752774238586
3991616,0.12864741683006287
3992096,0.12414108216762543
3993104,0.1282900720834732
3993600,0.13173896074295044
3993792,0.13044726848602295
3993856,0.12768946588039398
3994112,0.12619741261005402
3995040,0.12361562997102737
3995648,0.12198223173618317
3996064,0.12361463159322739
3996752,0.12491656839847565
3996864,0.13011696934700012
3996960,0.12661316990852356
3997264,0.11840532720088959
3997392,0.12684230506420135
3998592,0.12655261158943176
3999248,0.12527824938297272
3999424,0.1153842955827713
3999696,0.12558533251285553
4000192,0.113361656665802
4000432,0.1298823356628418
4000592,0.12490116059780121
4000816,0.12623003125190735
4000864,0.1313115507364273
4000960,0.12368344515562057
4001968,0.1262667328119278
4002288,0.12508851289749146
4003872,0.11885937303304672
4004864,0.12829242646694183
4005104,0.1338747888803482
4006304,0.12686359882354736
4006384,0.12220250815153122
4006480,0.12616652250289917
4006640,0.12638439238071442
4007952,0.12313179671764374
4008016,0.12867647409439087
4008912,0.11179192364215851
4009424,0.12374812364578247
4009952,0.12775886058807373
4010272,0.12993933260440826
4010928,0.12596744298934937
4011552,0.12537570297718048
4011936,0.12349774688482285
4012736,0.1259051263332367
4012912,0.12576046586036682
4013008,0.13037535548210144
4013824,0.1224798858165741
4015088,0.12080523371696472
4015664,0.13114915788173676
4015808,0.1275644600391388
4018048,0.12483874708414078
4018672,0.12764781713485718
4019008,0.12371811270713806
4019232,0.12654371559619904
4020464,0.12258615344762802
4020880,0.13070067763328552
4021152,0.12383994460105896
4021520,0.13084818422794342
4022240,0.12982608377933502
4022272,0.12540559470653534
4022816,0.12209274619817734
4023392,0.12480124086141586
4023648,0.1253003031015396
4023648,0.12620116770267487
4024048,0.11786872893571854
4024432,0.12856952846050262
4024544,0.12714022397994995
4024720,0.12715454399585724
4025008,0.12852437794208527
4025744,0.12846383452415466
4025840,0.11440788954496384
4025952,0.12296177446842194
4026048,0.123087078332901
4026368,0.12657779455184937
4027216,0.12694023549556732
4027984,0.1295984387397766
4028608,0.12420186400413513
4029376,0.12450269609689713
4029584,0.12268930673599243
4030432,0.1330711841583252
4030752,0.12885057926177979
4030832,0.12262628227472305
4031008,0.12652915716171265
4031168,0.1203484907746315
4031248,0.12100432813167572
4031568,0.12668541073799133
4032992,0.12624016404151917
4033120,0.12610569596290588
4034016,0.1237892434000969
4034272,0.12747257947921753
4034688,0.12797312438488007
4034800,0.12896107137203217
4034800,0.12720437347888947
4035232,0.1250745952129364
4036640,0.12549562752246857
4036640,0.12287396937608719
4037824,0.13357700407505035
4038256,0.11136994510889053
4038352,0.12458938360214233
4038704,0.12687569856643677
4038752,0.1300758719444275
4038800,0.12302450090646744
4040128,0.12048956006765366
4040192,0.12597785890102386
4040704,0.11890199035406113
4041328,0.1272551566362381
4043824,0.12301553040742874
4044672,0.12430959194898605
4044864,0.1276206076145172
4045536,0.12336146086454391
4045648,0.11760123819112778
4045824,0.1305217146873474
4047152,0.13262179493904114
4047472,0.11839766800403595
4047648,0.12871435284614563
4048336,0.11991645395755768
4049344,0.11975133419036865
4049440,0.12243907153606415
4049808,0.12293808162212372
4051008,0.113374724984169
4051040,0.12768878042697906
4051136,0.12041528522968292
4052304,0.13181427121162415
4052480,0.11256702989339828
4052512,0.1275719702243805
4053248,0.12436028569936752
4054224,0.12551404535770416
4054720,0.12588323652744293
4054752,0.12264754623174667
4055904,0.12290287017822266
4056064,0.12602579593658447
4056528,0.12874141335487366
4058208,0.12811587750911713
4058336,0.12733294069766998
4058944,0.1280762255191803
4059168,0.12369845807552338
4059936,0.13152337074279785
4061584,0.12209030240774155
4061824,0.13129213452339172
4062432,0.08592074364423752
4063536,0.12152770906686783
4063856,0.12517060339450836
4064880,0.12832306325435638
4065072,0.123126320540905
4065072,0.1250287890434265
4066000,0.12847653031349182
4066016,0.12828044593334198
4066288,0.12665016949176788
4066688,0.12655307352542877
4067008,0.1253223717212677
4067104,0.1268736869096756
4067424,0.12733948230743408
4068544,0.12709639966487885
4068624,0.12458673119544983
4068816,0.12835431098937988
4069600,0.12892168760299683
4069824,0.13081300258636475
4070272,0.13012754917144775
4070688,0.12928378582000732
4070960,0.12767969071865082
4072064,0.1232546716928482
4072208,0.12550964951515198
4072464,0.12779811024665833
4073888,0.13034282624721527
4074624,0.11940111219882965
4074656,0.12416449189186096
4075728,0.12587477266788483
4075952,0.1233837679028511
4076624,0.12461503595113754
4076688,0.1257546991109848
4076944,0.12302723526954651
4077360,0.1207156553864479
4078112,0.1249954104423523
4078208,0.11665710061788559
4079248,0.12544803321361542
4079408,0.12069877237081528
4079472,0.12759201228618622
4080160,0.129161536693573
4082128,0.11473959684371948
4082672,0.11447321623563766
4082800,0.11324895173311234
4083008,0.12247428297996521
4083744,0.12769733369350433
4084464,0.12298887968063354
4085360,0.11797774583101273
4085520,0.12650898098945618
4085712,0.12530042231082916
4085760,0.12883955240249634
4086048,0.1182900071144104
4086288,0.11342418193817139
4086304,0.11212120205163956
4086400,0.10087423026561737
4086528,0.12214478105306625
4089232,0.13049982488155365
4089296,0.1271333396434784
4089808,0.12551701068878174
4089808,0.12787219882011414
4090688,0.1253940612077713
4090976,0.11689659208059311
4091120,0.12463033199310303
4091200,0.1274237036705017
4091680,0.12273731082677841
4093200,0.10815931856632233
4094272,0.12308496236801147
4094320,0.1264084279537201
4094688,0.1228257566690445
4094752,0.12822259962558746
4096720,0.12397665530443192
4097184,0.11984137445688248
4097712,0.12924692034721375
4100160,0.11413609236478806
4100656,0.11972503364086151
4100768,0.12376809865236282
4101840,0.11898896098136902
4101856,0.12856115400791168
4101920,0.12736177444458008
4103184,0.12006665766239166
4103520,0.1241496205329895
4103904,0.12197872996330261
4104272,0.11944691091775894
4105040,0.12258511036634445
4105392,0.12740913033485413
4105520,0.12283923476934433
4105536,0.12674689292907715
4106880,0.12359444051980972
4107520,0.12821921706199646
4107808,0.12719473242759705
4107968,0.13038799166679382
4108016,0.12455793470144272
4108624,0.11960218101739883
4108896,0.12454639375209808
4108992,0.12558914721012115
4109024,0.12832848727703094
4109072,0.12791772186756134
4109152,0.12457975745201111
4110816,0.12418192625045776
4111056,0.12076783925294876
4111408,0.12700779736042023
4111888,0.1311337798833847
4112256,0.12690535187721252
4112416,0.12869851291179657
4112560,0.1264057606458664
4113936,0.12799900770187378
4114112,0.1277921199798584
4114800,0.1259307712316513
4115456,0.12528860569000244
4115952,0.12298847734928131
4117648,0.1313665211200714
4118032,0.12909922003746033
4118096,0.1310756355524063
4118720,0.12629933655261993
4118960,0.12517854571342468
4119568,0.12526538968086243
4119856,0.12224309146404266
4122368,0.12292096763849258
4122512,0.12450061738491058
4122800,0.12650413811206818
4123264,0.125200092792511
4124800,0.12470031529664993
4125776,0.12437297403812408
4125936,0.12862718105316162
4126128,0.12444231659173965
4126336,0.12452278286218643
4126896,0.12134964019060135
4128640,0.12610551714897156
4129552,0.12648311257362366
4129680,0.12785109877586365
4129760,0.11374765634536743
4130496,0.1246909499168396
4131280,0.1254914104938507
4131984,0.12572506070137024
4132208,0.12326259166002274
4132752,0.11695247143507004
4133936,0.12505003809928894
4134112,0.12330348789691925
4134640,0.12572896480560303
4135536,0.12717925012111664
4135952,0.12935306131839752
4136720,0.12549754977226257
4137424,0.08914414048194885
4137744,0.12222377955913544
4138128,0.12699684500694275
4138960,0.11548501253128052
4139472,0.12738493084907532
4139760,0.12771174311637878
4141056,0.12094304710626602
4141280,0.12790152430534363
4143168,0.12720951437950134
4144512,0.11839409917593002
4144560,0.1267036646604538
4144656,0.1192164421081543
4144832,0.1258912980556488
4148064,0.1277371197938919
4148144,0.11574742943048477
4148560,0.12822699546813965
4148800,0.1258898228406906
4148992,0.12928718328475952
4150032,0.12641535699367523
4150384,0.12125226855278015
4150432,0.1277887374162674
4151680,0.127671018242836
4151744,0.11873243004083633
4151840,0.12433340400457382
4152128,0.12719640135765076
4152160,0.12483981996774673
4153296,0.11532605439424515
4153840,0.12316077202558517
4154000,0.12517550587654114
4155280,0.13012318313121796
4155456,0.12484784424304962
4156976,0.12457350641489029
4157152,0.1257684975862503
4157360,0.1246149018406868
4158320,0.11862453073263168
4158896,0.12682653963565826
4159232,0.12314685434103012
4159248,0.12911869585514069
4161824,0.12527430057525635
4162432,0.12603427469730377
4162496,0.1281900703907013
4162832,0.12436749041080475
4163104,0.1257559210062027
4163776,0.12612637877464294
4164320,0.12182178348302841
4164576,0.12580211460590363
4165520,0.1256161630153656
4166400,0.12317598611116409
4167360,0.12334504723548889
4167504,0.12542344629764557
4167648,0.13254901766777039
4168288,0.1242576390504837
4168880,0.12903150916099548
4169088,0.1239342987537384
4169776,0.12457942962646484
4169904,0.11649961769580841
4170832,0.11716383695602417
4171440,0.12193082273006439
4171888,0.12549465894699097
4172736,0.12974870204925537
4174000,0.1265527904033661
4174720,0.13083110749721527
4175424,0.12423566728830338
4176048,0.12359217554330826
4176192,0.12015649676322937
4176784,0.1266242116689682
4176896,0.12101924419403076
4176896,0.12560169398784637
4177024,0.12168560177087784
4178240,0.1278996616601944
4180432,0.12403183430433273
4181120,0.12174255400896072
4181728,0.12571167945861816
4181888,0.12128198891878128
4182432,0.12830331921577454
4183296,0.1045912429690361
4184000,0.12281809747219086
4184928,0.1258193552494049
4186064,0.12649330496788025
4186784,0.12665501236915588
4186864,0.12896764278411865
4187680,0.12655755877494812
4190320,0.12737667560577393
4190384,0.1277250200510025
4191088,0.12735646963119507
4191744,0.1301185041666031
4192128,0.12944361567497253
4192608,0.12810762226581573
4195696,0.12355253845453262
4195936,0.10471837967634201
4197504,0.12230892479419708
4199296,0.12088754028081894
4199824,0.11948670446872711
4200928,0.13198517262935638
4200976,0.1267479509115219
4200976,0.12644915282726288
4201008,0.12401755154132843
4202048,0.13172908127307892
4202800,0.12759815156459808
4203152,0.12390255182981491
4203392,0.12592755258083344
4203648,0.125137597322464
4204544,0.12709283828735352
4204544,0.12561988830566406
4204544,0.12630216777324677
4205968,0.12735691666603088
4206576,0.127593994140625
4206784,0.12730491161346436
4206896,0.12395089864730835
4208112,0.1265280693769455
4209168,0.12552109360694885
4209856,0.1296880543231964
4209968,0.12831754982471466
4210368,0.12098436802625656
4211648,0.1268583983182907
4212736,0.12320936471223831
4213184,0.1210833266377449
4213392,0.1285170018672943
4214192,0.12760236859321594
4215056,0.11983499675989151
4216768,0.13037221133708954
4216928,0.13087451457977295
4217056,0.12464040517807007
4217424,0.12862586975097656
4217632,0.12467046827077866
4218768,0.12748479843139648
4218880,0.12311948090791702
4219488,0.1217474564909935
4221168,0.12569870054721832
4222032,0.11379381269216537
4222368,0.11543593555688858
4222384,0.12829624116420746
4223104,0.12320494651794434
4224048,0.129302516579628
4224560,0.12713760137557983
4225856,0.12517483532428741
4225936,0.12702131271362305
4226496,0.12669125199317932
4226608,0.1252075433731079
4226864,0.12613962590694427
4227872,0.13308332860469818
4228080,0.1274024099111557
4228320,0.13082054257392883
4229392,0.12700097262859344
4229680,0.12198567390441895
4230016,0.12516440451145172
4230160,0.13173078000545502
4230480,0.1263079196214676
4231168,0.1268865168094635
4231376,0.12697544693946838
4231616,0.1263498216867447
4232640,0.12712465226650238
4233248,0.12170837074518204
4233584,0.12546147406101227
4233920,0.12289738655090332
4234048,0.12747736275196075
4234256,0.1276717633008957
4234736,0.1235371008515358
4235136,0.12718728184700012
4236224,0.1307092010974884
4236448,0.12849126756191254
4236688,0.12028073519468307
4237216,0.12208689004182816
4240064,0.12549225986003876
4240976,0.13169728219509125
4240992,0.12410672008991241
4241104,0.13002493977546692
4241760,0.1130896657705307
4241760,0.12757258117198944
4242304,0.12910959124565125
4243568,0.1270465850830078
4244128,0.12895767390727997
4244608,0.12550313770771027
4244832,0.11790008842945099
4245520,0.12682050466537476
4245584,0.12075686454772949
4247440,0.12612266838550568
4247696,0.1271550953388214
4247968,0.12100622802972794
4248032,0.12259921431541443
4248240,0.11826406419277191
4248496,0.13161404430866241
4248688,0.12368293851613998
4248960,0.12220262736082077
4249008,0.12490621954202652
4250432,0.10932641476392746
4251536,0.12774598598480225
4251552,0.12579642236232758
4252192,0.12153154611587524
4252192,0.126750186085701
4252528,0.12765032052993774
4252880,0.12753479182720184
4254560,0.12642709910869598
4254736,0.12671983242034912
4255168,0.12421992421150208
4255712,0.13035742938518524
4256064,0.1218942254781723
4258080,0.07598282396793365
4258112,0.1276485025882721
4258272,0.12509341537952423
4258320,0.12775495648384094
4258672,0.12650014460086823
4258720,0.12756498157978058
4259088,0.1277524083852768
4259296,0.12181904166936874
4259584,0.1274145096540451
4259920,0.12726780772209167
4261840,0.12580706179141998
4262192,0.1277589201927185
4262416,0.12852226197719574
4262432,0.12472236901521683
4262448,0.128664031624794
4262688,0.12719103693962097
4263056,0.07377200573682785
4263168,0.12903325259685516
4263456,0.12709784507751465
4265296,0.12721122801303864
4265536,0.12070390582084656
4266224,0.09724146872758865
4266384,0.13060547411441803
4266608,0.1309613585472107
4266704,0.12840335071086884
4267232,0.09974072128534317
4267600,0.10221358388662338
4269776,0.12272047251462936
4269792,0.12561622262001038
4269888,0.12561079859733582
4270272,0.12897834181785583
4270576,0.12491198629140854
4270848,0.12545931339263916
4271760,0.12961027026176453
4272384,0.1272309273481369
4272432,0.11515873670578003
4272624,0.09032930433750153
4273328,0.12483258545398712
4273792,0.12844717502593994
4273888,0.12958566844463348
4274064,0.12542632222175598
4274752,0.12379809468984604
4276192,0.13190725445747375
4276416,0.1285209208726883
4276848,0.1262454241514206
4279568,0.12156616896390915
4279600,0.12168458849191666
4280080,0.12574578821659088
4280608,0.12539467215538025
4281840,0.13094736635684967
4283104,0.10586309432983398
4283200,0.10862807184457779
4284400,0.13104349374771118
4284464,0.12852884829044342
4285904,0.11125492304563522
4287376,0.12859533727169037
4287712,0.12148668617010117
4287888,0.1286151111125946
4288000,0.12796203792095184
4290352,0.12274761497974396
4290432,0.12444990128278732
4291424,0.12840363383293152
4291504,0.12370169907808304
4292320,0.12603914737701416
4292992,0.1275019496679306
4293072,0.12940815091133118
4294576,0.12309376150369644
4295904,0.12558168172836304
4296656,0.12723805010318756
4297264,0.12174015492200851
4297376,0.12892138957977295
4297488,0.12648314237594604
4298448,0.12843458354473114
4298544,0.13146056234836578
4300016,0.12375536561012268
4300176,0.13391025364398956
4300592,0.10736727714538574
4300736,0.12556657195091248
4300960,0.12899687886238098
4301056,0.12824252247810364
4301056,0.12691417336463928
4302400,0.12691448628902435
4302848,0.12649381160736084
4303616,0.125294029712677
4303744,0.13071194291114807
4304240,0.1219077929854393
4304336,0.1286388337612152
4306000,0.12348039448261261
4306432,0.12479344010353088
4307200,0.12162134796380997
4307680,0.12787100672721863
4307744,0.12375587224960327
4307920,0.1257948875427246
4308384,0.12260355800390244
4308448,0.13061507046222687
4309152,0.12658782303333282
4310736,0.129334956407547
4310896,0.12266968935728073
4311408,0.11410027742385864
4312368,0.11378204077482224
4313472,0.12801414728164673
4314320,0.12731841206550598
4314352,0.1285141557455063
4314752,0.11446098983287811
4314848,0.12026608735322952
4315056,0.12196003645658493
4317040,0.12359438091516495
4317888,0.1279875934123993
4318784,0.1267957091331482
4320256,0.1214417964220047
4320640,0.12723852694034576
4321472,0.12196852266788483
4321536,0.1224612295627594
4322048,0.1295005828142166
4322304,0.125906303524971
4322416,0.1254136860370636
4324080,0.1251545250415802
4324160,0.12693746387958527
4325136,0.12480335682630539
4325600,0.12226472795009613
4325760,0.12731444835662842
4325856,0.12648504972457886
4325968,0.12695686519145966
4328896,0.12671521306037903
4328912,0.10399030148983002
4329040,0.12297583371400833
4329120,0.12283255159854889
4329232,0.12471435964107513
4330768,0.1212906762957573
4331264,0.11995580792427063
4331952,0.12955337762832642
4332736,0.11928555369377136
4332768,0.1275504231452942
4333152,0.12279057502746582
4334224,0.12969353795051575
4336176,0.12499919533729553
4336256,0.13083089888095856
4336384,0.12584634125232697
4336560,0.12531962990760803
4336720,0.1337355375289917
4336896,0.12018917500972748
4337056,0.11246445029973984
4337824,0.1207907646894455
4338400,0.12109915167093277
4339456,0.12266352027654648
4339856,0.11951540410518646
4340464,0.12888704240322113
4341360,0.12783265113830566
4341392,0.12712019681930542
4341472,0.12785063683986664
4341648,0.11714499443769455
4341936,0.12824676930904388
4343232,0.12348099797964096
4343392,0.12620621919631958
4343440,0.1288132667541504
4343632,0.1175599917769432
4344016,0.12900829315185547
4345024,0.12449808418750763
4345232,0.12592878937721252
4346544,0.12321077287197113
4347232,0.12207061052322388
4347248,0.12384993582963943
4347280,0.1288999766111374
4347600,0.12542474269866943
4348000,0.12398362159729004
4348960,0.13052110373973846
4350448,0.12426383048295975
4350480,0.12772883474826813
4350848,0.1232042908668518
4351152,0.1311749368906021
4352272,0.12235566973686218
4352320,0.12569022178649902
4352400,0.11136499047279358
4352464,0.12959754467010498
4353472,0.11459475010633469
4354064,0.12405608594417572
4354768,0.11938710510730743
4355120,0.12723928689956665
4355152,0.12520065903663635
4357360,0.12092059850692749
4359296,0.11521405726671219
4359504,0.13057242333889008
4364208,0.12327095121145248
4364768,0.12256193906068802
4365392,0.12269148975610733
4365920,0.12127461284399033
4367744,0.12300978600978851
4368032,0.12159694731235504
4368768,0.12636660039424896
4369216,0.12238937616348267
4369248,0.1153942421078682
4369328,0.11446940898895264
4371840,0.1304580122232437
4371872,0.12909424304962158
4372256,0.1253824681043625
4372816,0.1250057965517044
4373696,0.12868943810462952
4375200,0.12264066934585571
4375296,0.12587758898735046
4375632,0.12785083055496216
4376112,0.12488649785518646
4376368,0.12754487991333008
4376640,0.12682132422924042
4378576,0.12688274681568146
4378832,0.12593171000480652
4379008,0.12684759497642517
4379744,0.12726227939128876
4379968,0.1201997920870781
4380192,0.12685801088809967
4380576,0.12558315694332123
4382400,0.12666678428649902
4382912,0.12382735311985016
4383104,0.12725447118282318
4383248,0.12968701124191284
4383488,0.12450938671827316
4384880,0.12210655957460403
4385712,0.12214791774749756
4385984,0.12203346192836761
4386800,0.12746618688106537
4386896,0.12535718083381653
4389552,0.12689463794231415
4389904,0.11341128498315811
4390208,0.1255236715078354
4390608,0.1253678798675537
4391008,0.12399575859308243
4391264,0.12683063745498657
4393456,0.1315663456916809
4393984,0.12429145723581314
4394112,0.13038761913776398
4394576,0.13011613488197327
4395472,0.12977705895900726
4396976,0.12545128166675568
4397456,0.12913407385349274
4397504,0.12534388899803162
4397520,0.12400609999895096
4397680,0.1224966049194336
4398256,0.10381656140089035
4398512,0.12503376603126526
4399040,0.11929156631231308
4399088,0.13036182522773743
4400000,0.12486433237791061
4400352,0.1291891485452652
4400656,0.1263168752193451
4402496,0.12677094340324402
4403520,0.13014227151870728
4403744,0.13152393698692322
4404736,0.12854702770709991
4404768,0.12930546700954437
4406064,0.12707222998142242
4407072,0.1271624118089676
4407312,0.12374040484428406
4407744,0.12819236516952515
4409472,0.08754490315914154
4409760,0.13061636686325073
4410624,0.12355819344520569
4411824,0.12824377417564392
4413328,0.12487907707691193
4414432,0.11478064209222794
4415088,0.12816734611988068
4416192,0.12421723455190659
4416592,0.12557277083396912
4416912,0.1267954409122467
4418144,0.12681813538074493
4418912,0.10570957511663437
4419824,0.12233727425336838
4420160,0.12742768228054047
4421056,0.1267019808292389
4421584,0.12596450746059418
4422432,0.128886416554451
4422480,0.131631001830101
4423792,0.11726216226816177
4423968,0.12893344461917877
4425120,0.12590952217578888
4425392,0.13211111724376678
4425712,0.1280282735824585
4426176,0.1260329782962799
4426576,0.12964440882205963
4426864,0.12342435866594315
4428400,0.12219342589378357
4428688,0.13060952723026276
4429296,0.12397047877311707
4429664,0.12516330182552338
4431680,0.12868353724479675
4432400,0.12733770906925201
4435504,0.12069809436798096
4435616,0.12600266933441162
4436032,0.12878979742527008
4436096,0.12641094624996185
4436352,0.1257602572441101
4436496,0.1253320723772049
4437568,0.1224641278386116
4439072,0.13093462586402893
4439520,0.12539826333522797
4439680,0.12962087988853455
4439984,0.12964566051959991
4440192,0.12817969918251038
4440848,0.12519872188568115
4442704,0.13087444007396698
4443168,0.12990804016590118
4443424,0.12353925406932831
4443760,0.12885276973247528
4444416,0.11493046581745148
4446016,0.12122416496276855
4446256,0.12555916607379913
4446960,0.1258782148361206
4446960,0.12501312792301178
4447264,0.12508408725261688
4447904,0.12961821258068085
4450592,0.1231326013803482
4450832,0.12520159780979156
4450832,0.12873400747776031
4451088,0.12947975099086761
4451600,0.12518161535263062
4454368,0.12567932903766632
4455040,0.12090948224067688
4455376,0.12963472306728363
4456992,0.11778346449136734
4457520,0.12585778534412384
4457744,0.12735390663146973
4457904,0.1233474388718605
4458064,0.12855476140975952
4458512,0.13075266778469086
4458800,0.12407707422971725
4459568,0.11228952556848526
4460496,0.13090118765830994
4460560,0.12481949478387833
4461008,0.12446675449609756
4461408,0.12036836892366409
4462064,0.12534542381763458
4462080,0.12886346876621246
4463696,0.12599381804466248
4465120,0.12438377737998962
4465152,0.12914669513702393
4465904,0.13088558614253998
4467312,0.12204747647047043
4467600,0.12054920941591263
4467792,0.12435126304626465
4468528,0.12771055102348328
4468576,0.1309240311384201
4468720,0.1277776062488556
4468768,0.12269578874111176
4469296,0.12496758997440338
4469344,0.1277654767036438
4471136,0.1263645738363266
4471328,0.12714166939258575
4471616,0.12841060757637024
4472400,0.12848646938800812
4472768,0.12539012730121613
4472800,0.12499033659696579
4472992,0.12614284455776215
4473728,0.12877212464809418
4474320,0.12922626733779907
4474752,0.12400028109550476
4476608,0.1290513426065445
4477360,0.11968431621789932
4477824,0.12969626486301422
4477888,0.12364893406629562
4479456,0.1309402734041214
4479472,0.1296098381280899
4480016,0.12568309903144836
4482976,0.13133671879768372
4483568,0.12794238328933716
4483616,0.1276130974292755
4484816,0.12378004938364029
4485056,0.12395867705345154
4485664,0.1259152740240097
4486096,0.1296909749507904
4488368,0.12599597871303558
4489968,0.12908625602722168
4490064,0.12662379443645477
4490336,0.12534238398075104
4490976,0.13170112669467926
4491280,0.12954075634479523
4492352,0.12666192650794983
4492976,0.11826363950967789
4493344,0.12663023173809052
4493568,0.12772059440612793
4494464,0.12247751653194427
4495440,0.12942305207252502
4495920,0.12465672194957733
4496160,0.12713919579982758
4496320,0.1294133961200714
4496736,0.1279112696647644
4497088,0.13012392818927765
4497344,0.12331118434667587
4497984,0.1299666166305542
4499504,0.12697741389274597
4500064,0.13117000460624695
4501664,0.1224091574549675
4502096,0.13045251369476318
4503600,0.12892188131809235
4505312,0.1279187947511673
4505632,0.12623338401317596
4506032,0.1282670795917511
4506592,0.121532142162323
4507008,0.12113471329212189
4508224,0.1289699822664261
4509232,0.12429636716842651
4510176,0.12456999719142914
4512080,0.11898752301931381
4512112,0.13072510063648224
4512336,0.13053196668624878
4514080,0.12989456951618195
4514112,0.12826980650424957
4514320,0.12270576506853104
4515616,0.13137204945087433
4515664,0.1183021143078804
4515856,0.1273016631603241
4516704,0.12721696496009827
4517152,0.12388750165700912
4517712,0.12393335998058319
4518368,0.12321218848228455
4519168,0.12565234303474426
4519280,0.11663603037595749
4521008,0.12151555716991425
4521216,0.1265556663274765
4521520,0.13470211625099182
4521904,0.11964736133813858
4522304,0.12419864535331726
4522432,0.12719550728797913
4522624,0.12448578327894211
4522768,0.12387967109680176
4523136,0.1220237985253334
4523824,0.12768448889255524
4523824,0.12866425514221191
4524176,0.12832067906856537
4524608,0.1241019070148468
4524704,0.12643828988075256
4524848,0.12274925410747528
4524896,0.12444836646318436
4525232,0.12766236066818237
4526304,0.12721505761146545
4527024,0.12653352320194244
4528336,0.11338930577039719
4528432,0.12170155346393585
4528768,0.13150735199451447
4528768,0.11207042634487152
4529024,0.13041585683822632
4530096,0.12153858691453934
4530896,0.12981683015823364
4531904,0.1238592341542244
4531984,0.12549041211605072
4532064,0.12734836339950562
4533888,0.12644173204898834
4535376,0.13021370768547058
4535536,0.1266009360551834
4535728,0.12812666594982147
4536144,0.12439851462841034
4537376,0.12431145459413528
4537680,0.1265474557876587
4537952,0.12440682202577591
4538224,0.12498226761817932
4538912,0.12716428935527802
4539136,0.1235247254371643
4539296,0.12317510694265366
4539312,0.12456569820642471
4539504,0.1214982122182846
4540352,0.1292119175195694
4541296,0.1236591637134552
4542400,0.12886790931224823
4543264,0.12707312405109406
4544192,0.10991609841585159
4545072,0.12616488337516785
4545392,0.12335161864757538
4546000,0.12457545846700668
4546048,0.12673169374465942
4546832,0.12756672501564026
4549536,0.12577705085277557
4549936,0.13314391672611237
4550080,0.12550091743469238
4550384,0.12291887402534485
4551424,0.12640365958213806
4551584,0.12819787859916687
4552144,0.12545643746852875
4553024,0.12912824749946594
4553456,0.12644003331661224
4553664,0.12700743973255157
4554688,0.12215179949998856
4555120,0.12403901666402817
4555360,0.1306944042444229
4557200,0.1318218857049942
4557248,0.12809020280838013
4558848,0.11876791715621948
4559920,0.12647894024848938
4560784,0.12687285244464874
4561760,0.1281132847070694
4561888,0.1253136843442917
4564672,0.1244274154305458
4565440,0.1225900873541832
4565488,0.12994147837162018
4566304,0.12342240661382675
4567840,0.12392735481262207
4567872,0.1265004575252533
4567920,0.12504273653030396
4568512,0.12574683129787445
4568912,0.1300433874130249
4569856,0.12694986164569855
4570304,0.12834785878658295
4571360,0.12593789398670197
4572048,0.12782785296440125
4572400,0.1271379142999649
4573392,0.12885168194770813
4574384,0.12363569438457489
4574512,0.12735509872436523
4575024,0.12576088309288025
4575968,0.12726563215255737
4576960,0.127513125538826
4577472,0.12794771790504456
4578448,0.1234467402100563
4578480,0.12680572271347046
4578768,0.1250760704278946
4579120,0.12836167216300964
4579568,0.12464632093906403
4580576,0.13050682842731476
4581008,0.129291832447052
4581984,0.12822434306144714
4582016,0.12813884019851685
4583136,0.12717418372631073
4584992,0.12745420634746552
4585552,0.12939496338367462
4585920,0.12996737658977509
4586720,0.12958624958992004
4586800,0.12828896939754486
4587712,0.1253073513507843
4588224,0.12807822227478027
4588800,0.12861286103725433
4589088,0.12450112402439117
4589104,0.1306218057870865
4590208,0.1278424859046936
4590480,0.100545734167099
4591296,0.126410573720932
4592048,0.12596844136714935
4592624,0.12437964975833893
4592656,0.12846609950065613
4592960,0.12156027555465698
4593648,0.12429869174957275
4593728,0.1273326426744461
4594880,0.12105701863765717
4595216,0.12919126451015472
4595920,0.12829120457172394
4596256,0.13270103931427002
4596336,0.12468117475509644
4596464,0.13244880735874176
4597184,0.12831881642341614
4598752,0.1224740520119667
4599184,0.12275476008653641
4599744,0.12419749051332474
4599824,0.12435217946767807
4600704,0.12944525480270386
4602048,0.1301150619983673
4602224,0.12835726141929626
4603200,0.12366383522748947
4603264,0.12730306386947632
4603312,0.12526866793632507
4604192,0.13401073217391968
4604464,0.13011305034160614
4604560,0.12420204281806946
4606768,0.12342832237482071
4606880,0.12438911944627762
4606976,0.127007856965065
4608112,0.12286050617694855
4608224,0.12265133857727051
4608240,0.1302998960018158
4609200,0.12961947917938232
4609952,0.12296069413423538
4610352,0.12608979642391205
4610528,0.127951979637146
4611280,0.12903468310832977
4611632,0.1250341534614563
4611760,0.12667448818683624
4611888,0.12223473191261292
4613904,0.12686097621917725
4614064,0.1328922063112259
4615072,0.1276252269744873
4617120,0.12388643622398376
4617424,0.12928041815757751
4618592,0.12957589328289032
4618752,0.12169861793518066
4618800,0.126760333776474
4619056,0.12399640679359436
4619712,0.12866733968257904
4619968,0.12717987596988678
4619984,0.12561237812042236
4622000,0.12724968791007996
4622240,0.1271033138036728
4622256,0.12228395789861679
4622320,0.1261729598045349
4622320,0.13221484422683716
4623504,0.12057808041572571
4623840,0.12810494005680084
4624208,0.12163903564214706
4624528,0.12582799792289734
4625776,0.12741434574127197
4625792,0.12755711376667023
4625920,0.1274493783712387
4626192,0.12954066693782806
4627168,0.12685051560401917
4629120,0.1232495829463005
4629344,0.12777206301689148
4630672,0.12475518137216568
4631104,0.13566985726356506
4631328,0.12903697788715363
4631920,0.12472807615995407
4631936,0.12458707392215729
4632640,0.1298956274986267
4633008,0.12573903799057007
4633232,0.1255549043416977
4634160,0.12781570851802826
4634960,0.12435748428106308
4635312,0.12455481290817261
4636464,0.1235298365354538
4636512,0.1326225847005844
4638880,0.12644149363040924
4639072,0.12430647760629654
4640080,0.12340790033340454
4640880,0.12723924219608307
4641728,0.12438696622848511
4641968,0.1284460425376892
4642256,0.12768463790416718
4644720,0.12595690786838531
4645088,0.12634998559951782
4645232,0.12526066601276398
4645840,0.1289096474647522
4646128,0.13279898464679718
4646800,0.12164653837680817
4647424,0.1307390332221985
4650416,0.1265813708305359
4650832,0.13128873705863953
4652176,0.12791752815246582
4652912,0.12943707406520844
4653008,0.13180749118328094
4653280,0.12296481430530548
4653312,0.1316368728876114
4653968,0.12823881208896637
4656112,0.12049432843923569
4656544,0.1242542639374733
4657680,0.13089405000209808
4658368,0.1207447350025177
4658864,0.13075844943523407
4659648,0.1293582320213318
4660400,0.12590868771076202
4661152,0.12536011636257172
4661184,0.12849894165992737
4662992,0.1339903622865677
4663296,0.13191232085227966
4663696,0.12109290063381195
4663760,0.13008499145507812
4664736,0.12462779134511948
4665152,0.12677603960037231
4667136,0.1281007081270218
4667248,0.12803997099399567
4667280,0.1256224364042282
4667504,0.13016977906227112
4668272,0.1258394569158554
4668560,0.12672382593154907
4669120,0.12620645761489868
4669536,0.12765739858150482
4670688,0.12969127297401428
4671840,0.12527519464492798
4672080,0.13018463551998138
4673104,0.12701788544654846
4674160,0.12728053331375122
4674384,0.12320541590452194
4674560,0.1250074952840805
4676384,0.13441288471221924
4676672,0.13203343749046326
4677072,0.12630921602249146
4677312,0.0984320268034935
4677712,0.12983940541744232
4677712,0.1282166987657547
4677920,0.12907171249389648
4678112,0.12750683724880219
4678224,0.12200621515512466
4680240,0.12442058324813843
4680624,0.12972533702850342
4681232,0.12690649926662445
4681296,0.13323789834976196
4681472,0.12458840757608414
4681744,0.12798480689525604
4682496,0.12838901579380035
4682496,0.1266157180070877
4683216,0.12241712957620621
4683216,0.11933524906635284
4684368,0.13002079725265503
4684736,0.13295388221740723
4684896,0.12302296608686447
4684976,0.12678979337215424
4685104,0.13038627803325653
4685984,0.12493205815553665
4686096,0.12173239886760712
4686352,0.13011856377124786
4686736,0.12966576218605042
4686768,0.12958797812461853
4687920,0.1274036318063736
4688368,0.12960420548915863
4688672,0.12712030112743378
4688704,0.1322626918554306
4689568,0.1217128187417984
4689696,0.11978589743375778
4690224,0.12603962421417236
4690384,0.1246873140335083
4691456,0.13386374711990356
4691920,0.1250344067811966
4691952,0.12914711236953735
4692208,0.1281028836965561
4693152,0.12906280159950256
4693456,0.12621735036373138
4693776,0.12936371564865112
4694544,0.12406379729509354
4695088,0.12550954520702362
4695440,0.1296624392271042
4695664,0.12932506203651428
4695744,0.11544273793697357
4695792,0.1281547099351883
4696768,0.12766821682453156
4697296,0.13443493843078613
4697680,0.12655723094940186
4697760,0.12500832974910736
4698256,0.08604244887828827
4699024,0.1272464245557785
4699136,0.12943626940250397
4699280,0.1286359280347824
4700368,0.12489517778158188
4701264,0.1273939311504364
4701744,0.1285126656293869
4702576,0.12683473527431488
4702768,0.12760043144226074
4702784,0.13359737396240234
4704848,0.12673556804656982
4705360,0.12915515899658203
4706144,0.12968038022518158
4706240,0.13111260533332825
4706288,0.1308050900697708
4708688,0.12462475895881653
4709808,0.1234016939997673
4710048,0.12554413080215454
4710864,0.12531311810016632
4711616,0.12901671230793
4711904,0.13017794489860535
4713072,0.10368981212377548
4713344,0.1258818805217743
4714560,0.13044710457324982
4715440,0.10775376111268997
4716880,0.12599891424179077
4719264,0.12779000401496887
4719808,0.127603217959404
4720400,0.13180679082870483
4720656,0.1303613930940628
4722544,0.1293872445821762
4722640,0.12641355395317078
4722800,0.12293341755867004
4723984,0.12370406091213226
4724128,0.12659965455532074
4724192,0.1274241954088211
4725168,0.12382367998361588
4725680,0.128898486495018
4726080,0.12265747040510178
4726320,0.12903471291065216
4727248,0.12643878161907196
4727472,0.12802325189113617
4727504,0.13123682141304016
4727648,0.1323685348033905
4727760,0.12971796095371246
4728656,0.1261674165725708
4729280,0.12476551532745361
4729840,0.1306317299604416
4731008,0.12508484721183777
4731056,0.12966229021549225
4731184,0.1304204761981964
4731248,0.1292496919631958
4732272,0.12265756726264954
4732800,0.1249125748872757
4734240,0.13344545662403107
4734528,0.13412047922611237
4734544,0.12364298105239868
4736736,0.12838076055049896
4736880,0.12528975307941437
4738032,0.12831389904022217
4738240,0.12721115350723267
4738336,0.13006213307380676
4739328,0.1312616765499115
4739776,0.12911106646060944
4740256,0.13498735427856445
4740400,0.13163898885250092
4741200,0.13365305960178375
4741888,0.1315971165895462
4741936,0.12359202653169632
4743312,0.13035087287425995
4745104,0.12907034158706665
4745472,0.12476634234189987
4746976,0.1313522905111313
4747488,0.12694089114665985
4747984,0.129036083817482
4748480,0.12915468215942383
4748720,0.12861333787441254
4748768,0.12405169010162354
4749184,0.1276114135980606
4750480,0.1258823722600937
4751216,0.1311090737581253
4751344,0.1292293518781662
4751536,0.12974457442760468
4751856,0.11755917221307755
4752512,0.12290529161691666
4752512,0.1277734637260437
4752672,0.12665627896785736
4754560,0.13462413847446442
4754624,0.12341806292533875
4754864,0.1267482489347458
4755392,0.1321348398923874
4757504,0.12676410377025604
4758048,0.12691710889339447
4758160,0.13152509927749634
4758768,0.131680428981781
4759472,0.12240662425756454
4759664,0.12629558145999908
4759808,0.12668223679065704
4761088,0.1248064860701561
4761760,0.1289558708667755
4761904,0.125815749168396
4761952,0.12100881338119507
4762992,0.1226588785648346
4763296,0.12922580540180206
4763424,0.1232980415225029
4764624,0.1250397115945816
4765040,0.13493606448173523
4765712,0.12896057963371277
4766496,0.12583404779434204
4766768,0.1306522935628891
4768960,0.12632125616073608
4769104,0.12494557350873947
4769152,0.1281503438949585
4769536,0.1298394650220871
4769648,0.12817108631134033
4770016,0.12592481076717377
4771680,0.12994743883609772
4772512,0.12751613557338715
4772752,0.12411251664161682
4773312,0.11982877552509308
4773600,0.1252116858959198
4773904,0.13046212494373322
4773936,0.12420275807380676
4775104,0.11430547386407852
4775168,0.12980714440345764
4776128,0.1283266842365265
4777440,0.12802883982658386
4777504,0.1259290724992752
4777872,0.1293552815914154
4778608,0.1276930719614029
4778672,0.1318158507347107
4779536,0.11400911211967468
4779712,0.1295166313648224
4779888,0.1289140284061432
4780464,0.12503911554813385
4780976,0.1280561238527298
4780992,0.12935832142829895
4781008,0.12961582839488983
4782192,0.1283704787492752
4782352,0.1262059509754181
4783216,0.1333332359790802
4784512,0.12945063412189484
4784560,0.12972718477249146
4784960,0.13145701587200165
4785408,0.12484085559844971
4785728,0.13223864138126373
4786640,0.1267889142036438
4786752,0.12753483653068542
4786848,0.12752343714237213
4786976,0.12847977876663208
4788096,0.12717972695827484
4788192,0.13227245211601257
4788976,0.12912073731422424
4789200,0.12937882542610168
4789648,0.0835299864411354
4789856,0.11593879014253616
4790288,0.12841705977916718
4791712,0.1305750608444214
4792416,0.1245092898607254
4792816,0.13094551861286163
4793184,0.12904727458953857
4793920,0.12176921218633652
4793936,0.12599331140518188
4795120,0.12540900707244873
4795264,0.12960882484912872
4795360,0.12270822376012802
4795648,0.13282878696918488
4796288,0.1320345550775528
4797008,0.12973031401634216
4797744,0.0959615409374237
4798224,0.1289096623659134
4798720,0.1215922087430954
4798832,0.1317562311887741
4799440,0.12715356051921844
4800240,0.12654565274715424
4801072,0.13020551204681396
4801104,0.12783117592334747
4801680,0.12953902781009674
4802736,0.1287371963262558
4803024,0.12661051750183105
4803632,0.12923747301101685
4803792,0.12666691839694977
4803840,0.12895508110523224
4804672,0.12794813513755798
4805840,0.13067501783370972
4805872,0.12726643681526184
4805984,0.13081006705760956
4806272,0.12854990363121033
4806864,0.12561161816120148
4806880,0.13011731207370758
4807456,0.12597091495990753
4808208,0.13182957470417023
4808336,0.12931832671165466
4808832,0.12343022227287292
4809424,0.13365218043327332
4809472,0.11834598332643509
4809840,0.12757240235805511
4810128,0.1249738410115242
4810416,0.12977717816829681
4810944,0.13037040829658508
4811808,0.12333329766988754
4811824,0.12852904200553894
4811888,0.13206231594085693
4812368,0.12666617333889008
4812992,0.13090482354164124
4813520,0.12918616831302643
4813728,0.12282232940196991
4814000,0.13188432157039642
4814368,0.12715205550193787
4814528,0.1310250163078308
4815280,0.1304209679365158
4816448,0.13023154437541962
4816512,0.12947851419448853
4817280,0.12836168706417084
4817584,0.12663687765598297
4817840,0.12698888778686523
4818624,0.12778739631175995
4819376,0.12878403067588806
4820128,0.12574243545532227
4820304,0.12214424461126328
4821760,0.12643197178840637
4822144,0.12784655392169952
4822560,0.12429337203502655
4823552,0.1300744265317917
4824368,0.131062850356102
4824736,0.12844626605510712
4824944,0.1251891553401947
4825088,0.1278538852930069
4825296,0.12500432133674622
4826112,0.12461449950933456
4827440,0.12797121703624725
4827904,0.12384442985057831
4828688,0.12675520777702332
4828880,0.12815488874912262
4829536,0.13261635601520538
4830016,0.13201135396957397
4830752,0.1294715404510498
4830928,0.12230069935321808
4831424,0.12827715277671814
4831888,0.12394580990076065
4832096,0.12278622388839722
4832256,0.12258666008710861
4832256,0.12591037154197693
4832432,0.12827986478805542
4834368,0.12739437818527222
4835472,0.12662117183208466
4836864,0.13045668601989746
4837152,0.1268477439880371
4837264,0.12581104040145874
4839184,0.1305622011423111
4839232,0.12763631343841553
4839536,0.1223699301481247
4840256,0.12779544293880463
4840448,0.12484811991453171
4840736,0.1234981119632721
4841344,0.12707439064979553
4842064,0.12758252024650574
4842560,0.12862908840179443
4843664,0.12665338814258575
4844800,0.12661480903625488
4845104,0.12638738751411438
4846080,0.12568528950214386
4846320,0.1300126165151596
4846416,0.12786999344825745
4846800,0.07862342149019241
4847168,0.12417314946651459
4847328,0.12970252335071564
4847488,0.1274508833885193
4848512,0.12616868317127228
4849168,0.13036684691905975
4849936,0.12612618505954742
4850160,0.12754803895950317
4850368,0.12925343215465546
4850704,0.1297253519296646
4851056,0.12420596927404404
4852784,0.1256387084722519
4852816,0.12568596005439758
4853728,0.12820331752300262
4854256,0.12853461503982544
4854432,0.12695594131946564
4854512,0.11856715381145477
4855696,0.12989521026611328
4856368,0.12853386998176575
4856928,0.12799017131328583
4857072,0.12106084823608398
4857392,0.12948966026306152
4857648,0.12323225289583206
4858064,0.13137108087539673
4858096,0.1232505515217781
4860512,0.12608842551708221
4860608,0.12413156777620316
4861584,0.13346317410469055
4862048,0.1286591738462448
4863472,0.13057999312877655
4864128,0.1267465204000473
4864176,0.125370591878891
4864384,0.12621527910232544
4864848,0.1218855008482933
4865248,0.12740549445152283
4866432,0.12814897298812866
4866992,0.1269427388906479
4867664,0.13018666207790375
4867776,0.127359539270401
4868496,0.13390018045902252
4868496,0.1276472508907318
4868800,0.12436532229185104
4870112,0.1334928721189499
4870464,0.12907204031944275
4870560,0.11919451504945755
4871264,0.12689004838466644
4872192,0.1294165402650833
4872528,0.1272503286600113
4872704,0.13192123174667358
4873392,0.13177046179771423
4873504,0.1292889565229416
4873632,0.12850740551948547
4874160,0.12518000602722168
4874240,0.09006259590387344
4874848,0.11575599759817123
4876224,0.12899655103683472
4877776,0.13026288151741028
4878400,0.122937873005867
4879344,0.12612253427505493
4879376,0.12718670070171356
4879456,0.12897981703281403
4879760,0.12626342475414276
4881392,0.11851798743009567
4882688,0.1287720948457718
4882864,0.1285720318555832
4882864,0.12901835143566132
4883232,0.11802312731742859
4884944,0.12584072351455688
4885408,0.13142774999141693
4886448,0.12879808247089386
4887168,0.09700056910514832
4887904,0.1225108727812767
4887904,0.12581078708171844
4888160,0.12735214829444885
4888464,0.12959466874599457
4889840,0.13053330779075623
4890016,0.13046105206012726
4890064,0.1297740340232849
4890384,0.13032934069633484
4890720,0.1271340548992157
4891248,0.12255630642175674
4891488,0.1297728568315506
4892048,0.1262575089931488
4892656,0.1287638396024704
4893376,0.1289728730916977
4893936,0.1302535980939865
4894832,0.12978523969650269
4894960,0.13188999891281128
4895488,0.13047583401203156
4895568,0.12470091134309769
4896896,0.1284630000591278
4897600,0.12980011105537415
4897808,0.12880481779575348
4898000,0.1276738941669464
4898608,0.1263810098171234
4899696,0.12710055708885193
4900576,0.1296216994524002
4902144,0.12047488987445831
4902624,0.12094037234783173
4904016,0.12788867950439453
4904288,0.1277344971895218
4905024,0.11800721287727356
4905040,0.12528644502162933
4905856,0.13173343241214752
4906080,0.12793214619159698
4906944,0.12581904232501984
4907568,0.1263597011566162
4907680,0.13294461369514465
4907952,0.12395627051591873
4908592,0.13099007308483124
4908656,0.12843863666057587
4909024,0.12894049286842346
4909408,0.12251124531030655
4911216,0.12620821595191956
4911520,0.12325932085514069
4911792,0.1328815519809723
4912944,0.127443328499794
4913136,0.1266060173511505
4913200,0.1264498233795166
4914064,0.12281692028045654
4914752,0.13443250954151154
4914896,0.1277032494544983
4915024,0.12799225747585297
4915216,0.12939423322677612
4915632,0.13186416029930115
4916352,0.12352559715509415
4916544,0.1172613725066185
4916704,0.1258516013622284
4917584,0.13123704493045807
4918288,0.13259227573871613
4918416,0.12935003638267517
4918544,0.12643857300281525
4918832,0.1296842098236084
4919232,0.13042226433753967
4919968,0.1280442178249359
4920048,0.1265488564968109
4921120,0.12582489848136902
4921312,0.12939174473285675
4923456,0.1310168206691742
4923728,0.12761537730693817
4924672,0.11790943890810013
4926400,0.12960314750671387
4927152,0.12161985784769058
4928192,0.1256200075149536
4930416,0.12653779983520508
4930720,0.1236530989408493
4930896,0.12604472041130066
4931712,0.12938369810581207
4932112,0.1296241283416748
4932592,0.1292974352836609
4932880,0.12444149702787399
4933440,0.1293264925479889
4933536,0.13042250275611877
4934112,0.13112562894821167
4934432,0.12368994951248169
4935712,0.12690800428390503
4936128,0.12986160814762115
4936912,0.13292476534843445
4938752,0.12786896526813507
4940016,0.12728245556354523
4941056,0.12727683782577515
4941264,0.1305452287197113
4941376,0.12295765429735184
4942096,0.12516996264457703
4942320,0.12866592407226562
4943584,0.1262737363576889
4945168,0.1239679604768753
4946496,0.1305694729089737
4946720,0.13039587438106537
4948704,0.1276531219482422
4949264,0.13121700286865234
4949568,0.12659092247486115
4950048,0.12658651173114777
4950208,0.12751583755016327
4951088,0.12980259954929352
4951504,0.1265212446451187
4952096,0.1303260326385498
4952192,0.08701843023300171
4953744,0.12079786509275436
4956592,0.13139230012893677
4957152,0.12569475173950195
4958768,0.12321663647890091
4959008,0.13074712455272675
4959232,0.1305452287197113
4960016,0.13129016757011414
4960752,0.12464743107557297
4961696,0.12621179223060608
4962608,0.1304669827222824
4962752,0.12863141298294067
4964288,0.12739333510398865
4965472,0.1280345469713211
4967136,0.12575919926166534
4968032,0.12632456421852112
4968064,0.11164426058530807
4968096,0.12708953022956848
4969040,0.12595883011817932
4969376,0.12700100243091583
4969760,0.1329740732908249
4969920,0.12608590722084045
4971600,0.1220981702208519
4971648,0.12396041303873062
4972128,0.12653584778308868
4972944,0.12240220606327057
4973296,0.12657169997692108
4974976,0.12759792804718018
4975280,0.12960468232631683
4975760,0.12617501616477966
4976448,0.12389349937438965
4977552,0.1287091225385666
4978592,0.1239953339099884
4978816,0.131036177277565
4979312,0.12924747169017792
4980176,0.12752112746238708
4981904,0.1259838491678238
4982064,0.12647144496440887
4982368,0.12647244334220886
4982576,0.12613090872764587
4982816,0.13074181973934174
4983168,0.1295255571603775
4983568,0.1276010423898697
4983760,0.12681171298027039
4983936,0.13015800714492798
4984080,0.12952624261379242
4984656,0.13163167238235474
4984736,0.12225926667451859
4985424,0.12816600501537323
4985568,0.12904635071754456
4985760,0.12241845577955246
4985920,0.12775641679763794
4987536,0.12329419702291489
4988240,0.1273629367351532
4988912,0.1266922950744629
4989136,0.12432622909545898
4989360,0.12712375819683075
4989936,0.1276673823595047
4990672,0.12566405534744263
4991168,0.1292310208082199
4991808,0.12603020668029785
4992944,0.12308666855096817
4992976,0.12679418921470642
4993520,0.12557969987392426
4993728,0.12254404276609421
4994528,0.12899290025234222
4994688,0.12771272659301758
4995296,0.12649375200271606
4995344,0.1280372589826584
4996528,0.12801441550254822
4996576,0.12779593467712402
4996688,0.11660595238208771
4997088,0.1222827136516571
