step,value
272,1.2937707901000977
320,1.4470759630203247
384,1.5700541734695435
400,2.3346846103668213
688,2.074549913406372
688,1.5588922500610352
720,2.2159318923950195
784,3.695808172225952
816,2.1613004207611084
864,2.3804478645324707
960,3.0201308727264404
1040,1.4262511730194092
1040,2.2211854457855225
1248,1.7038427591323853
1264,2.053978443145752
1344,1.4574424028396606
1472,1.860395908355713
1584,1.4107012748718262
1616,1.7876323461532593
1744,2.5697293281555176
1888,1.3681033849716187
1904,1.3143342733383179
1920,2.959225654602051
1968,1.448203444480896
2096,1.8718171119689941
2192,1.237587571144104
2336,2.1070330142974854
2352,2.8645150661468506
2416,1.9992166757583618
2464,1.2844659090042114
2544,1.9218316078186035
2560,2.102504253387451
2672,2.350064516067505
2688,1.8325207233428955
2720,1.367517352104187
2832,2.0647103786468506
2896,2.166577100753784
2944,1.8105956315994263
2976,1.407462477684021
3008,1.5268138647079468
3008,1.409651756286621
3184,2.9085381031036377
3344,2.1314175128936768
3408,1.8972172737121582
3504,2.04483962059021
3520,1.6086148023605347
3552,2.281857490539551
3696,1.8248615264892578
3744,1.827427864074707
3808,1.2714089155197144
3872,1.827185034751892
3904,1.570664644241333
3920,1.793903112411499
4016,2.1719558238983154
4080,1.2798540592193604
4096,1.2742136716842651
4128,1.7639728784561157
4224,1.787393569946289
4304,1.263714075088501
4320,1.4102143049240112
4336,1.7687638998031616
4480,1.7877501249313354
4576,2.793724298477173
4592,1.2807674407958984
4624,2.350541830062866
4800,2.132869005203247
4912,2.411200523376465
5264,2.545445680618286
5312,1.6415714025497437
5520,1.2364000082015991
5600,2.435025453567505
5616,1.6063153743743896
5664,1.833323359489441
5712,2.3805510997772217
5712,2.281278610229492
5728,1.4106216430664062
5920,1.4103989601135254
5920,1.3964781761169434
5984,1.4407894611358643
6000,1.922883152961731
6032,1.8225274085998535
6064,1.7844414710998535
6112,2.0494048595428467
6128,2.510105848312378
6144,2.745201349258423
6208,1.263718605041504
6272,1.842712640762329
6352,1.3247153759002686
6416,3.484703779220581
6496,1.9345452785491943
6544,4.530956745147705
6688,1.8562710285186768
6720,2.6151037216186523
6800,2.1636855602264404
6960,1.2461514472961426
6992,2.28501033782959
7104,1.6046173572540283
7232,1.9541510343551636
7232,2.3819477558135986
7392,1.606292963027954
7552,1.4090931415557861
7696,2.727728843688965
7696,2.0649826526641846
7760,2.351611614227295
7808,1.7570863962173462
7856,1.785047173500061
8016,2.777949810028076
8304,1.2351155281066895
8336,2.5017495155334473
8384,2.5580689907073975
8400,1.7808917760849
8416,2.149484872817993
8496,1.441101312637329
8528,1.409982681274414
8688,1.949878215789795
8704,1.3064146041870117
8928,2.1088225841522217
8976,1.4094016551971436
8976,2.3775434494018555
9072,1.7888376712799072
9072,2.42372465133667
9120,2.086479902267456
9136,2.974949598312378
9168,2.138054847717285
9248,3.215254306793213
9264,2.7232255935668945
9360,2.0565273761749268
9472,1.9293533563613892
9488,2.4155476093292236
9488,1.4095871448516846
9488,1.8444966077804565
9536,2.111104965209961
9600,1.8464137315750122
9760,2.12516450881958
9792,2.9438037872314453
9872,2.056953191757202
9872,1.3973865509033203
10128,2.3411262035369873
10320,1.3962247371673584
10400,2.605333089828491
10512,1.9612160921096802
10544,1.7001392841339111
10576,4.733341217041016
10656,1.665916919708252
10704,1.6038485765457153
10800,3.283461093902588
10816,3.8838350772857666
10912,1.6651273965835571
10976,1.670120358467102
11040,1.8376784324645996
11232,2.057767629623413
11232,1.4118527173995972
11376,2.0652551651000977
11376,1.609108328819275
11392,2.099039316177368
11392,1.9279048442840576
11600,1.8364691734313965
11600,2.0175230503082275
11712,1.8416311740875244
11792,2.1073343753814697
11824,2.5597846508026123
11984,2.496893882751465
12000,2.7690322399139404
12160,1.86931574344635
12160,1.4104869365692139
12192,1.981741189956665
12304,2.8927271366119385
12352,2.1003613471984863
12432,2.145993947982788
12448,1.3681086301803589
12480,1.3378292322158813
12736,1.5280770063400269
12784,1.408673882484436
12832,1.9049513339996338
13040,1.441683053970337
13312,2.8690106868743896
13392,1.513495922088623
13472,1.3690333366394043
13488,1.530871033668518
13584,1.8049209117889404
13680,1.5166596174240112
13808,1.8254683017730713
13808,5.81762170791626
13872,2.1413943767547607
13968,1.8100930452346802
14080,1.758576512336731
14256,2.7778711318969727
14272,2.099241256713867
14320,1.8944917917251587
14432,1.669262409210205
14544,1.4369782209396362
14656,1.6412303447723389
14720,1.409967303276062
14720,1.9324641227722168
14912,1.883737325668335
14928,2.0505330562591553
14976,1.4448885917663574
14976,1.4100342988967896
15120,1.9587396383285522
15152,2.0250191688537598
15200,1.4443342685699463
15216,2.964329242706299
15232,2.5289738178253174
15312,3.0765984058380127
15488,1.2814635038375854
15616,1.5864272117614746
15696,2.464879035949707
15888,1.671819806098938
15904,1.670291543006897
15968,1.4398001432418823
16272,1.3038898706436157
16416,2.4047622680664062
16432,1.6926172971725464
16464,2.5664710998535156
16480,1.3050475120544434
16560,1.434070110321045
16688,1.6216968297958374
16704,1.9048789739608765
16752,1.3183709383010864
16992,2.0215251445770264
16992,5.7415666580200195
17024,1.409532070159912
17136,2.2092442512512207
17152,1.7867754697799683
17328,1.765899419784546
17344,1.4711573123931885
17408,1.6053814888000488
17584,2.099008798599243
17728,1.9983782768249512
17744,1.436166524887085
17840,2.366502523422241
17952,1.7982760667800903
17968,2.4652516841888428
18016,2.058997869491577
18144,2.1110153198242188
18240,1.4702712297439575
18304,1.8190475702285767
18304,1.9063111543655396
18352,1.9809035062789917
18416,1.6784144639968872
18480,1.6490733623504639
18496,1.4408817291259766
18624,1.5292210578918457
18816,1.3955798149108887
18880,2.3016481399536133
19040,2.642911672592163
19072,2.064556837081909
19088,2.0199801921844482
19152,1.7939096689224243
19264,1.713765263557434
19328,2.055661201477051
19344,2.0630619525909424
19376,1.3259145021438599
19376,1.7483569383621216
19392,1.2736889123916626
19424,1.353137493133545
19440,1.5704424381256104
19472,1.4497359991073608
19616,1.4087069034576416
19760,2.662654399871826
19920,2.094041109085083
19936,1.8412909507751465
20064,1.3955152034759521
20144,2.0442423820495605
20304,1.8187882900238037
20496,2.1595616340637207
20512,2.338693380355835
20544,1.7138999700546265
20592,1.3347747325897217
20608,1.4207905530929565
20640,1.4530409574508667
20768,2.584641456604004
20816,2.444169282913208
20880,1.4222811460494995
20992,1.2939794063568115
21024,2.870325803756714
21072,2.5913212299346924
21120,2.175980806350708
21168,1.7875782251358032
21312,1.4112998247146606
21392,1.397682547569275
21408,2.005976676940918
21520,1.3499964475631714
21664,1.2370177507400513
21744,2.7310903072357178
21808,1.7984418869018555
21856,2.737006425857544
21904,1.9392277002334595
22000,3.12180757522583
22000,1.6433203220367432
22080,2.4496335983276367
22192,1.261519432067871
22192,1.2832714319229126
22208,1.5298136472702026
22304,6.273013591766357
22336,1.6664578914642334
22416,1.936082363128662
22464,1.2623354196548462
22528,1.4092702865600586
22528,1.6398857831954956
22576,1.6455928087234497
22720,1.9574674367904663
22880,1.235142707824707
22960,2.1232244968414307
22960,1.6784367561340332
23040,1.5545144081115723
23168,1.2812095880508423
23184,1.446659803390503
23200,1.439427375793457
23200,2.2773897647857666
23280,1.4047340154647827
23456,2.8516852855682373
23536,2.419645071029663
23552,1.2362200021743774
23600,2.437690258026123
23712,2.1487832069396973
23744,1.881834864616394
23840,1.4107742309570312
23888,2.4518680572509766
23904,2.293809175491333
24064,1.9783670902252197
24112,3.1732122898101807
24128,1.4087944030761719
24176,2.227915048599243
24224,1.422364592552185
24352,1.2815721035003662
24400,1.9480088949203491
24528,1.3672497272491455
24528,2.1312735080718994
24592,2.2166810035705566
24640,1.6087419986724854
24656,1.4030159711837769
24720,1.428433895111084
24848,1.4095858335494995
25088,3.082805871963501
25120,1.99186372756958
25136,1.7585419416427612
25136,1.6687530279159546
25168,1.4104588031768799
25296,2.5456314086914062
25312,2.555419683456421
25328,1.533557415008545
25360,2.140742301940918
25440,1.4102089405059814
25456,1.6736106872558594
25568,1.5589646100997925
25648,1.2738810777664185
25712,1.8847355842590332
25728,2.553680896759033
25760,1.3263190984725952
25776,2.2829103469848633
26048,1.798235535621643
26112,2.507301092147827
26352,2.074923038482666
26448,1.6028127670288086
26480,1.5276646614074707
26512,2.462587356567383
26528,1.4242196083068848
26800,1.9414269924163818
26816,1.6071590185165405
26848,1.7392996549606323
26864,1.4266369342803955
26880,2.826963186264038
26912,2.825622081756592
26944,2.603520154953003
26992,2.3568577766418457
27104,1.7862403392791748
27264,1.9015370607376099
27264,2.062558650970459
27376,1.903054118156433
27520,5.226986408233643
27520,2.1426892280578613
27568,2.7580299377441406
27632,2.9090192317962646
27744,1.7568343877792358
27888,1.5542445182800293
27984,3.1322948932647705
28016,1.4273544549942017
28272,1.4210760593414307
28352,1.8720347881317139
28368,2.311581611633301
28480,2.065995454788208
28672,2.4438912868499756
28672,1.7564525604248047
28672,1.5644947290420532
28752,5.003288745880127
28832,2.1247847080230713
28896,1.978436827659607
28960,2.6842880249023438
28960,1.6813780069351196
28992,1.4388796091079712
29008,1.4284100532531738
29008,1.6643218994140625
29088,2.2294790744781494
29216,2.917482852935791
29392,2.171708106994629
29440,2.071274995803833
29520,1.3047754764556885
29584,2.8007986545562744
29616,1.674565315246582
29632,1.5686688423156738
29680,1.4006836414337158
29904,2.2974205017089844
29920,4.351197242736816
29920,2.7985057830810547
29936,1.4844250679016113
29968,1.4969425201416016
29968,1.6189073324203491
30032,2.175013303756714
30080,1.9772462844848633
30160,2.1200029850006104
30224,3.0135045051574707
30288,1.940797209739685
30288,1.4370486736297607
30432,2.8064136505126953
30464,2.7870306968688965
30464,2.9457671642303467
30496,1.3056718111038208
30672,2.881661891937256
30768,2.510225534439087
30848,2.3730015754699707
30928,1.7386314868927002
31280,2.010159492492676
31312,1.557518720626831
31328,2.5014123916625977
31328,2.7978591918945312
31344,1.4402626752853394
31440,2.5894243717193604
31536,3.003418445587158
31536,2.9979798793792725
31648,1.4382195472717285
31840,1.7706936597824097
32064,2.7331650257110596
32112,1.7178502082824707
32144,1.4504915475845337
32160,1.5288946628570557
32208,1.8469398021697998
32480,2.466310977935791
32624,1.7853388786315918
32720,2.3613228797912598
32928,2.3370156288146973
32928,2.475318431854248
32960,2.9905917644500732
33024,1.939363956451416
33088,2.5265891551971436
33104,2.8686511516571045
33280,1.4459352493286133
33312,1.307131052017212
33376,1.3068978786468506
33488,2.4509921073913574
33504,2.2753636837005615
33536,1.4282360076904297
33584,2.5451431274414062
33600,1.3660989999771118
33696,2.0402328968048096
33808,2.807208776473999
33952,2.642749309539795
34000,2.1350560188293457
34048,2.4546408653259277
34208,2.801558494567871
34304,2.5134646892547607
34336,1.4225192070007324
34464,1.764674425125122
34640,1.868332028388977
34656,2.7892775535583496
34688,2.1284432411193848
34720,1.4400527477264404
34784,1.9227631092071533
34816,1.540667176246643
34976,1.408005714416504
35040,1.8343911170959473
35392,2.240799903869629
35392,1.4118218421936035
35504,1.3659169673919678
35520,1.4415932893753052
35680,1.3440210819244385
35712,2.4396848678588867
35856,1.8017479181289673
35984,2.3075499534606934
36128,2.586167097091675
36208,1.7884399890899658
36336,1.2374582290649414
36352,2.0752527713775635
36384,1.952128291130066
36416,2.04827880859375
36416,1.3043749332427979
36496,2.346874952316284
36560,1.9773627519607544
36624,1.9350982904434204
36656,1.4206786155700684
36688,2.129854440689087
36736,2.09438419342041
36768,3.0022389888763428
36784,1.8102123737335205
36880,3.338046073913574
37056,2.7807457447052
37072,1.8516976833343506
37104,1.410048007965088
37216,1.922631859779358
37328,4.483087539672852
37408,2.078479766845703
37472,2.385174512863159
37632,2.4694573879241943
37648,2.050163984298706
37776,1.830825924873352
37920,2.0840370655059814
37984,1.440646767616272
38080,2.301922559738159
38096,1.9271749258041382
38128,1.4168723821640015
38240,1.4101771116256714
38240,2.199852466583252
38288,1.3696558475494385
38336,1.8833348751068115
38384,1.4288356304168701
38448,1.3961982727050781
38608,1.2359111309051514
38720,1.428794503211975
38752,2.4700937271118164
38768,4.241906642913818
38832,2.5303587913513184
39056,3.8391008377075195
39104,1.3420716524124146
39136,1.3706471920013428
39280,1.7010747194290161
39424,2.4085888862609863
39456,1.4419057369232178
39488,1.281964659690857
39840,2.131803512573242
40000,2.6089224815368652
40112,2.446262836456299
40112,2.097665548324585
40128,1.7086290121078491
40240,2.161226272583008
40256,2.7893636226654053
40320,2.5691142082214355
40336,2.290774345397949
40400,2.155789852142334
40416,1.419409155845642
40464,2.7087996006011963
40592,2.051569938659668
40608,2.451110363006592
40624,1.2364637851715088
40736,2.709507942199707
40768,1.9123990535736084
40880,1.2360552549362183
41088,1.8571127653121948
41104,1.6072760820388794
41264,1.6647409200668335
41344,4.90553617477417
41744,2.6271286010742188
41808,2.3036303520202637
41824,2.679295063018799
41856,1.500199556350708
41872,1.6575698852539062
41888,1.9989482164382935
42160,1.9834890365600586
42432,5.6247429847717285
42448,2.6822316646575928
42464,1.3366163969039917
42560,1.8474273681640625
42736,2.1989448070526123
43024,1.4232959747314453
43088,1.9689075946807861
43296,2.613969564437866
43296,1.677327036857605
43360,1.305397868156433
43376,2.4490723609924316
43424,2.3740108013153076
43472,2.953368663787842
43616,1.4456745386123657
43632,1.8050919771194458
43760,2.423673391342163
43904,1.7231013774871826
43920,2.5798213481903076
44032,2.5359880924224854
44128,3.0479249954223633
44176,1.5589016675949097
44208,1.370622158050537
44240,2.5308356285095215
44416,1.611966848373413
44560,2.6260387897491455
44576,1.6992181539535522
44592,1.91520094871521
44592,1.7598304748535156
44624,2.053504228591919
44624,1.7449541091918945
44736,2.4252371788024902
44752,1.6738210916519165
44800,5.2988152503967285
45008,2.4781551361083984
45104,2.761768341064453
45136,2.125594139099121
45168,2.0479183197021484
45216,2.6525471210479736
45216,2.558771848678589
45232,2.0459988117218018
45248,1.9090166091918945
45328,2.25174617767334
45424,1.787399172782898
45536,3.018847703933716
45568,2.214378833770752
45616,2.5039889812469482
45680,2.521893262863159
45824,2.4640402793884277
45968,2.442460298538208
45984,1.4825869798660278
46000,2.0843992233276367
46112,2.6313886642456055
46128,2.2191717624664307
46288,1.4086796045303345
46416,2.625992774963379
46416,2.7823314666748047
46448,1.4245731830596924
46544,1.5284135341644287
46624,5.971991539001465
46688,2.6261186599731445
46720,1.2641868591308594
46832,2.525923013687134
46880,2.1353228092193604
46928,2.9338464736938477
46976,1.9334845542907715
47056,5.8842573165893555
47120,1.9607430696487427
47152,4.2435407638549805
47152,2.6408185958862305
47280,2.2553727626800537
47344,2.761167287826538
47360,2.743335247039795
47408,1.6496737003326416
47616,2.4926629066467285
47744,2.4272520542144775
47840,2.831043243408203
47872,2.368781566619873
47872,2.867863416671753
47920,1.5112563371658325
47920,1.9918638467788696
48064,2.533921003341675
48128,1.6082842350006104
48160,1.2908935546875
48224,1.9938567876815796
48288,2.2638378143310547
48320,2.3155298233032227
48320,1.9766016006469727
48368,1.3506346940994263
48496,1.5204949378967285
48640,2.3713576793670654
48656,2.0937418937683105
48656,1.9338141679763794
48736,2.2870001792907715
48768,2.3905646800994873
48816,2.1300296783447266
48816,2.46636962890625
48816,1.4386308193206787
48896,2.363111972808838
48944,1.2826436758041382
48976,1.4499164819717407
49040,1.918717384338379
49152,2.3641445636749268
49216,1.9818989038467407
49312,2.252291679382324
49488,3.414970874786377
49488,2.574852705001831
49600,2.617802381515503
49600,1.4214686155319214
49664,2.2180845737457275
49856,2.528829574584961
49888,1.8400142192840576
49904,2.392335891723633
49952,1.9871801137924194
49984,1.4250586032867432
50016,2.421752452850342
50048,1.5254055261611938
50096,1.8976483345031738
50144,6.196258068084717
50304,1.5453565120697021
50352,1.874672532081604
50416,1.617797613143921
50528,2.419964075088501
50640,1.2364639043807983
50752,3.651144504547119
50896,3.1494908332824707
50960,2.0452802181243896
50992,1.964830994606018
51088,1.5713590383529663
51264,2.668722152709961
51296,1.9142524003982544
51584,2.4802680015563965
51920,2.5352091789245605
52000,3.3847217559814453
52000,2.6368064880371094
52016,2.6591145992279053
52016,1.8697617053985596
52336,2.897960662841797
52464,2.413816213607788
52560,2.574815273284912
52752,3.0737192630767822
52816,2.7480978965759277
52880,2.373839855194092
52896,2.764094352722168
53120,2.5632903575897217
53248,2.0405519008636475
53264,2.088696002960205
53520,2.596055269241333
53568,1.42311692237854
53792,3.0756380558013916
53872,2.5992348194122314
53888,6.513230800628662
53984,2.2278530597686768
54272,1.6393847465515137
54272,8.709850311279297
54272,1.8448501825332642
54352,2.9025893211364746
54368,5.968616485595703
54576,3.389056444168091
54624,2.155841588973999
54688,2.496584177017212
54800,2.4816713333129883
54848,3.2418742179870605
54992,2.344719409942627
55136,1.6055314540863037
55280,1.8420735597610474
55520,1.8758894205093384
55584,5.330532073974609
55664,2.7645809650421143
55680,2.036863088607788
55728,4.749072074890137
55744,2.6761085987091064
55872,1.9773756265640259
55888,2.808426856994629
56080,1.8651490211486816
56096,2.391242027282715
56096,1.5316187143325806
56144,2.466952085494995
56560,2.4318418502807617
56848,2.321627140045166
56944,3.5109524726867676
56976,8.202397346496582
57056,1.281240463256836
57184,1.6051760911941528
57232,2.0826001167297363
57328,1.5182204246520996
57568,4.1168928146362305
57600,1.8276721239089966
57632,3.1311240196228027
57744,6.739211082458496
57920,1.6379287242889404
57984,7.546933650970459
58048,3.1610028743743896
58064,3.2431859970092773
58112,2.771711826324463
58144,3.2238216400146484
58160,2.0309109687805176
58208,2.5297787189483643
58256,3.400139331817627
58256,2.018477439880371
58304,2.017834424972534
58608,1.5277444124221802
58624,1.5443317890167236
58656,2.4954490661621094
58976,2.002350330352783
58976,6.967818260192871
58992,3.635003089904785
59008,6.524035453796387
59136,2.3507046699523926
59184,2.066391706466675
59264,2.285827159881592
59328,3.6630022525787354
59376,2.9977965354919434
59520,2.7276759147644043
59584,2.4298832416534424
59632,2.140918254852295
59696,1.9400665760040283
60016,1.7546603679656982
60080,1.3070369958877563
60096,2.3421173095703125
60384,1.3656977415084839
60400,2.3669090270996094
60528,13.22761344909668
60544,2.1878883838653564
60656,5.393792629241943
60656,1.8005878925323486
60672,2.719651699066162
60688,6.440011501312256
60816,2.586982488632202
60944,2.19244647026062
61040,3.6304972171783447
61136,2.090352773666382
61216,2.3268210887908936
61232,2.402372360229492
61280,2.421027421951294
61504,1.2360925674438477
61600,3.0716538429260254
61664,2.3453190326690674
61936,2.818725824356079
62016,2.0885353088378906
62096,2.432752847671509
62288,1.9724559783935547
62432,1.9816011190414429
62496,3.652646064758301
62672,1.8127446174621582
62880,4.184407711029053
63008,2.165907621383667
63072,2.4912099838256836
63344,1.3495311737060547
63456,2.665696859359741
63648,4.400815963745117
63680,2.7685608863830566
63968,2.878283739089966
63984,2.9540977478027344
64000,8.55453109741211
64224,3.932732343673706
64912,4.043729305267334
64912,6.273620128631592
65056,1.6180908679962158
65104,6.143381118774414
65248,2.2889559268951416
65376,2.2650909423828125
65376,1.4525175094604492
65456,3.5494558811187744
65472,3.217048168182373
65648,5.963918209075928
65712,1.2959102392196655
65824,1.8594920635223389
65920,5.671013355255127
65952,2.551854372024536
66144,4.3410563468933105
66224,3.9652860164642334
66240,2.5362095832824707
66480,8.157222747802734
66576,3.8594260215759277
66624,1.9448769092559814
66704,1.9418785572052002
66736,3.1003973484039307
66992,3.549626350402832
67280,2.441377639770508
67440,2.290623903274536
67520,1.6484200954437256
67616,3.084197998046875
67632,2.692596197128296
67840,3.073946237564087
67856,2.4882900714874268
67952,8.44100284576416
68016,2.202526092529297
68112,4.040860176086426
68144,3.056684970855713
68416,2.2630932331085205
68592,2.355548620223999
68784,4.404937267303467
68960,8.285199165344238
69072,3.494208574295044
69120,2.222435712814331
69216,2.5147933959960938
69232,2.2118186950683594
69504,1.9425277709960938
69888,2.01767897605896
69888,1.778630018234253
69936,13.66556167602539
69936,4.439892292022705
70096,2.27697491645813
70128,2.178351640701294
70288,2.542034149169922
70304,1.6854432821273804
70352,2.44840407371521
70688,8.985349655151367
70736,1.8372360467910767
70912,2.6616628170013428
71088,4.73448371887207
71376,2.800705909729004
71520,1.2938601970672607
71520,3.565251588821411
71984,6.237823009490967
71984,6.060447692871094
72080,2.57865571975708
72112,1.5754605531692505
72224,2.2353906631469727
72320,3.7998783588409424
72464,2.5926856994628906
72576,1.8176153898239136
72592,3.0838828086853027
73152,3.0839009284973145
73296,1.928889274597168
73328,1.2829231023788452
73504,8.595212936401367
73648,2.423649787902832
73712,9.33655071258545
73760,2.687391519546509
73872,7.341582298278809
74032,1.3358991146087646
74032,1.5350803136825562
74080,1.5296995639801025
74160,6.695959091186523
74448,3.654141664505005
74624,2.1967241764068604
74640,3.7644052505493164
74752,4.296836853027344
74800,1.337480068206787
75344,2.2175426483154297
75488,1.828318476676941
75632,8.760645866394043
75680,2.621558666229248
75760,8.748809814453125
75776,11.29079532623291
75776,1.290730595588684
75904,13.060903549194336
76016,2.8331844806671143
76128,3.1612322330474854
76224,2.352646589279175
76304,2.5323421955108643
76384,4.084970951080322
76512,2.540019989013672
76592,3.6510140895843506
76704,1.6288442611694336
76768,12.645257949829102
76928,5.097430229187012
77216,2.7521636486053467
77232,2.6952786445617676
77248,4.884422302246094
77456,6.210027694702148
77552,8.12414264678955
77664,2.1567602157592773
77760,5.174294948577881
77872,1.6043436527252197
78176,2.061941623687744
78544,4.95497989654541
78592,4.554925441741943
78800,2.8349263668060303
78848,1.4434605836868286
78896,8.70802116394043
78960,3.2579407691955566
79392,8.53585147857666
79408,2.599604368209839
79488,2.489623546600342
79504,3.803718328475952
79728,5.763962268829346
79872,3.342480421066284
80032,4.340498924255371
80112,1.8678183555603027
80288,2.0016632080078125
80544,2.6751105785369873
80576,7.609633445739746
80688,5.903359413146973
80960,2.8283534049987793
81200,2.536623239517212
81216,2.1499810218811035
81248,9.12134075164795
81328,3.2971885204315186
81504,8.101304054260254
81632,1.4815868139266968
81760,11.799424171447754
81776,2.6899704933166504
82032,1.2454439401626587
82064,1.2712466716766357
82288,3.2421679496765137
82400,3.326392889022827
82544,10.121232032775879
82896,2.23330020904541
83120,18.138608932495117
83264,6.834465503692627
83264,2.6008682250976562
83776,2.7028818130493164
84144,5.480240345001221
84528,8.565320014953613
84640,7.966525077819824
84720,8.426295280456543
84752,2.8263652324676514
84864,13.38338851928711
84896,2.8698458671569824
85024,1.9409669637680054
85872,9.960927963256836
86112,9.660667419433594
86240,13.001730918884277
86304,8.183355331420898
86832,2.6603221893310547
86864,7.550072193145752
86944,2.4541735649108887
87824,1.6049050092697144
87824,2.6760575771331787
88000,1.40817391872406
88112,5.078701496124268
88160,11.465373039245605
88192,3.5494799613952637
88416,8.511517524719238
88528,3.8693137168884277
88656,1.9407432079315186
88768,4.447216033935547
88960,2.524545192718506
89008,5.058825492858887
89632,2.9505198001861572
89680,4.342659950256348
89824,5.939990520477295
89872,5.233434200286865
90016,2.6719484329223633
90048,2.5766196250915527
90896,2.3342959880828857
91280,2.4321000576019287
91520,10.001620292663574
91952,8.520355224609375
92160,4.632933616638184
92176,9.376296043395996
92288,6.134154796600342
92304,1.9625577926635742
92512,2.4606361389160156
92560,1.848218321800232
92560,2.8114356994628906
92576,2.4275896549224854
92704,2.5492804050445557
93392,2.5626089572906494
93760,2.573930263519287
94064,12.951239585876465
94384,11.843771934509277
94496,6.349659442901611
95280,7.724269390106201
95296,2.3939566612243652
95568,1.3166626691818237
95616,3.503648519515991
95776,2.9349160194396973
95840,11.005952835083008
96016,3.9756674766540527
96144,19.230539321899414
96816,2.32694411277771
96848,3.408069610595703
97008,5.762103080749512
97136,1.4423434734344482
97184,19.135114669799805
97712,2.6386070251464844
98304,7.840670108795166
98320,8.454906463623047
98416,2.496053457260132
98448,26.23258399963379
98528,7.984650611877441
98544,18.05239486694336
98800,2.7326340675354004
98864,2.3594555854797363
98976,2.940707206726074
99024,5.531703948974609
99232,9.024314880371094
99600,4.9676079750061035
99872,11.03023624420166
99920,8.913432121276855
100608,11.61652946472168
100912,2.929352283477783
101232,15.941105842590332
101280,7.7092461585998535
101552,2.883899688720703
102128,2.452148199081421
102304,13.15071964263916
102416,8.480499267578125
102720,2.884336471557617
102768,2.3636693954467773
102928,4.680928707122803
103344,2.73604154586792
103536,25.444438934326172
103568,3.3121962547302246
103632,8.066764831542969
103696,22.03441047668457
103856,1.2805535793304443
104032,26.307579040527344
104416,4.770435333251953
104736,1.438283085823059
104848,5.0874247550964355
104848,3.3688223361968994
104896,23.551177978515625
105072,6.505361080169678
105184,1.351816177368164
105856,10.087018966674805
106080,8.361393928527832
106288,6.212159633636475
107072,10.66077709197998
107072,8.023746490478516
107072,5.6091742515563965
107184,26.991409301757812
107328,2.541109561920166
107744,3.308608293533325
108032,9.757233619689941
108128,1.820162296295166
108144,26.496591567993164
108288,27.241497039794922
108976,8.593975067138672
108992,10.230257987976074
109248,23.361248016357422
109328,1.613523006439209
109760,2.9870240688323975
109936,2.660040855407715
109952,12.154911994934082
110064,2.5985045433044434
110416,4.8952250480651855
111024,6.510890483856201
111040,7.839667320251465
111232,15.354339599609375
111344,5.936943054199219
111424,9.96593189239502
111600,7.323795318603516
112080,7.654809474945068
112432,18.40625
112480,1.8793601989746094
112896,12.95202350616455
112992,4.48832368850708
113248,2.699587345123291
113440,2.3419172763824463
113472,4.826748371124268
113936,6.779111862182617
114048,3.028719902038574
114384,24.620792388916016
114784,8.30572509765625
115040,3.0593678951263428
115152,1.4397143125534058
115232,10.550440788269043
115424,12.782322883605957
115520,17.96747398376465
115552,10.70173454284668
115616,14.6353120803833
115680,26.230159759521484
115696,2.4893152713775635
116272,2.6987571716308594
117216,12.886595726013184
117440,1.7113131284713745
118000,8.355886459350586
118352,17.20458984375
118752,2.1890177726745605
119104,4.042251110076904
119504,1.3690228462219238
119584,2.0318994522094727
119680,1.2952312231063843
119792,22.679244995117188
120368,5.571796894073486
120896,1.3151453733444214
120912,7.7853217124938965
121424,2.6280314922332764
121424,4.607605457305908
121456,10.293779373168945
121456,7.729523181915283
122272,5.514612197875977
122464,2.2466061115264893
122624,25.409456253051758
123408,11.38072395324707
124112,10.692211151123047
124352,8.50709056854248
124432,26.88949203491211
124528,16.786518096923828
124656,2.6808104515075684
124816,10.179048538208008
124816,7.0383734703063965
124848,2.339181661605835
125200,10.865038871765137
125424,5.182438850402832
126464,18.550777435302734
127216,25.360675811767578
127424,19.70787811279297
127680,18.23197364807129
127728,19.106874465942383
127984,18.14616584777832
128336,6.865352153778076
128784,28.504594802856445
128784,13.280104637145996
128896,25.978628158569336
129056,2.8032867908477783
129120,2.1918118000030518
129232,2.2270214557647705
129616,5.2407402992248535
130048,2.948608636856079
130496,23.500598907470703
131568,17.57497787475586
131760,12.711027145385742
132000,19.092498779296875
132032,4.3356547355651855
132208,13.481653213500977
132416,25.54961395263672
132608,24.950702667236328
132624,9.320059776306152
132656,21.386098861694336
133216,4.696220874786377
135072,10.131746292114258
135280,27.05265998840332
135552,5.54901647567749
136256,26.259641647338867
136336,8.522514343261719
136416,2.2806382179260254
136464,5.563143253326416
136800,12.050298690795898
136928,2.5002379417419434
137072,12.702798843383789
137200,5.959982872009277
137952,8.40605640411377
138192,9.847990989685059
138288,8.761944770812988
138784,13.86373519897461
139584,26.148767471313477
139936,8.002326965332031
139984,3.629831552505493
140512,27.00017738342285
141296,18.929866790771484
141872,8.181450843811035
141920,25.997844696044922
143088,19.47633171081543
143296,13.201539993286133
143792,8.66998291015625
144016,6.883981704711914
144112,14.265774726867676
144224,5.68182897567749
144592,5.0003180503845215
144832,25.489255905151367
145056,4.124095439910889
145456,18.76554298400879
145472,27.463790893554688
146256,25.586898803710938
146688,1.318951964378357
147264,26.324113845825195
148368,27.621742248535156
148528,3.9663050174713135
148592,13.575319290161133
149056,12.906508445739746
149120,13.788351058959961
149248,2.4712047576904297
149248,4.040535926818848
149264,27.72516632080078
149664,8.25101375579834
150016,27.233705520629883
150192,6.230772495269775
150720,1.3147221803665161
151888,13.417937278747559
152576,5.990048885345459
152576,1.5507137775421143
152672,2.5995824337005615
152688,12.887687683105469
152928,2.851170063018799
153616,4.779533386230469
153664,6.6617255210876465
154160,6.20006799697876
154400,5.555459499359131
154416,4.142728328704834
154768,13.592366218566895
154880,4.4556355476379395
155056,14.10940170288086
155104,3.4806952476501465
155216,4.080749988555908
155296,27.18269920349121
155392,2.686290979385376
155520,27.08458709716797
155664,2.497664451599121
156000,26.90228843688965
156240,27.139820098876953
156688,27.459171295166016
156976,7.624856472015381
157120,9.379817962646484
157200,5.094247341156006
157536,6.247990131378174
158240,26.807470321655273
158368,20.557329177856445
158688,2.284273862838745
158768,16.0101318359375
158832,2.5524706840515137
159072,1.279965877532959
159120,2.6136257648468018
160496,19.28006362915039
160896,10.307997703552246
161504,27.32709503173828
161584,25.467668533325195
161712,20.104890823364258
161744,13.097167015075684
162160,2.716787576675415
162464,26.957643508911133
162592,13.690094947814941
162592,27.97260093688965
162832,24.622385025024414
162864,9.03333854675293
162912,7.295178413391113
163232,1.8280794620513916
163616,6.459819316864014
163664,27.87483024597168
163920,3.6932578086853027
164576,8.327563285827637
164784,1.8356636762619019
165136,20.151569366455078
165136,26.473705291748047
165248,5.732408046722412
165264,9.059467315673828
165376,18.071550369262695
166304,27.360719680786133
166656,2.952155351638794
167168,11.912452697753906
167504,26.689678192138672
167696,27.265771865844727
168048,5.7069549560546875
168192,4.873976230621338
168240,26.448688507080078
168608,12.668403625488281
168704,3.1152169704437256
168736,2.915151834487915
168880,12.841778755187988
169056,27.72467041015625
169184,6.429444313049316
169408,5.480600833892822
170432,8.198907852172852
170608,21.151050567626953
171424,25.526845932006836
172384,25.926910400390625
172560,24.414505004882812
172768,2.9648327827453613
172976,28.401622772216797
173872,3.3977346420288086
174512,28.45096206665039
174864,27.635530471801758
174880,5.8902130126953125
175792,1.727370023727417
175904,22.76971435546875
176240,4.680659770965576
176304,25.933792114257812
176704,27.822914123535156
177232,8.281438827514648
177856,10.283034324645996
178208,9.556031227111816
178256,4.255582332611084
178384,26.91706657409668
178496,12.02942943572998
178784,2.54213547706604
179520,3.185208797454834
179888,10.143272399902344
180048,18.508350372314453
180272,26.918703079223633
180736,26.658166885375977
181152,24.101043701171875
181424,7.47764778137207
182336,23.135883331298828
182368,14.821085929870605
183744,21.047557830810547
183984,8.34852123260498
184080,21.552595138549805
184624,26.272605895996094
184736,21.02515411376953
184960,8.07532787322998
185600,27.826887130737305
186944,27.455141067504883
187280,19.361122131347656
187328,10.18312931060791
187504,19.010234832763672
187552,26.24679183959961
187664,22.1047420501709
187792,12.546080589294434
187808,5.872168064117432
188336,3.5830795764923096
188560,6.448428153991699
188800,18.573936462402344
189536,18.364757537841797
189920,3.0156826972961426
190144,11.321882247924805
190960,28.38026237487793
191200,27.496278762817383
191360,18.944080352783203
191472,27.732006072998047
191792,27.73640251159668
191920,17.743715286254883
192320,27.776235580444336
192352,27.442415237426758
193104,26.7595157623291
193456,7.296542644500732
193728,12.076211929321289
193792,19.60752296447754
194256,3.027935743331909
194544,8.861599922180176
194624,27.54722023010254
194880,18.139097213745117
195024,27.027082443237305
195136,26.586380004882812
195472,29.082429885864258
195808,23.949399948120117
195984,16.174970626831055
196032,18.360294342041016
196144,26.29291534423828
196304,13.376937866210938
196704,13.987942695617676
198432,27.21630096435547
198624,13.002803802490234
199312,10.478508949279785
199504,18.470853805541992
199632,26.370168685913086
199952,18.325990676879883
200448,27.111923217773438
200992,9.00829792022705
201824,27.677425384521484
202912,10.291013717651367
203696,26.948280334472656
203888,13.541465759277344
204128,27.205963134765625
204192,7.025718688964844
204480,5.369758605957031
204560,17.224258422851562
205552,19.769561767578125
205968,27.811555862426758
206800,27.213289260864258
207120,18.277795791625977
207168,26.220495223999023
207296,27.743301391601562
207504,27.939743041992188
207776,27.481462478637695
207952,4.8605828285217285
208032,6.0483222007751465
208128,5.223895072937012
208192,25.501935958862305
209008,4.951765537261963
209056,26.921598434448242
209296,28.70419692993164
209328,26.735763549804688
209648,21.026975631713867
210208,8.492341041564941
210272,2.913304328918457
211472,18.421070098876953
211776,27.360889434814453
211776,25.80889892578125
212976,6.197999477386475
212992,27.0046443939209
213056,26.42512321472168
213136,14.092511177062988
214240,11.13006591796875
215792,19.939777374267578
215920,2.7497739791870117
215936,11.69367790222168
216112,26.711999893188477
216640,26.48097038269043
217024,19.146581649780273
217104,20.77743148803711
218176,6.106250286102295
219152,9.148954391479492
219440,24.22532081604004
220192,27.599611282348633
220752,17.74505615234375
221056,13.274345397949219
221360,6.889195442199707
221664,19.06793785095215
222016,19.03828239440918
222496,10.359464645385742
222768,26.608394622802734
223184,5.162525177001953
223232,9.0352783203125
223312,26.74434471130371
223376,25.799501419067383
224400,29.41315460205078
224576,27.270204544067383
224912,27.892650604248047
225136,19.716697692871094
225376,18.47111701965332
226384,5.561789512634277
226624,3.4159622192382812
226784,27.42308807373047
226784,26.70760726928711
226912,27.133438110351562
226928,25.85250473022461
227216,13.797525405883789
227456,5.117870807647705
227856,23.24634552001953
228128,3.4180777072906494
228192,9.93352222442627
228416,26.04029655456543
228464,8.784564971923828
228896,28.048032760620117
229680,26.92475128173828
229952,28.621116638183594
230416,27.160024642944336
230480,1.5135810375213623
230528,27.424165725708008
230608,13.376505851745605
230704,1.2824021577835083
230768,27.67494010925293
230992,19.199352264404297
231216,14.561232566833496
231248,1.7213250398635864
232656,7.998871326446533
233216,27.52962875366211
233920,27.762916564941406
234016,27.591514587402344
234032,7.926970481872559
234128,9.754956245422363
234336,27.23387908935547
234496,24.822723388671875
234768,27.18920135498047
235600,4.4345703125
235936,6.6219048500061035
237600,25.619041442871094
237648,27.173404693603516
237984,28.35189437866211
238560,27.39711570739746
238640,4.749860763549805
239728,18.675251007080078
239744,12.027837753295898
240432,18.74471092224121
240784,26.507850646972656
241168,28.28352928161621
241280,10.244853019714355
241568,18.63392448425293
242272,27.333751678466797
242704,10.232007026672363
243264,27.89004898071289
244240,27.716480255126953
245008,26.606910705566406
245072,27.545978546142578
245792,28.446428298950195
246016,26.36568832397461
246240,26.092866897583008
246512,12.207977294921875
246880,27.29106330871582
247632,19.100627899169922
247792,7.821505069732666
247856,26.73746109008789
247984,25.9960994720459
248240,19.946197509765625
248672,2.1523706912994385
248784,20.123868942260742
249008,8.437411308288574
249072,8.865161895751953
249120,14.02203369140625
249712,26.45136070251465
249984,27.441022872924805
250640,27.34886360168457
250752,22.934402465820312
251008,6.353395462036133
251472,11.838018417358398
252240,24.142898559570312
252688,2.314127206802368
253360,19.50152587890625
253824,18.64783477783203
254128,26.289918899536133
254160,6.590672016143799
254448,23.982009887695312
254848,28.43074607849121
255632,18.782819747924805
256048,27.135574340820312
256640,18.929128646850586
256928,18.780418395996094
257072,25.539249420166016
258016,26.764196395874023
258544,27.52813148498535
258592,18.223155975341797
259248,27.438894271850586
259456,8.589969635009766
259456,2.8265371322631836
260560,26.806615829467773
260640,27.68839454650879
260720,1.7699884176254272
261040,27.94134521484375
262992,27.168249130249023
263872,24.71864891052246
264544,28.07268714904785
265952,28.0969295501709
265984,4.9889044761657715
266288,27.48493194580078
267440,27.97835922241211
268512,27.760705947875977
268960,26.79640007019043
269008,9.111610412597656
270720,3.278097152709961
270832,18.75457763671875
270864,5.649932861328125
271056,27.565584182739258
271152,18.1060733795166
271472,9.235074043273926
271632,11.242409706115723
272048,28.9040584564209
273120,27.456789016723633
273280,10.349757194519043
274240,28.31928253173828
274432,27.79517936706543
275184,27.734722137451172
276336,26.994857788085938
276912,26.741588592529297
277056,29.11716651916504
277200,28.256053924560547
277328,2.844604253768921
277792,27.886266708374023
278208,27.504398345947266
278752,10.430581092834473
278752,28.579509735107422
279072,27.451335906982422
279088,28.341203689575195
279120,28.294992446899414
279264,28.117517471313477
280480,27.303300857543945
281040,14.968594551086426
281488,28.039936065673828
281504,28.544004440307617
282016,21.15620231628418
282432,27.668622970581055
283328,28.200849533081055
283440,27.815595626831055
283632,19.39041519165039
283968,27.69658851623535
285056,10.478535652160645
285312,27.016345977783203
285472,3.830364942550659
285824,27.172449111938477
286448,10.180073738098145
286464,28.49968719482422
286992,27.764389038085938
287664,6.5856614112854
287712,26.418624877929688
288048,26.93797492980957
288576,28.286100387573242
288592,27.21544647216797
288800,27.36100959777832
289984,27.749216079711914
290544,27.489376068115234
290576,29.12836265563965
291584,27.70948600769043
292080,28.09295654296875
293520,27.217578887939453
293824,10.744146347045898
294048,28.209447860717773
294864,18.74840545654297
295584,26.9088077545166
295600,27.189971923828125
295824,6.202712535858154
296176,28.849199295043945
297424,27.869993209838867
297472,10.686444282531738
297536,27.88081932067871
297712,27.79765510559082
298240,28.441795349121094
299616,12.827642440795898
299728,26.125354766845703
300528,14.135040283203125
300800,19.386791229248047
303216,6.69804573059082
304384,28.498748779296875
306208,28.331581115722656
306272,19.450763702392578
306592,28.348012924194336
306688,22.816566467285156
306752,27.467334747314453
307840,5.060721397399902
307856,28.529380798339844
307936,28.465333938598633
308240,28.01348114013672
309136,27.77187156677246
309216,27.03239631652832
309504,27.95160675048828
310032,27.680932998657227
310256,27.8734073638916
310432,12.691011428833008
311456,27.260412216186523
313024,27.61115264892578
313664,27.50496482849121
313680,28.152084350585938
313792,27.632736206054688
313968,27.3682804107666
316224,27.73288917541504
316272,27.862340927124023
316832,27.341659545898438
317072,4.807793140411377
317600,27.26561737060547
317728,5.758172035217285
318816,6.362890243530273
318960,18.61591339111328
319872,27.628408432006836
320688,27.71211814880371
320976,27.378887176513672
321408,19.57720375061035
322064,28.862926483154297
322480,26.848976135253906
323184,27.345701217651367
324640,27.533485412597656
324752,1.582838535308838
324848,7.366377353668213
324928,26.997169494628906
325728,6.425629138946533
326096,29.37543487548828
326560,6.678305149078369
327632,28.022642135620117
327920,19.006101608276367
328224,26.882190704345703
328352,27.948692321777344
328656,27.345470428466797
329136,27.854204177856445
329264,27.619243621826172
331696,20.82695198059082
332032,26.451705932617188
334240,28.338674545288086
335088,6.419118404388428
335888,28.151397705078125
336512,26.950851440429688
336560,27.927562713623047
336640,28.94626808166504
337184,26.88340950012207
337216,27.3431396484375
337856,22.68092155456543
338656,28.077043533325195
338720,26.820138931274414
339040,27.458755493164062
339168,27.04636001586914
339200,19.400121688842773
339776,18.26689338684082
340688,27.718242645263672
342704,26.829647064208984
344608,26.962387084960938
345536,27.310338973999023
345712,28.310890197753906
346288,18.076183319091797
346416,27.411636352539062
346688,13.607096672058105
346880,27.752588272094727
347760,7.9753007888793945
348000,3.101858615875244
348192,27.505064010620117
348480,28.709617614746094
349184,27.637056350708008
349456,18.623714447021484
350144,26.77215003967285
350400,28.776500701904297
350960,27.676498413085938
351392,25.44098472595215
351648,5.429708003997803
351824,28.252227783203125
352032,27.39657211303711
352640,26.770353317260742
353152,26.578771591186523
353712,27.30770492553711
353760,14.849800109863281
354496,28.029020309448242
355136,26.05396842956543
355616,18.86331558227539
356768,7.100485324859619
357280,27.137418746948242
358736,27.05036735534668
359520,19.11727523803711
359776,28.07459831237793
360016,29.402690887451172
360656,27.45103645324707
360800,27.623756408691406
361872,27.066930770874023
363280,26.15262794494629
364336,28.02315902709961
365024,19.216222763061523
365104,28.54914665222168
365232,22.374574661254883
365376,27.976722717285156
365472,28.749252319335938
365888,28.56324005126953
367648,10.910839080810547
367744,27.33060646057129
367856,27.231592178344727
368784,27.440702438354492
368800,25.456941604614258
369024,27.418703079223633
369264,14.515074729919434
370096,27.534687042236328
370256,27.687044143676758
371120,25.970539093017578
371376,19.136463165283203
371584,18.775968551635742
372368,28.9711971282959
372704,6.022706508636475
373312,11.179057121276855
373680,27.389020919799805
373776,9.557523727416992
373856,28.983339309692383
373872,27.431169509887695
374560,27.689157485961914
374880,27.699121475219727
375024,27.117202758789062
377088,4.291799545288086
377232,28.220727920532227
377248,27.702951431274414
377440,28.503049850463867
377552,19.000778198242188
378240,27.593610763549805
378880,27.100051879882812
380992,27.263349533081055
381584,27.036109924316406
381728,27.711042404174805
382416,27.962940216064453
382496,9.272295951843262
382592,18.658994674682617
383104,26.616973876953125
383216,25.851699829101562
383696,27.129261016845703
384128,28.299945831298828
384144,28.91796875
384144,10.850064277648926
384272,27.08759880065918
384480,29.33600425720215
385216,27.0323543548584
385936,28.336938858032227
386640,27.619709014892578
387264,27.171693801879883
387920,26.76059341430664
388688,27.81818199157715
388720,27.236465454101562
390176,28.213361740112305
390800,27.842710494995117
391264,19.623655319213867
391392,28.429447174072266
391648,12.98381519317627
391648,28.118709564208984
392352,6.942829132080078
392400,21.837316513061523
392832,27.96824073791504
393408,18.490108489990234
393792,17.688806533813477
393824,27.120264053344727
394768,27.80933380126953
394976,27.033756256103516
395136,27.16244888305664
395184,28.133087158203125
395792,27.223468780517578
395920,28.03595542907715
395936,28.670291900634766
396336,27.50583267211914
396976,28.13205909729004
397968,28.165605545043945
398672,27.7907772064209
399280,27.71316909790039
399504,27.759557723999023
400496,28.1097354888916
402880,26.553749084472656
403136,28.199207305908203
403392,28.013227462768555
404400,28.392499923706055
404416,27.904958724975586
405632,29.0150146484375
406464,28.269330978393555
407088,27.622356414794922
407472,27.66587257385254
407872,4.873859405517578
408000,27.644084930419922
408576,27.886878967285156
409952,27.520509719848633
410320,28.330060958862305
410640,26.6689510345459
411536,26.814937591552734
411776,19.35392951965332
412112,27.477113723754883
412800,5.681563854217529
413472,2.320277452468872
413600,28.207965850830078
414256,19.655424118041992
415600,27.375865936279297
417088,27.43186378479004
417392,27.82780647277832
417712,27.574792861938477
417792,27.73537254333496
418816,28.368579864501953
419200,27.958608627319336
419680,18.786930084228516
419952,27.47905158996582
420128,27.530521392822266
420544,27.1733341217041
421360,28.734615325927734
421376,19.992719650268555
421488,28.360963821411133
423360,27.961841583251953
423376,26.85516929626465
423504,27.114933013916016
424880,10.175982475280762
424928,27.843252182006836
424944,27.066186904907227
425440,27.91583824157715
426736,27.074947357177734
427168,15.068578720092773
427584,26.953502655029297
428304,27.33397102355957
428448,28.149635314941406
428608,27.275930404663086
429280,27.73652458190918
430224,27.998701095581055
430496,27.257518768310547
431152,28.389314651489258
431312,27.836673736572266
431840,9.575172424316406
431872,26.24802589416504
432096,27.511747360229492
432160,27.470239639282227
432512,27.003984451293945
433728,27.07776641845703
434864,27.217819213867188
435408,28.055768966674805
435664,26.97542381286621
435776,27.00294303894043
437296,27.50817108154297
437872,27.961862564086914
438304,21.976139068603516
438528,29.192873001098633
438928,27.805503845214844
439904,28.860551834106445
440848,28.282785415649414
440864,28.04187774658203
441040,7.11721134185791
441776,5.9587249755859375
442128,28.69672966003418
444176,28.092208862304688
445280,27.8079776763916
446048,27.395339965820312
446144,25.439956665039062
446176,28.732421875
447888,19.12156105041504
448128,28.60296058654785
449648,27.632299423217773
449824,17.494707107543945
450816,8.429176330566406
451344,28.163164138793945
451408,27.64559555053711
451680,28.034269332885742
451696,27.098899841308594
453136,28.266803741455078
453168,28.178722381591797
453280,28.029476165771484
453392,28.166610717773438
453648,27.85466194152832
454928,19.876802444458008
456080,28.93523597717285
456656,27.468608856201172
456672,27.090190887451172
457408,23.51224708557129
457776,27.98554801940918
458464,28.424104690551758
458912,26.839008331298828
460224,27.650846481323242
460448,27.415653228759766
460688,29.18285369873047
461136,28.28923225402832
462400,27.01667594909668
463312,27.72359848022461
463952,28.32423210144043
464032,27.94028663635254
464496,28.287925720214844
465760,28.128110885620117
465952,28.249807357788086
466848,28.689682006835938
467552,27.40726089477539
467792,27.346342086791992
467984,27.265480041503906
468272,27.696102142333984
469248,28.71632194519043
470880,28.309572219848633
470944,27.246910095214844
472160,8.344010353088379
472656,2.379753351211548
474048,28.60365104675293
474304,20.442556381225586
474992,26.7353515625
475200,9.394978523254395
475296,28.109655380249023
476160,28.020797729492188
476544,28.12521743774414
477632,7.991765975952148
478544,27.477697372436523
478688,28.917184829711914
478832,27.62412452697754
479456,27.210424423217773
479696,26.851011276245117
480096,27.61935806274414
480720,27.703271865844727
481088,27.96907615661621
481104,27.197011947631836
482368,28.090795516967773
483008,28.52712631225586
483280,27.85332679748535
484192,26.580474853515625
484576,28.323890686035156
484640,18.928386688232422
484784,27.599611282348633
485536,27.487394332885742
485760,27.646318435668945
486592,29.04791831970215
486832,19.959877014160156
486928,17.628320693969727
487456,6.306807518005371
488512,27.51166343688965
489776,21.44101333618164
490400,27.915369033813477
491216,13.53262710571289
491664,28.803911209106445
492000,27.425323486328125
492880,5.110658168792725
493904,28.6235408782959
494096,28.07505226135254
494784,27.516090393066406
495552,29.421552658081055
496384,28.827205657958984
496848,27.636240005493164
497648,27.722604751586914
498048,26.870882034301758
499792,28.34172248840332
499952,29.125139236450195
500240,26.88389778137207
500832,25.162887573242188
501424,27.930274963378906
502656,27.352102279663086
503328,28.505352020263672
504576,28.135345458984375
504640,27.663726806640625
504928,26.73215675354004
505152,27.695383071899414
506144,27.8109073638916
506544,24.759618759155273
506720,13.379146575927734
506960,29.282865524291992
507168,27.844379425048828
507408,27.405454635620117
507920,28.05628204345703
508096,26.25758171081543
508320,28.27709197998047
508672,27.388755798339844
509664,27.114154815673828
509856,11.146039009094238
510384,28.37993049621582
511792,27.74700927734375
513664,28.64901351928711
514064,28.01934051513672
514192,27.87547492980957
514224,28.70644760131836
514784,19.127283096313477
515760,27.98255729675293
516944,27.442781448364258
517056,24.28510284423828
517184,27.533832550048828
517440,27.40392303466797
517728,27.6151123046875
517744,27.848190307617188
518272,28.05348777770996
518384,27.858686447143555
518768,28.313268661499023
518816,27.281749725341797
518848,26.82978057861328
520464,28.435283660888672
520640,28.182435989379883
521056,27.56330108642578
521344,6.115809440612793
521408,27.72450065612793
521856,21.041975021362305
521888,28.006332397460938
522384,27.708330154418945
522752,11.88941478729248
524208,28.22239112854004
525392,27.60686683654785
527712,26.906755447387695
528416,26.98258399963379
528432,19.226871490478516
528480,27.393444061279297
528624,27.835660934448242
530752,28.388681411743164
531104,28.84220314025879
531232,27.64272689819336
531392,27.625219345092773
531616,28.256366729736328
532000,27.67089080810547
533600,28.07243537902832
533776,28.013381958007812
534672,28.36142921447754
536016,28.37479591369629
536160,26.572729110717773
537152,28.27437973022461
538432,28.890771865844727
539024,27.811315536499023
539280,29.310367584228516
539520,28.385522842407227
539648,27.047832489013672
539696,28.216148376464844
539936,28.458024978637695
540736,28.28508186340332
541248,28.425579071044922
541600,26.661895751953125
541712,28.6720027923584
542544,27.539718627929688
542576,27.485048294067383
542736,27.278841018676758
543200,27.871313095092773
544336,28.097047805786133
545632,27.997800827026367
545664,19.738340377807617
545984,26.808746337890625
546064,27.193187713623047
546096,27.203611373901367
546256,28.54433250427246
546768,28.32010269165039
547088,28.584287643432617
547888,28.462871551513672
548960,29.1203670501709
549552,28.260671615600586
550160,26.848384857177734
550464,28.670095443725586
550752,10.447270393371582
551808,27.80356216430664
551840,19.322357177734375
553152,27.498226165771484
553232,28.647258758544922
553504,27.706588745117188
554976,28.237689971923828
555408,28.886781692504883
556128,27.081586837768555
556688,27.32207679748535
556848,28.976221084594727
557488,28.327425003051758
557712,27.561609268188477
558896,28.447816848754883
560064,23.473203659057617
560240,27.882946014404297
560800,27.876110076904297
561040,26.34834098815918
561632,28.369049072265625
562624,28.040002822875977
563120,27.8123779296875
563888,28.918758392333984
564528,28.04975700378418
564688,28.91022491455078
564816,28.260658264160156
565184,27.433382034301758
566560,26.557363510131836
567152,28.163314819335938
567376,27.197006225585938
567872,27.800148010253906
568208,28.34592056274414
568320,27.159027099609375
568400,27.678213119506836
568688,27.58833885192871
569488,25.773815155029297
570096,27.687498092651367
570176,27.910396575927734
570240,29.321569442749023
570768,26.855031967163086
571632,28.826885223388672
571664,28.542705535888672
571728,27.52962875366211
573344,27.501760482788086
573744,28.56311798095703
574224,18.509817123413086
574416,27.45105743408203
575184,28.854421615600586
576560,27.26381492614746
577792,28.564983367919922
578176,28.539844512939453
578480,28.498960494995117
581504,27.56886100769043
582912,27.83694076538086
583584,28.505929946899414
584048,28.269216537475586
585776,28.543222427368164
586512,29.326982498168945
588080,29.104162216186523
588544,27.7642822265625
589200,28.228612899780273
590032,27.769895553588867
590304,28.12794303894043
591104,28.142221450805664
591360,18.959230422973633
591408,27.694414138793945
591648,28.323280334472656
592128,27.718944549560547
592336,27.936790466308594
592912,28.744983673095703
593536,21.663490295410156
594048,28.447986602783203
594624,28.65995216369629
594960,10.321342468261719
595184,27.438823699951172
595648,29.187978744506836
595872,28.28460121154785
596272,27.74156379699707
596496,28.109214782714844
597696,28.665613174438477
597712,27.355730056762695
598400,29.185121536254883
598432,28.6448974609375
598672,27.33589744567871
599024,23.854949951171875
599216,27.927289962768555
599328,26.546457290649414
599840,26.63726043701172
600032,28.09605598449707
601296,28.28900909423828
601984,27.94144630432129
601984,28.838743209838867
602016,28.109153747558594
602224,28.684295654296875
602960,28.08533477783203
604832,28.386537551879883
605520,27.350582122802734
605552,28.23360252380371
605728,27.9969539642334
606752,26.796371459960938
607152,27.648496627807617
608176,27.74347496032715
608272,27.547748565673828
609280,28.019336700439453
610368,27.456995010375977
610688,28.023277282714844
611264,28.314672470092773
611936,28.575454711914062
612368,27.16166114807129
612608,28.93019676208496
612848,27.721506118774414
613392,28.2111873626709
613520,27.779348373413086
613856,27.47678565979004
615200,28.51893424987793
615280,28.60358428955078
616816,27.998212814331055
617344,27.536733627319336
618736,27.33955955505371
618768,28.978981018066406
619088,27.530025482177734
619360,27.62689208984375
619760,28.04205322265625
620224,2.214782476425171
620416,26.820268630981445
620464,28.424861907958984
621904,27.963748931884766
622288,28.938758850097656
622400,5.093234062194824
622832,27.214468002319336
623360,28.266082763671875
623760,28.58576011657715
623936,28.213253021240234
623984,29.462026596069336
624016,28.21394157409668
624096,27.963237762451172
624112,11.718758583068848
626656,27.383968353271484
626912,27.64874839782715
627360,27.910184860229492
627536,28.290119171142578
629296,28.72488784790039
629312,26.892866134643555
630208,27.891183853149414
630800,27.762510299682617
631088,28.368127822875977
631104,28.42828941345215
631392,7.347473621368408
631504,27.58732032775879
633504,27.554092407226562
634352,27.947980880737305
634992,27.820865631103516
635008,28.006147384643555
636624,28.03362274169922
636640,28.68131446838379
637008,27.239316940307617
638208,27.817615509033203
638496,27.850419998168945
638544,28.03759002685547
640624,28.386606216430664
641712,27.029325485229492
641792,27.907432556152344
642048,27.46460723876953
642048,28.303186416625977
643552,28.05475616455078
644512,28.21870231628418
644992,28.722824096679688
645232,10.92708683013916
645616,27.62150001525879
646192,27.999448776245117
647056,28.230464935302734
647344,27.90796661376953
648432,23.720773696899414
648720,27.79941177368164
648816,27.415225982666016
648944,28.595293045043945
649120,28.889278411865234
649776,27.769744873046875
650640,28.184242248535156
650816,28.02263832092285
650832,28.522682189941406
651168,27.190622329711914
652032,28.765485763549805
652688,28.25096893310547
654224,27.169387817382812
654320,27.83278465270996
654624,27.534841537475586
654768,27.671152114868164
655104,26.28516960144043
655552,27.92496109008789
655664,28.467029571533203
656272,28.97557830810547
656752,3.972642183303833
657376,27.759336471557617
657680,27.011974334716797
657808,26.863725662231445
657872,27.924800872802734
658224,27.710329055786133
658752,28.54456901550293
658848,28.399457931518555
659840,7.495690822601318
660752,13.490633010864258
663024,27.455242156982422
663312,27.206737518310547
663424,27.935606002807617
664512,26.764892578125
664704,27.243772506713867
665296,27.63413429260254
665424,27.8839111328125
665632,27.833595275878906
665872,27.049236297607422
666896,28.18061637878418
666992,28.255935668945312
667632,28.617536544799805
668032,27.003517150878906
668224,28.797748565673828
668256,5.089339256286621
668272,26.931133270263672
668848,27.548015594482422
669152,24.51770782470703
670656,10.884316444396973
671392,26.43584442138672
671776,27.839567184448242
671792,28.214460372924805
671808,27.948823928833008
672352,27.876544952392578
673952,27.769010543823242
674192,28.13323974609375
674896,19.504762649536133
675584,27.782346725463867
675888,28.269933700561523
676848,28.446773529052734
677408,19.091495513916016
677472,27.308799743652344
678432,27.056581497192383
678688,28.19889259338379
679376,27.382156372070312
681088,27.822412490844727
681376,27.192380905151367
682064,27.90509033203125
682256,27.01500129699707
684096,26.155717849731445
684096,27.945829391479492
684688,28.241777420043945
684960,27.3018741607666
685696,27.569942474365234
685936,27.39952850341797
687264,9.12346363067627
687360,27.39000701904297
687680,27.334978103637695
689088,13.275099754333496
689584,26.74993896484375
689696,28.219005584716797
690304,17.27272605895996
690656,26.706140518188477
691584,27.3271541595459
692464,27.332569122314453
692960,28.411876678466797
693104,28.043611526489258
693952,27.45710563659668
695776,26.8666934967041
695792,27.897537231445312
695888,25.79569435119629
698256,25.973941802978516
698400,28.594486236572266
698816,28.14341163635254
699008,27.754426956176758
699424,27.718215942382812
699440,27.590938568115234
700096,28.32916831970215
700240,27.469324111938477
700976,27.710939407348633
701184,8.250226020812988
701440,28.0941219329834
702560,27.782608032226562
702864,28.385780334472656
702912,27.969377517700195
703408,27.74374771118164
703744,26.543134689331055
704608,28.310489654541016
704992,27.92595100402832
705056,28.280969619750977
705376,26.10849952697754
705616,28.712026596069336
705936,27.83081817626953
706464,27.06058120727539
706960,28.754016876220703
707568,28.573633193969727
708336,27.701778411865234
709152,27.37738609313965
709424,27.977426528930664
710048,28.06938934326172
710720,27.326519012451172
710864,27.424720764160156
710992,20.115970611572266
712080,27.903318405151367
712192,19.081552505493164
714336,27.873445510864258
714768,19.863706588745117
715472,2.777958869934082
716128,28.27916717529297
717040,27.041837692260742
717888,27.078720092773438
718176,26.775564193725586
719200,27.542842864990234
720480,28.337331771850586
720752,17.190359115600586
720784,26.415782928466797
720912,26.858015060424805
720960,19.616064071655273
721792,18.667211532592773
722592,22.10211753845215
723376,20.913623809814453
723648,23.284942626953125
723760,27.23524284362793
724192,28.32451629638672
724368,23.768945693969727
726128,28.34634017944336
726848,28.90156364440918
727664,29.248384475708008
727712,28.26991844177246
727728,26.761964797973633
727952,26.110626220703125
727952,18.10492706298828
728672,18.651020050048828
728672,5.935553073883057
728880,7.276999473571777
730672,28.13144302368164
730784,26.920778274536133
730992,29.13407325744629
731456,26.10641860961914
731504,29.094459533691406
731568,28.000036239624023
731568,27.575599670410156
732272,26.923234939575195
733328,19.6754093170166
733968,28.34699058532715
734288,28.857526779174805
734992,24.69886589050293
735056,27.685039520263672
736976,28.724824905395508
737808,28.118919372558594
738736,27.806617736816406
739392,28.204870223999023
739936,26.582857131958008
740272,19.10529136657715
740960,25.762685775756836
741408,27.520496368408203
741456,8.00955581665039
741744,28.00337791442871
742320,25.467735290527344
742880,27.585113525390625
743232,29.054014205932617
744064,28.385683059692383
744112,27.666507720947266
744848,8.044648170471191
745648,24.842853546142578
745824,11.727213859558105
745824,27.839025497436523
745920,27.19004249572754
746736,28.371591567993164
747680,27.936777114868164
747776,27.575395584106445
748688,28.212068557739258
749040,27.561744689941406
749360,6.2558159828186035
749904,28.08946418762207
752464,18.861499786376953
752560,28.16330909729004
752576,28.03176498413086
753024,27.282926559448242
753056,27.47316551208496
754080,26.64421844482422
754928,27.186853408813477
755088,29.319992065429688
756080,28.020198822021484
756352,28.121912002563477
756416,23.802438735961914
756704,27.831594467163086
757440,29.03721046447754
757632,27.48134422302246
757792,25.82520866394043
758608,28.444929122924805
759552,28.086048126220703
759680,28.273679733276367
759712,18.92898178100586
759920,29.605487823486328
760208,27.22757339477539
760752,4.981679439544678
762240,26.632923126220703
762256,28.56833267211914
763056,28.370145797729492
763200,27.193557739257812
763328,26.493350982666016
764368,27.395843505859375
765728,27.36129379272461
765840,28.526569366455078
766048,27.70133399963379
766656,27.25794219970703
767568,28.999095916748047
768240,27.823440551757812
769568,27.81401824951172
770240,30.107141494750977
771888,11.036150932312012
772048,28.07010269165039
772928,27.155588150024414
773792,27.038673400878906
773872,26.05539894104004
774176,4.0503997802734375
775040,27.10662078857422
775072,7.579769134521484
775424,25.728891372680664
777120,27.673542022705078
777648,28.18389320373535
777984,27.00870704650879
778032,28.076412200927734
778064,26.791810989379883
778512,28.07312774658203
778608,28.251569747924805
778928,27.220134735107422
779104,28.01383399963379
780768,28.38072967529297
781488,27.28325080871582
781600,29.24445152282715
781808,27.414628982543945
782016,27.69687271118164
782128,28.60103416442871
782448,26.640228271484375
782656,28.517906188964844
782704,28.08772087097168
783200,27.7883358001709
783232,19.0044002532959
783616,7.534716606140137
785040,28.076566696166992
785696,27.554847717285156
787152,25.963899612426758
787680,18.547426223754883
787712,27.43876838684082
787968,26.28940200805664
788560,27.248641967773438
788608,27.21811866760254
789088,27.730491638183594
789296,18.52134895324707
790752,27.052295684814453
791024,28.594749450683594
791584,27.75519561767578
792128,27.109432220458984
792896,27.532363891601562
794176,8.975147247314453
795648,26.739364624023438
796128,27.790081024169922
797600,13.5391206741333
797680,26.51058006286621
797696,27.887758255004883
798272,27.524341583251953
798336,28.842370986938477
799008,27.72030258178711
799376,28.67450714111328
799936,26.091522216796875
801264,28.079452514648438
801280,28.510807037353516
801584,27.212997436523438
801664,23.618532180786133
801936,27.104272842407227
802624,17.628833770751953
803152,27.599987030029297
803536,27.54612159729004
803648,25.690723419189453
804784,28.802528381347656
805088,27.35417366027832
805168,27.531461715698242
807904,26.90138053894043
808176,26.61762809753418
808480,28.215776443481445
808704,27.862504959106445
809712,19.081037521362305
810112,28.269384384155273
810224,27.6794376373291
810832,26.638072967529297
811344,28.204017639160156
811728,14.395279884338379
811936,26.320297241210938
811952,27.65996551513672
812288,27.57761001586914
813264,27.722557067871094
813424,28.498565673828125
813536,19.192548751831055
813792,28.484560012817383
814736,6.315612316131592
814896,18.416738510131836
815216,28.23777961730957
815520,27.566322326660156
816192,19.775724411010742
818288,27.9036922454834
818304,28.047847747802734
818480,26.50900650024414
819024,26.764894485473633
819040,27.30640411376953
821168,27.07358169555664
821568,27.538076400756836
821856,28.50010871887207
822096,28.427000045776367
822320,27.721607208251953
822704,27.617589950561523
823376,28.05602264404297
823936,8.669819831848145
825024,3.7083144187927246
827552,28.336557388305664
827744,10.749167442321777
828912,7.609364986419678
828992,27.753257751464844
829664,28.0538330078125
829696,26.880056381225586
830544,27.72041130065918
830864,26.734838485717773
831248,26.245853424072266
831952,28.528438568115234
832032,28.21425437927246
832160,27.30008888244629
833408,27.544574737548828
833520,4.926325798034668
833712,27.927396774291992
834112,26.214672088623047
834288,25.28119659423828
834816,28.627161026000977
835488,27.62186622619629
835488,19.08499526977539
835728,28.131710052490234
836064,27.40650177001953
836336,20.202138900756836
836800,19.63251304626465
837120,27.382917404174805
837232,28.30739974975586
837904,28.6956787109375
839088,27.79014778137207
839104,27.24618911743164
841360,28.201812744140625
841584,27.02442169189453
842528,16.435317993164062
843232,27.30190086364746
843248,26.891342163085938
843440,19.516088485717773
843920,27.283912658691406
844896,21.1391544342041
844944,27.192228317260742
845408,27.897472381591797
845696,18.65534019470215
846032,21.093130111694336
846720,26.791446685791016
846944,26.92600440979004
847504,28.679439544677734
847504,11.778840065002441
848512,27.63939094543457
849056,26.866764068603516
849296,18.941165924072266
849440,5.935177803039551
849696,27.143600463867188
850656,23.8937931060791
852368,27.549924850463867
852928,27.315420150756836
852992,26.772361755371094
853264,27.266735076904297
854240,27.983596801757812
854512,27.680864334106445
854576,27.378461837768555
854624,28.336206436157227
854640,27.270700454711914
854944,10.151336669921875
856544,27.228694915771484
857136,18.46428680419922
858352,28.346590042114258
858528,27.131811141967773
861376,27.400575637817383
862016,27.25838851928711
862080,18.613115310668945
862128,27.43607521057129
863024,27.12827491760254
863488,28.5770263671875
863488,27.308752059936523
863872,27.401004791259766
864016,27.79827117919922
864016,26.978300094604492
864224,27.84841537475586
865664,28.400489807128906
866704,18.862581253051758
867120,27.510848999023438
867280,27.227872848510742
867904,20.714143753051758
869152,28.352798461914062
869568,21.243425369262695
869600,19.482654571533203
870592,26.24506378173828
870848,27.55753517150879
871280,27.04084014892578
872384,19.541624069213867
872880,28.296085357666016
873888,28.145252227783203
874800,27.35462188720703
875056,28.010883331298828
875168,26.91686248779297
875280,18.77722930908203
876112,13.466209411621094
876464,28.115365982055664
877856,26.673681259155273
877952,27.403268814086914
878144,27.32754135131836
878528,26.910781860351562
879184,26.722166061401367
880000,28.359638214111328
880640,27.257205963134766
881232,28.26091957092285
881664,26.204133987426758
881840,6.2239203453063965
882064,28.16733741760254
883120,27.57042121887207
883232,4.562857627868652
883296,27.470966339111328
883312,27.444778442382812
884720,8.45962142944336
884912,28.558382034301758
885824,26.743515014648438
886784,26.889278411865234
886960,28.37886619567871
887200,27.539670944213867
888272,26.745779037475586
888368,25.669845581054688
888928,28.78476905822754
888928,28.63474464416504
890464,28.74974250793457
890480,26.00587272644043
890656,27.060028076171875
891072,18.294084548950195
891168,27.931732177734375
891856,28.252416610717773
892144,10.251718521118164
892272,27.517366409301758
894208,27.562429428100586
894880,27.280982971191406
896176,27.252696990966797
897344,17.995914459228516
897792,27.442340850830078
898480,28.195276260375977
898880,27.09609031677246
899136,27.749448776245117
900896,12.29853630065918
900896,27.182628631591797
901168,27.86496925354004
901664,27.692373275756836
902560,27.94435691833496
902656,27.566347122192383
903760,18.377050399780273
903904,18.793092727661133
904432,27.665193557739258
904816,27.50347328186035
905216,26.824840545654297
905488,28.202024459838867
906128,26.544279098510742
906192,27.445186614990234
906400,28.171646118164062
906704,27.472885131835938
909136,26.88983154296875
909152,27.99416160583496
909744,2.9314124584198
910016,27.62887954711914
910384,3.9936304092407227
911088,27.71388816833496
911488,27.59128761291504
911680,18.9886417388916
913136,27.519397735595703
913632,28.26881980895996
913664,18.889169692993164
914272,28.36907196044922
914432,28.06363296508789
915152,26.215961456298828
915520,27.9583740234375
916656,26.981340408325195
917328,27.467803955078125
917968,27.701494216918945
918752,28.76160430908203
918800,19.96884536743164
919536,5.72795295715332
919632,28.596359252929688
919904,4.701043128967285
920160,28.476863861083984
920288,28.21269416809082
921600,9.308692932128906
922080,28.04642105102539
922208,19.26947784423828
922224,28.09587287902832
923984,26.718854904174805
924720,3.9199094772338867
924832,18.741798400878906
926096,27.37535858154297
926608,27.627004623413086
926960,27.740201950073242
927936,26.883703231811523
928272,27.999523162841797
928304,27.17626190185547
928384,27.284252166748047
928480,27.97650718688965
928544,23.845233917236328
928624,28.189743041992188
929584,18.89566993713379
929600,27.09539222717285
930144,28.29905128479004
930992,19.030967712402344
932320,28.479631423950195
934512,27.738218307495117
934912,27.257261276245117
935296,27.49834442138672
935584,28.252696990966797
935680,28.44158172607422
935712,28.874149322509766
936016,26.851808547973633
936352,29.26451873779297
936768,29.042869567871094
937152,27.716297149658203
937536,27.979150772094727
938096,29.08619499206543
938880,26.883544921875
939248,29.219806671142578
941024,27.795337677001953
942512,27.940431594848633
942768,28.097246170043945
942800,28.49993133544922
943808,27.607879638671875
944464,27.484241485595703
944688,27.44738006591797
945376,8.165912628173828
946080,28.20969581604004
946176,28.2124080657959
946336,27.719900131225586
946960,27.81598472595215
948272,28.018491744995117
948736,27.99541473388672
949360,27.613849639892578
949488,27.09850311279297
949776,28.293575286865234
949824,28.670881271362305
949904,28.180063247680664
950000,27.665773391723633
952288,28.0346736907959
952544,28.02375030517578
953168,27.9442195892334
953392,27.950624465942383
953552,27.373207092285156
954016,19.87616539001465
957024,28.34834098815918
957088,27.887653350830078
957088,28.0756778717041
957504,27.106849670410156
958272,28.303247451782227
960720,27.381914138793945
961632,28.395854949951172
962032,28.361160278320312
962736,27.37447738647461
963024,27.602407455444336
963792,27.622543334960938
963824,27.288116455078125
964096,28.98045539855957
965152,28.48809242248535
965424,28.301469802856445
966496,26.97433090209961
967424,27.318279266357422
968192,28.202449798583984
969200,28.079736709594727
969984,27.33415412902832
970192,28.630645751953125
970672,10.017956733703613
970864,27.68556785583496
970912,27.629180908203125
971584,3.64770770072937
971664,28.47031021118164
972240,29.122047424316406
972640,27.86363983154297
973200,18.696413040161133
974096,28.317331314086914
974432,28.334869384765625
975152,28.81890106201172
975232,18.768898010253906
975872,28.90497589111328
976768,28.656648635864258
977344,26.917583465576172
977616,28.429441452026367
977760,26.97536849975586
977808,26.211261749267578
978576,27.44029998779297
978704,27.498231887817383
978800,26.80965232849121
980544,26.967546463012695
980768,26.764524459838867
981264,18.40304946899414
983296,7.198756217956543
984112,27.51030921936035
984288,27.249988555908203
984496,27.027307510375977
985136,29.09192657470703
985264,6.279562950134277
985776,27.797853469848633
985952,18.952117919921875
986624,28.75503158569336
986992,27.925416946411133
987664,26.251901626586914
988048,27.519367218017578
988320,28.00652503967285
988640,27.19801139831543
988752,29.10026741027832
989216,27.929964065551758
990560,13.200897216796875
990944,27.374574661254883
991296,27.68167495727539
991792,27.786489486694336
991888,27.299312591552734
992992,5.048014163970947
994528,28.126361846923828
994576,28.17818260192871
994880,27.322439193725586
995184,2.9242639541625977
995200,27.056190490722656
995408,28.342971801757812
995744,28.104957580566406
996720,5.156274795532227
998112,29.120725631713867
998160,28.253076553344727
998944,28.352067947387695
999216,21.1826114654541
999264,28.108808517456055
999536,3.828165292739868
999680,28.530460357666016
999808,28.635040283203125
1000128,28.387256622314453
1001680,27.86332130432129
1002272,27.50960922241211
1003104,29.34908676147461
1003776,27.355085372924805
1005904,27.866769790649414
1006336,28.476163864135742
1006880,27.111764907836914
1007520,7.818289756774902
1007904,26.89558219909668
1008304,17.66692352294922
1008544,18.674386978149414
1008832,27.538698196411133
1010096,27.732261657714844
1010512,27.81332015991211
1012128,9.443599700927734
1012272,27.195213317871094
1012368,26.533924102783203
1012976,27.56020736694336
1013088,27.602270126342773
1013456,27.740373611450195
1013696,27.963586807250977
1014288,12.852702140808105
1014672,27.953393936157227
1015056,28.265033721923828
1015088,27.743350982666016
1015600,27.221050262451172
1016128,19.104976654052734
1016496,5.810855865478516
1017744,3.865150213241577
1017872,27.427061080932617
1017984,27.280115127563477
1018144,25.21670913696289
1018928,28.85532569885254
1019008,26.663789749145508
1019168,28.251182556152344
1019680,10.792102813720703
1020960,7.763780117034912
1021312,27.334857940673828
1021520,28.65144157409668
1022688,27.85503578186035
1024256,28.705215454101562
1024736,27.316884994506836
1025312,19.270212173461914
1025744,27.122507095336914
1026672,27.27022933959961
1027136,27.32796287536621
1027328,28.194589614868164
1027936,27.64708709716797
1027936,28.09286117553711
1028256,27.820777893066406
1028704,27.297595977783203
1029296,4.77284574508667
1030144,9.839920997619629
1030720,27.365568161010742
1031488,27.080123901367188
1031504,28.358806610107422
1032016,9.6084566116333
1032160,27.282649993896484
1032304,27.2946720123291
1033696,28.258432388305664
1034032,6.510108470916748
1034320,29.146251678466797
1034896,6.151297092437744
1035136,27.58987808227539
1035456,26.903898239135742
1035856,27.324565887451172
1037200,27.358043670654297
1038496,27.517024993896484
1039072,27.50351333618164
1039920,28.922943115234375
1040128,27.686365127563477
1040784,23.747392654418945
1041040,18.191038131713867
1042000,28.711393356323242
1042576,27.209712982177734
1042784,26.235971450805664
1043408,25.441625595092773
1043568,19.48069953918457
1043952,8.817672729492188
1044640,26.3201904296875
1044800,27.683246612548828
1044960,27.087432861328125
1045232,27.86012840270996
1045488,27.46849822998047
1046224,27.864967346191406
1047088,27.880111694335938
1048192,11.254003524780273
1048528,28.00046157836914
1049824,19.794822692871094
1049936,27.149059295654297
1051856,27.153566360473633
1053088,28.46903419494629
1053440,7.4669413566589355
1053472,27.60724449157715
1053568,9.669347763061523
1053840,26.435462951660156
1056128,27.747024536132812
1056592,27.270843505859375
1056864,26.951616287231445
1056896,10.991582870483398
1057696,27.38194465637207
1058192,28.09398651123047
1058304,26.56195640563965
1058512,11.82398509979248
1058992,27.480695724487305
1059424,27.810209274291992
1059632,27.2828426361084
1059680,26.862640380859375
1060608,28.328033447265625
1060784,27.523693084716797
1061360,27.307310104370117
1061888,27.408376693725586
1062784,9.793840408325195
1062944,28.034391403198242
1063792,27.533588409423828
1063968,27.1650333404541
1065280,26.684463500976562
1065536,25.869144439697266
1065680,18.24449348449707
1066560,28.091079711914062
1066704,27.49598503112793
1066816,27.398460388183594
1069072,29.02077293395996
1069216,29.416624069213867
1069696,27.99152946472168
1070064,26.582088470458984
1070160,28.679269790649414
1070304,28.39579963684082
1071088,26.885713577270508
1071472,27.35636329650879
1072448,26.71584129333496
1073680,27.656293869018555
1073856,27.19686508178711
1074992,28.3448429107666
1075184,27.468725204467773
1076464,26.84904670715332
1079600,27.80323028564453
1080240,27.788055419921875
1080800,27.759675979614258
1080928,27.0871639251709
1081472,28.422956466674805
1081616,27.203102111816406
1081712,28.50559425354004
1081808,27.888568878173828
1082272,27.42572784423828
1083792,29.192317962646484
1084416,27.830873489379883
1084448,29.205774307250977
1084480,28.794954299926758
1085408,27.436614990234375
1085744,27.694578170776367
1086144,28.72408676147461
1087008,28.375165939331055
1087040,28.055063247680664
1088080,27.992063522338867
1088528,26.417179107666016
1088800,27.49888038635254
1088928,27.732467651367188
1088992,27.973674774169922
1089824,27.70838165283203
1090288,28.69390296936035
1090512,27.429046630859375
1091136,19.681961059570312
1091408,27.675312042236328
1091632,28.128557205200195
1092464,28.188594818115234
1092528,26.999629974365234
1092800,27.225412368774414
1093520,26.290019989013672
1093936,27.737430572509766
1094112,27.64621925354004
1095024,27.943077087402344
1096112,29.164228439331055
1096448,26.71706199645996
1097408,26.902360916137695
1098544,16.430891036987305
1098576,27.89793586730957
1098640,26.899551391601562
1098736,28.521787643432617
1099472,5.790809631347656
1099680,27.448009490966797
1100080,28.149660110473633
1100336,18.664505004882812
1100608,28.079071044921875
1100944,27.908565521240234
1102112,28.49683380126953
1102112,28.420207977294922
1102224,28.1917781829834
1103392,27.66055679321289
1104000,27.568492889404297
1104528,29.14042854309082
1105552,21.797819137573242
1105616,27.63229751586914
1107952,28.056140899658203
1108160,18.80182647705078
1108816,27.04248809814453
1109184,27.710830688476562
1109664,9.80781364440918
1110544,27.501413345336914
1110752,28.384084701538086
1111232,28.369945526123047
1111296,28.790987014770508
1111328,21.72029685974121
1111520,27.413923263549805
1111808,19.418136596679688
1112432,27.43074607849121
1114256,27.813390731811523
1114800,27.207958221435547
1114816,28.13571548461914
1115424,7.791312217712402
1116048,26.449769973754883
1116336,28.87611961364746
1117776,14.691431045532227
1118256,27.36090660095215
1118288,27.659164428710938
1118608,28.63287925720215
1118608,27.044435501098633
1118816,26.92219352722168
1118976,28.101123809814453
1119568,27.894582748413086
1122400,26.716550827026367
1122576,28.401092529296875
1123120,27.741498947143555
1123584,28.202634811401367
1124560,28.568540573120117
1125024,27.68227195739746
1125632,27.318775177001953
1126096,28.123584747314453
1126128,27.321439743041992
1126624,26.828325271606445
1127168,19.578109741210938
1127920,19.243118286132812
1128848,13.496039390563965
1129072,28.358869552612305
1129216,28.32288932800293
1129456,9.335196495056152
1129680,27.76190185546875
1130656,27.403825759887695
1131408,27.453144073486328
1131856,18.441537857055664
1131904,19.598249435424805
1132416,27.43690299987793
1132480,27.4175968170166
1132688,27.84351921081543
1132944,7.04723596572876
1133008,27.719127655029297
1133056,27.85611343383789
1133344,28.47311019897461
1134208,28.46470832824707
1134320,27.014278411865234
1135696,27.299907684326172
1136560,27.354001998901367
1137392,22.740577697753906
1137920,27.895225524902344
1138608,28.118938446044922
1139136,27.091585159301758
1139600,28.112340927124023
1140960,27.307680130004883
1141024,6.21666145324707
1141056,26.857166290283203
1142992,26.837961196899414
1143120,27.093490600585938
1143504,28.174694061279297
1143584,26.418621063232422
1143776,28.211963653564453
1144640,27.262521743774414
1144784,6.475188255310059
1145264,27.722753524780273
1146736,27.496862411499023
1146928,27.114368438720703
1147104,27.615083694458008
1147216,17.802072525024414
1147984,27.64905548095703
1148032,27.1261043548584
1148672,27.115766525268555
1148848,27.479948043823242
1150288,28.15412139892578
1150672,27.747241973876953
1151392,3.8593788146972656
1152208,28.10346794128418
1153600,28.279399871826172
1154272,28.366310119628906
1154672,27.226266860961914
1154832,4.979982376098633
1155744,27.6806697845459
1156240,18.94026756286621
1157536,28.21579933166504
1157776,27.856937408447266
1157936,27.421886444091797
1158512,27.81605339050293
1159120,22.81544303894043
1160160,27.20734405517578
1160848,19.570755004882812
1161248,28.938020706176758
1161504,27.965381622314453
1162736,26.518630981445312
1162800,26.877790451049805
1163840,27.639591217041016
1164592,27.886730194091797
1164848,25.34343719482422
1165712,27.279054641723633
1166272,28.043445587158203
1166736,25.995676040649414
1167088,27.92306900024414
1167536,28.625673294067383
1169056,26.075199127197266
1169296,28.246774673461914
1169888,28.070281982421875
1170624,26.247819900512695
1171488,28.332149505615234
1171616,27.362333297729492
1171872,18.63327980041504
1172672,28.803682327270508
1173664,24.97962188720703
1174144,18.060802459716797
1174336,28.206985473632812
1174976,14.85630989074707
1175440,27.98640251159668
1176640,27.20647430419922
1177184,6.924992084503174
1177616,28.7343692779541
1178544,27.050559997558594
1178992,27.42770004272461
1179168,27.397478103637695
1180112,19.36892318725586
1180608,28.65979766845703
1180720,28.831809997558594
1181264,27.40013313293457
1182080,26.48896026611328
1182624,27.038759231567383
1182816,28.323604583740234
1183360,26.331466674804688
1183648,10.330118179321289
1185248,27.34111976623535
1185696,28.226581573486328
1186128,28.525680541992188
1186160,29.1866512298584
1186288,27.984617233276367
1187168,5.727884292602539
1188880,27.3692684173584
1189552,27.26325225830078
1189616,27.339876174926758
1190240,28.938459396362305
1190768,26.80917739868164
1191904,27.69187355041504
1193088,27.395511627197266
1193776,27.55855369567871
1194400,28.146217346191406
1194976,6.568192005157471
1195072,23.96771812438965
1195920,28.066913604736328
1196080,27.274337768554688
1196112,28.620206832885742
1197168,19.84195327758789
1197616,17.6091365814209
1197744,19.600133895874023
1197936,12.87685775756836
1197936,27.267724990844727
1199488,28.092466354370117
1200320,18.03803253173828
1200400,27.938684463500977
1200640,26.871397018432617
1200720,18.402637481689453
1201184,28.056474685668945
1202560,26.936321258544922
1203296,27.5609073638916
1203616,19.521419525146484
1203856,26.983888626098633
1204272,28.042577743530273
1204704,27.212223052978516
1204800,26.96408462524414
1204816,26.728988647460938
1205280,26.27486801147461
1206176,27.394926071166992
1206864,26.702159881591797
1207760,27.10213279724121
1208512,26.894010543823242
1210096,27.507177352905273
1210768,27.974279403686523
1211008,27.267715454101562
1211472,28.149063110351562
1212080,26.644189834594727
1212384,27.95903968811035
1213408,23.457612991333008
1213696,23.88673210144043
1214224,16.715438842773438
1215968,27.33812713623047
1216192,27.560060501098633
1216544,18.518985748291016
1216592,27.650775909423828
1217104,27.378753662109375
1217200,20.05878257751465
1217632,18.110610961914062
1217776,26.628345489501953
1219232,28.305925369262695
1219696,24.796113967895508
1220080,27.282005310058594
1220144,28.548254013061523
1221200,4.513264179229736
1221280,28.268573760986328
1221344,27.69304847717285
1221936,27.729520797729492
1222560,20.640605926513672
1222768,18.800474166870117
1223168,11.466853141784668
1223344,28.056604385375977
1224208,25.741167068481445
1224688,27.17420768737793
1224912,27.6021785736084
1225360,19.38230323791504
1225856,13.739264488220215
1226800,27.791048049926758
1227856,28.347970962524414
1228032,27.488061904907227
1228976,28.332284927368164
1230240,27.10401725769043
1230320,28.130523681640625
1230656,28.20389175415039
1231408,27.160930633544922
1232592,27.629173278808594
1233248,19.19007682800293
1233616,6.9312214851379395
1233840,27.808988571166992
1234592,2.6359405517578125
1235328,19.24446678161621
1236016,23.21249008178711
1236304,27.17082405090332
1236864,28.00069808959961
1237216,25.95235252380371
1237760,27.40140724182129
1238816,27.218177795410156
1239168,28.8302001953125
1239184,28.02181053161621
1239632,28.17333221435547
1239808,18.442764282226562
1240256,19.970170974731445
1240304,27.270584106445312
1240384,26.99318504333496
1240512,19.215312957763672
1241296,27.040725708007812
1242176,26.989877700805664
1242336,8.633363723754883
1242352,26.944278717041016
1242560,18.67503547668457
1243056,27.301700592041016
1243920,26.662187576293945
1244752,5.145498275756836
1244928,28.068058013916016
1245216,19.340810775756836
1245424,6.239975452423096
1245600,18.568204879760742
1245904,25.839330673217773
1246272,28.43096351623535
1247424,26.508487701416016
1247424,5.281134128570557
1247568,27.91510581970215
1247584,28.13364028930664
1251840,28.75598907470703
1251888,26.495372772216797
1251936,5.236277103424072
1252352,19.67655372619629
1252464,28.79002571105957
1252544,26.93324851989746
1252784,12.008246421813965
1252848,27.316421508789062
1253856,28.10109519958496
1254624,27.38031005859375
1255744,23.927812576293945
1256416,27.641658782958984
1256704,27.709165573120117
1257376,11.643256187438965
1259120,27.186899185180664
1259680,26.28879737854004
1260704,7.173594951629639
1260976,27.964921951293945
1263344,16.237228393554688
1263520,18.637094497680664
1264304,28.488800048828125
1264480,28.236175537109375
1265344,27.214174270629883
1265760,9.99006462097168
1268048,27.268447875976562
1268608,19.48905372619629
1269632,26.460344314575195
1270048,17.950927734375
1270688,13.1908597946167
1270832,26.914148330688477
1271728,26.806182861328125
1272160,27.422924041748047
1272160,7.565478324890137
1272288,10.052124977111816
1272592,26.897642135620117
1272880,27.69696807861328
1272976,26.308494567871094
1273584,27.817331314086914
1273856,5.697710990905762
1274176,27.681177139282227
1274352,27.07529067993164
1275008,18.69567108154297
1275216,27.58330726623535
1276096,7.444308757781982
1276368,27.678569793701172
1277168,29.009000778198242
1277680,28.118349075317383
1279008,28.141618728637695
1279168,27.48700523376465
1279632,26.4105167388916
1279696,25.809080123901367
1279712,27.67853355407715
1280864,27.895469665527344
1281136,9.77232551574707
1281200,26.506959915161133
1281824,27.516023635864258
1282560,28.320764541625977
1282560,26.50347328186035
1283200,25.818199157714844
1284752,28.445987701416016
1285312,28.726802825927734
1286352,27.90736198425293
1286672,28.40642547607422
1287120,28.299560546875
1287696,19.07126235961914
1288400,3.7800371646881104
1288848,26.460283279418945
1289088,28.07213020324707
1289152,27.610607147216797
1289456,28.40423011779785
1289872,28.52347755432129
1290016,26.92308807373047
1291520,18.756546020507812
1291584,26.472938537597656
1292320,18.791393280029297
1292736,28.08426284790039
1292992,19.12497901916504
1293424,27.763328552246094
1293488,26.979141235351562
1294160,26.3687744140625
1294928,28.228918075561523
1295088,27.519527435302734
1295216,18.4582462310791
1295712,26.550525665283203
1297072,26.801647186279297
1297680,28.836483001708984
1297760,26.84149169921875
1297920,8.379549980163574
1298208,27.97446060180664
1298320,27.133840560913086
1298608,26.993925094604492
1298912,26.470394134521484
1299776,19.484949111938477
1300944,6.049828052520752
1302240,28.617172241210938
1302448,25.996000289916992
1303152,28.043956756591797
1303648,17.848962783813477
1304624,26.99837875366211
1304944,28.65601921081543
1304960,26.918304443359375
1305552,28.15859603881836
1305760,27.49103546142578
1305952,27.476730346679688
1306048,18.081880569458008
1306608,28.521343231201172
1306992,22.43973731994629
1307152,22.774328231811523
1307536,6.160502910614014
1307936,26.19373321533203
1308128,26.829193115234375
1308464,5.537337303161621
1308464,27.959247589111328
1308544,26.981870651245117
1310448,26.552845001220703
1311200,11.215940475463867
1311472,27.509952545166016
1311936,19.843050003051758
1312064,27.43409538269043
1312080,26.536033630371094
1312720,26.186246871948242
1312960,27.893352508544922
1313264,29.70130157470703
1314000,27.220705032348633
1315088,26.644947052001953
1316528,28.177358627319336
1316848,27.903234481811523
1317824,26.79584312438965
1318464,26.889991760253906
1319936,18.432540893554688
1320096,27.61264419555664
1321328,28.27144432067871
1321712,27.523801803588867
1322048,28.080163955688477
1322160,28.113096237182617
1322640,19.255098342895508
1322880,27.18047332763672
1323312,3.591081142425537
1324832,27.24954605102539
1325264,28.44708824157715
1325632,27.218944549560547
1326384,26.48779296875
1326976,27.692974090576172
1327152,28.27427101135254
1328400,18.93954849243164
1328784,27.139589309692383
1329184,28.0165958404541
1329968,27.025876998901367
1331168,27.360750198364258
1332160,27.621509552001953
1332320,27.643604278564453
1332320,27.891651153564453
1332720,27.005359649658203
1333344,7.449723720550537
1333584,28.038862228393555
1334016,27.12627410888672
1334720,28.16952896118164
1335024,19.67182731628418
1335152,28.44963836669922
1335424,27.247970581054688
1335712,29.1674861907959
1335936,27.522619247436523
1336864,19.010751724243164
1337040,27.257307052612305
1337184,28.287696838378906
1339296,28.415925979614258
1339424,28.165367126464844
1340416,28.567359924316406
1340576,25.890043258666992
1340960,27.50875473022461
1341104,27.43169403076172
1341408,28.28789710998535
1342144,28.11944007873535
1342960,27.97757911682129
1343104,28.671838760375977
1343168,18.518733978271484
1343328,26.363269805908203
1343952,28.20363426208496
1344112,27.20255470275879
1344560,27.88379669189453
1345232,11.556419372558594
1345504,10.37820053100586
1346720,28.874101638793945
1346928,26.66227912902832
1347632,26.841047286987305
1347952,28.41158676147461
1348848,26.413610458374023
1349264,28.49071502685547
1349504,28.24203109741211
1350160,25.71367073059082
1351504,26.998300552368164
1351552,6.231622695922852
1351712,26.68722152709961
1352208,28.371129989624023
1352432,27.30315589904785
1352576,28.760671615600586
1352880,28.078771591186523
1353680,27.2624454498291
1354736,28.61786460876465
1355088,27.994762420654297
1355104,27.69554328918457
1355248,26.73468589782715
1355744,26.88182258605957
1356000,28.415428161621094
1356448,28.578454971313477
1357264,28.493459701538086
1358256,27.47884178161621
1358704,27.291669845581055
1358768,27.720197677612305
1358880,19.175731658935547
1359568,26.72746467590332
1360224,28.746042251586914
1360704,27.918245315551758
1362304,27.246078491210938
1362384,23.93239974975586
1362448,28.60576629638672
1362912,28.064916610717773
1363600,28.752880096435547
1363744,28.25345802307129
1364272,27.291505813598633
1365056,19.200551986694336
1366176,28.011051177978516
1366688,26.976646423339844
1366704,27.18901252746582
1366912,18.920818328857422
1367600,27.71895980834961
1369088,28.31191062927246
1369520,26.875978469848633
1369728,27.528825759887695
1370208,26.564210891723633
1370496,28.387226104736328
1370496,9.385247230529785
1370736,28.232553482055664
1370832,26.96539306640625
1372928,26.68221092224121
1373712,28.086809158325195
1373824,27.47176742553711
1373920,28.221315383911133
1374320,27.433393478393555
1374672,29.52260971069336
1374944,28.608654022216797
1377392,28.64903450012207
1377456,23.6738338470459
1377632,28.888628005981445
1378080,27.372560501098633
1378496,28.223583221435547
1380000,26.61150550842285
1380144,28.11177635192871
1380560,27.962675094604492
1381088,28.04061508178711
1381552,26.16933250427246
1383520,18.306123733520508
1384112,28.025421142578125
1384240,28.715871810913086
1384832,26.768150329589844
1384864,27.58612632751465
1385104,27.435503005981445
1385136,28.503732681274414
1385520,28.013153076171875
1387136,27.73395538330078
1387696,26.871734619140625
1388496,4.662111759185791
1388752,27.93021011352539
1388896,23.494739532470703
1389248,10.698168754577637
1389776,27.037311553955078
1390432,10.993825912475586
1390848,28.34556770324707
1391216,26.991079330444336
1391744,28.18071174621582
1392240,27.146808624267578
1392384,27.720848083496094
1393376,15.411588668823242
1395280,28.43777084350586
1395408,5.890701770782471
1395648,27.000648498535156
1396880,27.721891403198242
1396912,28.16258430480957
1398560,27.767845153808594
1398640,27.7122802734375
1399168,27.62657928466797
1399312,27.146564483642578
1399600,5.7972731590271
1399760,28.617206573486328
1401600,26.407928466796875
1402576,29.431011199951172
1402624,27.04502296447754
1402800,27.57276153564453
1402896,4.505990028381348
1403024,28.769481658935547
1403168,28.404582977294922
1403968,28.02983283996582
1404224,27.94173812866211
1404688,19.665088653564453
1405504,27.445880889892578
1406160,27.73640251159668
1406448,28.676082611083984
1406688,28.129127502441406
1406704,28.469518661499023
1407200,27.67053985595703
1407520,27.900426864624023
1409104,29.06171417236328
1409600,27.726924896240234
1409712,27.78760528564453
1410208,27.43192481994629
1410416,27.175296783447266
1410768,28.034317016601562
1411248,27.674585342407227
1411296,28.446022033691406
1411408,18.996280670166016
1412416,27.412494659423828
1412608,27.495241165161133
1413152,28.468341827392578
1413232,27.815826416015625
1413536,25.4915714263916
1413744,28.42719078063965
1414240,15.096349716186523
1414720,27.624767303466797
1415968,27.735143661499023
1416336,27.66443634033203
1416704,22.24915885925293
1416768,27.602596282958984
1416816,26.816255569458008
1417120,27.676166534423828
1417344,27.104084014892578
1417440,28.445528030395508
1418848,19.619468688964844
1420912,28.07284164428711
1421968,11.088238716125488
1422080,27.101102828979492
1422272,26.720157623291016
1422896,28.752756118774414
1423440,7.184020042419434
1423936,21.37926483154297
1424768,27.30841064453125
1425408,17.270177841186523
1425488,28.53622817993164
1425520,27.340599060058594
1425792,27.29391098022461
1425872,28.2401065826416
1426016,18.64735984802246
1428064,18.405820846557617
1429184,11.271575927734375
1429328,28.4112548828125
1429424,26.56826400756836
1429600,28.61506462097168
1431008,26.690031051635742
1431136,26.316619873046875
1431696,28.606760025024414
1432384,26.502132415771484
1432544,28.0927677154541
1433168,26.719715118408203
1433328,6.334151268005371
1435552,28.133634567260742
1435712,7.743642330169678
1436336,26.95729637145996
1436672,28.17984962463379
1436976,28.172998428344727
1437424,29.10179901123047
1438256,26.45697784423828
1438528,28.33403205871582
1439296,28.62107276916504
1439856,27.733924865722656
1440000,18.745655059814453
1440176,27.567190170288086
1440512,27.08154296875
1442064,27.850229263305664
1442848,27.807632446289062
1443264,10.458165168762207
1443280,28.232032775878906
1443360,27.63435935974121
1443520,27.485706329345703
1444704,27.594438552856445
1446208,28.07329559326172
1446288,18.9427547454834
1446384,5.699533462524414
1446912,27.78312110900879
1448176,28.0103816986084
1448304,27.631248474121094
1449696,27.237695693969727
1450576,29.311464309692383
1450784,28.227924346923828
1451104,26.841501235961914
1453184,28.064838409423828
1453424,25.719762802124023
1453520,27.480926513671875
1453616,27.417905807495117
1453920,27.779712677001953
1455552,27.81452178955078
1456800,28.492170333862305
1456912,26.695049285888672
1457104,28.63677215576172
1457216,27.496231079101562
1457392,28.147422790527344
1457520,23.719701766967773
1457552,27.986087799072266
1459184,29.440080642700195
1461024,27.398530960083008
1461216,28.562143325805664
1461536,28.446189880371094
1463328,27.598434448242188
1464048,27.794130325317383
1464512,27.83902931213379
1464528,27.297021865844727
1464800,27.44062614440918
1465056,29.020156860351562
1466112,27.230337142944336
1466160,27.316984176635742
1466272,27.947982788085938
1467136,19.331871032714844
1467456,19.884876251220703
1467760,28.08052635192871
1469856,28.4396915435791
1471024,27.693126678466797
1471072,24.703510284423828
1471344,27.881479263305664
1471584,27.466289520263672
1472400,27.33437156677246
1473232,28.159282684326172
1473264,19.630708694458008
1473296,28.459455490112305
1473984,27.003162384033203
1474576,26.124523162841797
1474592,28.71015167236328
1475120,27.22101593017578
1475264,27.56694793701172
1475600,26.59449577331543
1475792,28.05060386657715
1476832,28.143951416015625
1477568,27.99872398376465
1478112,28.258071899414062
1478400,28.774765014648438
1478800,28.054962158203125
1480128,6.103126049041748
1480224,28.240476608276367
1480368,28.201007843017578
1480512,27.87452507019043
1481152,27.703269958496094
1481504,27.874393463134766
1482032,28.130226135253906
1482064,27.436594009399414
1482864,25.590293884277344
1483680,27.544450759887695
1483856,27.755475997924805
1484208,28.508716583251953
1484656,28.68465805053711
1485616,28.346895217895508
1485648,28.02249526977539
1487328,28.612998962402344
1487424,28.21442413330078
1488128,26.977548599243164
1488176,6.057316303253174
1488736,28.67108726501465
1489072,27.56744384765625
1489232,26.982202529907227
1490976,27.34889793395996
1491168,27.067218780517578
1491312,26.662324905395508
1491648,27.754600524902344
1491712,27.222814559936523
1491824,18.989608764648438
1493392,28.127334594726562
1493520,18.735000610351562
1494656,26.977506637573242
1494672,21.095266342163086
1495824,27.408153533935547
1495856,19.377897262573242
1498080,6.212265968322754
1498176,27.612592697143555
1498224,28.223581314086914
1498880,28.659442901611328
1498992,28.24560546875
1499312,27.182886123657227
1500208,4.943281173706055
1500672,18.042329788208008
1501216,28.027978897094727
1501344,19.22210121154785
1501632,25.8164119720459
1501664,26.87021255493164
1501728,27.503890991210938
1501776,27.966529846191406
1502496,28.995357513427734
1502544,27.250198364257812
1502944,27.84947395324707
1503680,25.804218292236328
1505216,27.879575729370117
1505280,28.916357040405273
1506304,12.616433143615723
1506480,28.315349578857422
1506736,27.28264045715332
1507776,27.26617431640625
1508224,27.012693405151367
1508528,28.239959716796875
1508720,29.426441192626953
1508752,27.621416091918945
1509040,4.915006160736084
1509856,28.21454429626465
1510256,27.994430541992188
1512112,27.900964736938477
1512256,27.80634117126465
1512288,28.112693786621094
1512688,27.676902770996094
1513152,29.066572189331055
1513648,27.123023986816406
1513824,27.71760368347168
1515776,27.192808151245117
1515840,27.398712158203125
1516176,27.87609100341797
1516224,19.19721221923828
1516704,21.138198852539062
1517136,27.344154357910156
1519376,26.564950942993164
1519744,28.596866607666016
1520208,28.63253402709961
1520240,28.70149040222168
1520272,28.446714401245117
1521552,28.412357330322266
1521664,13.390931129455566
1521872,28.77872657775879
1522128,18.910001754760742
1522176,28.01767921447754
1522288,2.916408061981201
1522832,28.827716827392578
1523680,26.484643936157227
1525456,27.90903091430664
1525616,24.93329620361328
1526368,26.56076431274414
1526384,28.404443740844727
1526384,27.897457122802734
1526752,27.7857608795166
1527456,27.601261138916016
1529120,27.163957595825195
1529120,27.435298919677734
1530000,5.898432731628418
1530304,27.777507781982422
1530992,28.269481658935547
1532128,27.802906036376953
1532944,28.37223243713379
1533520,27.630043029785156
1533584,27.860891342163086
1534464,26.684755325317383
1534592,27.37860679626465
1534736,27.32345199584961
1536208,18.386241912841797
1536368,3.336348056793213
1536528,27.465978622436523
1536576,29.13860511779785
1537888,24.210777282714844
1539680,27.983028411865234
1539728,6.06074857711792
1539920,28.380735397338867
1539952,27.03787612915039
1539984,23.610578536987305
1540128,28.136476516723633
1540240,27.91214370727539
1540656,27.905187606811523
1541984,27.32438087463379
1543232,28.063461303710938
1543552,28.52973747253418
1544080,27.50176239013672
1544544,19.7282772064209
1544560,28.959707260131836
1546800,27.30524253845215
1547248,28.193849563598633
1547392,21.645668029785156
1548160,27.31557846069336
1549760,27.387786865234375
1550176,28.3011474609375
1550400,27.57122039794922
1550704,27.198471069335938
1550800,27.90073013305664
1552352,27.990270614624023
1553280,27.121549606323242
1553552,16.918930053710938
1553968,27.095149993896484
1554304,27.625003814697266
1554640,27.739351272583008
1554688,19.69845962524414
1556112,6.177412033081055
1556624,19.441577911376953
1556848,28.27220916748047
1557088,28.084016799926758
1558256,28.001150131225586
1558752,18.354887008666992
1558880,18.88824462890625
1561328,27.6907901763916
1561728,27.31917953491211
1562320,26.951923370361328
1562448,28.818614959716797
1563744,28.345012664794922
1563904,27.895832061767578
1563952,27.680442810058594
1563968,19.510419845581055
1564592,27.208513259887695
1565280,26.52630043029785
1566032,28.403770446777344
1566512,18.595680236816406
1567472,26.4111328125
1567472,27.37860870361328
1567744,27.198551177978516
1568160,27.322982788085938
1568464,28.31861686706543
1569568,27.905534744262695
1570624,27.779010772705078
1571008,27.037227630615234
1571232,28.365123748779297
1571808,27.77305030822754
1571936,27.471162796020508
1572208,23.86318016052246
1572848,6.774471759796143
1573616,28.00653648376465
1574112,27.85262107849121
1577168,27.745468139648438
1577360,27.26675033569336
1577760,28.8426513671875
1578768,28.271535873413086
1579024,28.382963180541992
1579312,27.295576095581055
1579888,27.71042823791504
1579920,26.417160034179688
1579952,27.367910385131836
1580160,29.01053810119629
1580720,27.040918350219727
1580864,28.957931518554688
1581712,27.537328720092773
1581888,28.306798934936523
1582960,26.977657318115234
1584080,28.24817657470703
1584464,28.04444694519043
1585168,27.143070220947266
1585664,26.59214973449707
1586128,28.97187614440918
1586560,27.70856285095215
1586976,28.185522079467773
1587024,28.165124893188477
1587360,26.39199447631836
1588624,27.512876510620117
1588768,27.823766708374023
1588960,27.710702896118164
1589120,18.53132438659668
1589408,27.249011993408203
1589408,28.024349212646484
1589632,3.360538959503174
1589744,26.493112564086914
1590912,27.354494094848633
1591216,27.71139144897461
1591488,18.626697540283203
1591744,27.92930793762207
1592080,27.72652244567871
1592336,28.81138801574707
1592624,26.08071517944336
1594032,26.86574935913086
1595760,26.68798828125
1595856,28.313337326049805
1596368,26.780908584594727
1596720,27.688777923583984
1597344,18.710783004760742
1597408,6.937789440155029
1597888,27.179471969604492
1598848,26.08292007446289
1598880,27.782238006591797
1599328,26.814044952392578
1599360,28.43073272705078
1599440,27.19317626953125
1599472,26.58292579650879
1599856,13.386337280273438
1601040,27.856782913208008
1602832,28.231849670410156
1602912,27.3260555267334
1603008,28.036392211914062
1603344,25.205759048461914
1604512,27.317413330078125
1604656,28.21134376525879
1605920,27.40563201904297
1606544,27.153934478759766
1606896,27.18088722229004
1607920,25.76924705505371
1608080,27.630281448364258
1608304,27.440134048461914
1609408,26.226221084594727
1610144,28.269481658935547
1611440,28.200794219970703
1611840,27.998525619506836
1613376,27.634174346923828
1613440,27.754348754882812
1613472,27.907663345336914
1613520,11.922690391540527
1613680,28.730567932128906
1613680,28.482921600341797
1613744,27.445344924926758
1614048,27.649986267089844
1614112,26.398454666137695
1616112,18.375282287597656
1617536,27.322050094604492
1617632,28.483379364013672
1618112,28.375276565551758
1618576,6.220566749572754
1618640,3.9298951625823975
1618944,27.76171112060547
1618992,18.550405502319336
1619664,28.310367584228516
1620448,27.370370864868164
1620720,28.29616355895996
1621184,27.29111099243164
1623712,27.889972686767578
1624080,27.46170425415039
1625392,27.11480712890625
1625616,26.582672119140625
1626928,7.524128437042236
1627264,4.534483909606934
1627632,27.346935272216797
1627712,28.680583953857422
1627776,3.3265390396118164
1627792,26.01361656188965
1628416,19.756925582885742
1629344,11.596477508544922
1629344,19.42807960510254
1629680,27.33761215209961
1630432,27.270811080932617
1631728,27.990461349487305
1632224,2.942819118499756
1633024,26.113521575927734
1633200,26.67452621459961
1633760,19.457921981811523
1634720,23.186290740966797
1635600,28.3458194732666
1635760,19.37070083618164
1637360,19.244701385498047
1637600,25.854578018188477
1638320,3.4060070514678955
1638672,27.333080291748047
1639072,10.541653633117676
1639200,27.07427978515625
1639296,26.841604232788086
1639840,27.880693435668945
1640384,27.87387466430664
1640784,6.644694805145264
1641712,27.50363540649414
1641872,18.408138275146484
1642608,28.23532485961914
1642656,27.412302017211914
1645088,27.08985710144043
1645296,28.227224349975586
1645424,26.375442504882812
1645552,6.10768985748291
1645808,28.976970672607422
1646240,26.95002555847168
1646448,27.78001594543457
1646480,19.247024536132812
1646544,27.708797454833984
1647296,27.62428855895996
1647632,28.07990837097168
1648176,28.306386947631836
1648592,27.621267318725586
1649888,26.866838455200195
1649952,27.33561897277832
1650016,28.635143280029297
1650176,26.821266174316406
1650336,6.010540962219238
1650880,28.787853240966797
1652560,28.793628692626953
1652576,27.357627868652344
1653296,27.765716552734375
1653920,28.31348991394043
1654448,27.836347579956055
1654480,28.1721134185791
1654928,28.079084396362305
1655680,6.423350811004639
1656112,28.365707397460938
1658432,27.09229850769043
1659424,19.589954376220703
1659696,27.502452850341797
1660640,28.7437686920166
1660720,27.91431427001953
1661104,28.237464904785156
1662752,11.407578468322754
1662816,27.61625099182129
1663376,24.330158233642578
1663744,6.294926166534424
1664160,28.39236068725586
1664192,26.786100387573242
1664624,28.656248092651367
1665328,26.7570858001709
1665664,28.78750991821289
1665936,28.26211929321289
1666432,18.725297927856445
1666448,26.566267013549805
1666624,24.862272262573242
1666912,26.92152976989746
1667744,27.50627326965332
1668080,28.14835548400879
1668704,29.27349090576172
1669792,27.150333404541016
1669968,28.0526180267334
1671392,28.36833953857422
1671472,27.614097595214844
1671600,28.71487045288086
1672256,28.277202606201172
1672656,29.136707305908203
1672848,27.77623176574707
1673008,19.42524528503418
1674000,17.456655502319336
1674176,17.7999210357666
1674496,28.9134521484375
1675648,7.141576290130615
1676256,27.496261596679688
1676352,27.82798194885254
1676848,18.17095375061035
1677632,24.23472785949707
1678128,28.419204711914062
1678688,27.21954345703125
1679120,13.704803466796875
1679776,28.526592254638672
1680400,27.81293487548828
1681232,26.067035675048828
1681936,26.951210021972656
1682720,26.811635971069336
1683040,26.740127563476562
1683296,27.617002487182617
1683696,28.773452758789062
1683904,26.937618255615234
1683968,4.6579484939575195
1684864,26.263795852661133
1685264,4.491531848907471
1685552,28.080251693725586
1686208,27.029178619384766
1686256,26.98528289794922
1686784,26.668102264404297
1687584,25.722999572753906
1688064,4.991552352905273
1688352,18.86905860900879
1688464,27.821134567260742
1689200,27.02375030517578
1689264,27.42472267150879
1689808,27.821550369262695
1689808,28.289159774780273
1690768,20.80389404296875
1691552,27.089588165283203
1691984,19.175920486450195
1692432,27.814800262451172
1693360,28.40078353881836
1693888,26.91100311279297
1694784,28.03902816772461
1695104,27.77397346496582
1695120,27.28371810913086
1695280,26.913354873657227
1695536,28.176362991333008
1695584,27.58905792236328
1695968,27.21799087524414
1696080,19.926982879638672
1696352,27.093669891357422
1697664,14.009478569030762
1698384,28.1924991607666
1698704,27.423063278198242
1698784,19.14008331298828
1698944,19.352243423461914
1699024,7.584723472595215
1699120,27.527725219726562
1699232,28.307470321655273
1699920,25.793933868408203
1701632,27.714143753051758
1702288,27.944074630737305
1702352,27.684139251708984
1702624,28.22158432006836
1702640,28.136112213134766
1702800,28.461883544921875
1702944,8.54526138305664
1703072,26.26185417175293
1703472,28.716297149658203
1703520,5.720463275909424
1704912,18.963600158691406
1705424,27.701112747192383
1706512,28.63676643371582
1706592,3.180166482925415
1708896,27.488794326782227
1709152,27.34571647644043
1709728,27.2109432220459
1709872,28.181304931640625
1710096,27.00023651123047
1711040,19.405664443969727
1711696,20.256200790405273
1712384,26.81352996826172
1713040,27.475908279418945
1713280,27.955236434936523
1713296,27.95725440979004
1713504,28.475299835205078
1713712,27.61981201171875
1713760,26.037721633911133
1714656,27.09927749633789
1715008,28.041128158569336
1715184,27.071250915527344
1716000,19.538148880004883
1716112,27.560312271118164
1716208,14.513858795166016
1716816,27.611392974853516
1717120,28.532472610473633
1717248,26.369464874267578
1718208,25.9226131439209
1718480,27.71649742126465
1719008,26.885042190551758
1719648,27.7866153717041
1719776,26.6959171295166
1720384,26.97727394104004
1720896,27.44580078125
1722064,28.569421768188477
1722464,3.4129092693328857
1723264,27.843503952026367
1723312,28.417964935302734
1723552,19.194841384887695
1723968,28.304407119750977
1725664,8.221342086791992
1726000,27.213455200195312
1726304,25.607513427734375
1726880,27.621341705322266
1727088,27.395109176635742
1728864,18.84170913696289
1729216,28.913103103637695
1730288,28.311979293823242
1730464,27.107694625854492
1730768,25.744163513183594
1731472,27.11638069152832
1731904,27.802255630493164
1732240,18.902366638183594
1732368,26.734453201293945
1732688,24.802696228027344
1732752,27.597593307495117
1733824,26.62798309326172
1733904,27.641138076782227
1735920,26.77362060546875
1736048,25.23982048034668
1736272,28.16596031188965
1736304,27.54704475402832
1736800,19.747516632080078
1737568,28.350727081298828
1737856,28.02312469482422
1738624,28.44253921508789
1739648,27.715255737304688
1739904,27.498401641845703
1739952,27.46847152709961
1741488,27.85721778869629
1742560,16.97800636291504
1742992,26.747602462768555
1743152,19.66576385498047
1744752,27.7617244720459
1745120,27.549556732177734
1746096,25.378286361694336
1746640,27.167543411254883
1746736,28.151491165161133
1746864,27.742158889770508
1747024,26.955974578857422
1747056,27.78740882873535
1748192,26.967710494995117
1748320,26.48616600036621
1749056,27.21027183532715
1749632,28.45967674255371
1750640,28.756044387817383
1751664,18.247276306152344
1753152,27.622766494750977
1753184,27.959108352661133
1753280,28.612031936645508
1753776,28.46858024597168
1754160,28.813302993774414
1755760,28.179407119750977
1756704,27.653400421142578
1756752,27.548051834106445
1757392,28.974153518676758
1757664,26.574979782104492
1759024,28.34846305847168
1759264,27.790691375732422
1759680,27.81508445739746
1760256,27.952880859375
1761168,27.128742218017578
1761440,28.180204391479492
1762624,27.151268005371094
1763824,27.263734817504883
1763952,27.863859176635742
1764448,27.561487197875977
1764736,27.57540512084961
1764960,7.369372844696045
1765184,4.343338966369629
1765648,19.333946228027344
1765744,27.60823631286621
1766384,26.535240173339844
1767392,28.191804885864258
1767472,27.121124267578125
1768368,27.62154769897461
1768416,26.99432945251465
1768560,27.236854553222656
1768912,26.603466033935547
1770640,27.20290184020996
1772496,27.247297286987305
1772576,11.694796562194824
1772928,27.189655303955078
1773136,26.99378204345703
1776288,27.761098861694336
1777072,27.713497161865234
1777344,27.114059448242188
1779088,27.75525665283203
1779712,28.039588928222656
1780032,28.236446380615234
1780256,27.74637222290039
1781744,27.117403030395508
1782432,19.327848434448242
1782656,28.253944396972656
1785968,28.67276954650879
1786464,18.432775497436523
1787248,25.22501564025879
1787888,28.206424713134766
1789056,28.807586669921875
1789600,27.356781005859375
1789856,28.089977264404297
1790016,27.6607608795166
1790176,19.57792091369629
1790768,27.523038864135742
1791536,26.879423141479492
1792016,26.888452529907227
1792352,27.901254653930664
1792464,25.942575454711914
1792880,28.858016967773438
1793104,27.460237503051758
1794592,27.240707397460938
1795600,28.07181167602539
1796080,28.708866119384766
1796896,26.963788986206055
1797040,27.7836971282959
1798608,27.974050521850586
1799120,28.129989624023438
1800512,28.570114135742188
1802064,28.013164520263672
1803104,26.938434600830078
1803392,28.19424819946289
1804096,27.881101608276367
1804144,28.47832679748535
1805792,27.801069259643555
1806480,27.841859817504883
1806704,27.701242446899414
1807536,18.984039306640625
1807632,27.760623931884766
1807712,27.93277359008789
1807888,27.24578285217285
1807920,26.6864070892334
1808816,27.169179916381836
1809328,27.522750854492188
1809424,26.603105545043945
1810160,19.57605743408203
1810800,21.622610092163086
1811264,28.01093101501465
1811600,9.532780647277832
1812064,27.726150512695312
1812384,27.263914108276367
1812544,27.000947952270508
1812832,27.404417037963867
1812896,27.758563995361328
1813744,27.368366241455078
1814128,29.092649459838867
1815024,28.325990676879883
1815648,27.31346893310547
1818176,28.39640235900879
1819008,28.116270065307617
1819520,29.05885887145996
1819728,27.1846981048584
1820000,27.690704345703125
1821904,28.444278717041016
1822128,27.277999877929688
1822160,18.094289779663086
1822464,27.28397560119629
1823616,27.293109893798828
1824240,10.754878044128418
1824368,28.42312240600586
1824832,27.290546417236328
1825008,10.026339530944824
1825440,27.25179100036621
1825696,28.50381088256836
1825760,27.51250457763672
1826944,28.280715942382812
1827168,27.398353576660156
1827792,27.579368591308594
1829392,28.014144897460938
1830704,28.07618522644043
1831440,28.548810958862305
1831936,27.86876678466797
1832448,27.742374420166016
1832880,30.064889907836914
1833824,6.334944725036621
1834000,29.09366798400879
1834864,28.671371459960938
1835008,27.570817947387695
1835504,28.853256225585938
1835664,26.835302352905273
1835936,6.22157621383667
1836176,27.977863311767578
1837440,18.75747299194336
1837552,28.757871627807617
1838992,26.754661560058594
1839216,27.909229278564453
1839536,20.31438446044922
1839776,27.59683609008789
1840032,28.053997039794922
1840048,28.44156265258789
1840688,28.27484893798828
1841008,28.106386184692383
1842512,27.94770050048828
1842528,10.704599380493164
1843296,27.301342010498047
1843536,28.537418365478516
1844432,5.713245391845703
1844640,28.635128021240234
1845344,9.843215942382812
1846048,28.151803970336914
1846128,29.194141387939453
1846416,26.654970169067383
1847024,19.049692153930664
1847216,28.67487335205078
1847680,28.00353240966797
1848176,27.499248504638672
1848192,27.47081184387207
1849152,27.335323333740234
1849584,25.92681884765625
1849696,28.234458923339844
1849952,28.134479522705078
1850176,27.506650924682617
1850544,28.72110939025879
1851712,27.98170280456543
1851728,28.584230422973633
1851792,27.91853141784668
1852400,28.315061569213867
1852720,18.593677520751953
1852736,27.504186630249023
1853488,27.236284255981445
1853520,27.9559383392334
1854080,28.061172485351562
1854528,20.261682510375977
1854784,28.009538650512695
1855280,28.451589584350586
1855360,28.66152000427246
1856272,27.753244400024414
1856736,10.521932601928711
1856976,27.876632690429688
1856992,27.791934967041016
1857584,28.339080810546875
1858128,28.121700286865234
1858448,15.29171085357666
1858928,28.668115615844727
1860592,28.852575302124023
1861808,10.53902530670166
1862336,27.28966522216797
1862544,28.52446746826172
1862848,28.037517547607422
1863760,19.14377784729004
1863840,28.488750457763672
1864016,26.61361312866211
1864320,27.715600967407227
1866192,28.253650665283203
1866496,8.787542343139648
1867312,27.877399444580078
1867584,28.90083885192871
1867840,28.570695877075195
1869408,28.260509490966797
1870112,28.15100860595703
1870880,28.08354377746582
1871040,27.649763107299805
1872640,28.427650451660156
1873232,27.685245513916016
1873488,28.60209083557129
1874288,26.031801223754883
1874576,27.895687103271484
1874736,28.99689483642578
1875056,27.097396850585938
1875616,27.5806941986084
1876576,26.975467681884766
1876832,27.31064224243164
1877024,28.091840744018555
1877136,28.105958938598633
1878176,26.97279930114746
1878256,27.566619873046875
1879232,28.921419143676758
1879600,19.355655670166016
1879616,28.530473709106445
1880144,28.077993392944336
1880320,28.226896286010742
1881648,28.415821075439453
1881728,27.395509719848633
1882688,6.614013195037842
1882736,27.039306640625
1883280,28.454864501953125
1883936,27.812042236328125
1884240,18.344013214111328
1885024,28.1496524810791
1885104,29.01847267150879
1885296,28.581787109375
1885808,18.85585594177246
1886336,25.999431610107422
1887312,28.60142707824707
1888624,27.908523559570312
1888864,27.740333557128906
1889856,26.669485092163086
1889952,26.405580520629883
1890288,26.978309631347656
1890368,28.014179229736328
1891088,27.77240562438965
1892160,28.237041473388672
1892384,27.983993530273438
1893840,28.529563903808594
1894608,27.15117645263672
1894848,27.82306671142578
1895520,28.836984634399414
1895920,26.984922409057617
1897040,27.759763717651367
1897872,26.106523513793945
1898000,28.460969924926758
1898624,27.580408096313477
1899056,4.944583892822266
1899168,27.228288650512695
1899232,27.486248016357422
1899392,27.416431427001953
1900592,28.011337280273438
1901952,27.1302490234375
1902448,6.414297580718994
1903648,27.608779907226562
1905712,26.944612503051758
1908016,27.537981033325195
1908896,28.076980590820312
1909120,26.680133819580078
1909152,26.55121421813965
1909808,28.179025650024414
1910720,27.021703720092773
1910880,27.51809310913086
1911584,27.368892669677734
1912352,27.801855087280273
1913392,27.677326202392578
1913456,28.035167694091797
1913664,27.321752548217773
1913856,19.769487380981445
1915200,28.408510208129883
1915248,27.00566291809082
1916272,19.08193016052246
1916736,24.972389221191406
1916848,27.608173370361328
1916928,26.910066604614258
1917072,26.986846923828125
1917472,19.778400421142578
1918592,10.878560066223145
1919072,27.308298110961914
1919488,19.827808380126953
1919936,27.260631561279297
1919968,19.104928970336914
1922096,26.88825225830078
1922320,28.23273277282715
1922480,18.59197998046875
1922608,27.33944320678711
1923008,27.714675903320312
1923200,19.10727882385254
1923648,27.689098358154297
1925872,26.417892456054688
1925872,26.12236213684082
1925936,28.3460750579834
1926208,18.39906883239746
1926688,27.083417892456055
1926768,27.588712692260742
1927072,26.976913452148438
1927264,27.160594940185547
1928048,18.718669891357422
1929392,26.55238914489746
1929472,26.129074096679688
1929536,27.790233612060547
1929792,26.9481201171875
1929904,27.90639877319336
1930336,27.731203079223633
1930592,27.94828224182129
1930784,28.920604705810547
1931568,4.981393814086914
1931696,26.213531494140625
1932672,27.745952606201172
1932880,17.857376098632812
1932992,28.86321258544922
1933024,26.64931297302246
1933088,28.27438735961914
1934352,27.24857521057129
1935152,6.274286270141602
1935744,19.886009216308594
1936192,26.918046951293945
1936640,28.0975284576416
1937792,17.915937423706055
1938752,27.9514102935791
1939008,18.610797882080078
1939136,27.967317581176758
1939248,26.55500030517578
1939488,27.790851593017578
1940560,27.911705017089844
1941472,28.216917037963867
1941584,27.03388023376465
1942016,27.260841369628906
1942240,8.23636531829834
1942288,26.48204803466797
1942816,26.879642486572266
1943328,27.852497100830078
1943840,26.820926666259766
1943920,8.886038780212402
1944176,26.45549964904785
1944272,16.063232421875
1945056,27.763652801513672
1945664,26.65708351135254
1945872,27.02934455871582
1945952,27.100603103637695
1946288,28.149852752685547
1946608,19.45098876953125
1946736,18.708375930786133
1946848,26.046199798583984
1947152,27.484294891357422
1948544,27.9312686920166
1949456,28.39078140258789
1949856,27.76404571533203
1950304,2.758254051208496
1950544,27.745298385620117
1951728,14.229598999023438
1952032,26.887939453125
1952384,2.837062358856201
1952992,19.5980167388916
1953248,5.509726524353027
1953872,27.767845153808594
1954208,19.394254684448242
1954464,27.120914459228516
1954624,18.46312141418457
1954768,26.46775245666504
1955664,27.262313842773438
1955872,27.661022186279297
1955888,28.028526306152344
1956336,27.891693115234375
1956496,24.95070457458496
1956544,3.3017125129699707
1956768,28.1770076751709
1957280,26.96268653869629
1957296,23.835954666137695
1957840,27.255998611450195
1958272,26.082826614379883
1959216,27.005294799804688
1960128,14.722491264343262
1960448,25.163026809692383
1960928,28.401308059692383
1962416,26.366559982299805
1962592,18.892000198364258
1962848,20.209392547607422
1963232,20.027738571166992
1963600,27.98470687866211
1963696,27.00165367126465
1963888,7.879184722900391
1963888,2.7316734790802
1965328,27.135473251342773
1965456,27.364532470703125
1965760,27.958953857421875
1965952,27.38486671447754
1966512,6.201420307159424
1967280,26.666584014892578
1967536,28.156551361083984
1968224,3.336385488510132
1968528,17.784875869750977
1968816,25.942811965942383
1969184,26.8779296875
1969264,6.728969097137451
1969856,27.212202072143555
1970032,26.457141876220703
1970832,27.560165405273438
1971024,11.160602569580078
1971552,26.942399978637695
1971648,5.832903861999512
1971936,5.548418045043945
1972752,27.541067123413086
1973184,25.208410263061523
1973648,12.967988014221191
1974512,27.276622772216797
1975264,28.23319435119629
1976224,18.1320858001709
1976320,27.658218383789062
1976800,28.412717819213867
1977120,27.69814109802246
1977248,27.44186019897461
1977968,27.643741607666016
1978080,27.517433166503906
1978512,13.073521614074707
1978816,27.584270477294922
1978816,28.115684509277344
1978944,27.264827728271484
1979872,25.484926223754883
1980448,27.746604919433594
1980704,27.00250244140625
1981584,7.215203285217285
1982352,27.724685668945312
1983520,25.79051971435547
1983584,27.405513763427734
1983952,27.61734962463379
1984176,28.424118041992188
1987104,26.651514053344727
1987568,28.921831130981445
1988032,27.27016258239746
1988608,18.635746002197266
1989552,19.68235969543457
1990320,27.734107971191406
1990480,27.349992752075195
1991088,27.089160919189453
1991312,18.519392013549805
1991536,28.812788009643555
1991584,5.286823272705078
1992080,10.838953018188477
1993008,27.354745864868164
1993888,27.716646194458008
1994592,18.86958122253418
1995104,18.20926284790039
1997968,28.495262145996094
1998112,26.555971145629883
1998144,26.98065757751465
1998288,28.758691787719727
1998496,27.912845611572266
1998496,4.911678314208984
1998608,26.330785751342773
2000064,18.64449691772461
2000160,26.518535614013672
2000576,19.431495666503906
2001824,27.670106887817383
2002032,27.964859008789062
2002160,26.073856353759766
2002208,27.98155975341797
2002848,26.48975372314453
2002960,27.73514747619629
2003024,5.240538120269775
2003952,28.409534454345703
2004544,21.517845153808594
2005040,26.89871597290039
2005344,28.10153579711914
2005408,27.36980628967285
2005760,28.718698501586914
2006160,18.824661254882812
2006464,27.713655471801758
2007280,27.164493560791016
2007328,11.043180465698242
2008176,27.040014266967773
2008336,26.792444229125977
2008624,26.3221492767334
2008768,28.744224548339844
2008816,27.570091247558594
2009008,28.30109214782715
2010880,27.185745239257812
2011632,19.84261703491211
2013520,17.444133758544922
2013872,17.364810943603516
2014432,28.39191436767578
2014528,26.781396865844727
2015504,24.3759765625
2015504,19.135726928710938
2015696,25.36292266845703
2015904,28.298919677734375
2016112,27.58944320678711
2018288,27.566726684570312
2020656,26.882556915283203
2021056,26.814302444458008
2021504,25.207731246948242
2021696,19.349851608276367
2022496,27.02654457092285
2022528,27.053081512451172
2022768,27.540515899658203
2022848,28.214876174926758
2023264,28.646013259887695
2024192,26.465049743652344
2024304,27.64328956604004
2025248,28.565494537353516
2026064,27.850788116455078
2026464,27.18050765991211
2026608,27.385499954223633
2027872,28.56795883178711
2028800,28.11841583251953
2030512,27.374746322631836
2031392,27.310636520385742
2032336,28.370033264160156
2032464,27.65300750732422
2033264,28.525239944458008
2034864,27.415842056274414
2035136,19.32533073425293
2035536,10.48827838897705
2035696,27.58077049255371
2038496,28.346189498901367
2038512,27.911298751831055
2039488,27.06072998046875
2040384,5.863692760467529
2040608,29.16669273376465
2040912,26.913612365722656
2041984,27.315942764282227
2042768,27.616039276123047
2042880,27.887649536132812
2043872,27.824785232543945
2044464,27.29488754272461
2045936,27.22676658630371
2046032,28.570220947265625
2047168,27.18549156188965
2047216,27.104623794555664
2047456,27.528200149536133
2047984,27.71057891845703
2048160,28.454509735107422
2049072,27.403715133666992
2049600,26.798355102539062
2049936,27.80767822265625
2050784,27.789222717285156
2051424,26.58995819091797
2052704,27.912803649902344
2053040,27.3421573638916
2053264,28.07060432434082
2053504,27.51637840270996
2054272,27.447582244873047
2054448,10.122386932373047
2055232,26.503572463989258
2055376,5.3820905685424805
2056656,27.747602462768555
2057376,26.571260452270508
2058608,27.676729202270508
2058784,28.766695022583008
2058800,3.625297784805298
2059264,18.954835891723633
2060720,26.829660415649414
2061376,2.898146629333496
2062032,27.735042572021484
2063328,28.205713272094727
2063968,28.05667495727539
2064560,27.367969512939453
2064944,5.55018424987793
2065072,28.31561279296875
2065792,26.66407585144043
2066416,27.637537002563477
2067792,5.863193511962891
2068112,27.6059513092041
2069216,19.589359283447266
2069568,26.81297492980957
2071104,27.806676864624023
2072032,28.275014877319336
2074624,28.637237548828125
2075584,28.415342330932617
2075904,28.353271484375
2075920,27.75920867919922
2076272,27.872081756591797
2076560,27.294036865234375
2076752,27.625587463378906
2077072,6.853597164154053
2077392,27.260913848876953
2077504,27.42183494567871
2077584,27.155235290527344
2078208,27.740304946899414
2078240,28.164426803588867
2078704,26.533123016357422
2079472,27.311552047729492
2080048,27.45360565185547
2080688,18.807083129882812
2081824,19.76494598388672
2082944,27.44279670715332
2083488,27.533184051513672
2083536,27.387012481689453
2083616,27.83125114440918
2085328,27.803422927856445
2085424,28.197242736816406
2085424,28.89216423034668
2085888,27.292125701904297
2086688,18.786039352416992
2087040,28.935361862182617
2087056,28.80933952331543
2087456,28.429964065551758
2087744,13.836145401000977
2088848,27.675033569335938
2089008,27.482507705688477
2089312,27.453845977783203
2089456,11.418957710266113
2089616,18.29460906982422
2090176,27.537500381469727
2090304,27.546907424926758
2092368,20.141786575317383
2093776,27.502595901489258
2094160,28.238880157470703
2094176,27.84114646911621
2094400,28.671722412109375
2095088,28.30128288269043
2096352,27.320865631103516
2096672,27.293533325195312
2097712,28.427038192749023
2097744,28.563095092773438
2099360,28.464672088623047
2099600,28.773597717285156
2100192,26.844858169555664
2100880,27.403669357299805
2101328,26.693796157836914
2102032,28.087295532226562
2102400,28.663148880004883
2102608,28.166484832763672
2102976,28.320741653442383
2103136,27.005382537841797
2103632,27.206071853637695
2104432,28.951560974121094
2104448,27.35917091369629
2104832,23.06187629699707
2104880,27.208314895629883
2106544,27.80226707458496
2107872,28.126298904418945
2107952,18.106502532958984
2108736,28.2216739654541
2110224,10.5510892868042
2110304,28.212535858154297
2111392,27.84614372253418
2111472,28.951976776123047
2111632,28.344310760498047
2111936,27.899505615234375
2112736,27.852922439575195
2113104,28.35481071472168
2113296,28.665983200073242
2113728,27.732925415039062
2113920,28.810659408569336
2114880,7.327732563018799
2114880,27.56448745727539
2115248,28.32684898376465
2116608,9.467828750610352
2116832,27.399913787841797
2117392,26.857112884521484
2118128,27.76505470275879
2118368,27.86032485961914
2118816,26.649993896484375
2119824,28.289796829223633
2119952,14.433860778808594
2120240,27.657432556152344
2122032,28.156997680664062
2122992,27.608802795410156
2123344,27.271045684814453
2123856,28.359638214111328
2124576,27.627477645874023
2124992,7.09431266784668
2125536,27.846887588500977
2126528,28.09922218322754
2126880,26.951751708984375
2128176,19.384445190429688
2128608,27.113561630249023
2130880,28.032562255859375
2131744,28.129976272583008
2132048,27.613971710205078
2133760,28.010772705078125
2134016,28.29961395263672
2134208,27.48600196838379
2134384,28.022939682006836
2134480,28.41626739501953
2135328,27.749324798583984
2135680,27.658227920532227
2135696,28.444355010986328
2135696,27.591014862060547
2135872,27.930471420288086
2137200,27.91853904724121
2137312,28.6473388671875
2137600,27.841411590576172
2137792,26.80682945251465
2138032,28.06482696533203
2138848,27.93787956237793
2139056,27.800039291381836
2139264,28.801801681518555
2139616,4.285741329193115
2143184,28.18837547302246
2143632,27.464265823364258
2144320,28.47397804260254
2144464,28.903409957885742
2144864,28.64879035949707
2144944,28.211450576782227
2145120,28.006057739257812
2145216,28.027151107788086
2145952,19.918914794921875
2146352,27.995168685913086
2146496,27.38811683654785
2146720,27.707786560058594
2148320,27.253503799438477
2149456,27.56853675842285
2149856,27.506254196166992
2151040,27.583274841308594
2151888,26.804798126220703
2151984,28.08971405029297
2152512,5.764070510864258
2153648,28.465633392333984
2154304,28.573644638061523
2156608,26.477115631103516
2157504,27.316059112548828
2158144,27.697649002075195
2159104,28.21381378173828
2159344,28.23622703552246
2159824,28.134933471679688
2160416,28.024877548217773
2160688,27.19844627380371
2160720,10.479866027832031
2160752,18.016813278198242
2160784,27.483325958251953
2161456,27.51158332824707
2162880,27.32389259338379
2163136,25.695552825927734
2163232,28.59247589111328
2163328,27.984596252441406
2163920,27.42089080810547
2164272,28.31609535217285
2165648,26.457355499267578
2166240,27.343158721923828
2166448,28.270355224609375
2166592,19.174158096313477
2167856,27.472736358642578
2167904,27.240020751953125
2168160,27.355911254882812
2169392,4.90723180770874
2169616,27.735736846923828
2172560,18.618724822998047
2172624,27.82541847229004
2173280,27.518341064453125
2173856,27.353147506713867
2174944,27.546775817871094
2176208,27.684648513793945
2176720,27.638202667236328
2177424,27.895267486572266
2178672,26.56951904296875
2180208,27.380279541015625
2180512,29.0532283782959
2181152,27.462987899780273
2181888,5.341127395629883
2182160,27.2287654876709
2182288,28.518157958984375
2183456,26.800800323486328
2183760,27.128435134887695
2184080,27.70492935180664
2184288,27.283357620239258
2184704,28.031490325927734
2185520,27.476835250854492
2185664,28.437522888183594
2185728,26.97624397277832
2186432,20.323015213012695
2187104,27.911136627197266
2187696,28.126346588134766
2188112,27.883663177490234
2188240,27.647844314575195
2188944,27.948938369750977
2189264,27.51820945739746
2191600,27.828901290893555
2192352,9.623337745666504
2192800,24.60833740234375
2194304,28.886445999145508
2195008,26.771738052368164
2195440,27.605318069458008
2195904,26.741207122802734
2195952,28.14635467529297
2196112,28.397153854370117
2197024,27.008197784423828
2197520,28.0081729888916
2197664,27.453311920166016
2197776,27.46826934814453
2198272,19.6024227142334
2198416,27.700639724731445
2198944,27.566299438476562
2199456,27.946273803710938
2199584,5.395946025848389
2201536,27.296894073486328
2201920,27.509944915771484
2204160,27.66086769104004
2204720,26.99838638305664
2205408,27.451993942260742
2206560,27.883556365966797
2206608,27.909160614013672
2206720,27.472440719604492
2206752,28.03870964050293
2206992,28.447879791259766
2207632,27.297807693481445
2207840,27.428653717041016
2207888,19.00686264038086
2208336,28.390819549560547
2210240,27.532075881958008
2210288,27.9331111907959
2211424,27.324573516845703
2211712,26.373554229736328
2212272,28.070587158203125
2213136,27.46430206298828
2213696,27.56072998046875
2214896,26.584945678710938
2215408,27.51601791381836
2216064,26.4299259185791
2216288,19.78561019897461
2217376,27.182748794555664
2217568,29.31378936767578
2217616,27.791278839111328
2217776,28.14501953125
2218496,28.870115280151367
2219008,27.095230102539062
2219088,27.34580421447754
2219424,28.104246139526367
2219728,19.715612411499023
2220880,27.62957191467285
2221184,27.940065383911133
2222704,28.718332290649414
2223248,28.00945472717285
2223792,27.820755004882812
2224240,28.778247833251953
2224416,27.889986038208008
2226032,21.2932071685791
2226544,27.829936981201172
2226928,27.357404708862305
2227392,27.8558406829834
2227408,29.198883056640625
2227824,28.159393310546875
2228176,27.409400939941406
2228528,28.087608337402344
2229120,28.757312774658203
2230544,27.779083251953125
2230976,26.92715072631836
2231424,27.79526710510254
2231856,27.36023712158203
2232128,28.773876190185547
2232272,21.439828872680664
2232448,28.15523910522461
2234144,27.272823333740234
2237056,7.791533946990967
2237664,27.267654418945312
2237952,19.735946655273438
2238016,28.152782440185547
2238480,28.76207733154297
2238864,28.10440444946289
2239136,27.290611267089844
2239408,26.882787704467773
2241008,18.806909561157227
2241424,18.53557777404785
2241968,26.98356819152832
2242400,8.338597297668457
2242704,27.401958465576172
2243680,10.46268081665039
2243712,26.845909118652344
2244272,27.41307830810547
2244352,3.0698962211608887
2245200,27.19296646118164
2245968,27.89012336730957
2246224,6.185457229614258
2246560,9.821057319641113
2247392,29.02212142944336
2247632,26.257537841796875
2248800,25.107202529907227
2248816,18.822925567626953
2248880,13.7667236328125
2250304,27.039758682250977
2250976,27.285730361938477
2251296,9.548872947692871
2251488,7.17609167098999
2252256,27.24928855895996
2252384,27.85755157470703
2252496,27.784339904785156
2254576,27.717864990234375
2254816,6.516942977905273
2254992,18.51022720336914
2255808,26.53514289855957
2256096,28.147092819213867
2256144,7.219878673553467
2256800,12.384498596191406
2257024,4.432793140411377
2257600,28.42400550842285
2257920,18.94985580444336
2258144,26.662094116210938
2258480,28.33869743347168
2258864,4.0886383056640625
2259504,27.341983795166016
2260240,27.049942016601562
2260512,28.181440353393555
2260608,3.1392953395843506
2261168,28.21090316772461
2262528,27.213848114013672
2262640,19.55312156677246
2263168,10.92984676361084
2263504,27.330114364624023
2264800,28.757389068603516
2266032,27.884984970092773
2266240,27.512195587158203
2266560,27.54078483581543
2267120,27.422693252563477
2267472,18.825794219970703
2267472,27.205167770385742
2267552,26.49770164489746
2268416,19.495452880859375
2268768,27.64159393310547
2270128,27.775259017944336
2271104,28.012773513793945
2272304,4.05017614364624
2272432,28.076875686645508
2273776,27.72648048400879
2274176,27.293502807617188
2274464,28.46613311767578
2275008,27.718393325805664
2275104,25.498722076416016
2275936,26.46616554260254
2275936,26.6319522857666
2276288,18.91608238220215
2276944,28.33977699279785
2277232,28.269384384155273
2277312,27.916637420654297
2277328,27.467620849609375
2277888,28.0237979888916
2278256,5.849277019500732
2278944,19.146278381347656
2279456,27.303852081298828
2279664,6.57669734954834
2280064,27.877376556396484
2280992,27.25514030456543
2281456,26.821475982666016
2281856,27.519866943359375
2283296,28.264432907104492
2283632,19.153661727905273
2285264,27.846458435058594
2285504,27.830608367919922
2286224,26.707460403442383
2286848,27.479692459106445
2286992,4.35769510269165
2287072,27.558330535888672
2287184,26.75457191467285
2287728,26.73760223388672
2287920,28.35053253173828
2288896,3.553948163986206
2289056,27.48959732055664
2290448,25.25214958190918
2290752,26.30171775817871
2291904,28.33807373046875
2292432,26.62409782409668
2293488,27.017194747924805
2294304,28.325511932373047
2294688,27.344003677368164
2295728,18.6059627532959
2295952,16.86846160888672
2296176,26.898801803588867
2296416,6.352320194244385
2297040,27.651308059692383
2298000,10.803448677062988
2298656,28.21980094909668
2299216,27.793392181396484
2299472,28.597196578979492
2299696,27.989059448242188
2300496,28.13728141784668
2301056,27.95812225341797
2301552,27.41997718811035
2301792,18.413349151611328
2302320,26.132539749145508
2304560,27.284343719482422
2304896,27.29435157775879
2304944,18.134002685546875
2305504,18.61381721496582
2305632,26.634037017822266
2306768,26.62179946899414
2306976,27.954513549804688
2306992,4.707921028137207
2308096,27.311281204223633
2308368,26.800565719604492
2308512,27.896160125732422
2309008,26.692283630371094
2309104,27.94655990600586
2309728,27.118459701538086
2310288,27.740478515625
2311904,27.445693969726562
2312560,27.587360382080078
2313792,24.900327682495117
2313920,13.109390258789062
2314032,27.11625862121582
2314608,20.715679168701172
2314640,26.25551414489746
2316160,18.636268615722656
2316336,28.592864990234375
2316352,27.381237030029297
2316736,2.551036834716797
2316768,27.920616149902344
2317600,26.672128677368164
2317616,26.868391036987305
2317952,6.8690185546875
2318288,27.278722763061523
2319152,28.804807662963867
2319904,27.912147521972656
2321296,9.517476081848145
2321696,23.71975326538086
2323456,27.70800018310547
2323632,24.467693328857422
2324464,27.175352096557617
2326320,19.93619155883789
2327872,19.169309616088867
2328512,29.1549072265625
2328832,28.52113914489746
2328880,18.822898864746094
2329408,27.103288650512695
2331568,27.283132553100586
2331568,27.941184997558594
2332400,27.041900634765625
2332432,27.68643569946289
2333024,28.62333106994629
2334400,27.518972396850586
2335008,27.12897300720215
2335104,27.980688095092773
2335920,27.52601432800293
2335952,26.740766525268555
2335968,27.877050399780273
2336048,27.90487289428711
2336672,18.374706268310547
2337936,27.4610595703125
2338560,27.543956756591797
2338688,28.332948684692383
2338944,28.565086364746094
2339088,27.212650299072266
2339472,27.135478973388672
2339488,28.05667495727539
2339504,27.422592163085938
2339632,29.680633544921875
2342064,27.604949951171875
2342192,28.561752319335938
2342336,27.98664665222168
2342512,27.094465255737305
2343024,27.381786346435547
2343728,27.800655364990234
2344992,28.07681655883789
2345696,28.164051055908203
2345728,27.226444244384766
2346080,28.01034927368164
2347264,28.613794326782227
2348160,28.806406021118164
2348704,18.953351974487305
2349264,26.66356658935547
2349312,27.553638458251953
2349808,28.6614933013916
2350176,26.713605880737305
2351696,26.857566833496094
2352032,24.227741241455078
2352128,28.23933982849121
2352832,5.160447120666504
2352896,3.114422082901001
2353728,27.078420639038086
2353760,27.57076644897461
2355184,27.09841537475586
2355392,19.039464950561523
2355392,19.336462020874023
2357344,28.165878295898438
2357600,28.009681701660156
2358944,27.845319747924805
2359040,28.148420333862305
2359040,9.623812675476074
2359312,27.041152954101562
2360192,27.778701782226562
2360768,25.881187438964844
2361456,27.517948150634766
2361552,27.483863830566406
2361600,18.388845443725586
2362336,28.0086727142334
2362528,27.336286544799805
2362768,26.551376342773438
2364336,26.705453872680664
2364688,26.758237838745117
2365136,27.507564544677734
2365136,8.06261920928955
2365872,27.466907501220703
2366080,27.138856887817383
2366192,17.649444580078125
2366304,26.976144790649414
2367920,28.980880737304688
2368064,5.358007907867432
2368512,27.905916213989258
2368928,19.048198699951172
2368960,27.665952682495117
2369792,28.441938400268555
2370720,18.494792938232422
2370848,27.867856979370117
2371664,27.759380340576172
2372224,26.00139808654785
2372224,22.53488540649414
2372400,19.253173828125
2373040,28.061325073242188
2373600,27.532184600830078
2374176,27.427997589111328
2374784,28.154071807861328
2375072,26.56578826904297
2375168,22.894672393798828
2375232,28.554452896118164
2375360,22.4549503326416
2375728,26.91577911376953
2376016,28.102169036865234
2376112,25.74416732788086
2377168,27.092395782470703
2377856,25.817611694335938
2378384,28.193822860717773
2378576,18.867847442626953
2378960,28.547758102416992
2379040,27.876859664916992
2380720,27.058860778808594
2381232,27.693281173706055
2381408,28.32293128967285
2381488,28.418882369995117
2381824,27.482467651367188
2383184,28.135400772094727
2383680,27.718612670898438
2384848,27.723159790039062
2384976,28.782148361206055
2385408,28.022842407226562
2385424,28.0637264251709
2385872,27.187496185302734
2386080,26.648334503173828
2386960,10.189271926879883
2387904,6.244519233703613
2388464,28.30172348022461
2388496,27.12335205078125
2388528,28.78162384033203
2388928,25.88389778137207
2389424,26.987897872924805
2389648,28.914548873901367
2389776,27.86243438720703
2390672,18.14763641357422
2391424,27.450546264648438
2392000,26.94916343688965
2392544,28.452106475830078
2392560,29.082365036010742
2392592,7.164650917053223
2393072,26.138507843017578
2394560,27.522777557373047
2395392,27.983844757080078
2395472,27.39107894897461
2395488,9.53249454498291
2395552,27.28591537475586
2396112,28.228321075439453
2398256,28.147371292114258
2399056,27.77400779724121
2399136,27.91026496887207
2399648,27.545042037963867
2399744,28.055335998535156
2399776,29.13248634338379
2400112,29.040685653686523
2400960,27.54835319519043
2401728,27.264192581176758
2401776,28.0170841217041
2402400,26.494203567504883
2402560,27.980384826660156
2402608,28.289840698242188
2402608,27.27687644958496
2402688,27.665414810180664
2403312,28.217361450195312
2403600,28.41585922241211
2404288,15.431963920593262
2404448,27.774023056030273
2405120,18.019807815551758
2405296,28.28639030456543
2406096,27.33125114440918
2406160,27.503273010253906
2406224,28.11929702758789
2406912,27.399005889892578
2409712,26.491275787353516
2410272,27.40296745300293
2410848,26.165813446044922
2412240,5.156863689422607
2412256,27.994352340698242
2412400,27.447895050048828
2412528,26.418100357055664
2412976,27.298967361450195
2413280,28.064939498901367
2413584,19.09432029724121
2413872,27.32638168334961
2415040,27.19415283203125
2415776,27.63931655883789
2415808,28.379531860351562
2415968,28.542821884155273
2416064,25.990863800048828
2416528,28.736143112182617
2417312,28.109848022460938
2417568,26.92597198486328
2419664,27.5749454498291
2420240,28.224136352539062
2420336,26.832576751708984
2420400,18.25984001159668
2421216,19.729259490966797
2421568,9.330199241638184
2422160,26.9024658203125
2422208,18.803104400634766
2423040,27.872615814208984
2424000,28.369340896606445
2424816,26.543798446655273
2424944,27.718568801879883
2425120,27.86280632019043
2425728,27.774885177612305
2426400,26.716115951538086
2426928,27.095481872558594
2427712,18.187753677368164
2428160,28.879741668701172
2428448,17.974021911621094
2428512,27.429195404052734
2429456,6.27593994140625
2431536,28.242847442626953
2431952,28.548276901245117
2431984,27.186586380004883
2432096,25.417490005493164
2432096,29.077795028686523
2432816,26.877269744873047
2432864,7.350879192352295
2432976,27.887895584106445
2433792,26.889436721801758
2434560,18.823015213012695
2434592,27.911298751831055
2436400,28.661943435668945
2436528,26.551761627197266
2439120,27.88998794555664
2439136,27.600296020507812
2439168,18.2981014251709
2440032,28.381671905517578
2441520,26.834211349487305
2442320,28.69732093811035
2442720,27.746780395507812
2442912,6.800063133239746
2443056,27.351558685302734
2443424,28.05954933166504
2443552,5.307770729064941
2444112,19.161481857299805
2446384,27.370424270629883
2446576,28.09589385986328
2446576,27.40145492553711
2446960,27.422754287719727
2447232,19.070098876953125
2448432,7.628929615020752
2448448,27.51121711730957
2448560,27.66956901550293
2448864,27.75067138671875
2448912,27.105642318725586
2449856,28.7009334564209
2450144,27.65816879272461
2450480,26.62746810913086
2450640,27.629287719726562
2451312,27.14735984802246
2451552,19.165719985961914
2452080,27.044872283935547
2453040,27.118816375732422
2453344,26.98556137084961
2453360,27.352203369140625
2454896,26.95233154296875
2455104,28.641145706176758
2456624,26.919153213500977
2456656,28.359270095825195
2456752,7.189362049102783
2456864,29.016508102416992
2457232,26.475637435913086
2457440,18.329008102416992
2457600,27.751909255981445
2457808,28.084821701049805
2459152,26.365760803222656
2459152,27.038143157958984
2459744,27.568645477294922
2459808,27.3591251373291
2459936,28.531158447265625
2460224,29.145734786987305
2460480,28.776594161987305
2460832,17.853548049926758
2461264,28.3090877532959
2461312,27.384309768676758
2462656,28.356521606445312
2462720,28.197185516357422
2463296,26.805490493774414
2463440,28.34745979309082
2463664,20.634225845336914
2464096,28.34879493713379
2465520,11.850590705871582
2467968,26.841873168945312
2468224,28.418514251708984
2469104,28.70961570739746
2469424,27.93643569946289
2470672,27.386728286743164
2470720,28.489532470703125
2471728,27.95551300048828
2471792,28.761951446533203
2472640,27.97506332397461
2472976,28.209596633911133
2473104,26.5889892578125
2473184,7.929269313812256
2473472,27.756662368774414
2474800,27.983474731445312
2476256,27.313350677490234
2476960,9.753081321716309
2477488,26.508127212524414
2477936,28.638757705688477
2479328,19.24213218688965
2480144,23.07292938232422
2480496,18.729022979736328
2481696,27.659669876098633
2481888,28.060962677001953
2481888,28.41390609741211
2483312,27.833316802978516
2483312,28.12468719482422
2483984,26.58681297302246
2484912,27.93619155883789
2484912,28.518146514892578
2485232,28.769981384277344
2485392,28.17815589904785
2486688,28.518259048461914
2486832,28.011760711669922
2487312,27.70487403869629
2487616,27.382768630981445
2488768,27.698047637939453
2489584,26.807979583740234
2489936,28.624679565429688
2491056,19.028324127197266
2491152,28.05387306213379
2491200,28.810375213623047
2491888,6.131318092346191
2494624,29.27442741394043
2494656,27.938461303710938
2495360,28.159339904785156
2497072,18.689315795898438
2497984,27.134984970092773
2498208,27.428119659423828
2498256,27.696725845336914
2498912,27.847381591796875
2499056,27.826284408569336
2499664,28.554391860961914
2500624,28.703289031982422
2500912,4.940610408782959
2501056,28.032602310180664
2502720,27.84443473815918
2504752,28.48908805847168
2505152,27.914779663085938
2505264,27.232149124145508
2505280,28.13387680053711
2506000,28.525405883789062
2506320,27.670860290527344
2506528,28.262535095214844
2507936,27.19891357421875
2507968,27.42948341369629
2508000,27.84368896484375
2508208,10.685456275939941
2508736,28.386268615722656
2508864,27.493309020996094
2509408,28.040847778320312
2510096,27.24250602722168
2512160,26.871545791625977
2512400,27.01089096069336
2512992,28.03927993774414
2513472,27.95691680908203
2513568,27.64457893371582
2514784,28.341529846191406
2515152,27.637313842773438
2517008,27.75539207458496
2518560,27.331087112426758
2518704,26.882648468017578
2519200,26.483409881591797
2519216,19.225351333618164
2519520,27.58566665649414
2519584,27.567947387695312
2520176,28.616268157958984
2520640,27.434947967529297
2521136,19.266328811645508
2522240,28.15273094177246
2522752,27.673236846923828
2523088,26.735759735107422
2523168,27.30573272705078
2523424,26.63861083984375
2524032,27.898168563842773
2524768,28.139266967773438
2524832,19.474212646484375
2525360,27.154943466186523
2525776,28.285228729248047
2526064,28.08108139038086
2526336,26.74921417236328
2526592,28.988527297973633
2526736,3.2431466579437256
2526944,26.98790740966797
2527296,26.396181106567383
2527696,9.060845375061035
2527808,27.678287506103516
2528432,27.617677688598633
2529232,27.098060607910156
2530800,28.228904724121094
2531424,27.826963424682617
2531792,27.617225646972656
2532400,27.748605728149414
2532720,27.208858489990234
2532864,28.008026123046875
2533296,10.468243598937988
2533824,27.820959091186523
2533888,27.351797103881836
2534368,27.860370635986328
2534848,27.327444076538086
2535152,28.743141174316406
2535312,19.2211971282959
2536352,27.92001724243164
2536640,21.601619720458984
2537888,27.902849197387695
2538656,27.42579460144043
2539072,28.109233856201172
2539872,26.119049072265625
2540176,28.0681209564209
2541408,27.255117416381836
2541472,18.263816833496094
2542080,18.74220848083496
2543136,10.903244018554688
2543168,5.9188666343688965
2543584,27.403884887695312
2544688,27.28731918334961
2545392,28.175294876098633
2545392,29.487323760986328
2545520,26.790197372436523
2545952,27.972835540771484
2546784,28.36618423461914
2547584,13.878204345703125
2548848,26.484092712402344
2548976,26.967618942260742
2549600,26.710031509399414
2549936,26.823558807373047
2550096,19.73366928100586
2550352,27.99665069580078
2550832,28.418733596801758
2551808,28.233543395996094
2552128,26.20263671875
2553056,21.30467414855957
2553152,28.675601959228516
2553440,6.077531814575195
2553504,19.644601821899414
2555696,28.5866756439209
2556176,27.545698165893555
2556688,27.434030532836914
2556880,27.196149826049805
2556992,27.625730514526367
2557376,26.63629150390625
2557456,5.831803321838379
2559168,27.02733612060547
2559680,27.63897132873535
2559808,28.401039123535156
2560384,27.59697914123535
2561008,27.250207901000977
2562480,10.936591148376465
2562800,28.987375259399414
2563136,27.750633239746094
2563616,26.50215721130371
2563744,26.752059936523438
2564480,28.193138122558594
2564784,27.928424835205078
2565040,19.340208053588867
2566304,27.96419906616211
2566704,28.05352210998535
2566848,28.930002212524414
2568048,28.088850021362305
2568624,28.180442810058594
2569728,19.105676651000977
2570480,27.298830032348633
2570992,27.556385040283203
2571328,28.69863510131836
2571536,28.54252052307129
2571952,28.08214569091797
2572144,27.338708877563477
2574672,28.082603454589844
2575664,27.737747192382812
2577472,28.579755783081055
2577632,28.098054885864258
2578128,28.555734634399414
2578128,27.6051025390625
2578176,27.87839698791504
2578352,28.288135528564453
2578976,27.81454086303711
2579488,19.515466690063477
2580432,11.176899909973145
2580784,19.372655868530273
2581024,27.38387680053711
2581088,26.172420501708984
2582544,27.886558532714844
2582800,27.260547637939453
2582896,27.786897659301758
2584096,28.47818946838379
2584272,27.3519229888916
2584624,28.298494338989258
2585936,27.511167526245117
2586096,28.27608871459961
2586624,29.038127899169922
2586640,19.06098747253418
2587312,26.99955177307129
2587392,18.649959564208984
2587520,21.675260543823242
2588800,26.852256774902344
2588832,27.394325256347656
2589040,27.021587371826172
2589360,27.460058212280273
2590016,4.38139009475708
2590592,10.478875160217285
2591056,27.41486930847168
2591312,28.088768005371094
2591648,26.99329376220703
2591792,6.714293003082275
2593104,28.533126831054688
2593520,27.524768829345703
2594576,27.229873657226562
2595328,26.170425415039062
2596544,27.897920608520508
2597440,5.173590183258057
2597760,28.278949737548828
2598208,6.234619617462158
2598784,28.06719207763672
2599376,19.510669708251953
2599504,9.509207725524902
2601664,26.84434700012207
2603152,28.316238403320312
2604512,19.639310836791992
2605248,27.481550216674805
2606784,28.40387725830078
2606800,27.94666290283203
2607712,27.719419479370117
2608400,26.407115936279297
2608848,27.565935134887695
2609696,14.273900032043457
2609744,9.045825004577637
2610592,29.53263282775879
2610720,27.839128494262695
2610912,1.8363115787506104
2611744,27.92604637145996
2613280,19.698402404785156
2613280,26.640758514404297
2613808,26.846282958984375
2614304,28.851062774658203
2616880,27.56068992614746
2617856,27.41444969177246
2617984,29.246030807495117
2618208,27.932918548583984
2618592,28.372207641601562
2619408,17.972261428833008
2620400,28.18669891357422
2620400,27.054548263549805
2621536,26.860851287841797
2622000,28.74159049987793
2622224,27.73697280883789
2622912,28.02997589111328
2622944,27.636947631835938
2623472,27.94745635986328
2623488,28.545780181884766
2624624,27.448179244995117
2627024,19.094388961791992
2627024,28.400800704956055
2628192,27.393400192260742
2628336,26.682666778564453
2628464,25.503982543945312
2628496,27.653522491455078
2628608,26.781749725341797
2628896,26.795595169067383
2629184,26.528303146362305
2629760,23.3184814453125
2630656,27.93829345703125
2632096,27.86339569091797
2632880,29.01333999633789
2634208,28.2230224609375
2635600,28.171892166137695
2635712,27.73325538635254
2636208,27.959123611450195
2636256,27.50870132446289
2636736,28.229881286621094
2637584,25.54523277282715
2637856,8.27254581451416
2638000,27.212650299072266
2639776,28.548240661621094
2639904,27.310319900512695
2640528,28.074026107788086
2641200,28.039791107177734
2641952,26.863174438476562
2642432,27.78201675415039
2643056,27.78815269470215
2644608,5.478492736816406
2644960,28.055511474609375
2645328,28.1683406829834
2645424,27.25362205505371
2645456,26.520294189453125
2646048,27.93842315673828
2647472,28.30882453918457
2648112,26.66619300842285
2648304,27.6072940826416
2649008,28.145551681518555
2649040,26.377836227416992
2650112,28.153932571411133
2651024,28.13387107849121
2651104,27.36707878112793
2651744,27.561565399169922
2652512,26.93367576599121
2654672,29.41465950012207
2655200,28.25065040588379
2655312,27.52739715576172
2655408,27.543725967407227
2655424,11.224052429199219
2656080,28.30643653869629
2656752,27.309566497802734
2657040,26.81035041809082
2658160,28.27191162109375
2659104,27.296663284301758
2659664,27.739347457885742
2659712,28.554805755615234
2660208,7.755059242248535
2660336,29.509695053100586
2660864,6.636233806610107
2662080,27.2614803314209
2662128,26.212343215942383
2662576,18.341297149658203
2662688,28.039627075195312
2663872,28.514829635620117
2663936,28.00429344177246
2664464,27.80242347717285
2664752,9.200105667114258
2665264,27.432897567749023
2666192,27.262697219848633
2667552,27.644411087036133
2667792,27.04610252380371
2668752,19.033510208129883
2669776,26.129907608032227
2670400,27.760822296142578
2671168,27.265392303466797
2671344,6.116302013397217
2671888,27.343223571777344
2672112,6.284721374511719
2672416,28.350753784179688
2672832,26.925817489624023
2672944,27.15032386779785
2674496,27.25200653076172
2674928,27.4443302154541
2675504,19.599916458129883
2675920,27.63936996459961
2675984,29.270164489746094
2676400,28.37740707397461
2678976,26.81947898864746
2678992,27.263120651245117
2679040,26.560955047607422
2679504,28.883445739746094
2679520,27.586942672729492
2679616,26.337543487548828
2680496,26.78329086303711
2680752,27.401620864868164
2681856,26.455352783203125
2682464,26.75004005432129
2682608,27.196792602539062
2682640,28.5279541015625
2683056,26.391942977905273
2683104,18.454143524169922
2683232,26.227746963500977
2684320,28.38751792907715
2685584,28.27178192138672
2685952,27.996662139892578
2686160,27.485898971557617
2686704,28.487329483032227
2687040,27.210187911987305
2688368,10.733978271484375
2688880,19.04267692565918
2689856,28.04503631591797
2689872,6.272668838500977
2690192,27.37662696838379
2690240,25.01565170288086
2690560,27.144575119018555
2691872,27.378597259521484
2693472,25.50651741027832
2695440,27.1903133392334
2695616,11.956645965576172
2696272,26.325637817382812
2696576,27.643953323364258
2697040,28.330875396728516
2697264,27.775371551513672
2697376,28.20627212524414
2698064,25.157411575317383
2698512,10.966836929321289
2698768,5.798884868621826
2698960,27.72284698486328
2699152,28.180082321166992
2699744,26.744346618652344
2700128,28.38959312438965
2700192,27.88024139404297
2700912,28.46323013305664
2701664,27.154277801513672
2702176,27.442014694213867
2702528,28.299957275390625
2702688,27.49941062927246
2703376,27.505807876586914
2703760,28.166255950927734
2704416,25.968109130859375
2704592,28.037736892700195
2705248,27.672197341918945
2706144,27.967466354370117
2706272,27.456119537353516
2707040,18.970333099365234
2707296,28.41847801208496
2707344,27.701923370361328
2707344,19.13555145263672
2708096,28.60698699951172
2709088,11.451375961303711
2709264,28.347318649291992
2709616,27.026046752929688
2709744,10.536972999572754
2710656,17.990365982055664
2710864,26.79825210571289
2712416,26.769975662231445
2712512,11.109170913696289
2712592,26.001874923706055
2712880,27.846464157104492
2714112,26.859535217285156
2714224,27.090415954589844
2714368,26.24725914001465
2714480,27.908327102661133
2716064,27.53501319885254
2716832,19.349931716918945
2716832,26.9859619140625
2717120,3.528318166732788
2717232,28.684532165527344
2717520,27.28814697265625
2717584,28.14211082458496
2717904,28.29319190979004
2718016,27.000524520874023
2719424,19.590065002441406
2719696,28.17685890197754
2720384,28.054485321044922
2720464,20.416719436645508
2721392,26.63303565979004
2722816,28.366954803466797
2723264,27.848590850830078
2723904,27.187145233154297
2723904,27.44367218017578
2724224,26.58661460876465
2724592,28.09612274169922
2725328,10.153510093688965
2726640,18.813312530517578
2727056,27.178625106811523
2727744,27.874345779418945
2727808,26.79743194580078
2729232,28.054401397705078
2729424,27.942792892456055
2730272,27.578664779663086
2731328,27.138891220092773
2733360,27.297523498535156
2733808,28.25426483154297
2733968,28.07617950439453
2734976,29.067995071411133
2735248,28.30072784423828
2735584,27.67827606201172
2735904,27.794715881347656
2736560,26.863515853881836
2736880,26.215856552124023
2737376,27.06826400756836
2738336,26.449708938598633
2738496,27.347606658935547
2739552,28.3895206451416
2741712,27.816524505615234
2741856,27.321025848388672
2742016,27.224214553833008
2742096,5.041407585144043
2742592,28.27606201171875
2745184,27.665433883666992
2745840,27.925308227539062
2746720,29.617963790893555
2746976,26.36429786682129
2748080,28.31147003173828
2748944,26.953466415405273
2748960,27.00701332092285
2749296,27.43170928955078
2749664,27.646297454833984
2749872,28.225826263427734
2751488,27.818889617919922
2752304,28.09371566772461
2753008,19.982261657714844
2753104,25.1073055267334
2754160,28.13994026184082
2754608,28.01645278930664
2755808,27.63347625732422
2756048,27.935609817504883
2756096,18.75662612915039
2756336,26.30146026611328
2758672,27.592798233032227
2758704,27.916072845458984
2759632,29.496559143066406
2759728,27.22350311279297
2759824,27.490055084228516
2759920,28.151081085205078
2760192,26.77468490600586
2760224,27.751319885253906
2760304,27.62160873413086
2760976,27.81364631652832
2762336,19.440406799316406
2762864,28.017154693603516
2763424,28.548025131225586
2763840,28.005205154418945
2764032,11.624324798583984
2765376,27.323577880859375
2765760,27.086551666259766
2765888,26.88333511352539
2766112,27.96675682067871
2766400,26.843801498413086
2767584,26.894636154174805
2768256,27.8955135345459
2768592,27.772449493408203
2769248,27.98992919921875
2769408,27.604520797729492
2769600,6.643844127655029
2769936,3.244184732437134
2770384,4.960501194000244
2770752,26.934078216552734
2771840,28.50241470336914
2771968,19.455766677856445
2772144,26.738338470458984
2772960,4.92887020111084
2773376,27.715898513793945
2773488,28.53797149658203
2773728,10.847307205200195
2774288,28.308813095092773
2774336,26.6868896484375
2774576,28.277502059936523
2774672,1.5804941654205322
2774784,28.235811233520508
2775904,2.327432870864868
2776880,13.657434463500977
2777120,28.926864624023438
2777312,23.939472198486328
2777344,27.71869468688965
2777776,27.72134780883789
2778224,27.083349227905273
2779056,27.429183959960938
2780160,27.805543899536133
2780928,28.431331634521484
2781632,9.989368438720703
2781760,26.970064163208008
2781792,27.406017303466797
2783552,27.278295516967773
2784352,27.50590705871582
2784448,27.293453216552734
2784544,27.794336318969727
2785984,3.0122647285461426
2787664,27.268596649169922
2787936,27.20610809326172
2789136,3.247037172317505
2789664,27.263153076171875
2790240,27.232004165649414
2790496,27.08115577697754
2790848,21.369810104370117
2791168,28.2166805267334
2793008,29.144990921020508
2793264,12.603592872619629
2793744,27.114139556884766
2794096,26.655485153198242
2794752,27.604684829711914
2795136,26.455026626586914
2795168,28.002174377441406
2795728,28.11084747314453
2796640,27.409318923950195
2797888,27.633773803710938
2798032,27.971540451049805
2798720,28.531761169433594
2798752,27.82701301574707
2799424,27.938100814819336
2800192,27.575450897216797
2800672,26.554426193237305
2801424,27.14654541015625
2801584,24.19309425354004
2802992,27.10051918029785
2803760,26.766523361206055
2803792,27.83285903930664
2804240,28.37548828125
2804400,27.29422378540039
2805984,26.753313064575195
2806464,17.845861434936523
2806480,27.627351760864258
2806560,27.946781158447266
2807248,26.780677795410156
2807328,28.27472686767578
2807376,27.93002700805664
2807968,4.079363822937012
2808656,26.102802276611328
2809472,26.898225784301758
2810160,28.245832443237305
2810864,27.692398071289062
2810992,26.43021583557129
2811648,28.265384674072266
2812880,28.001171112060547
2812928,3.3903186321258545
2813584,18.813947677612305
2813760,29.210216522216797
2814432,26.82868194580078
2815024,27.871673583984375
2815152,27.648569107055664
2815424,27.54060173034668
2815520,28.105192184448242
2816336,28.37994956970215
2816480,28.78110122680664
2816528,25.925662994384766
2817376,28.070444107055664
2818240,27.73740005493164
2818608,28.702743530273438
2818736,28.56687355041504
2818784,21.480587005615234
2819008,28.876874923706055
2820048,27.739601135253906
2820272,9.807863235473633
2821616,19.968603134155273
2822784,26.657838821411133
2823232,27.278308868408203
2824480,28.144338607788086
2825344,23.4962215423584
2826144,27.334857940673828
2827312,19.317808151245117
2828096,28.25972557067871
2828640,28.034156799316406
2829440,28.314559936523438
2829632,27.545368194580078
2830304,27.092241287231445
2830880,27.11655044555664
2831728,28.012840270996094
2832352,25.407596588134766
2832416,27.600414276123047
2833136,27.303184509277344
2833152,27.519733428955078
2833856,28.114469528198242
2834256,28.98334503173828
2835936,26.895166397094727
2836400,18.894107818603516
2836624,27.503463745117188
2837120,6.809975624084473
2837632,28.078594207763672
2837792,9.52865219116211
2838608,4.519898414611816
2838848,28.021203994750977
2838928,26.27959632873535
2840096,28.242141723632812
2840272,27.093921661376953
2840688,28.505979537963867
2840960,27.019973754882812
2841024,22.395286560058594
2841616,27.804866790771484
2841648,9.36746883392334
2842352,27.24648094177246
2842832,27.557754516601562
2843232,22.46057891845703
2843264,27.77587127685547
2844192,27.714853286743164
2844208,28.10675621032715
2844224,19.173473358154297
2845152,28.259021759033203
2847344,27.731157302856445
2847632,26.448488235473633
2848736,27.628623962402344
2848896,27.867910385131836
2849392,27.57662010192871
2849904,27.957212448120117
2850320,28.01137924194336
2850928,27.664520263671875
2850992,26.57111167907715
2852272,27.979154586791992
2852368,28.00824546813965
2854560,27.470359802246094
2854896,27.341686248779297
2856496,27.413320541381836
2856528,27.515037536621094
2856992,26.943763732910156
2857328,27.742422103881836
2858816,27.124399185180664
2858896,28.172748565673828
2859376,27.526626586914062
2860480,26.66148567199707
2860912,18.55374526977539
2861440,13.843308448791504
2861504,27.574060440063477
2861952,27.01473045349121
2862384,28.268381118774414
2862896,27.711395263671875
2863328,27.200164794921875
2864400,26.699094772338867
2864688,28.786794662475586
2865504,26.64412498474121
2866224,27.013704299926758
2866304,8.886727333068848
2866496,27.192031860351562
2866784,27.1156005859375
2867040,4.22311544418335
2867184,28.443307876586914
2867360,5.509490489959717
2867952,28.41327667236328
2868240,27.954490661621094
2869040,27.873462677001953
2870240,27.451622009277344
2870784,28.016578674316406
2871408,27.08041763305664
2871456,27.72746467590332
2871552,28.07996368408203
2872096,27.4166316986084
2872544,28.200340270996094
2873472,27.397151947021484
2873808,27.878480911254883
2874272,19.87980079650879
2874496,27.32649040222168
2874944,26.5867977142334
2876144,14.579322814941406
2876256,27.726221084594727
2877840,26.795581817626953
2878144,27.489459991455078
2878176,27.16230583190918
2878496,28.31972312927246
2878528,28.311952590942383
2879696,27.160560607910156
2879776,28.0588321685791
2880032,12.235628128051758
2881328,27.023618698120117
2881456,28.247034072875977
2881472,28.4492244720459
2882240,18.492206573486328
2883248,27.819684982299805
2883392,28.061540603637695
2883824,27.35823631286621
2884832,27.686115264892578
2885056,26.68854331970215
2885600,27.82004737854004
2885760,27.325035095214844
2886384,29.099679946899414
2886656,26.981348037719727
2886816,28.576236724853516
2886848,26.609460830688477
2888320,19.02231216430664
2888560,27.686525344848633
2888800,28.204164505004883
2889216,28.816225051879883
2889536,16.976593017578125
2890240,27.82990074157715
2890384,27.782880783081055
2891200,28.009384155273438
2891264,2.560872793197632
2891776,9.317667007446289
2892352,27.53074073791504
2892752,28.339584350585938
2893104,27.50516700744629
2893872,18.74075698852539
2893920,26.540714263916016
2895328,27.26588249206543
2895440,27.230947494506836
2896048,27.144365310668945
2897408,25.54098129272461
2899056,28.64824867248535
2900688,28.549903869628906
2900896,27.671951293945312
2901040,27.666648864746094
2901072,27.17399787902832
2901424,26.707029342651367
2901584,18.300769805908203
2902192,7.212828159332275
2902656,29.043224334716797
2903184,27.685361862182617
2903568,21.713184356689453
2904480,28.172773361206055
2904496,27.98128318786621
2905360,27.374433517456055
2907232,27.925312042236328
2907392,27.731338500976562
2907760,27.70184898376465
2908096,27.6039981842041
2908560,27.368013381958008
2908768,28.082277297973633
2909824,27.53278923034668
2910880,4.614291191101074
2910976,19.420631408691406
2911280,28.6834659576416
2912096,28.532379150390625
2912272,28.07535743713379
2912736,29.015579223632812
2914400,27.8345947265625
2914576,27.65996742248535
2915728,26.826705932617188
2916176,27.650636672973633
2916976,27.89573097229004
2917456,27.123348236083984
2917920,27.41423797607422
2918144,28.067615509033203
2918672,27.460779190063477
2918928,22.166561126708984
2919296,27.827600479125977
2919360,27.283275604248047
2919424,28.42632293701172
2919520,27.831735610961914
2919760,25.65184211730957
2921040,27.146148681640625
2922896,29.075153350830078
2922960,28.880098342895508
2923040,27.72249984741211
2924768,26.714929580688477
2924944,27.39904022216797
2925040,27.64849090576172
2926000,27.73077964782715
2926432,27.55830955505371
2926512,27.6561336517334
2926800,26.93468475341797
2928624,26.281003952026367
2928768,27.899446487426758
2930000,27.847187042236328
2932160,27.893878936767578
2932336,27.88833999633789
2932592,28.21927833557129
2932608,27.380722045898438
2933296,27.998981475830078
2933680,28.153236389160156
2933952,27.910442352294922
2934944,27.175939559936523
2935680,27.362525939941406
2935888,28.380645751953125
2935968,28.353031158447266
2936080,18.50368309020996
2936800,10.056949615478516
2936832,27.45443344116211
2936832,27.79864501953125
2937360,28.6788330078125
2939360,27.61302947998047
2940400,18.529193878173828
2940512,27.47241973876953
2940928,29.125049591064453
2940992,28.282196044921875
2942992,28.34078025817871
2943936,28.033966064453125
2944576,27.912269592285156
2945696,28.241056442260742
2946608,27.18116569519043
2946736,28.06780242919922
2948944,5.34196662902832
2950032,27.957551956176758
2950192,27.910913467407227
2951120,27.285354614257812
2951696,28.72101402282715
2951920,27.445110321044922
2952864,27.99747085571289
2952880,19.1320743560791
2954144,2.0350277423858643
2954592,28.229324340820312
2955152,27.250438690185547
2955248,27.60987091064453
2955664,7.646437644958496
2956144,13.016160011291504
2956240,19.827747344970703
2956464,28.489274978637695
2958208,27.445798873901367
2958816,27.477405548095703
2959264,29.561737060546875
2959792,27.72083854675293
2960048,27.22220230102539
2961152,27.450803756713867
2962832,27.294282913208008
2964592,28.223033905029297
2965856,27.27131462097168
2966048,28.115150451660156
2966416,27.582550048828125
2966448,27.970130920410156
2966832,26.912870407104492
2966832,27.79810905456543
2966880,28.352828979492188
2967200,18.871429443359375
2968896,28.80889320373535
2969376,27.873184204101562
2970832,27.10552978515625
2972448,28.514163970947266
2972848,27.82184410095215
2973632,27.604698181152344
2973712,5.18696928024292
2974992,27.618118286132812
2975376,28.34854507446289
2976800,29.18402862548828
2977088,26.869783401489258
2977456,28.417865753173828
2979632,28.129667282104492
2981104,28.384187698364258
2982240,26.555259704589844
2983616,27.754638671875
2984032,29.491470336914062
2985824,28.075172424316406
2987200,27.950780868530273
2987424,26.411283493041992
2987728,28.432689666748047
2988128,27.109182357788086
2988176,27.710182189941406
2989344,27.367708206176758
2990224,28.111190795898438
2990736,28.02106285095215
2991232,29.777326583862305
2991296,27.82332992553711
2991936,28.639671325683594
2993184,13.18884563446045
2994336,27.26001739501953
2994496,28.17403221130371
2995168,28.390581130981445
2995456,27.773874282836914
2996224,19.72444725036621
2996704,28.45795440673828
2996768,27.732017517089844
2997328,26.62801170349121
2998016,28.020931243896484
2998704,26.63510513305664
2998848,27.090259552001953
2999584,27.543296813964844
2999712,26.715682983398438
3000368,28.267122268676758
3000704,27.982402801513672
3001424,26.577533721923828
3001520,27.744518280029297
3002208,27.095108032226562
3002304,17.98561668395996
3002336,25.018966674804688
3003488,27.517499923706055
3003856,26.620887756347656
3005040,27.226390838623047
3005040,27.460832595825195
3005072,28.171688079833984
3006688,28.277557373046875
3007344,27.09004020690918
3007360,27.87203598022461
3009488,27.891077041625977
3009568,27.55726432800293
3010272,26.3645076751709
3010912,27.547374725341797
3011504,2.6320433616638184
3011760,3.3013856410980225
3012656,12.67737865447998
3013088,28.293399810791016
3013200,26.726930618286133
3013376,28.818090438842773
3013904,3.863131523132324
3014048,26.368301391601562
3015088,28.157075881958008
3015136,28.624834060668945
3015312,27.268503189086914
3015680,27.909090042114258
3015696,27.894821166992188
3016256,28.423349380493164
3016656,18.52138328552246
3017200,5.593968868255615
3017776,27.272336959838867
3018608,22.266910552978516
3018704,27.10761833190918
3018720,28.50154685974121
3018864,27.448392868041992
3020256,27.759496688842773
3020848,29.051563262939453
3020880,14.524231910705566
3022112,26.822099685668945
3022416,27.86518669128418
3022912,27.681074142456055
3023856,28.007604598999023
3024336,27.120595932006836
3024800,26.417587280273438
3025616,26.58676528930664
3025920,24.646488189697266
3026448,29.35152244567871
3026896,6.278414726257324
3026928,18.586191177368164
3027392,27.2345027923584
3027456,28.0378475189209
3027968,27.869552612304688
3028352,27.424272537231445
3028464,27.270782470703125
3029472,28.09851837158203
3029936,27.048402786254883
3029952,27.857255935668945
3030352,5.389415264129639
3030352,27.757774353027344
3030432,27.59864044189453
3030736,27.683929443359375
3031824,28.32671546936035
3031888,28.52960205078125
3031920,24.876394271850586
3033600,27.95384407043457
3034000,28.004606246948242
3034288,28.32948875427246
3034512,28.7503719329834
3036480,27.930099487304688
3037008,27.649309158325195
3037008,24.417884826660156
3037136,28.99398422241211
3037488,26.18800163269043
3037504,27.152963638305664
3038064,28.43256187438965
3038656,27.446186065673828
3038848,28.102581024169922
3039072,27.94188117980957
3039216,27.68574333190918
3040768,28.201038360595703
3041136,28.475446701049805
3041408,28.436141967773438
3041952,29.43463706970215
3042416,28.72114372253418
3042480,27.539520263671875
3043760,19.491151809692383
3044112,28.399656295776367
3044592,27.697711944580078
3044672,27.571748733520508
3044896,28.300010681152344
3045152,4.392030239105225
3045312,28.25904655456543
3046784,19.50246810913086
3047680,26.4727725982666
3048400,28.33032989501953
3048416,28.762605667114258
3048784,27.64081382751465
3049024,28.15907096862793
3050576,28.717927932739258
3051088,18.87541389465332
3052432,28.404979705810547
3054032,27.28126335144043
3054128,27.541725158691406
3054416,27.20556640625
3054560,18.88192367553711
3055120,13.963735580444336
3056160,28.163734436035156
3056880,27.17461395263672
3057504,28.039499282836914
3058192,29.12746238708496
3058640,27.91664695739746
3058640,26.884748458862305
3058688,27.8394832611084
3059248,27.226421356201172
3059840,29.109214782714844
3060416,26.91543197631836
3060848,26.821372985839844
3061088,27.465330123901367
3061760,26.9787540435791
3062192,27.38106346130371
3062224,26.8696231842041
3062288,27.978605270385742
3062832,27.987443923950195
3064608,26.4924373626709
3065440,27.00992774963379
3065872,27.571550369262695
3066672,27.764711380004883
3066992,27.5342960357666
3067328,17.8458251953125
3067968,27.552417755126953
3068176,28.458953857421875
3068480,28.336257934570312
3068640,26.994848251342773
3068832,28.891435623168945
3069392,27.723939895629883
3070304,27.8647403717041
3070512,25.731008529663086
3070848,28.049907684326172
3071424,27.967166900634766
3071456,8.844688415527344
3072320,28.278881072998047
3072608,27.188426971435547
3074128,27.660734176635742
3074224,27.363821029663086
3075232,27.565868377685547
3077344,28.195016860961914
3077632,27.657594680786133
3077728,27.462953567504883
3078480,28.667064666748047
3078800,27.101398468017578
3079056,27.716384887695312
3079136,28.01482391357422
3079424,28.55476951599121
3079728,27.634464263916016
3080064,27.468935012817383
3080912,27.92188262939453
3081312,27.611587524414062
3082096,26.809707641601562
3082608,27.47249984741211
3083632,6.0475640296936035
3083728,18.460590362548828
3084592,28.077709197998047
3084848,27.90726089477539
3085024,27.566335678100586
3087056,27.44053077697754
3087200,27.33057403564453
3087248,28.436851501464844
3087952,27.79071807861328
3088128,26.657155990600586
3088496,27.63112449645996
3089664,18.61562728881836
3089968,27.943069458007812
3089984,27.247407913208008
3091264,21.112092971801758
3092848,27.945940017700195
3093040,24.803762435913086
3094128,28.546255111694336
3094272,28.49116325378418
3095232,27.022016525268555
3096112,27.843873977661133
3096480,26.45340919494629
3097088,28.278751373291016
3097136,28.783138275146484
3097648,27.04892349243164
3097648,28.05380630493164
3097760,27.692798614501953
3098336,27.84719467163086
3099744,27.175872802734375
3100240,27.99762535095215
3100576,27.10974884033203
3102128,14.58527660369873
3102624,27.508764266967773
3102912,27.404178619384766
3102960,27.41344451904297
3103312,27.636301040649414
3104208,28.003023147583008
3105520,26.442523956298828
3106400,27.718067169189453
3106592,27.864208221435547
3107328,27.38945770263672
3107632,27.823211669921875
3107824,28.715612411499023
3108336,27.94550132751465
3109536,26.842466354370117
3109632,28.14335823059082
3109952,28.72828483581543
3110112,29.59444236755371
3111152,27.31004524230957
3111968,27.75513458251953
3112720,3.9122421741485596
3113056,28.385278701782227
3113984,29.05251693725586
3117168,28.725048065185547
3117312,27.779537200927734
3117504,28.044763565063477
3118176,28.15742301940918
3118976,28.026748657226562
3119632,28.10563087463379
3119824,27.152061462402344
3120192,27.101564407348633
3120352,28.248088836669922
3120656,28.7329044342041
3120800,27.30034637451172
3121072,28.183115005493164
3121104,28.776447296142578
3121184,19.207490921020508
3121696,28.669578552246094
3122016,27.75044059753418
3123280,25.318326950073242
3123920,28.087474822998047
3124224,28.497831344604492
3124624,28.065011978149414
3124720,26.94108009338379
3125264,27.79384422302246
3126048,27.042016983032227
3126048,27.924102783203125
3127360,7.6657257080078125
3127552,26.81812858581543
3127952,28.073200225830078
3130176,27.64674949645996
3130768,27.644868850708008
3131104,27.059635162353516
3131408,28.003875732421875
3131488,29.37771987915039
3131696,27.817617416381836
3131792,27.570415496826172
3133120,28.067508697509766
3134496,27.758506774902344
3134528,27.492216110229492
3134816,28.560028076171875
3135200,27.23491668701172
3136656,27.544269561767578
3136688,27.02419662475586
3137216,27.570966720581055
3137296,25.754776000976562
3137888,26.814552307128906
3138064,27.59701156616211
3138112,28.089672088623047
3138384,27.882213592529297
3138464,28.531341552734375
3138672,27.350908279418945
3140256,27.73052406311035
3141568,28.063312530517578
3141808,27.854700088500977
3141920,28.248165130615234
3142288,27.91190528869629
3142528,27.406166076660156
3143200,28.66668128967285
3145072,28.76152992248535
3145440,27.628658294677734
3145488,28.057886123657227
3145696,28.562009811401367
3145776,27.304651260375977
3146400,28.642824172973633
3148608,28.563003540039062
3148912,28.02318000793457
3149040,27.79258918762207
3149264,27.270610809326172
3149952,27.527969360351562
3150384,26.798250198364258
3150848,26.648632049560547
3151584,27.41163444519043
3152160,26.584793090820312
3152336,28.2546329498291
3152400,27.846620559692383
3152528,28.031787872314453
3152560,28.423240661621094
3152640,26.72418785095215
3152816,28.6254940032959
3152896,24.07084083557129
3153472,27.63563346862793
3155552,27.7120418548584
3155824,22.031179428100586
3156000,27.758586883544922
3156384,27.052989959716797
3156480,27.979938507080078
3156976,26.023523330688477
3158160,27.070158004760742
3159376,28.12026596069336
3159440,27.274572372436523
3159616,23.23670196533203
3160544,28.207944869995117
3161408,28.518972396850586
3162688,28.392433166503906
3163104,27.359159469604492
3166640,28.02400779724121
3166656,27.057720184326172
3166656,28.588016510009766
3167600,28.48353385925293
3168256,28.416561126708984
3168784,27.85614585876465
3170160,27.726560592651367
3170240,27.94265365600586
3170240,27.250303268432617
3173536,28.065832138061523
3173568,28.13775634765625
3174496,28.189266204833984
3175872,27.876184463500977
3177088,28.053577423095703
3177088,27.560644149780273
3177328,28.840919494628906
3177552,28.72330665588379
3178000,27.974929809570312
3178208,28.365766525268555
3178880,29.31424331665039
3179008,28.115570068359375
3179472,27.789140701293945
3180368,27.25010108947754
3180624,27.590219497680664
3180624,27.702739715576172
3180720,27.610641479492188
3180832,27.653839111328125
3181616,27.927631378173828
3181856,28.540611267089844
3182416,28.0949764251709
3182880,28.609342575073242
3183872,26.87398910522461
3184272,28.980464935302734
3184624,28.03974723815918
3185072,4.062960624694824
3185200,28.34661293029785
3185488,29.19840431213379
3186416,28.408096313476562
3187440,28.851356506347656
3187792,27.80086326599121
3188240,28.439666748046875
3188304,28.140188217163086
3189184,19.650461196899414
3189616,27.339946746826172
3190064,28.170015335083008
3191584,26.98792839050293
3191888,28.460941314697266
3192176,28.535320281982422
3192640,27.49880599975586
3192688,28.385822296142578
3195040,28.27513885498047
3195376,28.968215942382812
3195488,28.097002029418945
3196064,21.714454650878906
3197056,24.062009811401367
3198432,27.52597427368164
3198448,27.858552932739258
3198656,28.813207626342773
3198992,27.11203956604004
3201776,28.302417755126953
3202032,26.659381866455078
3202192,28.39366912841797
3202208,27.183792114257812
3202752,28.68630027770996
3203088,27.966249465942383
3203744,28.03605842590332
3205584,27.79722785949707
3205664,27.027023315429688
3206112,29.111499786376953
3206960,28.587072372436523
3207344,28.108516693115234
3207424,8.385015487670898
3207520,6.556987285614014
3207632,27.169015884399414
3208832,27.49236297607422
3209168,27.576749801635742
3209504,28.87145233154297
3210128,28.672542572021484
3210416,28.076335906982422
3211872,28.580347061157227
3212480,28.164928436279297
3212720,27.475963592529297
3212752,26.775436401367188
3213120,28.074722290039062
3213536,19.576557159423828
3213648,27.645618438720703
3213920,26.62965202331543
3214624,27.607955932617188
3214720,29.399377822875977
3215408,26.638713836669922
3216128,28.719295501708984
3216432,27.583703994750977
3217104,27.724523544311523
3219792,27.551883697509766
3219936,23.91193389892578
3220032,28.228084564208984
3220448,27.211688995361328
3220640,28.638671875
3220672,27.584720611572266
3220704,27.241106033325195
3221360,9.062021255493164
3221648,27.895174026489258
3221808,27.85686683654785
3222560,27.379728317260742
3223552,28.191198348999023
3223568,28.48076629638672
3224112,27.2557430267334
3224256,26.65152931213379
3224352,28.716400146484375
3224864,28.07691192626953
3224960,28.731096267700195
3225232,27.993511199951172
3225376,27.50401496887207
3226128,28.514850616455078
3226832,27.136272430419922
3227200,27.47043800354004
3228480,28.721628189086914
3228864,27.079608917236328
3230432,28.817537307739258
3230608,28.916223526000977
3230832,28.243701934814453
3231488,27.81525230407715
3232256,7.07609224319458
3232304,27.77886199951172
3234144,27.110660552978516
3234736,28.1031494140625
3235872,28.17193031311035
3237680,28.669164657592773
3237792,28.629276275634766
3237920,27.430234909057617
3237952,27.747787475585938
3238448,27.91011619567871
3238496,27.07166290283203
3238960,8.12529182434082
3239264,28.352657318115234
3239376,24.82905387878418
3239440,27.147127151489258
3239536,27.596582412719727
3240928,27.456655502319336
3241312,26.597017288208008
3241456,28.217445373535156
3241456,27.019384384155273
3241616,13.27898120880127
3241808,28.50169563293457
3241984,27.155536651611328
3242560,27.63469886779785
3242896,28.306190490722656
3243008,27.93086051940918
3243968,27.891660690307617
3244928,25.07145118713379
3245360,27.470273971557617
3245424,27.864398956298828
3246560,27.269201278686523
3247664,29.274381637573242
3248448,27.102205276489258
3248640,27.112634658813477
3248848,27.441715240478516
3248992,28.221466064453125
3249776,27.455791473388672
3250048,28.07136344909668
3250704,18.336952209472656
3251344,27.692455291748047
3252000,28.274953842163086
3252176,27.316904067993164
3252256,28.227128982543945
3252448,28.027414321899414
3252480,27.612201690673828
3252752,28.155839920043945
3253152,28.297250747680664
3253728,28.841102600097656
3254224,28.2144775390625
3255680,28.586711883544922
3255792,27.56551170349121
3256048,26.628618240356445
3256640,27.046873092651367
3258432,28.287307739257812
3258608,18.96959114074707
3259168,27.651838302612305
3259520,18.481843948364258
3260928,27.332571029663086
3262096,27.887704849243164
3262464,18.777381896972656
3263232,28.32538604736328
3265552,27.958627700805664
3265600,27.414073944091797
3266080,28.092695236206055
3266448,28.08705711364746
3266688,28.538190841674805
3267360,27.928234100341797
3267456,28.07455825805664
3267552,28.77147674560547
3269072,27.497371673583984
3269584,27.354488372802734
3269728,28.038616180419922
3270080,27.940732955932617
3270912,27.295368194580078
3271008,27.416797637939453
3271712,29.25398063659668
3273088,27.143198013305664
3273296,28.563766479492188
3273584,26.792625427246094
3273664,23.904277801513672
3274032,28.16753578186035
3276544,28.4711971282959
3278992,28.738996505737305
3280016,26.50891876220703
3280064,27.23903465270996
3280368,27.475027084350586
3280400,27.53120994567871
3280720,28.129169464111328
3281792,28.30945587158203
3282304,27.31243324279785
3282320,28.107288360595703
3282608,28.29254913330078
3284288,28.15054702758789
3284352,27.30593490600586
3284784,27.13690757751465
3285344,27.194971084594727
3286128,28.173917770385742
3286400,28.103466033935547
3287184,28.687406539916992
3287472,27.938514709472656
3287520,27.591066360473633
3287792,26.88315200805664
3287856,27.85874366760254
3288272,4.912108421325684
3288624,28.200359344482422
3291072,27.301345825195312
3291408,28.729387283325195
3291808,28.303098678588867
3291888,26.485322952270508
3292544,27.875337600708008
3292944,28.783462524414062
3294048,27.85516357421875
3294656,28.937191009521484
3294864,26.819080352783203
3294960,28.389636993408203
3295376,28.131511688232422
3295872,28.16085433959961
3296176,27.497758865356445
3296992,27.957056045532227
3297680,27.596576690673828
3298208,27.277873992919922
3298224,27.029726028442383
3299440,28.566818237304688
3299728,28.31669044494629
3301712,28.107988357543945
3301952,28.447328567504883
3302400,28.136058807373047
3302928,28.190513610839844
3302992,27.48211669921875
3303264,27.99956703186035
3303792,27.217453002929688
3303920,28.168842315673828
3304272,28.88298225402832
3304752,28.809995651245117
3305248,27.909048080444336
3306496,28.876527786254883
3306592,27.929380416870117
3307344,28.186342239379883
3307632,24.392536163330078
3308080,18.47815704345703
3308736,27.920515060424805
3310096,27.14830207824707
3310432,28.608078002929688
3310912,28.92357063293457
3311600,27.29884147644043
3311936,27.361106872558594
3312592,16.886634826660156
3313776,28.551225662231445
3313984,28.188840866088867
3314320,27.708206176757812
3314480,27.614089965820312
3314816,27.361007690429688
3315968,28.88345718383789
3316112,27.170629501342773
3316176,27.69527244567871
3317232,27.74985694885254
3317392,19.35316276550293
3317472,24.481651306152344
3317520,28.17844581604004
3317824,27.88678741455078
3317952,29.46635627746582
3318016,27.605512619018555
3318752,27.0289306640625
3319488,27.7996883392334
3320784,27.73855209350586
3321520,27.021240234375
3322400,28.097471237182617
3324128,28.605894088745117
3324656,28.483829498291016
3324880,27.596940994262695
3325072,27.483928680419922
3325920,28.197921752929688
3326592,28.031005859375
3327904,28.21381950378418
3328096,26.822534561157227
3328160,28.4622802734375
3328656,28.76811981201172
3330096,28.158113479614258
3330464,20.603336334228516
3330496,28.14083480834961
3331440,28.43461799621582
3331456,28.256877899169922
3331936,27.687427520751953
3333120,25.671112060546875
3333648,26.850740432739258
3334624,30.00337028503418
3334992,27.444377899169922
3335104,27.058862686157227
3335248,28.37394142150879
3335408,28.25759506225586
3335808,28.60240364074707
3336592,28.45862579345703
3337536,27.579864501953125
3338224,28.40013313293457
3339072,25.187145233154297
3339328,27.351572036743164
3339472,28.159500122070312
3340128,26.726287841796875
3342080,26.94103240966797
3342192,28.18743896484375
3342352,27.357465744018555
3342800,26.345787048339844
3343040,29.09906578063965
3344112,27.787803649902344
3345936,28.14946746826172
3346368,26.952478408813477
3347680,25.89350128173828
3347712,27.820964813232422
3348432,28.493549346923828
3349280,25.564306259155273
3349840,26.42717933654785
3350304,29.055404663085938
3351264,28.476139068603516
3352608,27.768165588378906
3352896,29.326242446899414
3353440,27.203407287597656
3353648,27.372634887695312
3353856,13.166297912597656
3354320,27.908672332763672
3354752,27.978710174560547
3354816,28.533586502075195
3355136,28.739212036132812
3357856,27.24497413635254
3358320,27.072742462158203
3358352,26.704179763793945
3358656,27.38279151916504
3358880,28.48005485534668
3360224,27.83700942993164
3360528,28.19622802734375
3360960,28.295930862426758
3361328,28.230167388916016
3361904,28.093191146850586
3362672,28.473264694213867
3363536,27.24686622619629
3363968,27.691991806030273
3364048,27.868736267089844
3365376,20.977336883544922
3365504,27.993444442749023
3366256,26.878660202026367
3368176,27.807601928710938
3368848,27.709321975708008
3368864,27.48600959777832
3369136,28.015962600708008
3370144,28.5931453704834
3370752,29.199975967407227
3371056,28.27560806274414
3371168,27.716400146484375
3371792,27.11040496826172
3372640,27.788101196289062
3373248,28.42156410217285
3373344,26.267690658569336
3373664,26.791942596435547
3375280,27.859153747558594
3375440,27.659221649169922
3378128,28.37531280517578
3378896,27.687686920166016
3378944,28.434106826782227
3379008,11.72241497039795
3381392,27.969932556152344
3382416,25.445907592773438
3382496,27.278461456298828
3383360,29.173112869262695
3384608,28.939496994018555
3385088,26.772722244262695
3385760,27.841548919677734
3385968,28.949974060058594
3386976,28.057374954223633
3387440,26.261953353881836
3387552,27.00905990600586
3388608,26.90213966369629
3389120,27.7027587890625
3389744,26.811416625976562
3389792,27.58205223083496
3390528,28.281375885009766
3392656,27.667339324951172
3392912,27.384721755981445
3392960,24.40271759033203
3393072,28.042600631713867
3393312,27.41461944580078
3394128,28.930387496948242
3394288,28.527002334594727
3394512,28.261878967285156
3395360,27.159624099731445
3396192,28.47248649597168
3396320,27.890657424926758
3396528,26.75027847290039
3396560,27.3291072845459
3397632,28.101655960083008
3397824,28.229450225830078
3397952,28.598360061645508
3400336,26.275346755981445
3400608,10.919719696044922
3401184,27.06137466430664
3403360,27.414369583129883
3404288,29.13662338256836
3404720,27.084932327270508
3404928,27.898082733154297
3405104,27.959989547729492
3407168,28.170597076416016
3407280,28.389978408813477
3407504,27.47466278076172
3407664,27.551057815551758
3408432,27.882123947143555
3409488,27.06885528564453
3410096,28.567195892333984
3411040,27.479799270629883
3411152,26.66395378112793
3411328,27.74851417541504
3411760,27.639747619628906
3412320,27.809263229370117
3412512,26.534215927124023
3413968,27.0164794921875
3414256,28.99700164794922
3414272,27.212512969970703
3414384,27.468578338623047
3414608,27.95591163635254
3414768,27.731706619262695
3415680,26.31007194519043
3416112,24.989181518554688
3416304,26.11333656311035
3416688,27.577930450439453
3417600,28.80935287475586
3417824,28.78106689453125
3418800,28.510122299194336
3419008,22.365001678466797
3419440,27.632522583007812
3419728,27.213991165161133
3419824,22.65049171447754
3421120,28.190670013427734
3421344,27.754440307617188
3422064,27.891357421875
3422512,27.620990753173828
3423376,28.356515884399414
3424624,28.16950035095215
3424864,27.781423568725586
3425040,24.061492919921875
3425088,27.80037498474121
3425408,27.406789779663086
3425840,26.958223342895508
3426032,28.521900177001953
3426416,29.082090377807617
3426848,26.910892486572266
3428464,29.11286163330078
3428640,27.28533363342285
3428656,28.7075138092041
3428784,23.228551864624023
3430944,27.40690803527832
3431792,28.559663772583008
3432016,27.604856491088867
3433488,27.296344757080078
3434464,27.692459106445312
3435472,27.66429901123047
3435616,27.631427764892578
3435776,28.05030059814453
3436064,19.20735740661621
3436448,25.850021362304688
3437552,27.128250122070312
3437968,28.116390228271484
3438928,28.001972198486328
3438992,26.658052444458008
3439104,27.727813720703125
3439168,27.641313552856445
3439296,28.30638313293457
3439696,27.86911964416504
3439952,27.67218780517578
3440672,28.50165557861328
3440720,23.38899803161621
3441216,28.134254455566406
3441648,20.02909278869629
3442656,28.57013511657715
3443088,27.235021591186523
3444288,28.38212776184082
3444288,28.249866485595703
3445104,27.86560821533203
3445856,26.979663848876953
3449648,27.24359130859375
3449792,27.547279357910156
3449952,27.722610473632812
3450592,29.3289794921875
3453296,26.604141235351562
3453376,28.21054458618164
3453568,28.79286766052246
3453984,27.227231979370117
3454896,28.34412384033203
3455024,27.86425018310547
3455936,29.115970611572266
3456016,27.105363845825195
3456432,28.450725555419922
3456880,28.09840202331543
3457520,28.448352813720703
3458608,27.329442977905273
3458960,27.81499481201172
3460224,23.363494873046875
3460416,28.281780242919922
3460624,28.069608688354492
3461120,28.373435974121094
3461968,27.605802536010742
3462048,26.740741729736328
3462576,27.867902755737305
3463392,27.434452056884766
3463904,27.19766616821289
3464016,28.395212173461914
3464224,27.34644889831543
3464416,19.04847526550293
3464736,27.216402053833008
3465504,28.451486587524414
3465552,25.293195724487305
3466960,28.7409725189209
3467344,28.002967834472656
3467472,27.74615478515625
3467600,28.236825942993164
3469184,28.28630256652832
3469600,18.981727600097656
3470240,27.048803329467773
3471296,28.491479873657227
3473168,26.858070373535156
3473280,19.037403106689453
3473600,18.883121490478516
3474336,18.428316116333008
3474480,28.883960723876953
3474736,27.13589859008789
3474880,28.131324768066406
3475040,28.69582748413086
3475776,19.059711456298828
3476208,27.652423858642578
3476224,29.431272506713867
3476448,27.345529556274414
3477312,28.87541961669922
3478352,28.003280639648438
3478880,26.90166473388672
3479328,26.74172592163086
3480672,13.93928337097168
3480800,28.01424789428711
3481440,28.115785598754883
3481888,13.521692276000977
3482976,27.86725425720215
3483344,27.528104782104492
3483488,28.250905990600586
3484272,26.37091064453125
3484416,28.417566299438477
3484784,27.08539390563965
3484912,28.282316207885742
3485424,28.324264526367188
3485440,28.745834350585938
3485632,28.060405731201172
3487152,27.275026321411133
3489056,27.3504695892334
3489168,27.701019287109375
3489408,28.114498138427734
3491360,28.356693267822266
3491472,27.60838508605957
3492352,27.31627082824707
3492576,28.30038833618164
3493504,28.533004760742188
3493536,28.062597274780273
3494160,28.1420841217041
3494896,26.9454288482666
3495024,26.605762481689453
3495120,28.36325454711914
3495840,27.937650680541992
3497696,27.570335388183594
3498192,28.456239700317383
3499392,27.861448287963867
3499616,27.68458366394043
3499840,28.80642318725586
3499840,27.55231475830078
3499920,27.675045013427734
3500096,27.94550132751465
3500608,28.66693878173828
3501360,27.876327514648438
3501584,27.753965377807617
3502112,27.629274368286133
3502272,28.58006477355957
3503392,27.81648063659668
3503424,26.48351287841797
3504160,28.257946014404297
3504688,27.010427474975586
3505280,28.472576141357422
3505568,28.216773986816406
3505840,26.715227127075195
3507008,28.18515968322754
3507040,27.545696258544922
3507184,28.75632667541504
3509360,28.908496856689453
3512016,28.323017120361328
3512800,28.578227996826172
3512960,28.088899612426758
3513360,9.772013664245605
3513968,29.014558792114258
3514080,27.746070861816406
3514080,27.97114372253418
3514816,28.397560119628906
3516320,27.71663475036621
3516544,27.497222900390625
3517136,27.99449920654297
3517456,27.42744255065918
3517600,28.065414428710938
3519264,26.92484474182129
3519408,27.06208038330078
3519424,28.219240188598633
3521280,28.181360244750977
3521296,28.12980079650879
3524224,27.616989135742188
3524368,27.507986068725586
3524736,28.902008056640625
3524832,27.91029930114746
3524880,27.651914596557617
3526384,27.616857528686523
3527264,27.54934310913086
3529584,28.163108825683594
3529792,26.335535049438477
3530480,28.082901000976562
3530640,28.24279022216797
3531264,2.7841084003448486
3531424,27.002788543701172
3531456,28.19066619873047
3531776,28.769269943237305
3531872,27.73937225341797
3533408,27.006372451782227
3533728,28.375102996826172
3534784,27.231033325195312
3535024,27.72953224182129
3535040,28.66936683654785
3535312,27.452110290527344
3535536,27.66595458984375
3536256,17.958797454833984
3536912,28.2628173828125
3537728,26.40285873413086
3538176,13.272759437561035
3540128,27.85280990600586
3540416,27.898990631103516
3540752,27.20099639892578
3541728,27.348703384399414
3542064,28.0911808013916
3542448,28.879920959472656
3542480,27.18348503112793
3542800,28.355567932128906
3543664,26.421756744384766
3544128,27.958763122558594
3544304,26.522127151489258
3544464,29.191192626953125
3545296,28.842491149902344
3546032,27.50739860534668
3547648,28.225027084350586
3547952,24.455078125
3548768,19.388355255126953
3549200,8.078485488891602
3549232,28.025529861450195
3550544,26.543010711669922
3550592,27.309402465820312
3551408,28.273426055908203
3551952,27.991056442260742
3552368,28.0687198638916
3552752,27.857635498046875
3552832,27.976181030273438
3553408,28.44110870361328
3554176,27.88252067565918
3554176,27.681333541870117
3554384,22.241039276123047
3556256,27.407554626464844
3556480,28.484750747680664
3557760,27.10330581665039
3557776,27.2642822265625
3557856,26.77963638305664
3558848,27.58355712890625
3559504,28.618627548217773
3559536,27.79001235961914
3559904,28.830142974853516
3560336,27.183338165283203
3560864,18.953121185302734
3561392,28.252477645874023
3562384,27.859539031982422
3562624,18.789459228515625
3563072,28.11138343811035
3563168,28.151033401489258
3563456,28.843706130981445
3563712,27.765474319458008
3563952,28.35234832763672
3564528,26.918025970458984
3564944,28.605810165405273
3566144,26.58989906311035
3566640,28.248634338378906
3567312,28.045019149780273
3567552,28.195798873901367
3569520,27.92643165588379
3569808,27.909038543701172
3569824,28.67266273498535
3570192,27.22808265686035
3570320,27.558536529541016
3573824,26.631271362304688
3573840,29.11472511291504
3574000,27.968976974487305
3574288,28.194364547729492
3576688,27.349390029907227
3577104,26.938217163085938
3577344,27.71830177307129
3577584,27.611513137817383
3577856,28.26294708251953
3579024,28.32489776611328
3579040,28.0664119720459
3580224,27.91568374633789
3580432,28.00474739074707
3580928,28.26543617248535
3580944,28.551956176757812
3581456,27.81472396850586
3581552,27.03875160217285
3582288,28.339401245117188
3584368,27.903329849243164
3584400,28.388090133666992
3585408,29.059188842773438
3586112,27.958173751831055
3586896,28.159730911254883
3587632,27.97707176208496
3587856,28.49034309387207
3587888,28.810543060302734
3587936,27.33428955078125
3588064,28.242229461669922
3588576,27.211198806762695
3589472,27.83345603942871
3590448,27.86090850830078
3591200,27.929872512817383
3591536,27.43451499938965
3592224,29.20123291015625
3592928,28.18804168701172
3593200,27.798376083374023
3594752,28.086570739746094
3594832,27.450834274291992
3594960,25.953798294067383
3596528,28.43971061706543
3597520,28.871292114257812
3598240,27.524776458740234
3598352,27.146791458129883
3598432,27.596277236938477
3598512,28.17396354675293
3599632,28.310800552368164
3601184,26.263734817504883
3601632,22.585241317749023
3601776,27.988210678100586
3601952,24.050922393798828
3602032,28.060686111450195
3602256,28.091175079345703
3603680,27.920244216918945
3604624,28.208003997802734
3605488,26.884113311767578
3605728,27.898941040039062
3607232,27.673179626464844
3607776,26.690616607666016
3608160,27.89982795715332
3609008,27.75348663330078
3609088,28.809871673583984
3609312,28.448699951171875
3609344,27.72653579711914
3609616,28.551891326904297
3611104,28.501867294311523
3611376,28.901966094970703
3612624,27.213258743286133
3612672,18.982017517089844
3612720,27.4645938873291
3613760,27.52882957458496
3614400,28.793004989624023
3614960,28.023778915405273
3615216,28.00628662109375
3615856,27.911251068115234
3615904,28.536283493041992
3616144,27.874183654785156
3616192,26.613384246826172
3616208,27.20170783996582
3617312,27.87822914123535
3617936,26.980207443237305
3618288,28.378244400024414
3619408,28.111047744750977
3619712,28.253273010253906
3620032,28.227828979492188
3620144,28.19808578491211
3621568,9.932256698608398
3621824,27.86591148376465
3623168,26.490758895874023
3623184,27.777084350585938
3623296,28.889652252197266
3623584,29.045751571655273
3623616,28.048892974853516
3625440,27.968469619750977
3625760,28.431184768676758
3626656,28.45451545715332
3626912,28.310178756713867
3628720,28.123451232910156
3629024,28.25308609008789
3629168,28.300838470458984
3629312,28.634119033813477
3630176,26.766969680786133
3630624,26.759559631347656
3630752,28.21164894104004
3632224,29.276897430419922
3632592,28.209003448486328
3633568,27.92812728881836
3633760,28.081295013427734
3633968,28.453401565551758
3634096,28.898605346679688
3634208,27.992206573486328
3634400,28.543010711669922
3635808,28.51318359375
3636384,28.102590560913086
3637120,27.4464168548584
3637120,26.143339157104492
3637456,27.17909049987793
3639952,28.029315948486328
3640656,27.39738655090332
3640656,27.577058792114258
3640864,26.489107131958008
3640944,28.289466857910156
3641328,27.06455421447754
3643456,29.229246139526367
3644208,28.397258758544922
3644624,27.19109535217285
3644768,28.76805305480957
3644976,28.09364128112793
3645024,27.876815795898438
3645456,28.459508895874023
3646512,27.078487396240234
3646960,27.61840057373047
3647616,22.92046356201172
3648160,27.863555908203125
3648320,28.444091796875
3648464,27.976896286010742
3648512,27.6294002532959
3650096,27.030044555664062
3651312,27.267684936523438
3651664,29.021482467651367
3651968,27.70199203491211
3653120,28.120798110961914
3653568,27.068527221679688
3654096,27.83938217163086
3654704,28.392337799072266
3654768,26.973039627075195
3655104,27.766590118408203
3655280,27.35607147216797
3655632,27.00698471069336
3657088,29.259445190429688
3658208,27.86673927307129
3658336,29.19280242919922
3658672,27.812463760375977
3659056,27.801511764526367
3660304,28.26430892944336
3661088,28.170570373535156
3663776,27.454713821411133
3663968,27.38644027709961
3664768,28.56581687927246
3665376,27.801137924194336
3667296,27.42781639099121
3667760,28.498178482055664
3668768,26.950551986694336
3668992,27.601350784301758
3669008,28.65790557861328
3669488,28.894800186157227
3669488,26.135677337646484
3669760,27.10181427001953
3670080,26.812774658203125
3670832,26.759166717529297
3671248,27.366634368896484
3671872,28.148971557617188
3672752,27.930706024169922
3673088,28.055269241333008
3673104,28.230661392211914
3673264,28.07792091369629
3673632,28.207298278808594
3674704,28.67144775390625
3675504,27.448610305786133
3675904,27.70240020751953
3676240,28.380407333374023
3676256,27.004230499267578
3676352,27.92055320739746
3678320,28.402891159057617
3679520,28.58717918395996
3679568,28.560197830200195
3679792,28.326826095581055
3679840,27.17729949951172
3680768,28.333290100097656
3681424,27.884763717651367
3681840,27.237071990966797
3682640,28.423494338989258
3682736,27.30253791809082
3683072,28.6726016998291
3683280,26.804306030273438
3684368,28.729642868041992
3684944,27.06073760986328
3685472,27.487356185913086
3686544,26.864131927490234
3686640,28.118696212768555
3686688,27.679784774780273
3686880,27.21990203857422
3686944,24.152999877929688
3687840,27.20258331298828
3687904,26.73103141784668
3688960,28.15525245666504
3689648,27.893922805786133
3689760,27.54513931274414
3691392,28.166725158691406
3692416,27.83426284790039
3692544,28.130081176757812
3693248,26.931962966918945
3693888,28.66021156311035
3694736,28.735408782958984
3696208,27.336870193481445
3696816,28.243423461914062
3696880,27.490633010864258
3697264,28.26692771911621
3697440,27.945531845092773
3698336,27.99712562561035
3698448,28.157398223876953
3698560,27.721487045288086
3699744,28.95757484436035
3700464,28.194055557250977
3700816,28.11663818359375
3700864,27.616214752197266
3701696,28.39950180053711
3702064,27.812299728393555
3702560,28.00299072265625
3702992,27.727869033813477
3703216,28.493349075317383
3703952,28.494792938232422
3704384,27.605545043945312
3704432,28.030302047729492
3704736,29.30552864074707
3706864,28.473291397094727
3707600,28.383224487304688
3708000,27.671289443969727
3708112,28.443944931030273
3708720,27.122705459594727
3708784,27.72406005859375
3710368,28.121259689331055
3710784,20.22477149963379
3711584,27.846839904785156
3711792,27.601076126098633
3712368,27.94593620300293
3712576,25.309476852416992
3713264,28.651012420654297
3713648,28.162214279174805
3713920,28.449722290039062
3714960,28.80051040649414
3715152,28.34833526611328
3715312,27.595945358276367
3715776,28.503665924072266
3715824,28.146697998046875
3717168,28.569238662719727
3717232,19.184938430786133
3718128,28.094127655029297
3718720,27.513999938964844
3719744,27.829273223876953
3720528,18.986024856567383
3720992,27.961503982543945
3722800,28.198261260986328
3723312,27.396892547607422
3725600,27.974624633789062
3725824,27.36447525024414
3726368,28.165538787841797
3727440,29.16090202331543
3728032,28.287334442138672
3728048,28.45224380493164
3728112,27.981672286987305
3729120,19.71358871459961
3729392,28.408098220825195
3730432,27.06142234802246
3731168,27.90645408630371
3731296,28.954814910888672
3731616,28.65503692626953
3732656,28.480518341064453
3733872,29.042572021484375
3734688,27.85641098022461
3735152,27.734704971313477
3735248,27.919836044311523
3735680,21.383508682250977
3736304,28.526626586914062
3736560,27.17147445678711
3736592,27.263879776000977
3737456,27.841259002685547
3738496,29.313764572143555
3739264,27.183982849121094
3740640,28.406265258789062
3740944,27.605215072631836
3741760,28.784469604492188
3742720,28.275758743286133
3743584,28.360931396484375
3743648,26.943994522094727
3744464,27.061120986938477
3745264,27.49176025390625
3746224,19.314668655395508
3746368,29.038841247558594
3748672,28.64171028137207
3749248,27.66436767578125
3749824,28.089252471923828
3749856,26.89783477783203
3751168,27.824735641479492
3752368,28.586719512939453
3753008,28.78579330444336
3753328,28.5490665435791
3753408,27.514326095581055
3753424,28.44931983947754
3754016,28.378068923950195
3755072,28.821361541748047
3756624,28.340511322021484
3756736,27.69411277770996
3756864,28.429637908935547
3756880,28.388019561767578
3756976,26.433975219726562
3757936,27.8507022857666
3758704,27.750532150268555
3758896,6.377376079559326
3759328,26.690216064453125
3759488,28.348756790161133
3760432,29.209598541259766
3760592,27.508277893066406
3760624,24.427255630493164
3761152,27.858638763427734
3761216,28.294918060302734
3762176,28.027910232543945
3762464,28.33643341064453
3763024,28.790830612182617
3763744,28.318967819213867
3763920,27.597267150878906
3764656,27.96217155456543
3764944,29.176916122436523
3766576,28.794437408447266
3767680,28.248863220214844
3767696,28.486980438232422
3768496,27.762413024902344
3769552,28.28380012512207
3770864,27.04804229736328
3770976,27.663928985595703
3771008,28.314857482910156
3771168,27.15919303894043
3771280,28.908079147338867
3772336,28.289182662963867
3773120,28.412736892700195
3774432,27.968530654907227
3774768,28.094646453857422
3774784,27.661863327026367
3774784,27.870513916015625
3775264,28.805009841918945
3775312,28.487144470214844
3775504,27.339120864868164
3776544,28.07295036315918
3777984,28.262939453125
3778224,28.823179244995117
3778304,28.662437438964844
3781488,26.665973663330078
3781536,27.938344955444336
3781552,27.395660400390625
3781872,27.931921005249023
3782384,28.141326904296875
3782928,27.9887638092041
3783680,14.148844718933105
3783856,26.977685928344727
3784288,27.630828857421875
3785024,26.96125602722168
3785136,23.063732147216797
3785280,28.593923568725586
3785440,28.56006622314453
3786464,28.33401107788086
3787184,28.68690299987793
3787200,28.616607666015625
3787424,27.460935592651367
3788608,29.357952117919922
3788848,28.028614044189453
3788976,29.258834838867188
3789008,29.100414276123047
3789552,28.629566192626953
3789616,28.7600154876709
3790592,27.508316040039062
3790928,27.33650016784668
3791312,29.078289031982422
3792176,27.924909591674805
3793056,28.04725456237793
3794096,28.15821075439453
3794240,27.52022361755371
3794400,28.120939254760742
3794848,26.5426082611084
3794992,27.963764190673828
3795680,28.003190994262695
3795920,28.183616638183594
3796624,28.002168655395508
3796768,28.15302848815918
3797216,28.746551513671875
3797728,13.844980239868164
3797776,27.30745506286621
3798496,28.365314483642578
3799248,27.9363956451416
3799504,28.369150161743164
3800208,28.326330184936523
3800336,28.490093231201172
3800752,28.332958221435547
3801248,26.984031677246094
3802832,18.10871124267578
3803232,27.90070343017578
3804480,3.202746868133545
3804624,26.852720260620117
3804816,27.021074295043945
3805024,28.220537185668945
3805040,26.648672103881836
3806384,27.021770477294922
3806832,28.75522232055664
3807424,26.420238494873047
3807760,27.75365447998047
3808160,26.33687973022461
3808512,27.69491958618164
3808512,27.060022354125977
3808528,27.554588317871094
3809008,19.302400588989258
3809952,28.096647262573242
3809968,27.63215446472168
3811408,27.3134708404541
3811744,29.19951057434082
3811904,26.902677536010742
3812048,27.969011306762695
3813488,27.223249435424805
3813680,28.646333694458008
3813888,27.466371536254883
3814928,28.5068359375
3815616,27.80000114440918
3816000,28.11622428894043
3817056,27.842256546020508
3817248,28.34640121459961
3817472,27.58924674987793
3818896,27.939746856689453
3818960,27.171783447265625
3819152,28.728225708007812
3819536,27.91612434387207
3820752,27.1556396484375
3821056,27.61088752746582
3822032,28.153030395507812
3822352,27.752117156982422
3822528,27.38526725769043
3822656,28.156864166259766
3824000,26.664653778076172
3825616,28.7139892578125
3826032,26.628273010253906
3826160,28.382869720458984
3826656,28.29942512512207
3827568,28.216772079467773
3828192,27.604022979736328
3828192,28.332651138305664
3828752,28.075727462768555
3829408,28.099781036376953
3829712,28.666847229003906
3831344,26.504497528076172
3831536,27.66831398010254
3831696,27.683340072631836
3832640,27.792015075683594
3833376,26.057239532470703
3833664,1.2773252725601196
3833808,27.850727081298828
3834688,28.141136169433594
3835072,28.104141235351562
3835408,27.03860092163086
3836512,28.490219116210938
3836768,27.530529022216797
3838480,28.570716857910156
3838688,26.59015655517578
3839392,13.60911750793457
3839776,28.00159454345703
3840304,27.820280075073242
3840320,28.671476364135742
3841952,29.105894088745117
3842192,29.808576583862305
3842224,27.136442184448242
3843328,26.881254196166992
3845504,27.227327346801758
3845600,27.65242576599121
3845696,27.43425941467285
3846096,27.03287696838379
3846480,28.633220672607422
3847648,27.881166458129883
3849312,27.23126792907715
3849632,27.36225700378418
3850624,27.013500213623047
3851024,28.217809677124023
3851056,27.820323944091797
3851168,28.006336212158203
3852960,28.23576545715332
3853008,28.347148895263672
3853232,27.964155197143555
3854528,28.737199783325195
3854672,27.130224227905273
3854992,28.15174674987793
3856256,28.385042190551758
3856496,26.52500343322754
3856560,29.004425048828125
3858224,28.256019592285156
3858560,28.683029174804688
3859424,27.887527465820312
3859776,28.63844871520996
3859856,28.120182037353516
3859968,26.728933334350586
3860160,29.214017868041992
3860672,28.576589584350586
3862992,28.1780948638916
3863392,27.183500289916992
3863392,27.938447952270508
3863552,27.14463996887207
3863760,29.07563018798828
3863808,29.052461624145508
3864656,28.367238998413086
3865008,27.214109420776367
3865264,26.907014846801758
3865376,27.419809341430664
3866560,27.89889907836914
3866912,28.13844108581543
3867360,28.230199813842773
3868288,27.684202194213867
3868592,27.944276809692383
3868752,28.357376098632812
3868896,28.618284225463867
3870560,28.023725509643555
3870688,28.355228424072266
3871904,28.463153839111328
3872720,28.173858642578125
3873296,28.308067321777344
3874448,27.477521896362305
3874768,28.270706176757812
3874944,25.063142776489258
3875680,28.08623695373535
3875680,28.77132797241211
3876320,28.22211456298828
3876864,27.958288192749023
3877248,27.463756561279297
3877760,28.35183334350586
3878096,27.902605056762695
3878320,27.577917098999023
3878928,28.00221061706543
3879936,29.43825912475586
3881296,27.611919403076172
3881424,27.872133255004883
3881808,28.571609497070312
3882368,23.486801147460938
3882736,27.597639083862305
3883472,28.078222274780273
3884416,27.64792251586914
3884784,27.91568946838379
3885136,28.219161987304688
3885216,27.632299423217773
3886672,29.117982864379883
3887792,28.997751235961914
3888528,28.371118545532227
3888816,29.466169357299805
3889216,28.978336334228516
3889920,26.9852237701416
3889936,28.390363693237305
3890128,28.406919479370117
3891488,26.854795455932617
3892256,28.775821685791016
3892352,28.751262664794922
3893072,28.614850997924805
3893440,27.414403915405273
3893904,26.787981033325195
3894160,28.820859909057617
3895872,27.788833618164062
3896464,25.64421272277832
3896944,27.630495071411133
3897120,27.71628761291504
3897168,27.078767776489258
3897552,28.31260108947754
3897728,27.223039627075195
3897968,25.897655487060547
3898416,27.282512664794922
3899184,27.769807815551758
3899968,27.29707908630371
3900080,26.849245071411133
3900544,27.388904571533203
3900704,27.445331573486328
3902080,28.416040420532227
3903136,29.689329147338867
3903728,26.958498001098633
3904176,28.667171478271484
3904224,27.20107078552246
3904240,28.729297637939453
3905424,27.493860244750977
3906992,29.091747283935547
3907008,27.840864181518555
3907184,26.939489364624023
3907776,28.443464279174805
3907792,26.8236141204834
3908864,28.190418243408203
3908928,27.104185104370117
3912352,28.282569885253906
3912464,28.608659744262695
3912624,28.187965393066406
3913904,27.859657287597656
3914112,28.214555740356445
3914528,27.431337356567383
3915504,27.897430419921875
3915968,26.904144287109375
3916912,29.051942825317383
3917056,27.183671951293945
3917472,27.819665908813477
3917728,27.016841888427734
3918528,28.409761428833008
3918928,27.72123146057129
3919456,27.228500366210938
3920480,28.655702590942383
3920896,28.260648727416992
3920992,28.374773025512695
3921216,27.158645629882812
3921232,27.33083724975586
3922464,28.238914489746094
3923984,27.857816696166992
3924208,29.271265029907227
3924464,27.568403244018555
3924784,26.5867862701416
3925216,25.63286781311035
3925472,28.789094924926758
3925792,28.2224063873291
3927536,27.960107803344727
3928032,28.464109420776367
3928064,19.21442985534668
3928304,28.403526306152344
3930128,28.16242027282715
3931632,28.221649169921875
3931632,28.07827377319336
3931856,27.477006912231445
3932320,27.85138511657715
3933280,28.68025779724121
3934080,28.115110397338867
3934560,28.132539749145508
3934816,27.180253982543945
3935072,24.038095474243164
3935120,27.69123077392578
3935168,27.937217712402344
3935168,28.386356353759766
3935536,27.26179313659668
3935888,29.215295791625977
3936464,28.171876907348633
3936848,28.149337768554688
3936944,28.130067825317383
3938672,27.362092971801758
3938768,28.931344985961914
3940080,29.44208335876465
3940192,11.687569618225098
3940416,28.464609146118164
3941808,27.525205612182617
3942192,27.98138999938965
3942304,25.135997772216797
3942944,26.380916595458984
3943392,27.73847770690918
3943776,28.607078552246094
3943824,28.156858444213867
3943920,28.25323486328125
3943952,28.07087516784668
3944928,27.182374954223633
3945632,26.90719985961914
3945904,28.282312393188477
3946944,28.206073760986328
3947424,26.5449275970459
3947488,28.357017517089844
3947536,27.57742691040039
3948992,26.251192092895508
3949536,27.80034637451172
3949744,26.971263885498047
3951056,26.930917739868164
3952864,27.219959259033203
3953648,28.269372940063477
3954032,27.655223846435547
3954640,27.678415298461914
3954752,28.382047653198242
3955136,28.67743682861328
3955824,27.96172332763672
3956064,28.776159286499023
3956672,28.274770736694336
3956912,27.539634704589844
3957136,27.79242706298828
3958048,27.701210021972656
3958160,28.19181251525879
3958208,27.085697174072266
3958656,26.9230899810791
3959424,28.714920043945312
3959856,28.02378273010254
3960160,27.801767349243164
3960240,27.175148010253906
3961120,26.956684112548828
3961696,19.03616714477539
3962336,18.245235443115234
3963664,28.431184768676758
3963776,28.55644416809082
3963792,28.979759216308594
3964016,28.244457244873047
3965152,27.948572158813477
3965184,27.201948165893555
3965280,29.171274185180664
3966544,28.73708152770996
3967552,27.744739532470703
3967696,27.667325973510742
3968704,27.981124877929688
3970400,28.627531051635742
3970912,27.844486236572266
3971216,28.261302947998047
3971776,28.04889488220215
3972240,27.452341079711914
3973216,27.330190658569336
3973664,27.665775299072266
3973824,28.04149055480957
3974480,27.555139541625977
3974736,27.582914352416992
3975328,27.339473724365234
3975792,26.283470153808594
3976768,28.03806495666504
3977344,29.37606430053711
3977888,28.432954788208008
3978256,27.96661949157715
3978816,25.787893295288086
3979312,28.454605102539062
3979600,28.545106887817383
3980304,28.68715476989746
3980896,27.849071502685547
3981520,26.589799880981445
3981632,3.434277057647705
3982480,28.184066772460938
3983120,27.275360107421875
3983840,27.744548797607422
3984272,27.469053268432617
3984464,27.065311431884766
3985200,28.278980255126953
3985296,27.72271156311035
3986208,3.83974289894104
3988016,28.34647560119629
3988912,27.912004470825195
3991616,29.365413665771484
3992096,27.751422882080078
3993104,28.016672134399414
3993600,28.803781509399414
3993792,28.51906967163086
3993856,29.34595489501953
3994112,27.672212600708008
3995040,27.220632553100586
3995648,27.124547958374023
3996064,27.72220802307129
3996752,27.987287521362305
3996864,28.809900283813477
3996960,27.72828483581543
3997264,27.088172912597656
3997392,28.082109451293945
3998592,28.036134719848633
3999248,28.2050724029541
3999424,26.538389205932617
3999696,28.567752838134766
4000192,12.469781875610352
4000432,29.024524688720703
4000592,28.227663040161133
4000816,28.028501510620117
4000864,28.517841339111328
4000960,27.576000213623047
4001968,27.57464599609375
4002288,27.78717803955078
4003872,26.665124893188477
4004864,29.048507690429688
4005104,29.586328506469727
4006304,27.788162231445312
4006384,26.826261520385742
4006480,27.775712966918945
4006640,27.172643661499023
4007952,27.704654693603516
4008016,28.4375
4008912,24.06962776184082
4009424,27.493654251098633
4009952,28.46980094909668
4010272,29.366289138793945
4010928,27.838804244995117
4011552,27.58265495300293
4011936,27.381153106689453
4012736,27.83687973022461
4012912,27.5150089263916
4013008,29.148069381713867
4013824,27.416152954101562
4015088,26.594200134277344
4015664,29.63970947265625
4015808,28.31930923461914
4018048,27.839040756225586
4018672,27.316631317138672
4019008,27.739965438842773
4019232,28.09270477294922
4020464,27.26715660095215
4020880,28.492748260498047
4021152,28.0598087310791
4021520,28.358261108398438
4022240,28.906667709350586
4022272,27.752262115478516
4022816,27.226682662963867
4023392,27.986188888549805
4023648,27.81467056274414
4023648,28.408634185791016
4024048,26.917200088500977
4024432,28.4488525390625
4024544,28.377912521362305
4024720,28.370943069458008
4025008,28.068950653076172
4025744,28.121095657348633
4025840,21.05105209350586
4025952,28.187013626098633
4026048,27.0822811126709
4026368,27.973691940307617
4027216,28.326936721801758
4027984,27.847734451293945
4028608,28.00901985168457
4029376,28.29670524597168
4029584,28.613487243652344
4030432,29.316667556762695
4030752,28.46982765197754
4030832,27.468286514282227
4031008,27.6682071685791
4031168,27.14556121826172
4031248,27.381223678588867
4031568,28.363893508911133
4032992,28.58022117614746
4033120,27.99480438232422
4034016,27.68596839904785
4034272,28.070161819458008
4034688,29.445932388305664
4034800,29.325021743774414
4034800,28.279653549194336
4035232,26.926389694213867
4036640,27.577478408813477
4036640,26.766414642333984
4037824,29.716716766357422
4038256,24.863645553588867
4038352,27.664655685424805
4038704,28.440763473510742
4038752,28.592924118041992
4038800,28.09481430053711
4040128,27.147388458251953
4040192,27.841106414794922
4040704,26.5151424407959
4041328,27.901351928710938
4043824,27.821029663085938
4044672,28.253713607788086
4044864,28.260963439941406
4045536,27.068870544433594
4045648,26.538433074951172
4045824,28.993362426757812
4047152,28.86246681213379
4047472,26.951040267944336
4047648,27.544872283935547
4048336,26.0698299407959
4049344,27.478858947753906
4049440,27.59107208251953
4049808,26.867633819580078
4051008,26.0206241607666
4051040,28.541236877441406
4051136,27.278974533081055
4052304,29.016263961791992
4052480,18.850889205932617
4052512,28.12120246887207
4053248,27.97982406616211
4054224,27.61309051513672
4054720,28.07196044921875
4054752,27.22775650024414
4055904,27.530242919921875
4056064,28.23260498046875
4056528,28.482303619384766
4058208,27.8011474609375
4058336,28.395246505737305
4058944,28.323314666748047
4059168,27.723194122314453
4059936,29.12068748474121
4061584,26.804916381835938
4061824,28.490392684936523
4062432,4.231993198394775
4063536,27.222206115722656
4063856,27.84446144104004
4064880,28.102750778198242
4065072,27.256521224975586
4065072,27.26300621032715
4066000,28.561721801757812
4066016,28.769683837890625
4066288,27.999786376953125
4066688,28.12197494506836
4067008,27.82156753540039
4067104,28.165958404541016
4067424,28.432817459106445
4068544,27.551956176757812
4068624,27.720182418823242
4068816,28.301164627075195
4069600,28.68702507019043
4069824,28.962623596191406
4070272,28.948326110839844
4070688,28.604799270629883
4070960,28.24177360534668
4072064,27.760181427001953
4072208,28.131406784057617
4072464,28.371179580688477
4073888,28.943363189697266
4074624,19.314743041992188
4074656,28.727455139160156
4075728,27.688371658325195
4075952,28.071224212646484
4076624,27.6691951751709
4076688,27.53133773803711
4076944,27.18902015686035
4077360,26.9301700592041
4078112,27.015663146972656
4078208,26.201183319091797
4079248,28.225805282592773
4079408,27.07948112487793
4079472,28.128868103027344
4080160,28.560043334960938
4082128,18.358335494995117
4082672,23.428730010986328
4082800,25.33879852294922
4083008,27.316518783569336
4083744,28.484251022338867
4084464,27.31146240234375
4085360,26.188922882080078
4085520,28.28472328186035
4085712,27.941993713378906
4085760,28.476058959960938
4086048,27.42823600769043
4086288,25.59608268737793
4086304,17.9800968170166
4086400,7.0611958503723145
4086528,26.84465789794922
4089232,28.5794620513916
4089296,28.024944305419922
4089808,27.65220832824707
4089808,28.06797981262207
4090688,28.50821876525879
4090976,22.28766632080078
4091120,27.825571060180664
4091200,27.638866424560547
4091680,27.615894317626953
4093200,22.845497131347656
4094272,19.816679000854492
4094320,27.846975326538086
4094688,27.776901245117188
4094752,28.495698928833008
4096720,27.397397994995117
4097184,26.99773597717285
4097712,28.46465492248535
4100160,24.08271598815918
4100656,27.320608139038086
4100768,27.848051071166992
4101840,27.333642959594727
4101856,28.189908981323242
4101920,29.073978424072266
4103184,26.232275009155273
4103520,27.80951499938965
4103904,27.005046844482422
4104272,27.060354232788086
4105040,26.82982063293457
4105392,28.201583862304688
4105520,27.686418533325195
4105536,28.556175231933594
4106880,28.550764083862305
4107520,28.978546142578125
4107808,28.142108917236328
4107968,29.1304988861084
4108016,28.27465057373047
4108624,26.784210205078125
4108896,27.29175567626953
4108992,27.39745330810547
4109024,28.123992919921875
4109072,29.030437469482422
4109152,28.156089782714844
4110816,26.947477340698242
4111056,27.090906143188477
4111408,27.674901962280273
4111888,28.830801010131836
4112256,28.813024520874023
4112416,28.313419342041016
4112560,27.956775665283203
4113936,27.847442626953125
4114112,27.60309600830078
4114800,27.63881492614746
4115456,27.957500457763672
4115952,27.19696617126465
4117648,28.900634765625
4118032,28.806066513061523
4118096,28.698909759521484
4118720,28.225553512573242
4118960,27.458297729492188
4119568,28.362720489501953
4119856,28.04720687866211
4122368,27.338191986083984
4122512,27.66230583190918
4122800,27.40018081665039
4123264,27.96417999267578
4124800,27.808170318603516
4125776,27.237682342529297
4125936,28.71595001220703
4126128,28.182397842407227
4126336,27.5376033782959
4126896,27.096820831298828
4128640,27.691356658935547
4129552,28.614015579223633
4129680,28.43990707397461
4129760,10.996376991271973
4130496,27.996896743774414
4131280,27.330625534057617
4131984,28.359933853149414
4132208,27.466163635253906
4132752,26.6202335357666
4133936,28.53199577331543
4134112,27.941404342651367
4134640,27.51735496520996
4135536,28.61532974243164
4135952,28.701025009155273
4136720,27.716373443603516
4137424,3.833198070526123
4137744,28.400754928588867
4138128,27.722604751586914
4138960,24.59830665588379
4139472,28.763118743896484
4139760,28.083507537841797
4141056,27.486637115478516
4141280,28.138334274291992
4143168,28.280183792114258
4144512,13.852109909057617
4144560,28.18684196472168
4144656,26.894014358520508
4144832,28.02591896057129
4148064,28.01158905029297
4148144,26.33899688720703
4148560,29.115524291992188
4148800,27.437911987304688
4148992,28.115989685058594
4150032,27.995986938476562
4150384,27.549631118774414
4150432,28.505390167236328
4151680,28.20551872253418
4151744,27.37897300720215
4151840,28.449508666992188
4152128,28.371957778930664
4152160,27.612934112548828
4153296,27.678253173828125
4153840,27.856931686401367
4154000,27.845895767211914
4155280,29.333370208740234
4155456,27.521690368652344
4156976,27.948036193847656
4157152,28.172143936157227
4157360,27.4649715423584
4158320,22.557714462280273
4158896,28.34430503845215
4159232,27.092308044433594
4159248,28.276992797851562
4161824,27.845766067504883
4162432,27.8990478515625
4162496,28.388507843017578
4162832,27.92865753173828
4163104,28.20853614807129
4163776,27.488059997558594
4164320,27.2880802154541
4164576,28.045616149902344
4165520,28.45172882080078
4166400,27.459566116333008
4167360,27.542871475219727
4167504,28.356361389160156
4167648,28.763137817382812
4168288,27.277841567993164
4168880,28.43270492553711
4169088,27.655101776123047
4169776,27.820186614990234
4169904,26.02708625793457
4170832,25.428321838378906
4171440,27.37938690185547
4171888,28.257585525512695
4172736,28.682876586914062
4174000,20.12189292907715
4174720,28.65201187133789
4175424,27.49578857421875
4176048,27.13402557373047
4176192,26.717628479003906
4176784,28.00653839111328
4176896,26.319608688354492
4176896,28.193695068359375
4177024,27.757198333740234
4178240,28.39372444152832
4180432,27.453474044799805
4181120,27.09519386291504
4181728,27.279434204101562
4181888,27.288448333740234
4182432,28.355663299560547
4183296,10.34162425994873
4184000,27.447595596313477
4184928,27.97071075439453
4186064,29.000152587890625
4186784,28.003555297851562
4186864,29.200767517089844
4187680,28.148704528808594
4190320,28.209768295288086
4190384,28.147844314575195
4191088,27.636165618896484
4191744,28.29804229736328
4192128,28.86592674255371
4192608,28.439891815185547
4195696,27.67576789855957
4195936,31.526063919067383
4197504,27.455238342285156
4199296,27.07880973815918
4199824,27.12348175048828
4200928,29.207923889160156
4200976,27.494787216186523
4200976,27.9619140625
4201008,27.670211791992188
4202048,29.28000259399414
4202800,28.616147994995117
4203152,27.07997703552246
4203392,27.955917358398438
4203648,27.625024795532227
4204544,28.377948760986328
4204544,28.064212799072266
4204544,27.9412899017334
4205968,27.67928695678711
4206576,28.349761962890625
4206784,28.93532943725586
4206896,27.02129554748535
4208112,28.22290802001953
4209168,27.615793228149414
4209856,28.480243682861328
4209968,28.914461135864258
4210368,27.16404914855957
4211648,28.40185546875
4212736,27.487205505371094
4213184,27.517864227294922
4213392,28.446901321411133
4214192,27.562110900878906
4215056,26.1240291595459
4216768,29.15096092224121
4216928,28.439666748046875
4217056,28.362985610961914
4217424,28.22853660583496
4217632,27.676843643188477
4218768,28.388511657714844
4218880,27.386428833007812
4219488,27.080394744873047
4221168,27.653715133666992
4222032,11.007957458496094
4222368,26.038331985473633
4222384,28.126773834228516
4223104,27.627195358276367
4224048,28.630176544189453
4224560,28.290477752685547
4225856,28.428630828857422
4225936,28.37422752380371
4226496,27.492000579833984
4226608,27.44186019897461
4226864,28.26365852355957
4227872,29.278331756591797
4228080,28.054582595825195
4228320,28.780519485473633
4229392,27.46401023864746
4229680,26.732616424560547
4230016,27.515844345092773
4230160,29.24289894104004
4230480,27.837568283081055
4231168,28.16530990600586
4231376,27.820772171020508
4231616,28.08894920349121
4232640,27.92266273498535
4233248,27.167163848876953
4233584,28.048458099365234
4233920,27.062484741210938
4234048,28.309106826782227
4234256,28.50029182434082
4234736,27.49181365966797
4235136,28.042726516723633
4236224,29.241668701171875
4236448,28.176130294799805
4236688,25.918350219726562
4237216,27.748001098632812
4240064,27.779800415039062
4240976,29.015050888061523
4240992,27.87181854248047
4241104,28.90603256225586
4241760,25.229246139526367
4241760,28.211490631103516
4242304,28.691791534423828
4243568,28.218969345092773
4244128,28.637094497680664
4244608,27.537681579589844
4244832,18.510313034057617
4245520,27.892581939697266
4245584,22.136545181274414
4247440,28.31631088256836
4247696,28.228429794311523
4247968,26.702835083007812
4248032,27.28533172607422
4248240,26.91860580444336
4248496,29.248146057128906
4248688,27.392871856689453
4248960,27.281309127807617
4249008,27.104650497436523
4250432,10.495335578918457
4251536,28.66804313659668
4251552,28.033815383911133
4252192,27.34656524658203
4252192,28.162689208984375
4252528,28.716548919677734
4252880,28.2584285736084
4254560,28.25968360900879
4254736,28.258522033691406
4255168,28.120134353637695
4255712,28.59913444519043
4256064,27.001007080078125
4258080,2.735381841659546
4258112,28.404638290405273
4258272,27.520549774169922
4258320,28.295303344726562
4258672,28.569196701049805
4258720,28.30366325378418
4259088,28.60369300842285
4259296,27.308809280395508
4259584,28.024328231811523
4259920,28.650724411010742
4261840,27.929168701171875
4262192,28.12096405029297
4262416,29.056211471557617
4262432,27.8690185546875
4262448,28.316837310791016
4262688,27.85483741760254
4263056,2.7295641899108887
4263168,28.91305923461914
4263456,28.061307907104492
4265296,28.553726196289062
4265536,27.15837860107422
4266224,4.084141731262207
4266384,28.987722396850586
4266608,29.126720428466797
4266704,28.39310646057129
4267232,11.27070140838623
4267600,7.247478485107422
4269776,27.756786346435547
4269792,28.190059661865234
4269888,27.555557250976562
4270272,28.246257781982422
4270576,27.423725128173828
4270848,28.22834587097168
4271760,28.25503921508789
4272384,28.879615783691406
4272432,19.044172286987305
4272624,4.7874531745910645
4273328,27.445226669311523
4273792,27.888973236083984
4273888,29.304460525512695
4274064,27.335927963256836
4274752,27.687793731689453
4276192,29.439884185791016
4276416,28.21485137939453
4276848,27.82611846923828
4279568,27.64861297607422
4279600,27.28146743774414
4280080,27.664073944091797
4280608,27.77903938293457
4281840,28.549222946166992
4283104,11.644940376281738
4283200,9.281539916992188
4284400,28.677597045898438
4284464,28.393295288085938
4285904,19.358356475830078
4287376,28.46038246154785
4287712,28.427885055541992
4287888,28.05997657775879
4288000,28.323692321777344
4290352,27.983352661132812
4290432,28.43111801147461
4291424,28.7807674407959
4291504,27.094974517822266
4292320,28.291276931762695
4292992,27.922927856445312
4293072,28.72861099243164
4294576,28.00181770324707
4295904,28.191518783569336
4296656,28.55067253112793
4297264,26.91920280456543
4297376,29.09433364868164
4297488,27.756454467773438
4298448,28.173215866088867
4298544,28.654705047607422
4300016,27.349937438964844
4300176,29.326343536376953
4300592,14.452042579650879
4300736,28.276227951049805
4300960,28.14849281311035
4301056,28.34772300720215
4301056,28.368383407592773
4302400,28.054086685180664
4302848,27.268342971801758
4303616,28.06586456298828
4303744,29.01805305480957
4304240,27.82973861694336
4304336,28.8568058013916
4306000,27.659608840942383
4306432,28.007408142089844
4307200,27.35603904724121
4307680,28.11913299560547
4307744,27.095321655273438
4307920,28.145286560058594
4308384,27.744985580444336
4308448,28.604888916015625
4309152,27.657941818237305
4310736,28.453691482543945
4310896,27.846019744873047
4311408,18.510557174682617
4312368,10.354166030883789
4313472,28.103330612182617
4314320,28.01004981994629
4314352,28.038232803344727
4314752,23.042213439941406
4314848,26.197750091552734
4315056,27.849445343017578
4317040,27.597003936767578
4317888,28.413246154785156
4318784,28.217763900756836
4320256,27.081520080566406
4320640,28.766172409057617
4321472,27.120553970336914
4321536,27.806180953979492
4322048,28.693401336669922
4322304,27.719614028930664
4322416,27.992860794067383
4324080,28.03461456298828
4324160,27.82362937927246
4325136,27.955951690673828
4325600,27.283336639404297
4325760,28.507740020751953
4325856,28.007322311401367
4325968,27.971315383911133
4328896,28.237958908081055
4328912,11.542922973632812
4329040,27.09834098815918
4329120,27.017473220825195
4329232,27.058656692504883
4330768,26.84113883972168
4331264,27.046920776367188
4331952,28.810585021972656
4332736,27.62630271911621
4332768,28.061094284057617
4333152,27.77169418334961
4334224,29.108619689941406
4336176,27.963768005371094
4336256,28.532974243164062
4336384,27.483613967895508
4336560,28.377010345458984
4336720,29.689289093017578
4336896,26.461448669433594
4337056,26.008047103881836
4337824,27.242691040039062
4338400,26.90131378173828
4339456,26.727712631225586
4339856,26.944189071655273
4340464,28.747766494750977
4341360,28.31110382080078
4341392,28.801563262939453
4341472,29.207542419433594
4341648,26.826202392578125
4341936,28.393550872802734
4343232,28.096006393432617
4343392,27.76536750793457
4343440,28.33953285217285
4343632,25.771373748779297
4344016,28.510833740234375
4345024,28.29498863220215
4345232,28.08211898803711
4346544,27.129899978637695
4347232,27.53279685974121
4347248,27.924222946166992
4347280,28.09328842163086
4347600,27.969717025756836
4348000,27.717294692993164
4348960,28.362398147583008
4350448,27.711641311645508
4350480,28.09964942932129
4350848,27.524507522583008
4351152,29.072107315063477
4352272,27.720727920532227
4352320,27.903230667114258
4352400,13.5822114944458
4352464,28.25226402282715
4353472,25.232633590698242
4354064,27.664506912231445
4354768,26.597976684570312
4355120,28.423789978027344
4355152,28.10586166381836
4357360,27.093271255493164
4359296,25.416563034057617
4359504,28.661945343017578
4364208,27.5274658203125
4364768,27.519851684570312
4365392,26.99212646484375
4365920,26.991609573364258
4367744,27.23596954345703
4368032,28.031789779663086
4368768,27.86712646484375
4369216,27.140052795410156
4369248,18.693866729736328
4369328,18.429574966430664
4371840,28.9818115234375
4371872,28.14254379272461
4372256,27.395511627197266
4372816,27.317481994628906
4373696,28.311674118041992
4375200,27.57719612121582
4375296,27.263004302978516
4375632,28.32255744934082
4376112,27.63439178466797
4376368,28.299121856689453
4376640,28.478652954101562
4378576,28.201866149902344
4378832,27.795690536499023
4379008,28.458539962768555
4379744,28.229045867919922
4379968,26.994277954101562
4380192,28.204404830932617
4380576,27.569400787353516
4382400,28.271135330200195
4382912,27.646766662597656
4383104,27.797489166259766
4383248,28.27176856994629
4383488,27.929615020751953
4384880,27.013612747192383
4385712,27.287885665893555
4385984,27.27892303466797
4386800,28.080909729003906
4386896,28.6068172454834
4389552,28.170610427856445
4389904,20.13949203491211
4390208,27.866252899169922
4390608,27.527671813964844
4391008,28.643020629882812
4391264,27.395418167114258
4393456,29.24245834350586
4393984,27.797258377075195
4394112,28.59539222717285
4394576,28.99267578125
4395472,28.0445613861084
4396976,27.535696029663086
4397456,28.669322967529297
4397504,27.340085983276367
4397520,28.189355850219727
4397680,27.379459381103516
4398256,4.671745300292969
4398512,27.757495880126953
4399040,26.59136962890625
4399088,28.70256805419922
4400000,27.71988296508789
4400352,28.400014877319336
4400656,28.6102352142334
4402496,27.373186111450195
4403520,28.562517166137695
4403744,29.329837799072266
4404736,28.719575881958008
4404768,28.632774353027344
4406064,28.32417869567871
4407072,27.723459243774414
4407312,27.470369338989258
4407744,28.25774383544922
4409472,4.084371566772461
4409760,29.34402084350586
4410624,27.223369598388672
4411824,28.625579833984375
4413328,27.882917404174805
4414432,24.97446060180664
4415088,28.199623107910156
4416192,27.700443267822266
4416592,27.486631393432617
4416912,28.44035530090332
4418144,28.16953468322754
4418912,5.708317279815674
4419824,27.281211853027344
4420160,28.263879776000977
4421056,27.66889190673828
4421584,27.632169723510742
4422432,28.285228729248047
4422480,29.414222717285156
4423792,26.635282516479492
4423968,27.667949676513672
4425120,27.883743286132812
4425392,28.851593017578125
4425712,28.42108917236328
4426176,29.03353500366211
4426576,29.369600296020508
4426864,27.45125961303711
4428400,26.873764038085938
4428688,29.15538787841797
4429296,27.75356674194336
4429664,27.160436630249023
4431680,28.25861930847168
4432400,27.86646270751953
4435504,27.166255950927734
4435616,27.97886848449707
4436032,29.127071380615234
4436096,28.189640045166016
4436352,27.704994201660156
4436496,27.007844924926758
4437568,27.195598602294922
4439072,29.222143173217773
4439520,27.211421966552734
4439680,28.96393394470215
4439984,28.32814598083496
4440192,28.641014099121094
4440848,28.044513702392578
4442704,28.689420700073242
4443168,28.190044403076172
4443424,27.83101463317871
4443760,29.17247200012207
4444416,18.618736267089844
4446016,27.812423706054688
4446256,27.775466918945312
4446960,27.83283042907715
4446960,27.153898239135742
4447264,27.461381912231445
4447904,28.645626068115234
4450592,27.9598445892334
4450832,27.94833755493164
4450832,28.502042770385742
4451088,28.90876007080078
4451600,27.665136337280273
4454368,27.82418441772461
4455040,27.175861358642578
4455376,28.707839965820312
4456992,27.265527725219727
4457520,27.855199813842773
4457744,28.378273010253906
4457904,27.25688934326172
4458064,28.062501907348633
4458512,28.63483238220215
4458800,27.98303985595703
4459568,18.772567749023438
4460496,28.718334197998047
4460560,27.767215728759766
4461008,27.113574981689453
4461408,26.402917861938477
4462064,27.32530403137207
4462080,28.607688903808594
4463696,28.500211715698242
4465120,28.239688873291016
4465152,28.283124923706055
4465904,29.35016632080078
4467312,27.554018020629883
4467600,26.654685974121094
4467792,27.90811538696289
4468528,28.403427124023438
4468576,29.772403717041016
4468720,28.366626739501953
4468768,27.874601364135742
4469296,28.36764144897461
4469344,27.698640823364258
4471136,28.070301055908203
4471328,28.124101638793945
4471616,27.993513107299805
4472400,28.78097152709961
4472768,28.146488189697266
4472800,27.247892379760742
4472992,28.064390182495117
4473728,28.61077117919922
4474320,28.135530471801758
4474752,28.067333221435547
4476608,29.142562866210938
4477360,27.223403930664062
4477824,28.40873908996582
4477888,28.31560707092285
4479456,28.72527313232422
4479472,28.51555061340332
4480016,27.950176239013672
4482976,28.8282527923584
4483568,28.300094604492188
4483616,28.838970184326172
4484816,26.876493453979492
4485056,28.13861846923828
4485664,27.70136070251465
4486096,28.661705017089844
4488368,27.978120803833008
4489968,27.882631301879883
4490064,28.293563842773438
4490336,28.09694480895996
4490976,29.111915588378906
4491280,28.70547103881836
4492352,28.764719009399414
4492976,27.25757598876953
4493344,28.16385841369629
4493568,28.772178649902344
4494464,28.44917869567871
4495440,28.548900604248047
4495920,27.84518051147461
4496160,28.060747146606445
4496320,28.77544593811035
4496736,28.39630126953125
4497088,28.61090850830078
4497344,28.26598358154297
4497984,28.634693145751953
4499504,28.49597930908203
4500064,28.523088455200195
4501664,27.23566246032715
4502096,28.862655639648438
4503600,28.548662185668945
4505312,29.153705596923828
4505632,27.90226936340332
4506032,28.416948318481445
4506592,27.15526008605957
4507008,27.2099609375
4508224,28.319250106811523
4509232,27.84238624572754
4510176,27.054533004760742
4512080,27.388751983642578
4512112,29.071414947509766
4512336,28.170055389404297
4514080,28.704919815063477
4514112,28.002155303955078
4514320,27.67885398864746
4515616,28.806673049926758
4515664,26.33111572265625
4515856,28.06304931640625
4516704,28.535890579223633
4517152,27.41682243347168
4517712,28.008939743041992
4518368,27.753908157348633
4519168,27.290834426879883
4519280,26.366857528686523
4521008,27.419090270996094
4521216,28.22165870666504
4521520,29.23036003112793
4521904,26.34884262084961
4522304,27.31521224975586
4522432,28.032941818237305
4522624,27.940391540527344
4522768,27.902883529663086
4523136,28.497940063476562
4523824,28.345956802368164
4523824,28.317798614501953
4524176,27.913921356201172
4524608,27.798828125
4524704,27.580604553222656
4524848,27.740406036376953
4524896,27.44442367553711
4525232,29.490005493164062
4526304,28.096370697021484
4527024,28.216976165771484
4528336,24.307233810424805
4528432,27.230802536010742
4528768,28.931617736816406
4528768,14.23294448852539
4529024,28.77248191833496
4530096,27.36423683166504
4530896,28.607200622558594
4531904,27.496749877929688
4531984,27.77342414855957
4532064,28.428890228271484
4533888,27.95096778869629
4535376,28.75263786315918
4535536,28.14866828918457
4535728,28.05974006652832
4536144,27.35190200805664
4537376,27.070554733276367
4537680,28.353792190551758
4537952,27.29241371154785
4538224,27.677791595458984
4538912,27.763395309448242
4539136,27.86349868774414
4539296,27.591224670410156
4539312,27.77815055847168
4539504,19.95447540283203
4540352,28.49094009399414
4541296,27.994338989257812
4542400,27.929609298706055
4543264,28.10460090637207
4544192,10.572955131530762
4545072,28.12976837158203
4545392,27.375972747802734
4546000,27.53117561340332
4546048,28.768095016479492
4546832,28.357128143310547
4549536,27.421476364135742
4549936,28.892230987548828
4550080,27.79503631591797
4550384,27.2756290435791
4551424,28.24996566772461
4551584,27.746414184570312
4552144,28.147947311401367
4553024,28.626516342163086
4553456,27.88001823425293
4553664,27.6127872467041
4554688,27.302448272705078
4555120,27.31852149963379
4555360,29.014158248901367
4557200,28.868993759155273
4557248,28.8032169342041
4558848,25.77263832092285
4559920,28.129716873168945
4560784,28.056581497192383
4561760,28.424705505371094
4561888,27.37176513671875
4564672,28.373748779296875
4565440,27.237903594970703
4565488,28.21346664428711
4566304,27.684207916259766
4567840,27.140090942382812
4567872,28.230728149414062
4567920,28.044893264770508
4568512,28.113643646240234
4568912,28.77157211303711
4569856,28.59461784362793
4570304,27.875852584838867
4571360,27.580400466918945
4572048,28.310062408447266
4572400,27.71256446838379
4573392,28.589155197143555
4574384,27.847171783447266
4574512,28.062114715576172
4575024,27.551265716552734
4575968,28.33795928955078
4576960,28.443649291992188
4577472,28.819503784179688
4578448,27.281728744506836
4578480,28.024065017700195
4578768,27.64188003540039
4579120,27.982845306396484
4579568,27.356307983398438
4580576,29.118736267089844
4581008,28.615217208862305
4581984,28.657304763793945
4582016,28.19054412841797
4583136,28.417638778686523
4584992,27.84748649597168
4585552,27.949312210083008
4585920,28.68277931213379
4586720,28.817899703979492
4586800,28.12779426574707
4587712,28.252269744873047
4588224,28.969844818115234
4588800,28.283672332763672
4589088,27.532550811767578
4589104,29.398775100708008
4590208,27.888574600219727
4590480,4.323466777801514
4591296,28.37808609008789
4592048,27.971086502075195
4592624,26.866004943847656
4592656,28.391010284423828
4592960,26.588777542114258
4593648,27.578638076782227
4593728,28.070772171020508
4594880,27.673587799072266
4595216,27.98635482788086
4595920,28.22165870666504
4596256,29.326929092407227
4596336,28.42730712890625
4596464,28.87384033203125
4597184,28.27543067932129
4598752,27.065326690673828
4599184,28.033933639526367
4599744,28.364469528198242
4599824,27.941043853759766
4600704,28.475502014160156
4602048,29.014379501342773
4602224,27.857322692871094
4603200,27.149524688720703
4603264,27.879369735717773
4603312,27.433839797973633
4604192,29.0803279876709
4604464,28.79006004333496
4604560,27.34491539001465
4606768,27.58592414855957
4606880,27.6143856048584
4606976,28.347869873046875
4608112,27.435123443603516
4608224,28.124155044555664
4608240,28.84140396118164
4609200,29.303333282470703
4609952,27.006895065307617
4610352,28.30260467529297
4610528,28.277389526367188
4611280,28.532453536987305
4611632,27.57630729675293
4611760,27.762489318847656
4611888,27.931251525878906
4613904,28.22628402709961
4614064,29.294919967651367
4615072,28.137069702148438
4617120,27.874448776245117
4617424,28.50231170654297
4618592,28.47897720336914
4618752,27.771089553833008
4618800,28.04875946044922
4619056,27.800071716308594
4619712,28.47060775756836
4619968,28.05931854248047
4619984,28.02454948425293
4622000,28.884235382080078
4622240,28.0047550201416
4622256,27.767995834350586
4622320,28.16732406616211
4622320,29.102758407592773
4623504,26.483762741088867
4623840,28.34653091430664
4624208,26.63895034790039
4624528,28.303741455078125
4625776,28.16644859313965
4625792,28.238685607910156
4625920,28.726438522338867
4626192,29.42522621154785
4627168,28.830406188964844
4629120,27.73746109008789
4629344,28.518468856811523
4630672,27.33160972595215
4631104,29.615131378173828
4631328,28.324764251708984
4631920,27.857696533203125
4631936,27.958148956298828
4632640,28.564159393310547
4633008,28.34014892578125
4633232,27.24036407470703
4634160,28.192411422729492
4634960,28.10479164123535
4635312,27.77572250366211
4636464,27.976871490478516
4636512,29.095603942871094
4638880,28.070011138916016
4639072,27.50102996826172
4640080,27.623165130615234
4640880,28.254005432128906
4641728,28.75181770324707
4641968,27.61590003967285
4642256,28.658000946044922
4644720,28.15505027770996
4645088,28.42138671875
4645232,27.491106033325195
4645840,28.933006286621094
4646128,29.536684036254883
4646800,26.501401901245117
4647424,29.389259338378906
4650416,28.645654678344727
4650832,29.330577850341797
4652176,28.46482276916504
4652912,28.663467407226562
4653008,28.997648239135742
4653280,27.335254669189453
4653312,29.243059158325195
4653968,28.484895706176758
4656112,26.00316047668457
4656544,28.2720890045166
4657680,29.632856369018555
4658368,19.97450065612793
4658864,29.235136032104492
4659648,28.458810806274414
4660400,27.84374237060547
4661152,28.080665588378906
4661184,28.455610275268555
4662992,29.272483825683594
4663296,28.597116470336914
4663696,27.163972854614258
4663760,28.488615036010742
4664736,27.72834587097168
4665152,28.131446838378906
4667136,27.92595672607422
4667248,27.7846736907959
4667280,28.01380157470703
4667504,28.985488891601562
4668272,27.821130752563477
4668560,28.452709197998047
4669120,28.315025329589844
4669536,28.36634063720703
4670688,28.803266525268555
4671840,27.958274841308594
4672080,28.693559646606445
4673104,28.281414031982422
4674160,27.619876861572266
4674384,27.53267478942871
4674560,28.137968063354492
4676384,29.887460708618164
4676672,29.4843807220459
4677072,27.83228302001953
4677312,5.610625743865967
4677712,28.694507598876953
4677712,28.079456329345703
4677920,28.55674171447754
4678112,28.333772659301758
4678224,27.178022384643555
4680240,27.78215980529785
4680624,28.845111846923828
4681232,27.792524337768555
4681296,29.11982536315918
4681472,27.689441680908203
4681744,28.16509437561035
4682496,28.555479049682617
4682496,27.773088455200195
4683216,28.41395378112793
4683216,19.38187026977539
4684368,28.32464599609375
4684736,28.983945846557617
4684896,27.656147003173828
4684976,27.652820587158203
4685104,28.962535858154297
4685984,27.282800674438477
4686096,27.414440155029297
4686352,28.761734008789062
4686736,28.56072235107422
4686768,28.808969497680664
4687920,28.15620231628418
4688368,28.25371551513672
4688672,28.331527709960938
4688704,29.283710479736328
4689568,27.289281845092773
4689696,26.964345932006836
4690224,27.528785705566406
4690384,28.1890811920166
4691456,29.45002555847168
4691920,27.632604598999023
4691952,28.656925201416016
4692208,28.025484085083008
4693152,28.912113189697266
4693456,27.884538650512695
4693776,28.751544952392578
4694544,28.17150115966797
4695088,27.993654251098633
4695440,28.396074295043945
4695664,28.571901321411133
4695744,25.842870712280273
4695792,28.757537841796875
4696768,28.267797470092773
4697296,29.62235450744629
4697680,28.67003059387207
4697760,28.4196834564209
4698256,6.539226055145264
4699024,27.834636688232422
4699136,27.958232879638672
4699280,28.343677520751953
4700368,28.16707420349121
4701264,28.595775604248047
4701744,28.060707092285156
4702576,28.03047752380371
4702768,27.73806381225586
4702784,29.0867919921875
4704848,28.43984031677246
4705360,29.259502410888672
4706144,28.659364700317383
4706240,28.844772338867188
4706288,28.5155086517334
4708688,27.94132423400879
4709808,27.927949905395508
4710048,27.9883975982666
4710864,27.865280151367188
4711616,28.953357696533203
4711904,28.826995849609375
4713072,6.01400899887085
4713344,28.071659088134766
4714560,28.763118743896484
4715440,5.8187031745910645
4716880,27.911380767822266
4719264,27.730430603027344
4719808,28.009384155273438
4720400,28.33846092224121
4720656,28.80986785888672
4722544,29.0076904296875
4722640,28.127086639404297
4722800,20.034189224243164
4723984,27.82808494567871
4724128,28.484922409057617
4724192,28.033323287963867
4725168,28.128368377685547
4725680,27.842073440551758
4726080,27.160173416137695
4726320,28.258602142333984
4727248,28.206966400146484
4727472,27.781047821044922
4727504,28.60962677001953
4727648,28.98870849609375
4727760,28.928762435913086
4728656,27.51243019104004
4729280,27.94747543334961
4729840,28.73897933959961
4731008,27.518665313720703
4731056,28.655364990234375
4731184,28.6925048828125
4731248,28.190353393554688
4732272,27.762998580932617
4732800,27.45760726928711
4734240,28.851425170898438
4734528,29.372385025024414
4734544,27.20145606994629
4736736,28.038724899291992
4736880,28.495555877685547
4738032,27.8441162109375
4738240,27.596078872680664
4738336,28.743730545043945
4739328,28.253555297851562
4739776,28.23033905029297
4740256,29.742929458618164
4740400,29.023048400878906
4741200,29.661170959472656
4741888,29.25676918029785
4741936,27.684614181518555
4743312,28.823610305786133
4745104,28.97732925415039
4745472,27.947660446166992
4746976,29.160207748413086
4747488,28.596717834472656
4747984,28.033231735229492
4748480,28.92241859436035
4748720,28.82215118408203
4748768,28.4500732421875
4749184,28.505474090576172
4750480,28.467327117919922
4751216,29.40880584716797
4751344,28.5596866607666
4751536,28.80712127685547
4751856,26.64569091796875
4752512,26.793354034423828
4752512,27.854616165161133
4752672,27.521318435668945
4754560,29.534650802612305
4754624,27.671499252319336
4754864,27.787097930908203
4755392,29.25666046142578
4757504,27.52189064025879
4758048,27.689998626708984
4758160,29.06747055053711
4758768,29.270952224731445
4759472,27.739574432373047
4759664,28.09661865234375
4759808,28.295330047607422
4761088,27.501548767089844
4761760,28.99176788330078
4761904,28.61461639404297
4761952,26.68592071533203
4762992,26.88886833190918
4763296,28.879619598388672
4763424,27.75799560546875
4764624,27.667293548583984
4765040,29.011253356933594
4765712,27.618892669677734
4766496,27.492462158203125
4766768,28.220895767211914
4768960,28.67988395690918
4769104,27.79001235961914
4769152,28.178056716918945
4769536,28.593212127685547
4769648,28.01290512084961
4770016,27.702266693115234
4771680,28.898975372314453
4772512,28.36610984802246
4772752,27.30475425720215
4773312,27.494855880737305
4773600,27.922204971313477
4773904,29.408031463623047
4773936,26.45518684387207
4775104,14.595695495605469
4775168,28.360689163208008
4776128,28.30037498474121
4777440,28.356586456298828
4777504,27.452539443969727
4777872,28.52923583984375
4778608,27.961071014404297
4778672,28.890117645263672
4779536,24.364559173583984
4779712,28.303194046020508
4779888,28.653013229370117
4780464,28.310041427612305
4780976,28.356843948364258
4780992,28.645889282226562
4781008,28.25625228881836
4782192,28.752079010009766
4782352,28.189369201660156
4783216,29.532480239868164
4784512,28.53999900817871
4784560,28.861284255981445
4784960,29.233734130859375
4785408,27.98859977722168
4785728,29.404855728149414
4786640,28.031925201416016
4786752,28.22626304626465
4786848,28.24054718017578
4786976,28.52250862121582
4788096,28.547260284423828
4788192,29.099939346313477
4788976,28.802770614624023
4789200,28.180063247680664
4789648,3.424729347229004
4789856,25.783151626586914
4790288,28.355709075927734
4791712,28.595937728881836
4792416,27.686918258666992
4792816,28.85693359375
4793184,28.543386459350586
4793920,27.718473434448242
4793936,28.165821075439453
4795120,27.530139923095703
4795264,28.643550872802734
4795360,27.977474212646484
4795648,29.08598518371582
4796288,28.698898315429688
4797008,28.929859161376953
4797744,4.3182692527771
4798224,29.057247161865234
4798720,27.427017211914062
4798832,29.249881744384766
4799440,27.630409240722656
4800240,27.894203186035156
4801072,28.94447898864746
4801104,28.961767196655273
4801680,28.038984298706055
4802736,28.340410232543945
4803024,28.432079315185547
4803632,28.746782302856445
4803792,28.130821228027344
4803840,28.90781021118164
4804672,28.40448570251465
4805840,29.58649444580078
4805872,27.99861717224121
4805984,28.90902328491211
4806272,28.457515716552734
4806864,27.884056091308594
4806880,28.65123176574707
4807456,28.435100555419922
4808208,28.738847732543945
4808336,28.35401153564453
4808832,27.177566528320312
4809424,29.936452865600586
4809472,19.231395721435547
4809840,28.464237213134766
4810128,27.76104164123535
4810416,28.660133361816406
4810944,28.382720947265625
4811808,27.626659393310547
4811824,28.661975860595703
4811888,29.312910079956055
4812368,28.01287078857422
4812992,29.136720657348633
4813520,28.877382278442383
4813728,27.644025802612305
4814000,29.518531799316406
4814368,27.882308959960938
4814528,29.31177520751953
4815280,28.040510177612305
4816448,28.390478134155273
4816512,28.45576286315918
4817280,28.479360580444336
4817584,28.429553985595703
4817840,28.760160446166992
4818624,28.5545711517334
4819376,28.384960174560547
4820128,27.914819717407227
4820304,27.848886489868164
4821760,28.32076072692871
4822144,28.16642951965332
4822560,28.291545867919922
4823552,28.746450424194336
4824368,29.257001876831055
4824736,28.554386138916016
4824944,27.97681427001953
4825088,27.96291160583496
4825296,27.500951766967773
4826112,27.68846321105957
4827440,28.70623016357422
4827904,27.379192352294922
4828688,28.51799201965332
4828880,28.578540802001953
4829536,28.642831802368164
4830016,29.359712600708008
4830752,28.354265213012695
4830928,26.53925132751465
4831424,28.287687301635742
4831888,27.906925201416016
4832096,27.66811752319336
4832256,27.341289520263672
4832256,28.055498123168945
4832432,28.349849700927734
4834368,28.536340713500977
4835472,28.423450469970703
4836864,28.693599700927734
4837152,28.59120750427246
4837264,28.506025314331055
4839184,28.0793399810791
4839232,28.051069259643555
4839536,27.176698684692383
4840256,27.98720359802246
4840448,27.96619987487793
4840736,26.870683670043945
4841344,27.892295837402344
4842064,28.127897262573242
4842560,28.821392059326172
4843664,27.540529251098633
4844800,27.413883209228516
4845104,28.437162399291992
4846080,27.701200485229492
4846320,28.59785270690918
4846416,28.82472038269043
4846800,3.459430456161499
4847168,27.25560188293457
4847328,28.53455352783203
4847488,28.168136596679688
4848512,27.757112503051758
4849168,28.918384552001953
4849936,27.80390739440918
4850160,27.805471420288086
4850368,28.844558715820312
4850704,28.733253479003906
4851056,27.735742568969727
4852784,28.4088134765625
4852816,20.486812591552734
4853728,28.461135864257812
4854256,28.581920623779297
4854432,28.311176300048828
4854512,19.28240203857422
4855696,29.226421356201172
4856368,28.79296112060547
4856928,28.20770263671875
4857072,27.424144744873047
4857392,27.710786819458008
4857648,27.780065536499023
4858064,29.033008575439453
4858096,27.027873992919922
4860512,28.272907257080078
4860608,27.478269577026367
4861584,29.22843360900879
4862048,28.628582000732422
4863472,29.163942337036133
4864128,27.910444259643555
4864176,28.74652099609375
4864384,27.880083084106445
4864848,27.89521598815918
4865248,28.666234970092773
4866432,28.577219009399414
4866992,27.937236785888672
4867664,28.828365325927734
4867776,28.71186065673828
4868496,30.55050277709961
4868496,28.274574279785156
4868800,27.4847354888916
4870112,29.26227378845215
4870464,27.96298599243164
4870560,26.10359764099121
4871264,28.61092758178711
4872192,28.08338737487793
4872528,28.17917823791504
4872704,29.612123489379883
4873392,28.462417602539062
4873504,28.831436157226562
4873632,28.647747039794922
4874160,28.191083908081055
4874240,4.683254718780518
4874848,24.458662033081055
4876224,28.623720169067383
4877776,29.49924659729004
4878400,27.699661254882812
4879344,27.847455978393555
4879376,27.829126358032227
4879456,28.427885055541992
4879760,27.911418914794922
4881392,27.004411697387695
4882688,28.26316261291504
4882864,28.27764129638672
4882864,28.787628173828125
4883232,26.784616470336914
4884944,28.008333206176758
4885408,29.426448822021484
4886448,28.823471069335938
4887168,4.2680253982543945
4887904,27.245641708374023
4887904,27.447986602783203
4888160,28.274023056030273
4888464,28.510828018188477
4889840,29.154878616333008
4890016,28.7734432220459
4890064,28.670913696289062
4890384,29.364362716674805
4890720,28.256282806396484
4891248,27.038867950439453
4891488,29.08602523803711
4892048,27.77665138244629
4892656,28.611774444580078
4893376,28.561832427978516
4893936,28.784286499023438
4894832,29.125171661376953
4894960,28.883909225463867
4895488,28.704683303833008
4895568,27.351043701171875
4896896,28.314594268798828
4897600,28.999958038330078
4897808,28.465864181518555
4898000,28.636938095092773
4898608,28.056583404541016
4899696,28.509838104248047
4900576,29.334415435791016
4902144,26.504474639892578
4902624,27.12897491455078
4904016,28.957536697387695
4904288,29.506668090820312
4905024,26.319046020507812
4905040,26.91366958618164
4905856,29.04012107849121
4906080,28.017139434814453
4906944,28.044086456298828
4907568,28.04245376586914
4907680,29.12675666809082
4907952,28.361135482788086
4908592,29.11449432373047
4908656,29.191198348999023
4909024,29.08070182800293
4909408,27.85576629638672
4911216,28.737640380859375
4911520,27.508136749267578
4911792,29.425813674926758
4912944,28.229732513427734
4913136,27.726716995239258
4913200,27.50082015991211
4914064,27.280853271484375
4914752,29.772048950195312
4914896,27.88207244873047
4915024,28.063514709472656
4915216,27.751436233520508
4915632,28.536605834960938
4916352,26.385147094726562
4916544,25.637954711914062
4916704,27.44754409790039
4917584,28.84432029724121
4918288,28.905115127563477
4918416,28.471681594848633
4918544,27.84349250793457
4918832,29.10591697692871
4919232,28.287511825561523
4919968,28.54250144958496
4920048,27.939983367919922
4921120,27.81313705444336
4921312,28.455366134643555
4923456,28.596654891967773
4923728,28.01972770690918
4924672,26.883352279663086
4926400,28.838809967041016
4927152,27.524808883666992
4928192,27.669845581054688
4930416,27.8709659576416
4930720,27.124858856201172
4930896,28.77707290649414
4931712,28.335031509399414
4932112,28.712303161621094
4932592,29.25813102722168
4932880,27.301511764526367
4933440,27.805194854736328
4933536,28.95379638671875
4934112,28.377452850341797
4934432,27.212526321411133
4935712,28.61575698852539
4936128,28.71192169189453
4936912,28.711748123168945
4938752,28.285377502441406
4940016,28.129423141479492
4941056,27.610462188720703
4941264,28.452667236328125
4941376,27.351594924926758
4942096,27.107410430908203
4942320,28.725807189941406
4943584,28.03276824951172
4945168,27.827198028564453
4946496,29.247560501098633
4946720,28.832937240600586
4948704,28.222896575927734
4949264,29.137950897216797
4949568,28.39683723449707
4950048,27.350534439086914
4950208,27.938323974609375
4951088,28.037363052368164
4951504,27.254993438720703
4952096,29.06270408630371
4952192,3.6547739505767822
4953744,28.162721633911133
4956592,28.428821563720703
4957152,28.276344299316406
4958768,27.519441604614258
4959008,29.124011993408203
4959232,28.738948822021484
4960016,28.901844024658203
4960752,28.061168670654297
4961696,27.892807006835938
4962608,29.30364990234375
4962752,28.34105682373047
4964288,27.944055557250977
4965472,29.0358943939209
4967136,27.92728614807129
4968032,27.986186981201172
4968064,6.698655605316162
4968096,28.131153106689453
4969040,28.111757278442383
4969376,28.77126121520996
4969760,29.09001350402832
4969920,28.292980194091797
4971600,27.28845977783203
4971648,27.57318115234375
4972128,28.020549774169922
4972944,27.72637176513672
4973296,28.27503204345703
4974976,28.460981369018555
4975280,29.367324829101562
4975760,28.010852813720703
4976448,27.205888748168945
4977552,28.444217681884766
4978592,28.08432388305664
4978816,28.827959060668945
4979312,28.563690185546875
4980176,28.516136169433594
4981904,27.869136810302734
4982064,27.500797271728516
4982368,27.950408935546875
4982576,28.136371612548828
4982816,28.501718521118164
4983168,28.506092071533203
4983568,28.088150024414062
4983760,28.32791519165039
4983936,28.920412063598633
4984080,28.533166885375977
4984656,29.250938415527344
4984736,27.061908721923828
4985424,28.214862823486328
4985568,28.32887840270996
4985760,27.602825164794922
4985920,28.34079360961914
4987536,27.796876907348633
4988240,27.901721954345703
4988912,27.616851806640625
4989136,27.787912368774414
4989360,28.605045318603516
4989936,28.46982765197754
4990672,27.82229232788086
4991168,28.595542907714844
4991808,28.10489273071289
4992944,27.571977615356445
4992976,28.184864044189453
4993520,28.0042724609375
4993728,28.019210815429688
4994528,28.367359161376953
4994688,28.131303787231445
4995296,27.617992401123047
4995344,28.675537109375
4996528,27.955623626708984
4996576,28.70130157470703
4996688,25.699663162231445
4997088,28.1817684173584
