step,value
272,2.3529412746429443
320,1.899999976158142
384,1.5833333730697632
688,1.440000057220459
688,2.82608699798584
720,2.8888888359069824
784,3.224489688873291
816,1.600000023841858
864,2.648648738861084
960,1.8235293626785278
1040,3.1578948497772217
1040,2.5142858028411865
1248,2.392857074737549
1264,1.2083333730697632
1344,2.5217392444610596
1472,2.307692289352417
1584,1.0
1616,1.3809523582458496
1744,2.857142925262451
1888,3.277777671813965
1904,3.529411792755127
1920,2.6470587253570557
1968,1.894736886024475
2096,2.090909004211426
2192,1.8125
2336,1.814814805984497
2352,2.6785714626312256
2416,4.0
2464,2.941176414489746
2560,3.5
2672,2.799999952316284
2688,2.6818182468414307
2720,2.777777671813965
2832,1.5384615659713745
2896,2.359999895095825
2976,2.0
3008,2.95652174949646
3008,2.8421051502227783
3184,3.7567567825317383
3344,1.1428571939468384
3408,1.7826087474822998
3504,3.799999952316284
3520,1.4500000476837158
3552,3.057142972946167
3696,2.0714285373687744
3744,1.8181818723678589
3808,2.2352941036224365
3872,2.2857143878936768
3904,2.0370371341705322
3920,3.2608695030212402
4016,2.119999885559082
4080,2.2352941036224365
4096,2.2352941036224365
4128,2.653846263885498
4224,1.3809523582458496
4304,3.411764621734619
4320,1.0
4336,1.7200000286102295
4480,1.3809523582458496
4576,2.620689630508423
4592,2.2352941036224365
4624,2.6666667461395264
4800,1.1428571939468384
4912,2.5714285373687744
5264,3.6842105388641357
5312,2.7391304969787598
5520,1.8125
5600,3.1764705181121826
5616,1.4500000476837158
5664,1.7241379022598267
5712,2.5
5712,3.5862069129943848
5728,1.0
5920,1.0
5920,1.5263158082962036
5984,2.736842155456543
6000,2.2068965435028076
6032,2.5199999809265137
6064,1.3809523582458496
6112,1.2083333730697632
6128,1.7599999904632568
6144,2.2121212482452393
6208,2.8235294818878174
6272,2.2857143878936768
6352,3.2352941036224365
6416,1.7804877758026123
6496,3.225806474685669
6544,2.640000104904175
6688,2.5517241954803467
6800,2.8529412746429443
6960,4.25
6992,1.7297297716140747
7104,1.4500000476837158
7232,2.0833332538604736
7232,2.4800000190734863
7552,1.0
7696,2.222222328186035
7696,1.7999999523162842
7760,2.299999952316284
7808,2.0399999618530273
7856,1.3809523582458496
8016,2.370370388031006
8304,1.8125
8336,1.6799999475479126
8384,1.8421052694320679
8400,2.736842155456543
8464,3.117647171020508
8528,1.0
8688,2.6956522464752197
8688,2.878048896789551
8880,1.3809523582458496
8928,2.625
8976,1.0
8976,1.2564102411270142
8976,2.8235294818878174
9072,1.3809523582458496
9072,3.1891891956329346
9216,1.75
9248,3.6111111640930176
9344,2.5
9360,1.7391303777694702
9472,1.8333333730697632
9488,1.4838709831237793
9488,1.6571428775787354
9504,2.2285714149475098
9552,3.5172414779663086
9744,1.8260869979858398
9760,2.5999999046325684
9840,2.263157844543457
9872,2.6086957454681396
10112,1.5
10272,2.230769157409668
10320,1.5263158082962036
10400,1.84375
10512,1.75
10560,1.0
10688,3.2142856121063232
10704,2.2903225421905518
10736,2.441176414489746
10768,2.1379311084747314
10864,3.4848484992980957
11008,2.5
11024,2.5714285373687744
11184,1.0
11232,2.307692289352417
11376,1.440000057220459
11376,1.4500000476837158
11408,2.0833332538604736
11456,3.1724138259887695
11616,2.2352941036224365
11632,1.2083333730697632
11712,3.1034483909606934
11728,1.0
11792,3.75
12000,2.5789473056793213
12112,2.3043477535247803
12128,3.5999999046325684
12160,2.3333332538604736
12192,2.440000057220459
12384,1.0
12464,2.1621620655059814
12496,2.407407522201538
12752,2.7058823108673096
12832,1.7826087474822998
12848,2.3478260040283203
12976,3.2580645084381104
13312,2.971428632736206
13456,2.2580645084381104
13472,2.7826087474823
13536,2.5714285373687744
13680,2.3529412746429443
13728,1.9354838132858276
13744,2.6666667461395264
13840,2.3333332538604736
13936,1.8125
14032,2.8499999046325684
14256,3.25
14272,2.4000000953674316
14272,2.692307710647583
14368,2.769230842590332
14592,1.8125
14656,1.899999976158142
14688,1.5199999809265137
14720,3.3333332538604736
14896,1.5094339847564697
14912,2.2285714149475098
14944,1.0
14944,2.7058823108673096
14976,1.894736886024475
14976,1.0
15152,1.7333333492279053
15184,2.8235294818878174
15216,1.899999976158142
15248,1.96875
15328,1.7391303777694702
15504,1.625
15728,1.6333333253860474
15856,1.0
15888,2.548387050628662
15904,2.4000000953674316
16256,2.46875
16416,1.0
16432,2.5185184478759766
16464,2.6785714626312256
16480,2.454545497894287
16704,1.0
16704,2.629629611968994
16720,3.1666667461395264
16896,1.600000023841858
17008,2.6046512126922607
17056,3.375
17200,1.9333332777023315
17344,2.0
17360,3.1621620655059814
17376,3.2857143878936768
17536,2.590909004211426
17680,1.0
17792,1.899999976158142
17840,1.8095238208770752
17856,2.4210526943206787
17968,2.8235294818878174
18064,2.0799999237060547
18208,2.9200000762939453
18272,2.0799999237060547
18272,1.3448275327682495
18288,3.3333332538604736
18368,2.2285714149475098
18416,2.0416667461395264
18416,1.3809523582458496
18592,1.9199999570846558
18784,1.8125
18848,1.1428571939468384
18992,2.3529412746429443
19056,2.454545497894287
19072,1.3809523582458496
19248,2.3499999046325684
19264,2.047619104385376
19408,1.91304349899292
19424,2.9361701011657715
19456,1.7727272510528564
19520,2.9166667461395264
19536,3.1818182468414307
19632,1.1428571939468384
19664,2.13043475151062
19696,3.076923131942749
19904,2.5217392444610596
19952,1.4814814329147339
20032,3.8499999046325684
20176,1.4736841917037964
20240,2.1052632331848145
20368,2.2857143878936768
20496,4.274509906768799
20544,1.7948718070983887
20640,1.0
20704,1.736842155456543
20784,2.9189188480377197
20800,1.0
20832,1.4500000476837158
21040,2.13043475151062
21088,2.17391300201416
21152,3.277777671813965
21200,2.878048896789551
21296,2.7666666507720947
21392,2.2352941036224365
21440,1.8571428060531616
21520,3.555555582046509
21680,1.6956521272659302
21712,3.8636362552642822
21840,2.7659573554992676
21920,1.2083333730697632
21984,1.0
22080,3.0
22128,2.0833332538604736
22128,2.0
22192,2.7647058963775635
22352,1.8125
22464,2.75
22496,2.461538553237915
22512,1.0
22528,1.0
22672,1.6571428775787354
22816,2.08695650100708
22944,3.2142856121063232
22960,2.2352941036224365
23024,1.2083333730697632
23056,1.6956521272659302
23072,2.0
23120,1.95652174949646
23136,1.4500000476837158
23200,2.2352941036224365
23376,1.5384615659713745
23488,3.6785714626312256
23520,1.5263158082962036
23520,2.2352941036224365
23536,2.034482717514038
23568,1.3809523582458496
23728,2.7647058963775635
23744,3.0714285373687744
23808,3.058823585510254
23920,2.807692289352417
24000,2.648648738861084
24000,2.2941176891326904
24096,1.3809523582458496
24128,1.0
24304,3.3333332538604736
24352,1.7826087474822998
24368,2.592592477798462
24416,1.0
24464,2.944444417953491
24496,1.3636363744735718
24512,2.222222328186035
24672,1.0
24784,2.375
24928,2.799999952316284
25072,1.75
25120,2.269230842590332
25136,1.7777777910232544
25200,2.0799999237060547
25232,2.6666667461395264
25248,2.8235294818878174
25312,2.2580645084381104
25312,4.058823585510254
25440,1.0
25536,2.0714285373687744
25552,1.3809523582458496
25648,1.5416666269302368
25680,2.190476179122925
25712,1.2083333730697632
25888,2.2941176891326904
25936,2.9166667461395264
26256,1.8095238208770752
26288,2.307692289352417
26352,1.3809523582458496
26368,2.2941176891326904
26464,1.4500000476837158
26496,1.0
26672,1.2083333730697632
26688,1.2083333730697632
26720,1.4500000476837158
26784,3.142857074737549
26816,2.13043475151062
26832,2.5999999046325684
26848,1.0
26976,1.4736841917037964
27088,2.6666667461395264
27152,3.461538553237915
27264,1.814814805984497
27328,1.4736841917037964
27392,2.2647058963775635
27680,2.8235294818878174
27888,1.4736841917037964
28080,1.5416666269302368
28096,1.3809523582458496
28144,1.5263158082962036
28368,2.8620688915252686
28432,2.857142925262451
28480,1.5263158082962036
28544,2.0
28608,1.0
28672,2.5
28688,1.5263158082962036
28704,3.8235294818878174
28784,3.0
28928,1.600000023841858
29104,1.9756097793579102
29136,2.4000000953674316
29184,3.2608695030212402
29264,1.4500000476837158
29296,1.4838709831237793
29328,1.0
29392,2.1666667461395264
29472,1.4736841917037964
29584,2.7647058963775635
29648,1.0
29648,2.357142925262451
29696,1.2083333730697632
29696,1.2083333730697632
29712,1.0
29728,2.7058823108673096
29872,2.378378391265869
29888,3.359999895095825
30016,1.0
30032,2.0
30256,1.7391303777694702
30272,1.8125
30288,3.076923131942749
30384,1.8709677457809448
30464,1.9333332777023315
30576,3.3333332538604736
30608,1.0
30864,2.0
30896,2.1052632331848145
30928,2.642857074737549
30928,1.8571428060531616
30976,3.527777671813965
31072,2.346153736114502
31264,2.5999999046325684
31312,2.799999952316284
31376,2.0
31680,2.2352941036224365
31808,2.2121212482452393
31888,1.4500000476837158
31952,2.0
31984,1.0
32272,1.5263158082962036
32336,3.029411792755127
32544,1.2083333730697632
32608,1.9583333730697632
32640,2.1500000953674316
32656,1.5263158082962036
32736,2.2857143878936768
32880,3.222222328186035
32976,1.0
33088,1.0
33120,1.1428571939468384
33136,1.0
33232,2.2857143878936768
33280,3.1666667461395264
33424,1.4500000476837158
33488,3.1666667461395264
33504,1.5384615659713745
33584,1.600000023841858
33776,2.3478260040283203
33808,1.0
33856,2.0799999237060547
33904,2.2068965435028076
33984,1.75
34176,1.0
34320,2.0
34320,2.7586207389831543
34384,2.472222328186035
34464,1.8095238208770752
34560,1.3333333730697632
34688,3.4782607555389404
35008,1.0
35008,3.4594595432281494
35088,1.0
35168,1.9285714626312256
35328,2.3636362552642822
35408,1.7241379022598267
35504,1.923076868057251
35600,2.307692289352417
35696,1.4736841917037964
35792,3.0
35904,2.25
35920,1.8125
35936,1.6666666269302368
35968,1.0
35984,2.5428571701049805
35984,2.7058823108673096
36080,3.1724138259887695
36080,1.5199999809265137
36112,1.5199999809265137
36144,1.703703761100769
36176,1.7391303777694702
36192,1.9756097793579102
36272,1.3333333730697632
36464,2.13043475151062
36512,1.0
36576,2.6111111640930176
36672,2.0416667461395264
36704,1.970588207244873
36816,2.5714285373687744
36864,1.75
36976,2.096774101257324
37040,1.4500000476837158
37296,1.0
37456,2.0416667461395264
37488,2.9166667461395264
37584,1.5416666269302368
37600,1.4500000476837158
37616,2.319999933242798
37712,3.2799999713897705
37856,2.5740740299224854
37936,2.170731782913208
38032,2.2857143878936768
38096,2.8717949390411377
38128,3.1764705181121826
38128,2.200000047683716
38240,2.722222328186035
38432,2.777777671813965
38512,1.95652174949646
38560,2.133333444595337
38720,2.2352941036224365
38832,2.055555582046509
38864,2.6666667461395264
38960,2.3181817531585693
39136,1.3888888359069824
39392,1.1428571939468384
39472,2.2799999713897705
39504,2.5151515007019043
39520,1.774193525314331
39520,2.0799999237060547
39552,1.7222222089767456
39648,2.9285714626312256
39712,2.3214285373687744
39760,1.6666666269302368
39792,1.5263158082962036
39824,3.526315689086914
39872,2.1578948497772217
39920,1.2083333730697632
40080,1.440000057220459
40128,2.0999999046325684
40224,3.607142925262451
40304,1.0
40320,2.592592477798462
40480,2.0
40592,2.7647058963775635
40880,2.2352941036224365
40912,2.7857143878936768
40976,2.7647058963775635
41024,2.3255813121795654
41056,1.2083333730697632
41120,2.904761791229248
41200,2.692307710647583
41440,1.8571428060531616
41472,2.2941176891326904
41488,2.200000047683716
41568,1.2083333730697632
41984,1.0
42064,1.0
42240,3.269230842590332
42240,1.5384615659713745
42288,1.600000023841858
42336,3.5
42384,1.923076868057251
42416,1.0
42480,2.090909004211426
42640,2.2941176891326904
42752,1.8125
42768,2.6666667461395264
42848,2.777777671813965
42944,1.5384615659713745
42944,2.6111111640930176
42976,2.153846263885498
43088,1.2083333730697632
43168,1.8125
43200,2.640000104904175
43264,1.0
43296,1.0
43328,2.6521739959716797
43328,2.8181817531585693
43344,1.8125
43376,2.269230842590332
43488,1.0
43520,1.0
43664,2.0
43664,2.529411792755127
43680,1.5199999809265137
43728,2.0
43792,1.40625
43808,1.0
43856,2.6190476417541504
43952,1.5384615659713745
43984,1.4500000476837158
44112,1.6956521272659302
44176,1.4814814329147339
44240,1.923076868057251
44432,2.8888888359069824
44464,2.5999999046325684
44480,1.7391303777694702
44592,1.3333333730697632
44704,1.8125
44816,1.6956521272659302
44848,2.658536672592163
44928,1.5384615659713745
45104,2.6111111640930176
45104,2.375
45152,1.703703761100769
45232,2.769230842590332
45248,2.230769157409668
45296,1.3333333730697632
45328,2.3636362552642822
45344,1.3809523582458496
45472,1.9354838132858276
45584,2.230769157409668
45600,1.3809523582458496
45600,4.296296119689941
45616,1.4736841917037964
45664,1.5199999809265137
45680,2.230769157409668
45776,1.6956521272659302
45952,1.899999976158142
46016,2.359999895095825
46240,3.1578948497772217
46256,2.3214285373687744
46304,1.3809523582458496
46304,1.5384615659713745
46400,3.04347825050354
46416,2.222222328186035
46480,1.7272727489471436
46672,2.0399999618530273
46672,1.6956521272659302
46688,1.56521737575531
46848,1.4642857313156128
46848,1.3809523582458496
46896,1.5833333730697632
46944,1.4500000476837158
46976,3.3529412746429443
47056,2.5789473056793213
47136,4.117647171020508
47168,2.6086957454681396
47184,2.2666666507720947
47344,1.8571428060531616
47408,2.5357143878936768
47472,1.56521737575531
47504,2.7272727489471436
47600,1.0
47760,2.559999942779541
47776,2.615384578704834
47840,1.0
47936,2.5
48080,1.4500000476837158
48112,1.7058823108673096
48128,3.529411792755127
48176,2.0799999237060547
48272,2.4838709831237793
48304,2.7647058963775635
48352,1.7599999904632568
48432,1.8648648262023926
48464,1.3809523582458496
48496,1.9636363983154297
48528,1.3809523582458496
48752,1.2083333730697632
48816,1.4838709831237793
48848,1.0
48976,2.4482758045196533
49104,2.0
49152,2.6578948497772217
49216,1.5416666269302368
49264,1.2000000476837158
49488,1.5263158082962036
49664,1.3636363744735718
49776,1.2083333730697632
49856,1.0
49872,2.9629628658294678
49888,1.8125
49984,1.4166666269302368
50096,1.5263158082962036
50176,1.0
50400,1.4500000476837158
50416,1.923076868057251
50432,1.0
50448,1.440000057220459
50704,3.0833332538604736
50800,1.0
50896,2.8813560009002686
50896,1.6857142448425293
51120,1.5416666269302368
51184,1.5263158082962036
51184,3.75
51216,1.0
51328,2.5714285373687744
51360,2.777777671813965
51408,2.7096774578094482
51536,1.8125
51584,2.299999952316284
51632,3.0370371341705322
51680,2.6785714626312256
51792,2.2352941036224365
51792,3.3142857551574707
51856,1.0
52064,2.08695650100708
52128,1.5199999809265137
52208,1.4285714626312256
52464,1.6666666269302368
52512,2.5416667461395264
52544,1.8095238208770752
52576,1.6666666269302368
52576,2.0740740299224854
52592,1.95652174949646
52768,2.777777671813965
52784,2.5833332538604736
52832,1.0
52912,1.0
52912,2.6086957454681396
52944,2.454545497894287
53232,2.5862069129943848
53440,1.3636363744735718
53616,2.8888888359069824
53616,1.0
53632,1.4500000476837158
53664,2.5806450843811035
53680,2.0
53712,2.133333444595337
53952,1.0
53952,1.0
54032,2.911764621734619
54080,2.4285714626312256
54112,1.5384615659713745
54112,1.9666666984558105
54160,2.1111111640930176
54176,3.8888888359069824
54256,3.7037036418914795
54320,1.0
54336,2.944444417953491
54384,2.5238094329833984
54528,1.6666666269302368
54592,1.615384578704834
54640,1.7272727489471436
54832,2.0
54832,1.6956521272659302
54880,2.526315689086914
54896,2.2857143878936768
55056,2.880000114440918
55104,4.0
55104,3.269230842590332
55232,1.0
55264,2.5185184478759766
55328,2.6666667461395264
55344,2.2592592239379883
55440,2.8499999046325684
55728,1.7241379022598267
55824,1.5263158082962036
55856,1.0
56016,1.4390244483947754
56128,2.6111111640930176
56144,2.7058823108673096
56240,3.17391300201416
56240,2.307692289352417
56272,1.3809523582458496
56336,1.0
56464,1.6956521272659302
56496,1.8095238208770752
56608,2.08695650100708
56656,2.880000114440918
56816,2.3636362552642822
56880,2.0399999618530273
56976,1.7391303777694702
57296,1.5263158082962036
57344,2.0714285373687744
57376,3.027777671813965
57568,1.0
57648,1.7647058963775635
57696,1.0
57856,2.387096881866455
57968,3.0
58016,1.8125
58080,2.1052632331848145
58320,1.2083333730697632
58336,1.0
58512,1.9428571462631226
58592,1.9354838132858276
58752,2.238095283508301
58784,1.3636363744735718
58816,1.5833333730697632
58864,2.5641026496887207
59456,2.0754716396331787
59488,1.5263158082962036
59568,1.8125
59584,3.0
59648,1.0
59744,2.529411792755127
59840,1.2083333730697632
59920,2.555555582046509
59984,1.6666666269302368
60048,2.0416667461395264
60080,2.0
60160,1.440000057220459
60192,2.0
60256,3.1500000953674316
60336,2.769230842590332
60336,1.0
60384,3.125
60480,2.7058823108673096
60640,1.4500000476837158
60752,1.3809523582458496
61008,2.6285715103149414
61072,1.0
61072,1.0
61120,1.736842155456543
61216,2.5999999046325684
61392,1.0
61504,1.6956521272659302
61568,2.8378379344940186
61584,2.857142925262451
61600,1.9393939971923828
61776,1.8095238208770752
62000,1.3333333730697632
62160,1.7391303777694702
62288,1.8055555820465088
62352,2.3636362552642822
62416,2.7407407760620117
62528,2.4347825050354004
62736,1.4736841917037964
62752,2.555555582046509
62768,2.1578948497772217
62800,1.3809523582458496
62848,1.0
62928,1.6666666269302368
63072,1.75
63088,2.230769157409668
63104,2.3636362552642822
63280,2.0
63312,2.82608699798584
63504,1.923076868057251
63776,1.8965517282485962
63808,1.7241379022598267
63840,1.6799999475479126
64064,1.75
64160,1.0
64208,2.313725471496582
64256,2.3478260040283203
64288,2.0238094329833984
64368,2.5789473056793213
64384,2.1621620655059814
64416,2.799999952316284
64480,1.6799999475479126
64784,2.200000047683716
64816,1.9354838132858276
64976,2.2352941036224365
64992,1.954545497894287
65024,2.5135135650634766
65072,1.6190476417541504
65120,2.6315789222717285
65248,2.1212120056152344
65328,1.5625
65360,2.1666667461395264
65376,1.4166666269302368
65440,1.0
65600,2.2413792610168457
65648,3.049999952316284
65728,1.2083333730697632
65792,2.3181817531585693
66080,2.5
66096,1.7272727489471436
66112,1.8125
66160,3.225806474685669
66272,1.923076868057251
66272,3.529411792755127
66352,1.0
66432,2.941176414489746
66528,2.25
66576,3.3428571224212646
66592,1.923076868057251
66704,1.8292683362960815
66800,1.7391303777694702
66848,1.0
66864,1.4736841917037964
66912,1.3809523582458496
67168,1.0
67200,1.3809523582458496
67248,2.6956522464752197
67312,2.4000000953674316
67424,2.880000114440918
67440,3.2820513248443604
67520,1.0
67664,1.0
67744,2.6857142448425293
67840,2.472222328186035
67968,2.107142925262451
68016,3.277777671813965
68080,3.5789473056793213
68096,2.6666667461395264
68160,3.5
68480,2.5
68512,1.9629629850387573
68528,2.7272727489471436
68528,3.2083332538604736
68560,2.607142925262451
68800,4.111111164093018
68960,1.923076868057251
69008,3.185185194015503
69152,2.222222328186035
69200,1.4166666269302368
69280,1.8125
69376,1.7272727489471436
69488,3.2432432174682617
69520,2.475409746170044
69536,2.78125
69648,1.0
69664,2.6666667461395264
69776,1.3200000524520874
69920,1.5384615659713745
69936,3.088235378265381
70048,1.5416666269302368
70080,1.440000057220459
70128,1.0
70320,2.875
70320,2.595238208770752
70400,1.0
70528,1.6666666269302368
70640,2.1052632331848145
70656,1.6666666269302368
70848,3.185185194015503
71056,1.4500000476837158
71200,1.7391303777694702
71200,1.0
71216,1.7272727489471436
71248,2.034482717514038
71280,2.846153736114502
71344,1.600000023841858
71472,1.8125
71888,2.799999952316284
71952,2.5
71968,1.6956521272659302
72064,1.6315789222717285
72240,1.0
72288,1.6666666269302368
72352,2.8958332538604736
72704,2.813953399658203
72800,1.5384615659713745
72832,1.3333333730697632
72848,2.39393949508667
72880,1.7999999523162842
72896,2.2413792610168457
73040,1.3809523582458496
73152,1.3809523582458496
73296,2.555555582046509
73344,2.7142856121063232
73456,1.0
73760,2.8113207817077637
73792,1.8125
73888,2.5
73952,3.230769157409668
73984,3.125
74384,1.0
74640,3.057692289352417
74800,1.7999999523162842
74960,1.0
74992,3.2432432174682617
75088,3.4482758045196533
75104,1.0
75136,3.1690139770507812
75152,2.047619104385376
75168,1.0
75248,1.0
75280,3.4782607555389404
75696,2.411764621734619
76048,1.6666666269302368
76192,1.0
76304,1.6666666269302368
76304,2.470588207244873
76640,2.4242424964904785
76704,2.615384578704834
76720,1.3809523582458496
76720,2.9473683834075928
76816,1.4814814329147339
76880,1.9714285135269165
76960,2.1052632331848145
76992,2.972972869873047
77200,2.1052632331848145
77200,1.7272727489471436
77296,2.1212120056152344
77408,3.720930337905884
77456,3.2352941036224365
77824,1.8095238208770752
77840,1.6666666269302368
77920,1.7142857313156128
78000,2.0
78032,2.026315689086914
78048,1.7272727489471436
78176,1.6956521272659302
78208,1.923076868057251
78256,1.923076868057251
78256,1.7647058963775635
78512,3.2564103603363037
78576,3.4482758045196533
78624,1.7272727489471436
79040,2.529411792755127
79072,1.923076868057251
79216,3.3333332538604736
79312,1.8125
79472,1.8333333730697632
79568,2.0
79728,2.8709676265716553
79760,2.738095283508301
79840,1.4166666269302368
79856,1.7272727489471436
79952,2.911764621734619
79968,3.5999999046325684
80048,1.0
80112,1.6956521272659302
80112,3.125
80176,2.0
80368,1.5199999809265137
80416,3.222222328186035
80432,1.0
80480,2.230769157409668
80480,2.5
80704,1.6956521272659302
80832,3.9583332538604736
80880,2.1935484409332275
80992,2.6470587253570557
81024,3.5849056243896484
81104,1.923076868057251
81200,3.194444417953491
81344,1.0
81376,1.6666666269302368
81408,1.6956521272659302
81424,1.75
81696,2.1052632331848145
81728,2.3684210777282715
81808,2.9215686321258545
81808,1.2083333730697632
82160,2.8813560009002686
82176,1.7999999523162842
82176,2.15625
82256,2.9629628658294678
82432,1.3809523582458496
82672,2.133333444595337
82688,2.5675675868988037
82704,4.125
82784,3.8888888359069824
82896,1.8125
82976,2.0370371341705322
83376,3.603773593902588
83408,4.318181991577148
83488,1.9714285135269165
83584,3.896103858947754
83680,1.3636363744735718
83728,3.254901885986328
83792,3.090909004211426
83888,2.971428632736206
84096,3.076923131942749
84192,1.3809523582458496
84256,2.5
84336,2.1034483909606934
84352,1.3636363744735718
84368,1.7586207389831543
84384,2.588235378265381
84400,2.2352941036224365
84448,3.392857074737549
84560,3.186046600341797
84592,1.0
84672,1.8125
84880,1.0
85008,1.0
85344,3.277777671813965
85600,4.871794700622559
85904,1.6956521272659302
86032,3.5789473056793213
86064,2.7906975746154785
86096,1.91304349899292
86192,3.6111111640930176
86448,1.8095238208770752
86752,3.254901885986328
86864,3.2799999713897705
86896,2.878048896789551
86976,2.954545497894287
87376,1.7272727489471436
87392,2.7142856121063232
87456,2.7906975746154785
87648,3.0975608825683594
87792,1.5199999809265137
87824,3.0
87840,1.7777777910232544
87888,3.0357143878936768
87936,2.146341562271118
87952,3.5999999046325684
88032,1.3636363744735718
88240,1.3809523582458496
88288,2.8333332538604736
88496,3.230769157409668
88640,1.3809523582458496
88720,2.5
88800,3.9245283603668213
88800,3.114285707473755
88832,2.3235294818878174
88928,1.776119351387024
88960,2.378378391265869
89008,2.924999952316284
89024,3.194444417953491
89200,1.7241379022598267
89232,2.5
89232,2.305555582046509
89360,1.923076868057251
89600,2.3636362552642822
89648,2.5128204822540283
89776,2.828571319580078
89792,2.6666667461395264
89792,3.1372549533843994
89792,2.882352828979492
89952,3.4042553901672363
90112,2.6190476417541504
90112,2.769230842590332
90144,2.1212120056152344
90400,3.203389883041382
90784,2.9696969985961914
90800,2.5833332538604736
90992,2.980769157409668
91280,2.3529412746429443
91344,2.5740740299224854
91344,3.653846263885498
91408,1.440000057220459
91648,1.0
91824,2.4000000953674316
91872,3.1600000858306885
91920,3.200000047683716
92144,1.5199999809265137
92256,3.392857074737549
92288,1.7272727489471436
92528,1.6666666269302368
92688,1.8125
92704,1.7241379022598267
92752,2.185185194015503
93232,3.7857143878936768
93536,3.068965435028076
93760,3.9594595432281494
94000,4.538461685180664
94144,1.6666666269302368
94176,3.232558250427246
94176,3.0357143878936768
94208,3.0487804412841797
94464,2.7647058963775635
94560,3.735849142074585
94608,3.0357143878936768
94640,2.642857074737549
94784,3.114285707473755
94992,3.3125
95296,2.379310369491577
95312,1.6666666269302368
95328,2.696969747543335
95376,3.297872304916382
95472,1.814814805984497
95472,3.1372549533843994
95488,2.3529412746429443
95552,3.088235378265381
95648,1.0
95856,1.7241379022598267
95872,1.0
95952,2.692307710647583
96432,1.7142857313156128
96704,1.6666666269302368
96768,3.4050633907318115
96816,2.5999999046325684
96992,2.6052632331848145
97136,2.857142925262451
97168,2.48888897895813
97248,2.3636362552642822
97392,1.2083333730697632
97392,2.9166667461395264
97504,1.7272727489471436
97536,2.75
97600,2.8541667461395264
97616,2.5
97632,3.526315689086914
97760,3.027777671813965
97776,4.3307085037231445
97776,3.6571428775787354
97840,1.8125
97968,2.5757575035095215
98016,2.1935484409332275
98144,3.4848484992980957
98192,3.0
98336,1.5263158082962036
98384,1.8125
98592,2.7906975746154785
98608,2.5641026496887207
98784,4.090909004211426
98848,3.0
98944,2.4761905670166016
99024,3.6607143878936768
99024,3.1111111640930176
99232,1.6956521272659302
99344,2.6818182468414307
99392,3.0
99488,1.0
99632,2.5757575035095215
99712,4.298245429992676
99760,4.099999904632568
99808,3.9583332538604736
100000,1.7999999523162842
100048,3.625
100096,3.3111112117767334
100192,3.617021322250366
100240,1.923076868057251
100256,2.3333332538604736
100624,1.7272727489471436
100672,1.0
100672,2.2857143878936768
100768,2.5757575035095215
100784,3.055555582046509
100944,1.0
101264,1.8125
101312,3.0303030014038086
101504,2.828571319580078
101632,3.2352941036224365
101632,4.054054260253906
101664,1.875
101744,2.9318182468414307
101760,3.8541667461395264
101792,3.2051281929016113
101888,1.6956521272659302
101952,1.8125
102032,3.382352828979492
102224,1.6666666269302368
102368,1.0
102672,4.142857074737549
102768,3.090909004211426
102768,3.222222328186035
103040,3.3773584365844727
103232,2.941176414489746
103344,2.857142925262451
103360,4.558823585510254
103456,3.1600000858306885
103488,2.6086957454681396
103552,3.3658535480499268
103632,1.6666666269302368
103648,2.03125
103824,1.7272727489471436
104016,2.3333332538604736
104112,3.382352828979492
104128,1.7272727489471436
104256,1.7200000286102295
104352,3.186046600341797
104768,1.7999999523162842
104816,4.199999809265137
104912,4.666666507720947
105168,1.6666666269302368
105232,2.694444417953491
105376,3.923076868057251
105504,2.8222222328186035
105536,2.60606050491333
105744,3.7413792610168457
105776,1.4500000476837158
105776,3.7962963581085205
105968,3.222222328186035
106048,2.777777671813965
106128,2.5142858028411865
106288,3.085714340209961
106480,1.923076868057251
106672,3.8378379344940186
106688,2.5
106800,3.8888888359069824
106944,3.1081080436706543
106960,2.472222328186035
106960,3.75
106976,3.8372092247009277
107104,4.153846263885498
107424,3.970588207244873
107584,4.7272725105285645
107584,1.3809523582458496
107616,3.2926828861236572
107760,3.224489688873291
107952,4.411764621734619
108096,2.451612949371338
108096,1.7272727489471436
108144,2.2857143878936768
108368,4.107142925262451
108416,2.0833332538604736
108432,3.865384578704834
108544,2.6470587253570557
108656,4.2727274894714355
108720,4.589552402496338
108768,3.3902440071105957
108912,2.5757575035095215
109024,4.285714149475098
109056,3.7142856121063232
109120,4.069767475128174
109136,2.7906975746154785
109168,3.60606050491333
109168,1.923076868057251
109184,2.6086957454681396
109200,2.424999952316284
109264,3.3333332538604736
109280,2.5
109776,2.1935484409332275
110064,2.0526316165924072
110160,3.655914068222046
110272,3.1052632331848145
110304,2.7941176891326904
110400,4.125
110608,4.396551609039307
110784,1.8125
110896,2.548387050628662
111120,2.6470587253570557
111520,3.3333332538604736
111552,3.297872304916382
111568,3.28125
111632,4.068181991577148
111680,2.5
111824,2.6086957454681396
112032,1.6666666269302368
112032,2.185185194015503
112080,2.090909004211426
112208,3.4782607555389404
112304,2.6470587253570557
112320,3.8043477535247803
112336,4.255319118499756
112352,1.6666666269302368
112464,2.115384578704834
112944,1.0
112960,3.146341562271118
113040,3.720930337905884
113184,3.627450942993164
113376,3.7142856121063232
113392,1.9259259700775146
113696,2.1935484409332275
113936,3.9433963298797607
113952,3.0
114144,2.5
114336,3.4782607555389404
114352,3.0
114368,2.5
114608,4.290909290313721
115264,4.094827651977539
115280,2.3333332538604736
115344,4.25
115504,4.285714149475098
115584,3.6455695629119873
115760,2.3333332538604736
115760,2.694444417953491
115920,4.261363506317139
116368,3.7708332538604736
116880,2.8787879943847656
117040,3.444444417953491
117264,1.6956521272659302
117312,3.4418604373931885
117536,2.5
117568,3.7083332538604736
117600,4.130434989929199
117792,4.620253086090088
117872,1.0
117888,4.390244007110596
117968,4.038461685180664
118064,3.5443038940429688
118064,4.163636207580566
118144,3.9189188480377197
118336,3.6363637447357178
118624,1.9285714626312256
118656,2.6052632331848145
118768,4.180327892303467
118784,2.1052632331848145
118816,1.0
118832,4.438202381134033
118928,3.692307710647583
119056,2.230769157409668
119216,4.1785712242126465
119248,3.6666667461395264
119296,4.207316875457764
119328,3.658536672592163
119376,4.197530746459961
119568,3.6458332538604736
119600,3.9215686321258545
119888,3.9215686321258545
119952,1.0
119984,4.712643623352051
120256,4.139705657958984
120288,4.114583492279053
120352,2.882352828979492
120352,4.333333492279053
120432,3.3333332538604736
120816,3.9215686321258545
120880,2.7272727489471436
121136,1.2083333730697632
121232,3.2407407760620117
121280,3.5135135650634766
121312,2.5
121392,3.7037036418914795
121680,1.6666666269302368
121776,2.6470587253570557
121808,3.7719297409057617
122080,4.2792792320251465
122240,2.5
122480,3.994011878967285
122640,3.566037654876709
122672,2.777777671813965
122800,2.3235294818878174
122800,4.0
122848,1.8125
122944,4.125
123104,4.094117641448975
123200,1.8095238208770752
123328,3.853658437728882
123936,4.294871807098389
124528,4.363636493682861
124608,1.6666666269302368
124832,3.2142856121063232
124848,4.468085289001465
124960,2.75
125168,3.28125
125520,4.387754917144775
125712,3.769230842590332
125712,4.135802268981934
125888,3.7719297409057617
125920,4.047618865966797
125952,3.3684210777282715
125984,3.2142856121063232
126032,1.0
126096,4.436619758605957
126128,4.050632953643799
126224,3.8888888359069824
126368,2.0370371341705322
126608,2.4642856121063232
126640,4.064748287200928
126736,3.7179486751556396
126976,3.9583332538604736
127056,4.317460536956787
127456,2.9318182468414307
127520,3.9814815521240234
127696,4.285714149475098
127728,2.5
127808,3.846153736114502
127856,3.2926828861236572
128080,2.911764621734619
128112,3.1764705181121826
128352,3.28125
128368,2.6388888359069824
128688,2.7142856121063232
128992,3.9743590354919434
129024,2.7083332538604736
129360,4.077670097351074
129424,1.7272727489471436
129488,3.9387755393981934
129616,1.9444444179534912
129664,4.125
129776,3.9634146690368652
130336,4.215686321258545
130528,3.6792452335357666
130592,4.166666507720947
130944,3.9024391174316406
131152,1.4814814329147339
131472,3.4487178325653076
131744,2.846153736114502
131808,3.9473683834075928
131824,3.5526316165924072
132384,2.9487178325653076
132432,4.315789699554443
132432,3.450000047683716
132448,3.658536672592163
132592,3.7719297409057617
132624,4.114285945892334
132816,4.1489362716674805
132944,4.120879173278809
133632,3.8938052654266357
133664,4.318181991577148
133744,3.673469305038452
133760,4.310344696044922
133808,4.6391754150390625
134528,2.799999952316284
134720,4.137930870056152
134816,3.6363637447357178
134864,4.185184955596924
134992,3.7341771125793457
135008,4.411764621734619
135104,3.634615421295166
135264,4.134615421295166
135264,3.7037036418914795
135424,2.230769157409668
135440,3.295454502105713
135888,4.411764621734619
135920,3.5714285373687744
136000,3.545454502105713
136016,3.4782607555389404
136336,4.875
136400,4.400000095367432
136608,3.9189188480377197
136640,4.352941036224365
136752,4.017857074737549
136816,3.6181817054748535
137312,4.5535712242126465
137472,3.725490093231201
137504,3.8888888359069824
137648,3.7272727489471436
137936,3.28125
138096,3.055555582046509
138368,4.0
138640,2.7272727489471436
138672,3.777777671813965
138736,4.363636493682861
138736,4.541284561157227
138768,4.422222137451172
139024,2.6086957454681396
139120,4.370861053466797
139232,3.6842105388641357
139696,3.685185194015503
139776,4.705882549285889
140208,2.2413792610168457
140480,1.0
140736,4.198019981384277
140848,2.4000000953674316
141280,2.230769157409668
141456,3.944444417953491
141488,4.591836929321289
142240,3.9583332538604736
142304,3.3620688915252686
142448,4.266666889190674
142736,4.230769157409668
143120,4.245283126831055
143232,2.882352828979492
143424,4.970059871673584
143712,4.433333396911621
144432,3.5526316165924072
145056,2.7083332538604736
145280,4.2727274894714355
145424,3.9743590354919434
145520,2.5
145536,4.3125
145664,3.9824562072753906
146000,3.617021322250366
146096,4.02531623840332
146128,3.538461446762085
146192,4.1489362716674805
146208,4.473684310913086
146288,3.9000000953674316
146576,4.70059871673584
146832,3.5897436141967773
146912,4.360465049743652
147440,4.285714149475098
147808,4.567307472229004
148432,4.25
148480,3.75
148640,4.153846263885498
148640,4.7602739334106445
149632,4.338235378265381
149840,4.329268455505371
150368,4.807692527770996
150496,3.809523820877075
150976,5.1086955070495605
151040,4.426229476928711
151152,3.4285714626312256
151264,4.702970504760742
151424,4.964285850524902
151648,4.505494594573975
152016,1.6666666269302368
152064,3.829787254333496
152096,3.8888888359069824
152640,4.0
152896,2.777777671813965
152960,4.537815093994141
153968,4.525862216949463
153984,4.5714287757873535
154000,4.0
154224,3.7425742149353027
154400,3.848484754562378
154416,4.659090995788574
154496,4.304347991943359
155152,4.051723957061768
155168,3.7647058963775635
156288,4.537036895751953
156496,4.6844658851623535
157520,4.488372325897217
157632,4.0
158176,4.624000072479248
158224,3.75
158240,4.807692527770996
158448,4.351851940155029
158448,4.0
158528,4.270833492279053
158896,2.6500000953674316
159120,1.6666666269302368
159344,3.781818151473999
159520,4.311999797821045
159552,4.722222328186035
159552,4.588235378265381
159856,4.6913580894470215
160176,2.8421051502227783
161200,3.5999999046325684
161840,4.102564334869385
162304,3.2142856121063232
162320,4.363636493682861
162800,4.181818008422852
162816,4.883720874786377
162848,4.285714149475098
163200,1.6666666269302368
163824,4.166666507720947
163856,4.166666507720947
163984,4.788732528686523
164080,3.846153736114502
164240,4.895104885101318
164256,4.45121955871582
164480,1.7272727489471436
164512,2.7142856121063232
164704,4.746543884277344
164864,4.140625
164912,4.0
165296,4.111111164093018
165440,2.7948718070983887
165456,2.39393949508667
166160,1.0
166288,4.534883499145508
166336,3.9814815521240234
166896,4.962963104248047
167456,4.285714149475098
167664,4.130434989929199
168192,4.912280559539795
168400,4.137930870056152
169344,3.382352828979492
170080,4.797688007354736
170096,4.907407283782959
170336,4.1489362716674805
170384,4.625698089599609
170720,4.566473960876465
171184,1.8125
171600,4.4666666984558105
171904,4.31506872177124
172128,4.0789475440979
172320,4.193548202514648
172464,3.6111111640930176
172464,4.210526466369629
172480,3.4285714626312256
172720,4.913419723510742
173104,4.583333492279053
173152,3.2857143878936768
173440,4.019608020782471
173920,4.429530143737793
174016,4.508196830749512
174080,4.861111164093018
174128,4.871794700622559
174400,4.130434989929199
174432,3.7916667461395264
175296,4.363636493682861
175312,4.0740742683410645
175584,4.0
175840,4.94444465637207
176032,4.594594478607178
176304,1.6666666269302368
176544,4.384615421295166
176736,3.9610390663146973
177696,3.75
177712,4.7784810066223145
178528,4.70059871673584
178768,3.8235294818878174
179072,4.806451797485352
179152,4.475308418273926
180272,4.91189432144165
180288,3.9743590354919434
180496,4.385964870452881
180816,2.5
180960,4.199999809265137
180992,4.82608699798584
181008,4.458333492279053
181104,4.215686321258545
181152,4.350649356842041
181152,4.0
181312,4.836448669433594
181376,3.2962963581085205
181472,4.777777671813965
181632,4.670329570770264
181936,4.6875
182272,4.567901134490967
182528,4.066666603088379
183408,5.062111854553223
183888,4.42307710647583
184528,4.46842098236084
184704,4.0
185088,4.448818683624268
185456,2.5
185792,4.487179279327393
186080,4.736842155456543
186096,4.134615421295166
186096,4.890350818634033
186400,4.404761791229248
186448,3.28125
186512,5.046296119689941
186560,4.0
186784,1.8125
186880,4.166666507720947
186960,4.657142639160156
186992,4.42307710647583
187008,3.7878787517547607
187648,4.01298713684082
187936,4.137930870056152
188416,4.361701965332031
188928,4.5779218673706055
189056,4.666666507720947
190224,3.472222328186035
190256,3.5526316165924072
191120,4.693877696990967
191200,4.25
191312,4.973913192749023
191664,4.6391754150390625
192528,4.2727274894714355
192528,4.5535712242126465
192944,4.892704010009766
193360,3.8888888359069824
193504,4.6929826736450195
194080,4.635416507720947
194192,4.215686321258545
194336,4.625
194992,5.0
195024,4.453125
195264,4.545454502105713
195424,5.092592716217041
195648,4.23913049697876
196288,4.487179279327393
196656,4.557522296905518
197056,5.0
197392,3.870370388031006
197440,4.166666507720947
197456,3.297872304916382
197568,4.199999809265137
198256,5.112107753753662
198352,2.857142925262451
198592,5.0
199008,3.8888888359069824
199200,4.6747965812683105
199248,4.937107086181641
199488,4.684684753417969
199568,4.871794700622559
200272,3.470588207244873
200608,3.0
200688,4.619565010070801
201104,5.0625
201104,4.375
201248,4.705882549285889
201552,3.28125
202016,3.78723406791687
202080,4.916666507720947
202128,5.094339847564697
202592,4.615384578704834
202736,3.700000047683716
202992,4.44444465637207
203200,3.675675630569458
203504,4.615384578704834
203648,3.5897436141967773
203760,4.255319118499756
204208,4.818181991577148
204256,4.779735565185547
204528,4.126984119415283
204672,4.636363506317139
204944,3.9189188480377197
205040,4.279069900512695
205472,4.620370388031006
206096,5.128205299377441
206736,4.634146213531494
206864,4.357142925262451
206896,4.406779766082764
207552,5.155038833618164
207744,4.706896781921387
208080,4.2727274894714355
208224,4.583333492279053
208352,3.7837836742401123
208528,4.813084125518799
208944,3.75
209056,4.6315789222717285
209248,4.351851940155029
209344,4.583333492279053
209696,3.632652997970581
210496,3.9787232875823975
211760,4.628571510314941
211776,3.615384578704834
212096,4.73154354095459
212736,4.556962013244629
214192,4.777777671813965
214480,4.0
214848,4.8905110359191895
214992,4.8275861740112305
215056,4.623655796051025
215696,4.102564334869385
215808,4.5
215808,3.28125
215872,4.410256385803223
216112,4.752475261688232
216480,3.146341562271118
216928,4.651162624359131
218032,5.053191661834717
218752,4.449339389801025
219072,4.855072498321533
219200,4.651162624359131
219712,4.691056728363037
220496,4.814815044403076
220784,3.648648738861084
220976,4.215686321258545
221856,4.44444465637207
222176,4.303921699523926
222592,4.8214287757873535
222960,4.956140518188477
223296,4.594594478607178
224096,4.94252872467041
224368,4.675324440002441
224528,4.894067764282227
224960,4.611570358276367
225536,3.222222328186035
225728,4.468085289001465
226512,4.5714287757873535
226768,4.53125
227488,4.403100967407227
227520,5.0
227856,3.6363637447357178
228096,4.6052632331848145
228368,4.814815044403076
228672,4.449438095092773
229536,4.75
230336,4.887387275695801
230384,4.97925329208374
230832,4.596774101257324
230976,4.774774551391602
231168,4.270833492279053
231344,4.435483932495117
231536,4.32692289352417
231728,4.558823585510254
232000,4.44444465637207
232656,4.298245429992676
232800,4.34782600402832
232912,4.803493499755859
233360,2.3333332538604736
233968,2.9696969985961914
234000,4.818181991577148
234208,4.84375
234416,5.164834976196289
234624,5.0
234848,4.532608509063721
234912,4.137930870056152
236000,5.078534126281738
236800,5.0
237184,4.0204081535339355
238128,5.029239654541016
238272,4.300000190734863
238432,5.084388256072998
238544,4.969325065612793
239520,4.415584564208984
240064,4.754901885986328
240208,4.1489362716674805
240496,4.96875
240896,3.5098040103912354
241136,5.0
241328,4.230769157409668
241920,4.897959232330322
242272,4.5714287757873535
242352,4.629629611968994
242944,5.029239654541016
243776,5.161290168762207
243856,4.948979377746582
244032,5.063024997711182
244880,4.318181991577148
245392,4.7959184646606445
245728,4.637681007385254
245904,4.655172348022461
246048,4.1891889572143555
246096,5.1260504722595215
246128,4.877048969268799
246256,4.814815044403076
246432,4.848484992980957
246512,5.092391490936279
246704,4.368932247161865
246752,5.0
246992,4.0789475440979
247248,4.661016941070557
247280,4.863013744354248
247600,5.107758522033691
248512,4.840425491333008
249584,5.129032135009766
249920,2.3333332538604736
250080,5.180180072784424
250336,5.08849573135376
250992,3.5106382369995117
251504,4.961538314819336
251648,5.171428680419922
252208,4.418604850769043
252480,4.8913044929504395
252544,5.030674934387207
253120,5.0
253312,5.0
253328,5.1339287757873535
253840,4.900990009307861
254352,5.0
254720,5.0
254832,5.044642925262451
255008,4.44444465637207
255184,5.170212745666504
255424,4.92307710647583
255856,4.892473220825195
257168,5.232558250427246
258272,4.791999816894531
258864,5.152838230133057
259152,4.2477874755859375
260240,4.736842155456543
260288,5.472103118896484
260304,4.577464580535889
260528,4.102564334869385
260608,5.403726577758789
260944,5.210843563079834
262000,5.190476417541504
262176,4.761904716491699
262496,4.642857074737549
263600,5.134408473968506
263840,5.450643539428711
264016,5.217391490936279
264880,4.42307710647583
265104,5.273972511291504
265152,5.0
265872,4.519230842590332
265904,4.84375
266048,4.181818008422852
266128,5.076335906982422
266144,5.198237895965576
266720,4.761904716491699
266736,4.523809432983398
266816,4.865546226501465
266992,5.090909004211426
267136,3.470588207244873
267536,4.204545497894287
267744,4.333333492279053
267776,3.8541667461395264
268000,5.083333492279053
268016,4.935897350311279
268432,4.610526084899902
269088,5.285714149475098
269184,5.2727274894714355
269472,4.359375
270032,5.333333492279053
270112,4.649122714996338
270608,4.4285712242126465
270752,5.323529243469238
270880,4.255319118499756
271584,4.666666507720947
271616,5.115606784820557
272080,5.0
273200,4.220338821411133
273392,3.114285707473755
273408,2.942857027053833
274096,4.6875
274544,5.3947367668151855
274960,5.431034564971924
275472,5.616113662719727
276016,5.220125675201416
276160,3.962264060974121
276512,4.351851940155029
276736,4.204545497894287
277088,5.274725437164307
277360,4.922705173492432
277552,5.279502868652344
277920,5.11904764175415
278112,5.2727274894714355
278400,5.107913494110107
278528,5.128205299377441
278608,5.106382846832275
278960,1.6956521272659302
279104,3.5
279424,5.0757575035095215
279584,5.0
279760,4.897959232330322
280336,3.8888888359069824
280448,5.104166507720947
280736,5.370370388031006
281040,5.056818008422852
281056,5.615942001342773
281152,5.535714149475098
281728,4.878048896789551
282080,5.0
282544,5.570776462554932
282640,5.347222328186035
282992,5.2848100662231445
283216,4.0
283824,4.411764621734619
284224,4.447368621826172
285072,4.599999904632568
285184,5.208333492279053
285248,5.494505405426025
287104,4.878048896789551
288448,5.612245082855225
288560,5.405405521392822
288672,5.205479621887207
290000,3.085714340209961
290448,4.716980934143066
291680,5.539215564727783
291728,5.1271185874938965
292192,5.420353889465332
292816,5.77142858505249
293712,5.566037654876709
293728,5.089285850524902
293920,5.404411792755127
293936,5.21875
294352,5.2906975746154785
294464,4.98305082321167
294752,5.099999904632568
295632,5.092592716217041
295920,5.403225898742676
296320,5.245901584625244
296320,3.690476179122925
296432,5.615384578704834
297184,5.384615421295166
297216,5.424107074737549
297680,4.86904764175415
297744,5.777777671813965
298064,4.487179279327393
298784,5.84782600402832
298784,4.777777671813965
298864,5.210526466369629
298880,5.534591197967529
299088,5.11494255065918
299792,5.0
300096,4.8739495277404785
300112,5.0
300208,4.674698829650879
300640,5.753424644470215
300832,5.4666666984558105
301680,5.527950286865234
302112,5.863636493682861
302144,4.910714149475098
302416,5.765305995941162
302912,5.116279125213623
302944,5.599999904632568
303712,5.52197790145874
304016,5.0
304368,3.25
304992,6.0
305024,5.4012346267700195
306448,5.389908313751221
306448,5.659090995788574
306688,4.204545497894287
306880,5.602409839630127
307664,5.4268293380737305
307776,5.7207207679748535
307824,4.764705657958984
308080,5.683229923248291
308208,5.9151787757873535
309712,5.196850299835205
310224,5.2808990478515625
310448,5.1315789222717285
310736,6.1016950607299805
311072,4.2727274894714355
311408,5.774336338043213
312832,5.55555534362793
313152,5.714285850524902
313712,5.648148059844971
313952,5.9347825050354
314096,5.770925045013428
314144,3.4782607555389404
314448,5.288888931274414
314560,5.376344203948975
314608,5.8734941482543945
314784,4.615384578704834
315056,5.726872444152832
315280,3.91304349899292
316640,5.238095283508301
316912,6.017315864562988
317456,5.6479997634887695
317664,5.389610290527344
318560,5.4285712242126465
318576,4.358974456787109
319376,4.7959184646606445
319552,5.9392266273498535
319856,5.733333110809326
320144,5.792683124542236
320512,5.117647171020508
321696,5.714285850524902
322144,5.654761791229248
323008,5.890410900115967
323216,5.7207207679748535
323504,5.476190567016602
323584,4.8214287757873535
323776,5.949367046356201
324480,4.94505500793457
324704,5.849056720733643
324720,5.833333492279053
326176,5.844444274902344
326336,5.786163330078125
326464,4.523809432983398
327168,5.42168664932251
328032,5.30927848815918
328320,5.939393997192383
328448,5.840517044067383
329376,6.0625
329376,6.035242080688477
329664,4.833333492279053
330064,5.135135173797607
331440,6.032608509063721
331440,6.031745910644531
331552,6.017699241638184
332144,5.882352828979492
332736,5.481927871704102
332880,6.150442600250244
333008,6.106194496154785
333104,6.120689868927002
333152,5.773809432983398
333840,6.145833492279053
334912,5.659090995788574
335408,5.517241477966309
335648,5.789473533630371
336048,5.304878234863281
336320,5.9798994064331055
336656,6.060606002807617
336688,6.143497943878174
336784,5.935483932495117
337168,5.596330165863037
338224,6.621621608734131
338320,6.157205104827881
338464,6.012269973754883
339472,5.181818008422852
339616,6.195652008056641
340448,4.886363506317139
341776,4.145454406738281
341840,5.714285850524902
342160,5.874439239501953
342864,6.021505355834961
343888,5.232558250427246
344016,5.980861186981201
344448,6.144578456878662
344560,6.331360816955566
344768,6.538461685180664
344912,5.798816680908203
345168,6.7272725105285645
345472,6.141975402832031
345488,6.745689868927002
345904,6.211453914642334
346080,6.409090995788574
346880,5.357142925262451
347744,3.6363637447357178
348064,6.46875
348128,6.422018527984619
348176,5.133333206176758
348736,5.2272725105285645
349824,5.784313678741455
351088,6.651376247406006
351392,6.651982307434082
351728,5.652631759643555
351936,6.343612194061279
351984,6.643835544586182
352832,6.573033809661865
353216,6.7906975746154785
354224,1.8125
355232,6.349557399749756
355264,4.878048896789551
355520,6.818181991577148
356064,6.638418197631836
357248,6.486486434936523
357280,6.260563373565674
358112,5.098039150238037
358160,6.55555534362793
358864,7.013274192810059
359264,5.1086955070495605
360400,6.258992671966553
360576,6.5158371925354
360592,6.696035385131836
361760,3.472222328186035
362128,5.660377502441406
362464,6.681416034698486
362480,6.454545497894287
362768,7.117116928100586
362944,5.68493127822876
364208,6.494845390319824
365088,6.851851940155029
365104,5.892857074737549
365728,6.819672107696533
366432,5.384615421295166
366544,6.8526787757873535
366800,6.909090995788574
368464,6.809523582458496
368752,6.651785850524902
369248,7.123287677764893
369648,6.503759384155273
369664,6.926605701446533
370592,6.834862232208252
370656,6.119402885437012
370784,7.004608154296875
370784,5.0724639892578125
371760,7.229729652404785
371984,5.670731544494629
372016,6.453488349914551
372784,5.306122303009033
373504,7.004608154296875
373840,7.0
374304,6.455696105957031
374464,6.759825229644775
374576,6.681034564971924
374832,5.384615421295166
374960,6.97777795791626
375072,6.849315166473389
376064,6.257861614227295
376432,6.832298278808594
376640,6.228070259094238
377888,6.457398891448975
378000,6.431818008422852
378544,6.726457595825195
379040,6.04938268661499
379168,6.033519744873047
379568,6.941747665405273
379856,5.55555534362793
379888,1.0
381872,6.452991485595703
381952,6.592920303344727
382576,6.7727274894714355
382960,1.0
383760,5.306122303009033
384832,5.980391979217529
385008,6.457398891448975
385248,6.330316543579102
385648,6.4347825050354
386512,6.261261463165283
387216,5.568181991577148
387296,5.8214287757873535
387840,6.180124282836914
387888,6.554878234863281
389072,6.299559593200684
389664,6.123348236083984
389920,6.278538703918457
390704,6.3364057540893555
392272,5.954545497894287
392544,6.012269973754883
392832,5.681818008422852
393024,6.327160358428955
393744,5.405405521392822
394112,6.418919086456299
394864,6.590909004211426
394896,6.284152984619141
395008,5.636363506317139
395600,5.8125
395728,6.3008131980896
395888,4.962963104248047
396112,5.81632661819458
396896,6.18055534362793
397616,5.113636493682861
398416,6.621004581451416
399760,5.991189479827881
400496,5.217391490936279
401648,6.011904716491699
401824,6.090909004211426
402160,6.5418500900268555
402240,6.0714287757873535
402736,5.714285850524902
403280,2.9696969985961914
403280,6.278538703918457
404176,5.714285850524902
404288,6.228070259094238
404848,6.299559593200684
405344,6.4347825050354
406112,6.358024597167969
406912,6.238937854766846
406976,5.543478488922119
407504,5.920000076293945
407712,6.431818008422852
407808,6.17511510848999
408512,6.007604598999023
408976,5.876288890838623
409520,6.355555534362793
410464,6.03125
411488,6.1086955070495605
411664,5.714285850524902
412128,6.400000095367432
412256,5.4193549156188965
413152,4.864864826202393
413488,6.024844646453857
413568,5.55555534362793
414128,6.0714287757873535
414944,6.681614398956299
415072,6.143497943878174
415248,4.637681007385254
415632,5.199999809265137
415632,6.199999809265137
415696,6.261261463165283
416416,5.833333492279053
416672,6.161616325378418
416784,6.411764621734619
418000,6.122448921203613
418656,6.52466344833374
419152,6.3255815505981445
419232,6.316964149475098
419328,5.7317070960998535
419744,4.901960849761963
420080,4.1086955070495605
420704,5.764705657958984
421680,5.69444465637207
421712,6.384181022644043
421824,6.222222328186035
422208,6.666666507720947
423056,5.384615421295166
423360,3.277777671813965
424272,6.034482955932617
424992,6.636363506317139
426432,5.422535419464111
426832,6.044444561004639
426960,5.868263244628906
426992,5.888888835906982
427536,6.972476959228516
429456,6.0130720138549805
429488,6.0
429920,6.290322780609131
430416,6.545454502105713
430576,6.666666507720947
431088,5.802469253540039
431136,6.3839287757873535
431360,6.0775861740112305
431504,6.714285850524902
432128,5.0
432432,5.721739292144775
432512,6.459627151489258
433232,3.5714285373687744
433632,6.128205299377441
434096,6.592920303344727
434496,6.602870941162109
434592,6.559633255004883
434976,6.5401787757873535
435376,6.106194496154785
435632,6.358024597167969
435744,6.488888740539551
435856,6.5740742683410645
436000,6.351351261138916
436208,6.396396160125732
436928,5.9375
437904,6.792452812194824
438832,6.6477274894714355
439568,6.265431880950928
439584,6.013513565063477
439728,6.712328910827637
440432,6.5198235511779785
440496,6.301774978637695
440928,6.517857074737549
441216,3.5227272510528564
441904,6.387434482574463
442880,6.615044116973877
443232,6.5198235511779785
443680,6.4851484298706055
444544,6.542553424835205
445840,5.542253494262695
446320,6.285046577453613
447184,6.006097793579102
447264,6.348837375640869
447952,6.424050807952881
448000,5.9210524559021
448048,6.16740083694458
449664,5.603448390960693
449824,5.5789475440979
450144,5.581395149230957
450304,6.484018325805664
450816,5.44444465637207
451008,5.465116500854492
451520,6.415929317474365
451584,6.457398891448975
452496,6.278538703918457
453088,6.222222328186035
453232,6.126126289367676
455232,6.3122172355651855
455296,5.883720874786377
455584,6.5740742683410645
456128,6.243386268615723
456624,5.2727274894714355
457024,6.066666603088379
457360,6.025640964508057
458032,6.3612565994262695
458624,5.971222877502441
458736,5.438596725463867
458928,6.458333492279053
458992,6.15217399597168
459152,6.1160712242126465
459184,4.411764621734619
459424,6.074561595916748
459696,6.261261463165283
459840,4.6052632331848145
460192,6.058558464050293
460304,5.0724639892578125
461712,5.862069129943848
462592,6.049107074737549
462688,5.3086419105529785
463312,5.9375
463424,6.293103218078613
464816,5.886075973510742
465040,3.1818182468414307
465248,6.2272725105285645
465648,6.160714149475098
466048,6.2093024253845215
466448,4.651162624359131
466496,6.200873374938965
467664,6.314554214477539
470416,5.4347825050354
471120,6.271929740905762
471456,6.007462501525879
471488,6.059907913208008
471744,5.923566818237305
471984,5.952381134033203
472928,6.25
473152,6.058823585510254
473360,6.491228103637695
473680,5.454545497894287
473744,6.28125
474992,6.318181991577148
475056,6.261062145233154
475136,5.72580623626709
475232,5.65217399597168
475248,6.431717872619629
475504,6.712328910827637
475648,3.095238208770752
475920,5.243902206420898
476384,6.5853657722473145
476544,6.400000095367432
477328,6.269841194152832
478016,6.471861362457275
478432,6.465116500854492
478704,6.6891889572143555
479792,6.231884002685547
479904,6.803652763366699
481776,6.398809432983398
483216,6.839827060699463
483552,6.868686676025391
483664,5.523255825042725
484528,6.666666507720947
484608,6.278027057647705
484800,6.415929317474365
485184,6.650943279266357
485728,3.6363637447357178
486400,6.483333110809326
486816,6.941964149475098
486832,5.449999809265137
487408,6.266094207763672
487760,1.0
487936,5.876288890838623
488464,4.84375
490000,6.335403919219971
490976,6.216814041137695
491136,6.457398891448975
491792,6.418604850769043
492160,6.5227274894714355
492768,6.153846263885498
492880,4.375
493088,4.965517044067383
493168,5.32608699798584
493680,5.4464287757873535
493760,6.25
494672,6.045454502105713
495344,6.334841728210449
495632,5.625
498016,5.438596725463867
498368,5.783132553100586
498560,6.415524959564209
498608,6.238937854766846
499216,5.086206912994385
499312,5.535714149475098
499312,6.034482955932617
499552,6.311110973358154
499648,5.568181991577148
499760,6.461187362670898
499904,6.188340663909912
500832,5.677083492279053
502032,6.25
502976,6.300448417663574
503184,5.930232524871826
503328,6.037735939025879
503664,6.375
503856,6.1777777671813965
504032,6.160714149475098
504928,4.854545593261719
505568,6.0542168617248535
505920,5.6626505851745605
506112,5.890410900115967
506384,6.306818008422852
506768,6.1016950607299805
508176,5.360360145568848
508528,5.754716873168945
508592,6.302521228790283
508656,6.139240741729736
509584,6.1777777671813965
509696,6.394230842590332
510576,5.636363506317139
510896,5.964912414550781
511248,5.636363506317139
511392,5.909090995788574
511840,5.986842155456543
512448,5.964125633239746
513152,6.126126289367676
513344,6.146789073944092
514208,5.929203510284424
514208,5.263157844543457
514720,5.588235378265381
514816,6.1936936378479
515088,6.130434989929199
515104,6.333333492279053
515952,5.833333492279053
516720,4.0
517344,5.232558250427246
517552,5.900900840759277
517664,6.0
518064,6.25
518288,5.258620738983154
518688,5.829596519470215
518992,1.8125
519056,5.591397762298584
519472,5.848623752593994
519600,5.1785712242126465
520176,5.33707857131958
520624,5.275862216949463
520688,6.135371208190918
521136,6.085106372833252
521920,5.833333492279053
522928,6.173469543457031
523184,5.511811256408691
524672,5.266666889190674
525232,5.842696666717529
526640,5.950920104980469
526688,6.409090995788574
528048,6.063348293304443
528368,6.216814041137695
529632,5.346534729003906
529984,5.862832069396973
530640,5.993788719177246
530688,5.142857074737549
530976,6.5570173263549805
531952,5.714285850524902
531952,5.57692289352417
532800,6.363636493682861
532912,6.15217399597168
533408,5.294117450714111
534576,5.705521583557129
534928,5.714285850524902
535616,6.340909004211426
535808,5.526315689086914
536192,5.815950870513916
536800,6.244444370269775
537008,5.930232524871826
537040,5.4639177322387695
537696,5.837209224700928
538544,5.625
538576,6.475770950317383
538960,5.950413227081299
539072,5.952381134033203
539232,6.397515296936035
539360,5.723684310913086
540000,5.709876537322998
541632,6.133333206176758
542240,6.098654747009277
542560,6.026785850524902
542848,6.186440467834473
542896,6.307339668273926
542944,5.8071746826171875
543440,5.747663497924805
543584,5.783132553100586
544480,6.330275058746338
544560,5.666666507720947
544816,5.294117450714111
545152,4.8684210777282715
546416,6.509008884429932
547280,5.857988357543945
548496,6.102941036224365
548784,6.404761791229248
548928,6.363636493682861
549568,6.450216293334961
549600,5.400000095367432
549680,6.25
549712,6.066666603088379
550000,5.378787994384766
550048,1.8125
551168,5.808080673217773
551200,2.6315789222717285
551232,6.720183372497559
551552,6.25
554064,5.941176414489746
554112,6.454545497894287
554320,2.1052632331848145
555024,5.116279125213623
555344,6.365740776062012
555568,6.451612949371338
555712,6.425438404083252
555728,6.387665271759033
555760,5.904761791229248
556000,2.2941176891326904
556640,6.351351261138916
556704,5.647058963775635
557136,5.823529243469238
557536,6.025640964508057
558288,6.5
560176,6.590909004211426
560880,4.693877696990967
561184,6.40350866317749
561648,6.613636493682861
563264,6.355555534362793
563456,5.964912414550781
563568,6.490683078765869
563760,6.3215861320495605
564528,6.441441535949707
564816,5.632184028625488
565136,6.267605781555176
565168,6.415524959564209
566112,6.359447002410889
566160,6.335403919219971
566352,5.706521511077881
568096,6.396396160125732
568832,5.733333110809326
569792,6.238937854766846
570000,6.436781406402588
571888,6.063348293304443
572128,6.50602388381958
572304,4.910714149475098
572528,5.094339847564697
573472,6.462882041931152
574960,5.921985626220703
575616,6.289308071136475
576160,6.371681213378906
576368,6.188340663909912
576400,6.257309913635254
577520,6.008968830108643
578032,3.8709676265716553
578304,6.266666889190674
578480,6.484018325805664
579152,5.362318992614746
580368,6.140350818634033
580592,6.068181991577148
581136,6.495535850524902
581792,5.760368824005127
582448,5.043478488922119
582848,6.441441535949707
583264,5.833333492279053
583488,6.163522243499756
583856,5.802469253540039
583920,6.561086177825928
583952,6.314554214477539
584288,6.120689868927002
585376,6.082802772521973
585968,6.529680252075195
587056,3.9215686321258545
587216,6.6306304931640625
587248,6.205882549285889
587600,6.3215861320495605
587920,6.165919303894043
587984,6.6086955070495605
588112,6.278538703918457
589232,5.833333492279053
589488,6.255707740783691
589696,4.883720874786377
590256,6.6137566566467285
590512,6.052631378173828
591120,5.660377502441406
592848,7.02222204208374
593120,6.460176944732666
593376,6.2443437576293945
593504,6.230337142944336
594496,6.3125
594784,6.425438404083252
594848,6.168674468994141
595072,6.830357074737549
595472,6.474654197692871
595696,6.575342655181885
595920,5.780701637268066
596704,6.520737171173096
596976,6.719576835632324
597376,6.037735939025879
597808,6.504424571990967
597888,6.7477874755859375
598080,1.8125
598352,7.0720720291137695
598976,1.0
599536,6.355555534362793
600928,6.108597278594971
600960,1.0
601264,5.517241477966309
601280,1.0
601392,6.666666507720947
601552,6.203703880310059
601616,1.0
602448,5.82191801071167
602704,6.358024597167969
602880,1.0
603632,4.782608509063721
603696,6.591928482055664
603952,1.0
604032,6.328828811645508
604112,5.769230842590332
604128,6.273292064666748
604608,6.2844038009643555
604928,1.0
605520,6.5333333015441895
606928,4.8684210777282715
607648,6.319018363952637
608352,6.136363506317139
608848,6.473214149475098
608912,6.4285712242126465
609232,6.351351261138916
609776,1.4500000476837158
610144,6.402714729309082
610464,1.0
610688,5.761904716491699
612352,5.701754570007324
612912,6.234568119049072
613008,5.222222328186035
613104,6.140350818634033
613296,1.6956521272659302
614048,6.547085285186768
614208,6.294642925262451
614336,6.16292142868042
614352,6.347032070159912
614656,5.9375
615296,6.120689868927002
615472,6.017699241638184
616288,6.834862232208252
616304,5.645161151885986
616400,5.744680881500244
616800,6.409090995788574
617792,6.9730939865112305
617856,6.757990837097168
618048,6.5401787757873535
618144,6.589861869812012
618768,6.419753074645996
619328,6.782608509063721
619680,6.355932235717773
620784,6.517857074737549
622112,6.7889909744262695
622240,6.666666507720947
623920,6.6489362716674805
624768,4.711538314819336
624864,6.60606050491333
624864,6.712328910827637
625840,5.666666507720947
626096,5.9146342277526855
626832,6.785714149475098
627856,6.25
627856,4.8214287757873535
628096,1.8095238208770752
628640,6.173708915710449
629568,5.087719440460205
629888,6.687116622924805
630352,6.558139324188232
630720,5.0
631104,6.349206447601318
631472,6.755555629730225
631872,6.765957355499268
632096,6.196319103240967
633472,6.412556171417236
634400,6.844444274902344
634640,6.545454502105713
634832,6.44444465637207
635072,6.607142925262451
635152,5.490196228027344
636128,6.25
637024,6.561086177825928
637552,6.697247505187988
637952,6.564417362213135
638080,6.858407020568848
638128,6.223076820373535
638176,6.386363506317139
638544,6.342592716217041
639280,6.203703880310059
639456,6.4782609939575195
640080,6.49779748916626
640608,6.297872543334961
640880,6.1016950607299805
642176,6.2723212242126465
642272,5.526315689086914
643472,6.504424571990967
644272,6.438053131103516
644768,6.211180210113525
644944,6.204819202423096
645152,6.399082660675049
647632,5.625
647696,5.0
647840,6.441441535949707
647872,6.777777671813965
648400,5.957446575164795
648544,6.517857074737549
648704,6.074766159057617
648896,5.5
649040,5.7971014976501465
649056,6.359649181365967
649664,6.621621608734131
650192,6.343283653259277
651408,6.036036014556885
651504,6.238937854766846
651648,3.375
652000,6.2276787757873535
652288,5.0
652384,6.272189140319824
652880,6.263736248016357
653280,5.2727274894714355
655184,6.5625
655280,6.504424571990967
655456,6.526946067810059
655712,6.183035850524902
655712,6.543778896331787
655984,6.425339221954346
657520,5.0
657584,5.538461685180664
657856,6.282722473144531
658160,6.036866188049316
658656,6.084656238555908
658672,6.121212005615234
659104,6.4349775314331055
659536,5.9259257316589355
660096,6.402439117431641
661152,6.418919086456299
661600,6.359447002410889
662400,6.25
662736,6.504424571990967
665248,6.019108295440674
665568,2.2941176891326904
665680,1.8125
665696,5.972850799560547
666304,6.148648738861084
666416,5.855855941772461
666832,6.0542168617248535
666848,5.275229454040527
666880,6.21004581451416
668096,6.090909004211426
668192,5.061728477478027
668336,6.219511985778809
668592,6.16740083694458
668976,4.711538314819336
669552,6.013216018676758
669840,6.1160712242126465
670096,6.091702938079834
671488,5.163934230804443
671584,6.021505355834961
671648,6.085972785949707
672512,5.818181991577148
672928,6.233183860778809
673376,6.0227274894714355
673408,6.205357074737549
673984,6.2723212242126465
674000,6.355555534362793
674336,5.0
674448,6.299559593200684
675712,5.982658863067627
675952,6.502242088317871
677648,6.030150890350342
677808,6.400862216949463
678576,6.238937854766846
679344,6.196319103240967
679712,6.44444465637207
679984,6.438356399536133
680384,6.563981056213379
680464,6.25
680848,6.03125
681248,6.712328910827637
681360,6.6289591789245605
681968,5.769230842590332
682160,6.36771297454834
682432,6.414414405822754
682576,6.688596725463867
682928,7.130044937133789
683264,5.75
683776,6.620879173278809
684288,6.976744174957275
685344,6.677215099334717
685456,6.820276260375977
687200,6.49779748916626
687680,6.1016950607299805
688656,6.353590965270996
689056,6.4285712242126465
689648,6.142857074737549
689696,6.148717880249023
690272,6.872246742248535
690288,1.0
690368,6.450216293334961
690480,6.443965435028076
690816,6.755555629730225
690960,6.4485979080200195
692000,4.545454502105713
692320,6.503067493438721
692416,6.162790775299072
693104,6.0
693216,6.1742424964904785
693344,5.0
694368,6.511627674102783
694704,5.5
694768,6.719457149505615
695520,6.229508399963379
695712,6.25
696192,6.1875
696672,6.357466220855713
698160,5.342465877532959
698544,4.864864826202393
698912,3.9473683834075928
699584,5.55555534362793
700256,5.958083629608154
700464,6.345291614532471
701104,6.008968830108643
701248,4.907407283782959
701344,6.361701965332031
701712,6.3122172355651855
702592,6.157205104827881
702912,1.0
703104,6.3242011070251465
703680,6.197183132171631
704000,1.0
704224,6.172839641571045
704704,6.201298713684082
704912,6.171171188354492
705200,6.118012428283691
705280,6.08695650100708
706032,5.882352828979492
706240,6.352201461791992
706320,5.92391300201416
706448,6.133333206176758
706464,6.238532066345215
706544,6.283185958862305
706848,6.993865013122559
707552,6.425339221954346
707584,6.024096488952637
708304,6.712328910827637
709856,6.146789073944092
710368,6.325301170349121
710736,1.7647058963775635
711072,6.28125
711120,6.681614398956299
712016,6.465517044067383
712688,6.552794933319092
713424,6.621621608734131
714192,6.451612949371338
715040,6.7272725105285645
715136,6.491228103637695
715440,5.977011680603027
716144,6.912442207336426
716688,6.666666507720947
716992,7.027027130126953
718096,6.3586955070495605
718432,5.744680881500244
718448,6.179775238037109
718960,6.803652763366699
718992,6.65919303894043
719664,6.7889909744262695
721072,6.511627674102783
721568,6.329113960266113
721920,7.342342376708984
722896,6.548672676086426
723232,6.807511806488037
724224,6.568181991577148
724384,5.961538314819336
724752,6.681222915649414
726192,6.552511215209961
726432,6.836283206939697
726752,6.857798099517822
727536,6.280488014221191
727952,6.551723957061768
728048,5.526315689086914
728544,7.008733749389648
729616,6.467889785766602
730144,6.583710193634033
730320,6.40625
731168,6.484018325805664
731456,6.3473052978515625
731776,1.0
732240,6.456692695617676
732688,5.638298034667969
733248,1.8125
733664,6.666666507720947
734064,5.5
734288,6.107594966888428
735008,5.120481967926025
736048,6.235955238342285
736288,6.400862216949463
736544,5.111111164093018
737136,4.782608509063721
737968,6.168478488922119
738736,6.261062145233154
739104,6.477987289428711
740608,5.128205299377441
740720,6.614349842071533
741072,6.844444274902344
741632,5.612245082855225
742288,6.513761520385742
743200,6.726457595825195
743600,7.139639854431152
744032,6.690140724182129
744592,6.303317546844482
744768,6.422018527984619
745552,6.6315789222717285
746320,6.410256385803223
746416,6.5625
746592,6.652360439300537
747296,6.621004581451416
747920,6.666666507720947
749184,6.470588207244873
749344,6.199999809265137
749920,6.513761520385742
751024,4.032258033752441
751232,6.40350866317749
751760,6.473214149475098
751808,6.411043167114258
751904,5.350877285003662
752832,6.473214149475098
753584,6.467889785766602
754816,6.412556171417236
755632,6.325966835021973
756160,6.583850860595703
756352,6.872146129608154
759216,6.502242088317871
759664,6.533019065856934
759744,6.457398891448975
759840,6.645962715148926
760128,6.651162624359131
760224,6.136363506317139
761472,6.351351261138916
761728,6.742081642150879
762432,6.612903118133545
763168,5.955056190490723
763264,5.196078300476074
763392,6.470588207244873
763904,6.238532066345215
763968,3.6857142448425293
764288,6.34782600402832
764576,6.40625
765744,5.875
766704,6.666666507720947
766832,6.351351261138916
766896,6.328828811645508
767536,6.25
767808,6.475770950317383
768368,6.106194496154785
768912,6.160714149475098
769072,6.08695650100708
769344,6.2723212242126465
770304,6.607142925262451
772128,5.2272725105285645
773136,6.1936936378479
773392,5.102040767669678
773824,6.294642925262451
774016,6.181818008422852
774048,6.137339115142822
774352,5.2419352531433105
776176,6.2672810554504395
776960,5.984848499298096
777072,6.004366874694824
777424,6.294642925262451
777488,5.802469253540039
777952,6.2276787757873535
778000,6.0233917236328125
778160,5.5789475440979
778304,3.5365853309631348
779376,5.340909004211426
779600,5.865921974182129
780080,5.745341777801514
780224,5.786163330078125
781120,6.028571605682373
781584,5.098039150238037
781904,5.0
782384,5.121951103210449
782432,5.849056720733643
782480,5.990991115570068
782800,5.84375
783344,5.828402519226074
784160,5.47169828414917
784592,5.353535175323486
784960,4.901960849761963
785168,4.758620738983154
785760,5.5050506591796875
785888,4.897959232330322
787712,5.891472816467285
788608,6.035242080688477
788672,5.966850757598877
788976,6.1187214851379395
789024,6.266968250274658
789904,6.009615421295166
790608,1.8125
791248,6.379310131072998
791552,5.681818008422852
792272,6.011904716491699
792800,6.055046081542969
792976,5.880503177642822
793712,3.5
794496,6.059907913208008
795152,5.238095283508301
795696,6.061946868896484
795840,6.216216087341309
796208,6.0714287757873535
796336,6.5227274894714355
796656,6.111111164093018
797120,6.223021507263184
797232,6.552511215209961
797616,6.091954231262207
798016,6.0
798496,6.3537116050720215
798528,5.862069129943848
798672,6.261261463165283
798688,6.75
799552,6.233183860778809
799952,6.374407768249512
800768,6.035242080688477
800912,5.773809432983398
801216,6.2723212242126465
801232,6.355555534362793
801312,5.102040767669678
802048,6.289592742919922
802160,5.862832069396973
802448,6.335403919219971
802768,5.517241477966309
803584,5.730337142944336
806080,5.485074520111084
806352,5.42553186416626
806528,6.277533054351807
806800,6.199095249176025
806944,6.233333110809326
807216,6.050228118896484
807280,6.018099784851074
807872,5.638298034667969
808416,5.601851940155029
808480,5.954545497894287
809664,6.143497943878174
810784,6.037735939025879
810896,6.3973798751831055
811392,4.761904716491699
811760,6.126126289367676
812448,6.477987289428711
813376,6.341463565826416
814544,6.266666889190674
815728,6.644144058227539
816096,5.648148059844971
816736,6.399082660675049
816912,6.75
817904,5.409836292266846
819312,6.625
820480,6.5740742683410645
821472,6.809815883636475
821632,6.621004581451416
822208,1.6956521272659302
822528,2.1052632331848145
822576,6.736111164093018
822816,6.3242011070251465
822944,6.659292221069336
823136,5.913978576660156
824144,6.40350866317749
824768,6.863636493682861
824816,6.846847057342529
825136,6.575342655181885
825984,6.651162624359131
826032,6.484018325805664
826032,5.416666507720947
826480,6.545454502105713
826512,6.714285850524902
828352,5.657894611358643
828848,6.314285755157471
830992,6.2107625007629395
831152,6.081080913543701
831184,6.636363506317139
831248,6.696832656860352
831920,6.238738536834717
832336,6.564417362213135
832528,6.341463565826416
834640,6.259259223937988
834704,6.380090713500977
835600,6.475770950317383
838240,6.25
838416,6.2770562171936035
838960,5.813953399658203
839328,5.535714149475098
839440,6.307339668273926
839584,4.736842155456543
839840,6.024096488952637
840048,6.228070259094238
840848,6.2727274894714355
841904,6.152073860168457
843360,6.277777671813965
843360,5.81632661819458
843584,6.4347825050354
843616,6.599099159240723
844608,5.333333492279053
845296,6.422018527984619
845408,6.139534950256348
845456,6.2443437576293945
846800,6.189427375793457
846992,5.4285712242126465
847232,6.157205104827881
847248,5.636363506317139
847248,6.688596725463867
847504,5.116279125213623
847824,5.7317070960998535
848112,6.279761791229248
848512,5.256410121917725
850800,6.131221771240234
852176,5.843023300170898
852672,6.055046081542969
852768,6.3839287757873535
853568,6.2723212242126465
854112,6.176470756530762
854224,5.9151787757873535
854576,6.205357074737549
854848,6.098130702972412
855664,6.491228103637695
856112,6.425339221954346
856256,6.1210761070251465
856304,6.2727274894714355
856480,6.089108943939209
856688,5.889570713043213
857168,6.149068355560303
858368,6.061946868896484
858640,5.581395149230957
859184,6.301369667053223
859472,6.44444465637207
859488,6.063218593597412
859936,6.3537116050720215
860032,6.153846263885498
860240,6.244131565093994
861536,5.909090995788574
862672,5.869565010070801
863072,6.451612949371338
863680,6.0085835456848145
865296,5.736196517944336
865840,6.155555725097656
866560,5.9276018142700195
867120,4.418604850769043
867344,6.1936936378479
867376,5.73913049697876
867696,6.011904716491699
867920,6.073619842529297
867936,5.942857265472412
868448,5.964125633239746
869152,5.954198360443115
869584,5.956789970397949
870944,6.3839287757873535
871616,6.0217390060424805
871824,5.9954752922058105
872144,6.1086955070495605
872864,5.909090995788574
873152,5.96846866607666
873552,6.198630332946777
874912,5.458715438842773
875104,5.897435665130615
875232,5.891472816467285
875296,5.344827651977539
876064,5.591397762298584
876256,6.0194172859191895
876480,6.02222204208374
877328,5.982142925262451
877376,6.032110214233398
877552,5.639534950256348
877616,5.0
877744,5.762195110321045
877872,4.8255815505981445
878640,6.25
878784,5.535714149475098
880832,6.029411792755127
880960,6.502242088317871
881376,5.776397705078125
882048,5.990783214569092
883376,5.747126579284668
883472,6.098654747009277
883616,6.55555534362793
883936,5.802469253540039
884448,4.901960849761963
884576,6.266666889190674
884576,6.223176002502441
884816,6.238317966461182
884832,6.160714149475098
886112,6.232227325439453
886992,6.244444370269775
888144,5.956521511077881
888160,5.874439239501953
888160,5.91928243637085
888464,6.013216018676758
889600,6.333333492279053
889664,5.9954752922058105
890432,6.011560916900635
890688,6.043478488922119
891232,1.0
891264,5.878787994384766
891664,6.238532066345215
891936,6.412036895751953
892240,6.233766078948975
893232,6.148648738861084
893424,6.153846263885498
893792,5.94059419631958
894160,6.361111164093018
894528,5.870786666870117
894848,5.454545497894287
895184,6.081080913543701
895520,5.297618865966797
895552,5.639534950256348
895840,1.7272727489471436
896592,4.925373077392578
896672,5.639097690582275
897280,6.198156833648682
898192,5.535714149475098
898544,6.130434989929199
898672,5.82608699798584
898688,6.1016950607299805
899216,5.759493827819824
900144,6.842105388641357
900448,5.729166507720947
900880,6.160714149475098
901328,5.68493127822876
902224,5.882352828979492
902496,5.686274528503418
902720,5.813953399658203
903344,5.416666507720947
903840,5.0
904208,5.714285850524902
905264,6.153846263885498
905664,6.0514020919799805
906256,6.2727274894714355
906384,5.454545497894287
906416,5.985915660858154
906528,6.309523582458496
907520,6.310043811798096
907856,6.365638732910156
908144,5.094339847564697
908688,5.695364475250244
908944,5.990991115570068
909056,6.49350643157959
911280,6.601731777191162
911424,5.931676864624023
911440,5.681818008422852
911840,6.333333492279053
912064,6.288209438323975
912064,6.0
912256,6.357466220855713
913200,5.909090995788574
913904,6.052631378173828
914528,6.266666889190674
915472,6.261467933654785
915936,6.331877708435059
916656,6.040609359741211
917296,6.396396160125732
917456,6.380090713500977
917824,6.289592742919922
917920,5.57692289352417
918096,6.283783912658691
918560,6.356382846832275
918688,6.3212432861328125
919552,6.111111164093018
920352,6.369565010070801
920656,5.797872543334961
920672,5.930232524871826
920752,5.945945739746094
921392,6.103603839874268
921776,6.181818008422852
922192,6.415929317474365
923008,6.385281562805176
923200,5.917721748352051
924160,6.3255815505981445
925728,6.3063063621521
926112,6.396396160125732
926816,6.55555534362793
927760,6.2723212242126465
927952,6.339285850524902
928960,5.945945739746094
929328,6.339285850524902
929760,6.366459846496582
930032,5.69444465637207
930432,6.400000095367432
932416,5.196078300476074
932656,5.647058963775635
932960,6.517857074737549
933456,6.462766170501709
933472,6.4285712242126465
933696,6.5570173263549805
934208,6.3761467933654785
934784,6.294642925262451
935200,6.25
935856,6.369863033294678
936256,5.740740776062012
936272,6.377777576446533
936880,6.445086479187012
937024,6.171171188354492
937216,6.21004581451416
937456,6.206140518188477
939120,6.2443437576293945
939200,6.214953422546387
939440,6.425339221954346
939536,6.242424011230469
940016,6.108597278594971
940208,5.121951103210449
940656,5.666666507720947
940832,6.487069129943848
941328,6.143497943878174
941408,6.334841728210449
942032,6.221719264984131
942304,6.306818008422852
942688,6.3063063621521
943520,6.1210761070251465
943904,6.192660331726074
944176,6.1016950607299805
944592,6.244239807128906
944688,5.416666507720947
944976,6.351351261138916
944992,6.636771202087402
945168,5.491803169250488
945328,5.69444465637207
946800,6.503067493438721
947888,5.232558250427246
948864,6.2272725105285645
949264,6.473214149475098
949440,5.82191801071167
950480,6.528384208679199
950592,6.276595592498779
951280,6.4666666984558105
951456,6.554054260253906
951504,5.0
951536,6.07692289352417
951888,6.472392559051514
952032,6.6284403800964355
952272,6.0
955008,5.1587300300598145
955024,6.705882549285889
955056,6.763392925262451
955168,6.511627674102783
956560,6.517857074737549
956768,6.950672626495361
956960,6.801242351531982
957408,6.590909004211426
957472,6.787330150604248
958336,1.3809523582458496
960592,5.789473533630371
961168,6.3473052978515625
961392,6.294642925262451
961904,6.73423433303833
961968,6.592920303344727
962240,6.502242088317871
963360,6.259541988372803
964384,6.29807710647583
964480,6.400000095367432
964736,6.706586837768555
965632,6.6284403800964355
966928,6.613924026489258
966976,6.488888740539551
967072,6.234568119049072
967664,6.44444465637207
968192,6.322869777679443
968576,6.4349775314331055
969088,6.726457595825195
969248,6.666666507720947
970080,6.0
970560,6.547085285186768
971216,6.44444465637207
971632,5.989583492279053
972016,6.329787254333496
973792,6.4375
973904,6.972476959228516
974000,6.849315166473389
974704,6.53153133392334
974736,6.49350643157959
975200,6.666666507720947
975264,6.538461685180664
976080,1.8125
977456,7.039473533630371
977664,6.820175647735596
977824,6.529680252075195
978112,6.597222328186035
978272,6.56682014465332
978352,5.689655303955078
978656,6.441860675811768
978864,6.388888835906982
980208,6.681614398956299
981840,7.0720720291137695
981968,6.844444274902344
982368,6.607142925262451
983296,5.416666507720947
983696,6.433121204376221
984368,5.121951103210449
984528,6.52466344833374
984640,6.409090995788574
984976,6.313131332397461
985392,6.3122172355651855
985888,6.6149067878723145
986224,6.726457595825195
986592,6.674208164215088
987664,6.145374298095703
988544,6.242424011230469
988992,6.495535850524902
989360,6.620370388031006
990080,6.520737171173096
990272,6.644144058227539
991152,5.9259257316589355
991440,6.411043167114258
991520,6.462264060974121
991920,6.352201461791992
992336,6.504424571990967
992352,6.460176944732666
992544,5.872093200683594
992976,5.729166507720947
993360,5.429824352264404
993616,6.4772725105285645
994400,6.651376247406006
994720,6.460176944732666
995216,6.3872833251953125
995968,6.315789699554443
996000,6.343612194061279
997040,6.396396160125732
997120,6.538461685180664
997808,6.301369667053223
998032,6.422018527984619
998544,6.367521286010742
998640,6.313364028930664
999024,6.451612949371338
999104,6.1875
1000064,6.266666889190674
1000880,6.602564334869385
1001344,6.56050968170166
1001744,6.131221771240234
1002400,6.25
1002544,6.401869297027588
1002864,6.264367580413818
1003360,5.753424644470215
1004096,6.25550651550293
1004528,6.563876628875732
1004992,6.077981472015381
1005312,6.433121204376221
1005456,6.330471992492676
1006224,6.288888931274414
1006704,6.543210029602051
1006752,6.053811550140381
1007392,6.111111164093018
1007440,6.4375
1007936,6.012269973754883
1008624,5.753424644470215
1008640,6.5853657722473145
1009936,6.441860675811768
1011008,6.073619842529297
1011120,6.288888931274414
1012032,5.263157844543457
1012416,6.365638732910156
1012880,4.8684210777282715
1013520,6.3125
1013904,6.3215861320495605
1015056,5.492957592010498
1015488,6.30232572555542
1015504,6.674208164215088
1015744,6.484018325805664
1016032,6.333333492279053
1016064,5.967741966247559
1016096,6.375
1016544,6.2844038009643555
1016576,6.9819817543029785
1016880,5.199999809265137
1017056,6.232876777648926
1018320,6.46875
1018416,6.153846263885498
1019296,5.899280548095703
1019904,6.371681213378906
1020016,6.228070259094238
1020192,6.299559593200684
1020224,5.874439239501953
1020368,6.163522243499756
1020944,6.16564416885376
1021024,6.388888835906982
1021872,6.0
1023232,6.40350866317749
1023728,6.2727274894714355
1023936,6.148648738861084
1024128,5.833333492279053
1025136,6.483516693115234
1025312,6.25
1026816,6.4349775314331055
1027296,6.211453914642334
1027472,6.2272725105285645
1027680,5.98101282119751
1027920,5.771605014801025
1029440,6.196319103240967
1029872,6.543778896331787
1030960,6.266375541687012
1031344,5.818181991577148
1031712,5.57692289352417
1032096,5.93220329284668
1032128,6.527777671813965
1032368,6.035242080688477
1032752,5.0
1033280,6.412556171417236
1033376,6.467889785766602
1033568,6.474359035491943
1034256,6.591928482055664
1034464,6.621621608734131
1035648,6.334841728210449
1035728,6.148648738861084
1036304,5.294117450714111
1036992,6.079812049865723
1037104,6.3125
1038800,6.596858501434326
1038816,6.1875
1040080,6.6313557624816895
1040608,6.144578456878662
1041376,6.136363506317139
1041760,6.3215861320495605
1042192,5.192307472229004
1042672,5.4375
1042736,5.666666507720947
1043200,5.625
1043408,6.2727274894714355
1043504,5.691489219665527
1045344,6.377551078796387
1045552,6.307339668273926
1045696,6.377777576446533
1046032,6.316964149475098
1046624,5.5
1048112,6.143497943878174
1048912,6.187214374542236
1048928,6.233183860778809
1049088,6.136363506317139
1049440,5.943396091461182
1049520,5.660377502441406
1049920,6.454545497894287
1051616,6.238532066345215
1051712,6.412556171417236
1052560,6.017699241638184
1053600,6.0714287757873535
1055232,6.703539848327637
1056112,6.2443437576293945
1056224,6.181818008422852
1057280,6.506550312042236
1057392,6.396396160125732
1057584,6.220095634460449
1058336,6.787564754486084
1058784,6.358381271362305
1060128,6.271929740905762
1060416,6.25550651550293
1060624,6.283422470092773
1061568,6.233183860778809
1062624,6.293859481811523
1062768,6.232558250427246
1063376,6.190476417541504
1063904,5.921658992767334
1064192,6.2303667068481445
1064464,6.143497943878174
1065472,5.884615421295166
1065968,6.242424011230469
1066288,6.141552448272705
1068192,5.899122714996338
1069056,6.030701637268066
1069088,6.035242080688477
1069264,6.037735939025879
1069408,6.150442600250244
1069664,5.950226306915283
1070016,5.175438404083252
1070448,6.233479976654053
1071600,6.050955295562744
1072464,6.199095249176025
1072864,6.055276393890381
1073568,6.2443437576293945
1073568,5.868263244628906
1073840,1.8125
1074528,5.284090995788574
1075344,4.699999809265137
1075792,5.950413227081299
1076400,6.130434989929199
1076464,6.184210300445557
1076928,5.6626505851745605
1076960,6.075268745422363
1077216,5.833333492279053
1077904,5.0
1078384,6.2727274894714355
1079216,5.863636493682861
1082320,5.490196228027344
1082432,6.2727274894714355
1082576,5.344827651977539
1082816,5.825687885284424
1083568,6.068181991577148
1083696,6.131221771240234
1083712,6.25
1083728,6.133333206176758
1083792,4.833333492279053
1084368,4.117647171020508
1084640,6.098654747009277
1085280,5.714285850524902
1085296,5.8385090827941895
1086096,5.9210524559021
1086528,5.526315689086914
1087008,5.911214828491211
1087264,6.068376064300537
1087376,5.964125633239746
1088176,5.9772725105285645
1088496,6.330471992492676
1088848,6.0280375480651855
1088880,4.651162624359131
1090032,5.664893627166748
1090736,5.976744174957275
1090800,5.354330539703369
1090816,5.972850799560547
1090992,6.300448417663574
1091312,5.800000190734863
1091920,5.547945022583008
1092368,6.081080913543701
1092720,5.888324737548828
1093056,6.081080913543701
1093232,6.108597278594971
1093344,6.1936936378479
1094080,5.714285850524902
1094480,6.25
1095072,5.952381134033203
1096960,5.866666793823242
1097232,6.121212005615234
1098048,5.973451137542725
1098432,5.7710280418396
1098448,6.080246925354004
1098480,5.064935207366943
1098640,5.900900840759277
1099040,5.9817352294921875
1099136,4.88095235824585
1099200,5.664893627166748
1099792,6.189427375793457
1100480,5.352112770080566
1102016,5.890410900115967
1102128,1.0
1102144,4.045454502105713
1102352,5.995670795440674
1102832,5.9146342277526855
1102944,5.7079644203186035
1104560,6.0227274894714355
1105440,5.354838848114014
1105568,5.870535850524902
1105936,6.188340663909912
1106144,5.91304349899292
1106176,5.55555534362793
1106896,4.888888835906982
1108256,5.423728942871094
1109232,5.691823959350586
1109568,5.868544578552246
1110256,5.645161151885986
1110576,5.0
1110592,5.65217399597168
1110624,5.775862216949463
1110832,5.758620738983154
1110848,5.090909004211426
1111136,1.8125
1111712,5.666666507720947
1111744,5.7207207679748535
1112224,5.770925045013428
1114144,5.8108110427856445
1114336,5.644171714782715
1114400,5.951327323913574
1114432,5.714285850524902
1114592,5.106382846832275
1114736,5.8035712242126465
1115600,5.208333492279053
1115664,5.709876537322998
1116176,5.617977619171143
1116560,5.777777671813965
1117568,5.837103843688965
1119232,5.9954752922058105
1119248,5.792951583862305
1120784,5.5
1121312,5.8597283363342285
1121936,5.288461685180664
1122768,6.095890522003174
1122848,5.844444274902344
1123040,1.8125
1123216,5.7943925857543945
1123424,6.0227274894714355
1124224,1.0
1124832,5.958904266357422
1124912,5.898617744445801
1125216,5.757575988769531
1126288,5.944700241088867
1126896,5.542168617248535
1126976,5.699999809265137
1127088,4.716980934143066
1128384,5.9259257316589355
1130288,6.039823055267334
1131392,6.142241477966309
1131520,6.279069900512695
1132896,6.181818008422852
1133328,6.0233917236328125
1133408,5.982905864715576
1133760,5.599999904632568
1133856,6.300448417663574
1133904,6.288888931274414
1135040,6.25550651550293
1135184,5.82608699798584
1135648,6.082251071929932
1136112,5.920000076293945
1136288,6.289592742919922
1138416,6.162790775299072
1138512,5.531914710998535
1138640,6.160714149475098
1138656,6.199095249176025
1138816,5.68807315826416
1139232,6.216216087341309
1139872,5.55555534362793
1140256,6.093023300170898
1140944,6.295336723327637
1141120,5.987654209136963
1141360,6.199999809265137
1142288,6.194690227508545
1142880,5.217391490936279
1142960,6.163793087005615
1143488,5.740740776062012
1143888,6.283185958862305
1145280,6.013513565063477
1145328,5.968992233276367
1145568,5.9375
1145856,6.148648738861084
1146256,1.6666666269302368
1146416,6.25
1146832,4.714285850524902
1147088,5.638298034667969
1147728,5.636363506317139
1149680,5.416666507720947
1150672,5.91928243637085
1150784,5.961538314819336
1151216,6.082949161529541
1151520,4.410714149475098
1151888,6.169724941253662
1153296,5.931676864624023
1153440,6.186046600341797
1154016,5.855855941772461
1154240,6.081080913543701
1154288,6.2155961990356445
1154688,6.2443437576293945
1155104,5.638298034667969
1155536,5.7865166664123535
1155904,5.956789970397949
1156224,5.569105625152588
1156752,6.134259223937988
1157024,6.1210761070251465
1157520,6.100917339324951
1157536,6.25550651550293
1157792,6.1238532066345215
1158384,6.204545497894287
1158672,6.058558464050293
1159136,5.977011680603027
1159248,6.0
1161120,4.468085289001465
1161120,6.339285850524902
1161456,5.798611164093018
1162336,5.620154857635498
1162384,5.617283821105957
1162912,6.184210300445557
1163312,6.375545978546143
1163808,6.09649133682251
1164672,6.221719264984131
1165744,6.278538703918457
1165952,5.949999809265137
1166128,5.976744174957275
1166544,6.238937854766846
1166928,6.266666889190674
1167680,6.345291614532471
1168272,6.409090995788574
1169088,6.081080913543701
1169504,6.486486434936523
1169984,6.255707740783691
1170032,6.082949161529541
1170736,6.25
1170992,6.315789699554443
1171568,5.3684210777282715
1172272,5.8715596199035645
1173424,5.892857074737549
1173488,6.1238532066345215
1173616,6.283185958862305
1174272,5.567010402679443
1174368,6.305309772491455
1174736,6.051502227783203
1175584,6.059907913208008
1176544,6.2155961990356445
1176928,6.121495246887207
1177088,5.882352828979492
1177728,6.189427375793457
1177840,6.171171188354492
1178032,6.09649133682251
1178112,6.205357074737549
1178400,5.97560977935791
1180080,6.076233386993408
1180720,6.172839641571045
1181040,5.342465877532959
1181328,6.244239807128906
1182320,5.7727274894714355
1182432,5.867579936981201
1182640,5.660377502441406
1183392,5.542168617248535
1183728,5.982142925262451
1184080,5.769230842590332
1184128,5.580357074737549
1184288,5.78125
1184320,6.064815044403076
1184960,5.526315689086914
1185584,6.146789073944092
1185872,6.0280375480651855
1186160,5.867579936981201
1186784,6.233766078948975
1186880,5.828876972198486
1186976,6.143497943878174
1187696,5.844444274902344
1188032,5.740740776062012
1189088,6.055900573730469
1189280,5.837103843688965
1189664,6.009174346923828
1189728,6.160714149475098
1190384,6.2874250411987305
1190400,5.866666793823242
1190608,6.194690227508545
1191248,5.987654209136963
1191488,6.012930870056152
1192096,5.646258354187012
1192112,5.420560836791992
1194176,5.743243217468262
1194400,5.111111164093018
1195664,6.148648738861084
1195856,6.138613700866699
1196000,5.6565656661987305
1196672,5.784753322601318
1196768,6.116279125213623
1197648,5.856481552124023
1197920,5.638298034667969
1198560,5.2727274894714355
1198576,5.205479621887207
1198656,5.8108110427856445
1198960,5.636363506317139
1199376,5.936072826385498
1199472,6.0714287757873535
1200384,5.97777795791626
1200496,5.3947367668151855
1200544,6.055046081542969
1201408,5.78341007232666
1201456,5.945945739746094
1201584,5.889570713043213
1201888,6.0
1202208,5.882352828979492
1202240,5.71875
1203920,6.138392925262451
1203984,5.9151787757873535
1204192,5.679012298583984
1204864,5.106382846832275
1204944,5.829493045806885
1205648,6.024096488952637
1207264,5.1785712242126465
1207536,6.168224334716797
1207552,6.107784271240234
1207840,5.868263244628906
1208368,6.090909004211426
1210160,6.0
1210320,5.751295566558838
1210752,6.036866188049316
1211136,6.049107074737549
1211184,6.084070682525635
1212192,6.155555725097656
1214288,5.863636493682861
1214576,5.829145908355713
1214736,6.13095235824585
1214768,6.125
1215168,6.036866188049316
1215216,5.925110340118408
1216176,6.2844038009643555
1216240,5.604395389556885
1217328,5.900620937347412
1217424,5.9598212242126465
1218624,5.907079696655273
1218704,6.068181991577148
1218960,6.1587982177734375
1219792,6.02222204208374
1220032,5.679012298583984
1220704,4.512195110321045
1220976,5.147058963775635
1221472,5.882352828979492
1222208,6.008968830108643
1222464,6.1238532066345215
1224928,6.1936936378479
1225200,6.409090995788574
1225408,6.082949161529541
1225888,5.962441444396973
1226544,5.947368621826172
1227072,5.949999809265137
1227568,6.261261463165283
1228352,5.483870983123779
1228512,6.105990886688232
1228800,6.2443437576293945
1229040,5.679012298583984
1229120,6.1255412101745605
1229456,5.878378391265869
1229712,6.208530902862549
1230848,5.874439239501953
1232736,6.02222204208374
1232816,6.26086950302124
1234128,5.696969509124756
1234432,5.8968610763549805
1234624,6.300448417663574
1235328,6.2672810554504395
1236224,5.921658992767334
1237120,6.609442234039307
1238496,6.133333206176758
1238928,6.183035850524902
1239424,6.043478488922119
1239824,6.179039478302002
1239888,5.169491291046143
1240272,5.5
1241312,6.077981472015381
1241968,5.402298927307129
1242544,5.316455841064453
1243472,6.278538703918457
1243552,5.46875
1243776,5.986842155456543
1243968,6.043478488922119
1243984,5.878378391265869
1244080,6.130434989929199
1244320,1.0
1245120,5.938650131225586
1246400,6.425339221954346
1247264,6.082251071929932
1247328,5.882352828979492
1247472,6.0792951583862305
1247552,6.126126289367676
1247568,6.205357074737549
1247824,5.940366744995117
1250320,6.131221771240234
1251408,6.165919303894043
1252144,6.361607074737549
1252400,6.4285712242126465
1255536,6.133333206176758
1256016,5.82608699798584
1256752,6.7164177894592285
1257392,6.301369667053223
1258304,6.547618865966797
1258512,6.008771896362305
1259936,5.886075973510742
1260240,5.9375
1263360,5.8385090827941895
1264192,5.9633026123046875
1264624,4.807692527770996
1264960,6.130434989929199
1266352,6.361607074737549
1266672,6.2443437576293945
1267568,6.095238208770752
1268144,6.095890522003174
1268368,6.293859481811523
1268720,1.8095238208770752
1268720,6.047008514404297
1269264,5.686274528503418
1270736,6.135371208190918
1271152,5.989305019378662
1271648,5.128205299377441
1272256,5.954545497894287
1272496,5.903614521026611
1274272,5.964125633239746
1274736,6.546762466430664
1275472,6.013986110687256
1277392,5.986546993255615
1278560,6.111111164093018
1278784,6.159090995788574
1279152,6.185344696044922
1279152,6.266375541687012
1281392,6.327160358428955
1281888,6.084070682525635
1282016,6.139534950256348
1282288,6.100917339324951
1282992,6.206140518188477
1283264,6.08695650100708
1283440,6.199999809265137
1284560,6.412556171417236
1284592,6.5625
1285536,6.16740083694458
1286096,6.363636493682861
1286304,6.287553787231445
1286464,5.759493827819824
1286672,6.026200771331787
1286928,6.40350866317749
1286992,6.373873710632324
1287504,6.105990886688232
1287536,5.546218395233154
1288608,6.176470756530762
1289120,6.053811550140381
1289504,5.875
1290160,5.844155788421631
1291744,4.400000095367432
1293392,5.866666793823242
1293712,5.982905864715576
1293984,6.17511510848999
1294848,5.492957592010498
1294912,6.1965813636779785
1295824,5.945945739746094
1297344,5.730593681335449
1297616,6.150442600250244
1297888,5.730337142944336
1298320,5.746606349945068
1298528,5.8222222328186035
1298944,6.097560882568359
1299360,5.5607476234436035
1300528,5.714285850524902
1300608,5.917159557342529
1302880,5.882352828979492
1303648,5.8296942710876465
1304336,5.527950286865234
1304656,5.911110877990723
1304752,5.862069129943848
1305232,5.306122303009033
1306832,5.69444465637207
1307008,5.714285850524902
1307504,5.825892925262451
1308272,5.753424644470215
1308416,5.9188032150268555
1308592,5.695876121520996
1308736,5.8597283363342285
1310416,6.076233386993408
1310512,5.546218395233154
1311248,1.4736841917037964
1311296,5.957446575164795
1311392,6.103286266326904
1311728,5.495495319366455
1312080,6.184210300445557
1312096,4.693877696990967
1312368,5.7272725105285645
1313120,5.904977321624756
1314208,5.6108598709106445
1314320,5.875
1314800,5.432692527770996
1314912,5.833333492279053
1316368,5.4132232666015625
1317088,5.769230842590332
1317664,5.991189479827881
1318224,5.408804893493652
1318448,6.277533054351807
1318752,5.65217399597168
1319488,5.733333110809326
1319536,5.760368824005127
1320000,5.46875
1320272,5.950226306915283
1320688,5.8035712242126465
1320720,6.263157844543457
1321072,5.828220844268799
1321728,5.825687885284424
1321808,5.704545497894287
1322880,5.853658676147461
1322944,5.7311320304870605
1323232,5.818181991577148
1323536,6.053811550140381
1323648,5.814978122711182
1323680,5.4938273429870605
1325328,5.9817352294921875
1325440,6.1255412101745605
1325872,5.900900840759277
1326160,5.6086955070495605
1326176,5.792683124542236
1327136,5.806451797485352
1327952,5.8370041847229
1328112,5.863636493682861
1328912,4.897959232330322
1329376,5.68807315826416
1329440,6.33004903793335
1331952,5.142857074737549
1332464,6.188340663909912
1332944,6.25
1332960,5.890410900115967
1332976,5.714285850524902
1333440,6.074561595916748
1333664,5.405405521392822
1334544,4.852941036224365
1336112,6.044444561004639
1336512,5.837103843688965
1336720,6.409090995788574
1337808,6.111111164093018
1338336,6.0
1339536,5.97777795791626
1339968,5.9210524559021
1340128,5.743243217468262
1340320,6.140350818634033
1342784,5.913241863250732
1343552,6.111111164093018
1343648,6.131221771240234
1343728,5.969162940979004
1344224,6.315789699554443
1344880,5.806451797485352
1344960,5.416666507720947
1345008,5.416666507720947
1345776,6.181818008422852
1346192,6.097560882568359
1346240,6.01265811920166
1346416,6.305309772491455
1347280,5.882352828979492
1348128,5.707547187805176
1348272,5.951327323913574
1348512,5.973451137542725
1348928,6.044444561004639
1349808,5.9234232902526855
1350816,6.148648738861084
1351152,6.234042644500732
1351584,6.066666603088379
1351856,5.991189479827881
1352720,6.228070259094238
1352768,6.312849044799805
1353536,6.058558464050293
1354352,5.8108110427856445
1354720,6.058558464050293
1354816,6.188340663909912
1355760,6.1777777671813965
1357664,5.94059419631958
1357920,5.878378391265869
1357984,6.577777862548828
1358096,6.239316463470459
1358176,6.2093024253845215
1358416,6.160714149475098
1359264,6.077981472015381
1360080,6.053811550140381
1361616,6.164383411407471
1362512,6.150442600250244
1363296,5.979381561279297
1363360,6.137339115142822
1363680,6.035242080688477
1364784,6.171171188354492
1365184,6.126126289367676
1365520,6.238738536834717
1366128,6.4666666984558105
1366784,5.944700241088867
1366976,6.084905624389648
1367184,6.032110214233398
1368320,5.863636493682861
1369472,6.138392925262451
1369760,4.032258033752441
1371248,6.5158371925354
1373312,5.882352828979492
1375040,5.7207207679748535
1375600,6.1777777671813965
1375712,5.9429826736450195
1375872,6.138392925262451
1377024,6.0
1377632,5.869565010070801
1378208,6.316964149475098
1378656,6.111111164093018
1380048,6.012269973754883
1380528,6.044444561004639
1380576,5.851528167724609
1381696,6.17511510848999
1381760,5.882352828979492
1383072,6.184210300445557
1383712,6.140350818634033
1384272,5.875
1384608,6.357466220855713
1385024,5.97777795791626
1385232,5.833333492279053
1386144,5.362318992614746
1386208,6.144067764282227
1386720,6.009174346923828
1386960,5.632911205291748
1388464,6.036036014556885
1388512,5.584415435791016
1389088,5.91928243637085
1389440,5.666666507720947
1389792,5.964125633239746
1390464,6.055046081542969
1391008,5.599999904632568
1391760,6.0714287757873535
1391968,6.075268745422363
1392240,5.7727274894714355
1392672,5.714285850524902
1393776,6.283783912658691
1394304,5.887850284576416
1394304,6.3215861320495605
1394624,5.917431354522705
1394864,5.7110090255737305
1395760,6.073059558868408
1396064,6.126126289367676
1396160,5.944700241088867
1396240,6.204545497894287
1396992,6.345291614532471
1398000,6.456521511077881
1398176,6.2443437576293945
1398656,6.1187214851379395
1399120,6.204545497894287
1399440,5.96069860458374
1399792,6.216814041137695
1399856,6.355555534362793
1400336,5.7462687492370605
1400528,6.0227274894714355
1401696,6.3761467933654785
1402208,6.3122172355651855
1403232,6.191588878631592
1403872,6.409090995788574
1404480,5.900900840759277
1405264,5.911110877990723
1406416,5.938864707946777
1406816,6.146789073944092
1407152,5.9276018142700195
1408000,6.018099784851074
1408736,5.882352828979492
1408816,5.882352828979492
1409248,5.833333492279053
1409296,6.031390190124512
1410064,6.024096488952637
1410336,5.929203510284424
1410864,6.184210300445557
1411488,5.211267471313477
1411552,5.9954752922058105
1412176,5.8035712242126465
1412368,5.737704753875732
1412928,6.1725664138793945
1413584,5.829596519470215
1413840,6.373873710632324
1413904,5.833333492279053
1413968,5.793269157409668
1414064,5.767441749572754
1414144,5.199999809265137
1414160,6.255707740783691
1414416,5.9954752922058105
1414928,5.42553186416626
1416960,6.0
1417424,5.941704273223877
1417760,6.131221771240234
1418032,6.100917339324951
1419552,5.870535850524902
1420176,6.1160712242126465
1420608,5.770925045013428
1421328,6.044444561004639
1421328,6.036036014556885
1421936,5.894495487213135
1422016,6.08695650100708
1422064,5.940366744995117
1422096,5.959596157073975
1423264,5.472972869873047
1423888,6.352201461791992
1424112,5.972850799560547
1424160,5.904977321624756
1424544,6.008968830108643
1424800,6.2443437576293945
1424880,6.2443437576293945
1425200,5.714285850524902
1425568,6.131221771240234
1425632,6.066666603088379
1427744,6.143497943878174
1428352,5.972850799560547
1428448,6.004566192626953
1429776,5.454545497894287
1430624,5.828220844268799
1430768,5.510204315185547
1431088,6.057692527770996
1431200,6.21004581451416
1431344,6.058558464050293
1431760,6.345291614532471
1431968,6.027397155761719
1432032,5.855855941772461
1434128,6.053811550140381
1434192,6.059321880340576
1434304,6.2727274894714355
1435040,5.9004740715026855
1436752,5.7727274894714355
1437984,5.958333492279053
1438272,5.890410900115967
1438288,5.753424644470215
1438656,6.088889122009277
1439120,5.9276018142700195
1439376,4.883720874786377
1439856,5.828220844268799
1440752,5.903083801269531
1440912,5.947368621826172
1441280,5.316455841064453
1441360,5.9817352294921875
1441648,5.753424644470215
1442096,5.2727274894714355
1442272,5.955555438995361
1443472,5.97777795791626
1444224,6.116504669189453
1444816,6.2272725105285645
1445312,5.775862216949463
1445376,5.423728942871094
1446416,5.784753322601318
1447504,6.037735939025879
1447568,5.844444274902344
1447920,5.8913044929504395
1448080,5.874439239501953
1448288,6.1210761070251465
1448384,5.76576566696167
1448640,6.081080913543701
1448752,5.9817352294921875
1449056,5.7317070960998535
1450032,6.25
1450544,6.073619842529297
1451152,5.898876190185547
1451920,6.181818008422852
1452896,6.260683536529541
1454208,5.8968610763549805
1454800,6.0792951583862305
1456560,6.030701637268066
1458496,6.0
1458880,5.967741966247559
1459648,6.197183132171631
1459776,5.476190567016602
1459824,6.419213771820068
1460288,5.9954752922058105
1462064,5.833333492279053
1462384,6.169724941253662
1462880,5.9633026123046875
1463056,5.754716873168945
1463488,6.447368621826172
1465440,6.345291614532471
1466464,6.278027057647705
1467440,5.848214149475098
1467488,5.98101282119751
1467504,5.492957592010498
1467536,5.947136402130127
1468960,6.073059558868408
1469168,6.085972785949707
1470080,6.044444561004639
1470208,5.953488349914551
1470896,6.046511650085449
1472464,5.986238479614258
1472736,6.081080913543701
1472800,6.0
1473120,5.806451797485352
1473216,6.088889122009277
1473440,5.982142925262451
1473632,6.199095249176025
1474544,6.088889122009277
1474736,5.900900840759277
1474800,6.026200771331787
1475616,6.022346496582031
1475968,5.756880760192871
1477216,6.188340663909912
1477600,5.740740776062012
1477824,6.031390190124512
1478080,6.101321697235107
1478304,6.058558464050293
1478352,5.9276018142700195
1478400,6.030701637268066
1478480,6.3537116050720215
1478928,6.100628852844238
1479648,6.222707271575928
1481520,5.67756986618042
1481840,6.018957138061523
1483920,6.049107074737549
1484336,6.055046081542969
1485408,6.148648738861084
1486208,6.043478488922119
1486592,5.982532978057861
1486912,5.91304349899292
1487152,5.800000190734863
1487328,5.788288116455078
1488960,5.8968610763549805
1491184,5.630434989929199
1491584,6.204819202423096
1492240,6.048035144805908
1493328,5.837103843688965
1493664,5.736433982849121
1493664,5.760368824005127
1493904,5.619266033172607
1494304,5.596330165863037
1494576,5.82191801071167
1494752,5.8370041847229
1495904,5.9210524559021
1496064,5.68807315826416
1497104,5.630841255187988
1497264,5.825892925262451
1498864,5.926723957061768
1500144,5.855855941772461
1501712,5.753424644470215
1501968,6.09375
1503344,5.9151787757873535
1503680,5.8715596199035645
1505264,5.9276018142700195
1505936,6.21212100982666
1505952,5.681818008422852
1508928,5.848623752593994
1510272,6.039823055267334
1511632,5.633187770843506
1511696,5.730088710784912
1511728,5.884955883026123
1512416,5.8035712242126465
1513024,5.791855335235596
1513104,5.91928243637085
1514400,5.730088710784912
1515312,5.888888835906982
1516224,5.1785712242126465
1516352,5.864197731018066
1517744,5.825687885284424
1517808,5.777777671813965
1517936,5.891472816467285
1518864,5.609755992889404
1519024,6.084656238555908
1519120,5.711206912994385
1519904,5.6026787757873535
1520448,5.868544578552246
1521344,6.014151096343994
1521440,5.802752494812012
1522560,5.7272725105285645
1522928,5.779816627502441
1523488,5.874439239501953
1523888,6.073619842529297
1524352,6.042780876159668
1524928,5.691244125366211
1526128,5.653152942657471
1526496,5.679012298583984
1528752,5.793991565704346
1529360,5.698924541473389
1529440,5.86734676361084
1529856,5.662100315093994
1532176,5.8968610763549805
1533760,5.844444274902344
1534048,5.348837375640869
1534400,5.698689937591553
1535648,5.740740776062012
1535968,5.641592979431152
1536304,5.785714149475098
1536576,5.9375
1538064,5.511111259460449
1538320,5.8108110427856445
1539408,6.004273414611816
1540272,6.0
1541440,6.081080913543701
1541904,5.874439239501953
1546288,5.593607425689697
1546304,6.084070682525635
1546576,5.711111068725586
1547200,5.403726577758789
1547344,5.8447489738464355
1547440,6.076555252075195
1547504,5.846153736114502
1548544,5.68345308303833
1548592,5.863636493682861
1548880,5.972850799560547
1548896,5.969827651977539
1550288,5.855855941772461
1550944,5.870535850524902
1552480,5.9375
1552736,5.940170764923096
1553616,5.902777671813965
1553872,5.769230842590332
1553872,5.6473212242126465
1555536,5.763888835906982
1555664,6.050228118896484
1555968,5.944700241088867
1556160,5.795454502105713
1556464,5.93220329284668
1556848,5.7943925857543945
1557152,5.760368824005127
1557856,5.828220844268799
1559248,5.874439239501953
1559536,5.9234232902526855
1559648,6.403061389923096
1559840,5.96069860458374
1560416,5.855855941772461
1560592,6.0638298988342285
1562960,5.878378391265869
1563760,5.8385090827941895
1564176,5.990991115570068
1564512,5.82191801071167
1564992,5.8447489738464355
1565824,5.926723957061768
1567104,6.283783912658691
1567344,6.143497943878174
1567712,5.795454502105713
1568048,5.9772725105285645
1569792,5.9234232902526855
1570016,5.733944892883301
1570768,5.857988357543945
1570816,6.157407283782959
1571696,6.150234699249268
1571776,5.941704273223877
1573408,6.044444561004639
1573424,6.046511650085449
1573488,6.045454502105713
1574560,5.707547187805176
1574752,6.053811550140381
1575120,4.84536075592041
1575312,6.045454502105713
1577040,6.018099784851074
1578176,6.02222204208374
1578432,6.17511510848999
1580064,6.076233386993408
1581424,6.094420433044434
1581808,5.995575428009033
1581856,6.1238532066345215
1581872,6.144859790802002
1583264,6.293859481811523
1583680,6.129032135009766
1583984,6.1875
1584096,6.293859481811523
1584560,6.190476417541504
1584896,6.085972785949707
1585296,5.9210524559021
1585360,6.018099784851074
1586864,6.026785850524902
1587584,6.059907913208008
1588176,6.133333206176758
1588560,6.184210300445557
1588656,6.145374298095703
1588816,5.867579936981201
1589328,6.40969181060791
1590736,6.244239807128906
1591136,6.063348293304443
1591376,6.009174346923828
1592448,5.859375
1594368,6.200873374938965
1594512,6.024844646453857
1595616,5.441176414489746
1595616,6.239669322967529
1595744,5.7762556076049805
1596080,6.150442600250244
1597968,6.058823585510254
1598128,6.068376064300537
1599136,6.004566192626953
1599296,6.041666507720947
1602080,6.045454502105713
1602736,5.9151787757873535
1602896,6.004464149475098
1604352,5.96846866607666
1604576,5.8715596199035645
1605200,6.081080913543701
1605216,5.941704273223877
1605616,6.0652174949646
1606256,5.867579936981201
1606512,5.888888835906982
1606640,5.7727274894714355
1607024,5.78125
1607392,5.991189479827881
1608672,5.936072826385498
1609264,6.155555725097656
1609296,6.121212005615234
1610544,6.16740083694458
1613808,6.415094375610352
1613824,5.8597283363342285
1614528,6.013513565063477
1614928,5.877862453460693
1615456,5.8071746826171875
1615968,5.917030334472656
1616032,6.039823055267334
1616064,5.9598212242126465
1616384,5.886363506317139
1617184,5.879629611968994
1617376,5.788288116455078
1617392,6.026785850524902
1620288,6.0714287757873535
1620544,5.789473533630371
1621632,5.9234232902526855
1623088,5.7110090255737305
1623152,6.017315864562988
1623920,5.796460151672363
1624448,5.951327323913574
1624672,5.42553186416626
1627632,5.840909004211426
1628032,5.739910125732422
1628160,5.638766288757324
1628672,5.416666507720947
1630272,5.9146342277526855
1630496,5.844444274902344
1631328,5.730088710784912
1631600,5.495495319366455
1631600,5.874439239501953
1631856,5.9347825050354
1633024,5.900900840759277
1633152,5.704545497894287
1633280,5.990566253662109
1633824,5.9954752922058105
1633872,5.0
1634672,6.0625
1635952,5.854701042175293
1636256,5.7762556076049805
1636640,5.844444274902344
1637936,5.941704273223877
1638304,5.774336338043213
1639376,5.848214149475098
1639552,5.9375
1642544,5.8552632331848145
1642896,5.547945022583008
1643600,5.941704273223877
1643728,6.076233386993408
1645168,5.825892925262451
1646560,6.074561595916748
1646736,5.8552632331848145
1647696,5.7272725105285645
1648864,6.085972785949707
1650336,5.892857074737549
1650720,5.859030723571777
1651232,5.840909004211426
1651472,6.234568119049072
1652480,6.238937854766846
1653952,6.111111164093018
1654256,5.917431354522705
1654336,6.066666603088379
1654528,5.818181991577148
1656112,6.150442600250244
1656288,5.705521583557129
1656416,5.986842155456543
1656704,6.095890522003174
1657360,6.1238532066345215
1657856,5.936072826385498
1658048,5.799086570739746
1658096,6.098654747009277
1658352,6.436781406402588
1660016,6.049107074737549
1661664,6.3063063621521
1662592,4.0
1663536,5.799086570739746
1664816,5.947136402130127
1665088,5.904977321624756
1665248,6.143497943878174
1665520,5.9151787757873535
1666464,5.989583492279053
1666608,5.700934410095215
1667040,5.746606349945068
1667104,5.886075973510742
1667152,6.155555725097656
1668240,5.777777671813965
1668688,6.1725664138793945
1668848,6.04072380065918
1669024,5.882352828979492
1669456,6.3978495597839355
1671984,6.21004581451416
1672288,5.890410900115967
1673696,5.917431354522705
1674272,6.053811550140381
1675488,5.733944892883301
1675888,5.995370388031006
1676240,5.837103843688965
1676496,5.800000190734863
1676720,5.890410900115967
1676864,6.181818008422852
1676896,5.714285850524902
1677200,5.894495487213135
1678400,6.013513565063477
1679488,5.995370388031006
1680336,6.02222204208374
1681376,4.912280559539795
1681504,6.42553186416626
1682416,6.037735939025879
1682656,5.931818008422852
1683040,5.825687885284424
1684528,6.04938268661499
1685024,5.707762718200684
1686192,5.840909004211426
1686816,5.909090995788574
1686928,4.375
1687616,5.862832069396973
1687664,5.964912414550781
1687984,5.7589287757873535
1688128,6.0714287757873535
1689120,6.163522243499756
1689488,5.833333492279053
1689808,6.0
1690400,6.1184210777282715
1691120,5.848623752593994
1693024,5.939086437225342
1693168,5.904977321624756
1693328,5.92391300201416
1693936,5.818181991577148
1694224,5.762331962585449
1696208,6.2727274894714355
1696672,5.892857074737549
1696720,5.814479827880859
1696736,6.0572686195373535
1696832,5.986238479614258
1697232,5.905172348022461
1697824,6.004464149475098
1698432,5.691964149475098
1698704,5.890410900115967
1700240,5.791855335235596
1700368,5.681818008422852
1700848,5.844444274902344
1701760,5.818583965301514
1702032,5.9598212242126465
1702080,5.717488765716553
1702288,5.829596519470215
1703232,5.9831461906433105
1706304,6.058558464050293
1706832,5.736607074737549
1707040,6.031745910644531
1707136,6.143497943878174
1708160,5.729166507720947
1708192,5.791855335235596
1708416,5.867579936981201
1709088,5.867579936981201
1710288,5.945945739746094
1710720,6.233183860778809
1711760,5.9151787757873535
1712032,6.0
1712688,6.009174346923828
1713360,1.0
1713376,5.870535850524902
1713792,5.8715596199035645
1714128,6.012269973754883
1714608,5.863636493682861
1716224,6.0714287757873535
1717040,6.138392925262451
1718000,5.859030723571777
1718000,5.91928243637085
1718944,6.128318786621094
1719152,6.004464149475098
1719680,5.852534770965576
1720752,5.951327323913574
1721136,6.059907913208008
1721632,5.958904266357422
1721696,5.945945739746094
1722464,5.8447489738464355
1723216,5.954545497894287
1723440,5.895196437835693
1724672,6.2272725105285645
1724688,6.188340663909912
1725872,6.1187214851379395
1726144,6.018099784851074
1727344,5.972850799560547
1727472,5.858585834503174
1727920,5.840909004211426
1727936,6.103603839874268
1728752,5.931818008422852
1729456,6.100917339324951
1730368,6.125
1730592,5.852017879486084
1730928,6.288659572601318
1731008,6.159090995788574
1732400,6.026200771331787
1733120,6.09649133682251
1733200,5.9633026123046875
1733216,5.766870975494385
1734640,5.985915660858154
1735104,6.299559593200684
1735456,6.122994422912598
1736912,6.344086170196533
1737952,5.951327323913574
1738320,6.103603839874268
1739344,5.936072826385498
1739424,5.9954752922058105
1740096,6.038960933685303
1740224,6.18055534362793
1740880,6.064815044403076
1742064,5.878378391265869
1744128,5.870535850524902
1745456,6.208530902862549
1745584,6.157205104827881
1746576,6.2874250411987305
1747440,6.0
1747840,6.076233386993408
1748112,6.369426727294922
1748416,5.9817352294921875
1749168,6.1255412101745605
1749184,6.221198081970215
1749568,6.159090995788574
1750064,6.2272725105285645
1751104,6.082949161529541
1751104,6.23655891418457
1751136,6.15217399597168
1751504,5.3271026611328125
1751520,6.126126289367676
1752256,5.852534770965576
1752736,5.974842548370361
1753472,5.799086570739746
1755104,6.1160712242126465
1755136,5.9375
1755648,6.027397155761719
1757008,5.951327323913574
1757680,5.822784900665283
1759328,6.144067764282227
1759376,5.972850799560547
1759696,6.144578456878662
1759888,6.045454502105713
1761216,6.0227274894714355
1761248,5.904977321624756
1761824,6.136363506317139
1761920,5.711111068725586
1763296,5.788288116455078
1763296,6.049107074737549
1765488,6.09649133682251
1765488,5.945945739746094
1766096,5.882352828979492
1766672,5.9954752922058105
1768592,5.751295566558838
1769616,6.095890522003174
1770512,5.726872444152832
1770560,5.723981857299805
1770608,5.491803169250488
1771536,5.848214149475098
1772032,5.663716793060303
1772432,5.9234232902526855
1773472,5.825892925262451
1773856,5.904761791229248
1774080,5.7207207679748535
1774080,5.753424644470215
1775296,6.061946868896484
1775424,5.6392693519592285
1775648,6.036036014556885
1776656,5.625
1778928,5.951327323913574
1779248,5.814978122711182
1779248,5.825892925262451
1779680,5.9276018142700195
1780048,5.586419582366943
1780672,5.688889026641846
1781152,5.625
1781296,5.825687885284424
1781920,5.714285850524902
1782112,5.693779945373535
1782208,5.859872817993164
1782512,5.852017879486084
1782832,5.852017879486084
1783664,5.644444465637207
1783920,5.792078971862793
1786144,5.567685604095459
1786384,5.707762718200684
1788320,5.933014392852783
1788464,5.866666793823242
1788608,6.014492988586426
1788704,5.416666507720947
1788880,5.8125
1790032,5.68493127822876
1790752,5.740740776062012
1790912,5.575221061706543
1791104,5.691964149475098
1792016,5.641025543212891
1792192,5.852017879486084
1792592,5.69444465637207
1792992,5.815602779388428
1793760,5.5757575035095215
1795840,5.714285850524902
1797008,5.7522125244140625
1797120,5.679012298583984
1797904,5.454545497894287
1799984,5.833333492279053
1800768,5.730337142944336
1802112,5.677083492279053
1802432,5.970873832702637
1802864,5.818181991577148
1802880,5.744680881500244
1804992,5.739910125732422
1805040,5.672645568847656
1806272,5.91928243637085
1806272,5.760368824005127
1806512,5.973451137542725
1807808,5.9593024253845215
1808048,5.691964149475098
1808576,5.650224208831787
1809248,5.769230842590332
1809552,5.698198318481445
1809808,5.7727274894714355
1809968,5.558139324188232
1810304,5.7272725105285645
1811712,5.726872444152832
1812160,6.234568119049072
1812368,5.952381134033203
1813152,5.590909004211426
1813424,5.888888835906982
1813424,5.967741966247559
1814864,5.7860260009765625
1815232,5.941704273223877
1815280,6.004464149475098
1815824,6.008771896362305
1816176,5.878378391265869
1816800,5.904761791229248
1818368,5.691964149475098
1818608,5.951327323913574
1818704,5.856481552124023
1819408,5.9276018142700195
1820272,6.157407283782959
1820528,5.848214149475098
1821952,5.763888835906982
1822048,5.905511856079102
1822272,5.899122714996338
1822976,6.031390190124512
1823328,6.0
1824688,5.7860260009765625
1824720,6.162790775299072
1824832,6.0227274894714355
1825824,6.131221771240234
1826128,6.036866188049316
1826992,6.085972785949707
1827312,6.012269973754883
1827568,6.018099784851074
1828416,5.941704273223877
1829104,6.188340663909912
1830496,6.095890522003174
1830864,6.108597278594971
1831856,6.285046577453613
1831872,6.257668495178223
1832704,6.0714287757873535
1833040,6.008968830108643
1833680,6.25
1834656,5.953488349914551
1834672,6.2276787757873535
1835344,6.095890522003174
1835392,6.232876777648926
1835488,5.766870975494385
1836272,5.96846866607666
1837344,6.2727274894714355
1838240,6.171171188354492
1838336,4.581080913543701
1838976,5.986546993255615
1838976,5.898617744445801
1839280,5.684210300445557
1839744,5.995370388031006
1840848,6.146789073944092
1841616,6.146789073944092
1841872,6.371681213378906
1842576,5.9375
1842848,6.171171188354492
1843552,6.327683448791504
1843936,6.150442600250244
1844176,6.341991424560547
1844896,6.153846263885498
1845552,6.055046081542969
1846112,6.0227274894714355
1846704,6.114649772644043
1847648,6.363636493682861
1848000,6.061946868896484
1848432,6.204545497894287
1848672,6.085972785949707
1848704,6.111111164093018
1849104,6.2443437576293945
1849632,5.438596725463867
1850512,6.088889122009277
1851616,6.1777777671813965
1851904,5.9259257316589355
1852576,5.879629611968994
1852640,6.283422470092773
1854096,5.8968610763549805
1854288,6.183035850524902
1854464,6.02222204208374
1854768,6.145374298095703
1855264,6.0572686195373535
1856864,5.784753322601318
1857312,6.283783912658691
1857760,6.111111164093018
1857840,5.833333492279053
1858464,6.043478488922119
1858768,6.077981472015381
1859440,5.986546993255615
1859680,5.890410900115967
1860544,5.982142925262451
1862256,5.944700241088867
1862592,5.833333492279053
1862976,5.995370388031006
1863008,5.833333492279053
1863904,5.96846866607666
1863984,5.8385090827941895
1864976,5.909090995788574
1866480,5.211267471313477
1866768,5.8071746826171875
1866816,6.068181991577148
1867568,6.165919303894043
1868528,5.837103843688965
1869424,5.840909004211426
1869712,5.76576566696167
1870144,5.9817352294921875
1870304,5.789473533630371
1870752,5.833333492279053
1872816,6.089743614196777
1873728,5.679012298583984
1873872,5.882352828979492
1873888,5.701357364654541
1874720,5.585585594177246
1874832,5.96846866607666
1875376,5.863636493682861
1875696,5.9276018142700195
1875936,6.147186279296875
1876384,5.75
1876448,5.7522125244140625
1876912,5.833333492279053
1877184,5.874439239501953
1877248,5.625
1877424,5.723981857299805
1877872,5.913241863250732
1878048,5.800000190734863
1878656,5.740740776062012
1879296,2.777777671813965
1879328,6.065573692321777
1880080,5.77830171585083
1880864,6.088889122009277
1880896,5.733333110809326
1881408,5.787036895751953
1884368,5.825687885284424
1884496,5.9817352294921875
1886288,6.0
1886448,5.808823585510254
1886720,5.617977619171143
1886976,5.990566253662109
1887024,5.111111164093018
1887600,5.870535850524902
1888000,5.8715596199035645
1888608,5.892857074737549
1889344,5.573770523071289
1889952,5.733944892883301
1890400,5.798121929168701
1890400,5.917030334472656
1890592,5.833333492279053
1890640,5.889570713043213
1891504,5.746606349945068
1892080,5.747663497924805
1894144,5.656108379364014
1894288,5.941704273223877
1894400,4.897959232330322
1895040,5.7727274894714355
1895664,5.739910125732422
1896480,5.672645568847656
1897552,6.163522243499756
1897824,5.746606349945068
1897968,5.6306304931640625
1898640,5.7589287757873535
1899216,5.529411792755127
1899232,5.878378391265869
1900096,5.666666507720947
1901024,5.929203510284424
1901200,6.006097793579102
1901520,5.791855335235596
1901840,6.111111164093018
1902528,5.849514484405518
1903264,5.840707778930664
1905136,5.91928243637085
1905712,5.7762556076049805
1905808,5.605381011962891
1906176,5.903083801269531
1907616,5.894495487213135
1908032,5.837103843688965
1908240,5.833333492279053
1908512,5.608108043670654
1908928,5.784753322601318
1909328,5.733333110809326
1911008,5.517241477966309
1911792,5.717488765716553
1913872,5.644444465637207
1914544,5.972850799560547
1914560,5.950226306915283
1915440,5.706521511077881
1915760,5.662100315093994
1917424,5.8597283363342285
1918112,5.814479827880859
1918832,5.814479827880859
1918896,5.890410900115967
1919056,5.7272725105285645
1919184,5.804347991943359
1919296,5.636363506317139
1922528,5.69444465637207
1922592,6.013513565063477
1922848,5.76576566696167
1922944,5.625
1923424,5.5789475440979
1923632,5.740740776062012
1924016,5.81632661819458
1924096,5.950226306915283
1924640,6.049107074737549
1926448,5.964125633239746
1926496,5.730593681335449
1926592,5.770925045013428
1927008,5.695067405700684
1927536,5.6392693519592285
1928208,5.361445903778076
1929088,5.282352924346924
1929744,5.8035712242126465
1930288,5.270270347595215
1932480,5.882352828979492
1932656,5.679012298583984
1932928,6.021505355834961
1933312,5.669642925262451
1933328,5.739910125732422
1933568,5.8108110427856445
1933600,6.123348236083984
1934368,5.909090995788574
1934400,5.294117450714111
1934800,5.416666507720947
1935248,5.0
1935488,5.777777671813965
1936272,5.866666793823242
1936352,5.0
1936848,5.840909004211426
1937216,5.755555629730225
1937488,5.833333492279053
1937776,5.866666793823242
1938336,5.818181991577148
1938384,4.726027488708496
1939920,5.792951583862305
1940480,5.884955883026123
1943216,5.863636493682861
1943488,5.950226306915283
1943584,5.723684310913086
1943616,5.776397705078125
1944944,5.603448390960693
1946784,5.743243217468262
1947072,5.645161151885986
1947120,5.829596519470215
1947152,5.653152942657471
1947200,5.762331962585449
1947296,5.681818008422852
1950256,5.833333492279053
1951200,5.855855941772461
1951696,5.739910125732422
1952624,5.707762718200684
1954304,5.904977321624756
1954816,5.800000190734863
1955296,5.7589287757873535
1956256,6.061946868896484
1956832,5.688889026641846
1957136,5.416666507720947
1957824,5.82191801071167
1957888,5.707762718200684
1958896,5.6026787757873535
1959488,5.774336338043213
1959488,5.818181991577148
1959792,5.75
1959792,5.9151787757873535
1961344,5.622222423553467
1961472,5.762331962585449
1961552,5.948276042938232
1962000,5.8222222328186035
1963376,5.874439239501953
1964256,5.568181991577148
1964720,5.872340202331543
1965456,5.976744174957275
1965888,5.746606349945068
1966032,5.645161151885986
1968608,6.067073345184326
1968816,5.8035712242126465
1969568,5.681818008422852
1971792,5.921658992767334
1972368,5.678732872009277
1972576,5.714285850524902
1973152,5.9429826736450195
1973936,5.957943916320801
1975216,5.952381134033203
1975600,5.788288116455078
1975776,5.766870975494385
1977392,5.7906975746154785
1979216,5.573394298553467
1979360,5.9234232902526855
1979360,5.672645568847656
1979776,5.739910125732422
1981776,5.672645568847656
1982544,5.844444274902344
1982640,5.645161151885986
1982688,5.504587173461914
1982896,5.545454502105713
1983296,5.890410900115967
1984512,5.675675868988037
1985520,5.517241477966309
1986480,5.8071746826171875
1986848,5.52036190032959
1988048,5.840909004211426
1989104,6.053811550140381
1989488,5.452488899230957
1989760,5.681818008422852
1992752,5.969162940979004
1993120,5.753424644470215
1993200,5.825892925262451
1993584,5.743589878082275
1993600,2.7083332538604736
1994416,5.759493827819824
1995056,5.799086570739746
1995888,5.55555534362793
1996208,5.55555534362793
1996288,5.5
1996640,5.575221061706543
1996944,5.6572771072387695
1997328,5.8071746826171875
1998096,5.672645568847656
1998144,5.416666507720947
1999024,5.662100315093994
1999552,5.481651306152344
1999776,5.698198318481445
1999872,5.605381011962891
2000304,5.833333492279053
2000304,6.008771896362305
2000368,5.792951583862305
2000800,5.982532978057861
2001888,5.736607074737549
2002592,5.6306304931640625
2003136,5.852017879486084
2003360,5.672645568847656
2003840,5.613636493682861
2003888,5.753424644470215
2005392,5.733944892883301
2006400,5.849056720733643
2006704,6.073298454284668
2007008,6.125
2007408,5.707762718200684
2007552,5.802752494812012
2008128,5.3781514167785645
2008784,5.7762556076049805
2009024,5.659090995788574
2009744,5.666666507720947
2010352,5.770925045013428
2010368,5.8035712242126465
2010720,5.714285850524902
2010816,5.825471878051758
2012416,5.479452133178711
2013520,5.7272725105285645
2014032,5.671296119689941
2014400,5.829596519470215
2014512,5.898617744445801
2015472,5.28125
2017168,5.638766288757324
2018016,5.550458908081055
2018144,5.0724639892578125
2018368,5.695067405700684
2019728,5.817307472229004
2020416,5.263157844543457
2020544,5.6306304931640625
2021408,5.638766288757324
2021552,5.636363506317139
2022640,5.848214149475098
2024192,5.859030723571777
2024288,5.837103843688965
2025024,5.389908313751221
2025072,5.695067405700684
2025184,5.6306304931640625
2025360,5.714285850524902
2025824,4.897959232330322
2026448,5.511627674102783
2026944,5.426009178161621
2028576,5.7522125244140625
2028784,5.714285850524902
2028960,5.46875
2030144,5.82608699798584
2030880,5.5714287757873535
2032112,5.863636493682861
2032272,5.829596519470215
2032320,5.704545497894287
2032896,5.6108598709106445
2032896,5.545454502105713
2033744,5.535714149475098
2034672,5.900900840759277
2035456,5.679012298583984
2036400,5.818181991577148
2037008,5.580357074737549
2037344,5.483870983123779
2038160,5.679824352264404
2039088,5.701357364654541
2039120,5.504385948181152
2039920,5.680751323699951
2039936,5.704545497894287
2039984,5.691244125366211
2041136,5.826271057128906
2042064,5.769230842590332
2043568,5.774336338043213
2044080,5.9772725105285645
2044608,5.788288116455078
2045488,5.767543792724609
2046160,5.573394298553467
2046688,5.625
2047008,5.659090995788574
2047184,5.384615421295166
2047296,5.513392925262451
2050160,5.882352828979492
2051616,5.070422649383545
2052768,5.802469253540039
2052864,5.659090995788574
2053232,5.75
2053344,5.669642925262451
2053712,5.558035850524902
2054736,5.476190567016602
2055328,5.660377502441406
2055456,5.745614051818848
2055888,5.8177571296691895
2055984,5.717592716217041
2055984,5.755555629730225
2057856,5.573770523071289
2058128,5.622222423553467
2058240,5.573394298553467
2059040,5.672645568847656
2059296,5.714285850524902
2059520,5.909090995788574
2060400,5.622119903564453
2061024,5.940170764923096
2061584,5.616438388824463
2061648,5.9817352294921875
2062368,5.452488899230957
2062480,5.5227274894714355
2062560,5.7762556076049805
2063312,5.565610885620117
2063584,5.585585594177246
2063584,5.7110090255737305
2063792,5.77830171585083
2065968,5.707547187805176
2066624,5.986546993255615
2066896,5.91928243637085
2067040,5.813953399658203
2068144,5.8222222328186035
2068416,5.78341007232666
2069648,5.791855335235596
2070608,5.743243217468262
2071408,5.840707778930664
2073040,5.746606349945068
2073120,5.726872444152832
2074144,5.636363506317139
2074352,5.899122714996338
2074832,5.679824352264404
2074928,5.82191801071167
2078448,5.799086570739746
2080224,5.55555534362793
2080768,5.777777671813965
2082816,5.748898506164551
2082832,5.52036190032959
2083712,5.622119903564453
2083984,5.669642925262451
2084576,5.622222423553467
2086288,5.8071746826171875
2087264,5.479452133178711
2087264,5.723981857299805
2087568,5.627802848815918
2088560,5.347222328186035
2088608,5.736607074737549
2090400,5.596330165863037
2090768,5.642201900482178
2092384,5.462963104248047
2094256,5.55555534362793
2094352,5.717488765716553
2094368,5.662100315093994
2094656,5.616438388824463
2094736,5.7522125244140625
2095664,5.6026787757873535
2095968,5.852017879486084
2097920,5.563063144683838
2098096,5.840517044067383
2098128,5.601851940155029
2098256,5.792683124542236
2098560,5.777777671813965
2100544,5.121951103210449
2102064,5.607476711273193
2103088,5.627802848815918
2104144,5.558035850524902
2104160,5.829596519470215
2104320,5.569620132446289
2104416,5.695067405700684
2104448,5.9276018142700195
2104864,5.695067405700684
2104960,5.743243217468262
2105232,5.497737407684326
2107696,5.527950286865234
2108624,5.704545497894287
2109648,5.350877285003662
2110240,5.825892925262451
2111136,5.745614051818848
2111328,5.792951583862305
2111440,5.909090995788574
2112080,5.627906799316406
2113200,5.8597283363342285
2113344,5.796460151672363
2115024,5.8968610763549805
2115584,5.818583965301514
2117008,5.9234232902526855
2118368,5.593607425689697
2118608,5.6392693519592285
2119184,5.78125
2120896,5.840707778930664
2121920,5.746606349945068
2122048,5.814479827880859
2122176,5.675675868988037
2123392,5.605381011962891
2124400,5.412844181060791
2124512,5.5
2125696,5.6167402267456055
2125888,5.670995712280273
2126384,5.575221061706543
2126912,5.6392693519592285
2127328,5.723981857299805
2128000,5.799086570739746
2128912,5.7373270988464355
2130928,5.46875
2131616,5.829596519470215
2131872,5.354330539703369
2131952,5.748898506164551
2132512,5.909090995788574
2132576,5.352941036224365
2132848,5.707762718200684
2133424,5.4910712242126465
2133728,5.678732872009277
2135184,5.656108379364014
2135504,5.515151500701904
2135552,5.513513565063477
2136160,5.844444274902344
2136640,5.745856285095215
2137536,5.898617744445801
2137920,5.504587173461914
2138064,5.688889026641846
2138768,5.5829596519470215
2139120,5.733333110809326
2140400,5.55555534362793
2140928,5.711111068725586
2141152,5.644444465637207
2141344,5.515695095062256
2141552,5.641592979431152
2142720,5.513392925262451
2144176,5.7360405921936035
2144256,5.580110549926758
2145200,5.881057262420654
2146320,5.558035850524902
2146848,5.660792827606201
2147600,5.563380241394043
2147744,5.552995204925537
2148704,5.616438388824463
2148720,5.410958766937256
2149152,5.656108379364014
2150256,5.0
2151168,5.653152942657471
2152128,5.589622497558594
2152288,5.717488765716553
2152656,5.75
2153136,5.535714149475098
2153424,5.573394298553467
2155712,5.666666507720947
2155824,5.580357074737549
2155856,5.736607074737549
2155920,5.738916397094727
2156016,5.497382164001465
2156880,5.723981857299805
2157664,5.665024757385254
2157728,5.726872444152832
2158304,5.633484363555908
2158320,5.4279279708862305
2158448,5.465838432312012
2159488,5.7207207679748535
2160128,5.550458908081055
2161184,5.542168617248535
2161536,5.7110090255737305
2161728,5.704225540161133
2161760,5.565610885620117
2163008,5.662100315093994
2164144,5.245901584625244
2164784,5.636363506317139
2164944,5.717488765716553
2165792,5.84782600402832
2166560,5.701357364654541
2166912,5.460829257965088
2167760,5.707762718200684
2167792,5.528634548187256
2170160,5.535714149475098
2172016,5.563063144683838
2172080,5.5107526779174805
2172320,5.550458908081055
2172864,5.431818008422852
2173728,5.563063144683838
2173872,5.666666507720947
2174592,5.6026787757873535
2174880,5.645161151885986
2175584,5.54054069519043
2175776,5.418604850769043
2175792,5.562770366668701
2175984,5.72519063949585
2176432,5.701357364654541
2176448,5.695067405700684
2176912,5.585585594177246
2178208,5.521472454071045
2179264,5.599078178405762
2179296,5.458715438842773
2180016,5.784753322601318
2180432,5.616438388824463
2181200,5.410958766937256
2181232,5.767543792724609
2181680,5.588235378265381
2182768,5.087719440460205
2183552,5.698198318481445
2184128,5.985915660858154
2184160,5.596330165863037
2184400,5.4772725105285645
2185024,5.883620738983154
2186256,5.547945022583008
2186352,5.613636493682861
2186448,5.733333110809326
2186624,5.644171714782715
2187648,5.437788009643555
2188432,5.774336338043213
2188800,5.688889026641846
2188928,5.795454502105713
2189072,5.766870975494385
2189504,5.57692289352417
2191248,5.714285850524902
2191296,5.545851707458496
2191584,5.572687149047852
2192000,5.788288116455078
2192320,5.707762718200684
2194272,5.570776462554932
2194848,5.723981857299805
2194880,5.663716793060303
2195104,5.675675868988037
2195136,5.723981857299805
2195616,5.644444465637207
2195696,5.577777862548828
2196080,5.641592979431152
2196240,5.4337897300720215
2197664,5.786163330078125
2198480,5.55555534362793
2198816,5.889570713043213
2200768,5.414012908935547
2200976,5.5429863929748535
2201552,5.443037986755371
2202048,5.590909004211426
2203280,5.502283096313477
2204496,5.365296840667725
2205008,5.429864406585693
2205008,5.47169828414917
2205600,5.452488899230957
2205632,5.766870975494385
2206912,5.592105388641357
2208192,5.608108043670654
2209872,5.687830924987793
2209904,5.277777671813965
2210416,5.707762718200684
2212160,5.593607425689697
2212288,5.720523834228516
2212448,5.714285850524902
2212560,5.645161151885986
2212720,5.649717330932617
2212800,5.508849620819092
2213408,5.825687885284424
2214160,5.795454502105713
2214976,5.629629611968994
2215856,5.900900840759277
2216800,5.722891330718994
2217152,5.8108110427856445
2217808,5.704845905303955
2218448,5.578703880310059
2219200,5.763888835906982
2220384,5.762331962585449
2221712,5.829596519470215
2222880,5.756880760192871
2222896,5.6306304931640625
2224064,5.7272725105285645
2224096,5.142857074737549
2224976,5.701357364654541
2225472,5.940170764923096
2225728,5.608108043670654
2226480,5.8035712242126465
2228560,5.458715438842773
2228576,5.8035712242126465
2229344,5.691964149475098
2230048,5.585585594177246
2230688,5.811403274536133
2230768,5.717488765716553
2230976,5.811403274536133
2231184,5.525114059448242
2233648,5.8035712242126465
2233648,5.678732872009277
2234320,5.791855335235596
2234512,5.679999828338623
2234640,5.701754570007324
2234752,5.9234232902526855
2235584,5.811403274536133
2235712,5.560538291931152
2235776,5.669642925262451
2237136,5.78341007232666
2237744,6.036036014556885
2238080,5.788288116455078
2239184,5.6167402267456055
2240048,5.9772725105285645
2240672,5.625
2240752,6.111111164093018
2241552,5.736607074737549
2242448,6.094674587249756
2242544,5.585585594177246
2242608,5.636363506317139
2243600,5.633802890777588
2243616,5.8108110427856445
2244176,5.895196437835693
2245120,5.086206912994385
2246208,5.585585594177246
2246368,5.800000190734863
2246448,5.680751323699951
2247216,5.599999904632568
2247792,5.736607074737549
2248032,5.6392693519592285
2248640,5.730593681335449
2249696,5.898617744445801
2249792,5.852017879486084
2249936,5.54054069519043
2249984,5.863636493682861
2250672,5.909090995788574
2251376,5.762331962585449
2252096,5.679012298583984
2252432,5.704545497894287
2252608,5.705521583557129
2252640,5.526315689086914
2253472,5.338983058929443
2254368,5.627802848815918
2255440,1.0
2256224,5.666666507720947
2256768,5.525114059448242
2257888,5.547945022583008
2258320,5.636363506317139
2258672,5.742358207702637
2258912,5.7589287757873535
2259648,5.560538291931152
2261536,5.770925045013428
2261904,5.605381011962891
2262992,5.701357364654541
2263888,5.791855335235596
2264144,5.791855335235596
2264464,5.859030723571777
2265120,5.698198318481445
2265488,5.8108110427856445
2266576,5.538116455078125
2267616,6.124031066894531
2267680,5.931818008422852
2268128,5.432098865509033
2269024,5.736607074737549
2269120,5.597345352172852
2269472,5.743243217468262
2269744,5.529953956604004
2270176,5.782608509063721
2271664,5.792683124542236
2272032,5.755555629730225
2272256,5.743243217468262
2272624,5.779816627502441
2273328,5.695067405700684
2274464,5.651162624359131
2275024,5.458715438842773
2275296,5.951327323913574
2277248,5.723981857299805
2277520,5.7906975746154785
2278160,5.818181991577148
2278784,5.972850799560547
2279216,5.717592716217041
2280528,5.870535850524902
2280896,5.6167402267456055
2281744,5.711111068725586
2282128,5.802752494812012
2282992,5.774336338043213
2284064,5.907079696655273
2284576,5.862832069396973
2284960,5.856481552124023
2285328,5.8071746826171875
2285552,5.8370041847229
2286336,5.565610885620117
2288256,5.6875
2288496,5.7207207679748535
2288720,5.788288116455078
2288960,5.7522125244140625
2289168,5.688889026641846
2289248,5.527523040771484
2289888,5.769230842590332
2290624,5.878378391265869
2291184,5.769230842590332
2292048,5.769230842590332
2292240,5.641592979431152
2292512,5.78389835357666
2292720,5.69444465637207
2292880,5.411764621734619
2293584,5.5
2293712,5.707762718200684
2296032,5.753424644470215
2296192,5.532407283782959
2298880,5.580357074737549
2299248,6.2443437576293945
2299792,5.6473212242126465
2302240,5.864197731018066
2303632,5.7110090255737305
2303728,5.829493045806885
2305328,5.460122585296631
2305488,5.7207207679748535
2306176,5.7860260009765625
2306688,5.619469165802002
2307232,5.825687885284424
2307392,5.818583965301514
2307648,5.76576566696167
2308800,5.828729152679443
2308912,5.426009178161621
2309184,5.612903118133545
2310016,5.6392693519592285
2311008,5.688889026641846
2311216,5.54054069519043
2311728,5.769230842590332
2312560,5.660792827606201
2313072,5.55555534362793
2314304,5.859030723571777
2314656,5.462554931640625
2315280,5.560538291931152
2316192,5.660792827606201
2316432,5.701754570007324
2316512,5.836909770965576
2316512,5.526315689086914
2317744,5.616438388824463
2317840,5.866666793823242
2317888,5.617283821105957
2317904,5.825892925262451
2318304,5.748898506164551
2319056,5.521472454071045
2319808,5.5333333015441895
2319856,5.545454502105713
2321312,5.54054069519043
2322576,5.502283096313477
2324432,5.398773193359375
2324640,5.070422649383545
2325040,5.495495319366455
2325488,5.593220233917236
2326016,5.633484363555908
2326160,5.426009178161621
2327216,5.8119659423828125
2327248,5.5829596519470215
2329632,5.5333333015441895
2330048,5.54054069519043
2331728,5.605381011962891
2331984,5.577777862548828
2332192,5.691964149475098
2332592,5.800000190734863
2333568,5.588235378265381
2333632,5.762331962585449
2334416,5.438596725463867
2335440,6.0
2335856,5.527950286865234
2337024,5.439815044403076
2337200,5.592105388641357
2337984,5.5180182456970215
2338400,5.569620132446289
2339680,5.696969509124756
2339904,5.8108110427856445
2340736,5.653152942657471
2341584,5.504587173461914
2341984,5.627802848815918
2342112,5.409090995788574
2342400,5.54054069519043
2342512,5.4751129150390625
2342912,5.511111259460449
2343216,5.409090995788574
2344144,5.653152942657471
2344272,5.605381011962891
2345040,5.818181991577148
2345936,5.681818008422852
2347600,5.597484111785889
2347696,5.791855335235596
2347728,5.8385090827941895
2347792,5.6392693519592285
2347840,5.7727274894714355
2349104,5.622222423553467
2349328,5.849999904632568
2350768,5.874439239501953
2351216,5.593607425689697
2351488,5.870535850524902
2352224,5.833333492279053
2352688,5.779816627502441
2353520,5.55555534362793
2354000,5.717488765716553
2354368,5.714285850524902
2354976,5.442477703094482
2355616,5.7906975746154785
2355840,5.55555534362793
2356304,5.97777795791626
2356400,5.753424644470215
2356800,5.732758522033691
2358352,5.799086570739746
2358608,5.790598392486572
2358928,5.654450416564941
2359680,5.563063144683838
2359888,5.852017879486084
2360176,5.8125
2360672,5.840517044067383
2361344,5.748898506164551
2362112,5.795454502105713
2362192,5.429864406585693
2362208,5.736607074737549
2362896,5.60606050491333
2363904,5.852017879486084
2364336,5.789473533630371
2364448,5.7860260009765625
2365664,5.678732872009277
2365792,5.78125
2365808,5.580357074737549
2366112,5.704545497894287
2366528,5.7522125244140625
2367840,5.733944892883301
2368000,5.6108598709106445
2369312,5.769230842590332
2369488,5.874439239501953
2369616,5.7727274894714355
2370896,5.462963104248047
2371440,5.691964149475098
2373232,6.072961330413818
2376416,5.5050506591796875
2376464,5.590909004211426
2376912,5.855855941772461
2376944,5.678732872009277
2377168,5.545454502105713
2377328,5.69444465637207
2378176,5.665137767791748
2379024,5.779816627502441
2379248,5.546218395233154
2379520,5.679012298583984
2380064,6.195652008056641
2380064,5.424107074737549
2381648,5.69444465637207
2383328,5.723981857299805
2383376,5.829596519470215
2383392,5.940366744995117
2383632,5.900900840759277
2383696,5.930232524871826
2384288,5.701357364654541
2385840,5.660377502441406
2386928,5.814479827880859
2386992,5.714285850524902
2387872,5.717488765716553
2388384,6.004566192626953
2389056,5.342465877532959
2389776,5.5625
2389904,5.9347825050354
2390928,5.585585594177246
2392976,5.917030334472656
2393056,5.784753322601318
2393392,5.550458908081055
2393520,5.577777862548828
2394032,5.762331962585449
2394128,5.656108379364014
2394432,5.859030723571777
2394496,5.675675868988037
2395200,5.596330165863037
2395808,5.619266033172607
2395936,5.7272725105285645
2396864,5.7727274894714355
2398064,5.833333492279053
2398848,5.828876972198486
2399040,5.723270416259766
2400544,5.746606349945068
2400576,5.617283821105957
2400624,5.909090995788574
2401312,5.704545497894287
2401728,5.438596725463867
2402416,5.6306304931640625
2402944,5.8108110427856445
2404896,5.717488765716553
2407712,5.837103843688965
2407744,5.5227274894714355
2408112,5.5760369300842285
2408208,5.384615421295166
2408448,5.5429863929748535
2410048,5.972850799560547
2410160,5.730088710784912
2410528,5.849056720733643
2410960,5.701357364654541
2411488,5.852017879486084
2411600,5.714285850524902
2411696,5.898617744445801
2411952,5.619266033172607
2413136,5.625
2413712,5.833333492279053
2414736,5.837209224700928
2415584,5.644444465637207
2417040,5.672645568847656
2417264,5.678732872009277
2417296,5.597484111785889
2418752,5.613636493682861
2420048,5.643274784088135
2420400,5.59782600402832
2421184,5.78125
2422288,5.681818008422852
2422352,5.665235996246338
2424400,5.412844181060791
2425088,5.5760369300842285
2425824,5.986546993255615
2426688,5.660792827606201
2427568,5.878378391265869
2427584,5.6744184494018555
2428496,5.622119903564453
2428560,6.059321880340576
2429904,5.733333110809326
2430272,5.627802848815918
2431040,5.730593681335449
2431072,5.833333492279053
2432064,5.450450420379639
2432224,5.669642925262451
2432448,5.7522125244140625
2434048,5.668202877044678
2434592,5.8597283363342285
2435040,5.8385090827941895
2435696,5.973451137542725
2435728,5.911110877990723
2436944,5.460122585296631
2438448,6.101321697235107
2440224,5.656108379364014
2441664,6.04072380065918
2441856,5.535714149475098
2441984,5.886363506317139
2441984,5.755555629730225
2442512,5.678732872009277
2442768,5.863636493682861
2442880,5.91928243637085
2442976,5.720523834228516
2445248,5.829596519470215
2446736,5.756880760192871
2447680,5.746606349945068
2448656,5.802469253540039
2449088,5.7207207679748535
2449792,5.582822322845459
2450704,5.714285850524902
2451280,5.789473533630371
2452496,5.6306304931640625
2452784,5.316455841064453
2453488,5.784753322601318
2455328,5.7589287757873535
2457040,5.416666507720947
2459344,6.09375
2459776,5.633484363555908
2461360,5.730593681335449
2462320,6.018518447875977
2462896,5.769230842590332
2463232,5.788288116455078
2465264,5.800000190734863
2465632,5.829596519470215
2466000,5.8071746826171875
2466464,5.743243217468262
2467168,5.656108379364014
2468480,6.004464149475098
2469648,5.416666507720947
2469696,5.76086950302124
2470048,5.874439239501953
2471184,5.565610885620117
2471744,5.714285850524902
2472304,5.7079644203186035
2472704,5.285714149475098
2473264,5.945945739746094
2473504,5.876288890838623
2473680,5.619469165802002
2474464,5.890410900115967
2475936,5.884955883026123
2476064,5.959596157073975
2476416,5.8913044929504395
2476640,5.689655303955078
2476784,5.91928243637085
2477008,5.940366744995117
2477248,5.8108110427856445
2478352,5.7727274894714355
2479536,5.9375
2479824,6.125
2480256,5.800000190734863
2480272,5.550458908081055
2481632,5.662100315093994
2482640,5.955555438995361
2483056,6.129032135009766
2484096,5.894495487213135
2484720,5.825687885284424
2485264,5.767543792724609
2486176,5.909090995788574
2486672,5.622119903564453
2487408,5.833333492279053
2488368,5.542168617248535
2488464,5.840707778930664
2488800,6.0227274894714355
2489008,5.933333396911621
2490080,5.733944892883301
2490144,5.9490742683410645
2490256,5.91928243637085
2490320,5.696202754974365
2490960,5.8597283363342285
2490976,5.795454502105713
2491088,5.829493045806885
2491936,5.878378391265869
2492288,5.814978122711182
2493296,5.7207207679748535
2493632,5.9276018142700195
2493696,5.8177571296691895
2494496,5.974842548370361
2494512,5.769230842590332
2495840,5.814479827880859
2496256,5.804347991943359
2497136,5.8715596199035645
2497264,5.65217399597168
2498240,5.969827651977539
2499168,5.874439239501953
2499856,5.736607074737549
2500816,5.704225540161133
2500864,5.400000095367432
2501584,5.7110090255737305
2502112,6.017699241638184
2502368,5.424107074737549
2502768,5.46875
2503120,5.926723957061768
2503424,5.7207207679748535
2504336,5.707762718200684
2504368,5.848623752593994
2504448,5.431818008422852
2505264,5.807860374450684
2505280,5.1785712242126465
2505856,5.708154678344727
2505904,5.5
2506336,5.833333492279053
2506624,5.515695095062256
2508032,5.76086950302124
2508176,5.883620738983154
2508272,5.8597283363342285
2508944,5.714285850524902
2509504,5.7589287757873535
2509520,5.617283821105957
2509888,5.497737407684326
2512288,5.756880760192871
2512416,5.909090995788574
2512496,5.723981857299805
2512624,5.454545497894287
2512688,5.440528869628906
2513024,5.714285850524902
2513712,5.596330165863037
2514944,5.723981857299805
2515296,5.545454502105713
2515664,5.9146342277526855
2516096,5.7272725105285645
2516512,5.675675868988037
2516720,5.656108379364014
2517904,5.753424644470215
2518688,5.729613780975342
2518752,5.777777671813965
2519280,5.698198318481445
2519664,5.829493045806885
2519712,5.680473327636719
2520144,5.619469165802002
2520832,5.681818008422852
2521504,5.78125
2522480,5.945945739746094
2523200,5.568181991577148
2523744,5.9598212242126465
2524432,5.714285850524902
2524784,5.526315689086914
2525024,5.7485032081604
2526288,5.545454502105713
2528656,5.818583965301514
2529424,5.644444465637207
2529856,5.675675868988037
2530288,5.967741966247559
2531568,5.470851898193359
2532208,5.642201900482178
2532368,5.701357364654541
2532864,5.840909004211426
2533504,5.859030723571777
2534256,5.480349540710449
2535040,5.7272725105285645
2535184,5.777777671813965
2535296,5.905172348022461
2535808,5.513392925262451
2536048,5.720523834228516
2536128,5.563063144683838
2536448,5.739910125732422
2537056,5.701357364654541
2537808,5.678732872009277
2538608,5.5180182456970215
2538800,5.733333110809326
2538864,5.990991115570068
2542160,5.40723991394043
2542608,5.636363506317139
2542864,5.743243217468262
2543168,5.7272725105285645
2543408,5.599078178405762
2543904,5.814479827880859
2544096,5.8108110427856445
2544176,5.75
2544192,5.678732872009277
2545344,5.681818008422852
2546160,5.723981857299805
2546736,5.6473212242126465
2546928,5.867579936981201
2546960,5.853658676147461
2548000,5.566037654876709
2548512,5.65217399597168
2549648,5.552995204925537
2551024,5.695067405700684
2552656,5.7589287757873535
2553456,5.769230842590332
2554096,5.642201900482178
2554128,5.483870983123779
2554848,5.707762718200684
2555024,5.779816627502441
2555056,5.622222423553467
2555104,5.616438388824463
2555712,5.691244125366211
2556032,5.865800857543945
2556672,5.840707778930664
2557680,5.375
2558384,5.840909004211426
2558560,5.636363506317139
2559568,5.7272725105285645
2559808,6.069869041442871
2560544,5.799086570739746
2561040,5.7792205810546875
2561280,5.605381011962891
2563072,5.779816627502441
2563392,5.784753322601318
2563936,5.8071746826171875
2564176,5.575221061706543
2564576,5.5227274894714355
2564880,5.4464287757873535
2565664,5.619266033172607
2565792,6.123348236083984
2565840,5.96069860458374
2567472,5.6875
2569344,5.67685604095459
2570224,5.580357074737549
2570864,5.494505405426025
2571120,5.550660610198975
2572080,5.796460151672363
2573232,5.270270347595215
2573440,5.7746477127075195
2573696,5.672645568847656
2573872,5.660792827606201
2574256,5.653152942657471
2576256,5.580357074737549
2576320,5.645161151885986
2576672,5.656108379364014
2577792,5.590909004211426
2578064,5.6306304931640625
2579888,5.76576566696167
2579904,5.660792827606201
2580320,5.248227119445801
2580800,5.84782600402832
2582368,5.675675868988037
2583376,5.921658992767334
2583760,5.717592716217041
2583872,5.588235378265381
2583888,5.695067405700684
2584352,5.890410900115967
2584976,5.6473212242126465
2586048,5.8385090827941895
2586304,5.727848052978516
2587408,5.681818008422852
2587888,5.479452133178711
2588624,5.625
2590832,5.755555629730225
2593504,5.479452133178711
2593952,5.7110090255737305
2594432,5.46875
2594656,5.8968610763549805
2595120,5.691964149475098
2595600,5.8597283363342285
2595696,5.784753322601318
2595904,5.479452133178711
2595952,5.7906975746154785
2596528,5.746606349945068
2597040,5.669642925262451
2597056,5.633484363555908
2597440,5.7373270988464355
2597968,5.75
2598048,5.8450703620910645
2598240,5.695067405700684
2599120,5.936072826385498
2600320,5.6744184494018555
2601008,5.6306304931640625
2601552,6.055046081542969
2601792,5.52036190032959
2601888,5.733944892883301
2603072,5.862832069396973
2603824,5.596330165863037
2605008,5.795454502105713
2606576,5.642201900482178
2606592,5.58695650100708
2607248,5.878378391265869
2607888,5.859030723571777
2608384,5.622119903564453
2608944,5.597345352172852
2609296,5.733944892883301
2609392,5.7207207679748535
2610752,5.590909004211426
2610768,5.886363506317139
2610992,5.641592979431152
2612112,5.671296119689941
2612960,5.743243217468262
2613632,5.470851898193359
2613680,5.818181991577148
2613728,5.678732872009277
2613840,5.73913049697876
2614256,5.458715438842773
2614560,5.8552632331848145
2614640,5.881057262420654
2615520,5.5429863929748535
2616512,5.882352828979492
2617408,5.945945739746094
2617792,5.636363506317139
2617936,5.739910125732422
2619488,5.757575988769531
2619616,5.775862216949463
2619728,5.784753322601318
2620880,5.704545497894287
2621424,5.7522125244140625
2621456,5.502283096313477
2621872,5.545454502105713
2621936,5.8108110427856445
2623216,5.691964149475098
2624448,5.698198318481445
2625136,5.8296942710876465
2625392,5.633484363555908
2626752,5.545454502105713
2626848,5.760368824005127
2626960,5.8035712242126465
2627888,5.7207207679748535
2628016,5.802752494812012
2628224,5.787036895751953
2628256,5.814479827880859
2628464,5.904977321624756
2628720,5.627802848815918
2628880,5.753424644470215
2629040,5.352112770080566
2631520,5.458715438842773
2631744,5.944206237792969
2632224,5.733944892883301
2632608,5.855855941772461
2632672,5.818181991577148
2633520,5.747663497924805
2634032,5.560538291931152
2635296,5.8597283363342285
2635328,5.886363506317139
2636064,5.848214149475098
2636688,6.0
2638608,5.733944892883301
2639152,6.160714149475098
2642720,6.081080913543701
2642880,5.9772725105285645
2643056,5.909090995788574
2644576,5.788288116455078
2646464,5.650224208831787
2646640,5.874439239501953
2646672,5.964125633239746
2649584,5.899122714996338
2649728,5.672645568847656
2650736,6.044444561004639
2651664,5.878378391265869
2652816,5.353535175323486
2652912,5.8715596199035645
2653360,5.6306304931640625
2653600,6.044444561004639
2654112,5.7207207679748535
2654288,5.678732872009277
2654512,5.681818008422852
2655248,5.515695095062256
2656368,5.633484363555908
2656384,5.7207207679748535
2656480,5.675675868988037
2656672,5.75
2656720,5.6392693519592285
2657680,5.945945739746094
2657856,6.036036014556885
2657888,5.792683124542236
2658288,5.726872444152832
2659920,5.818181991577148
2660224,5.9633026123046875
2661264,5.627802848815918
2661408,5.814479827880859
2661424,5.681818008422852
2662160,5.755555629730225
2663120,6.065573692321777
2663488,5.743243217468262
2664160,5.675675868988037
2665008,5.695067405700684
2666192,5.580357074737549
2667440,5.904977321624756
2667952,5.717592716217041
2668256,5.542168617248535
2668560,5.8222222328186035
2668624,5.936072826385498
2671008,5.833333492279053
2671296,5.625
2671376,5.849999904632568
2672128,5.8108110427856445
2673360,5.6108598709106445
2673824,5.782608509063721
2674144,5.769230842590332
2674368,5.760368824005127
2674816,5.4772725105285645
2677344,5.558035850524902
2677712,5.945945739746094
2677920,5.723981857299805
2678192,5.804347991943359
2678512,5.52036190032959
2678672,5.91928243637085
2679344,5.691964149475098
2681296,5.91928243637085
2681520,5.669642925262451
2682064,5.76576566696167
2682880,5.6392693519592285
2684016,5.695067405700684
2684352,5.580357074737549
2684608,5.840707778930664
2685024,5.711206912994385
2685264,5.746606349945068
2685696,5.755555629730225
2685856,5.788288116455078
2686416,5.75
2688144,5.704545497894287
2688224,5.746606349945068
2688560,5.7727274894714355
2688800,5.720930099487305
2689328,5.774336338043213
2689360,5.573394298553467
2689936,5.698198318481445
2690048,5.917431354522705
2691104,5.601851940155029
2691392,5.547945022583008
2691664,5.753424644470215
2692416,5.814479827880859
2693520,5.874439239501953
2695200,5.886363506317139
2695760,5.613636493682861
2695888,5.7110090255737305
2696224,6.067415714263916
2696272,5.8035712242126465
2696480,5.685840606689453
2696608,5.688889026641846
2696976,5.813953399658203
2697872,5.777777671813965
2698592,5.6026787757873535
2699264,5.894495487213135
2699376,5.78341007232666
2699776,5.666666507720947
2699952,5.357142925262451
2700000,6.034482955932617
2700160,5.8733625411987305
2700176,5.7207207679748535
2700592,5.717592716217041
2700704,5.913241863250732
2700832,5.859030723571777
2702320,5.788288116455078
2702960,5.650224208831787
2703760,5.848214149475098
2704464,5.187970161437988
2705344,5.875
2706816,5.791855335235596
2707232,6.087963104248047
2707632,5.746606349945068
2707776,5.653152942657471
2710336,5.662100315093994
2711312,5.9772725105285645
2712832,6.113636493682861
2712992,5.9375
2713568,5.678732872009277
2713664,5.898617744445801
2714016,5.802752494812012
2714224,5.7762556076049805
2714288,5.841121673583984
2714832,5.9954752922058105
2714880,5.844444274902344
2714912,5.8597283363342285
2715328,5.956521511077881
2716416,5.829596519470215
2716624,5.951327323913574
2717120,5.746606349945068
2717360,5.695652008056641
2717488,5.982142925262451
2717552,6.0
2717776,5.837103843688965
2718384,5.848623752593994
2718608,5.9210524559021
2719744,5.701357364654541
2720160,5.75
2721360,5.829596519470215
2721360,5.650224208831787
2723392,5.704845905303955
2723840,5.859030723571777
2724448,5.739910125732422
2724992,5.553097248077393
2725696,5.577777862548828
2725728,5.788288116455078
2726848,5.813953399658203
2727104,5.787036895751953
2727168,5.9598212242126465
2727984,5.909090995788574
2728000,6.042780876159668
2728544,5.972850799560547
2728992,5.9954752922058105
2729872,5.0
2730240,5.795454502105713
2731024,6.004464149475098
2731488,5.779816627502441
2731648,5.616438388824463
2732256,5.775000095367432
2733760,5.707762718200684
2735088,5.8177571296691895
2735104,5.608108043670654
2736304,5.54054069519043
2736864,5.642201900482178
2737376,5.777777671813965
2739200,5.973451137542725
2740448,5.964125633239746
2740496,5.833333492279053
2741056,5.742358207702637
2741808,5.892857074737549
2742480,5.982142925262451
2743424,5.810184955596924
2743584,6.115880012512207
2744080,6.008968830108643
2744704,6.189427375793457
2744848,6.025640964508057
2745120,5.894495487213135
2746800,6.004366874694824
2746832,5.917431354522705
2747536,5.547945022583008
2748112,5.948718070983887
2748304,5.7906975746154785
2748368,5.746606349945068
2749392,5.580357074737549
2749840,5.678732872009277
2751632,5.6392693519592285
2754880,5.669642925262451
2755264,5.796460151672363
2755360,5.900900840759277
2755696,5.890410900115967
2756608,5.8447489738464355
2757168,5.904977321624756
2757456,5.791855335235596
2757680,5.7373270988464355
2760160,5.791855335235596
2760256,5.969162940979004
2760304,5.911214828491211
2761968,5.75
2762176,5.913978576660156
2762512,5.644444465637207
2762608,5.717488765716553
2763232,5.9151787757873535
2763712,5.588235378265381
2763776,5.726872444152832
2763840,5.874439239501953
2764208,5.573394298553467
2767344,5.685840606689453
2767552,5.568181991577148
2767792,5.627802848815918
2767984,5.955555438995361
2768352,5.753424644470215
2769408,6.138392925262451
2770256,5.513392925262451
2770928,5.739910125732422
2770928,5.8715596199035645
2771088,5.795454502105713
2771328,5.7272725105285645
2771520,5.840909004211426
2773440,5.911110877990723
2774432,5.7589287757873535
2774480,5.950226306915283
2774496,5.878378391265869
2774800,5.714285850524902
2775456,5.762331962585449
2778000,5.54054069519043
2778048,5.814479827880859
2778240,5.840707778930664
2778512,5.814479827880859
2779488,5.795454502105713
2780656,5.55555534362793
2780864,5.590909004211426
2781376,5.717488765716553
2781408,5.627802848815918
2781552,5.769230842590332
2781744,5.825687885284424
2784208,5.8597283363342285
2784912,5.886363506317139
2784944,5.886363506317139
2785152,5.4910712242126465
2785392,5.947136402130127
2786736,5.701357364654541
2787776,5.6306304931640625
2788480,5.636363506317139
2788720,5.833333492279053
2788832,5.435780048370361
2789312,5.614035129547119
2790304,5.608108043670654
2790720,5.68807315826416
2791584,5.717592716217041
2791968,5.665137767791748
2792384,5.8071746826171875
2792400,5.611353874206543
2792400,5.675675868988037
2792656,5.6108598709106445
2793376,5.659090995788574
2793952,5.682819366455078
2794208,5.898617744445801
2794912,5.573394298553467
2794976,5.5
2795072,5.898617744445801
2795520,5.678732872009277
2795936,5.78125
2796176,5.6392693519592285
2798576,5.9375
2798976,5.581395149230957
2799680,5.7522125244140625
2801520,5.668103218078613
2802048,5.648148059844971
2802064,5.672645568847656
2802592,5.599999904632568
2803152,5.7110090255737305
2804096,5.627802848815918
2804640,5.662100315093994
2805104,5.605381011962891
2805712,5.829596519470215
2806192,5.6026787757873535
2806688,5.704545497894287
2806720,5.6306304931640625
2806896,5.580357074737549
2806944,5.515695095062256
2808688,5.739910125732422
2809344,5.597345352172852
2810448,5.723981857299805
2810464,5.616438388824463
2810928,5.588235378265381
2811056,5.65217399597168
2811376,5.577777862548828
2812480,5.701357364654541
2813792,5.704545497894287
2813984,5.573394298553467
2815024,5.601851940155029
2815712,5.526315689086914
2815744,5.68493127822876
2815984,5.44843053817749
2817728,5.650224208831787
2818048,5.666666507720947
2819280,5.454545497894287
2819616,5.597345352172852
2819952,5.395349025726318
2821648,5.5760369300842285
2823616,5.878378391265869
2823632,5.7641921043396
2824816,5.431818008422852
2825472,5.54054069519043
2826432,5.535714149475098
2826688,5.668202877044678
2827216,5.802469253540039
2828800,5.538116455078125
2829024,5.497737407684326
2829296,5.535714149475098
2829504,5.393258571624756
2829968,5.596330165863037
2830208,5.7762556076049805
2830256,5.68807315826416
2830736,5.38812780380249
2831616,5.470851898193359
2833696,5.55555534362793
2833856,5.6473212242126465
2834448,5.625
2835136,5.68493127822876
2835232,5.855855941772461
2835952,5.604395389556885
2836448,5.644444465637207
2837184,5.653152942657471
2837264,6.013513565063477
2837424,5.653152942657471
2838752,5.422222137451172
2838768,5.32846736907959
2839680,5.603448390960693
2839760,5.75
2841008,5.605381011962891
2841712,5.5
2842288,5.560538291931152
2843424,5.76576566696167
2843952,5.621621608734131
2844304,5.645161151885986
2844848,5.408804893493652
2845360,5.5180182456970215
2846096,5.592105388641357
2846480,5.405405521392822
2846592,5.560538291931152
2846864,5.590909004211426
2848032,5.605381011962891
2848480,5.486725807189941
2848640,5.588235378265381
2850160,5.585585594177246
2850416,5.55555534362793
2852992,5.633484363555908
2853568,5.568181991577148
2853952,5.567685604095459
2854240,5.588235378265381
2856336,5.52036190032959
2857008,5.405405521392822
2857008,5.5180182456970215
2859888,5.497737407684326
2860320,5.5180182456970215
2860640,5.641592979431152
2861472,5.401785850524902
2862144,5.5
2862368,5.636363506317139
2863024,5.46875
2863440,5.588235378265381
2864432,5.882352828979492
2865424,5.842105388641357
2866560,5.438596725463867
2866832,5.185184955596924
2867040,5.424107074737549
2867088,5.410958766937256
2867664,5.6026787757873535
2868032,5.401785850524902
2869440,5.465116500854492
2869728,5.633484363555908
2869760,5.545454502105713
2869920,5.4772725105285645
2870032,5.439815044403076
2870368,5.409090995788574
2870576,5.795454502105713
2871232,5.3378376960754395
2872944,5.68807315826416
2873040,5.4666666984558105
2874544,5.589519500732422
2874800,5.585585594177246
2876288,5.528634548187256
2877520,5.5333333015441895
2879856,5.408804893493652
2880160,5.660792827606201
2880176,5.5429863929748535
2880528,5.424107074737549
2881360,5.6026787757873535
2881728,5.6026787757873535
2882432,5.528634548187256
2883168,5.543478488922119
2883760,5.874439239501953
2884512,5.528634548187256
2884720,5.5829596519470215
2886000,5.472972869873047
2886784,5.5333333015441895
2886880,5.454545497894287
2887328,5.545851707458496
2887664,5.650224208831787
2887728,5.5
2888064,5.791855335235596
2888400,5.504587173461914
2888592,5.341614723205566
2888928,5.530973434448242
2890320,5.454545497894287
2891024,5.4666666984558105
2891296,5.563063144683838
2891568,5.575221061706543
2891648,5.8071746826171875
2891968,5.563063144683838
2894176,5.26881742477417
2894192,5.6473212242126465
2894464,5.580357074737549
2894528,5.7110090255737305
2894848,5.636363506317139
2894960,4.583333492279053
2895328,5.464601993560791
2897440,5.538116455078125
2897776,5.515695095062256
2898272,5.51643180847168
2898544,5.627802848815918
2898800,5.3070173263549805
2899056,5.8447489738464355
2899296,5.5069122314453125
2900048,5.299145221710205
2901168,5.387930870056152
2901232,5.472972869873047
2901424,5.682819366455078
2901824,5.40723991394043
2902448,5.784753322601318
2902848,5.4751129150390625
2902864,5.663716793060303
2903584,5.5
2905568,5.5760369300842285
2905760,5.350877285003662
2905872,5.552995204925537
2908272,5.757575988769531
2908736,5.613636493682861
2909296,5.5
2909392,5.525114059448242
2909600,5.54054069519043
2910384,5.8035712242126465
2910528,5.552147388458252
2912240,5.412844181060791
2912672,5.493273735046387
2912928,5.545454502105713
2912944,5.608108043670654
2913008,5.670995712280273
2913088,5.470851898193359
2914160,5.7522125244140625
2914272,5.580357074737549
2915392,5.593607425689697
2915536,5.669642925262451
2916288,5.644444465637207
2916640,5.565610885620117
2918000,5.522387981414795
2918800,5.72429895401001
2918992,5.545454502105713
2919280,5.560538291931152
2922880,5.545454502105713
2923280,5.7943925857543945
2923648,5.52036190032959
2924448,5.520231246948242
2926592,5.840707778930664
2927024,5.51643180847168
2927264,5.695067405700684
2927712,5.5760369300842285
2929152,5.535714149475098
2929632,5.656108379364014
2929856,5.426009178161621
2929952,5.704845905303955
2930112,5.525114059448242
2930944,5.5180182456970215
2932672,5.502283096313477
2933120,5.524017333984375
2933504,5.452488899230957
2933552,5.560538291931152
2934288,5.622222423553467
2934864,5.538116455078125
2935696,5.482456207275391
2935760,5.32846736907959
2935920,5.24271821975708
2936848,5.539906024932861
2937248,5.580357074737549
2937968,5.567685604095459
2938080,5.386363506317139
2938784,5.495495319366455
2939280,5.38812780380249
2939376,5.589519500732422
2939904,5.4666666984558105
2940240,5.504587173461914
2940400,5.588235378265381
2940496,5.56872034072876
2942784,5.619266033172607
2943120,5.38812780380249
2943360,5.617283821105957
2944144,5.264317035675049
2946640,5.502283096313477
2946976,5.547945022583008
2946992,5.619469165802002
2947456,5.452488899230957
2947488,5.381165981292725
2947520,5.616438388824463
2948368,5.570776462554932
2948768,5.493273735046387
2949504,5.68493127822876
2949984,5.442477703094482
2950144,5.389908313751221
2950240,5.6473212242126465
2950608,5.55555534362793
2951104,5.381165981292725
2952416,5.374449253082275
2953456,5.087719440460205
2953888,5.792951583862305
2954176,5.778894424438477
2954640,5.563063144683838
2956112,5.3913044929504395
2956320,5.590909004211426
2956640,5.5829596519470215
2956992,5.4772725105285645
2957504,5.599999904632568
2957552,5.568181991577148
2957696,5.456621170043945
2958208,5.483870983123779
2958912,5.622222423553467
2960528,5.590909004211426
2961792,5.515695095062256
2961792,5.288888931274414
2962576,5.526315689086914
2964576,5.44444465637207
2964640,5.527523040771484
2964768,5.403587341308594
2965360,5.633187770843506
2966768,5.4772725105285645
2966896,5.608108043670654
2967120,5.526315689086914
2968192,5.666666507720947
2968208,5.44444465637207
2968272,5.481651306152344
2968880,5.4751129150390625
2970496,5.6026787757873535
2971408,5.0
2971824,5.565610885620117
2972288,5.408804893493652
2972560,5.440528869628906
2972592,5.625
2973008,5.342465877532959
2973504,5.38812780380249
2973952,5.515695095062256
2975152,5.374449253082275
2975248,5.6108598709106445
2976080,5.5
2976144,5.504385948181152
2976912,5.597484111785889
2976992,5.438596725463867
2977616,5.570175647735596
2977968,5.36697244644165
2978848,5.6108598709106445
2979552,5.708154678344727
2979632,5.599078178405762
2979664,5.8071746826171875
2984416,5.641592979431152
2985008,5.605381011962891
2985440,5.535714149475098
2985824,5.484581470489502
2986672,5.456621170043945
2986784,5.5227274894714355
2987904,5.410958766937256
2988432,5.384615421295166
2988656,5.585585594177246
2989344,5.479452133178711
2990176,5.769230842590332
2990400,5.777777671813965
2991664,5.590909004211426
2991728,5.472972869873047
2992096,5.789473533630371
2994000,5.691964149475098
2994240,5.535714149475098
2996448,5.707762718200684
2996560,5.353982448577881
2997328,5.599078178405762
2997376,5.550660610198975
2997552,5.565610885620117
2998640,5.5429863929748535
2999488,5.633484363555908
3002192,5.644444465637207
3002720,5.547945022583008
3002720,5.614035129547119
3002976,5.553097248077393
3003120,5.5652174949646
3003152,5.657894611358643
3003408,5.7276997566223145
3005504,5.470085620880127
3005840,5.530973434448242
3006272,5.52036190032959
3006336,5.377777576446533
3006336,5.534591197967529
3006528,5.6108598709106445
3007600,5.933333396911621
3008688,5.558035850524902
3009040,5.590909004211426
3009424,5.504587173461914
3009456,5.665137767791748
3012480,5.525114059448242
3012560,5.616438388824463
3012816,5.389908313751221
3012912,5.662100315093994
3013008,5.678732872009277
3013776,5.090909004211426
3013840,5.6306304931640625
3014688,5.570776462554932
3015344,5.4910712242126465
3015920,5.837103843688965
3016192,5.464601993560791
3016464,5.633484363555908
3017456,5.55555534362793
3018960,5.488888740539551
3019024,5.283019065856934
3019440,5.570776462554932
3020112,5.545454502105713
3020832,5.578703880310059
3022096,5.696969509124756
3022608,5.599999904632568
3022608,5.550660610198975
3023280,5.376106262207031
3023712,5.535714149475098
3023952,5.253164768218994
3025616,5.616438388824463
3025616,5.668449401855469
3025680,5.8071746826171875
3025856,5.502283096313477
3026992,5.319149017333984
3027184,5.412844181060791
3028096,5.608108043670654
3028432,5.168539524078369
3028624,5.390625
3029296,5.488888740539551
3029440,5.426009178161621
3029456,5.5429863929748535
3030144,5.403726577758789
3031600,5.55555534362793
3031680,5.44843053817749
3032368,5.68493127822876
3032800,5.538116455078125
3032976,5.318181991577148
3033360,5.855855941772461
3033712,5.675675868988037
3034384,5.698198318481445
3035088,5.849056720733643
3035184,5.538116455078125
3036016,5.528634548187256
3036480,5.766870975494385
3036944,5.3913044929504395
3038032,5.560538291931152
3038272,5.941704273223877
3040048,5.528634548187256
3040144,5.635964870452881
3040368,5.669642925262451
3040960,5.665137767791748
3044480,5.662100315093994
3044592,5.784753322601318
3044768,5.599078178405762
3046800,6.026785850524902
3047328,5.691823959350586
3047440,5.753424644470215
3048016,5.545454502105713
3048768,5.672645568847656
3049952,5.5180182456970215
3050128,5.78341007232666
3050400,5.736607074737549
3050880,5.746606349945068
3051632,5.666666507720947
3052064,5.205479621887207
3052448,6.030701637268066
3052640,5.6392693519592285
3054992,5.515695095062256
3055152,5.753424644470215
3056032,5.5180182456970215
3057040,5.581395149230957
3057376,5.558035850524902
3058032,5.665137767791748
3058112,5.691964149475098
3058624,5.641592979431152
3058800,5.770925045013428
3059072,5.685840606689453
3060576,5.590909004211426
3060864,5.945945739746094
3060944,5.535714149475098
3062384,5.739910125732422
3063328,5.688889026641846
3064400,5.78341007232666
3064432,5.78341007232666
3065632,5.723981857299805
3066928,5.714285850524902
3067808,5.650224208831787
3067952,5.294117450714111
3068032,5.589519500732422
3068096,5.526315689086914
3069248,5.814479827880859
3070304,5.82191801071167
3071184,5.909090995788574
3071232,5.633802890777588
3071648,5.956521511077881
3071680,5.682819366455078
3072464,5.639097690582275
3073056,5.704545497894287
3074080,5.577777862548828
3074592,5.696202754974365
3075312,5.486725807189941
3076128,5.684210300445557
3077472,5.8108110427856445
3077952,5.938967227935791
3078336,5.560538291931152
3078768,5.633484363555908
3079536,5.753424644470215
3079616,5.691244125366211
3080080,5.6108598709106445
3081216,5.829596519470215
3081376,5.795454502105713
3082336,5.560538291931152
3082400,5.525114059448242
3082688,6.04938268661499
3083904,5.769230842590332
3084640,5.911110877990723
3084992,5.599999904632568
3085184,5.599999904632568
3085456,5.779816627502441
3085616,5.7589287757873535
3085904,5.472972869873047
3086016,5.8222222328186035
3087520,5.666666507720947
3088112,5.543478488922119
3088160,5.7762556076049805
3089072,5.488888740539551
3089552,5.545454502105713
3090368,5.495689868927002
3090384,5.7207207679748535
3091696,5.704545497894287
3091952,5.52036190032959
3092832,5.363247871398926
3093040,5.54054069519043
3093168,5.888888835906982
3093760,5.837103843688965
3093968,5.691964149475098
3095520,5.7207207679748535
3095808,5.7589287757873535
3096368,5.545454502105713
3096784,5.657894611358643
3097616,5.577777862548828
3098160,5.429864406585693
3098544,6.146341323852539
3099088,5.379746913909912
3099520,5.804347991943359
3100416,5.593607425689697
3100624,5.405405521392822
3100944,5.787036895751953
3101728,5.450450420379639
3102864,5.675675868988037
3103008,5.599078178405762
3103840,5.770925045013428
3103888,5.784753322601318
3103968,5.8510637283325195
3104096,5.787036895751953
3104384,5.560538291931152
3105632,5.622119903564453
3106432,5.508474349975586
3106624,5.55555534362793
3108880,5.6306304931640625
3109056,5.5625
3109152,5.410958766937256
3110128,5.695652008056641
3110144,5.593607425689697
3112720,5.675675868988037
3113840,5.692640781402588
3114288,5.495495319366455
3114528,5.558035850524902
3114864,5.479452133178711
3115408,5.577777862548828
3116240,5.409090995788574
3116288,5.653152942657471
3117280,5.474137783050537
3117312,5.524017333984375
3117440,5.4464287757873535
3117840,5.563063144683838
3118576,5.200892925262451
3120656,5.766870975494385
3120800,5.590909004211426
3121008,5.5180182456970215
3121808,5.5472636222839355
3122336,5.5760369300842285
3123584,5.789473533630371
3124288,5.645161151885986
3124384,5.714285850524902
3124432,5.46875
3124928,5.75
3125712,5.113636493682861
3126144,5.534591197967529
3127856,5.5429863929748535
3128000,5.4666666984558105
3128656,6.120689868927002
3129152,5.433070659637451
3132208,5.791855335235596
3132736,5.7207207679748535
3133216,5.6473212242126465
3135168,5.547945022583008
3135728,5.502283096313477
3136304,5.292792797088623
3136448,5.75
3136736,5.462963104248047
3138432,5.570776462554932
3138464,5.730593681335449
3138576,5.616438388824463
3138592,5.795454502105713
3138720,5.604650974273682
3139328,5.6473212242126465
3139648,5.563063144683838
3141792,5.893719673156738
3142032,5.6026787757873535
3142240,5.814978122711182
3142288,5.563063144683838
3142864,5.8447489738464355
3143280,5.545454502105713
3143440,5.627906799316406
3144944,5.8552632331848145
3145664,5.545454502105713
3146464,5.7589287757873535
3147088,5.136986255645752
3147552,5.535714149475098
3148496,5.723981857299805
3149488,5.535714149475098
3149520,5.460829257965088
3149952,5.5227274894714355
3150432,5.7373270988464355
3150480,5.504587173461914
3151136,5.6392693519592285
3151840,5.363636493682861
3152640,5.708154678344727
3152864,5.76576566696167
3153088,5.691964149475098
3154672,5.568181991577148
3154816,5.529411792755127
3155024,5.409090995788574
3155312,5.563380241394043
3155904,5.605381011962891
3156112,4.897959232330322
3156672,5.597345352172852
3156816,5.668103218078613
3157216,5.5429863929748535
3159712,5.6026787757873535
3160048,5.7589287757873535
3160304,5.929203510284424
3160416,5.535714149475098
3161712,5.616438388824463
3162928,5.7589287757873535
3163888,5.064935207366943
3163936,5.525114059448242
3164480,5.663716793060303
3164816,5.779816627502441
3165808,5.903083801269531
3166800,5.678732872009277
3167136,5.597345352172852
3167456,5.833333492279053
3168000,5.5180182456970215
3168064,5.75
3168192,5.670995712280273
3169120,5.563063144683838
3170352,5.746606349945068
3170688,5.656108379364014
3170816,5.774336338043213
3170848,5.497737407684326
3171632,5.774336338043213
3171664,5.625
3172544,5.54054069519043
3175296,5.840707778930664
3176528,5.691964149475098
3177984,5.6392693519592285
3178480,5.743243217468262
3178784,5.560538291931152
3178832,5.568181991577148
3179712,5.622119903564453
3180128,5.9375
3181120,5.874439239501953
3181488,5.479452133178711
3181504,5.730593681335449
3182272,5.327510833740234
3182288,5.504587173461914
3182416,5.580357074737549
3182912,5.681818008422852
3185024,5.515695095062256
3185056,5.410958766937256
3185584,5.515695095062256
3185856,5.605381011962891
3186864,5.6108598709106445
3188096,5.55555534362793
3188688,5.7589287757873535
3189472,5.54054069519043
3190480,5.644444465637207
3192656,5.704845905303955
3192704,5.653152942657471
3193024,5.585585594177246
3194048,5.7207207679748535
3195760,5.565610885620117
3195840,5.711111068725586
3195888,5.72139310836792
3196000,5.55555534362793
3196480,5.622119903564453
3197552,5.515695095062256
3197664,5.339366436004639
3198736,5.342465877532959
3198960,5.54054069519043
3199584,5.91928243637085
3200192,5.400000095367432
3201232,5.695067405700684
3202320,5.538116455078125
3202544,5.381165981292725
3202896,5.472972869873047
3203056,5.666666507720947
3203440,5.866666793823242
3203696,5.481651306152344
3204256,6.010638236999512
3204816,5.210083961486816
3206736,5.669642925262451
3207312,5.723981857299805
3207872,5.4666666984558105
3208400,5.599999904632568
3210384,5.528634548187256
3210400,5.568181991577148
3210880,5.313901424407959
3211904,5.527523040771484
3213184,5.529953956604004
3213664,5.470851898193359
3215440,5.3271026611328125
3216576,5.666666507720947
3216800,5.44444465637207
3216928,5.793991565704346
3218032,5.435780048370361
3219008,5.8108110427856445
3220160,5.672645568847656
3220304,5.248868942260742
3220448,5.502283096313477
3220848,5.497737407684326
3221824,5.911016941070557
3222560,5.6108598709106445
3223184,5.50632905960083
3223504,5.625
3223840,5.739910125732422
3225040,5.562770366668701
3225600,5.736607074737549
3225616,5.5429863929748535
3225792,5.770925045013428
3226032,5.668789863586426
3226544,5.675675868988037
3227312,5.644444465637207
3227408,5.7207207679748535
3227888,5.645161151885986
3228144,5.72429895401001
3229248,5.796460151672363
3229360,5.733333110809326
3230064,5.704545497894287
3230912,5.481651306152344
3232816,5.54054069519043
3233488,5.560538291931152
3233680,5.429864406585693
3235568,5.6086955070495605
3236224,5.6108598709106445
3236400,5.701357364654541
3236544,5.593607425689697
3236768,5.784753322601318
3236912,5.563063144683838
3237040,5.565610885620117
3239344,5.795454502105713
3239712,5.5069122314453125
3240016,5.589519500732422
3240384,5.599999904632568
3240416,5.36697244644165
3240432,5.090909004211426
3240768,5.633484363555908
3240928,5.990991115570068
3241568,5.733944892883301
3242256,5.465838432312012
3243584,5.486725807189941
3243712,5.779816627502441
3243712,5.829596519470215
3247040,5.733333110809326
3247280,5.76576566696167
3247552,5.495495319366455
3247968,5.730593681335449
3249008,5.52036190032959
3249872,5.97560977935791
3250352,5.678732872009277
3250624,5.403587341308594
3250784,5.740740776062012
3251008,5.661375522613525
3251104,5.769230842590332
3252144,5.675675868988037
3252512,5.54878044128418
3252560,5.791855335235596
3254256,5.597345352172852
3254656,5.840909004211426
3254656,5.701754570007324
3254704,5.8035712242126465
3254944,6.0
3255232,5.698198318481445
3255904,5.7207207679748535
3256480,5.7207207679748535
3257360,6.121212005615234
3257696,5.707762718200684
3258432,5.895196437835693
3259488,5.717488765716553
3259600,5.8071746826171875
3259968,5.645161151885986
3261136,5.931818008422852
3261392,5.791855335235596
3262000,5.743243217468262
3262064,5.890410900115967
3262960,5.787036895751953
3263296,5.84782600402832
3264720,5.8968610763549805
3264800,6.013513565063477
3265152,5.917030334472656
3265536,5.625
3265568,5.678732872009277
3265648,5.672645568847656
3265872,5.964125633239746
3268384,5.695067405700684
3269200,5.950226306915283
3269408,6.090909004211426
3270400,5.9429826736450195
3270608,5.818181991577148
3271632,5.678732872009277
3272192,5.723981857299805
3272512,5.888888835906982
3272720,5.913241863250732
3272720,5.8552632331848145
3273344,4.642857074737549
3273968,5.596330165863037
3273984,5.633484363555908
3274320,6.147186279296875
3275296,5.8108110427856445
3275424,5.593607425689697
3275664,6.04938268661499
3276816,4.375
3277472,5.833333492279053
3277472,5.898617744445801
3278848,5.882352828979492
3278960,5.704545497894287
3279264,5.829493045806885
3279504,5.811403274536133
3280992,5.82191801071167
3282320,5.852017879486084
3282432,5.91928243637085
3282496,5.752688407897949
3282624,5.789473533630371
3283168,5.717488765716553
3283968,5.800000190734863
3284640,6.013216018676758
3285792,5.671296119689941
3286016,5.547945022583008
3286160,5.704545497894287
3286576,5.672645568847656
3286672,5.691964149475098
3287568,5.9598212242126465
3288160,5.570776462554932
3289520,5.986238479614258
3290112,5.8968610763549805
3290288,5.717488765716553
3291200,5.870535850524902
3293008,5.7373270988464355
3293280,5.991189479827881
3293616,5.68807315826416
3293680,5.488372325897217
3294640,5.456621170043945
3296608,5.9817352294921875
3296896,5.641592979431152
3296992,5.643776893615723
3297232,5.669642925262451
3298704,5.550458908081055
3298896,5.791855335235596
3300080,5.837103843688965
3300640,5.792951583862305
3300816,5.4751129150390625
3300976,5.633484363555908
3301744,5.596330165863037
3304144,5.545454502105713
3304240,5.7589287757873535
3304496,5.7641921043396
3304576,5.825892925262451
3305536,5.829383850097656
3305936,5.470085620880127
3307232,5.6026787757873535
3307600,5.717488765716553
3307680,5.909090995788574
3308144,5.806451797485352
3310656,5.40723991394043
3310816,5.493273735046387
3311200,5.4782609939575195
3311408,5.580357074737549
3311552,5.8035712242126465
3313088,5.743243217468262
3314704,5.529953956604004
3315040,5.7522125244140625
3315296,5.508849620819092
3315664,5.625
3316256,5.633484363555908
3318256,5.5429863929748535
3318336,5.365296840667725
3319088,5.732758522033691
3319920,5.672645568847656
3320608,5.5
3320816,5.848214149475098
3321664,5.6367926597595215
3321856,5.405405521392822
3322720,5.4464287757873535
3323504,5.627802848815918
3324416,5.625
3324768,5.4464287757873535
3325024,5.644444465637207
3325408,5.6108598709106445
3325504,5.714285850524902
3328192,5.617021083831787
3328336,5.382883071899414
3328592,5.360360145568848
3328896,5.622119903564453
3328912,5.565610885620117
3329232,5.825892925262451
3329472,5.486111164093018
3329680,5.622317790985107
3331776,5.739910125732422
3332416,5.435780048370361
3332800,5.76576566696167
3333040,5.550458908081055
3333104,5.442477703094482
3333232,5.52036190032959
3335552,5.416666507720947
3335904,5.479452133178711
3336624,5.705128192901611
3336944,5.757575988769531
3339168,5.488888740539551
3339536,5.585585594177246
3339712,5.608108043670654
3339904,5.7110090255737305
3340112,5.599078178405762
3340784,5.40723991394043
3341104,5.675675868988037
3342672,5.636363506317139
3343088,5.565610885620117
3343216,5.481651306152344
3343488,5.605381011962891
3344112,5.513392925262451
3346240,5.545454502105713
3346368,5.7079644203186035
3346784,5.5180182456970215
3346896,5.644171714782715
3347040,5.497737407684326
3347504,4.659090995788574
3348752,5.590062141418457
3349824,5.4666666984558105
3349856,5.55555534362793
3351104,5.782608509063721
3352256,5.665137767791748
3353008,5.55555534362793
3353184,5.5829596519470215
3353472,5.660792827606201
3353984,5.560538291931152
3354032,5.5227274894714355
3354448,5.438596725463867
3355872,5.622119903564453
3356640,5.641592979431152
3356832,5.726872444152832
3357488,5.837209224700928
3358112,5.550458908081055
3358144,5.397196292877197
3360176,5.675675868988037
3360448,5.599078178405762
3360848,5.666666507720947
3361184,5.497737407684326
3361616,5.4751129150390625
3361664,5.277777671813965
3361696,5.560538291931152
3361744,5.580357074737549
3362016,5.852017879486084
3363104,5.515151500701904
3363728,5.450450420379639
3364000,5.4279279708862305
3364736,5.723981857299805
3366352,5.582822322845459
3366720,5.54054069519043
3368000,5.3587446212768555
3368208,5.486111164093018
3368736,5.672645568847656
3369296,5.807860374450684
3370608,5.679611682891846
3371104,5.756880760192871
3371456,5.567685604095459
3371568,5.8108110427856445
3372288,5.4751129150390625
3372480,5.739910125732422
3376016,5.292792797088623
3376048,5.5333333015441895
3376128,5.6473212242126465
3377376,5.573394298553467
3377424,5.46798038482666
3378608,5.44444465637207
3379712,5.88744592666626
3380016,5.384615421295166
3380608,5.909090995788574
3381408,5.656108379364014
3382368,5.420353889465332
3383040,5.458937168121338
3383280,5.558035850524902
3383584,5.54054069519043
3384416,5.482456207275391
3384464,5.38812780380249
3384496,5.4772725105285645
3385376,5.605381011962891
3386672,5.7522125244140625
3387792,5.2727274894714355
3388016,5.4751129150390625
3388912,5.5
3389456,5.44843053817749
3389600,5.570175647735596
3389664,5.7860260009765625
3390688,5.2262444496154785
3391568,5.452488899230957
3391632,5.401785850524902
3392288,5.341614723205566
3393824,5.44843053817749
3395856,5.345911979675293
3395888,5.691964149475098
3396592,5.736607074737549
3397008,5.426009178161621
3397376,5.295454502105713
3397472,5.5180182456970215
3398432,5.784753322601318
3398608,5.504587173461914
3398752,5.563063144683838
3399264,5.515695095062256
3399504,5.273972511291504
3399808,5.181818008422852
3400160,5.525114059448242
3400240,5.315315246582031
3401968,5.5
3402368,5.55555534362793
3403824,5.538116455078125
3403904,5.751072883605957
3404384,5.558035850524902
3405824,5.619469165802002
3405968,5.4464287757873535
3407040,5.38812780380249
3407216,5.547945022583008
3407504,5.848214149475098
3407584,5.368663787841797
3407936,5.339366436004639
3408032,5.339366436004639
3408096,5.565610885620117
3408624,5.1724138259887695
3409424,5.185184955596924
3410288,5.474137783050537
3411072,5.3456220626831055
3411088,5.627802848815918
3411520,5.426009178161621
3412240,5.55555534362793
3413312,5.4772725105285645
3413840,5.508849620819092
3414688,5.4666666984558105
3416208,5.4147467613220215
3417952,5.452488899230957
3418176,5.318181991577148
3418272,5.538116455078125
3418672,5.452488899230957
3418720,5.4147467613220215
3419600,5.506608009338379
3420160,5.565610885620117
3420496,5.313901424407959
3421632,5.3255815505981445
3421744,5.40723991394043
3421856,5.5829596519470215
3422096,5.148148059844971
3422336,5.355555534362793
3422400,5.414847373962402
3423344,5.4337897300720215
3423664,5.526315689086914
3423856,5.5947136878967285
3425264,5.4337897300720215
3425936,5.613636493682861
3427312,5.426009178161621
3427312,5.506608009338379
3427504,5.352422714233398
3427744,5.483870983123779
3428832,5.405405521392822
3428944,5.636363506317139
3430080,5.465116500854492
3431232,5.668202877044678
3431392,5.641592979431152
3432560,5.55555534362793
3433984,5.570175647735596
3434128,5.530973434448242
3434640,5.497737407684326
3435280,5.3125
3435984,5.479452133178711
3437216,5.363636493682861
3437392,5.599999904632568
3437712,5.515695095062256
3438592,5.472972869873047
3438656,5.442477703094482
3439536,5.429864406585693
3440176,5.346320152282715
3440832,5.688889026641846
3441200,5.353982448577881
3441808,5.5180182456970215
3442240,5.672645568847656
3443120,5.695067405700684
3443136,5.52036190032959
3443760,5.739910125732422
3444912,5.515695095062256
3445008,5.746606349945068
3445856,5.497737407684326
3446816,5.82608699798584
3447488,5.515695095062256
3447808,5.32110071182251
3448480,5.683760643005371
3448592,5.560538291931152
3450240,5.336322784423828
3451952,5.462963104248047
3452944,5.39170503616333
3455456,5.389908313751221
3455728,5.34782600402832
3456544,5.656108379364014
3457504,5.530973434448242
3457920,5.429864406585693
3457968,5.382883071899414
3458480,5.565610885620117
3458656,5.599999904632568
3458960,5.229357719421387
3459792,1.3809523582458496
3460048,5.229357719421387
3460128,5.275229454040527
3460384,5.44444465637207
3461008,5.550458908081055
3462192,5.5227274894714355
3462544,5.2690582275390625
3462944,5.656108379364014
3463104,4.519230842590332
3463136,5.54054069519043
3463616,5.3086419105529785
3463648,5.319634914398193
3463648,5.580357074737549
3463936,5.294117450714111
3464160,5.777777671813965
3465072,5.669642925262451
3465824,5.619469165802002
3467024,5.135135173797607
3467808,5.481651306152344
3467808,5.5947136878967285
3469008,5.307692527770996
3469616,5.590909004211426
3469952,5.426009178161621
3470848,5.3456220626831055
3470848,5.431818008422852
3471968,5.4279279708862305
3472336,5.4772725105285645
3473152,5.386363506317139
3474464,5.1777777671813965
3474832,5.318181991577148
3475792,5.44843053817749
3475808,5.32608699798584
3475952,5.400000095367432
3476688,5.431818008422852
3477680,5.424107074737549
3478160,5.707762718200684
3478336,5.504587173461914
3481472,5.54054069519043
3481488,5.55555534362793
3481712,5.2262444496154785
3482928,5.547945022583008
3483696,5.412844181060791
3483920,5.32608699798584
3485040,5.531914710998535
3485072,5.470851898193359
3485424,5.34403657913208
3485808,5.701357364654541
3486608,5.502183437347412
3487376,5.633484363555908
3487488,5.535714149475098
3487584,5.504385948181152
3487872,5.708154678344727
3488240,5.480349540710449
3488592,5.228310585021973
3488656,5.470851898193359
3488688,5.286343574523926
3488800,5.5
3488896,5.212766170501709
3490624,5.240384578704834
3491168,5.336322784423828
3491328,5.304878234863281
3492240,5.44843053817749
3492416,5.342465877532959
3492496,5.225225448608398
3492528,5.372807025909424
3492896,5.590909004211426
3492992,5.488888740539551
3492992,4.866666793823242
3494032,5.384615421295166
3494992,5.548245429992676
3495232,5.3378376960754395
3496016,5.38812780380249
3496224,5.32608699798584
3496528,5.5
3496544,5.572687149047852
3496544,5.430107593536377
3497264,5.379746913909912
3498816,5.3587446212768555
3499232,5.370370388031006
3499664,5.470085620880127
3499680,5.465116500854492
3500080,5.454545497894287
3500160,5.442477703094482
3500256,5.418502330780029
3500928,5.460526466369629
3502400,5.470851898193359
3503168,5.4910712242126465
3503232,4.933333396911621
3505584,5.32110071182251
3506464,5.497737407684326
3506768,5.363636493682861
3506864,5.472972869873047
3507248,5.3587446212768555
3507376,5.588235378265381
3508048,5.701357364654541
3508304,5.800000190734863
3509520,5.470851898193359
3510368,5.580357074737549
3510944,5.506608009338379
3510960,5.313901424407959
3511456,5.4910712242126465
3511920,5.422222137451172
3512720,5.401785850524902
3513920,5.452488899230957
3514080,5.558035850524902
3514400,5.704545497894287
3515024,5.525114059448242
3515056,5.357142925262451
3516064,5.567567348480225
3516208,5.599078178405762
3517424,5.550458908081055
3517664,5.5829596519470215
3518144,5.836909770965576
3519136,5.605381011962891
3519648,5.739910125732422
3520848,5.586854457855225
3520880,5.458715438842773
3521696,5.339366436004639
3522592,5.40723991394043
3523360,5.386363506317139
3524480,5.46875
3525328,5.486725807189941
3525712,5.4337897300720215
3525840,5.381165981292725
3526016,5.586854457855225
3526960,5.55555534362793
3527024,5.438596725463867
3527168,5.090090274810791
3527440,5.2272725105285645
3528144,5.672645568847656
3528480,5.420353889465332
3529200,5.368663787841797
3529744,5.384615421295166
3530480,5.502283096313477
3530800,5.575221061706543
3530976,5.4772725105285645
3531312,3.617021322250366
3531840,1.0
3532400,5.4751129150390625
3533120,5.439560413360596
3533136,5.5829596519470215
3533504,5.414847373962402
3535296,5.423728942871094
3535424,5.4751129150390625
3535520,5.450643539428711
3536736,5.46875
3536832,5.365296840667725
3537040,5.386363506317139
3537728,5.384615421295166
3538112,5.381165981292725
3538528,5.3587446212768555
3538992,5.4347825050354
3539024,5.4464287757873535
3540096,5.382883071899414
3540288,5.339366436004639
3540336,5.4464287757873535
3540592,5.495495319366455
3543504,5.5429863929748535
3543888,5.6026787757873535
3543904,5.361990928649902
3543952,5.488888740539551
3544912,5.575221061706543
3546128,5.547945022583008
3546272,5.4464287757873535
3546880,5.619469165802002
3547088,5.627802848815918
3547104,5.535714149475098
3547216,5.437788009643555
3547392,5.32110071182251
3547568,5.355555534362793
3547712,5.641592979431152
3549808,5.50295877456665
3550096,2.2352941036224365
3550480,5.4910712242126465
3550752,5.638766288757324
3551120,5.4751129150390625
3553024,5.438596725463867
3553296,5.340909004211426
3553312,5.480349540710449
3553392,5.506608009338379
3555088,5.2727274894714355
3556560,5.30232572555542
3556880,5.470851898193359
3557264,5.294117450714111
3558016,5.5
3558304,5.55555534362793
3560592,5.515695095062256
3561904,5.535714149475098
3562784,5.243362903594971
3563152,5.5180182456970215
3563840,5.324675559997559
3563952,5.585585594177246
3564432,5.4751129150390625
3564768,5.315315246582031
3566128,5.426009178161621
3566160,5.666666507720947
3566480,5.336322784423828
3566624,5.728155136108398
3566896,5.536480903625488
3568016,5.470851898193359
3568048,5.440528869628906
3568944,5.253164768218994
3569024,5.398230075836182
3569440,5.605381011962891
3569664,5.363636493682861
3569760,5.401785850524902
3570000,5.502283096313477
3570192,5.405405521392822
3570896,4.418604850769043
3571136,5.450450420379639
3571664,5.572687149047852
3572624,5.558035850524902
3572880,5.695067405700684
3573008,5.405405521392822
3573360,5.3125
3573744,5.376106262207031
3573936,5.5227274894714355
3574688,5.4751129150390625
3575232,5.740740776062012
3576496,5.599999904632568
3577632,5.318181991577148
3578128,5.592105388641357
3578736,5.231481552124023
3578832,4.186046600341797
3579728,5.0
3580272,5.479452133178711
3582384,5.3456220626831055
3582400,5.482456207275391
3582448,5.5333333015441895
3583344,5.577777862548828
3585440,5.393013000488281
3585856,5.36697244644165
3585968,5.426009178161621
3585968,5.270270347595215
3586288,5.44444465637207
3588208,5.107913494110107
3589104,5.592417240142822
3589344,5.39170503616333
3589536,5.495495319366455
3590656,5.484581470489502
3591280,5.412844181060791
3591648,5.563063144683838
3591664,5.360360145568848
3591776,5.855855941772461
3593344,5.730593681335449
3594064,5.276073455810547
3594464,5.55555534362793
3594816,5.3587446212768555
3596384,5.426009178161621
3597200,5.488888740539551
3597408,5.0
3597984,5.273972511291504
3598384,5.382883071899414
3598704,5.5333333015441895
3600528,5.443037986755371
3600848,5.318181991577148
3602176,5.701754570007324
3603040,5.180180072784424
3603424,5.340909004211426
3604096,5.34403657913208
3606576,5.4772725105285645
3606720,5.596330165863037
3607664,5.180180072784424
3608160,5.4751129150390625
3608512,5.633187770843506
3608800,5.5227274894714355
3610256,5.436681270599365
3610304,5.515695095062256
3611184,5.248868942260742
3611376,5.541125774383545
3611856,4.634146213531494
3612144,5.3125
3612576,5.57446813583374
3613536,5.2727274894714355
3613968,5.3070173263549805
3615360,5.183486461639404
3615456,5.431818008422852
3615600,5.472972869873047
3616624,5.515151500701904
3617616,5.223214149475098
3618224,5.416666507720947
3619664,5.660792827606201
3619936,5.384615421295166
3620016,5.495495319366455
3620848,5.276497840881348
3621024,5.410958766937256
3621376,5.0
3622704,5.5
3623248,5.560538291931152
3624176,5.277777671813965
3624912,4.960000038146973
3624960,5.246636867523193
3625504,5.3587446212768555
3626224,5.253164768218994
3626352,5.653152942657471
3626416,5.5194807052612305
3627312,5.336322784423828
3627520,5.157232761383057
3628096,5.456621170043945
3629296,5.675675868988037
3629600,5.339366436004639
3629984,5.398230075836182
3631152,5.3947367668151855
3631648,5.403726577758789
3632000,5.504587173461914
3632048,5.541401386260986
3632896,5.4464287757873535
3633200,4.729729652404785
3633216,5.246913433074951
3633648,5.482456207275391
3634464,5.6157636642456055
3636752,5.497737407684326
3637440,5.701357364654541
3638032,5.4910712242126465
3638256,5.313901424407959
3639616,5.416666507720947
3639888,5.3125
3641088,5.48223352432251
3642240,5.376106262207031
3642720,5.73913049697876
3642832,5.449999809265137
3643168,5.437788009643555
3645488,5.2727274894714355
3645680,5.301204681396484
3645776,5.44444465637207
3646688,5.251141548156738
3647200,5.456621170043945
3647360,5.504587173461914
3650608,5.315315246582031
3650768,5.315315246582031
3652368,5.513392925262451
3653888,5.545454502105713
3654640,5.627802848815918
3655152,5.481651306152344
3655184,5.625
3655312,5.662100315093994
3655440,5.590909004211426
3656400,5.291479587554932
3657200,5.613636493682861
3657776,5.653152942657471
3657936,5.78125
3658640,5.488888740539551
3658768,5.666666507720947
3659008,5.495495319366455
3660944,5.6026787757873535
3660976,5.456621170043945
3661312,5.568181991577148
3662576,5.717488765716553
3663008,5.5714287757873535
3663376,5.560538291931152
3663536,5.08474588394165
3664016,5.40723991394043
3665808,5.560538291931152
3666640,5.384615421295166
3666928,5.431818008422852
3666960,5.470851898193359
3668128,4.729729652404785
3670272,5.486725807189941
3670464,5.622119903564453
3670480,5.593607425689697
3671696,5.315315246582031
3672080,5.701357364654541
3672368,5.546875
3672688,5.575221061706543
3674480,5.691964149475098
3675280,5.6108598709106445
3675632,5.588235378265381
3675936,5.450450420379639
3676800,5.439815044403076
3678144,5.811403274536133
3679216,5.8222222328186035
3679536,5.4910712242126465
3680192,5.409090995788574
3680368,5.76576566696167
3680912,5.442477703094482
3681248,5.585585594177246
3681696,5.361990928649902
3682016,4.893617153167725
3682688,5.38812780380249
3683072,5.5
3683552,5.670731544494629
3684272,5.580357074737549
3684560,5.431034564971924
3684832,4.814815044403076
3684928,5.65217399597168
3685696,5.502183437347412
3686256,5.815450668334961
3686640,5.5180182456970215
3686928,5.4279279708862305
3687296,5.825687885284424
3687440,5.3086419105529785
3688064,5.7207207679748535
3688464,5.454545497894287
3688912,5.486725807189941
3688912,5.2727274894714355
3689600,5.4464287757873535
3690208,5.292792797088623
3693040,5.397196292877197
3694224,5.644171714782715
3694288,5.54878044128418
3694336,5.308370113372803
3695232,5.678732872009277
3695744,5.357142925262451
3696080,5.456521511077881
3696496,5.379464149475098
3696752,5.486725807189941
3697824,5.341614723205566
3698000,5.5714287757873535
3699600,5.570776462554932
3699664,5.3125
3700208,5.655021667480469
3700288,5.659090995788574
3700704,5.50595235824585
3701024,5.7522125244140625
3701472,5.384615421295166
3701680,5.575221061706543
3702416,5.769230842590332
3703232,5.5180182456970215
3703312,5.584415435791016
3703600,5.672645568847656
3704768,5.52036190032959
3704976,5.691244125366211
3706016,5.7589287757873535
3706240,5.670731544494629
3706416,5.211267471313477
3706768,5.414847373962402
3707328,5.550458908081055
3707328,5.495495319366455
3708160,5.442477703094482
3709792,5.429864406585693
3709920,5.7110090255737305
3710512,4.905660152435303
3710512,5.420560836791992
3710864,5.4772725105285645
3711152,5.398773193359375
3711280,5.704545497894287
3712928,5.52036190032959
3713456,5.341614723205566
3713808,5.552995204925537
3714048,5.4772725105285645
3714560,4.44444465637207
3714736,5.627802848815918
3714864,5.515695095062256
3715232,5.4772725105285645
3716640,5.605381011962891
3716976,5.616438388824463
3716976,5.8071746826171875
3717136,5.572687149047852
3717616,5.403587341308594
3718000,5.52036190032959
3720224,5.613636493682861
3720464,5.460829257965088
3720576,5.401785850524902
3721152,5.613636493682861
3721184,5.52036190032959
3722832,5.4910712242126465
3722896,5.341614723205566
3723216,5.558035850524902
3723824,5.669642925262451
3724336,5.324999809265137
3724720,5.568181991577148
3724784,5.7522125244140625
3725424,5.723684310913086
3726624,5.454545497894287
3727360,5.636363506317139
3727648,5.659090995788574
3727696,5.633484363555908
3727904,5.525114059448242
3728928,5.596330165863037
3729040,5.2901787757873535
3730160,5.5652174949646
3732224,5.666666507720947
3732400,4.931506633758545
3733888,5.398773193359375
3734816,5.5
3735968,5.698198318481445
3737648,5.6473212242126465
3737952,5.55555534362793
3737952,5.472972869873047
3740176,5.46875
3740176,5.508849620819092
3740912,5.515695095062256
3742272,5.426009178161621
3742784,5.4938273429870605
3743664,5.070422649383545
3744528,5.440528869628906
3744528,5.622222423553467
3744544,5.545454502105713
3745104,5.4751129150390625
3746656,5.590909004211426
3747520,5.525114059448242
3748048,5.6392693519592285
3748976,5.438596725463867
3749152,5.38812780380249
3750928,5.6277055740356445
3751632,5.605381011962891
3752128,5.409090995788574
3752352,5.424107074737549
3752512,5.5227274894714355
3753056,5.395349025726318
3753072,5.521472454071045
3753072,5.558035850524902
3753984,5.283019065856934
3754864,5.550660610198975
3755472,5.8152174949646
3755760,5.553097248077393
3756112,5.4375
3756208,5.707762718200684
3758480,5.779816627502441
3759568,5.592105388641357
3759984,5.644444465637207
3760240,5.405405521392822
3760432,5.739910125732422
3760960,5.5333333015441895
3761984,5.596330165863037
3762608,5.5227274894714355
3763360,5.06944465637207
3763792,5.5780348777771
3765504,5.416666507720947
3765648,5.46875
3765840,5.39393949508667
3766640,5.482456207275391
3766928,5.5180182456970215
3767984,5.5227274894714355
3768464,5.644171714782715
3770640,5.6306304931640625
3771072,5.386363506317139
3771456,5.4268293380737305
3771776,5.470851898193359
3771872,5.5188679695129395
3774048,5.44444465637207
3774320,5.655021667480469
3774384,5.2690582275390625
3775440,5.675675868988037
3775440,5.350877285003662
3775616,5.588235378265381
3776400,5.403726577758789
3777632,5.605381011962891
3777856,5.590909004211426
3777904,5.456621170043945
3779312,5.46875
3779936,5.438596725463867
3779968,5.5180182456970215
3780112,5.420560836791992
3781200,5.900900840759277
3782320,5.6157636642456055
3782720,5.78125
3783648,5.2727274894714355
3784768,5.563063144683838
3785184,5.504385948181152
3785664,5.409090995788574
3787168,5.814978122711182
3787184,5.681818008422852
3787792,5.344827651977539
3788368,5.3348212242126465
3788416,5.698198318481445
3788640,5.493273735046387
3789360,5.3913044929504395
3789600,5.7522125244140625
3789968,5.718390941619873
3790816,5.398230075836182
3791920,5.597484111785889
3792112,5.782608509063721
3792384,5.691964149475098
3792496,5.55555534362793
3793024,5.375
3793472,5.504587173461914
3794544,5.464601993560791
3794640,5.277777671813965
3795280,5.6026787757873535
3795760,5.440528869628906
3796064,5.878378391265869
3796704,5.5829596519470215
3798192,5.678732872009277
3798480,5.529953956604004
3798576,5.495495319366455
3799040,5.547945022583008
3800256,5.497737407684326
3801440,5.363636493682861
3801552,5.506608009338379
3801760,5.833333492279053
3801920,5.654205799102783
3802960,5.480349540710449
3803200,5.493273735046387
3803728,5.55555534362793
3803856,5.513392925262451
3804192,5.678732872009277
3804848,5.868263244628906
3805408,5.5947136878967285
3805456,5.644444465637207
3805600,5.792683124542236
3807456,5.669642925262451
3809680,5.5
3810688,5.65217399597168
3814288,5.558035850524902
3815072,5.590909004211426
3815696,5.848214149475098
3817904,5.55555534362793
3818080,5.802752494812012
3818576,5.504587173461914
3818832,5.767543792724609
3819312,5.599999904632568
3819824,5.401785850524902
3821840,5.714285850524902
3821888,5.921658992767334
3822112,5.4772725105285645
3824304,5.740740776062012
3825328,5.596330165863037
3825360,5.4337897300720215
3825552,5.584415435791016
3825968,5.470851898193359
3826720,5.322580814361572
3826832,5.4375
3828240,5.704845905303955
3828912,5.8071746826171875
3828976,5.75
3829648,6.140350818634033
3830016,5.776397705078125
3830320,5.892857074737549
3830448,5.791855335235596
3832224,5.8597283363342285
3832480,5.756880760192871
3832544,5.547945022583008
3832768,5.6108598709106445
3833440,5.791855335235596
3833984,5.665137767791748
3835360,5.590062141418457
3835360,5.76576566696167
3836256,5.829596519470215
3836688,5.650224208831787
3838960,5.892857074737549
3839344,6.013824939727783
3839648,5.844444274902344
3840544,5.904255390167236
3840672,6.183035850524902
3840816,5.682819366455078
3842848,5.435780048370361
3844080,5.75
3844576,5.481651306152344
3846224,5.903083801269531
3846640,5.701357364654541
3846784,5.739910125732422
3846992,5.5625
3847504,5.78125
3848032,5.669642925262451
3848160,5.7110090255737305
3848208,5.818583965301514
3848768,5.740740776062012
3848880,5.636363506317139
3849616,5.739910125732422
3849968,5.601851940155029
3851728,5.900900840759277
3852080,5.199999809265137
3852752,5.472972869873047
3853744,5.5333333015441895
3853744,5.446009159088135
3855392,5.550458908081055
3856000,5.627802848815918
3856672,5.698198318481445
3858944,5.5429863929748535
3860624,5.665137767791748
3863200,5.553097248077393
3864080,5.659090995788574
3864912,5.852534770965576
3865200,5.090909004211426
3866016,5.568181991577148
3866928,5.495495319366455
3867616,5.431818008422852
3868752,5.904977321624756
3869152,5.454545497894287
3869536,5.867579936981201
3870320,5.855855941772461
3870736,5.8447489738464355
3871104,5.552995204925537
3872720,5.8108110427856445
3872864,5.8071746826171875
3874096,5.605381011962891
3874112,5.561497211456299
3874864,5.7727274894714355
3875408,5.813953399658203
3875936,5.882352828979492
3877296,5.833333492279053
3877472,5.7589287757873535
3878304,5.747663497924805
3880192,5.570776462554932
3881104,5.796460151672363
3883760,5.6306304931640625
3883776,5.541401386260986
3884672,5.788288116455078
3884768,5.633187770843506
3884832,5.593607425689697
3884928,5.7522125244140625
3887248,5.648148059844971
3887728,6.034482955932617
3887776,5.9276018142700195
3888688,5.484581470489502
3889296,5.78125
3890832,5.5069122314453125
3891296,5.743243217468262
3891328,5.746606349945068
3891840,5.892857074737549
3893120,5.917431354522705
3893792,5.698198318481445
3894320,5.714285850524902
3895136,5.611353874206543
3895328,5.7373270988464355
3896336,5.678732872009277
3898720,5.784753322601318
3898864,5.7272725105285645
3898992,5.642201900482178
3899408,5.668202877044678
3900224,5.636363506317139
3902432,5.607476711273193
3903488,5.622222423553467
3903712,5.622119903564453
3904752,5.601851940155029
3905536,5.515695095062256
3905744,5.726872444152832
3905776,5.659090995788574
3906416,5.382883071899414
3907168,5.855855941772461
3907504,5.641592979431152
3908304,5.972850799560547
3908624,5.799086570739746
3909136,5.714285850524902
3909440,5.635964870452881
3909984,5.8108110427856445
3910096,5.704545497894287
3911712,5.795454502105713
3912992,5.837103843688965
3913280,6.036036014556885
3914304,5.950226306915283
3915200,5.668202877044678
3915744,5.964125633239746
3915760,5.653152942657471
3916304,5.829596519470215
3916416,5.672645568847656
3916784,5.510204315185547
3917152,5.681818008422852
3919088,5.588235378265381
3919376,5.862832069396973
3919504,5.547945022583008
3920096,5.825892925262451
3920480,5.588235378265381
3920736,5.753138065338135
3920816,5.8071746826171875
3921584,5.5
3924288,5.5
3925072,5.529953956604004
3925376,5.892857074737549
3926864,5.829493045806885
3927104,5.769230842590332
3927712,5.736607074737549
3930464,5.736607074737549
3930960,5.7317070960998535
3931184,5.8447489738464355
3932064,5.6392693519592285
3932528,5.681818008422852
3933296,5.650224208831787
3933408,5.534883499145508
3936032,5.596330165863037
3937712,5.5829596519470215
3937728,5.755555629730225
3938400,5.653152942657471
3938544,5.601851940155029
3939840,5.60606050491333
3941088,5.867579936981201
3941232,5.675675868988037
3941888,5.806451797485352
3942912,5.776397705078125
3943104,5.917431354522705
3943216,5.852017879486084
3944320,5.669642925262451
3944448,5.538116455078125
3944752,5.619266033172607
3944832,5.714285850524902
3945552,5.614035129547119
3946512,5.535714149475098
3947872,5.678732872009277
3949440,5.659090995788574
3951408,5.788288116455078
3952640,5.642201900482178
3953296,5.7272725105285645
3953776,5.818181991577148
3955536,5.552995204925537
3956240,5.68493127822876
3957008,5.678732872009277
3959168,5.746606349945068
3959232,5.7762556076049805
3959648,5.8177571296691895
3961168,5.769230842590332
3961584,5.495283126831055
3961760,5.563063144683838
3962672,5.642201900482178
3962720,5.666666507720947
3963120,5.585585594177246
3963360,5.730593681335449
3964240,5.691964149475098
3965104,5.525114059448242
3965776,5.410958766937256
3966400,5.7860260009765625
3968032,5.6306304931640625
3969168,5.7110090255737305
3969376,5.7589287757873535
3969504,5.585585594177246
3969888,5.568181991577148
3969952,5.5429863929748535
3970272,5.4279279708862305
3970512,6.004464149475098
3970928,5.867579936981201
3971344,5.389908313751221
3971648,5.866666793823242
3971792,5.636363506317139
3972208,5.5829596519470215
3972512,5.568181991577148
3972912,5.681818008422852
3973520,5.833333492279053
3974016,5.779816627502441
3975760,5.6108598709106445
3976048,5.590909004211426
3976448,5.4772725105285645
3976592,5.8071746826171875
3976912,5.852017879486084
3977376,5.669642925262451
3977904,5.625
3978736,5.545454502105713
3979088,5.0
3979360,5.825892925262451
3980864,5.266666889190674
3981936,5.663716793060303
3982448,5.8433732986450195
3983696,5.76576566696167
3984480,5.622222423553467
3984640,5.619469165802002
3984672,5.442477703094482
3985520,5.560538291931152
3985920,5.563063144683838
3986016,5.405405521392822
3986944,5.762331962585449
3987456,5.410958766937256
3988048,5.6108598709106445
3988528,5.691964149475098
3990880,5.800000190734863
3991216,5.596330165863037
3991776,5.904977321624756
3991776,5.707762718200684
3991968,5.700934410095215
3992624,5.9276018142700195
3994432,5.656108379364014
3995328,5.5429863929748535
3996640,5.743243217468262
3996736,5.560538291931152
3997936,5.818181991577148
3998336,5.527523040771484
3998432,5.733944892883301
3998592,5.763888835906982
3998848,5.472972869873047
4000256,5.666666507720947
4000384,5.638766288757324
4001552,5.755555629730225
4001952,5.547945022583008
4002048,5.584415435791016
4003792,5.642201900482178
4004560,5.511111259460449
4005632,5.4751129150390625
4006096,5.52036190032959
4007440,5.403587341308594
4008608,5.521472454071045
4008624,5.599999904632568
4011648,5.54054069519043
4012208,5.4464287757873535
4012320,5.472972869873047
4012656,5.52036190032959
4013568,5.470851898193359
4013584,5.333333492279053
4014512,5.377777576446533
4015504,5.4751129150390625
4015680,5.545454502105713
4016256,5.625
4016448,5.479452133178711
4017040,5.648148059844971
4019072,5.675675868988037
4019216,5.545454502105713
4019808,5.515695095062256
4020464,5.736607074737549
4020528,5.418502330780029
4021616,5.7207207679748535
4022800,5.560538291931152
4023264,5.6572771072387695
4023584,5.472972869873047
4024144,5.4279279708862305
4024160,5.087719440460205
4024928,5.0
4025520,5.636363506317139
4026768,5.642201900482178
4026800,5.5757575035095215
4027616,5.611353874206543
4027664,5.723270416259766
4028704,5.565610885620117
4030544,5.479452133178711
4031136,5.410958766937256
4031488,5.55555534362793
4032672,5.508849620819092
4032928,5.403726577758789
4033648,5.653152942657471
4033936,5.565610885620117
4034144,5.743243217468262
4034672,5.4772725105285645
4034848,5.565610885620117
4035744,5.814479827880859
4036560,5.442477703094482
4037280,5.685840606689453
4037568,5.707762718200684
4038256,5.5829596519470215
4038400,5.497737407684326
4038592,5.488888740539551
4039312,5.54054069519043
4040784,5.625
4040864,5.538116455078125
4041232,5.590909004211426
4041936,5.766870975494385
4042032,5.743243217468262
4042064,5.365296840667725
4042144,5.429864406585693
4044592,5.525114059448242
4045328,5.437788009643555
4045600,5.659090995788574
4045712,5.6306304931640625
4047936,5.599078178405762
4048176,5.784753322601318
4048464,5.733333110809326
4048832,5.642201900482178
4049104,5.550458908081055
4049312,5.669642925262451
4049856,5.5180182456970215
4050880,5.4337897300720215
4052064,5.513392925262451
4052608,5.619266033172607
4052704,5.389908313751221
4054304,5.363636493682861
4054336,5.527950286865234
4054416,5.613636493682861
4054736,5.462554931640625
4055552,5.456621170043945
4056240,5.5
4056624,5.663716793060303
4057904,5.4910712242126465
4057984,5.570776462554932
4058176,5.486725807189941
4059616,5.4772725105285645
4059808,5.707762718200684
4060688,5.633484363555908
4062592,5.502283096313477
4062704,5.636363506317139
4064032,5.597484111785889
4065088,5.627802848815918
4065136,5.316741943359375
4065216,5.488888740539551
4065280,5.375
4065408,5.4666666984558105
4065728,5.54054069519043
4067184,5.39170503616333
4067936,5.5180182456970215
4068464,5.5180182456970215
4068672,5.538116455078125
4068736,5.691964149475098
4068976,5.405405521392822
4069344,5.743243217468262
4069776,5.605381011962891
4070352,5.464601993560791
4072064,5.714285850524902
4072128,5.441860675811768
4072352,5.493273735046387
4072368,5.508849620819092
4072864,5.456621170043945
4074192,5.625
4075680,5.3125
4076384,5.502283096313477
4076576,5.185184955596924
4076816,5.340909004211426
4077760,5.535714149475098
4078336,5.622222423553467
4079200,5.437788009643555
4079216,5.4772725105285645
4079440,5.568181991577148
4080432,5.762331962585449
4081040,5.625
4082304,5.6108598709106445
4082704,5.538116455078125
4084240,5.435780048370361
4084912,5.294117450714111
4086272,5.54054069519043
4086448,5.527523040771484
4086816,5.472972869873047
4087408,5.429864406585693
4087584,5.372807025909424
4090096,5.736607074737549
4090224,5.458515167236328
4091168,5.605381011962891
4091536,5.608465671539307
4092528,5.365853786468506
4093616,5.545454502105713
4095776,5.3070173263549805
4097024,5.44444465637207
4097440,5.376106262207031
4097792,5.304878234863281
4098208,5.381165981292725
4098720,5.545454502105713
4098720,5.377777576446533
4099104,5.582822322845459
4101072,5.525114059448242
4101248,5.497835636138916
4102720,5.644444465637207
4104112,5.563063144683838
4104512,5.609755992889404
4104640,5.424107074737549
4105312,5.365296840667725
4105888,5.495495319366455
4106000,5.213675022125244
4107504,5.846994400024414
4108160,5.525114059448242
4108592,5.597345352172852
4109520,5.508849620819092
4110336,5.529953956604004
4111760,5.558035850524902
4111936,5.625
4112128,5.4772725105285645
4112384,5.502283096313477
4112896,5.479452133178711
4113424,5.611353874206543
4115456,5.502283096313477
4116496,5.46875
4116656,5.361990928649902
4117760,5.515695095062256
4118688,5.467289924621582
4119280,5.4751129150390625
4119520,5.4464287757873535
4121312,5.495495319366455
4121328,5.6306304931640625
4121904,5.349999904632568
4121936,5.2876105308532715
4122112,5.5429863929748535
4122464,5.681818008422852
4123104,5.426009178161621
4123152,5.736607074737549
4123600,5.619266033172607
4124912,5.558035850524902
4125488,5.588235378265381
4125648,5.454545497894287
4126032,5.25
4126208,5.476190567016602
4127232,5.508849620819092
4127344,5.420353889465332
4127376,5.422222137451172
4128304,5.230769157409668
4129120,5.398230075836182
4129200,5.464601993560791
4129664,5.641592979431152
4129808,5.5
4130624,5.591397762298584
4130736,5.212766170501709
4130928,5.5829596519470215
4131024,5.528634548187256
4131040,5.36697244644165
4131888,5.605381011962891
4132032,5.605381011962891
4133120,5.38812780380249
4133392,5.5829596519470215
4134208,5.381165981292725
4134384,5.528634548187256
4134544,5.460829257965088
4134576,5.5429863929748535
4135328,5.279502868652344
4135504,5.8222222328186035
4135568,5.585585594177246
4136640,5.547945022583008
4137232,5.423728942871094
4137840,5.619469165802002
4137872,5.5760369300842285
4138752,5.55555534362793
4138992,5.535714149475098
4139024,5.456621170043945
4139312,5.456521511077881
4139792,5.206611633300781
4140032,5.3378376960754395
4140832,5.357142925262451
4141456,5.2690582275390625
4141568,5.253456115722656
4141616,5.596330165863037
4142512,5.3456220626831055
4142688,5.5829596519470215
4142832,5.662100315093994
4142880,5.286624431610107
4144384,5.339366436004639
4145104,5.55555534362793
4145936,5.416666507720947
4146208,5.511111259460449
4146416,5.4772725105285645
4146976,5.470851898193359
4148608,5.298165321350098
4149536,5.685840606689453
4149776,5.76576566696167
4149984,5.495495319366455
4150512,5.659090995788574
4153584,5.625
4154560,5.675675868988037
4154736,5.656108379364014
4155328,5.6026787757873535
4155744,5.6026787757873535
4156736,5.825892925262451
4157152,5.382883071899414
4158768,5.625
4159344,5.590909004211426
4161184,5.653152942657471
4163680,5.55555534362793
4163952,5.504385948181152
4164352,5.547945022583008
4165920,5.472972869873047
4166464,5.203619956970215
4166688,5.426009178161621
4167344,5.341614723205566
4167952,5.4910712242126465
4169376,5.488372325897217
4169376,5.450450420379639
4169456,5.393518447875977
4169920,5.585585594177246
4170096,5.663716793060303
4170800,5.452488899230957
4171264,5.4910712242126465
4171472,5.497737407684326
4172128,5.54054069519043
4172896,5.6392693519592285
4172912,5.568181991577148
4173536,5.3587446212768555
4173968,5.54973840713501
4174992,5.525114059448242
4175664,5.568181991577148
4176112,5.493273735046387
4176144,5.643564224243164
4176496,5.650224208831787
4178400,5.558035850524902
4178496,5.389908313751221
4180832,5.599999904632568
4181072,5.5227274894714355
4182160,5.657894611358643
4183152,5.39906120300293
4183296,5.497737407684326
4183568,5.4772725105285645
4184224,5.565610885620117
4184352,5.479452133178711
4184640,5.6306304931640625
4185424,5.577777862548828
4186768,5.422222137451172
4186832,5.657894611358643
4187232,5.429864406585693
4189008,5.717488765716553
4189728,5.370370388031006
4191312,5.452488899230957
4191552,5.6473212242126465
4192560,5.560538291931152
4192576,5.409090995788574
4192624,5.577777862548828
4193904,5.54054069519043
4194016,5.54054069519043
4195280,5.339366436004639
4195280,5.538116455078125
4195456,5.547945022583008
4195904,5.4279279708862305
4196592,5.5829596519470215
4196880,5.560538291931152
4197520,5.52036190032959
4198192,5.650224208831787
4198736,5.588235378265381
4198896,5.511111259460449
4199552,5.726872444152832
4201184,5.398230075836182
4201488,5.341614723205566
4201872,5.611353874206543
4203120,5.608108043670654
4203616,5.7727274894714355
4204496,5.653152942657471
4204912,5.376106262207031
4205424,5.769230842590332
4206016,5.5
4206944,5.597345352172852
4207184,5.54054069519043
4207664,5.711111068725586
4208288,5.4147467613220215
4208480,5.495495319366455
4210304,5.568181991577148
4210416,5.46875
4210496,5.454545497894287
4211968,5.549450397491455
4212224,5.530973434448242
4213856,5.565610885620117
4213920,5.560538291931152
4213952,5.431818008422852
4214768,5.495495319366455
4217424,5.54054069519043
4217488,5.363636493682861
4217504,5.627802848815918
4217600,5.536480903625488
4217872,5.400000095367432
4218720,5.412844181060791
4219008,5.464601993560791
4221072,5.264317035675049
4221952,5.560538291931152
4221984,5.086206912994385
4222720,5.464601993560791
4223696,5.412844181060791
4224512,5.493273735046387
4224608,5.545454502105713
4224640,5.357142925262451
4224688,5.4751129150390625
4225296,5.25
4226192,5.08474588394165
4227904,5.585585594177246
4228144,5.389908313751221
4228288,5.625
4228512,5.295454502105713
4228944,5.440528869628906
4229344,4.705882549285889
4229440,5.515695095062256
4230432,5.401785850524902
4230704,5.345911979675293
4231360,5.229357719421387
4231488,5.189873218536377
4231728,5.426009178161621
4231840,5.361990928649902
4232752,5.336322784423828
4235024,4.7272725105285645
4235376,5.7272725105285645
4236384,5.3318586349487305
4237616,5.315315246582031
4238400,5.545454502105713
4238576,5.396475791931152
4238624,5.379464149475098
4238736,5.292792797088623
4238896,5.410958766937256
4240432,5.4782609939575195
4241776,5.265486717224121
4241968,5.608108043670654
4242144,5.616438388824463
4242464,5.292792797088623
4243632,5.32608699798584
4244816,5.527950286865234
4245136,5.568181991577148
4245664,5.429864406585693
4245936,5.5227274894714355
4246336,5.452488899230957
4246624,5.695652008056641
4247168,5.613636493682861
4247584,5.381165981292725
4248464,5.319634914398193
4248848,5.670995712280273
4248848,5.403587341308594
4249008,5.363636493682861
4249168,5.252293586730957
4249440,5.550458908081055
4250080,5.581395149230957
4250768,5.34403657913208
4251520,5.542168617248535
4252000,5.409090995788574
4252368,5.502283096313477
4252656,5.431818008422852
4252704,5.54054069519043
4252928,5.276497840881348
4253312,5.0
4253840,5.418502330780029
4254384,5.266666889190674
4254736,5.357142925262451
4255040,5.6132073402404785
4255424,5.363636493682861
4256256,5.44843053817749
4256448,5.15625
4256640,5.410958766937256
4256784,5.379464149475098
4257408,5.495495319366455
4258656,5.527523040771484
4258672,5.553097248077393
4259776,5.547945022583008
4259856,5.454545497894287
4260272,5.233918190002441
4261760,5.422222137451172
4262464,5.400000095367432
4262624,5.575221061706543
4263696,5.6108598709106445
4263840,5.382883071899414
4263920,5.65217399597168
4265584,5.704545497894287
4266192,5.585585594177246
4266704,5.422222137451172
4266944,5.384615421295166
4267248,5.726872444152832
4267376,5.545454502105713
4267824,5.384615421295166
4269392,5.386363506317139
4269792,5.4910712242126465
4270816,5.5180182456970215
4270912,5.753424644470215
4271184,5.376106262207031
4272864,5.389610290527344
4272960,5.247747898101807
4273504,5.357142925262451
4273888,5.376106262207031
4274096,5.199999809265137
4274480,5.614035129547119
4274528,5.44444465637207
4276448,5.437788009643555
4277136,5.679824352264404
4278608,5.597345352172852
4279760,5.398773193359375
4280544,5.570776462554932
4280704,5.294117450714111
4281152,5.497737407684326
4282048,5.52036190032959
4282176,5.270270347595215
4283008,5.543478488922119
4283152,5.679012298583984
4283520,5.497737407684326
4285440,5.593607425689697
4286400,5.452488899230957
4286688,5.431818008422852
4286976,5.58695650100708
4287200,5.456621170043945
4287472,5.675675868988037
4288992,5.588235378265381
4289024,5.46875
4289120,5.389908313751221
4289184,5.3348212242126465
4289952,5.271493434906006
4290144,5.497737407684326
4290992,5.605381011962891
4291360,5.418604850769043
4292528,5.613636493682861
4292656,5.386363506317139
4292752,5.270270347595215
4293776,5.588235378265381
4293840,5.432098865509033
4294576,5.313901424407959
4295264,5.707762718200684
4296128,5.420560836791992
4296304,5.339366436004639
4296496,5.6875
4297312,5.431818008422852
4297680,5.3587446212768555
4298064,5.530973434448242
4298384,5.483870983123779
4298672,5.340909004211426
4299904,5.6473212242126465
4299920,5.829596519470215
4301216,5.590909004211426
4303440,5.318181991577148
4303616,5.4751129150390625
4304384,5.6167402267456055
4304752,5.431818008422852
4305232,5.2876105308532715
4307152,5.5194807052612305
4307296,5.755555629730225
4307936,5.493273735046387
4308000,5.36697244644165
4308848,5.4666666984558105
4309472,5.409090995788574
4309616,5.530973434448242
4310672,5.502283096313477
4310896,5.40723991394043
4310960,5.436681270599365
4311504,5.563063144683838
4311504,5.316741943359375
4313904,5.295454502105713
4314112,5.3086419105529785
4314160,5.645161151885986
4314288,5.46875
4314352,5.515695095062256
4314352,5.604650974273682
4314512,5.452488899230957
4314832,4.705882549285889
4315584,5.3240742683410645
4317888,5.568181991577148
4318080,5.698198318481445
4318592,5.361990928649902
4320272,5.420353889465332
4320288,5.596330165863037
4320592,5.209580898284912
4321056,5.680473327636719
4321696,5.400000095367432
4323008,5.527523040771484
4323328,5.538116455078125
4324528,5.55555534362793
4325408,5.2968034744262695
4325664,5.2968034744262695
4326816,5.772357940673828
4327744,5.286624431610107
4328144,5.377777576446533
4328624,5.3318586349487305
4328704,5.128205299377441
4328896,5.225225448608398
4330032,5.180180072784424
4330192,5.605381011962891
4330208,5.375
4330368,5.435780048370361
4330928,5.25
4331344,5.412844181060791
4332048,5.0
4332288,5.381165981292725
4332496,4.705882549285889
4332512,5.422222137451172
4333552,5.504587173461914
4334224,5.435780048370361
4334560,5.486725807189941
4335600,5.339366436004639
4335712,5.381165981292725
4336288,5.78389835357666
4337136,5.538116455078125
4337152,5.405405521392822
4337328,5.318181991577148
4337568,5.214724063873291
4339040,5.276073455810547
4339520,5.563063144683838
4340944,5.400000095367432
4341344,5.4910712242126465
4342736,5.460829257965088
4343248,5.414847373962402
4343584,5.55555534362793
4344208,5.547945022583008
4344432,5.308370113372803
4344528,5.426009178161621
4345072,5.646551609039307
4345568,5.4279279708862305
4346336,5.46875
4346608,5.596330165863037
4346912,5.450450420379639
4347392,5.243902206420898
4347776,5.656108379364014
4347952,5.515695095062256
4349872,5.295454502105713
4351568,5.5
4351568,5.497737407684326
4352224,5.330188751220703
4352544,5.487804889678955
4353024,5.582822322845459
4353536,5.352112770080566
4353968,5.397196292877197
4354832,5.470851898193359
4355040,5.360360145568848
4355296,5.344827651977539
4355904,5.240174770355225
4356592,5.137614727020264
4357008,5.431818008422852
4357440,5.386363506317139
4358288,5.0
4358496,5.572687149047852
4358912,5.488888740539551
4359328,5.369458198547363
4361712,5.3456220626831055
4362512,5.4464287757873535
4364768,5.481651306152344
4365376,5.339366436004639
4368400,5.508849620819092
4368976,5.267857074737549
4369168,5.365296840667725
4370432,5.203619956970215
4370944,5.504587173461914
4371376,5.288888931274414
4371456,5.381165981292725
4371616,5.487804889678955
4372512,5.6086955070495605
4373808,5.659090995788574
4374208,5.5429863929748535
4374944,5.450450420379639
4376832,5.313901424407959
4378336,5.333333492279053
4378720,5.4279279708862305
4379040,5.482456207275391
4379152,5.4751129150390625
4380416,5.3587446212768555
4381600,5.245535850524902
4384192,5.08474588394165
4384512,4.807692527770996
4385840,5.452488899230957
4386224,5.530973434448242
4387808,5.44444465637207
4387840,5.137614727020264
4388512,5.309734344482422
4389200,5.488888740539551
4389424,5.44843053817749
4391456,5.410958766937256
4394608,5.535714149475098
4395712,5.3125
4395808,5.410958766937256
4396464,5.2727274894714355
4398176,5.360360145568848
4398736,4.736842155456543
4399536,5.4525861740112305
4400144,5.57446813583374
4401776,5.46875
4402288,5.203619956970215
4404192,5.5180182456970215
4405008,5.386363506317139
4405344,5.563063144683838
4405360,4.861111164093018
4405824,5.266666889190674
4405888,5.46875
4407088,5.405405521392822
4407088,5.5429863929748535
4408368,4.959349632263184
4408560,5.361990928649902
4408816,5.488372325897217
4410368,5.46875
4411728,5.389908313751221
4412128,5.382883071899414
4412832,5.535714149475098
4412960,5.666666507720947
4414224,5.409090995788574
4414944,4.736842155456543
4415472,5.382883071899414
4415984,5.4279279708862305
4416432,5.527523040771484
4417904,5.488888740539551
4418256,5.515695095062256
4419104,5.454545497894287
4419152,5.329949378967285
4419504,5.1785712242126465
4419664,5.333333492279053
4419984,5.229357719421387
4420032,5.6306304931640625
4420048,5.508849620819092
4421344,5.357142925262451
4421456,5.244444370269775
4421472,5.405405521392822
4421776,5.319634914398193
4422480,5.711111068725586
4423600,5.644444465637207
4424912,5.225225448608398
4424960,5.34403657913208
4425024,5.6108598709106445
4425440,5.570175647735596
4426336,5.558035850524902
4426848,5.528634548187256
4428432,5.456621170043945
4428576,5.248868942260742
4429008,5.247747898101807
4429024,5.294117450714111
4429936,5.550660610198975
4430064,5.340909004211426
4430688,5.472972869873047
4430912,5.339366436004639
4432016,5.538116455078125
4432096,5.273972511291504
4432528,5.479452133178711
4433216,5.230414867401123
4433360,5.3125
4433520,5.560538291931152
4433648,5.426009178161621
4433840,5.599999904632568
4434000,5.44843053817749
4434224,5.2272725105285645
4434272,5.357142925262451
4434272,5.182648181915283
4437232,5.313901424407959
4437328,5.4147467613220215
4437552,5.429864406585693
4439168,5.34403657913208
4441136,5.426009178161621
4443648,5.319149017333984
4443872,5.424107074737549
4445072,5.442477703094482
4445088,5.365296840667725
4446448,5.360360145568848
4447248,5.3125
4448768,5.436681270599365
4450048,5.283019065856934
4451360,5.6473212242126465
4452160,5.393518447875977
4453072,5.504587173461914
4453568,5.361990928649902
4454432,5.6108598709106445
4455728,5.225225448608398
4455888,5.6026787757873535
4456608,5.318181991577148
4457136,5.382883071899414
4457200,5.271493434906006
4457424,5.270270347595215
4457840,5.386363506317139
4458736,4.7272725105285645
4459424,5.440528869628906
4460800,5.4279279708862305
4461776,5.442477703094482
4462288,5.267857074737549
4462784,5.36697244644165
4462800,5.1875
4464448,5.291479587554932
4465328,5.294117450714111
4466416,5.527523040771484
4468896,5.54054069519043
4469376,5.368663787841797
4469552,5.357142925262451
4470016,5.538116455078125
4470160,5.276497840881348
4470320,5.5607476234436035
4470608,5.535714149475098
4471648,5.401785850524902
4471776,5.619469165802002
4473664,5.663716793060303
4473680,5.502283096313477
4474176,5.450450420379639
4475408,5.464601993560791
4475488,5.34403657913208
4475600,5.54054069519043
4476560,5.526315689086914
4477152,5.5429863929748535
4477232,5.78125
4477408,5.497737407684326
4478928,5.458515167236328
4479104,5.577777862548828
4479296,5.39393949508667
4480096,5.636363506317139
4480704,5.254629611968994
4480816,5.204545497894287
4480928,5.228310585021973
4482512,5.3587446212768555
4482816,5.2968034744262695
4483696,5.357142925262451
4484432,5.377777576446533
4484512,5.538116455078125
4485616,5.44843053817749
4486352,5.560538291931152
4486384,5.2901787757873535
4486432,5.599999904632568
4486496,5.273972511291504
4486768,5.247747898101807
4486896,5.547945022583008
4487664,5.594059467315674
4487760,5.46875
4489616,5.5227274894714355
4489968,5.545454502105713
4490448,5.316741943359375
4490912,5.4464287757873535
4491632,5.376106262207031
4492224,5.288888931274414
4493456,5.4147467613220215
4493488,5.361990928649902
4494736,5.46875
4495024,5.355555534362793
4496080,5.279502868652344
4496752,5.3348212242126465
4496816,5.548245429992676
4497088,5.376106262207031
4498160,4.909090995788574
4498240,5.160550594329834
4498336,5.384615421295166
4499440,5.535714149475098
4499616,5.318181991577148
4500064,5.4666666984558105
4500400,5.538116455078125
4500896,5.528634548187256
4501184,5.3086419105529785
4501280,5.360360145568848
4501696,5.386363506317139
4501920,5.3587446212768555
4502464,5.4751129150390625
4502976,5.204545497894287
4503904,5.38812780380249
4504752,5.6315789222717285
4509120,5.701357364654541
4510304,5.311110973358154
4510864,5.470851898193359
4510992,5.460829257965088
4511408,5.481651306152344
4511744,5.5
4511920,5.493273735046387
4512656,5.5
4512672,5.319634914398193
4512896,5.691964149475098
4514384,5.456621170043945
4515472,5.4751129150390625
4515664,5.3587446212768555
4516096,5.408804893493652
4516240,5.381165981292725
4516256,5.560538291931152
4516416,5.0
4518432,5.136986255645752
4518880,5.315315246582031
4520400,5.106382846832275
4521712,5.200892925262451
4522272,5.422222137451172
4522672,5.429864406585693
4523392,5.365296840667725
4525248,5.318181991577148
4525536,5.295454502105713
4525968,5.4347825050354
4526272,5.535714149475098
4527216,5.370370388031006
4527248,5.3318586349487305
4528736,5.3456220626831055
4529248,5.525114059448242
4529536,5.210083961486816
4529552,5.560538291931152
4529904,5.420353889465332
4530176,5.326632976531982
4530816,5.495495319366455
4532432,5.424107074737549
4532832,5.493273735046387
4532960,5.493273735046387
4533120,5.495495319366455
4533712,5.454545497894287
4534416,5.424107074737549
4534512,5.480349540710449
4535776,5.720930099487305
4535792,5.4337897300720215
4536336,5.276073455810547
4537152,5.32110071182251
4537344,5.460829257965088
4538144,5.565610885620117
4538176,5.535714149475098
4539872,5.299145221710205
4539936,5.483870983123779
4540000,5.52036190032959
4540288,5.4666666984558105
4541696,5.339366436004639
4542880,5.360360145568848
4543792,5.2901787757873535
4544128,5.273972511291504
4544256,5.291479587554932
4544416,5.5325446128845215
4545232,5.497737407684326
4546432,5.497737407684326
4546528,5.4751129150390625
4547360,5.2876105308532715
4547856,5.4910712242126465
4547968,5.452488899230957
4550896,5.382883071899414
4551472,5.666666507720947
4552384,5.4337897300720215
4554496,5.513392925262451
4555296,5.525114059448242
4555808,5.5429863929748535
4556112,5.515695095062256
4557072,5.339366436004639
4557600,5.431818008422852
4557712,5.588235378265381
4557824,5.68493127822876
4558096,5.401785850524902
4558288,5.528634548187256
4559728,5.666666507720947
4560544,5.338541507720947
4562000,5.588235378265381
4562768,5.277777671813965
4563216,5.4147467613220215
4564160,5.4666666984558105
4564400,5.5180182456970215
4564752,5.563063144683838
4565472,5.739910125732422
4565488,5.529953956604004
4566320,5.361990928649902
4566800,5.5829596519470215
4567696,5.625
4568496,5.370370388031006
4568624,5.495495319366455
4569168,5.480349540710449
4569424,5.318181991577148
4569904,5.5829596519470215
4570208,5.254237174987793
4570496,5.456521511077881
4571168,5.493273735046387
4572064,5.450450420379639
4572176,5.4751129150390625
4573008,5.547945022583008
4573456,5.497737407684326
4573536,5.365296840667725
4574768,5.565610885620117
4575520,5.675675868988037
4576464,5.657894611358643
4577392,5.685840606689453
4578352,5.511363506317139
4578448,5.504385948181152
4578496,5.5
4579232,5.205479621887207
4581936,5.538116455078125
4581936,5.381165981292725
4582592,5.7641921043396
4583632,5.575221061706543
4583648,5.55555534362793
4584224,5.611111164093018
4585456,5.456621170043945
4585680,5.52036190032959
4586384,5.599999904632568
4587216,5.382883071899414
4589776,5.4666666984558105
4590000,5.368663787841797
4590048,5.614035129547119
4592016,5.4347825050354
4592720,5.653152942657471
4593408,5.553097248077393
4593456,5.44910192489624
4594544,5.541872024536133
4595040,5.41304349899292
4595728,5.411255359649658
4596256,5.54054069519043
4596272,5.361990928649902
4596976,5.502283096313477
4598016,5.565610885620117
4598048,5.405405521392822
4598848,5.44843053817749
4599296,5.450450420379639
4599840,5.405405521392822
4599888,5.353982448577881
4600944,5.46875
4601648,5.605381011962891
4601952,5.44444465637207
4605296,5.526315689086914
4607888,5.5180182456970215
4608768,5.4910712242126465
4609120,5.291479587554932
4609328,5.315315246582031
4609824,5.28384256362915
4610192,5.36697244644165
4610512,5.386363506317139
4611264,5.386363506317139
4612368,5.2901787757873535
4612496,5.597345352172852
4612576,5.558139324188232
4612880,5.588235378265381
4614096,5.381165981292725
4614640,5.867579936981201
4615024,5.467289924621582
4615808,5.654205799102783
4616080,5.342465877532959
4616432,5.316741943359375
4616880,5.733333110809326
4617728,5.398230075836182
4618160,5.525114059448242
4618496,5.442477703094482
4618992,5.669642925262451
4619600,5.495495319366455
4619680,5.580357074737549
4621408,5.611353874206543
4622112,5.44444465637207
4622192,5.577777862548828
4622928,5.590909004211426
4623440,5.398230075836182
4623792,5.59829044342041
4623872,5.627906799316406
4624880,5.753424644470215
4625584,5.370370388031006
4625696,5.573394298553467
4626288,5.370370388031006
4626832,5.389908313751221
4628160,5.403587341308594
4628480,5.6026787757873535
4628608,5.593607425689697
4629248,5.814479827880859
4629280,5.619266033172607
4629616,5.472972869873047
4629856,5.458715438842773
4630064,5.493273735046387
4630784,5.377777576446533
4630800,5.393518447875977
4631776,5.288888931274414
4631952,5.542168617248535
4632224,5.675675868988037
4632768,5.593607425689697
4633408,5.656108379364014
4633568,5.527523040771484
4635328,5.316741943359375
4635552,5.4464287757873535
4636288,5.410958766937256
4637280,5.88744592666626
4638000,5.644444465637207
4639280,5.273972511291504
4640000,5.5829596519470215
4640112,4.888888835906982
4640448,5.264317035675049
4640496,5.545454502105713
4640832,5.497737407684326
4641504,5.527523040771484
4642672,5.283019065856934
4642752,5.405405521392822
4643616,5.4782609939575195
4644000,5.294117450714111
4644928,5.720523834228516
4645072,5.493273735046387
4645312,5.487804889678955
4645440,5.398773193359375
4647168,5.294117450714111
4647184,5.633484363555908
4647552,5.361990928649902
4648704,5.493273735046387
4648736,5.350877285003662
4648784,5.454545497894287
4648976,5.438596725463867
4649664,5.361990928649902
4650736,5.563063144683838
4650816,5.424107074737549
4651152,5.580357074737549
4651856,5.420792102813721
4652400,5.4666666984558105
4652640,5.678732872009277
4653424,5.405405521392822
4654416,5.502183437347412
4655408,5.40723991394043
4656000,5.5652174949646
4656000,5.357142925262451
4656064,5.632911205291748
4657808,5.339366436004639
4658384,5.4782609939575195
4658432,5.398773193359375
4658848,5.698198318481445
4659568,5.298165321350098
4659664,5.482456207275391
4661088,5.548245429992676
4661456,5.462554931640625
4661552,5.357142925262451
4661680,5.454545497894287
4662032,5.379464149475098
4663248,5.450450420379639
4664064,5.382883071899414
4664592,5.573394298553467
4665024,5.429864406585693
4665344,5.767543792724609
4665632,5.4910712242126465
4666208,5.363636493682861
4667312,5.422535419464111
4667568,5.429864406585693
4668288,5.757575988769531
4668544,5.588235378265381
4669008,5.679824352264404
4669392,5.396475791931152
4670336,5.339366436004639
4672864,5.565610885620117
4673440,5.480349540710449
4677584,5.558035850524902
4677952,5.585106372833252
4678032,5.384615421295166
4678080,5.479452133178711
4679152,5.386363506317139
4680736,5.502283096313477
4681248,5.635964870452881
4681648,5.292792797088623
4682640,5.420353889465332
4682784,5.464601993560791
4683584,5.426009178161621
4683872,5.460122585296631
4684208,5.44843053817749
4684240,5.412844181060791
4684256,5.357142925262451
4684736,5.5429863929748535
4685552,5.3318586349487305
4686304,5.515695095062256
4686320,5.271493434906006
4687056,5.339366436004639
4687472,5.535714149475098
4687808,5.452488899230957
4688288,5.452488899230957
4688720,5.575221061706543
4688768,5.502283096313477
4689712,5.668202877044678
4689856,5.429864406585693
4690400,5.357142925262451
4690624,5.472972869873047
4691312,5.389908313751221
4691456,5.098039150238037
4692336,5.3318586349487305
4692384,5.789473533630371
4693424,5.295454502105713
4693568,5.513392925262451
4694224,5.40723991394043
4695952,5.450450420379639
4697520,5.3348212242126465
4698624,5.357142925262451
4699504,5.384615421295166
4699616,5.263157844543457
4700032,5.3056769371032715
4700592,5.456521511077881
4700608,5.311110973358154
4701088,5.270270347595215
4701600,5.4337897300720215
4703088,5.4337897300720215
4704144,5.248868942260742
4704240,5.464601993560791
4705440,5.2968034744262695
4706704,5.481651306152344
4707264,5.695067405700684
4707648,5.229357719421387
4707760,5.342465877532959
4708576,5.384615421295166
4709312,5.6108598709106445
4709760,5.205479621887207
4710336,5.597345352172852
4710880,5.464601993560791
4711264,5.435780048370361
4711440,5.454545497894287
4712784,5.313901424407959
4713392,5.464601993560791
4713856,5.365296840667725
4714736,5.251141548156738
4715008,5.360360145568848
4715040,5.422222137451172
4715968,5.3587446212768555
4715984,5.208333492279053
4716384,5.200892925262451
4716512,5.5180182456970215
4717232,5.410958766937256
4718080,5.336322784423828
4718400,5.400000095367432
4718640,5.401785850524902
4720528,5.401785850524902
4720944,5.370370388031006
4721312,5.45945930480957
4721552,5.206611633300781
4723216,5.113636493682861
4723984,5.386363506317139
4724128,5.424107074737549
4724336,5.295454502105713
4724448,5.32110071182251
4724688,5.411255359649658
4724880,5.270270347595215
4726512,5.3125
4727072,5.396475791931152
4728256,5.382883071899414
4728512,5.442477703094482
4728704,5.313901424407959
4730400,5.470851898193359
4730672,5.46875
4733632,5.5
4733936,5.33039665222168
4734272,5.357142925262451
4734416,5.46875
4734784,5.4464287757873535
4735648,5.176990985870361
4735744,5.370370388031006
4735760,5.199999809265137
4737216,5.426009178161621
4738560,5.695067405700684
4738784,5.255814075469971
4739344,5.560538291931152
4741184,5.530973434448242
4742032,5.405405521392822
4742224,5.548245429992676
4742304,5.5194807052612305
4742400,5.400000095367432
4744016,5.410958766937256
4744432,5.36697244644165
4745392,5.41304349899292
4745840,5.422222137451172
4746032,5.502283096313477
4746528,5.511111259460449
4747392,5.642201900482178
4747600,5.403587341308594
4747840,5.34403657913208
4748096,5.560538291931152
4748544,5.487804889678955
4748912,5.525114059448242
4748960,5.24229097366333
4749120,5.353982448577881
4749440,5.535714149475098
4749632,5.4910712242126465
4749632,5.814479827880859
4750096,5.54054069519043
4750928,5.545454502105713
4751152,5.384615421295166
4751328,5.39170503616333
4751616,5.223214149475098
4751968,5.580357074737549
4752592,5.254629611968994
4752976,5.472972869873047
4753056,5.511111259460449
4753168,5.431818008422852
4753392,5.705128192901611
4754848,5.570776462554932
4755120,5.32110071182251
4755440,5.270270347595215
4756208,5.577777862548828
4756720,5.565610885620117
4757168,5.4279279708862305
4758896,5.398230075836182
4759776,5.405405521392822
4760128,5.426009178161621
4762448,5.258620738983154
4762592,5.401785850524902
4763312,5.363636493682861
4763728,5.357142925262451
4763824,5.508849620819092
4765408,5.460526466369629
4765680,5.409836292266846
4765968,5.4751129150390625
4766752,5.483870983123779
4766912,5.424107074737549
4767360,5.438596725463867
4767392,5.3947367668151855
4769232,5.452488899230957
4769488,5.273972511291504
4769776,5.6875
4770048,5.384615421295166
4770544,5.641592979431152
4770752,5.435780048370361
4771040,5.572687149047852
4773120,5.44444465637207
4773184,5.409090995788574
4774960,5.563063144683838
4776160,5.4279279708862305
4776352,5.454545497894287
4777584,5.67391300201416
4778464,5.54878044128418
4779312,5.179640769958496
4780528,5.5180182456970215
4780928,5.424107074737549
4781712,5.435780048370361
4782064,5.513392925262451
4784848,5.450450420379639
4784928,5.44843053817749
4784944,5.472636699676514
4786560,5.3289475440979
4786640,5.376106262207031
4788496,5.495495319366455
4788864,5.376106262207031
4790320,5.442477703094482
4790704,5.3318586349487305
4791024,5.279502868652344
4791072,5.751072883605957
4792416,5.497737407684326
4793712,5.294117450714111
4794016,5.450450420379639
4794208,5.333333492279053
4795248,5.295454502105713
4795744,5.641592979431152
4795936,5.38812780380249
4796128,5.265486717224121
4797392,5.295454502105713
4797648,5.398230075836182
4797824,5.327510833740234
4797856,5.379464149475098
4799312,5.704845905303955
4799632,5.412844181060791
4799952,5.308370113372803
4801200,5.452488899230957
4801312,5.379464149475098
4801440,5.2690582275390625
4801920,5.0
4802208,5.638298034667969
4803552,5.472972869873047
4804032,5.5325446128845215
4806544,5.24229097366333
4808208,5.369565010070801
4808496,5.299539089202881
4808576,5.298165321350098
4808880,5.377358436584473
4808912,5.402009963989258
4811824,5.347222328186035
4812176,5.580357074737549
4812528,5.55555534362793
4812704,5.431818008422852
4813712,5.515695095062256
4814000,5.4666666984558105
4814352,5.176990985870361
4818160,5.375
4818368,5.487804889678955
4819008,5.224215030670166
4819728,5.3318586349487305
4819888,5.389610290527344
4821472,5.538116455078125
4821568,5.246913433074951
4821744,5.426009178161621
4821808,5.467289924621582
4822192,5.252525329589844
4823136,5.452488899230957
4823504,5.44444465637207
4823808,5.420353889465332
4824784,5.2968034744262695
4825040,5.4279279708862305
4826752,5.288888931274414
4826912,5.2876105308532715
4827120,5.550660610198975
4827392,5.381165981292725
4827728,5.271493434906006
4828384,5.32110071182251
4828592,5.271493434906006
4828768,5.3289475440979
4828816,5.4464287757873535
4829424,5.361445903778076
4830544,5.398230075836182
4830976,5.4012346267700195
4831296,5.225225448608398
4831600,5.352422714233398
4832160,5.360360145568848
4832352,5.418502330780029
4832976,5.316741943359375
4833072,4.5
4833952,5.513513565063477
4834384,5.416666507720947
4835760,5.350877285003662
4835792,5.398230075836182
4835904,5.318181991577148
4836640,5.3378376960754395
4837920,5.454545497894287
4838352,5.495495319366455
4838704,5.456621170043945
4839536,5.398230075836182
4839632,5.376106262207031
4839680,5.267857074737549
4841408,5.543478488922119
4842272,5.450450420379639
4842752,5.363636493682861
4842976,5.534188270568848
4843008,5.429864406585693
4845024,5.488888740539551
4845728,5.5625
4846384,5.243362903594971
4847328,5.484581470489502
4848512,5.625
4848608,5.650224208831787
4850032,5.528634548187256
4850224,5.592105388641357
4850320,5.497835636138916
4850896,5.292792797088623
4851232,5.384615421295166
4851968,5.279502868652344
4851984,5.599999904632568
4852112,5.32110071182251
4852208,5.535714149475098
4853664,5.361990928649902
4853936,5.5194807052612305
4854880,5.352422714233398
4855728,5.511111259460449
4857248,5.44843053817749
4857504,5.495495319366455
4859184,5.403587341308594
4859328,5.379464149475098
4860944,5.400000095367432
4861824,5.4525861740112305
4862096,5.4666666984558105
4862800,5.666666507720947
4862896,5.342465877532959
4862960,5.600858211517334
4863504,5.508849620819092
4865472,5.33039665222168
4866480,5.398230075836182
4867344,5.545454502105713
4868496,5.488888740539551
4869072,5.450450420379639
4871104,5.653152942657471
4871568,5.613636493682861
4871648,5.454545497894287
4871760,5.450450420379639
4872336,5.384615421295166
4872800,5.495689868927002
4873680,5.3271026611328125
4873712,5.508849620819092
4874576,5.511111259460449
4876208,5.431818008422852
4876704,5.481651306152344
4879136,5.55555534362793
4879264,5.398230075836182
4879424,5.429864406585693
4879680,5.3009257316589355
4880304,5.4910712242126465
4881616,5.452488899230957
4882288,5.497737407684326
4882928,5.276073455810547
4884544,5.426009178161621
4885584,5.348837375640869
4885968,5.450450420379639
4886224,5.405405521392822
4887056,5.375586986541748
4887792,4.745762825012207
4889520,5.488888740539551
4889536,5.360360145568848
4889744,5.410958766937256
4890208,5.625
4890768,5.318181991577148
4890880,5.566666603088379
4892384,5.563063144683838
4892560,5.5069122314453125
4892944,5.529411792755127
4893040,5.410958766937256
4893280,5.379746913909912
4893568,5.589519500732422
4893584,5.46875
4896560,5.55555534362793
4896608,5.450450420379639
4897376,5.663716793060303
4899616,5.443925380706787
4900224,5.644444465637207
4900672,5.508849620819092
4901184,5.4147467613220215
4901488,5.483870983123779
4901584,5.605381011962891
4903136,5.54054069519043
4903872,5.38812780380249
4904512,5.495495319366455
4904688,5.68807315826416
4905776,5.472972869873047
4906704,5.608108043670654
4906768,5.4666666984558105
4906768,5.696202754974365
4907456,5.458515167236328
4907664,5.577777862548828
4908048,5.340909004211426
4908720,5.360360145568848
4910336,5.76576566696167
4911200,5.636363506317139
4911376,5.653152942657471
4911600,5.6108598709106445
4912048,5.483870983123779
4912352,5.7522125244140625
4913936,5.5829596519470215
4914752,5.641592979431152
4915664,5.488888740539551
4917696,5.5947136878967285
4918192,5.5829596519470215
4919536,5.550458908081055
4920352,5.585585594177246
4920976,5.6108598709106445
4921408,5.521472454071045
4921616,5.76576566696167
4921792,5.513392925262451
4921952,5.442477703094482
4922992,5.550458908081055
4923072,5.613636493682861
4924992,5.313901424407959
4925344,5.294117450714111
4925504,5.52036190032959
4926272,5.666666507720947
4927872,5.39170503616333
4928208,5.450450420379639
4928528,5.409090995788574
4928704,5.608108043670654
4929072,5.54054069519043
4929504,5.6167402267456055
4929712,5.4464287757873535
4929840,5.5180182456970215
4930208,5.400000095367432
4931072,5.424107074737549
4931712,5.275229454040527
4931840,5.282258033752441
4932160,5.627802848815918
4932448,5.3240742683410645
4933040,5.363636493682861
4933760,5.452488899230957
4933792,5.669642925262451
4935344,5.508849620819092
4935456,5.450450420379639
4935632,5.318181991577148
4935888,5.748898506164551
4936224,5.4772725105285645
4936832,5.5
4937264,5.439815044403076
4938864,5.616438388824463
4939504,5.511111259460449
4939840,5.355555534362793
4939856,5.396475791931152
4940000,5.418502330780029
4940176,5.44843053817749
4942464,5.5
4942832,5.530973434448242
4943408,5.521472454071045
4943440,5.44843053817749
4945168,5.530973434448242
4945440,5.303030490875244
4945648,5.3271026611328125
4946432,5.450450420379639
4946448,5.44444465637207
4946640,5.3378376960754395
4947312,5.450450420379639
4947328,5.372807025909424
4949136,5.82608699798584
4950528,5.319634914398193
4950736,5.367965221405029
4952832,5.6026787757873535
4953088,5.443925380706787
4954112,5.2727274894714355
4954304,5.495495319366455
4954544,5.315315246582031
4955056,5.247747898101807
4956224,5.588235378265381
4957184,5.248868942260742
4957552,5.360360145568848
4957632,5.625
4957696,5.493273735046387
4957728,5.409090995788574
4959968,5.495495319366455
4960432,5.416666507720947
4960832,4.901960849761963
4960848,5.350877285003662
4961200,5.32110071182251
4962160,5.247747898101807
4962384,3.3658535480499268
4962768,5.4279279708862305
4963984,5.497737407684326
4964240,5.479452133178711
4964624,5.5227274894714355
4965200,5.506608009338379
4965712,5.429864406585693
4965808,5.492957592010498
4966448,5.698689937591553
4966576,5.465838432312012
4967008,5.4910712242126465
4968208,5.291479587554932
4968560,5.511111259460449
4968640,5.426009178161621
4968784,5.3587446212768555
4969248,5.5
4969440,5.486725807189941
4970048,5.513392925262451
4970320,5.3348212242126465
4971968,5.644444465637207
4972800,5.565610885620117
4973600,5.4751129150390625
4975808,5.515695095062256
4976304,5.458715438842773
4977120,5.319634914398193
4977856,5.318181991577148
4979072,5.3378376960754395
4979552,5.5579400062561035
4981200,5.357142925262451
4981312,5.410958766937256
4984192,5.339366436004639
4984928,5.258620738983154
4984992,5.3493452072143555
4986176,5.299539089202881
4986192,5.361990928649902
4986576,5.346534729003906
4986624,5.322580814361572
4986800,5.246913433074951
4986992,5.4337897300720215
4988592,5.553097248077393
4989680,5.298165321350098
4989808,5.589519500732422
4990608,5.400000095367432
4991392,5.409090995788574
4992560,5.36697244644165
4993360,5.38812780380249
4993376,5.5217390060424805
4993680,5.3587446212768555
4993824,5.403587341308594
4993872,5.3240742683410645
4995776,5.159090995788574
4996864,5.298165321350098
4997040,5.508849620819092
