step,value
320,20.0
384,24.0
688,25.0
688,23.0
816,25.0
864,37.0
960,34.0
1040,19.0
1248,28.0
1264,24.0
1344,23.0
1472,26.0
1584,19.0
1744,28.0
1904,17.0
1968,19.0
2096,22.0
2192,16.0
2336,27.0
2464,17.0
2560,24.0
2672,35.0
2688,22.0
2976,19.0
3008,23.0
3008,19.0
3184,37.0
3504,30.0
3552,35.0
3808,17.0
3872,28.0
3904,27.0
4016,25.0
4080,17.0
4096,17.0
4224,21.0
4336,25.0
4480,21.0
4576,29.0
4624,30.0
4800,35.0
4912,35.0
5264,38.0
5312,23.0
5520,16.0
5616,20.0
5664,29.0
5920,19.0
5984,19.0
6000,29.0
6032,25.0
6112,24.0
6144,33.0
6208,17.0
6272,21.0
6352,17.0
6496,31.0
6688,29.0
6992,37.0
7232,24.0
7232,25.0
7696,36.0
7760,30.0
8016,27.0
8304,16.0
8336,25.0
8496,19.0
8528,19.0
8976,39.0
9072,37.0
9248,36.0
9264,39.0
9344,28.0
9472,24.0
9488,31.0
9744,29.0
10112,27.0
10272,24.0
10320,19.0
10400,32.0
10416,25.0
10544,21.0
10736,68.0
10864,33.0
10960,24.0
11184,19.0
11328,16.0
11328,19.0
11376,20.0
11520,30.0
11664,33.0
11728,21.0
11888,24.0
12112,29.0
12192,24.0
12448,17.0
12624,23.0
12752,24.0
13168,84.0
13376,25.0
13440,31.0
13488,20.0
13680,17.0
13872,23.0
14128,28.0
14256,34.0
14432,31.0
14656,30.0
14848,39.0
14880,26.0
14976,19.0
15296,48.0
15376,24.0
15584,17.0
15744,19.0
15760,37.0
16112,25.0
16272,16.0
16304,29.0
16512,18.0
16544,26.0
16560,19.0
16784,22.0
16944,28.0
17328,36.0
17424,21.0
17536,44.0
17744,19.0
17792,27.0
17792,28.0
17824,25.0
17856,26.0
18064,25.0
18176,23.0
18240,19.0
18640,28.0
18784,31.0
19232,25.0
19264,33.0
19296,34.0
19344,23.0
19376,26.0
19744,18.0
19920,22.0
20032,38.0
20144,31.0
20496,21.0
20560,31.0
20608,83.0
20816,27.0
20896,24.0
21008,45.0
21136,19.0
21200,19.0
21216,19.0
21296,30.0
21520,23.0
21712,19.0
22048,32.0
22192,42.0
22448,36.0
22480,34.0
22784,19.0
22912,23.0
23024,21.0
23072,19.0
23072,42.0
23104,38.0
23168,17.0
23504,18.0
23520,58.0
23520,34.0
23568,21.0
23648,19.0
23712,16.0
23744,19.0
24000,37.0
24032,28.0
24336,28.0
24448,21.0
24480,29.0
24512,22.0
24624,19.0
24704,28.0
24976,29.0
25120,29.0
25328,22.0
25504,23.0
25648,25.0
25744,25.0
25792,31.0
26032,27.0
26368,17.0
26432,22.0
26656,62.0
26832,17.0
27088,19.0
27088,24.0
27360,17.0
27424,41.0
27488,33.0
27568,26.0
27840,18.0
28096,32.0
28256,36.0
28336,20.0
28704,36.0
28704,31.0
28848,19.0
28848,21.0
28976,19.0
29280,27.0
29296,21.0
29296,19.0
29504,20.0
29552,27.0
29600,19.0
29648,19.0
29648,21.0
29792,30.0
29952,24.0
30144,37.0
30256,21.0
30272,41.0
30576,26.0
30608,24.0
31040,26.0
31120,20.0
31344,39.0
31664,19.0
31856,25.0
32240,19.0
32288,19.0
32640,20.0
32800,25.0
32976,20.0
33088,28.0
33440,19.0
33760,23.0
34256,30.0
34320,25.0
34480,25.0
35008,17.0
35024,17.0
35152,22.0
35312,17.0
35936,23.0
35968,19.0
35968,17.0
36032,20.0
36096,30.0
36144,19.0
36208,35.0
36240,19.0
36288,17.0
36592,23.0
36624,30.0
36752,31.0
36816,27.0
37104,17.0
37616,24.0
37616,25.0
37792,23.0
37840,46.0
37856,23.0
38032,19.0
38160,33.0
38192,23.0
38256,24.0
38288,32.0
38384,22.0
38640,20.0
38720,25.0
38816,23.0
38864,35.0
39360,16.0
39440,31.0
39472,29.0
39600,16.0
39760,44.0
39856,23.0
39872,16.0
39872,17.0
40048,17.0
40096,39.0
40144,35.0
40448,24.0
40528,25.0
40912,17.0
40992,27.0
41024,30.0
41040,32.0
41536,20.0
41632,24.0
42128,25.0
42304,41.0
42416,16.0
42576,39.0
42720,18.0
42736,22.0
42768,39.0
43056,36.0
43056,25.0
43248,31.0
43376,22.0
43456,30.0
43648,25.0
43744,24.0
43776,27.0
43840,23.0
43904,26.0
43952,23.0
44096,19.0
44144,24.0
44192,20.0
44256,25.0
44288,24.0
44352,27.0
44368,18.0
44416,28.0
44544,24.0
44560,36.0
44608,24.0
44832,25.0
44992,27.0
45104,32.0
45296,27.0
45312,25.0
45344,19.0
45456,25.0
45472,22.0
45568,45.0
45776,19.0
45808,30.0
45936,28.0
45952,20.0
45968,33.0
46096,19.0
46112,23.0
46480,26.0
47056,19.0
47328,26.0
47344,36.0
47440,24.0
47440,23.0
47632,18.0
47664,19.0
47744,17.0
47776,30.0
47840,22.0
47920,44.0
48160,44.0
48240,25.0
48304,32.0
48320,24.0
48448,17.0
48480,25.0
48560,57.0
48640,19.0
48752,25.0
48784,26.0
48816,31.0
48896,19.0
49120,30.0
49184,17.0
49440,20.0
49456,18.0
49680,36.0
49952,23.0
50320,16.0
50352,27.0
50480,24.0
50576,46.0
50944,41.0
50976,18.0
50976,29.0
51024,36.0
51248,22.0
51600,26.0
51776,23.0
51792,27.0
52032,26.0
52096,19.0
52208,31.0
52320,26.0
52384,29.0
52576,22.0
52688,25.0
53088,19.0
53184,21.0
53264,23.0
53296,16.0
53728,54.0
53984,18.0
54144,17.0
54336,26.0
54352,21.0
54400,25.0
54416,21.0
54544,35.0
54624,35.0
54656,25.0
54752,23.0
54848,18.0
54928,29.0
55040,23.0
55168,25.0
55264,53.0
55360,26.0
55504,25.0
55520,17.0
55696,40.0
55792,41.0
55824,29.0
56096,30.0
56144,38.0
56560,25.0
56688,21.0
56784,32.0
56848,16.0
56864,18.0
57056,26.0
57072,19.0
57280,26.0
57664,34.0
57760,29.0
57872,19.0
58064,22.0
58656,24.0
59184,17.0
59312,24.0
59600,23.0
60512,24.0
60832,17.0
60912,24.0
60960,25.0
61200,44.0
61216,23.0
61344,24.0
61776,21.0
62144,22.0
62560,25.0
62928,26.0
63232,26.0
63264,19.0
63872,20.0
63920,24.0
64048,31.0
64256,54.0
64384,34.0
64816,26.0
65248,23.0
65392,40.0
65552,18.0
65616,16.0
65632,27.0
65952,32.0
66032,25.0
66128,23.0
66272,39.0
66368,29.0
66480,17.0
66624,41.0
66656,34.0
66672,28.0
66832,37.0
66912,48.0
67376,17.0
67456,38.0
67504,24.0
67536,49.0
67760,37.0
67952,26.0
68032,21.0
68176,19.0
68304,37.0
68352,18.0
68368,20.0
68656,27.0
68672,26.0
68688,73.0
68752,33.0
68960,37.0
69056,19.0
69376,19.0
69424,20.0
69440,20.0
69872,50.0
69952,31.0
70336,26.0
70432,19.0
70512,75.0
70624,26.0
70704,19.0
70992,29.0
71104,36.0
71328,28.0
71504,24.0
71568,35.0
71568,38.0
71616,29.0
71680,40.0
71984,19.0
72048,28.0
72064,34.0
72528,44.0
72800,19.0
72944,25.0
72976,23.0
73408,19.0
73552,17.0
73648,23.0
74544,30.0
74592,43.0
74784,24.0
74976,28.0
75024,26.0
75136,29.0
75216,39.0
75696,34.0
75712,45.0
75936,48.0
76832,47.0
77104,39.0
77200,24.0
77264,17.0
77504,19.0
77936,22.0
78272,18.0
78656,20.0
78672,19.0
79120,59.0
79120,27.0
79136,23.0
79312,35.0
79568,23.0
79632,19.0
79840,24.0
79952,19.0
80176,47.0
80256,22.0
80336,30.0
80416,32.0
80432,24.0
80640,58.0
80672,25.0
80768,26.0
80896,59.0
81072,24.0
81184,33.0
81632,23.0
81840,43.0
82064,64.0
82480,81.0
82576,31.0
82736,25.0
83168,59.0
83232,16.0
83584,16.0
83632,18.0
83648,44.0
83664,26.0
83712,29.0
84272,33.0
84496,76.0
84512,26.0
84608,36.0
85200,60.0
85632,35.0
85632,28.0
85792,18.0
85952,32.0
86304,35.0
86320,42.0
86368,31.0
86480,34.0
86576,23.0
86832,32.0
87632,49.0
87664,50.0
87952,17.0
88288,45.0
88352,42.0
88496,68.0
88640,20.0
88640,36.0
88800,53.0
89392,28.0
89648,50.0
90128,29.0
90384,35.0
90448,32.0
90864,18.0
91088,48.0
91376,17.0
91392,23.0
91424,22.0
91888,58.0
92608,74.0
92896,22.0
93472,16.0
93616,44.0
93632,56.0
93648,33.0
93680,27.0
93792,19.0
94144,33.0
94304,41.0
94384,22.0
95456,16.0
95648,20.0
95824,96.0
95840,37.0
96544,33.0
96560,48.0
97568,63.0
97968,60.0
98880,25.0
98976,43.0
99584,76.0
100512,20.0
100720,27.0
101056,39.0
101264,46.0
101280,37.0
101584,19.0
101664,43.0
102096,26.0
102224,48.0
102544,111.0
102544,32.0
102576,19.0
102592,37.0
102976,26.0
103152,37.0
104208,38.0
104304,38.0
104736,31.0
105040,148.0
105136,41.0
105200,26.0
105760,34.0
105840,48.0
105952,16.0
106192,34.0
106656,97.0
106880,53.0
107760,68.0
107920,43.0
108048,58.0
108128,65.0
108416,117.0
108576,80.0
108928,54.0
109104,42.0
109216,41.0
109392,27.0
109472,58.0
109504,35.0
109696,49.0
110336,39.0
110432,46.0
110432,21.0
110768,40.0
111584,43.0
111952,23.0
112000,97.0
112256,62.0
112352,76.0
112352,35.0
112560,98.0
112736,45.0
112752,46.0
113472,56.0
114336,54.0
114736,86.0
115104,39.0
115248,40.0
115824,35.0
115968,44.0
116000,81.0
116704,37.0
116800,45.0
117584,53.0
117984,125.0
118016,81.0
118304,90.0
118464,40.0
118656,37.0
118720,31.0
118912,84.0
119152,21.0
119392,44.0
119824,26.0
120224,69.0
120384,42.0
120432,86.0
120896,209.0
121296,42.0
121552,72.0
121808,34.0
121984,36.0
122160,78.0
122224,104.0
122320,51.0
122496,42.0
122688,43.0
122768,98.0
123008,54.0
123104,70.0
123216,48.0
123376,20.0
123584,168.0
123600,36.0
123760,33.0
123856,57.0
123872,102.0
124144,54.0
124800,58.0
125152,153.0
125424,52.0
125888,84.0
126304,29.0
128128,47.0
128176,130.0
128432,223.0
128960,26.0
128976,74.0
129136,43.0
129344,133.0
130144,49.0
130672,47.0
131104,98.0
131472,82.0
131696,97.0
134032,37.0
134304,50.0
134864,34.0
135680,204.0
136720,86.0
136944,177.0
137104,38.0
137216,63.0
138064,52.0
139328,59.0
139376,141.0
139744,22.0
140192,136.0
140208,54.0
140256,16.0
140384,110.0
140432,65.0
140480,234.0
141488,68.0
141648,231.0
141840,72.0
141952,108.0
142096,70.0
143200,96.0
143392,65.0
143680,50.0
143808,64.0
143984,216.0
144880,86.0
145232,50.0
145808,162.0
146128,77.0
146384,58.0
146384,61.0
146480,51.0
146880,30.0
147600,147.0
149760,89.0
149904,215.0
149936,73.0
150096,222.0
150256,84.0
151040,45.0
151168,87.0
151360,17.0
151552,33.0
151792,72.0
151920,199.0
152080,24.0
152384,93.0
152512,53.0
153024,76.0
153584,126.0
153680,48.0
154224,38.0
155088,87.0
155184,92.0
156624,54.0
156848,224.0
157136,34.0
157200,58.0
158416,38.0
158928,225.0
160448,49.0
161168,208.0
161696,189.0
161904,90.0
162000,191.0
162768,55.0
162832,98.0
163104,89.0
163424,40.0
163792,219.0
164128,43.0
164656,171.0
164704,158.0
165136,166.0
166000,78.0
166416,74.0
166544,44.0
166736,90.0
167264,40.0
168320,59.0
168512,73.0
169232,56.0
169520,29.0
170112,54.0
171584,131.0
171984,25.0
172320,32.0
172688,113.0
173648,238.0
173760,227.0
174096,165.0
174560,70.0
175344,52.0
175840,57.0
176208,219.0
176896,44.0
178864,91.0
179072,50.0
179264,81.0
179904,230.0
180880,80.0
181792,54.0
183936,83.0
184048,162.0
184240,217.0
184368,39.0
184432,164.0
185136,87.0
185168,25.0
185456,19.0
185952,118.0
186432,26.0
187312,73.0
187552,42.0
188752,169.0
188960,118.0
190912,230.0
192432,154.0
192768,88.0
193056,226.0
194304,228.0
195216,61.0
196960,108.0
197456,64.0
197552,76.0
199216,103.0
199312,170.0
200336,189.0
200592,213.0
202512,30.0
203328,35.0
203648,48.0
203664,120.0
203744,68.0
203888,223.0
204080,233.0
204384,72.0
205104,53.0
205120,220.0
206624,112.0
208288,88.0
209680,35.0
209712,35.0
210384,43.0
210848,230.0
211280,60.0
211552,72.0
211840,53.0
213344,51.0
214000,85.0
214880,99.0
214928,159.0
215040,233.0
215088,167.0
216048,72.0
217360,230.0
217552,216.0
219024,83.0
220464,117.0
221568,158.0
222112,162.0
222864,46.0
224224,88.0
224240,90.0
225120,221.0
225376,186.0
225888,47.0
225936,47.0
226624,54.0
227216,36.0
227472,161.0
229168,163.0
230144,59.0
230432,125.0
230784,191.0
230864,105.0
231712,161.0
233408,72.0
233456,224.0
233712,65.0
234032,208.0
234048,33.0
234448,223.0
234448,31.0
234784,85.0
235360,228.0
236976,226.0
238320,167.0
238928,222.0
240800,221.0
241184,225.0
241824,218.0
242640,223.0
242720,95.0
243280,223.0
243760,172.0
244240,227.0
246992,45.0
247296,183.0
250576,160.0
250720,221.0
250912,225.0
251552,63.0
252112,173.0
252192,158.0
252688,29.0
253168,161.0
254608,58.0
254736,158.0
255344,223.0
255376,118.0
256688,222.0
257792,222.0
258224,217.0
259360,161.0
261216,223.0
261440,227.0
261552,219.0
262416,219.0
262576,39.0
263680,52.0
263744,116.0
263856,72.0
267168,46.0
268448,225.0
268816,53.0
269712,227.0
270208,229.0
270656,169.0
273024,166.0
273312,224.0
273520,164.0
276880,216.0
277136,225.0
277776,55.0
277904,57.0
278432,219.0
279440,224.0
279584,223.0
282336,88.0
284992,223.0
285568,72.0
288176,191.0
290144,222.0
290544,31.0
290624,224.0
290928,220.0
291728,221.0
293728,223.0
294112,56.0
294912,228.0
296320,218.0
298208,48.0
299648,89.0
299696,41.0
300416,225.0
300960,214.0
302144,226.0
302288,221.0
302672,91.0
304176,192.0
304576,223.0
306320,222.0
307968,88.0
308992,56.0
309792,216.0
309920,217.0
310720,50.0
312384,221.0
312400,164.0
312544,221.0
312960,224.0
313392,26.0
314576,70.0
314688,225.0
316112,222.0
316432,223.0
317072,76.0
317280,231.0
317760,230.0
317904,91.0
318256,25.0
320992,219.0
322752,227.0
323424,162.0
324064,163.0
324128,222.0
325376,220.0
326432,229.0
328016,218.0
328752,210.0
329040,171.0
330032,218.0
330304,84.0
330416,162.0
331088,169.0
332336,223.0
334336,160.0
334800,74.0
334800,23.0
334816,232.0
335872,220.0
337376,224.0
338592,214.0
340608,126.0
342064,221.0
343488,188.0
345664,141.0
345952,224.0
346688,224.0
347664,215.0
348384,222.0
349872,115.0
352352,80.0
354096,228.0
354960,219.0
355440,226.0
355872,92.0
357952,225.0
359664,34.0
359872,163.0
360864,81.0
361680,222.0
362432,46.0
362816,222.0
363456,158.0
364800,222.0
365440,227.0
366256,229.0
367232,160.0
367472,161.0
368224,162.0
368864,217.0
369344,224.0
370272,221.0
372528,228.0
372624,218.0
372720,228.0
372944,181.0
373424,223.0
375984,224.0
376560,225.0
379616,221.0
379648,223.0
380160,224.0
381104,222.0
381552,221.0
382640,226.0
383200,163.0
383776,223.0
384064,160.0
385264,231.0
386224,223.0
386544,94.0
387296,46.0
387984,159.0
388160,56.0
390656,89.0
390864,222.0
392032,225.0
393152,222.0
394384,225.0
397520,229.0
398864,220.0
400848,226.0
401136,225.0
403152,229.0
403968,43.0
404992,177.0
405584,46.0
406592,163.0
406656,184.0
407024,167.0
407360,218.0
408016,220.0
408720,81.0
408912,55.0
409264,45.0
409568,185.0
411008,86.0
411728,175.0
411776,227.0
411792,219.0
411888,230.0
412944,83.0
413808,226.0
414496,215.0
414512,222.0
417984,166.0
417984,217.0
418256,50.0
419456,225.0
420832,224.0
421552,219.0
422592,167.0
423168,235.0
424240,226.0
425040,220.0
425056,222.0
426304,222.0
426928,163.0
427216,224.0
428384,91.0
430624,223.0
430864,227.0
431520,227.0
432352,218.0
432928,217.0
433024,214.0
433424,184.0
434912,225.0
437200,235.0
437280,227.0
437552,42.0
438640,232.0
439072,163.0
439120,160.0
439568,223.0
440064,61.0
441712,225.0
441824,109.0
442384,227.0
442704,104.0
442736,218.0
444048,52.0
444304,161.0
446336,224.0
446800,104.0
447856,194.0
448016,95.0
449120,122.0
450304,161.0
451504,84.0
451904,220.0
452208,225.0
452432,57.0
452768,227.0
453152,220.0
455856,222.0
456288,95.0
457264,90.0
458352,231.0
458656,226.0
458784,172.0
459184,83.0
459904,221.0
463440,220.0
463488,61.0
466560,221.0
466720,227.0
466992,221.0
467104,225.0
467360,227.0
467504,81.0
468800,89.0
471216,219.0
471760,69.0
474816,203.0
475360,224.0
476192,51.0
476784,221.0
478416,227.0
479376,160.0
479696,229.0
481520,86.0
481536,107.0
482336,49.0
483280,218.0
483328,226.0
485312,163.0
486480,222.0
488000,222.0
488112,160.0
492384,219.0
492464,50.0
493424,162.0
493440,222.0
494288,211.0
494768,221.0
494848,92.0
496048,223.0
496976,221.0
497456,87.0
499216,220.0
499232,129.0
499424,227.0
499488,174.0
501920,217.0
503040,69.0
503264,222.0
503520,225.0
504576,223.0
506448,125.0
506752,224.0
507008,217.0
507952,93.0
508480,217.0
509968,226.0
509968,224.0
510352,221.0
512384,218.0
512864,162.0
512880,163.0
514944,86.0
515376,221.0
516480,224.0
518768,165.0
518880,222.0
519232,224.0
519392,223.0
519936,214.0
521056,55.0
523232,216.0
524816,214.0
524992,168.0
526512,223.0
529488,216.0
529776,223.0
530720,44.0
530976,220.0
531808,69.0
532800,230.0
532864,222.0
533088,226.0
534512,102.0
535456,222.0
535776,215.0
536256,197.0
536928,175.0
537104,59.0
537312,164.0
539040,216.0
541264,85.0
541488,219.0
542544,164.0
543056,226.0
543744,154.0
543840,88.0
544320,56.0
544896,114.0
544960,106.0
545136,223.0
546000,300.0
546288,71.0
546704,51.0
546992,220.0
548672,166.0
549360,165.0
550336,184.0
551280,102.0
551584,95.0
551600,58.0
551952,222.0
552768,50.0
556768,170.0
557488,222.0
557504,45.0
558848,221.0
559024,164.0
559424,72.0
560368,163.0
560688,165.0
561696,112.0
562912,93.0
563472,221.0
563712,222.0
563840,223.0
564256,214.0
564272,160.0
564960,108.0
565056,98.0
565344,224.0
565520,180.0
567280,222.0
568528,233.0
568976,226.0
569536,62.0
570752,225.0
570976,225.0
573872,156.0
574992,215.0
576704,217.0
578768,158.0
578944,58.0
578944,149.0
581200,220.0
581552,162.0
581696,226.0
584576,217.0
584896,163.0
586432,221.0
587040,119.0
587424,124.0
587936,221.0
588720,33.0
589328,217.0
589616,87.0
590176,171.0
590384,165.0
590768,140.0
591408,216.0
591952,223.0
595008,227.0
596000,71.0
597744,72.0
597808,224.0
603488,223.0
605568,189.0
605648,209.0
607200,58.0
609120,221.0
609168,230.0
609184,220.0
609664,221.0
610672,64.0
612448,218.0
616272,223.0
618736,177.0
619408,224.0
619568,219.0
620784,41.0
621600,71.0
622512,39.0
623456,129.0
624032,114.0
625120,219.0
626032,88.0
627056,218.0
627280,218.0
628224,224.0
630912,226.0
633248,221.0
633664,224.0
634336,238.0
634512,81.0
634608,233.0
634672,159.0
635376,47.0
638288,218.0
639808,94.0
641040,223.0
641472,36.0
642432,163.0
642624,223.0
644912,222.0
645008,214.0
645056,223.0
645392,223.0
647072,38.0
648896,220.0
649104,95.0
649392,163.0
650256,53.0
650496,79.0
651792,226.0
654464,161.0
655136,217.0
655760,224.0
655824,231.0
656208,218.0
657376,132.0
657712,73.0
657840,156.0
658288,238.0
658672,177.0
660800,126.0
661824,161.0
663232,223.0
663408,220.0
667344,231.0
668320,161.0
669808,158.0
670096,222.0
670528,159.0
671552,231.0
674720,196.0
674864,223.0
675120,222.0
678384,219.0
679248,226.0
679664,190.0
680480,190.0
681840,161.0
684224,233.0
684224,224.0
685408,219.0
685472,226.0
685728,238.0
686880,226.0
686992,44.0
689168,224.0
689296,222.0
690368,62.0
690880,59.0
691312,50.0
691328,219.0
692144,124.0
692320,228.0
693616,221.0
693888,223.0
694272,49.0
696800,126.0
697200,223.0
697904,226.0
698592,229.0
698608,119.0
698912,226.0
699248,152.0
699840,162.0
703568,134.0
704416,39.0
705984,227.0
706240,101.0
707056,217.0
708944,227.0
710144,224.0
712864,71.0
713392,89.0
714992,162.0
716208,150.0
717424,227.0
720528,108.0
721824,164.0
722176,70.0
722416,225.0
722736,56.0
725088,234.0
725920,218.0
726000,223.0
726272,220.0
728352,97.0
728464,225.0
728912,164.0
730416,128.0
730912,16.0
732160,230.0
732160,56.0
732656,240.0
732768,160.0
733792,223.0
733920,151.0
734240,160.0
735328,166.0
737536,225.0
739936,216.0
740272,220.0
740352,220.0
740944,229.0
741168,234.0
741952,173.0
742640,38.0
742752,217.0
743360,87.0
744176,75.0
744336,234.0
744624,220.0
746320,222.0
747424,202.0
747504,224.0
748256,226.0
748560,96.0
749456,162.0
750896,218.0
751328,172.0
751984,225.0
752160,86.0
752352,24.0
752832,61.0
753008,221.0
754544,159.0
759040,222.0
759120,161.0
759360,82.0
760480,220.0
762400,81.0
763120,49.0
764272,223.0
764416,188.0
764608,221.0
764736,166.0
765824,49.0
767376,164.0
767440,160.0
767952,220.0
768080,237.0
770288,181.0
771344,227.0
772416,218.0
774592,213.0
775200,222.0
776448,45.0
776752,220.0
778160,226.0
779120,224.0
779856,221.0
780240,158.0
780304,221.0
783504,219.0
785360,107.0
786144,91.0
787440,164.0
788032,103.0
788352,45.0
788704,72.0
788944,68.0
788992,223.0
790224,225.0
794208,230.0
797376,216.0
798848,230.0
799344,222.0
799536,233.0
800944,217.0
801296,162.0
801344,24.0
801680,216.0
802144,49.0
802784,19.0
802912,220.0
803104,163.0
803632,96.0
804688,85.0
805488,77.0
805632,169.0
805792,42.0
808704,223.0
810784,161.0
812240,220.0
814048,223.0
814288,220.0
816896,59.0
817792,220.0
817824,220.0
818576,158.0
818640,108.0
819248,41.0
820224,224.0
820336,196.0
821312,67.0
822240,186.0
822288,60.0
823296,54.0
823360,184.0
823680,225.0
824368,100.0
825360,215.0
825824,223.0
826080,178.0
826976,162.0
829136,227.0
829904,47.0
829936,74.0
830368,61.0
830880,110.0
831296,25.0
832160,170.0
832384,226.0
832688,90.0
833904,220.0
834480,226.0
834896,224.0
835664,56.0
835760,218.0
838336,83.0
838896,87.0
839376,224.0
839952,231.0
840080,165.0
840320,123.0
841024,58.0
843072,219.0
844368,85.0
844432,163.0
846544,224.0
847216,164.0
847280,55.0
847456,223.0
850672,219.0
851488,222.0
851616,219.0
852736,223.0
853840,220.0
854576,222.0
855520,58.0
855600,41.0
855968,54.0
857216,54.0
857728,227.0
857792,230.0
858128,162.0
858352,70.0
858528,158.0
858672,169.0
859248,44.0
859360,211.0
860704,224.0
862976,225.0
863552,223.0
863968,162.0
866560,161.0
867088,219.0
869008,223.0
869888,104.0
870640,222.0
871472,46.0
872784,220.0
873632,218.0
875360,228.0
877232,70.0
878000,227.0
878896,225.0
879392,216.0
880320,74.0
881808,49.0
884304,219.0
884608,174.0
885120,76.0
887456,224.0
888400,224.0
888640,219.0
889792,73.0
890640,231.0
891248,54.0
892192,221.0
894608,222.0
895760,222.0
896448,163.0
897376,158.0
898112,164.0
898304,158.0
902000,216.0
902624,165.0
902656,162.0
902944,220.0
903952,158.0
905264,221.0
906160,224.0
909792,221.0
910624,39.0
913072,220.0
913472,224.0
913616,54.0
915216,174.0
915968,18.0
917200,223.0
918512,217.0
918656,208.0
919472,222.0
921344,223.0
923936,191.0
925568,221.0
925920,170.0
926048,218.0
926704,70.0
928544,36.0
929488,224.0
930512,55.0
931600,226.0
932192,162.0
932992,218.0
934080,222.0
934176,227.0
934848,227.0
935648,215.0
936208,221.0
937424,222.0
937648,220.0
937776,224.0
940736,222.0
941008,223.0
942464,59.0
942560,229.0
943424,225.0
944896,221.0
945680,226.0
946016,221.0
946464,82.0
948352,220.0
948384,221.0
948784,225.0
949264,202.0
951952,222.0
952176,56.0
952640,231.0
952832,218.0
953696,53.0
955296,235.0
955456,221.0
956352,60.0
956384,88.0
956976,224.0
957072,213.0
957312,225.0
958096,59.0
958240,231.0
958688,199.0
961840,220.0
962304,225.0
962416,229.0
963712,170.0
963712,160.0
967296,223.0
967776,39.0
971840,53.0
972448,200.0
972608,221.0
973920,167.0
975520,217.0
977536,227.0
977728,221.0
978048,230.0
979024,218.0
979152,219.0
979408,207.0
979504,224.0
979584,222.0
981520,216.0
981920,159.0
982688,220.0
985216,126.0
986640,230.0
987088,222.0
987168,170.0
987392,220.0
987824,197.0
988704,219.0
989984,180.0
990240,224.0
990992,73.0
993824,176.0
994672,224.0
994928,224.0
995008,73.0
995744,224.0
996272,224.0
996448,166.0
998880,162.0
998976,167.0
999152,95.0
999488,300.0
999808,220.0
1001008,223.0
1003008,42.0
1003184,160.0
1003184,215.0
1003376,226.0
1003600,58.0
1008848,225.0
1009680,222.0
1010576,154.0
1011440,222.0
1012464,225.0
1012864,222.0
1012928,221.0
1015056,50.0
1016080,57.0
1016592,232.0
1017376,216.0
1017392,220.0
1018656,224.0
1021152,218.0
1023728,192.0
1024320,107.0
1024512,85.0
1026784,219.0
1027840,219.0
1029744,98.0
1030992,159.0
1031936,221.0
1033296,220.0
1033936,25.0
1034160,223.0
1036016,223.0
1036576,117.0
1036976,219.0
1040848,177.0
1041456,227.0
1041840,222.0
1042112,16.0
1042496,162.0
1043072,189.0
1043184,221.0
1045568,218.0
1045728,225.0
1046160,162.0
1047248,222.0
1047616,179.0
1048000,46.0
1048208,219.0
1048800,163.0
1049072,164.0
1049152,223.0
1049584,98.0
1050592,217.0
1052544,222.0
1053696,215.0
1054208,225.0
1054240,227.0
1055312,221.0
1055376,219.0
1056112,224.0
1057712,220.0
1058560,168.0
1058560,51.0
1059072,116.0
1060176,223.0
1061216,223.0
1062096,54.0
1062368,216.0
1063824,227.0
1064960,224.0
1066096,232.0
1066496,232.0
1067312,175.0
1068592,226.0
1069408,113.0
1070800,86.0
1070880,218.0
1071648,222.0
1072448,219.0
1072576,241.0
1073072,224.0
1073216,163.0
1076128,221.0
1076784,219.0
1077008,217.0
1077680,218.0
1077808,226.0
1077856,216.0
1078624,220.0
1079952,82.0
1080528,169.0
1081392,99.0
1083408,222.0
1083856,225.0
1083952,218.0
1084384,19.0
1084688,217.0
1085392,23.0
1086992,223.0
1087584,223.0
1088448,51.0
1088608,227.0
1089600,222.0
1090784,45.0
1093792,160.0
1094256,232.0
1094624,222.0
1098704,164.0
1100176,98.0
1100672,216.0
1101408,227.0
1102032,233.0
1103392,228.0
1103648,224.0
1103872,25.0
1103968,217.0
1104224,226.0
1104320,104.0
1104480,163.0
1104544,48.0
1104832,98.0
1107776,75.0
1108592,219.0
1108944,224.0
1111280,228.0
1111824,225.0
1112048,229.0
1112080,217.0
1112608,225.0
1115184,159.0
1115568,219.0
1115744,160.0
1116288,176.0
1116496,46.0
1116624,51.0
1117408,221.0
1120160,228.0
1121616,228.0
1121840,216.0
1123152,46.0
1123296,300.0
1126144,101.0
1126464,79.0
1126720,222.0
1126768,216.0
1128080,225.0
1128496,25.0
1128544,226.0
1129424,56.0
1130432,228.0
1131152,157.0
1131472,185.0
1132368,91.0
1132592,221.0
1133152,238.0
1133216,236.0
1134096,89.0
1135456,214.0
1136160,222.0
1136368,223.0
1137056,63.0
1137760,203.0
1139904,40.0
1140240,220.0
1142144,40.0
1142480,165.0
1142960,225.0
1143152,226.0
1143200,44.0
1143760,219.0
1146032,219.0
1148576,87.0
1148832,181.0
1151344,159.0
1151584,38.0
1151920,222.0
1152160,220.0
1153360,222.0
1153696,227.0
1154144,159.0
1155088,220.0
1156544,198.0
1157216,222.0
1157264,102.0
1157664,219.0
1157840,162.0
1160176,226.0
1160976,224.0
1161824,228.0
1163040,222.0
1163200,225.0
1163616,218.0
1165760,174.0
1165776,160.0
1166288,220.0
1166320,232.0
1166752,220.0
1167216,221.0
1169984,228.0
1170448,49.0
1170832,227.0
1171520,95.0
1172528,225.0
1174224,186.0
1174368,226.0
1174416,216.0
1175712,80.0
1175744,85.0
1175808,162.0
1177744,225.0
1177760,221.0
1178624,228.0
1178848,53.0
1178896,71.0
1179360,227.0
1179584,208.0
1180512,229.0
1181184,119.0
1182848,220.0
1182928,108.0
1183712,222.0
1184672,160.0
1186320,162.0
1186368,61.0
1187104,230.0
1188912,161.0
1189552,226.0
1190064,184.0
1191504,161.0
1192304,217.0
1193552,35.0
1195248,106.0
1196352,95.0
1198784,221.0
1199088,225.0
1199312,235.0
1200000,227.0
1200112,224.0
1200928,221.0
1201600,221.0
1201888,160.0
1202848,221.0
1204544,225.0
1205968,225.0
1206448,224.0
1207248,223.0
1208240,61.0
1208880,218.0
1211888,121.0
1213024,107.0
1213600,225.0
1215072,73.0
1215168,216.0
1215536,227.0
1217216,225.0
1217728,162.0
1218368,186.0
1219280,86.0
1220432,128.0
1221328,224.0
1222320,223.0
1222768,89.0
1225904,219.0
1225984,221.0
1226352,230.0
1227248,51.0
1227712,224.0
1227984,225.0
1228960,94.0
1229808,159.0
1231056,108.0
1232272,45.0
1232576,56.0
1233392,223.0
1234352,224.0
1237120,220.0
1238208,228.0
1238976,161.0
1239712,161.0
1239888,235.0
1240704,61.0
1241776,222.0
1242704,231.0
1242784,119.0
1242960,242.0
1244528,225.0
1244592,223.0
1245184,138.0
1246032,226.0
1246256,221.0
1246400,228.0
1247184,80.0
1247408,217.0
1247840,221.0
1248992,98.0
1249504,219.0
1251648,90.0
1252752,80.0
1252752,47.0
1253312,58.0
1253792,164.0
1254256,220.0
1255200,223.0
1257632,159.0
1257808,216.0
1258656,215.0
1260928,163.0
1263968,221.0
1264784,222.0
1265280,219.0
1266112,228.0
1267584,80.0
1267744,39.0
1270976,163.0
1271408,56.0
1271952,223.0
1272432,224.0
1272784,158.0
1273248,52.0
1275520,190.0
1275600,19.0
1276848,219.0
1277904,82.0
1278432,224.0
1278528,70.0
1279216,42.0
1280336,49.0
1280720,224.0
1281664,227.0
1282448,234.0
1283200,225.0
1284768,227.0
1286160,112.0
1286672,50.0
1288032,82.0
1288768,162.0
1289648,110.0
1290544,224.0
1291728,95.0
1292048,232.0
1293488,215.0
1294144,228.0
1295264,223.0
1295920,50.0
1300048,221.0
1300992,16.0
1301776,220.0
1302688,164.0
1302928,52.0
1306448,219.0
1306512,223.0
1307184,213.0
1308944,59.0
1308992,165.0
1309184,166.0
1309280,16.0
1309408,58.0
1309936,219.0
1310832,227.0
1312416,216.0
1313536,224.0
1316960,219.0
1317136,53.0
1317792,221.0
1318000,39.0
1318560,235.0
1320144,86.0
1320688,159.0
1321872,231.0
1322672,159.0
1323616,178.0
1324480,186.0
1325408,104.0
1326368,216.0
1327040,229.0
1328464,145.0
1328496,214.0
1329104,170.0
1329568,224.0
1329680,35.0
1330016,168.0
1330560,80.0
1330784,228.0
1330880,61.0
1332352,221.0
1332880,163.0
1333216,90.0
1334096,209.0
1335984,140.0
1337680,223.0
1338080,231.0
1339200,228.0
1340064,228.0
1340480,216.0
1340720,189.0
1340912,177.0
1341600,219.0
1342624,224.0
1344128,48.0
1344336,213.0
1345744,166.0
1346304,229.0
1346496,223.0
1348688,45.0
1349856,71.0
1350080,223.0
1350720,94.0
1351200,225.0
1351456,226.0
1352624,225.0
1352912,221.0
1354672,19.0
1355344,221.0
1356400,16.0
1356448,223.0
1356576,228.0
1358416,166.0
1358528,217.0
1359200,98.0
1361984,222.0
1362864,229.0
1363952,224.0
1365520,94.0
1368224,218.0
1368448,89.0
1368736,111.0
1369184,146.0
1369200,159.0
1369504,225.0
1370016,223.0
1371216,219.0
1372752,62.0
1372768,225.0
1372896,227.0
1374608,219.0
1375088,220.0
1375888,220.0
1377056,214.0
1379600,231.0
1381328,158.0
1381744,228.0
1382192,218.0
1382448,108.0
1382960,165.0
1383392,92.0
1384240,158.0
1386528,222.0
1387856,225.0
1389664,108.0
1390208,229.0
1394928,219.0
1395968,227.0
1397136,218.0
1397296,82.0
1397408,92.0
1397808,24.0
1397936,218.0
1397968,218.0
1398560,133.0
1400832,220.0
1400944,230.0
1402160,224.0
1404448,231.0
1404960,116.0
1405008,223.0
1407568,111.0
1407968,219.0
1410160,168.0
1411024,225.0
1412080,222.0
1412400,219.0
1416704,203.0
1417184,56.0
1417648,219.0
1418912,219.0
1419424,228.0
1420080,220.0
1423616,300.0
1423936,222.0
1426656,230.0
1427584,86.0
1428576,223.0
1430960,225.0
1431072,107.0
1432048,216.0
1433856,170.0
1434096,170.0
1434400,90.0
1434576,218.0
1435232,34.0
1435456,217.0
1437232,110.0
1437552,215.0
1437632,223.0
1437648,223.0
1437904,218.0
1438096,219.0
1439296,222.0
1439952,169.0
1440784,226.0
1444336,82.0
1444640,56.0
1444720,187.0
1445968,114.0
1446448,171.0
1447728,192.0
1448368,227.0
1449504,222.0
1449984,220.0
1450256,203.0
1451264,222.0
1451632,220.0
1453824,49.0
1455232,143.0
1455344,225.0
1455488,218.0
1457008,110.0
1458896,221.0
1459120,226.0
1459440,223.0
1460384,222.0
1461104,216.0
1461696,226.0
1461904,189.0
1462544,227.0
1462880,60.0
1463376,229.0
1464256,159.0
1465488,223.0
1467248,159.0
1467552,226.0
1468160,220.0
1469120,226.0
1470496,219.0
1471360,81.0
1472320,217.0
1473968,216.0
1474400,144.0
1474400,222.0
1474400,161.0
1474432,218.0
1475472,58.0
1475936,225.0
1477936,220.0
1478000,224.0
1478608,221.0
1479856,222.0
1482000,159.0
1483120,178.0
1483744,223.0
1483872,227.0
1485200,226.0
1487312,222.0
1487680,225.0
1488608,223.0
1490176,220.0
1492448,219.0
1494208,225.0
1494256,215.0
1494976,219.0
1495760,230.0
1496016,222.0
1496256,219.0
1496880,227.0
1497712,218.0
1499264,218.0
1500288,212.0
1500720,161.0
1501360,216.0
1502768,218.0
1503584,219.0
1503920,218.0
1504832,220.0
1504928,83.0
1505568,223.0
1507408,226.0
1507696,132.0
1509408,217.0
1512928,219.0
1513616,166.0
1516000,226.0
1516608,228.0
1516848,19.0
1518880,219.0
1519360,225.0
1520976,220.0
1523888,217.0
1525488,158.0
1525680,221.0
1526096,223.0
1526480,161.0
1526896,25.0
1527328,216.0
1528896,219.0
1529392,226.0
1530144,222.0
1530464,222.0
1533104,231.0
1533552,221.0
1533776,226.0
1535232,160.0
1535712,224.0
1535824,224.0
1537504,216.0
1540544,162.0
1540736,221.0
1540768,219.0
1541792,219.0
1541952,51.0
1542960,223.0
1544176,226.0
1544208,216.0
1547344,231.0
1547744,222.0
1547872,218.0
1547936,227.0
1547984,233.0
1550240,224.0
1551488,230.0
1551568,223.0
1552576,229.0
1553696,85.0
1554192,100.0
1555168,58.0
1556240,222.0
1556240,223.0
1557024,161.0
1557808,164.0
1558848,104.0
1559024,215.0
1559520,56.0
1560800,222.0
1561584,222.0
1563808,91.0
1564192,227.0
1565232,227.0
1565328,227.0
1565680,222.0
1566112,93.0
1566224,216.0
1568080,223.0
1568496,224.0
1568864,220.0
1569072,226.0
1569248,222.0
1569712,224.0
1570912,127.0
1572432,232.0
1573568,228.0
1575136,207.0
1575632,223.0
1575936,168.0
1576352,227.0
1577856,221.0
1579120,218.0
1579152,223.0
1579536,224.0
1582224,227.0
1583232,142.0
1584144,108.0
1584544,92.0
1584800,184.0
1585360,213.0
1586208,222.0
1586496,230.0
1587136,226.0
1590080,223.0
1590896,221.0
1592192,215.0
1592288,223.0
1592544,226.0
1592560,125.0
1593536,228.0
1593936,219.0
1594608,170.0
1596064,219.0
1596320,223.0
1599376,223.0
1599488,229.0
1601776,219.0
1603152,219.0
1603200,54.0
1603904,169.0
1606560,165.0
1606688,225.0
1606864,228.0
1607296,220.0
1610240,225.0
1611520,47.0
1612096,228.0
1612176,224.0
1615808,107.0
1615840,228.0
1616544,227.0
1616688,52.0
1617680,226.0
1617856,241.0
1618144,43.0
1619520,222.0
1619584,95.0
1620112,218.0
1620640,226.0
1620832,219.0
1621216,220.0
1621328,58.0
1621696,215.0
1626512,224.0
1627296,177.0
1628144,226.0
1628576,160.0
1629376,214.0
1633056,224.0
1634624,175.0
1634896,230.0
1634960,236.0
1635632,45.0
1636624,221.0
1637984,111.0
1639152,164.0
1640192,229.0
1642272,221.0
1642448,224.0
1643680,217.0
1645056,215.0
1646448,80.0
1646544,223.0
1648256,225.0
1651040,225.0
1651088,217.0
1651696,233.0
1652688,224.0
1653888,227.0
1654512,213.0
1655680,220.0
1657472,223.0
1657568,97.0
1658032,219.0
1658080,119.0
1658864,198.0
1659232,60.0
1660592,188.0
1660992,219.0
1661376,172.0
1661744,218.0
1663280,70.0
1664128,220.0
1666352,230.0
1666976,224.0
1672080,219.0
1673152,218.0
1674720,218.0
1676720,226.0
1683520,218.0
1683984,225.0
1684688,161.0
1685568,195.0
1685840,221.0
1686352,226.0
1690256,224.0
1691104,218.0
1691232,223.0
1691648,219.0
1693664,228.0
1693792,225.0
1694352,222.0
1694496,232.0
1694608,216.0
1694624,219.0
1695376,223.0
1697360,222.0
1700848,221.0
1701760,225.0
1701792,241.0
1707328,217.0
1707648,225.0
1708304,226.0
1710560,217.0
1710960,226.0
1711376,223.0
1714128,222.0
1714976,226.0
1716016,106.0
1718480,109.0
1719040,221.0
1719920,288.0
1720672,164.0
1720832,219.0
1721280,220.0
1723504,223.0
1723904,19.0
1724416,237.0
1724688,164.0
1724736,215.0
1725296,219.0
1727968,221.0
1729472,224.0
1731648,223.0
1731776,223.0
1732768,129.0
1735808,41.0
1735936,48.0
1736448,229.0
1737760,75.0
1737824,226.0
1738816,220.0
1738896,230.0
1739488,221.0
1739776,222.0
1742768,186.0
1747664,107.0
1747856,75.0
1748272,222.0
1748336,227.0
1749920,214.0
1750128,226.0
1752880,224.0
1753680,232.0
1754912,227.0
1755312,110.0
1759008,224.0
1762720,231.0
1762784,221.0
1762992,49.0
1763360,187.0
1763632,224.0
1764016,75.0
1765504,220.0
1765664,225.0
1765696,216.0
1766304,223.0
1767648,121.0
1767936,224.0
1768944,164.0
1769120,225.0
1770608,233.0
1772960,57.0
1773024,217.0
1775040,165.0
1777088,222.0
1779616,223.0
1780592,165.0
1781008,225.0
1782224,224.0
1784128,220.0
1784928,223.0
1784992,165.0
1785728,218.0
1786192,61.0
1786288,145.0
1788192,199.0
1788480,167.0
1789968,220.0
1792032,221.0
1792720,218.0
1793872,73.0
1795392,220.0
1795808,224.0
1796240,219.0
1796320,217.0
1796848,223.0
1796944,38.0
1801600,226.0
1803584,224.0
1804096,229.0
1805168,219.0
1805264,218.0
1806320,163.0
1806560,227.0
1806576,187.0
1807168,219.0
1808640,211.0
1809600,59.0
1811040,223.0
1813120,222.0
1813504,159.0
1814336,221.0
1815424,216.0
1815472,215.0
1815936,224.0
1816768,227.0
1817232,221.0
1818784,81.0
1819584,221.0
1820576,217.0
1820864,162.0
1822352,218.0
1824032,222.0
1824240,228.0
1824336,227.0
1824368,172.0
1824672,220.0
1825040,168.0
1826224,213.0
1826912,219.0
1827856,219.0
1828000,160.0
1828112,219.0
1828240,220.0
1829184,224.0
1831824,223.0
1832304,222.0
1832464,222.0
1833136,224.0
1834816,217.0
1835856,223.0
1835904,45.0
1837888,220.0
1838304,49.0
1838848,218.0
1841120,28.0
1841456,222.0
1842304,215.0
1842896,60.0
1843008,224.0
1844768,227.0
1845872,222.0
1846448,223.0
1848496,230.0
1849392,219.0
1849712,226.0
1852112,218.0
1852256,176.0
1852528,227.0
1853824,223.0
1854880,161.0
1855824,222.0
1858304,87.0
1859088,217.0
1859456,226.0
1860608,150.0
1861488,225.0
1861712,212.0
1862512,226.0
1863104,227.0
1865072,167.0
1866432,234.0
1867840,200.0
1868048,235.0
1868848,235.0
1868864,230.0
1870144,227.0
1871472,162.0
1871568,219.0
1871968,235.0
1872144,205.0
1873872,232.0
1874640,38.0
1875520,220.0
1875552,212.0
1875744,216.0
1878928,233.0
1879248,222.0
1879984,58.0
1880464,75.0
1881280,223.0
1882416,219.0
1882464,220.0
1884448,222.0
1884496,166.0
1885360,223.0
1888176,216.0
1889632,216.0
1890320,67.0
1891632,49.0
1893776,215.0
1898224,225.0
1898384,215.0
1898512,165.0
1899536,224.0
1900448,221.0
1900656,167.0
1901488,224.0
1904240,220.0
1905776,218.0
1907904,228.0
1908064,231.0
1908272,223.0
1909536,218.0
1910784,231.0
1911776,225.0
1912512,50.0
1913504,154.0
1915248,216.0
1916448,44.0
1916624,217.0
1919824,217.0
1920880,216.0
1921152,231.0
1922192,164.0
1922320,224.0
1923392,222.0
1924672,219.0
1925904,223.0
1925968,220.0
1926624,162.0
1927376,46.0
1928720,227.0
1929360,227.0
1930720,223.0
1930832,222.0
1930896,219.0
1931792,222.0
1932960,224.0
1934096,220.0
1934416,230.0
1935552,232.0
1936000,225.0
1937616,219.0
1938896,73.0
1939360,95.0
1940752,186.0
1942400,43.0
1942400,218.0
1945088,223.0
1945552,222.0
1947312,224.0
1948864,190.0
1949008,160.0
1949600,221.0
1950384,92.0
1951680,166.0
1951744,225.0
1952192,161.0
1952256,75.0
1953136,215.0
1954112,71.0
1955248,218.0
1955312,226.0
1955552,229.0
1957488,222.0
1958464,60.0
1961232,220.0
1962112,157.0
1963216,234.0
1963520,227.0
1963856,233.0
1964208,224.0
1965376,72.0
1966464,214.0
1966496,164.0
1967216,229.0
1968016,213.0
1968192,222.0
1968960,223.0
1969360,223.0
1969552,95.0
1970784,222.0
1971168,185.0
1973056,230.0
1973472,220.0
1973648,226.0
1976944,19.0
1977024,225.0
1977376,197.0
1977632,228.0
1978368,219.0
1979008,210.0
1980256,163.0
1980928,221.0
1981824,215.0
1982224,227.0
1982336,224.0
1982896,93.0
1985760,220.0
1987056,163.0
1987104,216.0
1988736,54.0
1989232,216.0
1989408,163.0
1989504,222.0
1989552,160.0
1990000,222.0
1990528,227.0
1991824,222.0
1992688,215.0
1993152,224.0
1997072,215.0
1997376,220.0
1998528,71.0
1998928,225.0
1999888,217.0
2000928,216.0
2001216,226.0
2001536,227.0
2001552,104.0
2002160,226.0
2003488,161.0
2004768,221.0
2006080,161.0
2006512,215.0
2007328,216.0
2007424,225.0
2007696,226.0
2008336,222.0
2009504,186.0
2010032,220.0
2010336,164.0
2010672,72.0
2013264,220.0
2013632,220.0
2014192,166.0
2014256,223.0
2016288,169.0
2016480,226.0
2016656,149.0
2017904,223.0
2019904,229.0
2023776,16.0
2023808,217.0
2024704,215.0
2026640,120.0
2027312,218.0
2028576,217.0
2028640,223.0
2028784,230.0
2031120,161.0
2033040,220.0
2033168,217.0
2033376,218.0
2035200,221.0
2035744,160.0
2036016,47.0
2036544,223.0
2036960,223.0
2037712,224.0
2039232,224.0
2040368,219.0
2040976,224.0
2041488,159.0
2041984,221.0
2042352,220.0
2042816,223.0
2043200,226.0
2044512,220.0
2046704,220.0
2048208,230.0
2049456,225.0
2050976,224.0
2052096,73.0
2052720,232.0
2052832,45.0
2053520,225.0
2054432,221.0
2055536,224.0
2056272,216.0
2056352,226.0
2057936,218.0
2063536,219.0
2063952,193.0
2066112,225.0
2066992,229.0
2069328,224.0
2069696,225.0
2071248,222.0
2071584,227.0
2073152,216.0
2073232,221.0
2074064,223.0
2076528,229.0
2076688,220.0
2079952,222.0
2080112,223.0
2080736,220.0
2080816,156.0
2082096,158.0
2083408,227.0
2086688,158.0
2086960,221.0
2086976,226.0
2087072,228.0
2090064,192.0
2090720,225.0
2090944,216.0
2091568,225.0
2092832,221.0
2095136,222.0
2095920,223.0
2099056,218.0
2100704,219.0
2101104,228.0
2102224,220.0
2104160,213.0
2105568,161.0
2105680,217.0
2105856,226.0
2106352,229.0
2106368,57.0
2106528,225.0
2108496,218.0
2109056,217.0
2109440,223.0
2109760,212.0
2110624,224.0
2111744,95.0
2112576,226.0
2113248,163.0
2113504,161.0
2113664,222.0
2115312,226.0
2116448,219.0
2117248,223.0
2118736,219.0
2119184,161.0
2119824,160.0
2120048,217.0
2120688,227.0
2122384,220.0
2123456,226.0
2123552,218.0
2125392,231.0
2126048,117.0
2126320,220.0
2126992,220.0
2128832,233.0
2129056,220.0
2129856,162.0
2129968,214.0
2130432,220.0
2130768,72.0
2132928,226.0
2133472,225.0
2134928,155.0
2137504,226.0
2137568,225.0
2138352,161.0
2140192,223.0
2141104,220.0
2142016,222.0
2143904,231.0
2145024,219.0
2145072,217.0
2145488,216.0
2148416,82.0
2148656,220.0
2149616,219.0
2151152,226.0
2151168,221.0
2151248,164.0
2151696,221.0
2151808,196.0
2155600,217.0
2157920,221.0
2158272,222.0
2159984,213.0
2160304,164.0
2162032,107.0
2162592,221.0
2163312,222.0
2163360,220.0
2165568,225.0
2166192,224.0
2166784,210.0
2168560,218.0
2168608,224.0
2169040,216.0
2170160,233.0
2171744,164.0
2172608,222.0
2172800,225.0
2175296,221.0
2178816,219.0
2179072,218.0
2182608,220.0
2183728,217.0
2185168,220.0
2188112,221.0
2189808,229.0
2190432,228.0
2192112,224.0
2193456,221.0
2194064,215.0
2194096,228.0
2197008,218.0
2197616,219.0
2197888,221.0
2198912,199.0
2200480,216.0
2202000,162.0
2202288,93.0
2204656,219.0
2206320,70.0
2208288,211.0
2208384,228.0
2208384,222.0
2209440,223.0
2211360,130.0
2212144,222.0
2213600,225.0
2215184,56.0
2216384,222.0
2217232,224.0
2217280,164.0
2218672,219.0
2219488,221.0
2221024,163.0
2221840,227.0
2224736,231.0
2225376,222.0
2225472,226.0
2227360,225.0
2228080,162.0
2228320,223.0
2228544,31.0
2229984,222.0
2230400,222.0
2230688,218.0
2231904,226.0
2234656,232.0
2235488,220.0
2236112,221.0
2236368,221.0
2236784,163.0
2238736,163.0
2239472,222.0
2239904,220.0
2241568,231.0
2242192,224.0
2243440,220.0
2243648,224.0
2244448,218.0
2244688,224.0
2247152,218.0
2247248,216.0
2248592,218.0
2250240,224.0
2250896,227.0
2251776,221.0
2252528,219.0
2254400,224.0
2256080,221.0
2256080,226.0
2257232,228.0
2259632,221.0
2259648,222.0
2259728,219.0
2261184,223.0
2262864,226.0
2263440,58.0
2265920,220.0
2266176,208.0
2266368,218.0
2268272,220.0
2268912,31.0
2269488,222.0
2270400,42.0
2276128,45.0
2276560,229.0
2276720,168.0
2280096,219.0
2280144,223.0
2280240,223.0
2282016,214.0
2282400,59.0
2282880,229.0
2284688,224.0
2285280,230.0
2287328,164.0
2287696,224.0
2287712,166.0
2288544,220.0
2289216,224.0
2289232,223.0
2291280,223.0
2292176,221.0
2295104,226.0
2295680,220.0
2296880,218.0
2297408,238.0
2298064,222.0
2298448,227.0
2298928,225.0
2299456,227.0
2301184,222.0
2302192,228.0
2303456,228.0
2303568,167.0
2304016,61.0
2304784,161.0
2307040,223.0
2307536,219.0
2308320,220.0
2309040,217.0
2310112,157.0
2310960,221.0
2311824,226.0
2311856,220.0
2314544,223.0
2314560,228.0
2314752,231.0
2314800,227.0
2315296,228.0
2315744,72.0
2317168,226.0
2317440,16.0
2319328,223.0
2321072,226.0
2322672,222.0
2324400,223.0
2326336,230.0
2327088,222.0
2327840,93.0
2329104,228.0
2331504,213.0
2332896,228.0
2333136,157.0
2333232,199.0
2335168,215.0
2335264,126.0
2336176,215.0
2336864,221.0
2336880,222.0
2337856,167.0
2339216,160.0
2339760,223.0
2341072,225.0
2344448,221.0
2344944,212.0
2345664,233.0
2345888,58.0
2348944,224.0
2349024,221.0
2349312,223.0
2349536,220.0
2349776,214.0
2350336,218.0
2352256,224.0
2352544,224.0
2354144,221.0
2355152,162.0
2356416,220.0
2359760,224.0
2360864,96.0
2361344,222.0
2362144,225.0
2365536,227.0
2366480,222.0
2366976,220.0
2367056,165.0
2368496,221.0
2369456,221.0
2369936,220.0
2370208,232.0
2371472,220.0
2372640,218.0
2372944,215.0
2372992,232.0
2375040,222.0
2375136,194.0
2376304,228.0
2377552,225.0
2379984,229.0
2379984,210.0
2380560,191.0
2381152,224.0
2383104,226.0
2383440,229.0
2384752,224.0
2386224,227.0
2386976,220.0
2387248,217.0
2387408,227.0
2388096,57.0
2390560,224.0
2390896,223.0
2390976,220.0
2391152,223.0
2391360,220.0
2393520,163.0
2394992,226.0
2395360,162.0
2398304,222.0
2400304,229.0
2400336,169.0
2402112,223.0
2403904,224.0
2405984,220.0
2406496,159.0
2408080,83.0
2408912,217.0
2409488,218.0
2409488,118.0
2410032,230.0
2410960,179.0
2411776,219.0
2412240,57.0
2413392,224.0
2415152,109.0
2415280,220.0
2416128,210.0
2416464,73.0
2416624,222.0
2416736,220.0
2417280,227.0
2417552,50.0
2417712,107.0
2418144,226.0
2420160,230.0
2420208,214.0
2423184,219.0
2423792,226.0
2424816,230.0
2426544,225.0
2426800,219.0
2427376,214.0
2429632,222.0
2430400,224.0
2431872,223.0
2432048,228.0
2432064,224.0
2434224,189.0
2435088,74.0
2437680,161.0
2437968,225.0
2439264,217.0
2440048,220.0
2441584,225.0
2441680,225.0
2442016,231.0
2442832,222.0
2443984,224.0
2445088,222.0
2447232,224.0
2448896,220.0
2449728,216.0
2451632,215.0
2452000,219.0
2452384,217.0
2452640,220.0
2453552,224.0
2455424,219.0
2456048,228.0
2456096,223.0
2457712,227.0
2458208,220.0
2458864,214.0
2459392,224.0
2459712,228.0
2460608,217.0
2461360,227.0
2461456,161.0
2461504,215.0
2462656,226.0
2466000,231.0
2467376,191.0
2468688,221.0
2468896,222.0
2470992,229.0
2475504,222.0
2475856,224.0
2475952,212.0
2476144,225.0
2477408,224.0
2477904,239.0
2479472,229.0
2480528,219.0
2481552,227.0
2481696,216.0
2481808,220.0
2482736,99.0
2483184,226.0
2486576,217.0
2486848,218.0
2487328,224.0
2487744,220.0
2492368,223.0
2492608,159.0
2493056,224.0
2493792,226.0
2494400,221.0
2494880,225.0
2496880,223.0
2497456,160.0
2497792,232.0
2498528,219.0
2498592,224.0
2498720,157.0
2499792,225.0
2500384,218.0
2506960,163.0
2509184,232.0
2509776,140.0
2510000,164.0
2510528,223.0
2511792,125.0
2513632,226.0
2515648,227.0
2518976,224.0
2522368,222.0
2523520,224.0
2524400,216.0
2526656,75.0
2527856,74.0
2530688,57.0
2531296,222.0
2531488,222.0
2532240,217.0
2534896,224.0
2537120,219.0
2537872,221.0
2538432,223.0
2538464,222.0
2538512,189.0
2540880,219.0
2542208,224.0
2544288,161.0
2545968,220.0
2546448,218.0
2548256,159.0
2548480,220.0
2555504,224.0
2556272,160.0
2557552,124.0
2558832,218.0
2558880,162.0
2560512,215.0
2562448,225.0
2562704,219.0
2563664,161.0
2566048,224.0
2566848,216.0
2567216,221.0
2567216,221.0
2567600,217.0
2568704,159.0
2569696,227.0
2570368,219.0
2571008,218.0
2571296,227.0
2573232,230.0
2573312,225.0
2574400,215.0
2575680,213.0
2577632,226.0
2577872,220.0
2580512,216.0
2580768,227.0
2584192,224.0
2584608,222.0
2586240,218.0
2586640,223.0
2587600,215.0
2587744,221.0
2589840,224.0
2590208,222.0
2592832,229.0
2594976,219.0
2596320,217.0
2596656,228.0
2597792,181.0
2598128,226.0
2598272,223.0
2599888,222.0
2600064,213.0
2600336,228.0
2601856,223.0
2601904,55.0
2602384,213.0
2602448,159.0
2602656,65.0
2605552,227.0
2606512,219.0
2607216,218.0
2608960,216.0
2609408,217.0
2610832,88.0
2611520,212.0
2612848,224.0
2612864,219.0
2613504,166.0
2614656,57.0
2617840,86.0
2618720,216.0
2620688,231.0
2624496,225.0
2625792,228.0
2626480,221.0
2626816,223.0
2627568,219.0
2629152,226.0
2629232,222.0
2629440,184.0
2630352,220.0
2630496,203.0
2631184,225.0
2632976,233.0
2633024,223.0
2636528,221.0
2637184,223.0
2637472,220.0
2637712,227.0
2638000,133.0
2638656,227.0
2640432,110.0
2641136,226.0
2643568,221.0
2643984,221.0
2645456,227.0
2647232,225.0
2647296,218.0
2647760,70.0
2648560,215.0
2649376,223.0
2649920,221.0
2650704,222.0
2652512,222.0
2652976,224.0
2654112,220.0
2654288,162.0
2654464,221.0
2655088,228.0
2657248,222.0
2657632,231.0
2657632,219.0
2657840,223.0
2658624,220.0
2659984,217.0
2663664,183.0
2664656,218.0
2664800,221.0
2666304,219.0
2667376,217.0
2667520,219.0
2667856,227.0
2670464,162.0
2671824,229.0
2671856,220.0
2674880,226.0
2676496,225.0
2676720,97.0
2677552,221.0
2677872,220.0
2678416,218.0
2679920,95.0
2680016,219.0
2682384,71.0
2683600,229.0
2686944,165.0
2687024,116.0
2688544,222.0
2688608,222.0
2688608,223.0
2688704,220.0
2690080,224.0
2690464,184.0
2690480,220.0
2690720,224.0
2693600,225.0
2693712,226.0
2694224,213.0
2695680,224.0
2699184,224.0
2700416,223.0
2700800,221.0
2701360,219.0
2701552,225.0
2702880,221.0
2703424,200.0
2704560,224.0
2705488,217.0
2705600,233.0
2706544,228.0
2707344,217.0
2708944,223.0
2710032,220.0
2710528,222.0
2711568,216.0
2714128,224.0
2714192,163.0
2716144,218.0
2718400,221.0
2718736,145.0
2718944,215.0
2718976,216.0
2719648,218.0
2719968,229.0
2720768,126.0
2722592,225.0
2724688,216.0
2725344,224.0
2726208,225.0
2726384,233.0
2727376,45.0
2728416,219.0
2732336,158.0
2732368,226.0
2739216,224.0
2739328,223.0
2740208,54.0
2741664,227.0
2742208,163.0
2743056,164.0
2743888,229.0
2744592,220.0
2745792,223.0
2746192,215.0
2746400,224.0
2746624,225.0
2747200,49.0
2747504,225.0
2749648,215.0
2750576,112.0
2753520,220.0
2754240,223.0
2754592,218.0
2757104,223.0
2759664,160.0
2761424,220.0
2762528,228.0
2763344,228.0
2765296,48.0
2766016,217.0
2766288,226.0
2766752,220.0
2767280,225.0
2767552,227.0
2771008,221.0
2771872,217.0
2771984,224.0
2772336,56.0
2772432,217.0
2773760,220.0
2773840,221.0
2774320,219.0
2774976,75.0
2775328,215.0
2775568,223.0
2775904,222.0
2777376,228.0
2777936,221.0
2778368,230.0
2779520,219.0
2781984,221.0
2782656,221.0
2782752,218.0
2783744,221.0
2784048,217.0
2784384,220.0
2785408,221.0
2787264,219.0
2787408,188.0
2787856,227.0
2788176,222.0
2788768,223.0
2789280,222.0
2789824,226.0
2793376,160.0
2794672,224.0
2794880,218.0
2795392,57.0
2798960,228.0
2799552,217.0
2800464,119.0
2801472,194.0
2802016,223.0
2802928,169.0
2803008,225.0
2803184,226.0
2803968,218.0
2804224,229.0
2805200,218.0
2806112,223.0
2806512,223.0
2807984,224.0
2808080,58.0
2810304,220.0
2811296,155.0
2813344,221.0
2813680,219.0
2813728,213.0
2814224,182.0
2814576,219.0
2815872,224.0
2816224,219.0
2817328,224.0
2818016,216.0
2820032,168.0
2820896,222.0
2821584,216.0
2823680,227.0
2825328,219.0
2825808,221.0
2831840,220.0
2832544,220.0
2832848,221.0
2833856,62.0
2834224,225.0
2835136,218.0
2836048,218.0
2837424,222.0
2840912,221.0
2841008,223.0
2843520,222.0
2846320,229.0
2846704,222.0
2847840,229.0
2848096,229.0
2848592,225.0
2849456,226.0
2849760,224.0
2849952,218.0
2850368,218.0
2852256,56.0
2853376,160.0
2853440,219.0
2854096,183.0
2855488,219.0
2859520,162.0
2863968,226.0
2864192,229.0
2864608,222.0
2866032,219.0
2866176,124.0
2866528,226.0
2869840,228.0
2870416,163.0
2872112,56.0
2872848,187.0
2873968,221.0
2874288,152.0
2874944,60.0
2875344,227.0
2877184,223.0
2877792,218.0
2878592,227.0
2878912,221.0
2879680,125.0
2884336,222.0
2885104,222.0
2885200,96.0
2885744,238.0
2886400,222.0
2888400,225.0
2888624,223.0
2888640,220.0
2889264,219.0
2890176,95.0
2892128,218.0
2894560,230.0
2894864,162.0
2895184,230.0
2895696,222.0
2896864,222.0
2897264,226.0
2898752,218.0
2900912,227.0
2906544,220.0
2907968,216.0
2909392,223.0
2911936,229.0
2912976,223.0
2913088,220.0
2913328,221.0
2913904,220.0
2916672,96.0
2917104,223.0
2918688,219.0
2920240,219.0
2920688,223.0
2921088,223.0
2921488,224.0
2921792,217.0
2924032,217.0
2925904,226.0
2926272,216.0
2927296,203.0
2928512,219.0
2928848,217.0
2929344,214.0
2930464,227.0
2936240,225.0
2936512,220.0
2938480,223.0
2939776,220.0
2943360,223.0
2945344,218.0
2945392,220.0
2947136,222.0
2949568,216.0
2949728,217.0
2950064,108.0
2950272,218.0
2952864,228.0
2953296,224.0
2953312,165.0
2953808,219.0
2954128,58.0
2954768,222.0
2957056,218.0
2959888,220.0
2961232,219.0
2962208,108.0
2962224,222.0
2962320,220.0
2964368,223.0
2965728,219.0
2967728,218.0
2969328,220.0
2970320,224.0
2971056,218.0
2972864,216.0
2972880,221.0
2973472,224.0
2974912,62.0
2975424,228.0
2975808,136.0
2976752,218.0
2978400,220.0
2979312,232.0
2980032,221.0
2980384,221.0
2981264,222.0
2981792,223.0
2981984,223.0
2982528,228.0
2983856,238.0
2984448,224.0
2984960,233.0
2986944,219.0
2987376,219.0
2988912,229.0
2990384,225.0
2990624,126.0
2991344,232.0
2992000,225.0
2993616,221.0
2994224,225.0
2994416,213.0
2994800,228.0
2995568,221.0
2996016,218.0
2997824,224.0
2998320,219.0
2999328,128.0
3000800,224.0
3004416,225.0
3004960,220.0
3008656,226.0
3009760,220.0
3010240,223.0
3011536,226.0
3012368,219.0
3013312,229.0
3015056,219.0
3015936,221.0
3016560,222.0
3016800,217.0
3016864,220.0
3018624,222.0
3018976,214.0
3020032,218.0
3020128,222.0
3022432,226.0
3024192,195.0
3025344,222.0
3027568,219.0
3027808,226.0
3027808,221.0
3028288,218.0
3028464,222.0
3028656,227.0
3028752,224.0
3028848,218.0
3030784,225.0
3030784,221.0
3031104,220.0
3031728,225.0
3032304,221.0
3033520,161.0
3034416,226.0
3034848,220.0
3035408,218.0
3037408,218.0
3037504,225.0
3037904,156.0
3038400,221.0
3039024,225.0
3039536,228.0
3043296,225.0
3045392,175.0
3045616,226.0
3047600,228.0
3048432,107.0
3051136,221.0
3052208,231.0
3053136,221.0
3054112,224.0
3054464,166.0
3055648,224.0
3057920,162.0
3058704,222.0
3058912,138.0
3059168,221.0
3059312,222.0
3059936,223.0
3065392,217.0
3065728,223.0
3065920,200.0
3066272,215.0
3066640,226.0
3069040,227.0
3069296,222.0
3069520,224.0
3069808,227.0
3069840,222.0
3070976,70.0
3071664,222.0
3073488,218.0
3073504,223.0
3075904,232.0
3076688,163.0
3076800,227.0
3080912,226.0
3081952,196.0
3082384,223.0
3083392,157.0
3083520,227.0
3083712,213.0
3085424,203.0
3087104,223.0
3087904,223.0
3088640,225.0
3089408,219.0
3090400,215.0
3091584,217.0
3093792,77.0
3093904,218.0
3094304,219.0
3094432,224.0
3094896,218.0
3095648,219.0
3097184,160.0
3097776,219.0
3098816,228.0
3099408,84.0
3101600,223.0
3103344,51.0
3103888,225.0
3104096,225.0
3104688,223.0
3104976,223.0
3104976,224.0
3105120,219.0
3108512,220.0
3109696,231.0
3109808,221.0
3111872,228.0
3112416,184.0
3113344,220.0
3113456,219.0
3113616,223.0
3114176,225.0
3115680,222.0
3125424,162.0
3125520,235.0
3125584,218.0
3128032,222.0
3128880,231.0
3129120,224.0
3130048,221.0
3130336,222.0
3131264,228.0
3133056,222.0
3133056,199.0
3133472,224.0
3136656,224.0
3137248,158.0
3138432,220.0
3138480,222.0
3138592,226.0
3139760,223.0
3139984,226.0
3140720,223.0
3141936,215.0
3143296,220.0
3143760,220.0
3145568,225.0
3147856,226.0
3148240,223.0
3148480,221.0
3149184,227.0
3150512,55.0
3151344,222.0
3151456,224.0
3152064,223.0
3152608,221.0
3154496,151.0
3155392,233.0
3156336,220.0
3158080,223.0
3158560,226.0
3160944,198.0
3161568,221.0
3161600,223.0
3162224,228.0
3163504,129.0
3164672,157.0
3165120,221.0
3165200,220.0
3165792,222.0
3167088,227.0
3167392,223.0
3170080,188.0
3170304,219.0
3171328,224.0
3172480,216.0
3173024,221.0
3173920,225.0
3175456,223.0
3178144,226.0
3178288,101.0
3179984,218.0
3181408,222.0
3181632,217.0
3181856,222.0
3182320,223.0
3183264,222.0
3183744,218.0
3185504,228.0
3186080,216.0
3188848,208.0
3188880,219.0
3189616,228.0
3192352,225.0
3193152,220.0
3193872,218.0
3195840,214.0
3196720,219.0
3196736,223.0
3198032,235.0
3198128,226.0
3199008,216.0
3199520,220.0
3200336,225.0
3201872,230.0
3202688,229.0
3203072,221.0
3203776,132.0
3203984,220.0
3205200,230.0
3206592,227.0
3207856,78.0
3208880,160.0
3209184,226.0
3212720,220.0
3213312,220.0
3215936,222.0
3216944,223.0
3217424,215.0
3217872,54.0
3218512,226.0
3219120,211.0
3219488,221.0
3221136,163.0
3222304,220.0
3222608,91.0
3222848,217.0
3223520,227.0
3224064,219.0
3226352,218.0
3226528,221.0
3227072,218.0
3228432,218.0
3228736,223.0
3228992,59.0
3229840,217.0
3231072,219.0
3232368,226.0
3233376,217.0
3233504,228.0
3233552,227.0
3234160,221.0
3234256,221.0
3235856,217.0
3235920,158.0
3237984,232.0
3239264,160.0
3240624,220.0
3242112,161.0
3242768,220.0
3242848,171.0
3244352,220.0
3247424,219.0
3248256,219.0
3248416,219.0
3249920,224.0
3249952,110.0
3250320,226.0
3257040,217.0
3257920,219.0
3260480,161.0
3260560,219.0
3261744,220.0
3264944,222.0
3269792,99.0
3270800,221.0
3271392,221.0
3273248,223.0
3274992,160.0
3275456,159.0
3276624,227.0
3278064,212.0
3279456,224.0
3280576,220.0
3281632,222.0
3285216,223.0
3287584,212.0
3287840,223.0
3289120,225.0
3290160,224.0
3292880,219.0
3293568,220.0
3296848,221.0
3299632,220.0
3300416,222.0
3302032,227.0
3302832,221.0
3302848,147.0
3304160,220.0
3304352,228.0
3305168,219.0
3306672,224.0
3307536,223.0
3311328,220.0
3311472,217.0
3312320,222.0
3313408,220.0
3313952,224.0
3314544,218.0
3316944,217.0
3317056,220.0
3318096,221.0
3318464,220.0
3318656,223.0
3319184,223.0
3319392,221.0
3321056,231.0
3321600,225.0
3321632,220.0
3324256,222.0
3324624,222.0
3325232,226.0
3326704,233.0
3327616,221.0
3327712,219.0
3327712,223.0
3327888,138.0
3328288,228.0
3330944,189.0
3331296,216.0
3331888,222.0
3333376,219.0
3333776,217.0
3333872,221.0
3334688,225.0
3334896,224.0
3337360,222.0
3337440,222.0
3338976,95.0
3341824,221.0
3341920,218.0
3342624,227.0
3344032,219.0
3344416,228.0
3345456,220.0
3348000,97.0
3348352,216.0
3349056,222.0
3349856,225.0
3351728,225.0
3351792,226.0
3352480,218.0
3352496,223.0
3354944,216.0
3355088,221.0
3356048,222.0
3356128,228.0
3359136,21.0
3359584,222.0
3359680,226.0
3361792,221.0
3362320,229.0
3362576,222.0
3363104,219.0
3363264,219.0
3363552,220.0
3363600,221.0
3365360,223.0
3365632,229.0
3366192,220.0
3370736,227.0
3372960,224.0
3373280,225.0
3376032,223.0
3376448,217.0
3377632,223.0
3377920,91.0
3380480,225.0
3381376,222.0
3383872,223.0
3384928,221.0
3387056,224.0
3387344,158.0
3388256,158.0
3389424,227.0
3392112,225.0
3394112,223.0
3394496,60.0
3395632,219.0
3396464,121.0
3397632,225.0
3399200,225.0
3400656,160.0
3401040,226.0
3401216,218.0
3401280,224.0
3404192,220.0
3404832,221.0
3404928,238.0
3405440,234.0
3405696,226.0
3406240,218.0
3408064,219.0
3408544,225.0
3408736,221.0
3409072,226.0
3409264,107.0
3410544,62.0
3412048,225.0
3414784,228.0
3414992,231.0
3415648,224.0
3415728,223.0
3418464,216.0
3418896,197.0
3421520,222.0
3421616,220.0
3422512,189.0
3422512,225.0
3426688,220.0
3428448,162.0
3429008,221.0
3429664,224.0
3430208,223.0
3431680,221.0
3432640,226.0
3433824,73.0
3435296,225.0
3435472,162.0
3436144,221.0
3437424,218.0
3437856,228.0
3438832,220.0
3438864,214.0
3439808,228.0
3441904,226.0
3443056,225.0
3443344,220.0
3443440,223.0
3444496,225.0
3445488,219.0
3446688,226.0
3446960,219.0
3448112,225.0
3451600,219.0
3451632,219.0
3452160,222.0
3455152,221.0
3455424,223.0
3455472,224.0
3456144,220.0
3457152,217.0
3457520,164.0
3459040,221.0
3459584,214.0
3459760,226.0
3462720,227.0
3463216,218.0
3463376,225.0
3463808,217.0
3465808,222.0
3466048,215.0
3468144,223.0
3470688,222.0
3471328,216.0
3471920,220.0
3472912,220.0
3473008,160.0
3473248,224.0
3473376,221.0
3473936,222.0
3476544,222.0
3476832,223.0
3478000,221.0
3478448,220.0
3478848,223.0
3480000,215.0
3480928,222.0
3481200,228.0
3481600,224.0
3481920,216.0
3482464,225.0
3482576,216.0
3483232,218.0
3483888,220.0
3485056,225.0
3485568,227.0
3486880,219.0
3487504,220.0
3488640,223.0
3490752,199.0
3491648,223.0
3491696,220.0
3492176,220.0
3492576,219.0
3495168,219.0
3495584,225.0
3495632,221.0
3495696,219.0
3496224,227.0
3496448,224.0
3498864,230.0
3499888,220.0
3501216,222.0
3503584,225.0
3505104,226.0
3505152,221.0
3505728,139.0
3508320,222.0
3510784,224.0
3512768,219.0
3514368,167.0
3514944,230.0
3516352,223.0
3517024,221.0
3518592,193.0
3521360,220.0
3521504,220.0
3522112,219.0
3524912,221.0
3528432,219.0
3528720,218.0
3530256,233.0
3530560,222.0
3531552,225.0
3531776,220.0
3531936,56.0
3532848,237.0
3533584,215.0
3535552,223.0
3536208,218.0
3537056,216.0
3537360,227.0
3537648,221.0
3538528,208.0
3538992,227.0
3539104,216.0
3540544,217.0
3542704,224.0
3543088,158.0
3543216,215.0
3545696,231.0
3546688,224.0
3547904,61.0
3548400,226.0
3549344,165.0
3549824,222.0
3550928,224.0
3554384,216.0
3555120,226.0
3555296,221.0
3556928,227.0
3557088,224.0
3558000,227.0
3558800,218.0
3559728,164.0
3559968,166.0
3559984,223.0
3561312,221.0
3562272,216.0
3562528,219.0
3563408,217.0
3564240,218.0
3567216,218.0
3569392,224.0
3570704,218.0
3571408,223.0
3572944,221.0
3573728,216.0
3574128,221.0
3574384,229.0
3576576,223.0
3579568,222.0
3580128,221.0
3580256,229.0
3580992,226.0
3583088,219.0
3583392,217.0
3583712,224.0
3584544,126.0
3585392,219.0
3586160,230.0
3587792,222.0
3588048,224.0
3589056,225.0
3589328,219.0
3589488,224.0
3591776,229.0
3592896,224.0
3593680,161.0
3595120,224.0
3596320,215.0
3596704,229.0
3597248,222.0
3598768,222.0
3599584,225.0
3600384,229.0
3600880,226.0
3601088,73.0
3602048,226.0
3603984,224.0
3604592,231.0
3604688,223.0
3604704,213.0
3606944,195.0
3607040,57.0
3607888,229.0
3609408,71.0
3609440,215.0
3610496,221.0
3610816,235.0
3611360,136.0
3611568,229.0
3611584,227.0
3611840,225.0
3613040,224.0
3614192,162.0
3617104,188.0
3619168,224.0
3620208,220.0
3620496,225.0
3620672,222.0
3621056,221.0
3621072,216.0
3621568,221.0
3622032,223.0
3622208,226.0
3624080,223.0
3624672,225.0
3626320,221.0
3629248,223.0
3629616,217.0
3630112,105.0
3630784,220.0
3631856,226.0
3632240,221.0
3633904,166.0
3635776,220.0
3636960,220.0
3637408,221.0
3638032,129.0
3640128,225.0
3640224,224.0
3640704,233.0
3640720,223.0
3640928,222.0
3641648,225.0
3641840,224.0
3643376,165.0
3643648,219.0
3644464,217.0
3645552,222.0
3646432,173.0
3649120,228.0
3649984,225.0
3650816,220.0
3651184,222.0
3652320,221.0
3653472,217.0
3655904,128.0
3656224,219.0
3657024,225.0
3658368,222.0
3659248,124.0
3659840,225.0
3661584,159.0
3662320,191.0
3665088,218.0
3665312,225.0
3667216,230.0
3668480,223.0
3669440,162.0
3670384,220.0
3670752,220.0
3671376,165.0
3672272,224.0
3674304,221.0
3675968,185.0
3677456,218.0
3680192,222.0
3681360,220.0
3682624,78.0
3684816,227.0
3685632,222.0
3686032,219.0
3686320,230.0
3688304,223.0
3689440,216.0
3689648,225.0
3691008,225.0
3691904,222.0
3693744,221.0
3694752,220.0
3695456,220.0
3697232,223.0
3699056,226.0
3699680,224.0
3699872,227.0
3700208,224.0
3700896,223.0
3702640,230.0
3704256,227.0
3707504,227.0
3707840,222.0
3707856,224.0
3707872,22.0
3708112,115.0
3709040,220.0
3710368,220.0
3713168,222.0
3714992,226.0
3715280,188.0
3717776,224.0
3718640,227.0
3718896,225.0
3723248,226.0
3724672,224.0
3730720,222.0
3731680,222.0
3732848,225.0
3733952,224.0
3734544,219.0
3734624,220.0
3735744,224.0
3737840,221.0
3738080,163.0
3738080,220.0
3741120,220.0
3741632,221.0
3743696,237.0
3745248,218.0
3747360,228.0
3748160,220.0
3748672,215.0
3749856,220.0
3750128,228.0
3752128,215.0
3753200,78.0
3753664,220.0
3757344,219.0
3757968,223.0
3759280,225.0
3759328,220.0
3759744,221.0
3759776,222.0
3760640,160.0
3761520,221.0
3762800,220.0
3762864,223.0
3762944,225.0
3763136,219.0
3763888,220.0
3764640,223.0
3765056,220.0
3765152,220.0
3766336,220.0
3766704,222.0
3770304,222.0
3771344,173.0
3771712,217.0
3772512,219.0
3773264,187.0
3775312,224.0
3775776,223.0
3777008,219.0
3777440,217.0
3777456,226.0
3778016,219.0
3780592,223.0
3781024,224.0
3783072,127.0
3783280,223.0
3784192,224.0
3784608,222.0
3784624,222.0
3785264,154.0
3787344,224.0
3788208,223.0
3788256,228.0
3788688,117.0
3788816,229.0
3791408,226.0
3792192,218.0
3793472,224.0
3793824,225.0
3794976,222.0
3795792,224.0
3798384,219.0
3798544,222.0
3798640,171.0
3798864,221.0
3801696,161.0
3802480,235.0
3802496,226.0
3805408,126.0
3805488,220.0
3807872,217.0
3809712,223.0
3812144,157.0
3812800,222.0
3816336,223.0
3819360,225.0
3820000,228.0
3821648,222.0
3822064,217.0
3823168,224.0
3823408,49.0
3823696,230.0
3827216,219.0
3830336,219.0
3830864,227.0
3833984,227.0
3834864,223.0
3836304,226.0
3839920,225.0
3839952,220.0
3840880,59.0
3841424,224.0
3842064,224.0
3845136,219.0
3846272,220.0
3848096,226.0
3848560,226.0
3852144,223.0
3853984,156.0
3855616,216.0
3857520,220.0
3857520,219.0
3857584,228.0
3860272,219.0
3861040,185.0
3863904,222.0
3864416,228.0
3865008,160.0
3866144,203.0
3867424,219.0
3868496,217.0
3869792,211.0
3870000,222.0
3870176,77.0
3871024,224.0
3871920,219.0
3872112,225.0
3873232,214.0
3874608,223.0
3875696,209.0
3876032,222.0
3878896,216.0
3879312,224.0
3880272,221.0
3880304,221.0
3881120,224.0
3881536,166.0
3882560,224.0
3882624,232.0
3882640,224.0
3882816,215.0
3884032,234.0
3885472,160.0
3885648,129.0
3885680,222.0
3886672,240.0
3889696,218.0
3894800,222.0
3896400,199.0
3897008,225.0
3898656,225.0
3900928,229.0
3901088,212.0
3901216,165.0
3904864,162.0
3905536,230.0
3905904,226.0
3906912,224.0
3907680,226.0
3908784,220.0
3909104,222.0
3909440,220.0
3909872,220.0
3911216,192.0
3911600,226.0
3911648,158.0
3911824,224.0
3913968,219.0
3914096,228.0
3918992,223.0
3923344,224.0
3924720,134.0
3925936,161.0
3926448,228.0
3927248,222.0
3931376,224.0
3932880,224.0
3934944,226.0
3935312,220.0
3937408,221.0
3940032,217.0
3942496,225.0
3946032,220.0
3946400,162.0
3947360,220.0
3947792,221.0
3949328,224.0
3949888,217.0
3951344,221.0
3954192,224.0
3954304,221.0
3955248,228.0
3955872,217.0
3957664,216.0
3958624,217.0
3962672,222.0
3963584,219.0
3963776,215.0
3965216,221.0
3966960,220.0
3968000,218.0
3968528,226.0
3968768,233.0
3970304,223.0
3970624,228.0
3972112,223.0
3974224,224.0
3977408,224.0
3978992,224.0
3980752,163.0
3982704,215.0
3983936,215.0
3985088,224.0
3986144,219.0
3986320,230.0
3986608,51.0
3987024,218.0
3988544,220.0
3988640,221.0
3991488,224.0
3993200,157.0
3993360,220.0
3993760,228.0
3994320,198.0
3995344,222.0
3995680,224.0
3998800,211.0
3999024,224.0
4002784,220.0
4004160,216.0
4005104,236.0
4008128,221.0
4009488,223.0
4009552,218.0
4011520,222.0
4014688,226.0
4016640,223.0
4017264,216.0
4018256,221.0
4019376,224.0
4020784,225.0
4021808,228.0
4022000,233.0
4022224,177.0
4022320,223.0
4022432,220.0
4022928,57.0
4023696,228.0
4025344,220.0
4025888,224.0
4032368,224.0
4033104,223.0
4035040,119.0
4035344,220.0
4037136,224.0
4037984,220.0
4039392,223.0
4041584,220.0
4042224,222.0
4045840,226.0
4046480,222.0
4046960,223.0
4047488,223.0
4049648,226.0
4049696,227.0
4053120,223.0
4053440,203.0
4053648,223.0
4053696,130.0
4055920,227.0
4060192,224.0
4062416,222.0
4063344,119.0
4063520,225.0
4063664,216.0
4064176,223.0
4065136,225.0
4065856,218.0
4066784,224.0
4068736,224.0
4069888,229.0
4070128,224.0
4070496,219.0
4071680,60.0
4073328,55.0
4073584,215.0
4074080,224.0
4074912,220.0
4075520,227.0
4075936,218.0
4076944,226.0
4077136,221.0
4077632,222.0
4078992,216.0
4079280,166.0
4080704,222.0
4084416,231.0
4085248,225.0
4089184,163.0
4090576,226.0
4092000,223.0
4092720,227.0
4092880,224.0
4095584,223.0
4095632,223.0
4095888,221.0
4099104,219.0
4099456,229.0
4099872,227.0
4101952,222.0
4102672,222.0
4103168,216.0
4103424,220.0
4103760,222.0
4103840,176.0
4107136,228.0
4109664,221.0
4109680,158.0
4110032,223.0
4110896,218.0
4111616,229.0
4112672,220.0
4113312,218.0
4114208,221.0
4115936,222.0
4117024,231.0
4117792,223.0
4118752,219.0
4119216,221.0
4120704,164.0
4121344,221.0
4124864,219.0
4126000,225.0
4126464,227.0
4128800,224.0
4129600,225.0
4130720,225.0
4131536,217.0
4132352,92.0
4132560,71.0
4133104,221.0
4133168,222.0
4133200,128.0
4135520,224.0
4136048,217.0
4138224,156.0
4139632,223.0
4140224,223.0
4140240,221.0
4140720,173.0
4140752,222.0
4142512,224.0
4143424,226.0
4143680,215.0
4143824,223.0
4144288,220.0
4145088,160.0
4145344,230.0
4145360,219.0
4147072,227.0
4147872,223.0
4149984,227.0
4151888,185.0
4152448,217.0
4153056,234.0
4154944,218.0
4156208,233.0
4159664,220.0
4159904,223.0
4161616,222.0
4161888,226.0
4162176,228.0
4163056,196.0
4163120,226.0
4165488,224.0
4165520,215.0
4166624,218.0
4167984,219.0
4172224,220.0
4174096,221.0
4174224,21.0
4176336,139.0
4178016,221.0
4179376,225.0
4179664,217.0
4181136,223.0
4181392,223.0
4183360,230.0
4183648,230.0
4187264,225.0
4188192,220.0
4189024,218.0
4193472,219.0
4194336,223.0
4196496,161.0
4197088,225.0
4197808,220.0
4197824,221.0
4197840,228.0
4198240,227.0
4199024,223.0
4200480,219.0
4200640,221.0
4201456,225.0
4202560,220.0
4202640,217.0
4202960,227.0
4203568,229.0
4204272,159.0
4204912,222.0
4205136,229.0
4207136,222.0
4207856,223.0
4208752,232.0
4210016,216.0
4210288,199.0
4210720,223.0
4211360,218.0
4211904,205.0
4212112,220.0
4213872,223.0
4214896,166.0
4215680,222.0
4215760,218.0
4216912,223.0
4217840,221.0
4218480,222.0
4219232,221.0
4219296,220.0
4219344,224.0
4220528,221.0
4220976,159.0
4222576,158.0
4224560,223.0
4225280,165.0
4225312,224.0
4226544,221.0
4232448,218.0
4233632,219.0
4236416,162.0
4238464,225.0
4242448,123.0
4242736,193.0
4244112,221.0
4244352,213.0
4245056,115.0
4246032,216.0
4246112,110.0
4246368,219.0
4246928,221.0
4250000,226.0
4251088,77.0
4252800,221.0
4256464,228.0
4256864,215.0
4257184,219.0
4258304,224.0
4260096,226.0
4260416,221.0
4262720,223.0
4263648,228.0
4265856,221.0
4267376,222.0
4267472,222.0
4268704,225.0
4268768,229.0
4269232,221.0
4270624,220.0
4271088,223.0
4271760,220.0
4272256,217.0
4274528,220.0
4274640,221.0
4277792,219.0
4278992,215.0
4280352,221.0
4280960,215.0
4281776,231.0
4283088,226.0
4283584,163.0
4283632,216.0
4285248,216.0
4289792,69.0
4290768,227.0
4292080,228.0
4296096,232.0
4296944,199.0
4297520,222.0
4297712,219.0
4297824,223.0
4299536,224.0
4301200,229.0
4301408,223.0
4303120,227.0
4303136,217.0
4303200,228.0
4303504,223.0
4304912,127.0
4305232,221.0
4305888,167.0
4308544,225.0
4310512,223.0
4311840,219.0
4312048,218.0
4312448,224.0
4313008,224.0
4316080,226.0
4316512,221.0
4317488,224.0
4318112,169.0
4320048,220.0
4320096,220.0
4320608,225.0
4321056,213.0
4321072,225.0
4321168,216.0
4322864,225.0
4322880,227.0
4323424,222.0
4323616,222.0
4323648,161.0
4324432,48.0
4324640,222.0
4324784,224.0
4325200,218.0
4326448,222.0
4326720,219.0
4326896,216.0
4327136,219.0
4327872,219.0
4328240,224.0
4329632,57.0
4330592,161.0
4331792,222.0
4331952,224.0
4334192,220.0
4336176,221.0
4336304,226.0
4336592,215.0
4338672,217.0
4338704,218.0
4338800,163.0
4339056,220.0
4342240,198.0
4343296,164.0
4344720,221.0
4345920,227.0
4346000,222.0
4347968,218.0
4351200,215.0
4353056,221.0
4353264,227.0
4354208,226.0
4354752,225.0
4354848,227.0
4357616,227.0
4358480,226.0
4358784,229.0
4359200,231.0
4360144,219.0
4360208,215.0
4360368,171.0
4360800,221.0
4361136,219.0
4361232,181.0
4362784,229.0
4363872,221.0
4363952,223.0
4366368,223.0
4366864,198.0
4367968,224.0
4370896,218.0
4370912,221.0
4370928,224.0
4374448,221.0
4375232,218.0
4379328,229.0
4380800,230.0
4381536,221.0
4381712,217.0
4381920,229.0
4382192,215.0
4382864,220.0
4384144,224.0
4384336,220.0
4385168,226.0
4386432,218.0
4386544,222.0
4386976,118.0
4387632,217.0
4387872,220.0
4388880,221.0
4390032,217.0
4391200,222.0
4393424,223.0
4393536,224.0
4393632,224.0
4396112,217.0
4397152,222.0
4398576,217.0
4400336,220.0
4401616,217.0
4402144,222.0
4404144,222.0
4404272,168.0
4404320,233.0
4404864,235.0
4405696,221.0
4406512,214.0
4408400,220.0
4408816,226.0
4408992,222.0
4409360,228.0
4411488,226.0
4414080,225.0
4415872,222.0
4416144,203.0
4417504,220.0
4418080,223.0
4419632,221.0
4419664,219.0
4421056,221.0
4422048,219.0
4423136,230.0
4424576,219.0
4427136,219.0
4427792,227.0
4428064,217.0
4429488,227.0
4430272,223.0
4430704,222.0
4432240,221.0
4432608,194.0
4433888,225.0
4434304,224.0
4434848,220.0
4437824,219.0
4440688,217.0
4443376,220.0
4444208,219.0
4446736,220.0
4446880,222.0
4448880,233.0
4450320,223.0
4452176,231.0
4453408,230.0
4454224,222.0
4454608,234.0
4455648,218.0
4456656,224.0
4459328,222.0
4459792,222.0
4463056,219.0
4464336,164.0
4464752,160.0
4464880,218.0
4471264,219.0
4471760,222.0
4472800,223.0
4474048,222.0
4474656,222.0
4479040,229.0
4480720,156.0
4481584,216.0
4483248,225.0
4484256,220.0
4484592,223.0
4485408,226.0
4486656,221.0
4487808,221.0
4488224,226.0
4489664,220.0
4490224,222.0
4491328,219.0
4492256,222.0
4495232,226.0
4495376,222.0
4496176,221.0
4496384,223.0
4496864,221.0
4497008,226.0
4497280,217.0
4498080,220.0
4499664,223.0
4500592,223.0
4503872,232.0
4504160,226.0
4505616,228.0
4505744,211.0
4506752,224.0
4507648,223.0
4509152,221.0
4509568,224.0
4510336,223.0
4510336,223.0
4512752,219.0
4513040,220.0
4513184,225.0
4514592,224.0
4516720,220.0
4518560,222.0
4519648,212.0
4521072,222.0
4521792,228.0
4525184,224.0
4529184,225.0
4530480,220.0
4531136,220.0
4532576,228.0
4532752,222.0
4533056,214.0
4534640,221.0
4535520,219.0
4536400,227.0
4537648,227.0
4537792,222.0
4538192,221.0
4538464,218.0
4542192,222.0
4545024,222.0
4545168,161.0
4546256,223.0
4546272,218.0
4546480,164.0
4549120,218.0
4549648,229.0
4550688,223.0
4551232,220.0
4552320,224.0
4552448,230.0
4552720,224.0
4554032,119.0
4555392,127.0
4555936,225.0
4556032,223.0
4556272,163.0
4557056,230.0
4558896,223.0
4559696,233.0
4559728,226.0
4560048,223.0
4561456,232.0
4561968,221.0
4562464,222.0
4562480,214.0
4564256,225.0
4565872,212.0
4566080,219.0
4566880,220.0
4570608,220.0
4572176,224.0
4573376,224.0
4574176,223.0
4574192,102.0
4574304,223.0
4574992,223.0
4575792,225.0
4576704,223.0
4576704,220.0
4577088,222.0
4577616,56.0
4577648,225.0
4577888,204.0
4580080,218.0
4585072,226.0
4585152,226.0
4586576,226.0
4587552,227.0
4587568,235.0
4587792,221.0
4588672,225.0
4591072,219.0
4591120,160.0
4591184,225.0
4591264,216.0
4593040,224.0
4593680,221.0
4596640,224.0
4597248,118.0
4597296,225.0
4598320,220.0
4600784,220.0
4601936,218.0
4602112,233.0
4602992,219.0
4605456,226.0
4606832,220.0
4607296,224.0
4607520,220.0
4609168,222.0
4610160,220.0
4611632,218.0
4613120,227.0
4613568,218.0
4614448,222.0
4614640,196.0
4615072,222.0
4616720,224.0
4618768,220.0
4619632,59.0
4620672,225.0
4620720,197.0
4623168,204.0
4625600,232.0
4626640,230.0
4628864,220.0
4630240,218.0
4630320,223.0
4632160,219.0
4632672,221.0
4636608,223.0
4636960,227.0
4637408,225.0
4637760,71.0
4638592,220.0
4639216,219.0
4640960,220.0
4644208,225.0
4644544,223.0
4644576,221.0
4644864,217.0
4646416,224.0
4648432,222.0
4649024,222.0
4651008,223.0
4652064,226.0
4654064,162.0
4657248,224.0
4658368,228.0
4658752,221.0
4659072,225.0
4661152,223.0
4661904,220.0
4666192,222.0
4667904,224.0
4667904,225.0
4669088,224.0
4669392,223.0
4669856,228.0
4670256,217.0
4672288,223.0
4672384,55.0
4675360,224.0
4676000,225.0
4676080,209.0
4679552,221.0
4682336,215.0
4683168,162.0
4684272,225.0
4684304,221.0
4685712,220.0
4686592,220.0
4686640,215.0
4686736,229.0
4687904,224.0
4688464,217.0
4689440,221.0
4690528,219.0
4691920,215.0
4693120,227.0
4693792,226.0
4693840,226.0
4696368,225.0
4696560,161.0
4697456,225.0
4699984,226.0
4701008,221.0
4701184,224.0
4703568,225.0
4704000,227.0
4704160,222.0
4704352,216.0
4704608,228.0
4704624,222.0
4704784,226.0
4706112,221.0
4707088,219.0
4707664,223.0
4707920,222.0
4708336,221.0
4709824,109.0
4711264,220.0
4713376,221.0
4714224,218.0
4714336,225.0
4714720,217.0
4714736,216.0
4714992,223.0
4715376,219.0
4717760,223.0
4718224,218.0
4721376,225.0
4722224,162.0
4722608,224.0
4723888,184.0
4724912,220.0
4725008,222.0
4725376,230.0
4725792,225.0
4726256,220.0
4728544,219.0
4729344,221.0
4729760,218.0
4731536,223.0
4732128,221.0
4732160,225.0
4732288,222.0
4732592,221.0
4735008,216.0
4735520,218.0
4735728,224.0
4736112,219.0
4737568,221.0
4738640,222.0
4739232,229.0
4741104,220.0
4742272,226.0
4746608,220.0
4746720,226.0
4751328,117.0
4752336,224.0
4752480,220.0
4754480,164.0
4754928,224.0
4756448,224.0
4757296,218.0
4757392,226.0
4757424,163.0
4757568,218.0
4757728,223.0
4758480,221.0
4760432,219.0
4760784,224.0
4761184,236.0
4761568,229.0
4763568,221.0
4764000,222.0
4764288,221.0
4765712,228.0
4766720,223.0
4767872,217.0
4768352,222.0
4771776,223.0
4772848,225.0
4773824,221.0
4774256,221.0
4774592,221.0
4775184,220.0
4775520,221.0
4777104,217.0
4777776,219.0
4778128,220.0
4779216,221.0
4781712,223.0
4782064,220.0
4783488,216.0
4784480,227.0
4784880,216.0
4785632,222.0
4785760,219.0
4786256,219.0
4786848,222.0
4788096,225.0
4789776,226.0
4789824,224.0
4789824,222.0
4790336,217.0
4791440,218.0
4796192,223.0
4796368,154.0
4797040,228.0
4798048,219.0
4798928,223.0
4799680,164.0
4799712,219.0
4800592,223.0
4803296,223.0
4803472,225.0
4803568,222.0
4804944,221.0
4805024,147.0
4810576,221.0
4810720,224.0
4813984,221.0
4815792,222.0
4815872,234.0
4816656,220.0
4818064,219.0
4818688,217.0
4819440,222.0
4821312,223.0
4821344,219.0
4821488,223.0
4821616,221.0
4823040,227.0
4823904,220.0
4824080,226.0
4824448,216.0
4824560,219.0
4824704,227.0
4825024,220.0
4825184,222.0
4825664,222.0
4826464,219.0
4826672,52.0
4827504,223.0
4827552,227.0
4827728,227.0
4828560,223.0
4828624,224.0
4829472,187.0
4830848,221.0
4831232,229.0
4832240,225.0
4833856,219.0
4834592,220.0
4838032,169.0
4838112,219.0
4838512,226.0
4839136,220.0
4841152,228.0
4842128,225.0
4845264,221.0
4845824,215.0
4851232,212.0
4853040,222.0
4854592,225.0
4856528,224.0
4860176,227.0
4860272,220.0
4861952,158.0
4863408,222.0
4864016,220.0
4864528,224.0
4865872,221.0
4867520,224.0
4867968,220.0
4868256,220.0
4869152,224.0
4869248,79.0
4869456,223.0
4873920,163.0
4874688,96.0
4877456,220.0
4877696,227.0
4881488,224.0
4881824,214.0
4882208,201.0
4882224,127.0
4882240,225.0
4885152,224.0
4885680,197.0
4885872,221.0
4885920,220.0
4887216,228.0
4890848,226.0
4892640,223.0
4892944,216.0
4892976,226.0
4894272,222.0
4895696,230.0
4896000,230.0
4896336,230.0
4896432,225.0
4896576,224.0
4896736,224.0
4897136,224.0
4897568,217.0
4900096,221.0
4900304,218.0
4900432,230.0
4901696,236.0
4903648,220.0
4903888,223.0
4906208,165.0
4907456,222.0
4908976,230.0
4909184,229.0
4911088,226.0
4912144,222.0
4913568,228.0
4913936,224.0
4918224,222.0
4919776,220.0
4920896,224.0
4924496,224.0
4925008,219.0
4925104,223.0
4925168,225.0
4925312,219.0
4926928,221.0
4928816,222.0
4930512,223.0
4932000,227.0
4933824,231.0
4935584,230.0
4935584,223.0
4936144,226.0
4938768,224.0
4939664,221.0
4940176,217.0
4942448,229.0
4942768,218.0
4944560,224.0
4946448,224.0
4946896,220.0
4952752,219.0
4953936,221.0
4954656,222.0
4959200,224.0
4962512,219.0
4962592,226.0
4962720,223.0
4963840,223.0
4964240,220.0
4964272,220.0
4964864,224.0
4964992,222.0
4965392,224.0
4966352,226.0
4967168,219.0
4967280,225.0
4970944,228.0
4972240,231.0
4972672,225.0
4974496,220.0
4974512,222.0
4974720,221.0
4974912,230.0
4977168,221.0
4978368,224.0
4978464,224.0
4979936,232.0
4980752,223.0
4984160,220.0
4985184,225.0
4990064,236.0
4990320,222.0
4992640,216.0
4992784,222.0
4993840,219.0
4994352,220.0
4994592,216.0
4996240,224.0
4997424,223.0
4997760,221.0
4998592,219.0
5000448,189.0
5000960,220.0
5001296,220.0
5001760,227.0
5002000,220.0
5002032,219.0
5003392,225.0
5003968,219.0
5004272,219.0
5005104,218.0
5005568,222.0
5006720,219.0
5007984,221.0
5008192,220.0
5011584,222.0
5012208,223.0
5012560,231.0
5012864,222.0
5015888,229.0
5016176,218.0
5016576,226.0
5018704,226.0
5018928,226.0
5022736,224.0
5024672,223.0
5026560,222.0
5027152,223.0
5029456,225.0
5031680,233.0
5033664,222.0
5034288,216.0
5035040,221.0
5036384,229.0
5036592,219.0
5037088,220.0
5037616,226.0
5037712,222.0
5037968,229.0
5040496,130.0
5040832,224.0
5041104,223.0
5041264,221.0
5041568,224.0
5045152,221.0
5048112,230.0
5048432,220.0
5049712,221.0
5050960,222.0
5051936,214.0
5052784,48.0
5053168,222.0
5056768,220.0
5057328,222.0
5060464,225.0
5062496,226.0
5062704,222.0
5063984,226.0
5064128,220.0
5065104,226.0
5065344,230.0
5066032,224.0
5066544,230.0
5067664,220.0
5068736,226.0
5068800,163.0
5069808,108.0
5072368,222.0
5073152,220.0
5074592,222.0
5076816,228.0
5077088,227.0
5078176,226.0
5079680,226.0
5081776,224.0
5081968,220.0
5083632,221.0
5085296,219.0
5087728,222.0
5088848,221.0
5089024,222.0
5089168,217.0
5090160,217.0
5091184,226.0
5092736,226.0
5093072,216.0
5094912,222.0
5095424,223.0
5096256,226.0
5098752,222.0
5100832,221.0
5102576,220.0
5104416,223.0
5104576,227.0
5104672,225.0
5105008,222.0
5105664,223.0
5105712,225.0
5106672,216.0
5107008,218.0
5107136,225.0
5107360,220.0
5109392,222.0
5113088,230.0
5114272,220.0
5114432,219.0
5116528,224.0
5117408,224.0
5117776,227.0
5118000,222.0
5118400,229.0
5118928,222.0
5119456,219.0
5120224,223.0
5120928,225.0
5123104,225.0
5123712,224.0
5124528,224.0
5125024,225.0
5125200,221.0
5125664,225.0
5127248,215.0
5128048,221.0
5132240,226.0
5132800,218.0
5134576,224.0
5138064,229.0
5138096,142.0
5139408,220.0
5141680,222.0
5142304,220.0
5143280,221.0
5143888,221.0
5145824,226.0
5147472,222.0
5147504,224.0
5149168,219.0
5149456,218.0
5150496,224.0
5151040,222.0
5151056,221.0
5152656,226.0
5152800,226.0
5152880,224.0
5157664,223.0
5158464,220.0
5160032,225.0
5161344,229.0
5162064,224.0
5162784,162.0
5162960,223.0
5163392,193.0
5163680,227.0
5166544,223.0
5169600,222.0
5170560,229.0
5172752,222.0
5174112,221.0
5175648,224.0
5176272,228.0
5176352,224.0
5176720,221.0
5177680,220.0
5179232,223.0
5180048,221.0
5184512,217.0
5184544,218.0
5184944,225.0
5184992,222.0
5187984,222.0
5188176,226.0
5188464,219.0
5190784,222.0
5191232,223.0
5191728,207.0
5193536,227.0
5198928,221.0
5199488,226.0
5200752,225.0
5201776,222.0
5202144,228.0
5202736,220.0
5204176,218.0
5205328,221.0
5208480,162.0
5209376,225.0
5210064,219.0
5210208,218.0
5210608,220.0
5212336,230.0
5212528,225.0
5213776,229.0
5213808,224.0
5214880,226.0
5214976,221.0
5215728,223.0
5215840,218.0
5217456,224.0
5218080,219.0
5218272,197.0
5219408,222.0
5220160,224.0
5220624,222.0
5221040,228.0
5224832,224.0
5228272,224.0
5230480,218.0
5231920,227.0
5231936,217.0
5234848,218.0
5235488,221.0
5237024,221.0
5237280,226.0
5237696,222.0
5239600,218.0
5240080,223.0
5240784,224.0
5240832,221.0
5241232,220.0
5241968,222.0
5244160,222.0
5244656,213.0
5245936,223.0
5247680,219.0
5247904,224.0
5248128,216.0
5249040,222.0
5249904,223.0
5251392,217.0
5253360,47.0
5254032,226.0
5254448,224.0
5254800,224.0
5257072,224.0
5257936,225.0
5258352,221.0
5260208,223.0
5264160,169.0
5264608,198.0
5267184,224.0
5271312,223.0
5272048,225.0
5273568,231.0
5275392,224.0
5276784,221.0
5277920,179.0
5277936,224.0
5277984,225.0
5278016,226.0
5279024,226.0
5282448,221.0
5282480,215.0
5282960,223.0
5283488,225.0
5285456,224.0
5287024,220.0
5288528,235.0
5288592,222.0
5288704,221.0
5288736,221.0
5289632,222.0
5291536,228.0
5292176,227.0
5294784,221.0
5296240,224.0
5297120,220.0
5297840,228.0
5299392,225.0
5299552,220.0
5305568,117.0
5306384,222.0
5308336,230.0
5308528,224.0
5310000,221.0
5310352,219.0
5311824,194.0
5313808,224.0
5315728,226.0
5317376,238.0
5317808,220.0
5318032,222.0
5318224,221.0
5318864,224.0
5319040,227.0
5319072,221.0
5321952,227.0
5324528,221.0
5324528,221.0
5326336,228.0
5327184,225.0
5329200,226.0
5330992,181.0
5332272,221.0
5333344,226.0
5336848,213.0
5338976,219.0
5339392,222.0
5339584,230.0
5340048,228.0
5340448,219.0
5340560,226.0
5343792,227.0
5344016,222.0
5344336,223.0
5344768,217.0
5347072,225.0
5347216,226.0
5347696,224.0
5347920,219.0
5349776,224.0
5353424,227.0
5354592,225.0
5357856,221.0
5358496,223.0
5360528,224.0
5360848,219.0
5361376,219.0
5361728,222.0
5362032,228.0
5363232,190.0
5364896,230.0
5365536,221.0
5365648,220.0
5365744,222.0
5368032,222.0
5368288,230.0
5368624,225.0
5368768,229.0
5369216,223.0
5371888,224.0
5372112,203.0
5372304,227.0
5372864,223.0
5373264,220.0
5375456,222.0
5375664,221.0
5379216,221.0
5379552,227.0
5383056,224.0
5383728,225.0
5386608,221.0
5387056,223.0
5387376,227.0
5387920,228.0
5388544,54.0
5389648,161.0
5390640,224.0
5390736,227.0
5395568,225.0
5398096,224.0
5400720,218.0
5401376,223.0
5401664,222.0
5402880,224.0
5403024,220.0
5404240,225.0
5404288,222.0
5404944,219.0
5406592,222.0
5407248,131.0
5407408,223.0
5408000,225.0
5409552,223.0
5411584,217.0
5414896,221.0
5415664,216.0
5415776,221.0
5417840,219.0
5417920,221.0
5418416,226.0
5420656,226.0
5422224,226.0
5424000,222.0
5424288,226.0
5424960,224.0
5426864,134.0
5427872,223.0
5428608,220.0
5428640,219.0
5429952,229.0
5430144,226.0
5433680,220.0
5433840,118.0
5435696,220.0
5439120,92.0
5442080,224.0
5443664,224.0
5446112,221.0
5446608,224.0
5447232,222.0
5448464,218.0
5449168,228.0
5450800,222.0
5451568,219.0
5451712,222.0
5452768,224.0
5453344,110.0
5453536,223.0
5455424,222.0
5456960,223.0
5457920,221.0
5460032,229.0
5460560,224.0
5460608,223.0
5460656,224.0
5461456,224.0
5461472,221.0
5462512,229.0
5463376,217.0
5464016,222.0
5464560,220.0
5467120,220.0
5469440,206.0
5471312,226.0
5471440,223.0
5472272,229.0
5474896,223.0
5476736,227.0
5477744,222.0
5478320,213.0
5480608,229.0
5483184,225.0
5484416,224.0
5487984,222.0
5488208,231.0
5488544,231.0
5489296,58.0
5489552,110.0
5490000,219.0
5490416,226.0
5493696,230.0
5493904,230.0
5493920,223.0
5495440,227.0
5496336,228.0
5496496,226.0
5497968,227.0
5500208,223.0
5500224,220.0
5502688,219.0
5506272,223.0
5506464,220.0
5507024,219.0
5507168,219.0
5507520,228.0
5507824,221.0
5510032,222.0
5510080,218.0
5511616,224.0
5511664,168.0
5513504,230.0
5515168,226.0
5517840,223.0
5517856,223.0
5518160,222.0
5518336,220.0
5518368,231.0
5521824,228.0
5522304,221.0
5522480,222.0
5525728,224.0
5530576,223.0
5531616,227.0
5532384,218.0
5532864,222.0
5533152,224.0
5535984,166.0
5537344,223.0
5538208,223.0
5539456,216.0
5539616,226.0
5542512,228.0
5542976,219.0
5542976,223.0
5543296,229.0
5543424,233.0
5543680,222.0
5545008,221.0
5545904,222.0
5546560,223.0
5548560,109.0
5548640,226.0
5549456,221.0
5550128,222.0
5552208,222.0
5553712,170.0
5553728,224.0
5553856,222.0
5554128,226.0
5554288,220.0
5556640,156.0
5556656,227.0
5557680,217.0
5557808,219.0
5559392,223.0
5560368,58.0
5560992,217.0
5563552,226.0
5565136,229.0
5565568,189.0
5566592,222.0
5567184,132.0
5567216,217.0
5568016,217.0
5568192,222.0
5570768,221.0
5571008,221.0
5571008,230.0
5572768,224.0
5573584,226.0
5573680,223.0
5575200,223.0
5575856,224.0
5577520,189.0
5578256,225.0
5578672,219.0
5579440,223.0
5582304,219.0
5582432,216.0
5582720,218.0
5583904,161.0
5584656,229.0
5585184,220.0
5587024,221.0
5589456,228.0
5591808,228.0
5591840,222.0
5592368,226.0
5594672,221.0
5595328,217.0
5595408,221.0
5595456,224.0
5596272,73.0
5596880,224.0
5597648,222.0
5597712,189.0
5598896,225.0
5598944,220.0
5600624,181.0
5601232,223.0
5604848,225.0
5606640,219.0
5606848,224.0
5609408,222.0
5610256,164.0
5610368,219.0
5610816,219.0
5613808,221.0
5614384,223.0
5617920,222.0
5619248,221.0
5620192,226.0
5623408,216.0
5625072,220.0
5625120,221.0
5626464,227.0
5626784,221.0
5627312,221.0
5630464,225.0
5631040,232.0
5634448,212.0
5634832,219.0
5637488,223.0
5637616,223.0
5638112,225.0
5641088,224.0
5641824,223.0
5641904,218.0
5642912,223.0
5643152,222.0
5644304,161.0
5645472,222.0
5646080,223.0
5646112,59.0
5649600,219.0
5649696,223.0
5649808,230.0
5650112,226.0
5652560,229.0
5652592,223.0
5652944,223.0
5653376,222.0
5655104,220.0
5655424,223.0
5656144,221.0
5656224,224.0
5657248,225.0
5659984,219.0
5661648,225.0
5661712,223.0
5663232,218.0
5665376,228.0
5666176,219.0
5667312,224.0
5667616,219.0
5671600,219.0
5672560,225.0
5673328,222.0
5673328,224.0
5673504,223.0
5673712,225.0
5674032,224.0
5676176,221.0
5677344,226.0
5678656,223.0
5679664,162.0
5679840,228.0
5679888,226.0
5688576,222.0
5690736,229.0
5692128,221.0
5692256,220.0
5692400,218.0
5693808,227.0
5695088,223.0
5695344,219.0
5695840,223.0
5698784,224.0
5700208,227.0
5700416,217.0
5701072,224.0
5701312,222.0
5701632,224.0
5702464,222.0
5703168,222.0
5713872,228.0
5714208,126.0
5714608,233.0
5717328,224.0
5717744,221.0
5718240,226.0
5718848,113.0
5722528,225.0
5723840,228.0
5725264,224.0
5726768,222.0
5728000,219.0
5728192,222.0
5728336,300.0
5729040,228.0
5731536,220.0
5731600,71.0
5732800,217.0
5732848,225.0
5733920,224.0
5735200,226.0
5735296,223.0
5736368,219.0
5738944,227.0
5739440,223.0
5739600,201.0
5739936,229.0
5740448,227.0
5742384,225.0
5742448,227.0
5743120,220.0
5743408,217.0
5744720,222.0
5746080,221.0
5746192,229.0
5746944,218.0
5749296,223.0
5749520,224.0
5749552,219.0
5750128,221.0
5750752,90.0
5751776,220.0
5752432,168.0
5752704,222.0
5753824,221.0
5755952,203.0
5756672,223.0
5757552,218.0
5757696,216.0
5757856,226.0
5758992,227.0
5760960,224.0
5761616,163.0
5762192,221.0
5763968,220.0
5764208,202.0
5765968,226.0
5767824,225.0
5770288,220.0
5770880,221.0
5771008,221.0
5772320,231.0
5774752,226.0
5777792,231.0
5778224,225.0
5778400,60.0
5780704,224.0
5781984,223.0
5785152,222.0
5785248,218.0
5785600,225.0
5786000,219.0
5786720,224.0
5790096,225.0
5790272,221.0
5792272,219.0
5792480,218.0
5798640,220.0
5798704,223.0
5799184,220.0
5799328,220.0
5799504,227.0
5799856,221.0
5802752,222.0
5803152,227.0
5803536,226.0
5803632,216.0
5803760,220.0
5803792,220.0
5804624,225.0
5806432,217.0
5806576,221.0
5807024,217.0
5807344,223.0
5807920,222.0
5808192,222.0
5808368,126.0
5809408,218.0
5810144,215.0
5810576,224.0
5810800,226.0
5813168,188.0
5813248,229.0
5813680,221.0
5814256,220.0
5814416,225.0
5814800,72.0
5816560,228.0
5816832,223.0
5817232,221.0
5817888,226.0
5820096,205.0
5821312,161.0
5822288,221.0
5824272,220.0
5826288,223.0
5828480,221.0
5828592,226.0
5829408,224.0
5831872,219.0
5831872,223.0
5832064,231.0
5835360,217.0
5835664,214.0
5835760,217.0
5836512,217.0
5839216,222.0
5842960,229.0
5842976,222.0
5844592,218.0
5846096,224.0
5846320,223.0
5846592,225.0
5847616,223.0
5848400,225.0
5851280,222.0
5853152,228.0
5853280,222.0
5853808,227.0
5857168,217.0
5858464,222.0
5859312,226.0
5861168,236.0
5862864,189.0
5864064,225.0
5864464,220.0
5865360,224.0
5865616,220.0
5865632,219.0
5867504,218.0
5867696,223.0
5869200,222.0
5870096,221.0
5871184,222.0
5871296,223.0
5871328,230.0
5871504,219.0
5873088,219.0
5873584,221.0
5874704,219.0
5876192,226.0
5878576,220.0
5879296,165.0
5879760,222.0
5882384,224.0
5886784,227.0
5886976,223.0
5888112,226.0
5891632,222.0
5892736,220.0
5892832,227.0
5893680,221.0
5893760,222.0
5894272,224.0
5894464,219.0
5895232,220.0
5897632,217.0
5897904,226.0
5898800,227.0
5899632,220.0
5900224,223.0
5902768,221.0
5903424,199.0
5905120,224.0
5905344,221.0
5907040,225.0
5910064,221.0
5910320,224.0
5914304,237.0
5916336,218.0
5916832,220.0
5917360,229.0
5917456,222.0
5918512,226.0
5918944,226.0
5920000,228.0
5921376,220.0
5921440,223.0
5922480,220.0
5926336,171.0
5926784,220.0
5928240,222.0
5932112,219.0
5932864,222.0
5934784,227.0
5935328,221.0
5935808,230.0
5936640,227.0
5937584,228.0
5937792,221.0
5939088,225.0
5939424,225.0
5940128,217.0
5942016,220.0
5942080,71.0
5942656,222.0
5943120,230.0
5945008,229.0
5946304,227.0
5946672,221.0
5949872,222.0
5953504,226.0
5954464,222.0
5954896,228.0
5955296,217.0
5955456,221.0
5956288,221.0
5961600,222.0
5962592,220.0
5964112,227.0
5964512,220.0
5966048,213.0
5966224,226.0
5969152,224.0
5969648,224.0
5969824,224.0
5971184,220.0
5972800,217.0
5976192,223.0
5976992,223.0
5978080,218.0
5979728,226.0
5979776,223.0
5980208,213.0
5981792,128.0
5983824,225.0
5985184,221.0
5985216,225.0
5985952,223.0
5986400,214.0
5987088,222.0
5988752,220.0
5989216,233.0
5994592,221.0
5996704,223.0
5999424,219.0
5999904,222.0
5999936,223.0
6001328,225.0
6001472,226.0
6002816,221.0
6005264,220.0
6006080,219.0
6006368,221.0
6006528,218.0
6008176,220.0
6008528,227.0
6008848,223.0
6009584,218.0
6010064,222.0
6012416,222.0
6013632,222.0
6014576,227.0
6014960,221.0
6017136,224.0
6018080,218.0
6019248,220.0
6020352,225.0
6020784,215.0
6021664,223.0
6023184,218.0
6024288,226.0
6024368,223.0
6024464,228.0
6026752,222.0
6029152,223.0
6030016,219.0
6030976,222.0
6031488,226.0
6032608,221.0
6032800,75.0
6033088,221.0
6033616,224.0
6033648,225.0
6034592,225.0
6035280,223.0
6036096,187.0
6037184,222.0
6038096,222.0
6039760,224.0
6039952,222.0
6041040,224.0
6043824,221.0
6044368,220.0
6045216,227.0
6045744,227.0
6047840,219.0
6047984,225.0
6049056,230.0
6050400,129.0
6051568,221.0
6053216,219.0
6054928,219.0
6055152,223.0
6055968,226.0
6056160,222.0
6057392,220.0
6057664,228.0
6057760,229.0
6059664,226.0
6061200,220.0
6061600,223.0
6063776,220.0
6064704,218.0
6065280,229.0
6067488,223.0
6068016,219.0
6068208,222.0
6068768,215.0
6069200,223.0
6069824,222.0
6071952,229.0
6072160,219.0
6074128,223.0
6076416,224.0
6079152,226.0
6079488,225.0
6079520,223.0
6081920,224.0
6082272,222.0
6082672,219.0
6082960,223.0
6083088,224.0
6083616,224.0
6087456,218.0
6088784,220.0
6089328,218.0
6093696,220.0
6093968,222.0
6097056,219.0
6098832,160.0
6099328,221.0
6100640,223.0
6104224,223.0
6105312,216.0
6106064,227.0
6106512,219.0
6107280,221.0
6107872,219.0
6109600,220.0
6113472,218.0
6115264,226.0
6115360,221.0
6117952,221.0
6118272,227.0
6118576,225.0
6120224,218.0
6120624,223.0
6121520,223.0
6122544,222.0
6123088,219.0
6124192,222.0
6124592,220.0
6125184,228.0
6125520,212.0
6126688,229.0
6128416,218.0
6129648,223.0
6129904,221.0
6131104,224.0
6136400,223.0
6138272,220.0
6138288,219.0
6139808,219.0
6141840,159.0
6143808,223.0
6146912,223.0
6147104,217.0
6152608,224.0
6152976,99.0
6153968,222.0
6154096,221.0
6154896,227.0
6156112,220.0
6157600,222.0
6157616,220.0
6157856,225.0
6158816,225.0
6159472,222.0
6161488,228.0
6165136,227.0
6168608,224.0
6171808,219.0
6173408,228.0
6174000,223.0
6174016,222.0
6174320,225.0
6174384,223.0
6175504,219.0
6176512,222.0
6177936,221.0
6179168,228.0
6180064,221.0
6181568,230.0
6182096,218.0
6182176,221.0
6182624,215.0
6186624,223.0
6187760,220.0
6187792,218.0
6188336,224.0
6189136,220.0
6189392,224.0
6189728,221.0
6190000,215.0
6191344,223.0
6193808,223.0
6194992,222.0
6195488,225.0
6198496,223.0
6199472,220.0
6200080,224.0
6200368,224.0
6200608,220.0
6203024,221.0
6205264,139.0
6205680,219.0
6206096,224.0
6206832,225.0
6207904,223.0
6209392,227.0
6211936,223.0
6213520,229.0
6213536,223.0
6214656,220.0
6215712,135.0
6216080,120.0
6216480,222.0
6217808,226.0
6218064,227.0
6218288,226.0
6219328,225.0
6219680,224.0
6220032,221.0
6222704,220.0
6223184,218.0
6223296,226.0
6224192,226.0
6225152,222.0
6227264,224.0
6228928,220.0
6230720,220.0
6230800,220.0
6232800,227.0
6233216,216.0
6234144,233.0
6234256,225.0
6234832,233.0
6236128,225.0
6237824,221.0
6238416,224.0
6238432,224.0
6239056,218.0
6240560,220.0
6240880,224.0
6245040,225.0
6245600,223.0
6247872,222.0
6250896,223.0
6250896,223.0
6252080,223.0
6252256,222.0
6255632,221.0
6257152,163.0
6257792,218.0
6258032,222.0
6258688,221.0
6260688,220.0
6261344,221.0
6262208,162.0
6262288,224.0
6263008,226.0
6263024,221.0
6265200,226.0
6265888,229.0
6266272,216.0
6266496,224.0
6267248,224.0
6270144,224.0
6270576,110.0
6271456,223.0
6274352,218.0
6275488,222.0
6275776,118.0
6276960,221.0
6277184,222.0
6278480,219.0
6279056,226.0
6279312,220.0
6279664,223.0
6281344,217.0
6282256,221.0
6286272,217.0
6289088,222.0
6289088,221.0
6289248,223.0
6289424,224.0
6291984,221.0
6293024,224.0
6293072,218.0
6293424,219.0
6293632,219.0
6293824,224.0
6294400,220.0
6295664,186.0
6296672,224.0
6299120,219.0
6299872,225.0
6300048,220.0
6300432,215.0
6300432,222.0
6304016,223.0
6305184,222.0
6306336,132.0
6307264,222.0
6308288,222.0
6310560,218.0
6311168,222.0
6311904,225.0
6313392,224.0
6313600,222.0
6314848,224.0
6316048,225.0
6317728,225.0
6319600,221.0
6321296,220.0
6322672,226.0
6324240,219.0
6326704,221.0
6327888,227.0
6328512,230.0
6329024,219.0
6329808,218.0
6331536,233.0
6336368,223.0
6337376,163.0
6338592,222.0
6340560,223.0
6340928,221.0
6342064,224.0
6342720,217.0
6343232,222.0
6343872,225.0
6346480,162.0
6346720,217.0
6346784,221.0
6346992,231.0
6347104,217.0
6347152,224.0
6349376,226.0
6352208,226.0
6352864,217.0
6355104,221.0
6355776,222.0
6356448,217.0
6356672,220.0
6357472,228.0
6357648,223.0
6358080,227.0
6360576,219.0
6360624,223.0
6361232,218.0
6362000,221.0
6363216,222.0
6363824,224.0
6364128,225.0
6364272,230.0
6367152,218.0
6367696,222.0
6370480,234.0
6372768,225.0
6373888,225.0
6374176,222.0
6374496,220.0
6375232,225.0
6376256,217.0
6377520,219.0
6378816,223.0
6381168,221.0
6382480,223.0
6383376,220.0
6384336,217.0
6384800,219.0
6385056,226.0
6385872,217.0
6386400,220.0
6387920,223.0
6389376,218.0
6394752,229.0
6395024,219.0
6395056,220.0
6395456,217.0
6396896,225.0
6399520,221.0
6400528,226.0
6401072,223.0
6402000,225.0
6402144,221.0
6403184,222.0
6404160,226.0
6407184,222.0
6409776,223.0
6409808,221.0
6412432,76.0
6412816,219.0
6415568,227.0
6415968,220.0
6416800,218.0
6418032,220.0
6419984,221.0
6420432,222.0
6420528,225.0
6421120,222.0
6421952,226.0
6424720,224.0
6425056,224.0
6425408,120.0
6426304,223.0
6429152,228.0
6430224,222.0
6430224,224.0
6432256,227.0
6433808,223.0
6435392,223.0
6435920,222.0
6436208,225.0
6438816,218.0
6441920,223.0
6443328,219.0
6443472,222.0
6443664,71.0
6448096,217.0
6448208,223.0
6448544,223.0
6448672,220.0
6448960,218.0
6449632,225.0
6452176,226.0
6452656,224.0
6453168,220.0
6453792,221.0
6455408,225.0
6455808,221.0
6456688,219.0
6457856,162.0
6459792,222.0
6461248,221.0
6461520,228.0
6463152,223.0
6463280,217.0
6463424,222.0
6465856,218.0
6466336,231.0
6467312,221.0
6468512,228.0
6469920,234.0
6473120,226.0
6473552,226.0
6473664,219.0
6474096,224.0
6475008,219.0
6476720,224.0
6477680,223.0
6483968,225.0
6484320,221.0
6485792,223.0
6487616,227.0
6487856,218.0
6488864,220.0
6490032,222.0
6490048,228.0
6490256,220.0
6491424,222.0
6492192,227.0
6492640,226.0
6498896,221.0
6500192,223.0
6502224,225.0
6502416,227.0
6502864,222.0
6504528,225.0
6505792,222.0
6506176,222.0
6506608,226.0
6509408,225.0
6510016,224.0
6511520,224.0
6513120,223.0
6514608,186.0
6516704,223.0
6516720,224.0
6517120,223.0
6518416,229.0
6519712,221.0
6520240,220.0
6520256,160.0
6520256,220.0
6520672,221.0
6521232,224.0
6521984,217.0
6524176,225.0
6525392,222.0
6525888,226.0
6526864,219.0
6527456,222.0
6532032,223.0
6533232,222.0
6534864,223.0
6535008,220.0
6535280,223.0
6535552,219.0
6536112,218.0
6536448,227.0
6536496,219.0
6538400,220.0
6538992,222.0
6543088,222.0
6543152,230.0
6545456,217.0
6547440,218.0
6548848,221.0
6549696,222.0
6551744,223.0
6553968,230.0
6554160,224.0
6556176,223.0
6556384,219.0
6559264,224.0
6559520,221.0
6560464,226.0
6560800,224.0
6561712,169.0
6564720,225.0
6567184,219.0
6567456,227.0
6567792,219.0
6568320,224.0
6574464,219.0
6574592,223.0
6575072,222.0
6577376,217.0
6577568,224.0
6580928,223.0
6580992,221.0
6581344,219.0
6584192,222.0
6584480,221.0
6585136,225.0
6586736,107.0
6587808,225.0
6589296,225.0
6589440,225.0
6589696,221.0
6590336,224.0
6592096,222.0
6596576,226.0
6600336,224.0
6600976,224.0
6602800,214.0
6603552,223.0
6603712,225.0
6604544,222.0
6606176,224.0
6607088,223.0
6607296,217.0
6609632,222.0
6613248,225.0
6613312,224.0
6614128,225.0
6614368,228.0
6614384,219.0
6617408,224.0
6620336,218.0
6620464,219.0
6623536,222.0
6623840,220.0
6623984,227.0
6624752,219.0
6625952,226.0
6627216,163.0
6628304,221.0
6628624,166.0
6628768,221.0
6630656,220.0
6631008,220.0
6631120,221.0
6633760,221.0
6635920,224.0
6637936,226.0
6638064,219.0
6638272,227.0
6640416,224.0
6641136,229.0
6642096,223.0
6642880,221.0
6643040,225.0
6643264,225.0
6643376,139.0
6645040,223.0
6645136,220.0
6645136,224.0
6646656,225.0
6646816,221.0
6646880,218.0
6650000,222.0
6650352,220.0
6653712,219.0
6653808,222.0
6655904,224.0
6656512,222.0
6657680,226.0
6659440,220.0
6662064,226.0
6663024,224.0
6663040,224.0
6663536,223.0
6664432,223.0
6667008,216.0
6670064,219.0
6670096,222.0
6670096,225.0
6671712,225.0
6672400,220.0
6675040,223.0
6675504,223.0
6676480,225.0
6678784,220.0
6682304,219.0
6684384,225.0
6685744,218.0
6686624,230.0
6688416,224.0
6691616,228.0
6692896,218.0
6694768,227.0
6695856,179.0
6696144,221.0
6697728,218.0
6698560,219.0
6699456,224.0
6699648,223.0
6701280,221.0
6702128,222.0
6703584,220.0
6703648,227.0
6703728,229.0
6703872,222.0
6704256,221.0
6705264,222.0
6706048,191.0
6707424,221.0
6707488,220.0
6708048,221.0
6708256,223.0
6709152,221.0
6709344,226.0
6710432,222.0
6710720,227.0
6711632,74.0
6712464,224.0
6713184,220.0
6714000,220.0
6714256,220.0
6717552,221.0
6718176,220.0
6718976,226.0
6720112,225.0
6720256,220.0
6721712,220.0
6723408,222.0
6723616,218.0
6723872,225.0
6725088,230.0
6725664,216.0
6726992,223.0
6729008,221.0
6730288,225.0
6730640,219.0
6732144,218.0
6732656,227.0
6732736,222.0
6732880,218.0
6735344,224.0
6737424,222.0
6741024,224.0
6741424,229.0
6743200,222.0
6745104,229.0
6746096,226.0
6746960,165.0
6747168,222.0
6747408,219.0
6748320,224.0
6748336,201.0
6748624,225.0
6750960,221.0
6751152,227.0
6753488,222.0
6754000,222.0
6754416,223.0
6755840,221.0
6757568,223.0
6757712,221.0
6758944,221.0
6759104,221.0
6761232,226.0
6762800,230.0
6762912,218.0
6767824,225.0
6768272,217.0
6768384,227.0
6770688,223.0
6773760,221.0
6775952,219.0
6776032,221.0
6777104,222.0
6777968,160.0
6779152,223.0
6779648,225.0
6780640,222.0
6782288,226.0
6783264,225.0
6783968,225.0
6786416,161.0
6786560,216.0
6790368,226.0
6790560,229.0
6791552,221.0
6792880,219.0
6796224,224.0
6796352,224.0
6797120,225.0
6800656,220.0
6800880,227.0
6804448,222.0
6805232,223.0
6805328,220.0
6807136,221.0
6809376,225.0
6810560,223.0
6810832,223.0
6811504,223.0
6814960,221.0
6815072,222.0
6815104,224.0
6816848,218.0
6819344,222.0
6822064,221.0
6822672,218.0
6822752,212.0
6824000,223.0
6824832,223.0
6825584,219.0
6826336,225.0
6826480,232.0
6827696,220.0
6828256,223.0
6828448,225.0
6829232,217.0
6829888,224.0
6833488,226.0
6834144,220.0
6834768,226.0
6835712,230.0
6838288,219.0
6839152,221.0
6839216,218.0
6839888,222.0
6842832,229.0
6842896,226.0
6843952,222.0
6846320,213.0
6846432,224.0
6847632,229.0
6848976,228.0
6849232,222.0
6849280,222.0
6849824,225.0
6850032,224.0
6851360,226.0
6851408,222.0
6851984,225.0
6852912,226.0
6854704,223.0
6856464,221.0
6857008,227.0
6857776,224.0
6858656,225.0
6859184,222.0
6860736,24.0
6861664,224.0
6863696,222.0
6864192,215.0
6865184,219.0
6866384,222.0
6867872,216.0
6869360,221.0
6871408,226.0
6871440,222.0
6871936,219.0
6872752,116.0
6874160,171.0
6875632,230.0
6877104,225.0
6877568,221.0
6879216,228.0
6879328,222.0
6880032,221.0
6882848,219.0
6883216,217.0
6883936,222.0
6884656,163.0
6887248,222.0
6892256,223.0
6895280,222.0
6896464,218.0
6898784,222.0
6898816,220.0
6903424,186.0
6907072,163.0
6908704,221.0
6908912,226.0
6910032,223.0
6910560,165.0
6913024,220.0
6917056,220.0
6917680,225.0
6917936,225.0
6919456,226.0
6921152,215.0
6921632,159.0
6922288,225.0
6922928,223.0
6923824,225.0
6925056,221.0
6925536,219.0
6926352,223.0
6926608,223.0
6929872,219.0
6931872,224.0
6932224,222.0
6933008,222.0
6934304,223.0
6935488,225.0
6938976,218.0
6939120,222.0
6939472,231.0
6940080,223.0
6943600,216.0
6943824,226.0
6944800,222.0
6945072,227.0
6945328,224.0
6946288,226.0
6946576,218.0
6947248,226.0
6948608,220.0
6948784,215.0
6950752,218.0
6953536,222.0
6954512,224.0
6954528,225.0
6955664,229.0
6957312,221.0
6958608,222.0
6959232,222.0
6961456,224.0
6962384,226.0
6964416,217.0
6967744,226.0
6971008,224.0
6971360,225.0
6972480,219.0
6972912,222.0
6973216,222.0
6974176,224.0
6976720,224.0
6977792,225.0
6978032,226.0
6980000,222.0
6980912,231.0
6981152,220.0
6982784,160.0
6984304,222.0
6985216,226.0
6986400,225.0
6986464,199.0
6987456,219.0
6987952,217.0
6992208,222.0
6993312,161.0
6995056,220.0
6995840,226.0
6995936,226.0
6996176,224.0
6996880,222.0
6997088,224.0
6998976,220.0
6999504,228.0
6999600,228.0
6999728,221.0
7000768,225.0
7002176,221.0
7003680,221.0
7004336,228.0
7005328,230.0
7006672,224.0
7008064,227.0
7010320,227.0
7011088,220.0
7013888,217.0
7015040,223.0
7018032,216.0
7020096,76.0
7020496,223.0
7021648,224.0
7024608,221.0
7025216,222.0
7026688,219.0
7026928,225.0
7028976,221.0
7030480,221.0
7031696,225.0
7034000,221.0
7034352,219.0
7036128,224.0
7036608,222.0
7037792,232.0
7038704,215.0
7038864,221.0
7038896,224.0
7039504,224.0
7040256,227.0
7041376,223.0
7043680,225.0
7044752,231.0
7044896,219.0
7046688,187.0
7048960,218.0
7048976,225.0
7049472,224.0
7049648,223.0
7050288,224.0
7053248,224.0
7053472,225.0
7053488,57.0
7053920,223.0
7056720,220.0
7058112,219.0
7060224,218.0
7060240,225.0
7060432,226.0
7060448,213.0
7061680,222.0
7064768,225.0
7066000,161.0
7066608,221.0
7067664,222.0
7068384,225.0
7068736,219.0
7068896,225.0
7070272,228.0
7071744,222.0
7072272,220.0
7072400,218.0
7073104,220.0
7075552,222.0
7076752,74.0
7077424,224.0
7078304,216.0
7078992,226.0
7079440,222.0
7080528,228.0
7080704,219.0
7084752,231.0
7085088,218.0
7086048,224.0
7086192,219.0
7086576,223.0
7087600,223.0
7088576,217.0
7090144,219.0
7092976,225.0
7096160,220.0
7096400,219.0
7096576,224.0
7097136,229.0
7100224,59.0
7100400,224.0
7101936,224.0
7103520,234.0
7103712,217.0
7104416,229.0
7104736,227.0
7105520,222.0
7106096,227.0
7106896,225.0
7107088,222.0
7107280,224.0
7107680,224.0
7108736,220.0
7110752,225.0
7111424,223.0
7114320,222.0
7114384,220.0
7114864,222.0
7116320,221.0
7118032,226.0
7120640,221.0
7121520,222.0
7122256,226.0
7123008,223.0
7124320,229.0
7125568,221.0
7126352,226.0
7127040,219.0
7128720,224.0
7129168,224.0
7132272,225.0
7132768,224.0
7134976,225.0
7135056,225.0
7135520,220.0
7137792,223.0
7138928,218.0
7139568,220.0
7139952,224.0
7140016,222.0
7142272,225.0
7145888,223.0
7147440,227.0
7147952,223.0
7148672,227.0
7150112,217.0
7150288,228.0
7153440,218.0
7153616,218.0
7154512,221.0
7156352,224.0
7156944,225.0
7157008,222.0
7157120,227.0
7160080,215.0
7161040,217.0
7161744,229.0
7162304,223.0
7163056,223.0
7163616,219.0
7164032,223.0
7164048,187.0
7164160,217.0
7167072,224.0
7167600,57.0
7167744,223.0
7168544,225.0
7169520,224.0
7170800,220.0
7171168,222.0
7174816,225.0
7174848,224.0
7176720,225.0
7177888,223.0
7178288,232.0
7178384,222.0
7178464,223.0
7184384,225.0
7187952,222.0
7187952,226.0
7188640,225.0
7189136,219.0
7192272,221.0
7192288,225.0
7192688,221.0
7195184,224.0
7199264,217.0
7199776,219.0
7200128,220.0
7201712,224.0
7202608,218.0
7203264,225.0
7203600,219.0
7206000,221.0
7206384,219.0
7206800,220.0
7210752,224.0
7210912,226.0
7213776,220.0
7216048,226.0
7217680,224.0
7217712,205.0
7218016,220.0
7220640,220.0
7221200,162.0
7221616,224.0
7222336,219.0
7224272,224.0
7224272,230.0
7224704,218.0
7224736,218.0
7226688,95.0
7227456,221.0
7227616,216.0
7227632,219.0
7227760,229.0
7228048,224.0
7230432,233.0
7231328,222.0
7231776,216.0
7232096,222.0
7235648,221.0
7237968,216.0
7239072,228.0
7239280,226.0
7242528,223.0
7244592,221.0
7245232,224.0
7245760,219.0
7246624,216.0
7247808,160.0
7248560,226.0
7249552,221.0
7249968,232.0
7250512,221.0
7251504,216.0
7253152,220.0
7253232,220.0
7253440,224.0
7255696,218.0
7256704,222.0
7256816,228.0
7257216,224.0
7258320,224.0
7258400,168.0
7259408,223.0
7260368,221.0
7260416,225.0
7260960,227.0
7262640,217.0
7264112,220.0
7264304,222.0
7267664,221.0
7267840,220.0
7268128,225.0
7269168,224.0
7269296,225.0
7269936,224.0
7271200,220.0
7271696,222.0
7272592,223.0
7272752,223.0
7274560,225.0
7276400,221.0
7277136,219.0
7278608,224.0
7278608,222.0
7279040,217.0
7279312,230.0
7280720,224.0
7282624,222.0
7282736,225.0
7284864,171.0
7285440,224.0
7286048,225.0
7286992,225.0
7287152,224.0
7287600,222.0
7287904,222.0
7290544,221.0
7291936,217.0
7292704,222.0
7292848,220.0
7293536,224.0
7294160,163.0
7294160,225.0
7296480,226.0
7297088,167.0
7297136,224.0
7299008,222.0
7299312,225.0
7299712,220.0
7299952,221.0
7300176,230.0
7300432,163.0
7301216,218.0
7303280,193.0
7304144,224.0
7306832,223.0
7307168,223.0
7308192,223.0
7308336,159.0
7309456,230.0
7310464,228.0
7310752,223.0
7311344,220.0
7313936,164.0
7316624,70.0
7317472,224.0
7317616,224.0
7318112,229.0
7318688,221.0
7321568,223.0
7322192,224.0
7324400,162.0
7324848,232.0
7325392,220.0
7329360,223.0
7331392,224.0
7332192,225.0
7333104,221.0
7334928,220.0
7335088,220.0
7338080,218.0
7338240,222.0
7338704,184.0
7339424,221.0
7339472,230.0
7339760,221.0
7341680,224.0
7343648,222.0
7345328,227.0
7345488,224.0
7348992,218.0
7349632,221.0
7351200,223.0
7351632,224.0
7351648,219.0
7351664,220.0
7355264,226.0
7356224,228.0
7358752,223.0
7363280,223.0
7364544,228.0
7369552,227.0
7371088,220.0
7371632,223.0
7375168,222.0
7376448,221.0
7378064,221.0
7378704,224.0
7379056,222.0
7379968,222.0
7379984,220.0
7380304,225.0
7381600,220.0
7382192,217.0
7382752,222.0
7383664,220.0
7386400,221.0
7387168,218.0
7387184,226.0
7389456,225.0
7390208,219.0
7390640,219.0
7390784,225.0
7390800,225.0
7390944,226.0
7392080,229.0
7394432,227.0
7394560,225.0
7395280,225.0
7396224,220.0
7397296,219.0
7398096,220.0
7398160,221.0
7399264,227.0
7401584,221.0
7401728,222.0
7403744,219.0
7404992,222.0
7405312,226.0
7405968,217.0
7407040,222.0
7408176,221.0
7409296,220.0
7411712,220.0
7412384,220.0
7414016,217.0
7414960,225.0
7415856,216.0
7418192,228.0
7422800,220.0
7425872,226.0
7429600,222.0
7430256,225.0
7430304,219.0
7431488,225.0
7431792,221.0
7432032,218.0
7432976,220.0
7433648,218.0
7436560,223.0
7439920,222.0
7440864,219.0
7441376,219.0
7441856,223.0
7446560,216.0
7447088,220.0
7447168,167.0
7448480,222.0
7449792,225.0
7450176,225.0
7450768,229.0
7453808,226.0
7454384,225.0
7454944,227.0
7456944,221.0
7458576,226.0
7460528,223.0
7460768,71.0
7461280,221.0
7462016,225.0
7462480,223.0
7464992,118.0
7465008,222.0
7465104,225.0
7465744,221.0
7467232,221.0
7468656,227.0
7468704,223.0
7469152,219.0
7472400,223.0
7472992,224.0
7473248,225.0
7474640,221.0
7475792,219.0
7475840,219.0
7475952,221.0
7476272,219.0
7476464,224.0
7479264,217.0
7479440,222.0
7482864,224.0
7482944,223.0
7483680,222.0
7485536,227.0
7485744,228.0
7485760,174.0
7486416,221.0
7486944,224.0
7488528,173.0
7489296,234.0
7490384,219.0
7492960,218.0
7493520,169.0
7493600,223.0
7493696,219.0
7494096,223.0
7494272,222.0
7495024,234.0
7496400,220.0
7497312,225.0
7497520,219.0
7497792,219.0
7499216,222.0
7500928,222.0
7502032,219.0
7502848,226.0
7504416,220.0
7504496,222.0
7505536,218.0
7505712,224.0
7506000,222.0
7506912,220.0
7507920,218.0
7509136,224.0
7511728,226.0
7514192,226.0
7518352,219.0
7519232,225.0
7519488,233.0
7519792,224.0
7521600,222.0
7522752,218.0
7524080,224.0
7524192,220.0
7527776,223.0
7529376,219.0
7529920,226.0
7529936,222.0
7532928,219.0
7533872,228.0
7536352,210.0
7536672,222.0
7537456,223.0
7542672,224.0
7544080,231.0
7544672,219.0
7546576,225.0
7546992,220.0
7547728,227.0
7550128,221.0
7550688,227.0
7550816,142.0
7551328,226.0
7551792,222.0
7553616,226.0
7556864,219.0
7557360,230.0
7557632,218.0
7560960,224.0
7561232,224.0
7561488,224.0
7562576,226.0
7564432,223.0
7565648,224.0
7569328,229.0
7569728,226.0
7569760,225.0
7573360,189.0
7573376,225.0
7573424,230.0
7575200,219.0
7575712,218.0
7575856,225.0
7575888,222.0
7576544,224.0
7578976,226.0
7579312,224.0
7580688,228.0
7581120,223.0
7581440,220.0
7584192,227.0
7587312,221.0
7587760,222.0
7588464,227.0
7589264,162.0
7589584,225.0
7590896,221.0
7591664,187.0
7592144,48.0
7592832,222.0
7593136,221.0
7593632,229.0
7594480,223.0
7595280,225.0
7595632,221.0
7595664,227.0
7596160,221.0
7602800,162.0
7602912,224.0
7605504,216.0
7605648,223.0
7610768,227.0
7612176,222.0
7614704,159.0
7615920,218.0
7617136,218.0
7617344,217.0
7617920,223.0
7622928,222.0
7625376,223.0
7627760,227.0
7627808,222.0
7628480,220.0
7630336,224.0
7630640,223.0
7631376,222.0
7631504,222.0
7632656,223.0
7632976,221.0
7638640,224.0
7640128,219.0
7640896,223.0
7641648,224.0
7642096,215.0
7645184,220.0
7646096,22.0
7646960,220.0
7648144,21.0
7648544,221.0
7648768,223.0
7648848,220.0
7649136,215.0
7650576,225.0
7651200,221.0
7651408,227.0
7652144,224.0
7652720,223.0
7653040,215.0
7653200,222.0
7653632,221.0
7655056,227.0
7655232,222.0
7655296,224.0
7655392,227.0
7656384,139.0
7659392,219.0
7659872,223.0
7661088,220.0
7663008,225.0
7663456,218.0
7663552,229.0
7663712,163.0
7665872,144.0
7666720,231.0
7667344,220.0
7667344,219.0
7667520,220.0
7669712,224.0
7670416,172.0
7670528,223.0
7672320,174.0
7672896,71.0
7674544,225.0
7674944,224.0
7675904,223.0
7676912,228.0
7677696,221.0
7679472,222.0
7679872,221.0
7680032,219.0
7680176,225.0
7680208,220.0
7681024,221.0
7681552,221.0
7685520,219.0
7685856,219.0
7686784,223.0
7688272,219.0
7690080,220.0
7690112,229.0
7690304,219.0
7694416,227.0
7694496,225.0
7696512,230.0
7697296,219.0
7698016,219.0
7701456,224.0
7702032,225.0
7702400,219.0
7704368,224.0
7704432,223.0
7705312,225.0
7705888,221.0
7706560,131.0
7709168,222.0
7709824,225.0
7713152,221.0
7714384,226.0
7715664,221.0
7716768,228.0
7718352,223.0
7719808,219.0
7722896,228.0
7723408,224.0
7724032,225.0
7724128,223.0
7725232,221.0
7726944,217.0
7726960,221.0
7727488,215.0
7727616,228.0
7728816,110.0
7730176,231.0
7730624,228.0
7732112,220.0
7734736,163.0
7735024,222.0
7737312,222.0
7737712,222.0
7739472,214.0
7742032,225.0
7743776,118.0
7744880,217.0
7745584,221.0
7746096,228.0
7746640,224.0
7748464,223.0
7748896,227.0
7749344,223.0
7752912,234.0
7753824,221.0
7755712,225.0
7756080,222.0
7756464,221.0
7756688,223.0
7759088,225.0
7759408,230.0
7760400,231.0
7760864,220.0
7762400,221.0
7763616,222.0
7765440,220.0
7766000,224.0
7766784,223.0
7769888,222.0
7770144,165.0
7771424,224.0
7771824,228.0
7773344,228.0
7773760,225.0
7773856,223.0
7774256,222.0
7775424,219.0
7776864,219.0
7778400,227.0
7778608,223.0
7778720,212.0
7780240,221.0
7780432,226.0
7780576,218.0
7783808,104.0
7783856,213.0
7784544,221.0
7786384,219.0
7787440,226.0
7789920,225.0
7790144,225.0
7791264,221.0
7792464,221.0
7794576,224.0
7794896,226.0
7796960,220.0
7797264,223.0
7798192,225.0
7800528,222.0
7800768,218.0
7801568,221.0
7802000,220.0
7805184,225.0
7805984,220.0
7806384,223.0
7808944,227.0
7810880,221.0
7811408,221.0
7812192,227.0
7814304,223.0
7815936,221.0
7816592,220.0
7817104,226.0
7820768,228.0
7821632,216.0
7821872,223.0
7823072,223.0
7824976,217.0
7825152,219.0
7825504,226.0
7829520,224.0
7830432,226.0
7830432,231.0
7831248,221.0
7832240,224.0
7832400,222.0
7832704,222.0
7833056,220.0
7833840,220.0
7833888,215.0
7835872,225.0
7837456,222.0
7839424,221.0
7843056,226.0
7845504,223.0
7849008,223.0
7850096,222.0
7850992,218.0
7851232,221.0
7851744,220.0
7851792,220.0
7852784,224.0
7853616,219.0
7855952,225.0
7857232,225.0
7858080,221.0
7858912,225.0
7859024,175.0
7860704,221.0
7862144,225.0
7862288,219.0
7862512,227.0
7864400,222.0
7865424,216.0
7865744,224.0
7869488,222.0
7869776,219.0
7870160,220.0
7871472,222.0
7872544,232.0
7872768,224.0
7873104,225.0
7874848,216.0
7874912,220.0
7876112,222.0
7876624,219.0
7876928,225.0
7878448,224.0
7880896,223.0
7881472,221.0
7882400,221.0
7883264,220.0
7885600,222.0
7888064,225.0
7891264,229.0
7891312,220.0
7892752,224.0
7892864,224.0
7893696,216.0
7894384,220.0
7894624,224.0
7895216,221.0
7897248,221.0
7898048,227.0
7900016,220.0
7900288,221.0
7900992,220.0
7903440,219.0
7908976,222.0
7912704,221.0
7915472,218.0
7916016,224.0
7916160,223.0
7917184,220.0
7918544,216.0
7918560,220.0
7921216,221.0
7925088,219.0
7925568,218.0
7925696,219.0
7928672,223.0
7929600,224.0
7930768,219.0
7931024,223.0
7931888,224.0
7932768,225.0
7933040,214.0
7933264,225.0
7934144,230.0
7936592,228.0
7936832,222.0
7938000,230.0
7938032,222.0
7941344,223.0
7941648,225.0
7941760,218.0
7944112,227.0
7945392,221.0
7947472,219.0
7948096,171.0
7948288,189.0
7948656,218.0
7950016,222.0
7950720,221.0
7950912,222.0
7952032,223.0
7952320,221.0
7955200,222.0
7955920,90.0
7955968,227.0
7956240,216.0
7957856,225.0
7961440,223.0
7962480,222.0
7964560,221.0
7964944,222.0
7965056,160.0
7966544,225.0
7968464,219.0
7968656,226.0
7968704,225.0
7969664,221.0
7970144,224.0
7970256,111.0
7972160,223.0
7972304,230.0
7972304,224.0
7973152,222.0
7973600,224.0
7973920,228.0
7975024,225.0
7977184,218.0
7978608,216.0
7980576,217.0
7982464,228.0
7983008,221.0
7983088,222.0
7983104,223.0
7983728,221.0
7983744,224.0
7984112,220.0
7984304,222.0
7985808,227.0
7987888,223.0
7989968,220.0
7991216,221.0
7991264,223.0
7991424,220.0
7993680,223.0
7994400,218.0
7994624,234.0
7994848,224.0
7995280,218.0
7996608,172.0
8000032,224.0
8001936,220.0
8002144,225.0
8005232,221.0
8007120,217.0
8007216,222.0
8007984,223.0
8008800,222.0
8010736,225.0
8011760,227.0
8012656,217.0
8012896,224.0
8013552,219.0
8013728,177.0
8014160,215.0
8014400,228.0
8015136,222.0
8015872,218.0
8016448,221.0
8017152,224.0
8017680,219.0
8019696,219.0
8020400,222.0
8020864,224.0
8021232,221.0
8022096,225.0
8022448,221.0
8025744,224.0
8026032,223.0
8026992,77.0
8027120,217.0
8030496,218.0
8030704,231.0
8031472,60.0
8032416,226.0
8034384,226.0
8034560,221.0
8035152,221.0
8037536,221.0
8037840,222.0
8040160,226.0
8041136,226.0
8041424,223.0
8042048,222.0
8042336,225.0
8043136,224.0
8043792,218.0
8044128,223.0
8044160,229.0
8047504,223.0
8048272,221.0
8049312,226.0
8050336,224.0
8050816,217.0
8052144,221.0
8054480,221.0
8058080,224.0
8058128,222.0
8059168,230.0
8060592,230.0
8061552,222.0
8062160,228.0
8062768,224.0
8062864,222.0
8063664,219.0
8064208,225.0
8065216,224.0
8072000,219.0
8073024,228.0
8073680,216.0
8074352,220.0
8074496,228.0
8074960,242.0
8077408,222.0
8077728,226.0
8078256,220.0
8078528,217.0
8080624,224.0
8080816,222.0
8081440,229.0
8081792,220.0
8082304,221.0
8084352,220.0
8086304,79.0
8087856,218.0
8089264,222.0
8092288,223.0
8092976,226.0
8095536,226.0
8097152,226.0
8098512,221.0
8098544,219.0
8098576,222.0
8102688,224.0
8103264,220.0
8103664,225.0
8105056,223.0
8105232,219.0
8105712,225.0
8108672,225.0
8108912,229.0
8109280,219.0
8109920,228.0
8110320,222.0
8111680,223.0
8112192,219.0
8112720,234.0
8113856,222.0
8113888,222.0
8115184,221.0
8116192,228.0
8116256,149.0
8116384,222.0
8117152,226.0
8121136,228.0
8121632,219.0
8123664,230.0
8124352,224.0
8124736,224.0
8127680,224.0
8127888,220.0
8128480,223.0
8131904,73.0
8134304,220.0
8135968,234.0
8136080,221.0
8137888,223.0
8137968,224.0
8139024,221.0
8139632,224.0
8141008,226.0
8141872,224.0
8142368,222.0
8143808,219.0
8145040,229.0
8145504,226.0
8148432,228.0
8148720,220.0
8149728,185.0
8150848,228.0
8152832,220.0
8156832,220.0
8157584,220.0
8158432,228.0
8159312,223.0
8160352,225.0
8161456,222.0
8161664,220.0
8162960,225.0
8163248,220.0
8163648,225.0
8168800,220.0
8171184,227.0
8172192,218.0
8172336,220.0
8173872,221.0
8175872,220.0
8179472,224.0
8181984,226.0
8182704,226.0
8183136,222.0
8183136,228.0
8184256,229.0
8184720,225.0
8185040,220.0
8186688,221.0
8187328,223.0
8187760,225.0
8188032,224.0
8189152,226.0
8191360,72.0
8191392,222.0
8192416,226.0
8196400,221.0
8198112,222.0
8198192,222.0
8200496,224.0
8201904,216.0
8202144,225.0
8202400,225.0
8202976,221.0
8203648,219.0
8205296,221.0
8208848,219.0
8209008,219.0
8209264,220.0
8209888,220.0
8210128,223.0
8210608,222.0
8211072,219.0
8211696,219.0
8212112,221.0
8212496,187.0
8212512,228.0
8212560,221.0
8213456,222.0
8213728,224.0
8217168,226.0
8219632,220.0
8219664,221.0
8221344,221.0
8221568,234.0
8222464,229.0
8224064,225.0
8225936,222.0
8226848,221.0
8228000,214.0
8229920,223.0
8231408,224.0
8233984,217.0
8234096,227.0
8234864,221.0
8235168,227.0
8236560,217.0
8237696,221.0
8238784,225.0
8240880,219.0
8243696,223.0
8244752,220.0
8245696,226.0
8245824,216.0
8245920,222.0
8248384,159.0
8248688,219.0
8249280,220.0
8250224,225.0
8251936,221.0
8255040,224.0
8256928,220.0
8257248,221.0
8260768,219.0
8261392,218.0
8262704,219.0
8263568,223.0
8263792,223.0
8263968,220.0
8265536,220.0
8265904,224.0
8266336,219.0
8267312,219.0
8269184,222.0
8269712,221.0
8269872,220.0
8271520,219.0
8276688,222.0
8277968,223.0
8278592,235.0
8279296,223.0
8280512,220.0
8281184,213.0
8284032,227.0
8285216,224.0
8286048,223.0
8287360,222.0
8287520,221.0
8289280,221.0
8289680,226.0
8291008,227.0
8291088,222.0
8294640,221.0
8295904,220.0
8296000,221.0
8296368,221.0
8296688,175.0
8298144,222.0
8298288,217.0
8299728,224.0
8301648,218.0
8303136,223.0
8304592,222.0
8305328,219.0
8305424,224.0
8305632,221.0
8305664,219.0
8307184,226.0
8307200,218.0
8314016,222.0
8314256,222.0
8315552,225.0
8316128,222.0
8317424,222.0
8318208,227.0
8318992,221.0
8321504,224.0
8322000,225.0
8324464,220.0
8324608,222.0
8326128,228.0
8326224,218.0
8328288,219.0
8329136,226.0
8330304,221.0
8330416,224.0
8331632,224.0
8334352,227.0
8335648,224.0
8337040,224.0
8337520,224.0
8337920,222.0
8338864,171.0
8341392,223.0
8342320,226.0
8343088,170.0
8344448,224.0
8344672,228.0
8348544,224.0
8349344,97.0
8349728,230.0
8352992,225.0
8353008,228.0
8354064,224.0
8355328,221.0
8355664,219.0
8355680,223.0
8355984,224.0
8357008,224.0
8357040,228.0
8357760,230.0
8360240,199.0
8360656,222.0
8361584,225.0
8363808,227.0
8364736,224.0
8365088,223.0
8366416,226.0
8367328,220.0
8367920,225.0
8368752,221.0
8368800,218.0
8370640,213.0
8370896,222.0
8370992,221.0
8371872,224.0
8372224,221.0
8373392,219.0
8373632,225.0
8374576,223.0
8376960,222.0
8378080,227.0
8380544,223.0
8381392,226.0
8381648,222.0
8382944,218.0
8383056,226.0
8384256,220.0
8387616,225.0
8388688,218.0
8388816,218.0
8388944,223.0
8389392,223.0
8389504,225.0
8389648,217.0
8390160,224.0
8391424,226.0
8393184,220.0
8394784,220.0
8396000,220.0
8396080,221.0
8396560,227.0
8396672,220.0
8396720,220.0
8397216,227.0
8398624,225.0
8398656,226.0
8399424,221.0
8399584,223.0
8400224,228.0
8401872,220.0
8404992,225.0
8404992,221.0
8406704,225.0
8407488,223.0
8408144,220.0
8408528,225.0
8408544,221.0
8411168,231.0
8411376,218.0
8414976,218.0
8416320,227.0
8421584,219.0
8421824,222.0
8422272,224.0
8426272,224.0
8426576,223.0
8427824,220.0
8428288,223.0
8428752,220.0
8429488,227.0
8429552,230.0
8429728,225.0
8430224,227.0
8431088,221.0
8432528,219.0
8433504,219.0
8436416,181.0
8436608,218.0
8439392,220.0
8442512,223.0
8443920,221.0
8446208,225.0
8446784,222.0
8449040,220.0
8449200,222.0
8450080,222.0
8450080,219.0
8450368,223.0
8453696,225.0
8454544,220.0
8454832,223.0
8457360,228.0
8458368,221.0
8458880,221.0
8460736,234.0
8460800,218.0
8464384,222.0
8464464,216.0
8468032,222.0
8469488,219.0
8471472,229.0
8471520,220.0
8472288,225.0
8472544,219.0
8475104,223.0
8476192,227.0
8477712,221.0
8478736,226.0
8479376,220.0
8479920,218.0
8481296,223.0
8481968,161.0
8482416,225.0
8483008,225.0
8483536,225.0
8484192,111.0
8485904,221.0
8485936,223.0
8486816,220.0
8491024,219.0
8491360,222.0
8493072,216.0
8493952,223.0
8494320,229.0
8494656,226.0
8496560,219.0
8496640,222.0
8496656,226.0
8497824,225.0
8498160,218.0
8500256,224.0
8503168,221.0
8503408,224.0
8504640,219.0
8504944,217.0
8505408,223.0
8505616,223.0
8508160,219.0
8509200,223.0
8510352,224.0
8510928,222.0
8511040,223.0
8512496,224.0
8513840,217.0
8514112,227.0
8514800,225.0
8515776,227.0
8518336,220.0
8520624,49.0
8521760,224.0
8523744,225.0
8525504,222.0
8526560,225.0
8526624,222.0
8527408,166.0
8530576,219.0
8532560,217.0
8532736,223.0
8533824,220.0
8534640,223.0
8536000,216.0
8536656,223.0
8539872,223.0
8540720,222.0
8542912,222.0
8543200,221.0
8543456,223.0
8544528,225.0
8546784,224.0
8547040,223.0
8548752,220.0
8549104,220.0
8549888,224.0
8551616,221.0
8553504,225.0
8554160,222.0
8554752,225.0
8555568,222.0
8557104,224.0
8560512,163.0
8561024,219.0
8561232,222.0
8562192,221.0
8563072,223.0
8566688,225.0
8567600,227.0
8568272,223.0
8570384,222.0
8571664,225.0
8571696,222.0
8571904,224.0
8573392,219.0
8574880,223.0
8575264,222.0
8575568,228.0
8576512,220.0
8577312,220.0
8580096,223.0
8582496,228.0
8585680,226.0
8587280,221.0
8587600,226.0
8592416,226.0
8592912,224.0
8593264,222.0
8593840,218.0
8596368,224.0
8598368,223.0
8599904,220.0
8600288,222.0
8600688,170.0
8601104,228.0
8603200,226.0
8604032,227.0
8604208,219.0
8604320,110.0
8605056,226.0
8607552,223.0
8608304,228.0
8610976,220.0
8613504,157.0
8614272,220.0
8616912,221.0
8620864,215.0
8621376,221.0
8621472,222.0
8622160,225.0
8622224,228.0
8622736,222.0
8629072,228.0
8629184,222.0
8629536,221.0
8630208,72.0
8631120,220.0
8631136,222.0
8631232,220.0
8632224,231.0
8632704,226.0
8633744,221.0
8633776,222.0
8634720,224.0
8635792,222.0
8636448,226.0
8636640,223.0
8637328,221.0
8638256,218.0
8639056,224.0
8639984,220.0
8640224,223.0
8641824,222.0
8643280,220.0
8643376,221.0
8644160,218.0
8645728,221.0
8646128,220.0
8647120,221.0
8647168,219.0
8647264,224.0
8648960,227.0
8649040,225.0
8650416,221.0
8650768,218.0
8651968,222.0
8654000,223.0
8656288,230.0
8657504,218.0
8658688,221.0
8658784,223.0
8659728,220.0
8662784,222.0
8665824,222.0
8665904,222.0
8666928,224.0
8666944,221.0
8667712,230.0
8669872,219.0
8669936,226.0
8671344,235.0
8672048,218.0
8677520,220.0
8677584,223.0
8677632,224.0
8678736,224.0
8680672,226.0
8681840,222.0
8682512,221.0
8684208,220.0
8684912,223.0
8686496,222.0
8686624,219.0
8688256,222.0
8688336,221.0
8688400,221.0
8691840,223.0
8691840,218.0
8691856,220.0
8693584,218.0
8693632,221.0
8693792,224.0
8695440,224.0
8696480,231.0
8700800,219.0
8702496,219.0
8702656,222.0
8703872,223.0
8704464,216.0
8705504,218.0
8707968,218.0
8708848,221.0
8709680,224.0
8709712,221.0
8709744,228.0
8713216,220.0
8713312,224.0
8715424,227.0
8715936,200.0
8716688,227.0
8716912,228.0
8718096,73.0
8718224,222.0
8718976,221.0
8719456,219.0
8720496,224.0
8722192,223.0
8723040,221.0
8725296,228.0
8725984,219.0
8726624,223.0
8729264,217.0
8730304,229.0
8736528,225.0
8736608,219.0
8737280,214.0
8738368,226.0
8740112,218.0
8741872,220.0
8741936,222.0
8742128,224.0
8743008,224.0
8743632,219.0
8743632,221.0
8743728,225.0
8743888,226.0
8744336,220.0
8746336,162.0
8746768,221.0
8747136,221.0
8748672,221.0
8749200,226.0
8749936,224.0
8752672,222.0
8752720,219.0
8752736,221.0
8754400,221.0
8754432,224.0
8757984,221.0
8758208,224.0
8759856,230.0
8759952,224.0
8760560,221.0
8761616,226.0
8761792,223.0
8761824,116.0
8763456,219.0
8765072,215.0
8766240,220.0
8767024,224.0
8768944,219.0
8769168,219.0
8771440,235.0
8775904,220.0
8776080,223.0
8776192,217.0
8776896,170.0
8778176,223.0
8779056,220.0
8779248,223.0
8779472,222.0
8779664,223.0
8780288,228.0
8781456,224.0
8782256,232.0
8784752,218.0
8785376,227.0
8786224,227.0
8788576,222.0
8788880,218.0
8790688,224.0
8792464,223.0
8793408,221.0
8793760,222.0
8796080,225.0
8796624,219.0
8797392,226.0
8798976,220.0
8798992,222.0
8799296,225.0
8799616,220.0
8801376,223.0
8802640,227.0
8802992,230.0
8803056,220.0
8803184,77.0
8805552,225.0
8807504,220.0
8808928,220.0
8810256,221.0
8811968,222.0
8817120,218.0
8817120,222.0
8819712,221.0
8820688,222.0
8822336,224.0
8824240,221.0
8825296,222.0
8825520,231.0
8827472,223.0
8828160,224.0
8828992,224.0
8829136,220.0
8829728,219.0
8830256,155.0
8832672,221.0
8836080,222.0
8836288,225.0
8836320,228.0
8838912,228.0
8839632,222.0
8841216,224.0
8844032,223.0
8844608,225.0
8846128,225.0
8848736,216.0
8850400,222.0
8851072,173.0
8855120,220.0
8857472,223.0
8861824,219.0
8861904,227.0
8863920,222.0
8864048,227.0
8864496,218.0
8864928,223.0
8865104,217.0
8865952,228.0
8868560,226.0
8869056,224.0
8872288,222.0
8872592,223.0
8872592,220.0
8873392,226.0
8874688,223.0
8875072,154.0
8875680,224.0
8875856,222.0
8876992,224.0
8877456,219.0
8878080,230.0
8881936,221.0
8883008,222.0
8883456,222.0
8887056,224.0
8887728,226.0
8889152,226.0
8889408,221.0
8890352,219.0
8891136,223.0
8899280,222.0
8900864,225.0
8900912,218.0
8901984,218.0
8902416,220.0
8903728,220.0
8904368,218.0
8904480,222.0
8904928,223.0
8905168,226.0
8906096,219.0
8908064,223.0
8908192,163.0
8909504,221.0
8910448,220.0
8910928,225.0
8910928,220.0
8911312,222.0
8911648,223.0
8912448,227.0
8914480,221.0
8915168,221.0
8915472,224.0
8915520,216.0
8916032,223.0
8918064,224.0
8918560,224.0
8919056,220.0
8920944,225.0
8921568,218.0
8921712,225.0
8921904,225.0
8924448,218.0
8924576,220.0
8925520,225.0
8925872,223.0
8931696,225.0
8932624,223.0
8933024,82.0
8934768,224.0
8935232,223.0
8938960,221.0
8940032,222.0
8941824,219.0
8943456,231.0
8943680,223.0
8944224,219.0
8946544,221.0
8947136,221.0
8950544,225.0
8950704,221.0
8953328,218.0
8953376,221.0
8955632,220.0
8956576,221.0
8956800,220.0
8959168,222.0
8960304,218.0
8961360,224.0
8961392,222.0
8961456,225.0
8963904,224.0
8968304,220.0
8969360,224.0
8972048,218.0
8974016,217.0
8974608,216.0
8974800,223.0
8975872,225.0
8975904,222.0
8976832,217.0
8978080,223.0
8979232,222.0
8980048,218.0
8980416,217.0
8986384,218.0
8987424,166.0
8988880,224.0
8989280,228.0
8989968,222.0
8990688,224.0
8990928,218.0
8992832,221.0
8993424,221.0
8994848,226.0
8995264,223.0
8996976,227.0
8998960,223.0
9002336,220.0
9002576,224.0
9005664,225.0
9006928,220.0
9007216,218.0
9008112,225.0
9008480,222.0
9009520,226.0
9011280,223.0
9011296,221.0
9013184,223.0
9014960,229.0
9016736,224.0
9017088,231.0
9018416,223.0
9019920,222.0
9022480,223.0
9023440,222.0
9023536,225.0
9024656,218.0
9026000,224.0
9027792,231.0
9029664,221.0
9030896,231.0
9031968,220.0
9032720,219.0
9033216,228.0
9033920,223.0
9034928,219.0
9035632,228.0
9039168,228.0
9043168,229.0
9043504,220.0
9045600,220.0
9045904,222.0
9047584,224.0
9049584,227.0
9050384,227.0
9051216,231.0
9051296,225.0
9051696,224.0
9052672,222.0
9053488,227.0
9053936,221.0
9054208,222.0
9055248,221.0
9055712,223.0
9056144,55.0
9056240,222.0
9056672,227.0
9057536,224.0
9057776,182.0
9058176,221.0
9060624,226.0
9062832,224.0
9065376,226.0
9065536,226.0
9066208,221.0
9067264,48.0
9067344,224.0
9067584,228.0
9068480,221.0
9070496,225.0
9071808,225.0
9072096,225.0
9073600,220.0
9073808,21.0
9074160,230.0
9075600,224.0
9078144,226.0
9078672,217.0
9080512,230.0
9081072,226.0
9082240,222.0
9083232,222.0
9087664,219.0
9087808,220.0
9088112,222.0
9088272,222.0
9088304,221.0
9088928,219.0
9090432,224.0
9091168,217.0
9092480,221.0
9093952,219.0
9095296,225.0
9098336,225.0
9098464,222.0
9099040,222.0
9100784,225.0
9102080,119.0
9108768,227.0
9111056,228.0
9112304,220.0
9112592,221.0
9114784,232.0
9115360,223.0
9115376,219.0
9115920,225.0
9116896,226.0
9120000,223.0
9121008,225.0
9125536,226.0
9125936,222.0
9126720,218.0
9129696,225.0
9130800,221.0
9131808,226.0
9135408,224.0
9136240,222.0
9137280,222.0
9137760,219.0
9138352,223.0
9141040,225.0
9141680,222.0
9142240,223.0
9142704,226.0
9143120,130.0
9143168,220.0
9143280,220.0
9143872,223.0
9144848,223.0
9146704,223.0
9148416,227.0
9149680,224.0
9151072,224.0
9151760,220.0
9152960,222.0
9154752,229.0
9155600,215.0
9159200,224.0
9160320,226.0
9160688,220.0
9160912,221.0
9162048,226.0
9162640,219.0
9164640,220.0
9164752,223.0
9166352,222.0
9167728,219.0
9168000,219.0
9169152,221.0
9169568,221.0
9170256,216.0
9170784,221.0
9171600,217.0
9172032,228.0
9173968,220.0
9174416,226.0
9174528,222.0
9175392,227.0
9178976,223.0
9180560,217.0
9181008,221.0
9184080,219.0
9185664,223.0
9187632,221.0
9188784,220.0
9188944,223.0
9190608,221.0
9192272,217.0
9194192,223.0
9194752,218.0
9196416,221.0
9196832,234.0
9196960,223.0
9197568,221.0
9198144,217.0
9199600,223.0
9200496,220.0
9201648,221.0
9207616,220.0
9208128,215.0
9208880,221.0
9215344,221.0
9218640,218.0
9221584,220.0
9222432,227.0
9222544,226.0
9226240,230.0
9226576,228.0
9227840,225.0
9228880,224.0
9231392,221.0
9232400,219.0
9233168,219.0
9233808,225.0
9234160,189.0
9234896,218.0
9235376,229.0
9235984,223.0
9236528,222.0
9237328,221.0
9237392,223.0
9240976,223.0
9241248,213.0
9243648,224.0
9246608,223.0
9247648,222.0
9249264,222.0
9251248,224.0
9253344,220.0
9255088,221.0
9262432,223.0
9266128,221.0
9266352,224.0
9268176,223.0
9269392,224.0
9271792,222.0
9275440,227.0
9275824,223.0
9276720,222.0
9278928,225.0
9278976,126.0
9279680,220.0
9280400,225.0
9283344,228.0
9283712,222.0
9284592,223.0
9284720,227.0
9286016,220.0
9286144,222.0
9286144,225.0
9286720,225.0
9287120,228.0
9289296,221.0
9289520,220.0
9290320,221.0
9293264,222.0
9294448,225.0
9294896,222.0
9296416,220.0
9296656,224.0
9298768,221.0
9299968,221.0
9300976,232.0
9301648,216.0
9305136,222.0
9305216,222.0
9307248,227.0
9307728,225.0
9308704,222.0
9311568,222.0
9312320,219.0
9312416,170.0
9315040,216.0
9315344,221.0
9321040,219.0
9323776,219.0
9324624,223.0
9326656,225.0
9327472,224.0
9328208,223.0
9328912,219.0
9328928,223.0
9329696,223.0
9329728,228.0
9330208,221.0
9332096,221.0
9333264,222.0
9333312,223.0
9335296,221.0
9335696,224.0
9336064,222.0
9337264,222.0
9339200,223.0
9340448,223.0
9340848,223.0
9341328,224.0
9341712,221.0
9344896,222.0
9348768,221.0
9348880,225.0
9350480,220.0
9351120,218.0
9353616,225.0
9354128,227.0
9355248,226.0
9356816,217.0
9358224,219.0
9358560,228.0
9358752,218.0
9360704,221.0
9360960,220.0
9362240,217.0
9363776,224.0
9364224,219.0
9364496,220.0
9365328,219.0
9365488,225.0
9367728,218.0
9368144,223.0
9368896,222.0
9371152,229.0
9372464,219.0
9375232,220.0
9376480,222.0
9378624,217.0
9379280,228.0
9380384,220.0
9381520,222.0
9382160,220.0
9386464,225.0
9387328,222.0
9388992,228.0
9390272,221.0
9392528,220.0
9392832,222.0
9392992,219.0
9396416,220.0
9397408,215.0
9398096,223.0
9399600,218.0
9400016,224.0
9401712,225.0
9401776,218.0
9402368,223.0
9403600,220.0
9404528,221.0
9407104,220.0
9408160,226.0
9411504,217.0
9411840,229.0
9414176,218.0
9414288,222.0
9414512,223.0
9415024,219.0
9415456,225.0
9417392,224.0
9417728,221.0
9418064,223.0
9420624,216.0
9421424,224.0
9422160,219.0
9422288,222.0
9422656,225.0
9424944,223.0
9425232,225.0
9425648,224.0
9429232,222.0
9429808,220.0
9430384,221.0
9431312,224.0
9435104,220.0
9435920,226.0
9436640,225.0
9439456,220.0
9439680,184.0
9440240,224.0
9442336,220.0
9442480,220.0
9443536,223.0
9444640,218.0
9445744,225.0
9451792,224.0
9453072,225.0
9454480,226.0
9455856,222.0
9456176,219.0
9456592,226.0
9456688,225.0
9456720,223.0
9457088,228.0
9459184,218.0
9460736,227.0
9461696,222.0
9462656,226.0
9463856,221.0
9464112,221.0
9464496,217.0
9467680,222.0
9468480,58.0
9469728,220.0
9470976,223.0
9471536,222.0
9473360,226.0
9474560,223.0
9474688,220.0
9474768,219.0
9475088,221.0
9475152,222.0
9475648,226.0
9476784,221.0
9477616,223.0
9478352,223.0
9478768,225.0
9480672,229.0
9481408,229.0
9482272,225.0
9488592,220.0
9488848,224.0
9488864,219.0
9490224,224.0
9491536,223.0
9492288,221.0
9492368,219.0
9493504,229.0
9495040,217.0
9495776,225.0
9495872,223.0
9496448,223.0
9496960,215.0
9498272,225.0
9498576,220.0
9499312,220.0
9499376,218.0
9500128,229.0
9501808,220.0
9501840,220.0
9504048,228.0
9508480,226.0
9510032,219.0
9511680,223.0
9514144,224.0
9515488,219.0
9516240,220.0
9516336,164.0
9518848,165.0
9519568,68.0
9519952,223.0
9520224,219.0
9522112,226.0
9522176,217.0
9523488,221.0
9523840,225.0
9528880,227.0
9529696,173.0
9533904,233.0
9534144,219.0
9534224,222.0
9534416,219.0
9536464,160.0
9536688,221.0
9536688,220.0
9536768,224.0
9537296,219.0
9539152,219.0
9540256,217.0
9540304,225.0
9540800,218.0
9541984,217.0
9543808,218.0
9546240,219.0
9546384,228.0
9547904,218.0
9548528,221.0
9549552,221.0
9550848,223.0
9552640,224.0
9553040,217.0
9553456,226.0
9554624,220.0
9555376,218.0
9557984,222.0
9559296,226.0
9560176,54.0
9560528,220.0
9560672,221.0
9560880,225.0
9561616,226.0
9562512,219.0
9564176,228.0
9564256,223.0
9565504,227.0
9567424,220.0
9567824,222.0
9568752,222.0
9568880,228.0
9569312,221.0
9571536,225.0
9571936,223.0
9572304,221.0
9572336,222.0
9572848,220.0
9573072,214.0
9574032,220.0
9575536,224.0
9575904,224.0
9575936,220.0
9576704,222.0
9579472,220.0
9579664,221.0
9581968,222.0
9582496,215.0
9583792,225.0
9585008,221.0
9585424,232.0
9585840,226.0
9585984,217.0
9586512,222.0
9586560,224.0
9586736,223.0
9589136,231.0
9589312,219.0
9592656,221.0
9592816,218.0
9593504,222.0
9597120,225.0
9599248,228.0
9599728,219.0
9599984,216.0
9603616,226.0
9606432,221.0
9607088,229.0
9608128,223.0
9608752,220.0
9609616,222.0
9610416,222.0
9610912,218.0
9612176,219.0
9614480,222.0
9615600,213.0
9618096,225.0
9618512,223.0
9618688,218.0
9619488,222.0
9620576,217.0
9622304,219.0
9622608,223.0
9623184,222.0
9625552,218.0
9625696,219.0
9625760,218.0
9626752,222.0
9629056,218.0
9630208,221.0
9633232,224.0
9633904,220.0
9634384,223.0
9634848,221.0
9635728,221.0
9637424,219.0
9639616,219.0
9640064,221.0
9640816,219.0
9642320,221.0
9644000,224.0
9644656,223.0
9645056,223.0
9645936,225.0
9646656,220.0
9651056,220.0
9651744,223.0
9652144,217.0
9652720,222.0
9652720,220.0
9654512,227.0
9656352,226.0
9657584,224.0
9660208,226.0
9660784,220.0
9663024,221.0
9664528,228.0
9665168,222.0
9665376,220.0
9666608,223.0
9668016,217.0
9668208,217.0
9669632,222.0
9671728,219.0
9672128,226.0
9673232,224.0
9675600,225.0
9679152,221.0
9679520,221.0
9681392,219.0
9682400,221.0
9685760,221.0
9685760,224.0
9685872,218.0
9687472,160.0
9690032,221.0
9691456,224.0
9691664,220.0
9695248,223.0
9698480,223.0
9698912,228.0
9703232,225.0
9703712,222.0
9703760,224.0
9709200,219.0
9709488,222.0
9709584,218.0
9710848,219.0
9713840,223.0
9715056,228.0
9718016,221.0
9721168,225.0
9721888,222.0
9722176,222.0
9723344,224.0
9723584,225.0
9724800,226.0
9725680,222.0
9726224,164.0
9728720,220.0
9729728,223.0
9734816,221.0
9736368,220.0
9738816,220.0
9740192,226.0
9740688,226.0
9742624,220.0
9742720,223.0
9743200,227.0
9744384,221.0
9745584,221.0
9746768,222.0
9747600,226.0
9748352,219.0
9750544,216.0
9754304,225.0
9756368,222.0
9760176,222.0
9761808,220.0
9764000,211.0
9765248,221.0
9766144,221.0
9767184,219.0
9767408,220.0
9770976,222.0
9771264,222.0
9772416,221.0
9774336,222.0
9774864,221.0
9776016,224.0
9777952,225.0
9778368,224.0
9779376,227.0
9780080,222.0
9783200,222.0
9783872,219.0
9785424,228.0
9786784,223.0
9787184,225.0
9788496,227.0
9790208,224.0
9790352,222.0
9790656,218.0
9790752,222.0
9790976,225.0
9791168,233.0
9792592,222.0
9793024,225.0
9793872,219.0
9793904,230.0
9794720,221.0
9795888,220.0
9797440,222.0
9797792,223.0
9798000,218.0
9798976,52.0
9799616,217.0
9801520,219.0
9802576,221.0
9803216,224.0
9803504,226.0
9808128,221.0
9809824,220.0
9810832,225.0
9811632,218.0
9813664,224.0
9814064,223.0
9814400,233.0
9815168,220.0
9815344,226.0
9815568,226.0
9815776,223.0
9815856,225.0
9815952,226.0
9817040,221.0
9818832,217.0
9819408,226.0
9819584,226.0
9820656,225.0
9822784,212.0
9824784,221.0
9825072,223.0
9826080,221.0
9826576,223.0
9826592,218.0
9827600,224.0
9827984,225.0
9828656,223.0
9830128,224.0
9831280,229.0
9831632,225.0
9831904,222.0
9833232,223.0
9833328,228.0
9833488,220.0
9833840,221.0
9834848,222.0
9835712,221.0
9838448,221.0
9839600,222.0
9840848,224.0
9842048,218.0
9843168,222.0
9843776,218.0
9843840,221.0
9845552,218.0
9846224,225.0
9849232,220.0
9850192,224.0
9850240,224.0
9851136,230.0
9852800,222.0
9853104,226.0
9853712,219.0
9859840,225.0
9859952,221.0
9861120,228.0
9861776,217.0
9863888,224.0
9864128,225.0
9864272,219.0
9865264,217.0
9865568,217.0
9866016,224.0
9866688,224.0
9867792,219.0
9873024,226.0
9873168,223.0
9874192,223.0
9874576,219.0
9877776,223.0
9878048,222.0
9879840,224.0
9880128,218.0
9880304,221.0
9880768,220.0
9881648,224.0
9881888,233.0
9885072,227.0
9886096,223.0
9888144,232.0
9892112,219.0
9894032,221.0
9895184,220.0
9896480,221.0
9898336,220.0
9898800,225.0
9898992,223.0
9901184,222.0
9903104,219.0
9903632,228.0
9904064,225.0
9910304,226.0
9910672,217.0
9913200,224.0
9913216,224.0
9913440,226.0
9915392,223.0
9916048,224.0
9916128,225.0
9916960,219.0
9918304,220.0
9920304,222.0
9920464,224.0
9920576,225.0
9921056,220.0
9921968,228.0
9924144,219.0
9927616,226.0
9928032,220.0
9930224,223.0
9930448,225.0
9931296,218.0
9932544,225.0
9932656,219.0
9934880,218.0
9935680,227.0
9936848,225.0
9938368,217.0
9939184,224.0
9939520,220.0
9940272,223.0
9942544,224.0
9943888,220.0
9944128,221.0
9945536,215.0
9947696,222.0
9949088,221.0
9949904,225.0
9950096,218.0
9950656,223.0
9951168,224.0
9951728,223.0
9954400,221.0
9954464,63.0
9954784,225.0
9957792,220.0
9958016,225.0
9958832,224.0
9959728,221.0
9960944,221.0
9960960,224.0
9963328,224.0
9964480,220.0
9964832,221.0
9965248,222.0
9965472,225.0
9966912,219.0
9968048,222.0
9969024,221.0
9971456,128.0
9971552,218.0
9973840,218.0
9974448,116.0
9975984,217.0
9978592,224.0
9979168,222.0
9979552,222.0
9981248,223.0
9981248,220.0
9982400,222.0
9983088,220.0
9983264,224.0
9983968,227.0
9984848,224.0
9986080,218.0
9986832,222.0
9988064,219.0
9988256,217.0
9988336,224.0
9990432,224.0
9991728,216.0
9993104,223.0
9993792,221.0
9994016,223.0
