step,value
320,0.0723538026213646
384,0.06541892141103745
688,0.0751265436410904
688,0.05939244478940964
816,0.08645201474428177
864,0.05897116661071777
960,0.08882737904787064
1040,0.06839469820261002
1248,0.054477956146001816
1264,0.07748761028051376
1344,0.06336706131696701
1472,0.06830605119466782
1584,0.06409081816673279
1744,0.08491136133670807
1904,0.07731378078460693
1968,0.07154034823179245
2096,0.07647018134593964
2192,0.0773492231965065
2336,0.07803826034069061
2464,0.07555681467056274
2560,0.0876043438911438
2672,0.06151194125413895
2688,0.07974550873041153
2976,0.07407697290182114
3008,0.06638321280479431
3008,0.07419219613075256
3184,0.07860913872718811
3504,0.06241689622402191
3552,0.05934532731771469
3808,0.07478876411914825
3872,0.05800928175449371
3904,0.05108048766851425
4016,0.07963640987873077
4080,0.07528553158044815
4096,0.07495374977588654
4224,0.07656042277812958
4336,0.0636373907327652
4480,0.0851309597492218
4576,0.09633532166481018
4624,0.07835139334201813
4800,0.058882515877485275
4912,0.06459363549947739
5264,0.06698541343212128
5312,0.063487708568573
5520,0.07727500051259995
5616,0.07250005751848221
5664,0.060069337487220764
5920,0.06627122312784195
5984,0.06587929278612137
6000,0.062162794172763824
6032,0.06627844274044037
6112,0.07783963531255722
6144,0.07936771214008331
6208,0.07433638721704483
6272,0.0829409584403038
6352,0.06648419052362442
6496,0.0565904900431633
6688,0.06052880361676216
6992,0.05644300952553749
7232,0.08142296224832535
7232,0.09527791291475296
7696,0.07036503404378891
7760,0.078387051820755
8016,0.1016835942864418
8304,0.06563398241996765
8336,0.09413798898458481
8496,0.07584743201732635
8528,0.07420961558818817
8976,0.05535378307104111
9072,0.06550607085227966
9248,0.08526796847581863
9264,0.06529805064201355
9344,0.08985529094934464
9472,0.07350822538137436
9488,0.0725005716085434
9744,0.06004083901643753
10112,0.09696751832962036
10272,0.08173706382513046
10320,0.07348550856113434
10400,0.08141665905714035
10416,0.0941954031586647
10544,0.07691390812397003
10736,0.044916559010744095
10864,0.07556945085525513
10960,0.09332070499658585
11184,0.07418262213468552
11328,0.08148854225873947
11328,0.07567866146564484
11376,0.07744701951742172
11520,0.06479675322771072
11664,0.05017877742648125
11728,0.07221084833145142
11888,0.09552736580371857
12112,0.0666147992014885
12192,0.08240353316068649
12448,0.08047697693109512
12624,0.08378050476312637
12752,0.06295541673898697
13168,0.0802694633603096
13376,0.06263615190982819
13440,0.08608634024858475
13488,0.07409023493528366
13680,0.07615049928426743
13872,0.08409450203180313
14128,0.09571859985589981
14256,0.0791550800204277
14432,0.048976242542266846
14656,0.05470767989754677
14848,0.05582461506128311
14880,0.0960136204957962
14976,0.07421232759952545
15296,0.08639948815107346
15376,0.08919689059257507
15584,0.06738477945327759
15744,0.07480349391698837
15760,0.07294844835996628
16112,0.07899061590433121
16272,0.08149311691522598
16304,0.06166082248091698
16512,0.06357651203870773
16544,0.06319477409124374
16560,0.06512688845396042
16784,0.0698694959282875
16944,0.08149784803390503
17328,0.06444296985864639
17424,0.08516101539134979
17536,0.049371007829904556
17744,0.06566435843706131
17792,0.0749843567609787
17792,0.06520393490791321
17824,0.0926516130566597
17856,0.10310012102127075
18064,0.0883689671754837
18176,0.058935005217790604
18240,0.06705933809280396
18640,0.06741102784872055
18784,0.06351582705974579
19232,0.09848333150148392
19264,0.07396575063467026
19296,0.08365007489919662
19344,0.08774041384458542
19376,0.06489375978708267
19744,0.07689065486192703
19920,0.06679977476596832
20032,0.07604009658098221
20144,0.07035236805677414
20496,0.08503809571266174
20560,0.06319231539964676
20608,0.09788926690816879
20816,0.08281339704990387
20896,0.07938243448734283
21008,0.059232357889413834
21136,0.07170332223176956
21200,0.0646417886018753
21216,0.06426012516021729
21296,0.05546151101589203
21520,0.06174526736140251
21712,0.07419542223215103
22048,0.05190553143620491
22192,0.079776331782341
22448,0.05165310949087143
22480,0.07957393676042557
22784,0.07425232976675034
22912,0.06634521484375
23024,0.07895785570144653
23072,0.06463149189949036
23072,0.06216014176607132
23104,0.05790471285581589
23168,0.07536527514457703
23504,0.07876512408256531
23520,0.06263184547424316
23520,0.07513558864593506
23568,0.08520746976137161
23648,0.07109323889017105
23712,0.06498954445123672
23744,0.06613651663064957
24000,0.054912351071834564
24032,0.06359288841485977
24336,0.08924209326505661
24448,0.0792345181107521
24480,0.05953586474061012
24512,0.07857628166675568
24624,0.06414278596639633
24704,0.06413862854242325
24976,0.0597393736243248
25120,0.05694953352212906
25328,0.0745575949549675
25504,0.08793366700410843
25648,0.06974882632493973
25744,0.07743969559669495
25792,0.05227542668581009
26032,0.07793069630861282
26368,0.07827617228031158
26432,0.06794799864292145
26656,0.08411772549152374
26832,0.06692317128181458
27088,0.07364942133426666
27088,0.07467219978570938
27360,0.07415477186441422
27424,0.06348778307437897
27488,0.07726429402828217
27568,0.07664530724287033
27840,0.07461602240800858
28096,0.05932481214404106
28256,0.08428771048784256
28336,0.08378831297159195
28704,0.06161666288971901
28704,0.07079432159662247
28848,0.07349926233291626
28848,0.07910139113664627
28976,0.07421638071537018
29280,0.08947736024856567
29296,0.0851549357175827
29296,0.07422397285699844
29504,0.062094803899526596
29552,0.051829613745212555
29600,0.07403077930212021
29648,0.07420772314071655
29648,0.08161785453557968
29792,0.06845607608556747
29952,0.06267528980970383
30144,0.05534059554338455
30256,0.0760350152850151
30272,0.047568365931510925
30576,0.0943966656923294
30608,0.07417521625757217
31040,0.09600239992141724
31120,0.08016370981931686
31344,0.062259383499622345
31664,0.06531642377376556
31856,0.08704782277345657
32240,0.0734330266714096
32288,0.07388259470462799
32640,0.08326102048158646
32800,0.06627344340085983
32976,0.09456712007522583
33088,0.07119854539632797
33440,0.07595662772655487
33760,0.07398901879787445
34256,0.0896221175789833
34320,0.08492355048656464
34480,0.09577681124210358
35008,0.06319423019886017
35024,0.06469333916902542
35152,0.05517047643661499
35312,0.07485119998455048
35936,0.06671585142612457
35968,0.0741763561964035
35968,0.07818669825792313
36032,0.08041262626647949
36096,0.08569683879613876
36144,0.06992385536432266
36208,0.0672612190246582
36240,0.06590904295444489
36288,0.0761893019080162
36592,0.07031609117984772
36624,0.07652854174375534
36752,0.08210810273885727
36816,0.06368301063776016
37104,0.065789595246315
37616,0.08219379931688309
37616,0.08445782959461212
37792,0.08477099239826202
37840,0.07947972416877747
37856,0.07506601512432098
38032,0.06570978462696075
38160,0.07140032947063446
38192,0.09034176170825958
38256,0.08068954199552536
38288,0.07615874707698822
38384,0.06362351030111313
38640,0.07522588223218918
38720,0.07564340531826019
38816,0.0604182630777359
38864,0.06493409723043442
39360,0.07735598832368851
39440,0.06508078426122665
39472,0.08472513407468796
39600,0.07718829065561295
39760,0.06269285082817078
39856,0.07986656576395035
39872,0.0663263276219368
39872,0.06455390155315399
40048,0.074238620698452
40096,0.08777275681495667
40144,0.0703774243593216
40448,0.07804565131664276
40528,0.08965598046779633
40912,0.07525519281625748
40992,0.09573513269424438
41024,0.07211355119943619
41040,0.09707200527191162
41536,0.07165282964706421
41632,0.08120754361152649
42128,0.06623154878616333
42304,0.05015692859888077
42416,0.07727104425430298
42576,0.07401461154222488
42720,0.07836201786994934
42736,0.07505546510219574
42768,0.06204792857170105
43056,0.0647898018360138
43056,0.08129438757896423
43248,0.06813523918390274
43376,0.08264772593975067
43456,0.06377474218606949
43648,0.07964731007814407
43744,0.08077441900968552
43776,0.08068931847810745
43840,0.06157223507761955
43904,0.09258061647415161
43952,0.08387818932533264
44096,0.07416435331106186
44144,0.08731182664632797
44192,0.0841047465801239
44256,0.0774955078959465
44288,0.07272982597351074
44352,0.07377226650714874
44368,0.07547715306282043
44416,0.08129208534955978
44544,0.07020846754312515
44560,0.07630755752325058
44608,0.07019074261188507
44832,0.0633937418460846
44992,0.103150874376297
45104,0.07856736332178116
45296,0.0754176676273346
45312,0.07556620240211487
45344,0.06416363269090652
45456,0.06272773444652557
45472,0.08304660022258759
45568,0.09450674802064896
45776,0.0764642208814621
45808,0.0578002892434597
45936,0.0734715685248375
45952,0.08512046933174133
45968,0.059423673897981644
46096,0.06386462599039078
46112,0.05963466316461563
46480,0.07538837939500809
47056,0.07343185693025589
47328,0.05985609069466591
47344,0.07185202091932297
47440,0.07002481073141098
47440,0.06173522025346756
47632,0.06441308557987213
47664,0.06560912728309631
47744,0.08046691864728928
47776,0.0653059333562851
47840,0.07429524511098862
47920,0.04441504180431366
48160,0.09692919254302979
48240,0.08372002840042114
48304,0.06398200243711472
48320,0.07906043529510498
48448,0.0667683482170105
48480,0.07505211234092712
48560,0.09239982813596725
48640,0.07425997406244278
48752,0.08293868601322174
48784,0.09967280924320221
48816,0.059772152453660965
48896,0.06414873152971268
49120,0.05873369053006172
49184,0.07860607653856277
49440,0.08969796448945999
49456,0.0749741643667221
49680,0.06742291897535324
49952,0.08700952678918839
50320,0.07875766605138779
50352,0.08048185706138611
50480,0.08130649477243423
50576,0.07682430744171143
50944,0.05757444351911545
50976,0.07694380730390549
50976,0.059961698949337006
51024,0.08475138992071152
51248,0.07587291300296783
51600,0.09116262197494507
51776,0.07993825525045395
51792,0.07884830981492996
52032,0.06493104994297028
52096,0.07547585666179657
52208,0.05854277312755585
52320,0.10910850763320923
52384,0.06652853637933731
52576,0.07056868076324463
52688,0.05570773407816887
53088,0.07419275492429733
53184,0.08853083848953247
53264,0.08003683388233185
53296,0.06972198188304901
53728,0.09609323740005493
53984,0.06414395570755005
54144,0.07827763259410858
54336,0.09117402881383896
54352,0.08504553884267807
54400,0.08500129729509354
54416,0.0850859209895134
54544,0.07400675863027573
54624,0.06934424489736557
54656,0.08005093038082123
54752,0.08669820427894592
54848,0.07608015090227127
54928,0.0783500149846077
55040,0.06831678003072739
55168,0.08497896045446396
55264,0.09725120663642883
55360,0.10051234066486359
55504,0.09845656901597977
55520,0.07674869894981384
55696,0.042885005474090576
55792,0.08502030372619629
55824,0.06594759970903397
56096,0.08912484347820282
56144,0.059146467596292496
56560,0.09592807292938232
56688,0.09502631425857544
56784,0.07051034271717072
56848,0.0787217766046524
56864,0.06453421711921692
57056,0.08568745851516724
57072,0.07426175475120544
57280,0.08511944860219955
57664,0.07825418561697006
57760,0.06266874819993973
57872,0.07420837134122849
58064,0.07131816446781158
58656,0.07109921425580978
59184,0.07793251425027847
59312,0.09555064141750336
59600,0.07994768023490906
60512,0.08571983128786087
60832,0.0780453011393547
60912,0.0788717269897461
60960,0.0931142047047615
61200,0.050429992377758026
61216,0.08075528591871262
61344,0.07006537914276123
61776,0.08789430558681488
62144,0.08353511989116669
62560,0.09483881294727325
62928,0.09773512929677963
63232,0.10151033848524094
63264,0.07418268918991089
63872,0.06284087151288986
63920,0.06644235551357269
64048,0.05281835049390793
64256,0.10648209601640701
64384,0.05394573509693146
64816,0.09628330916166306
65248,0.06631968915462494
65392,0.08193937689065933
65552,0.0637897402048111
65616,0.06581979990005493
65632,0.09851671010255814
65952,0.0856899619102478
66032,0.07912898063659668
66128,0.0644960105419159
66272,0.060857389122247696
66368,0.06755945086479187
66480,0.07613392919301987
66624,0.08247102051973343
66656,0.06742638349533081
66672,0.08206462115049362
66832,0.06418129056692123
66912,0.06859792023897171
67376,0.07762163132429123
67456,0.06100422143936157
67504,0.07871568202972412
67536,0.11343663930892944
67760,0.07718838006258011
67952,0.10559709370136261
68032,0.08171215653419495
68176,0.07353191822767258
68304,0.061381470412015915
68352,0.06816700100898743
68368,0.07060303539037704
68656,0.08059421181678772
68672,0.08773159980773926
68688,0.10489903390407562
68752,0.0731770396232605
68960,0.06447097659111023
69056,0.07345115393400192
69376,0.07735858857631683
69424,0.07157111167907715
69440,0.0834357962012291
69872,0.05906191095709801
69952,0.059636443853378296
70336,0.09442654252052307
70432,0.0734039917588234
70512,0.08905349671840668
70624,0.09104867279529572
70704,0.054951515048742294
70992,0.0473693422973156
71104,0.035664867609739304
71328,0.08563173562288284
71504,0.07311026751995087
71568,0.07629026472568512
71568,0.06607979536056519
71616,0.05659765005111694
71680,0.05864209681749344
71984,0.0742684006690979
72048,0.08512286096811295
72064,0.06707672029733658
72528,0.05443421006202698
72800,0.0748368501663208
72944,0.09123942255973816
72976,0.056409187614917755
73408,0.064209945499897
73552,0.07863850891590118
73648,0.08503860980272293
74544,0.05339748412370682
74592,0.053769953548908234
74784,0.07077085226774216
74976,0.08402618765830994
75024,0.06584174185991287
75136,0.06113652139902115
75216,0.057521939277648926
75696,0.0566193088889122
75712,0.0945749282836914
75936,0.09249864518642426
76832,0.07648927718400955
77104,0.0727185308933258
77200,0.07884088903665543
77264,0.06461313366889954
77504,0.07338978350162506
77936,0.0829106941819191
78272,0.06805593520402908
78656,0.08351301401853561
78672,0.07417314499616623
79120,0.08518799394369125
79120,0.08072548359632492
79136,0.0923059731721878
79312,0.06492741405963898
79568,0.08184165507555008
79632,0.08722005784511566
79840,0.07539927214384079
79952,0.07344917207956314
80176,0.09198351949453354
80256,0.0748906210064888
80336,0.05735770985484123
80416,0.0629272609949112
80432,0.0775231197476387
80640,0.10455083101987839
80672,0.074103444814682
80768,0.06456305831670761
80896,0.09628414362668991
81072,0.08971807360649109
81184,0.08914826065301895
81632,0.061864327639341354
81840,0.07516936212778091
82064,0.09061465412378311
82480,0.10024750232696533
82576,0.06512972712516785
82736,0.07893874496221542
83168,0.09623111039400101
83232,0.07731343805789948
83584,0.07892128080129623
83632,0.07594109326601028
83648,0.0787745788693428
83664,0.0679362416267395
83712,0.07217337936162949
84272,0.09272351115942001
84496,0.10208210349082947
84512,0.07329432666301727
84608,0.0819467157125473
85200,0.07798956334590912
85632,0.07108588516712189
85632,0.08184315264225006
85792,0.07414226233959198
85952,0.08139452338218689
86304,0.07400117069482803
86320,0.060640159994363785
86368,0.07716770470142365
86480,0.08195318281650543
86576,0.08441973477602005
86832,0.08660750836133957
87632,0.09668537974357605
87664,0.08657240867614746
87952,0.07489094883203506
88288,0.05623716115951538
88352,0.07493104785680771
88496,0.08959855139255524
88640,0.09484527260065079
88640,0.08032909035682678
88800,0.1187279149889946
89392,0.06655394285917282
89648,0.09649060666561127
90128,0.08787496387958527
90384,0.07502853870391846
90448,0.08806879818439484
90864,0.07889540493488312
91088,0.07939624041318893
91376,0.07962213456630707
91392,0.06186063960194588
91424,0.09115485846996307
91888,0.10681524872779846
92608,0.08880878239870071
92896,0.08424331992864609
93472,0.06969688832759857
93616,0.07941219955682755
93632,0.10781734436750412
93648,0.07295355945825577
93680,0.0812847763299942
93792,0.07580433785915375
94144,0.0839288979768753
94304,0.0759434849023819
94384,0.06964076310396194
95456,0.06519141793251038
95648,0.0802328810095787
95824,0.1036965399980545
95840,0.059719301760196686
96544,0.0784621313214302
96560,0.08897138386964798
97568,0.09975109994411469
97968,0.10923111438751221
98880,0.07033327221870422
98976,0.07731460779905319
99584,0.09482632577419281
100512,0.07397504895925522
100720,0.09077487885951996
101056,0.06687793880701065
101264,0.08405198156833649
101280,0.0653628408908844
101584,0.07551415264606476
101664,0.0879032090306282
102096,0.0866047814488411
102224,0.0960349291563034
102544,0.10221395641565323
102544,0.06330722570419312
102576,0.07414650917053223
102592,0.07169868052005768
102976,0.08733712881803513
103152,0.0740116611123085
104208,0.07232056558132172
104304,0.07978840172290802
104736,0.07404888421297073
105040,0.08963432908058167
105136,0.07490255683660507
105200,0.1013542041182518
105760,0.07398393005132675
105840,0.09911320358514786
105952,0.07715079933404922
106192,0.06109071522951126
106656,0.10373806953430176
106880,0.09050653129816055
107760,0.08975816518068314
107920,0.08105867356061935
108048,0.10600309818983078
108128,0.08551806956529617
108416,0.11634515225887299
108576,0.10039111226797104
108928,0.10556122660636902
109104,0.08064853399991989
109216,0.09550152719020844
109392,0.08563847839832306
109472,0.10513708740472794
109504,0.06858745962381363
109696,0.07532992213964462
110336,0.0731888934969902
110432,0.07221411913633347
110432,0.07285907119512558
110768,0.05805373191833496
111584,0.06498585641384125
111952,0.10055147856473923
112000,0.10003998130559921
112256,0.10290752351284027
112352,0.1032734289765358
112352,0.07744963467121124
112560,0.10122541338205338
112736,0.09970130771398544
112752,0.07366601377725601
113472,0.0982392430305481
114336,0.08699562400579453
114736,0.09563397616147995
115104,0.06746774166822433
115248,0.08265670388936996
115824,0.07087308168411255
115968,0.10407913476228714
116000,0.08803017437458038
116704,0.06829924136400223
116800,0.09265359491109848
117584,0.08044753968715668
117984,0.10750409215688705
118016,0.1046111211180687
118304,0.10572006553411484
118464,0.06413746625185013
118656,0.08017166703939438
118720,0.060086440294981
118912,0.10531587153673172
119152,0.08342213928699493
119392,0.07564450800418854
119824,0.07255005836486816
120224,0.10327515751123428
120384,0.09852840006351471
120432,0.09731865674257278
120896,0.11061663925647736
121296,0.08925796300172806
121552,0.08898349851369858
121808,0.07772979140281677
121984,0.05819249525666237
122160,0.10821089148521423
122224,0.10174139589071274
122320,0.09036701172590256
122496,0.06815576553344727
122688,0.08257712423801422
122768,0.10638593882322311
123008,0.0639730766415596
123104,0.07341191172599792
123216,0.08521536737680435
123376,0.07083621621131897
123584,0.1013500988483429
123600,0.06065663322806358
123760,0.06881516426801682
123856,0.09748531132936478
123872,0.09449868649244308
124144,0.07563123106956482
124800,0.09894336760044098
125152,0.12199502438306808
125424,0.09744108468294144
125888,0.08061613142490387
126304,0.057742685079574585
128128,0.10512513667345047
128176,0.08717013150453568
128432,0.12129604816436768
128960,0.09580496698617935
128976,0.094081349670887
129136,0.08522892743349075
129344,0.10242211073637009
130144,0.10682103782892227
130672,0.08749718219041824
131104,0.10097319632768631
131472,0.10408623516559601
131696,0.10451410710811615
134032,0.08427103608846664
134304,0.09636695683002472
134864,0.07226244360208511
135680,0.10652855038642883
136720,0.10660865902900696
136944,0.10133152455091476
137104,0.07212718576192856
137216,0.09803731739521027
138064,0.09165652096271515
139328,0.08767658472061157
139376,0.095278799533844
139744,0.08449781686067581
140192,0.11246033757925034
140208,0.0943247526884079
140256,0.0675114318728447
140384,0.10735360532999039
140432,0.10247083008289337
140480,0.10068070143461227
141488,0.09456128627061844
141648,0.1109074279665947
141840,0.10010185092687607
141952,0.10579420626163483
142096,0.10946835577487946
143200,0.10695885121822357
143392,0.09531527757644653
143680,0.10408245027065277
143808,0.09235545992851257
143984,0.11220953613519669
144880,0.09016896784305573
145232,0.08382903039455414
145808,0.11834029853343964
146128,0.11913388222455978
146384,0.10517135262489319
146384,0.09239742159843445
146480,0.1075807735323906
146880,0.07971426844596863
147600,0.09220362454652786
149760,0.09957130998373032
149904,0.1065998375415802
149936,0.09440049529075623
150096,0.10711955279111862
150256,0.0718153715133667
151040,0.09196735173463821
151168,0.10942332446575165
151360,0.0782223790884018
151552,0.09076627343893051
151792,0.0997212752699852
151920,0.1199086382985115
152080,0.07289484143257141
152384,0.11036361753940582
152512,0.10953209549188614
153024,0.09523745626211166
153584,0.10380002856254578
153680,0.09052164852619171
154224,0.08335211127996445
155088,0.09380113333463669
155184,0.1119285449385643
156624,0.06036172807216644
156848,0.10461343824863434
157136,0.0869729146361351
157200,0.10343795269727707
158416,0.07643188536167145
158928,0.107728511095047
160448,0.08083385974168777
161168,0.09726893901824951
161696,0.10490228980779648
161904,0.10294391959905624
162000,0.09295184910297394
162768,0.10874160379171371
162832,0.10424096137285233
163104,0.1103503629565239
163424,0.07425649464130402
163792,0.10244995355606079
164128,0.0626770406961441
164656,0.10103888064622879
164704,0.11365840584039688
165136,0.11182578653097153
166000,0.10166610032320023
166416,0.10216329246759415
166544,0.08421768248081207
166736,0.09516192972660065
167264,0.09460622072219849
168320,0.10333389043807983
168512,0.09908915311098099
169232,0.10358113050460815
169520,0.08196602016687393
170112,0.09448625892400742
171584,0.09909571707248688
171984,0.0826549157500267
172320,0.08465386927127838
172688,0.1161094605922699
173648,0.11322135478258133
173760,0.11686929315328598
174096,0.11537756770849228
174560,0.08161410689353943
175344,0.09386996179819107
175840,0.09759153425693512
176208,0.12012489140033722
176896,0.07815797626972198
178864,0.08084437996149063
179072,0.1000785157084465
179264,0.10388120263814926
179904,0.11927923560142517
180880,0.0753660723567009
181792,0.09263411164283752
183936,0.10085710138082504
184048,0.1136246994137764
184240,0.07802548259496689
184368,0.06886789202690125
184432,0.1100836917757988
185136,0.1011260449886322
185168,0.09385388344526291
185456,0.07424881309270859
185952,0.11508303880691528
186432,0.09561667591333389
187312,0.10128658264875412
187552,0.08908477425575256
188752,0.1030244529247284
188960,0.09926975518465042
190912,0.1117580384016037
192432,0.0919872373342514
192768,0.11333128809928894
193056,0.11544989794492722
194304,0.11824589967727661
195216,0.0914304181933403
196960,0.0991055965423584
197456,0.10414945334196091
197552,0.09214809536933899
199216,0.09987305104732513
199312,0.11721184849739075
200336,0.0944824367761612
200592,0.12316986173391342
202512,0.06442016363143921
203328,0.06929203867912292
203648,0.08103049546480179
203664,0.10649360716342926
203744,0.10072170197963715
203888,0.10523428022861481
204080,0.11531276255846024
204384,0.09404291957616806
205104,0.08755166828632355
205120,0.11926437169313431
206624,0.10892336070537567
208288,0.09109771996736526
209680,0.07639330625534058
209712,0.0750914216041565
210384,0.09785912930965424
210848,0.11310417205095291
211280,0.09537682682275772
211552,0.1030091717839241
211840,0.08295930922031403
213344,0.09712155163288116
214000,0.1059386134147644
214880,0.10108757764101028
214928,0.11701635271310806
215040,0.11427585780620575
215088,0.10482640564441681
216048,0.10674352198839188
217360,0.11446237564086914
217552,0.12524834275245667
219024,0.09961652755737305
220464,0.10323991626501083
221568,0.11885044723749161
222112,0.10379620641469955
222864,0.08348526805639267
224224,0.09341380000114441
224240,0.10346031188964844
225120,0.11274076998233795
225376,0.11325322091579437
225888,0.08889961987733841
225936,0.10250535607337952
226624,0.09617117792367935
227216,0.06934195011854172
227472,0.0977831706404686
229168,0.11512917280197144
230144,0.10733696073293686
230432,0.10080009698867798
230784,0.11063162237405777
230864,0.11246863007545471
231712,0.12047494947910309
233408,0.10590724647045135
233456,0.11547695100307465
233712,0.09767745435237885
234032,0.1185956820845604
234048,0.07484053075313568
234448,0.12560045719146729
234448,0.06193764507770538
234784,0.08696441352367401
235360,0.11243395507335663
236976,0.11761784553527832
238320,0.1141347661614418
238928,0.12094538658857346
240800,0.11992232501506805
241184,0.12086977809667587
241824,0.12250681221485138
242640,0.12078943848609924
242720,0.11354758590459824
243280,0.11879634112119675
243760,0.10628927499055862
244240,0.12059183418750763
246992,0.0981314480304718
247296,0.11085884273052216
250576,0.11678808927536011
250720,0.12418938428163528
250912,0.11026762425899506
251552,0.1000310555100441
252112,0.11387548595666885
252192,0.11873982101678848
252688,0.05831604450941086
253168,0.11619683355093002
254608,0.10306525230407715
254736,0.11216060817241669
255344,0.11666037142276764
255376,0.10414621978998184
256688,0.12346886843442917
257792,0.11963863670825958
258224,0.1185225173830986
259360,0.11114226281642914
261216,0.1256919801235199
261440,0.11977172642946243
261552,0.12367236614227295
262416,0.12473531812429428
262576,0.06186743453145027
263680,0.10023380815982819
263744,0.10664157569408417
263856,0.1033397763967514
267168,0.10220636427402496
268448,0.12067177146673203
268816,0.10434763878583908
269712,0.11997463554143906
270208,0.11304470896720886
270656,0.10980618000030518
273024,0.10886009782552719
273312,0.12459972500801086
273520,0.11440848559141159
276880,0.12206373363733292
277136,0.10915134102106094
277776,0.09972383826971054
277904,0.1075536385178566
278432,0.1254987120628357
279440,0.11976354569196701
279584,0.120089091360569
282336,0.09746532887220383
284992,0.12114568799734116
285568,0.09440850466489792
288176,0.10489865392446518
290144,0.12169279903173447
290544,0.08122361451387405
290624,0.1237129271030426
290928,0.12933513522148132
291728,0.12594109773635864
293728,0.12369876354932785
294112,0.10039317607879639
294912,0.1179744303226471
296320,0.1270620971918106
298208,0.08548198640346527
299648,0.10965579003095627
299696,0.058438509702682495
300416,0.11766807734966278
300960,0.1222791001200676
302144,0.11881796270608902
302288,0.12182877212762833
302672,0.1071866974234581
304176,0.10688481479883194
304576,0.11592107266187668
306320,0.11758143454790115
307968,0.08713697642087936
308992,0.09875985980033875
309792,0.12471824139356613
309920,0.12548619508743286
310720,0.08814513683319092
312384,0.1264239251613617
312400,0.12413806468248367
312544,0.1195886880159378
312960,0.12093512713909149
313392,0.09872537106275558
314576,0.09117477387189865
314688,0.12127011269330978
316112,0.1238807737827301
316432,0.11747341603040695
317072,0.10199017077684402
317280,0.11563537269830704
317760,0.11642874777317047
317904,0.11261503398418427
318256,0.07773146778345108
320992,0.11922803521156311
322752,0.12329433858394623
323424,0.11358711123466492
324064,0.11432349681854248
324128,0.12322193384170532
325376,0.12467760592699051
326432,0.11962258070707321
328016,0.12668508291244507
328752,0.11934832483530045
329040,0.11459015309810638
330032,0.12570326030254364
330304,0.10756465792655945
330416,0.10697668045759201
331088,0.1066037192940712
332336,0.1171061247587204
334336,0.1094609797000885
334800,0.10027001053094864
334800,0.06644779443740845
334816,0.11822788417339325
335872,0.12071339040994644
337376,0.11757504194974899
338592,0.1234680786728859
340608,0.09852348268032074
342064,0.12254193425178528
343488,0.1079421266913414
345664,0.09348112344741821
345952,0.12147323787212372
346688,0.12212945520877838
347664,0.10790055245161057
348384,0.12289267778396606
349872,0.11838092654943466
352352,0.10993804037570953
354096,0.12145642191171646
354960,0.12249951809644699
355440,0.1185811385512352
355872,0.11136318743228912
357952,0.12098526954650879
359664,0.068687304854393
359872,0.11317821592092514
360864,0.10455621033906937
361680,0.12316364794969559
362432,0.09463328123092651
362816,0.10474402457475662
363456,0.10628708451986313
364800,0.12696191668510437
365440,0.11632274836301804
366256,0.1192113384604454
367232,0.11619488149881363
367472,0.11580385267734528
368224,0.11602634191513062
368864,0.12696819007396698
369344,0.12101006507873535
370272,0.12171328812837601
372528,0.11416473984718323
372624,0.12954162061214447
372720,0.11330397427082062
372944,0.10312847048044205
373424,0.11941871792078018
375984,0.12007103860378265
376560,0.11811913549900055
379616,0.12424448132514954
379648,0.11149751394987106
380160,0.12104729562997818
381104,0.12419656664133072
381552,0.1243312880396843
382640,0.12628746032714844
383200,0.11405663937330246
383776,0.12036982923746109
384064,0.10904677957296371
385264,0.11847677081823349
386224,0.12407045066356659
386544,0.09492002427577972
387296,0.08662640303373337
387984,0.1120937392115593
388160,0.11153427511453629
390656,0.10917042195796967
390864,0.1079767718911171
392032,0.11665692180395126
393152,0.11636446416378021
394384,0.1253463625907898
397520,0.12157174944877625
398864,0.12699401378631592
400848,0.11872891336679459
401136,0.12366916239261627
403152,0.12093345820903778
403968,0.08873309940099716
404992,0.1099039763212204
405584,0.08576051145792007
406592,0.1127464771270752
406656,0.11455398052930832
407024,0.1059098020195961
407360,0.1264714151620865
408016,0.1232096329331398
408720,0.09189771860837936
408912,0.10554123669862747
409264,0.08791240304708481
409568,0.10074050724506378
411008,0.09439889341592789
411728,0.10939835011959076
411776,0.11612772941589355
411792,0.12191412597894669
411888,0.11045476049184799
412944,0.09832068532705307
413808,0.1182992234826088
414496,0.12024330347776413
414512,0.12187038362026215
417984,0.10877174139022827
417984,0.1074538379907608
418256,0.08413133025169373
419456,0.12673264741897583
420832,0.11598753929138184
421552,0.1209745854139328
422592,0.11665298789739609
423168,0.11249136179685593
424240,0.11900996416807175
425040,0.1229444369673729
425056,0.12616434693336487
426304,0.1219702661037445
426928,0.1199602410197258
427216,0.12349800020456314
428384,0.1068970188498497
430624,0.11780034005641937
430864,0.11594593524932861
431520,0.11489148437976837
432352,0.12303368002176285
432928,0.11690323054790497
433024,0.1219516322016716
433424,0.11438062787055969
434912,0.11668460816144943
437200,0.1180325374007225
437280,0.1148204356431961
437552,0.08221977204084396
438640,0.11139347404241562
439072,0.11459066718816757
439120,0.09790564328432083
439568,0.12024994194507599
440064,0.10041145980358124
441712,0.11899436265230179
441824,0.10384322702884674
442384,0.11888709664344788
442704,0.0918130874633789
442736,0.11856307089328766
444048,0.07978692650794983
444304,0.11730800569057465
446336,0.11785604804754257
446800,0.09947355836629868
447856,0.10973185300827026
448016,0.10650983452796936
449120,0.10099147260189056
450304,0.11755769699811935
451504,0.09797155857086182
451904,0.12286078929901123
452208,0.12168483436107635
452432,0.1030401661992073
452768,0.12048373371362686
453152,0.12356448918581009
455856,0.1157059445977211
456288,0.0885080024600029
457264,0.108372263610363
458352,0.11291176825761795
458656,0.12242114543914795
458784,0.11710894107818604
459184,0.09724105894565582
459904,0.12330389022827148
463440,0.1266842782497406
463488,0.08681158721446991
466560,0.1214061751961708
466720,0.11651169508695602
466992,0.12114375084638596
467104,0.12062130123376846
467360,0.12233538925647736
467504,0.09867658466100693
468800,0.09612802416086197
471216,0.1274186372756958
471760,0.10500835627317429
474816,0.09978840500116348
475360,0.11577659100294113
476192,0.10067473351955414
476784,0.13046325743198395
478416,0.12057729810476303
479376,0.11039120703935623
479696,0.12197592854499817
481520,0.10963252931833267
481536,0.10447193682193756
482336,0.10293401032686234
483280,0.1272246390581131
483328,0.11726242303848267
485312,0.10869630426168442
486480,0.11906246095895767
488000,0.11578565090894699
488112,0.11155102401971817
492384,0.11920128762722015
492464,0.09483808279037476
493424,0.10708453506231308
493440,0.12359859049320221
494288,0.1184876561164856
494768,0.11942492425441742
494848,0.11094707995653152
496048,0.1232302188873291
496976,0.12549874186515808
497456,0.098963163793087
499216,0.12383957952260971
499232,0.10017432272434235
499424,0.11884919553995132
499488,0.11329273879528046
501920,0.11758860945701599
503040,0.10217716544866562
503264,0.12407708168029785
503520,0.120711550116539
504576,0.12097570300102234
506448,0.10585508495569229
506752,0.12418023496866226
507008,0.1189042404294014
507952,0.09824947267770767
508480,0.12006515264511108
509968,0.11952660232782364
509968,0.12133822590112686
510352,0.12159308046102524
512384,0.12310949712991714
512864,0.11525990813970566
512880,0.10683392733335495
514944,0.09005706012248993
515376,0.12505607306957245
516480,0.12322116643190384
518768,0.11018534004688263
518880,0.11969655752182007
519232,0.12251783162355423
519392,0.12020756304264069
519936,0.09718691557645798
521056,0.0909607782959938
523232,0.12442896515130997
524816,0.11070696264505386
524992,0.11203041672706604
526512,0.12049762904644012
529488,0.12566037476062775
529776,0.11762791126966476
530720,0.099237821996212
530976,0.11989954113960266
531808,0.09777353703975677
532800,0.11987392604351044
532864,0.1129872277379036
533088,0.11998294293880463
534512,0.10695206373929977
535456,0.11782357841730118
535776,0.12550269067287445
536256,0.11466225236654282
536928,0.11107612401247025
537104,0.10274417698383331
537312,0.10954894870519638
539040,0.12387583404779434
541264,0.09255524724721909
541488,0.12410535663366318
542544,0.11108029633760452
543056,0.10324864089488983
543744,0.09888574481010437
543840,0.09066977351903915
544320,0.10271205753087997
544896,0.10769393295049667
544960,0.10873709619045258
545136,0.11391368508338928
546000,0.09932160377502441
546288,0.10019290447235107
546704,0.08141806721687317
546992,0.12632137537002563
548672,0.11601866781711578
549360,0.10461647808551788
550336,0.10939354449510574
551280,0.10453859716653824
551584,0.10496607422828674
551600,0.10955066978931427
551952,0.12381727248430252
552768,0.08127462863922119
556768,0.09140957146883011
557488,0.1227840930223465
557504,0.09096634387969971
558848,0.1202041283249855
559024,0.11425139755010605
559424,0.11048076301813126
560368,0.11603450775146484
560688,0.11808671802282333
561696,0.0868978276848793
562912,0.08803218603134155
563472,0.12115611135959625
563712,0.12435648590326309
563840,0.12247935682535172
564256,0.11121910810470581
564272,0.11481144279241562
564960,0.10356321930885315
565056,0.10658310353755951
565344,0.12085577100515366
565520,0.10440029948949814
567280,0.12224399298429489
568528,0.1089911013841629
568976,0.11708855628967285
569536,0.09494166821241379
570752,0.1126599833369255
570976,0.11227802187204361
573872,0.09660607576370239
574992,0.10831160843372345
576704,0.11148642748594284
578768,0.10921110957860947
578944,0.09795118123292923
578944,0.09446058422327042
581200,0.1226084902882576
581552,0.11085429042577744
581696,0.11385516822338104
584576,0.11105640232563019
584896,0.10555388778448105
586432,0.1246776133775711
587040,0.10807079821825027
587424,0.10530222207307816
587936,0.1260136514902115
588720,0.08384256064891815
589328,0.11866641789674759
589616,0.10981865227222443
590176,0.10752346366643906
590384,0.10732940584421158
590768,0.10738154500722885
591408,0.11129394918680191
591952,0.12025416642427444
595008,0.11958584189414978
596000,0.10067861527204514
597744,0.10563627630472183
597808,0.1220315545797348
603488,0.12331341207027435
605568,0.11230506002902985
605648,0.11491400003433228
607200,0.09384899586439133
609120,0.11751531064510345
609168,0.11643107980489731
609184,0.12906765937805176
609664,0.11871469765901566
610672,0.10277459025382996
612448,0.12780477106571198
616272,0.12329050898551941
618736,0.10185188055038452
619408,0.12178932130336761
619568,0.1256302446126938
620784,0.07308762520551682
621600,0.09450646489858627
622512,0.06930100917816162
623456,0.09331680089235306
624032,0.09359882026910782
625120,0.12159384787082672
626032,0.10749804973602295
627056,0.12030547857284546
627280,0.1197788417339325
628224,0.1191634014248848
630912,0.12178275734186172
633248,0.11835593730211258
633664,0.12446033954620361
634336,0.11188842356204987
634512,0.09790213406085968
634608,0.11320847272872925
634672,0.11543286591768265
635376,0.07605418562889099
638288,0.12236738950014114
639808,0.10248734802007675
641040,0.1183554008603096
641472,0.0798301249742508
642432,0.11515138298273087
642624,0.11834508925676346
644912,0.12613540887832642
645008,0.1142386943101883
645056,0.12009122967720032
645392,0.12693443894386292
647072,0.07954870909452438
648896,0.11009670794010162
649104,0.11452510952949524
649392,0.11616702377796173
650256,0.10631290823221207
650496,0.09705045074224472
651792,0.12212637066841125
654464,0.1131596788764
655136,0.12227462977170944
655760,0.11887217313051224
655824,0.11178465932607651
656208,0.12206190079450607
657376,0.09064975380897522
657712,0.09492328763008118
657840,0.10476715862751007
658288,0.11794436722993851
658672,0.10851828008890152
660800,0.11200796067714691
661824,0.11467792838811874
663232,0.1216912567615509
663408,0.13136450946331024
667344,0.11891978234052658
668320,0.11629278212785721
669808,0.11709263920783997
670096,0.11693944782018661
670528,0.12239252030849457
671552,0.11313795298337936
674720,0.1101447269320488
674864,0.12181844562292099
675120,0.1228865310549736
678384,0.12418308109045029
679248,0.11696045100688934
679664,0.10839612782001495
680480,0.11440904438495636
681840,0.11921268701553345
684224,0.1086646318435669
684224,0.11383771896362305
685408,0.12094242870807648
685472,0.11811841279268265
685728,0.11136733740568161
686880,0.11189953982830048
686992,0.07887087017297745
689168,0.113469198346138
689296,0.11893394589424133
690368,0.10733327269554138
690880,0.08414991945028305
691312,0.09538843482732773
691328,0.12151098251342773
692144,0.10155011713504791
692320,0.12048573791980743
693616,0.11699673533439636
693888,0.11994422972202301
694272,0.076682448387146
696800,0.09933625906705856
697200,0.12223776429891586
697904,0.11807474493980408
698592,0.11067286133766174
698608,0.10475441813468933
698912,0.11692005395889282
699248,0.11325764656066895
699840,0.11444998532533646
703568,0.09758488088846207
704416,0.07237029820680618
705984,0.1211046651005745
706240,0.11285887658596039
707056,0.13103614747524261
708944,0.11742015928030014
710144,0.1240675300359726
712864,0.10456950217485428
713392,0.09169938415288925
714992,0.11538264155387878
716208,0.09398471564054489
717424,0.12075918167829514
720528,0.10093588382005692
721824,0.11551788449287415
722176,0.10122687369585037
722416,0.11519388109445572
722736,0.10657814145088196
725088,0.1126476377248764
725920,0.12368614971637726
726000,0.12446387857198715
726272,0.12438663840293884
728352,0.0975901335477829
728464,0.11779998242855072
728912,0.10954702645540237
730416,0.09385452419519424
730912,0.0672074407339096
732160,0.12040989100933075
732160,0.09964532405138016
732656,0.09681923687458038
732768,0.1176992729306221
733792,0.11919701099395752
733920,0.09737421572208405
734240,0.11570173501968384
735328,0.11323271691799164
737536,0.11291622370481491
739936,0.12362238019704819
740272,0.11507990956306458
740352,0.1232220008969307
740944,0.12115418165922165
741168,0.1042778342962265
741952,0.11150207370519638
742640,0.0758320614695549
742752,0.12052757292985916
743360,0.10860667377710342
744176,0.09167114645242691
744336,0.11567120254039764
744624,0.12051642686128616
746320,0.12520639598369598
747424,0.11156752705574036
747504,0.11396212130784988
748256,0.11307747662067413
748560,0.10429507493972778
749456,0.11577965319156647
750896,0.12488067895174026
751328,0.1132047176361084
751984,0.11590442806482315
752160,0.09494111686944962
752352,0.08549056202173233
752832,0.09096462279558182
753008,0.12320584058761597
754544,0.11291657388210297
759040,0.1291494369506836
759120,0.11480753123760223
759360,0.10589022934436798
760480,0.11979489773511887
762400,0.10507243871688843
763120,0.10577981919050217
764272,0.12021567672491074
764416,0.11808020621538162
764608,0.12469828128814697
764736,0.10845895856618881
765824,0.08901707082986832
767376,0.11442731320858002
767440,0.1196502149105072
767952,0.11983384191989899
768080,0.11343133449554443
770288,0.1069251075387001
771344,0.11934060603380203
772416,0.12586678564548492
774592,0.11395712941884995
775200,0.12680093944072723
776448,0.0797860324382782
776752,0.12477010488510132
778160,0.11690720915794373
779120,0.1250085085630417
779856,0.11653085052967072
780240,0.11273316293954849
780304,0.11899548023939133
783504,0.1125580370426178
785360,0.10105142742395401
786144,0.08279359340667725
787440,0.11064241081476212
788032,0.09208391606807709
788352,0.08020385354757309
788704,0.10270000994205475
788944,0.09695252031087875
788992,0.12330657988786697
790224,0.12764209508895874
794208,0.11979570239782333
797376,0.1273586004972458
798848,0.11908862739801407
799344,0.12176492810249329
799536,0.11479406803846359
800944,0.12274755537509918
801296,0.11366953700780869
801344,0.10135184228420258
801680,0.11719983071088791
802144,0.09579867869615555
802784,0.07419799268245697
802912,0.1184106171131134
803104,0.10741546005010605
803632,0.10706502199172974
804688,0.10401573032140732
805488,0.08047071844339371
805632,0.10738100856542587
805792,0.08554831892251968
808704,0.1224069818854332
810784,0.11907314509153366
812240,0.12544894218444824
814048,0.12108981609344482
814288,0.11227477341890335
816896,0.09609708935022354
817792,0.12193869799375534
817824,0.1231210008263588
818576,0.1215558648109436
818640,0.10548596829175949
819248,0.08613147586584091
820224,0.1247582882642746
820336,0.09774983674287796
821312,0.079265296459198
822240,0.10256493091583252
822288,0.10959172248840332
823296,0.09884979575872421
823360,0.11529504507780075
823680,0.12294744700193405
824368,0.1058519259095192
825360,0.11153582483530045
825824,0.11915521323680878
826080,0.10012730211019516
826976,0.11558786034584045
829136,0.11524130403995514
829904,0.07637065649032593
829936,0.09001220762729645
830368,0.10679595917463303
830880,0.10790564864873886
831296,0.08765532821416855
832160,0.10669120401144028
832384,0.11432690173387527
832688,0.09632334858179092
833904,0.11576805263757706
834480,0.12325715273618698
834896,0.11841913312673569
835664,0.10554143786430359
835760,0.10780434310436249
838336,0.09467291086912155
838896,0.1102927103638649
839376,0.12807804346084595
839952,0.11647573113441467
840080,0.11794975399971008
840320,0.1032632440328598
841024,0.09854372590780258
843072,0.1056138277053833
844368,0.09090973436832428
844432,0.11596862226724625
846544,0.11990964412689209
847216,0.11155571043491364
847280,0.11810855567455292
847456,0.10512521862983704
850672,0.1140768975019455
851488,0.12491187453269958
851616,0.1273283064365387
852736,0.11742079257965088
853840,0.12183966487646103
854576,0.11762787401676178
855520,0.09819918125867844
855600,0.08537781983613968
855968,0.09013897180557251
857216,0.10552094131708145
857728,0.11747217178344727
857792,0.10778886079788208
858128,0.11041774600744247
858352,0.09703370183706284
858528,0.11954877525568008
858672,0.09905891120433807
859248,0.0909319594502449
859360,0.10848609358072281
860704,0.12514202296733856
862976,0.11094782501459122
863552,0.12221565842628479
863968,0.1116468533873558
866560,0.11096175760030746
867088,0.12073710560798645
869008,0.11839980632066727
869888,0.11228733509778976
870640,0.11498859524726868
871472,0.08748017996549606
872784,0.12882553040981293
873632,0.10167340189218521
875360,0.11323107779026031
877232,0.09747260808944702
878000,0.1153755933046341
878896,0.12207210808992386
879392,0.11976154893636703
880320,0.09573924541473389
881808,0.08096042275428772
884304,0.1231844574213028
884608,0.10407262295484543
885120,0.1017109677195549
887456,0.11317060142755508
888400,0.12427500635385513
888640,0.12177613377571106
889792,0.09518326818943024
890640,0.10530336201190948
891248,0.0925106406211853
892192,0.12602593004703522
894608,0.12737806141376495
895760,0.12046701461076736
896448,0.11370043456554413
897376,0.11609970778226852
898112,0.11206623166799545
898304,0.11622246354818344
902000,0.12429238855838776
902624,0.10063234716653824
902656,0.1172938197851181
902944,0.12534986436367035
903952,0.11649400740861893
905264,0.12012577056884766
906160,0.12097186595201492
909792,0.11802734434604645
910624,0.06484967470169067
913072,0.12725672125816345
913472,0.12001501768827438
913616,0.09448134899139404
915216,0.11546214669942856
915968,0.07682526856660843
917200,0.11487828940153122
918512,0.11773638427257538
918656,0.11243235319852829
919472,0.12389469146728516
921344,0.12155844271183014
923936,0.11266179382801056
925568,0.13064956665039062
925920,0.11163537949323654
926048,0.12434036284685135
926704,0.09658913314342499
928544,0.0735103040933609
929488,0.12010589987039566
930512,0.0973513200879097
931600,0.12332835048437119
932192,0.10801618546247482
932992,0.10832113772630692
934080,0.12198281288146973
934176,0.12311825156211853
934848,0.11962500214576721
935648,0.11582348495721817
936208,0.1220984160900116
937424,0.12388843297958374
937648,0.12643232941627502
937776,0.12197156250476837
940736,0.12511056661605835
941008,0.12521615624427795
942464,0.08399774879217148
942560,0.11139240860939026
943424,0.11683439463376999
944896,0.12293335050344467
945680,0.11736760288476944
946016,0.12380751967430115
946464,0.0964004397392273
948352,0.12168142944574356
948384,0.12538912892341614
948784,0.11619609594345093
949264,0.11430521309375763
951952,0.12273070961236954
952176,0.10508613288402557
952640,0.11684209108352661
952832,0.12066378444433212
953696,0.09104665368795395
955296,0.11340784281492233
955456,0.12150902301073074
956352,0.10280079394578934
956384,0.09125056117773056
956976,0.1219438910484314
957072,0.11348432302474976
957312,0.11759427934885025
958096,0.10597939044237137
958240,0.11410219967365265
958688,0.11024726182222366
961840,0.1263384073972702
962304,0.11836022138595581
962416,0.11651333421468735
963712,0.1126241683959961
963712,0.11955124884843826
967296,0.12019006907939911
967776,0.07046425342559814
971840,0.10409925878047943
972448,0.10298763960599899
972608,0.12223410606384277
973920,0.10405117273330688
975520,0.12144476175308228
977536,0.11895960569381714
977728,0.125076562166214
978048,0.11760435253381729
979024,0.11760799586772919
979152,0.12032079696655273
979408,0.10709219425916672
979504,0.12466475367546082
979584,0.12079636007547379
981520,0.1148591861128807
981920,0.11547835916280746
982688,0.1208396628499031
985216,0.10860446840524673
986640,0.11264576017856598
987088,0.12475842237472534
987168,0.11141450703144073
987392,0.1195853054523468
987824,0.10826870799064636
988704,0.12675841152668
989984,0.09678507596254349
990240,0.12050985544919968
990992,0.08579067140817642
993824,0.10175126045942307
994672,0.1274234801530838
994928,0.11775261163711548
995008,0.09361311048269272
995744,0.11877583712339401
996272,0.1178172305226326
996448,0.11453127861022949
998880,0.10624856501817703
998976,0.10953513532876968
999152,0.10076499730348587
999488,0.09306832402944565
999808,0.12008941918611526
1001008,0.12114185094833374
1003008,0.09117422252893448
1003184,0.11002390086650848
1003184,0.1237836629152298
1003376,0.1240638941526413
1003600,0.09117264300584793
1008848,0.12367446720600128
1009680,0.12153447419404984
1010576,0.11604800075292587
1011440,0.12062376737594604
1012464,0.12469971925020218
1012864,0.12473772466182709
1012928,0.11887318640947342
1015056,0.0982503592967987
1016080,0.10248572379350662
1016592,0.11670281738042831
1017376,0.1210094690322876
1017392,0.12634265422821045
1018656,0.1147296130657196
1021152,0.12361398339271545
1023728,0.11332385987043381
1024320,0.10747171193361282
1024512,0.09895023703575134
1026784,0.12273043394088745
1027840,0.12224939465522766
1029744,0.10598649084568024
1030992,0.11967043578624725
1031936,0.12648846209049225
1033296,0.12214973568916321
1033936,0.08292140811681747
1034160,0.11656522750854492
1036016,0.12951414287090302
1036576,0.10301212221384048
1036976,0.12620091438293457
1040848,0.10948698222637177
1041456,0.1152084693312645
1041840,0.1036343052983284
1042112,0.07879716157913208
1042496,0.11359801143407822
1043072,0.11400996148586273
1043184,0.12119945138692856
1045568,0.12389686703681946
1045728,0.12242092192173004
1046160,0.11070957034826279
1047248,0.12037968635559082
1047616,0.10274071246385574
1048000,0.09522135555744171
1048208,0.12333953380584717
1048800,0.1183098554611206
1049072,0.11630222201347351
1049152,0.12564603984355927
1049584,0.0880814641714096
1050592,0.12236549705266953
1052544,0.12092461436986923
1053696,0.1242547407746315
1054208,0.11715048551559448
1054240,0.11357486248016357
1055312,0.12040374428033829
1055376,0.1245647445321083
1056112,0.12129581719636917
1057712,0.1271195113658905
1058560,0.10867838561534882
1058560,0.10359326750040054
1059072,0.10811864584684372
1060176,0.12529337406158447
1061216,0.12541626393795013
1062096,0.11038193106651306
1062368,0.12732893228530884
1063824,0.11520318686962128
1064960,0.11754452437162399
1066096,0.12637923657894135
1066496,0.12196287512779236
1067312,0.10174360871315002
1068592,0.11898602545261383
1069408,0.0909188762307167
1070800,0.09145623445510864
1070880,0.11009388417005539
1071648,0.12476544827222824
1072448,0.12156511843204498
1072576,0.10187229514122009
1073072,0.12033039331436157
1073216,0.117296501994133
1076128,0.12621697783470154
1076784,0.12720142304897308
1077008,0.12147290259599686
1077680,0.12812504172325134
1077808,0.11667492240667343
1077856,0.12310737371444702
1078624,0.11781618744134903
1079952,0.08827308565378189
1080528,0.11070425063371658
1081392,0.09763577580451965
1083408,0.12609536945819855
1083856,0.1138702929019928
1083952,0.12709015607833862
1084384,0.07578136026859283
1084688,0.10571753233671188
1085392,0.06260306388139725
1086992,0.11608950793743134
1087584,0.12209087610244751
1088448,0.09902822226285934
1088608,0.1147121861577034
1089600,0.11602810025215149
1090784,0.0719074159860611
1093792,0.11223229765892029
1094256,0.11691660434007645
1094624,0.11859438568353653
1098704,0.11803024262189865
1100176,0.10342390090227127
1100672,0.119270458817482
1101408,0.12199698388576508
1102032,0.12336269021034241
1103392,0.11522495001554489
1103648,0.115924172103405
1103872,0.07793719321489334
1103968,0.12305185198783875
1104224,0.11541800200939178
1104320,0.09830684214830399
1104480,0.11089681833982468
1104544,0.09837095439434052
1104832,0.09960774332284927
1107776,0.08396008610725403
1108592,0.12107355147600174
1108944,0.11423549056053162
1111280,0.11794248968362808
1111824,0.1139899417757988
1112048,0.11553075164556503
1112080,0.12626369297504425
1112608,0.11284127086400986
1115184,0.10885472595691681
1115568,0.12041749805212021
1115744,0.11286906152963638
1116288,0.10685458779335022
1116496,0.08349840342998505
1116624,0.10331643372774124
1117408,0.11943003535270691
1120160,0.11800244450569153
1121616,0.11474455893039703
1121840,0.11140608042478561
1123152,0.08051704615354538
1123296,0.08500226587057114
1126144,0.1258389800786972
1126464,0.09982357919216156
1126720,0.12138205021619797
1126768,0.12435928732156754
1128080,0.1211823970079422
1128496,0.06235417723655701
1128544,0.11578426510095596
1129424,0.09466339647769928
1130432,0.1236330047249794
1131152,0.11252707988023758
1131472,0.09735757857561111
1132368,0.10444341599941254
1132592,0.12134025245904922
1133152,0.11187319457530975
1133216,0.10917337983846664
1134096,0.09982319176197052
1135456,0.1233052909374237
1136160,0.12826041877269745
1136368,0.1200699433684349
1137056,0.10093794018030167
1137760,0.11276078224182129
1139904,0.0834626778960228
1140240,0.12731803953647614
1142144,0.06845494359731674
1142480,0.11445968598127365
1142960,0.11956862360239029
1143152,0.11647424101829529
1143200,0.07488344609737396
1143760,0.11696187406778336
1146032,0.12466494739055634
1148576,0.10269874334335327
1148832,0.1133246198296547
1151344,0.10586230456829071
1151584,0.07494722306728363
1151920,0.1162194311618805
1152160,0.11694661527872086
1153360,0.1191452145576477
1153696,0.11816436052322388
1154144,0.11353588104248047
1155088,0.12318114936351776
1156544,0.1114589124917984
1157216,0.12199049443006516
1157264,0.11874140799045563
1157664,0.12595458328723907
1157840,0.10873889923095703
1160176,0.11728479713201523
1160976,0.12333657592535019
1161824,0.11887504905462265
1163040,0.12451404333114624
1163200,0.12352927774190903
1163616,0.12062100321054459
1165760,0.10583937168121338
1165776,0.1124008297920227
1166288,0.12214663624763489
1166320,0.1140802726149559
1166752,0.11979872733354568
1167216,0.11856411397457123
1169984,0.1169114038348198
1170448,0.10041385143995285
1170832,0.12261376529932022
1171520,0.10529974102973938
1172528,0.1216486394405365
1174224,0.10812784731388092
1174368,0.1219945177435875
1174416,0.12581560015678406
1175712,0.1013641282916069
1175744,0.1056218072772026
1175808,0.122032530605793
1177744,0.11621444672346115
1177760,0.12089720368385315
1178624,0.11397191882133484
1178848,0.09621594101190567
1178896,0.0966544821858406
1179360,0.11614935100078583
1179584,0.10727870464324951
1180512,0.11454274505376816
1181184,0.10269101709127426
1182848,0.12748374044895172
1182928,0.10045148432254791
1183712,0.12111973762512207
1184672,0.11331780254840851
1186320,0.10987649857997894
1186368,0.09301023185253143
1187104,0.11035235971212387
1188912,0.11599840223789215
1189552,0.11774082481861115
1190064,0.10379115492105484
1191504,0.12197364121675491
1192304,0.12577101588249207
1193552,0.07237491011619568
1195248,0.10098139196634293
1196352,0.10248135030269623
1198784,0.12620344758033752
1199088,0.12216631323099136
1199312,0.11201942712068558
1200000,0.11632128804922104
1200112,0.12555289268493652
1200928,0.12690123915672302
1201600,0.11895565688610077
1201888,0.10983256995677948
1202848,0.12285575270652771
1204544,0.1243855208158493
1205968,0.11603258550167084
1206448,0.12187016755342484
1207248,0.12473388016223907
1208240,0.08782120794057846
1208880,0.12718422710895538
1211888,0.0962393581867218
1213024,0.11207398027181625
1213600,0.12559454143047333
1215072,0.08134803920984268
1215168,0.11974774301052094
1215536,0.11060778796672821
1217216,0.12543940544128418
1217728,0.11402840912342072
1218368,0.11074589937925339
1219280,0.10156510770320892
1220432,0.09831222146749496
1221328,0.1198619157075882
1222320,0.12090042978525162
1222768,0.08682434260845184
1225904,0.12749432027339935
1225984,0.1228594034910202
1226352,0.10840417444705963
1227248,0.09711983799934387
1227712,0.10403236001729965
1227984,0.12018468976020813
1228960,0.08616676181554794
1229808,0.10492269694805145
1231056,0.10057706385850906
1232272,0.07363101840019226
1232576,0.10742057114839554
1233392,0.11571386456489563
1234352,0.12002816796302795
1237120,0.11069333553314209
1238208,0.10870075225830078
1238976,0.11673033237457275
1239712,0.11688703298568726
1239888,0.11528083682060242
1240704,0.10738122463226318
1241776,0.12204083800315857
1242704,0.11196181923151016
1242784,0.1066608652472496
1242960,0.1075722724199295
1244528,0.11720804125070572
1244592,0.1263599693775177
1245184,0.09453264623880386
1246032,0.11585509777069092
1246256,0.1198643147945404
1246400,0.12452960759401321
1247184,0.10249318927526474
1247408,0.12593655288219452
1247840,0.1203545406460762
1248992,0.1021314337849617
1249504,0.12845826148986816
1251648,0.09248809516429901
1252752,0.10785146802663803
1252752,0.09091506153345108
1253312,0.10200449824333191
1253792,0.10465501248836517
1254256,0.12473239004611969
1255200,0.1318676620721817
1257632,0.11430153995752335
1257808,0.11962342262268066
1258656,0.12702429294586182
1260928,0.11212503165006638
1263968,0.11824202537536621
1264784,0.120884969830513
1265280,0.12297407537698746
1266112,0.11405658721923828
1267584,0.10315024107694626
1267744,0.07288531213998795
1270976,0.11454904824495316
1271408,0.10726802051067352
1271952,0.12243763357400894
1272432,0.12007025629281998
1272784,0.11583292484283447
1273248,0.09289828687906265
1275520,0.10968825966119766
1275600,0.07354184240102768
1276848,0.11794185638427734
1277904,0.09483512490987778
1278432,0.11906744539737701
1278528,0.09164854884147644
1279216,0.07989981770515442
1280336,0.10175808519124985
1280720,0.11941294372081757
1281664,0.11897972226142883
1282448,0.11941199749708176
1283200,0.1190309077501297
1284768,0.1206604391336441
1286160,0.0973915159702301
1286672,0.10236480832099915
1288032,0.09523829817771912
1288768,0.11658955365419388
1289648,0.11631033569574356
1290544,0.12586846947669983
1291728,0.0806916281580925
1292048,0.1130734458565712
1293488,0.11948999017477036
1294144,0.113802470266819
1295264,0.11975754797458649
1295920,0.09309155493974686
1300048,0.11746121197938919
1300992,0.07887730002403259
1301776,0.12136981636285782
1302688,0.1122150719165802
1302928,0.09007234126329422
1306448,0.12231907993555069
1306512,0.11529163271188736
1307184,0.10734453797340393
1308944,0.10561766475439072
1308992,0.11638855934143066
1309184,0.11444354802370071
1309280,0.07728570699691772
1309408,0.09343444555997849
1309936,0.12106142193078995
1310832,0.11749643832445145
1312416,0.11910033971071243
1313536,0.11829281598329544
1316960,0.12345770746469498
1317136,0.10393096506595612
1317792,0.1231219545006752
1318000,0.08058144897222519
1318560,0.11063259094953537
1320144,0.10629147291183472
1320688,0.11383397877216339
1321872,0.11568611115217209
1322672,0.11275108903646469
1323616,0.1141081228852272
1324480,0.11048825085163116
1325408,0.10087727755308151
1326368,0.12558838725090027
1327040,0.11927831172943115
1328464,0.09530249238014221
1328496,0.12885315716266632
1329104,0.09738419950008392
1329568,0.11858668178319931
1329680,0.061710111796855927
1330016,0.1017681285738945
1330560,0.10024131089448929
1330784,0.10866805911064148
1330880,0.10618093609809875
1332352,0.12387483566999435
1332880,0.1074523776769638
1333216,0.10671626776456833
1334096,0.11223682016134262
1335984,0.09815818816423416
1337680,0.12609614431858063
1338080,0.11414932459592819
1339200,0.11615481972694397
1340064,0.1250866800546646
1340480,0.12258318811655045
1340720,0.1120510995388031
1340912,0.0955703854560852
1341600,0.12259343266487122
1342624,0.11744076758623123
1344128,0.09231749176979065
1344336,0.12238305062055588
1345744,0.10734567046165466
1346304,0.11673487722873688
1346496,0.12345417588949203
1348688,0.0808127149939537
1349856,0.09448041766881943
1350080,0.11464683711528778
1350720,0.10268963128328323
1351200,0.11748261004686356
1351456,0.11765109747648239
1352624,0.11981470137834549
1352912,0.11911702901124954
1354672,0.07431865483522415
1355344,0.1191847026348114
1356400,0.06513752788305283
1356448,0.12294800579547882
1356576,0.11993267387151718
1358416,0.10851966589689255
1358528,0.1258801519870758
1359200,0.10412703454494476
1361984,0.12231682986021042
1362864,0.1160639077425003
1363952,0.1216067373752594
1365520,0.10930807888507843
1368224,0.12572073936462402
1368448,0.10452987253665924
1368736,0.09967532008886337
1369184,0.09408725798130035
1369200,0.11296159029006958
1369504,0.12045137584209442
1370016,0.11590246111154556
1371216,0.1253812462091446
1372752,0.0996498093008995
1372768,0.11539065092802048
1372896,0.11484835296869278
1374608,0.12577605247497559
1375088,0.11944044381380081
1375888,0.12506400048732758
1377056,0.10989156365394592
1379600,0.11143410950899124
1381328,0.11106468737125397
1381744,0.11499618738889694
1382192,0.12404223531484604
1382448,0.09547962993383408
1382960,0.11131873726844788
1383392,0.11221610754728317
1384240,0.10639570653438568
1386528,0.11826318502426147
1387856,0.118924081325531
1389664,0.10309655964374542
1390208,0.11394869536161423
1394928,0.1254291534423828
1395968,0.12212551385164261
1397136,0.1230444386601448
1397296,0.10547137260437012
1397408,0.08545079827308655
1397808,0.08129944652318954
1397936,0.12305215001106262
1397968,0.11941158771514893
1398560,0.09322121739387512
1400832,0.12377030402421951
1400944,0.11904440075159073
1402160,0.11994384229183197
1404448,0.11144130676984787
1404960,0.11274188756942749
1405008,0.12247657030820847
1407568,0.11681041866540909
1407968,0.1226833388209343
1410160,0.10711807757616043
1411024,0.12924501299858093
1412080,0.12085919827222824
1412400,0.12238173186779022
1416704,0.10590529441833496
1417184,0.1007467731833458
1417648,0.12075001001358032
1418912,0.12407998740673065
1419424,0.11420007050037384
1420080,0.11828279495239258
1423616,0.09914776682853699
1423936,0.1170666292309761
1426656,0.11780146509408951
1427584,0.1098196804523468
1428576,0.11737053841352463
1430960,0.12258394807577133
1431072,0.10721902549266815
1432048,0.10467465221881866
1433856,0.11380285024642944
1434096,0.11043651401996613
1434400,0.09666143357753754
1434576,0.12712348997592926
1435232,0.07664992660284042
1435456,0.12078359723091125
1437232,0.10478542745113373
1437552,0.11672646552324295
1437632,0.12061706930398941
1437648,0.12351318448781967
1437904,0.12460925430059433
1438096,0.12174258381128311
1439296,0.11628381907939911
1439952,0.1067814901471138
1440784,0.11393455415964127
1444336,0.0858275517821312
1444640,0.08441425859928131
1444720,0.1023634523153305
1445968,0.0961407944560051
1446448,0.10925326496362686
1447728,0.10305377095937729
1448368,0.1211981475353241
1449504,0.12035094201564789
1449984,0.12272085249423981
1450256,0.10921358317136765
1451264,0.12137855589389801
1451632,0.12487737834453583
1453824,0.07842513918876648
1455232,0.09162022918462753
1455344,0.11907562613487244
1455488,0.12095072120428085
1457008,0.10103067755699158
1458896,0.12004715204238892
1459120,0.1210797131061554
1459440,0.12168530374765396
1460384,0.12039528787136078
1461104,0.11707112938165665
1461696,0.11734068393707275
1461904,0.10870087891817093
1462544,0.12190356105566025
1462880,0.10671143978834152
1463376,0.11841338872909546
1464256,0.10204131156206131
1465488,0.11813689023256302
1467248,0.11334060877561569
1467552,0.11860838532447815
1468160,0.12831392884254456
1469120,0.12029196321964264
1470496,0.12308232486248016
1471360,0.10420282930135727
1472320,0.1247769296169281
1473968,0.1225796788930893
1474400,0.10208308696746826
1474400,0.12770120799541473
1474400,0.12153185158967972
1474432,0.12365905940532684
1475472,0.10135416686534882
1475936,0.1202860027551651
1477936,0.11981555819511414
1478000,0.11661914736032486
1478608,0.12095016241073608
1479856,0.12189899384975433
1482000,0.11543186008930206
1483120,0.1054711863398552
1483744,0.12350929528474808
1483872,0.12341740727424622
1485200,0.11521095037460327
1487312,0.12415064871311188
1487680,0.12364058941602707
1488608,0.12274392694234848
1490176,0.1237928718328476
1492448,0.12728485465049744
1494208,0.12275318056344986
1494256,0.12551623582839966
1494976,0.12446953356266022
1495760,0.11314892023801804
1496016,0.12430069595575333
1496256,0.12293275445699692
1496880,0.11808498203754425
1497712,0.12422668188810349
1499264,0.125357523560524
1500288,0.11407599598169327
1500720,0.10778943449258804
1501360,0.12584003806114197
1502768,0.12641672790050507
1503584,0.12318119406700134
1503920,0.12252168357372284
1504832,0.12307131290435791
1504928,0.08979697525501251
1505568,0.11910321563482285
1507408,0.12019368261098862
1507696,0.10477297753095627
1509408,0.12152418494224548
1512928,0.12476804852485657
1513616,0.1038980707526207
1516000,0.1216614842414856
1516608,0.12307877838611603
1516848,0.07420837879180908
1518880,0.12027177214622498
1519360,0.11952473223209381
1520976,0.13116557896137238
1523888,0.12440313398838043
1525488,0.11195853352546692
1525680,0.11669176816940308
1526096,0.11857419461011887
1526480,0.10937408357858658
1526896,0.08284562081098557
1527328,0.12335462868213654
1528896,0.12216927111148834
1529392,0.11925869435071945
1530144,0.12482277303934097
1530464,0.11838644742965698
1533104,0.11685130000114441
1533552,0.12203875184059143
1533776,0.12115242332220078
1535232,0.1112314760684967
1535712,0.11785804480314255
1535824,0.11943250894546509
1537504,0.11957123130559921
1540544,0.11841856688261032
1540736,0.12182562798261642
1540768,0.12162958085536957
1541792,0.12179799377918243
1541952,0.09763826429843903
1542960,0.12495727837085724
1544176,0.11535844206809998
1544208,0.11830250173807144
1547344,0.11364710330963135
1547744,0.12086591869592667
1547872,0.11816418915987015
1547936,0.12009774893522263
1547984,0.1099812313914299
1550240,0.1188313215970993
1551488,0.11895407736301422
1551568,0.12104807794094086
1552576,0.10996579378843307
1553696,0.10278315097093582
1554192,0.10139697790145874
1555168,0.10190431028604507
1556240,0.12413477152585983
1556240,0.11304834485054016
1557024,0.11697196215391159
1557808,0.11659728735685349
1558848,0.1075456514954567
1559024,0.11210336536169052
1559520,0.10995922982692719
1560800,0.12425390630960464
1561584,0.11818772554397583
1563808,0.10186167061328888
1564192,0.11341342329978943
1565232,0.11585569381713867
1565328,0.11259864270687103
1565680,0.12046981602907181
1566112,0.10430034250020981
1566224,0.11030963063240051
1568080,0.11844294518232346
1568496,0.12132640182971954
1568864,0.12512783706188202
1569072,0.11644597351551056
1569248,0.12110506743192673
1569712,0.11858508735895157
1570912,0.10335275530815125
1572432,0.11246363073587418
1573568,0.11181049793958664
1575136,0.11010094732046127
1575632,0.11643703281879425
1575936,0.1125548928976059
1576352,0.11803258210420609
1577856,0.1254337579011917
1579120,0.12394103407859802
1579152,0.12169678509235382
1579536,0.12642653286457062
1582224,0.12032706290483475
1583232,0.1029570922255516
1584144,0.10927663743495941
1584544,0.1103818342089653
1584800,0.10958529263734818
1585360,0.11867325752973557
1586208,0.11826984584331512
1586496,0.11638450622558594
1587136,0.11718156933784485
1590080,0.11833484470844269
1590896,0.12644585967063904
1592192,0.11153245717287064
1592288,0.11828722804784775
1592544,0.12568064033985138
1592560,0.1016373485326767
1593536,0.11604145169258118
1593936,0.12364333868026733
1594608,0.09876129776239395
1596064,0.12395872175693512
1596320,0.12793764472007751
1599376,0.12330489605665207
1599488,0.11975885927677155
1601776,0.12369401752948761
1603152,0.12199485301971436
1603200,0.10315602272748947
1603904,0.10289057344198227
1606560,0.10992112755775452
1606688,0.11896049976348877
1606864,0.11373525857925415
1607296,0.1245507001876831
1610240,0.12619327008724213
1611520,0.07097889482975006
1612096,0.12152805924415588
1612176,0.12233693152666092
1615808,0.1096365824341774
1615840,0.12043799459934235
1616544,0.11150644719600677
1616688,0.09438538551330566
1617680,0.11856638640165329
1617856,0.1025315374135971
1618144,0.07742366194725037
1619520,0.11775189638137817
1619584,0.10830038040876389
1620112,0.12352921813726425
1620640,0.11075067520141602
1620832,0.12788383662700653
1621216,0.08662830293178558
1621328,0.10357868671417236
1621696,0.11062026023864746
1626512,0.12420423328876495
1627296,0.11278975754976273
1628144,0.11589214205741882
1628576,0.11681771278381348
1629376,0.12044446915388107
1633056,0.1254587173461914
1634624,0.1040717139840126
1634896,0.1222892552614212
1634960,0.1169658750295639
1635632,0.07546310126781464
1636624,0.12558472156524658
1637984,0.1085338443517685
1639152,0.11354754120111465
1640192,0.1205916702747345
1642272,0.12077108025550842
1642448,0.11993002891540527
1643680,0.12481288611888885
1645056,0.12058728188276291
1646448,0.1000656858086586
1646544,0.11824032664299011
1648256,0.1209634393453598
1651040,0.11998584121465683
1651088,0.12055299431085587
1651696,0.11499130725860596
1652688,0.12181728333234787
1653888,0.11698095500469208
1654512,0.11168864369392395
1655680,0.12222892045974731
1657472,0.12574414908885956
1657568,0.11235098540782928
1658032,0.11202193796634674
1658080,0.102691650390625
1658864,0.11538098752498627
1659232,0.09042090177536011
1660592,0.11317934095859528
1660992,0.11755651980638504
1661376,0.1118425577878952
1661744,0.1225610300898552
1663280,0.09444093704223633
1664128,0.11659228801727295
1666352,0.10572807490825653
1666976,0.1223454624414444
1672080,0.11026304960250854
1673152,0.12192631512880325
1674720,0.12180735170841217
1676720,0.12125363945960999
1683520,0.11819905787706375
1683984,0.11674565821886063
1684688,0.10965738445520401
1685568,0.10504619777202606
1685840,0.12456689774990082
1686352,0.12637940049171448
1690256,0.12283309549093246
1691104,0.12220028042793274
1691232,0.1249908059835434
1691648,0.12175120413303375
1693664,0.11991927772760391
1693792,0.1182859018445015
1694352,0.12257777154445648
1694496,0.12177681177854538
1694608,0.12478362768888474
1694624,0.11869608610868454
1695376,0.12253918498754501
1697360,0.12225581705570221
1700848,0.11713725328445435
1701760,0.12185445427894592
1701792,0.11138848960399628
1707328,0.10318557173013687
1707648,0.11878815293312073
1708304,0.1247495785355568
1710560,0.11091651022434235
1710960,0.11611468344926834
1711376,0.1247987449169159
1714128,0.1238812655210495
1714976,0.11706294119358063
1716016,0.10558377951383591
1718480,0.11320573836565018
1719040,0.12182757258415222
1719920,0.08900175988674164
1720672,0.1112271100282669
1720832,0.1216328889131546
1721280,0.12097493559122086
1723504,0.11870934814214706
1723904,0.07415618002414703
1724416,0.10661231726408005
1724688,0.1105620414018631
1724736,0.11715107411146164
1725296,0.11916670948266983
1727968,0.12299491465091705
1729472,0.11814288049936295
1731648,0.12400151789188385
1731776,0.1232740506529808
1732768,0.0922284871339798
1735808,0.07790771126747131
1735936,0.10189828276634216
1736448,0.11653931438922882
1737760,0.10022924840450287
1737824,0.11785943061113358
1738816,0.11894021183252335
1738896,0.11919377744197845
1739488,0.12072651833295822
1739776,0.12178909033536911
1742768,0.1191505715250969
1747664,0.10233568400144577
1747856,0.09934928268194199
1748272,0.12183473259210587
1748336,0.12172182649374008
1749920,0.10884153097867966
1750128,0.12025357782840729
1752880,0.12382305413484573
1753680,0.11412665247917175
1754912,0.12351331114768982
1755312,0.10216037929058075
1759008,0.1251852959394455
1762720,0.12068174034357071
1762784,0.11989134550094604
1762992,0.10288294404745102
1763360,0.11776597052812576
1763632,0.12126898765563965
1764016,0.09371654689311981
1765504,0.1214464008808136
1765664,0.1190224289894104
1765696,0.12489714473485947
1766304,0.11262542754411697
1767648,0.10440891981124878
1767936,0.12116802483797073
1768944,0.11253547668457031
1769120,0.1238570362329483
1770608,0.11182420700788498
1772960,0.09927171468734741
1773024,0.12415391206741333
1775040,0.11370259523391724
1777088,0.12286639958620071
1779616,0.11742763221263885
1780592,0.11446307599544525
1781008,0.12254584580659866
1782224,0.11919773370027542
1784128,0.12025266140699387
1784928,0.12790855765342712
1784992,0.10749011486768723
1785728,0.12086053192615509
1786192,0.09293091297149658
1786288,0.103927843272686
1788192,0.11072825640439987
1788480,0.10742295533418655
1789968,0.11712842434644699
1792032,0.122462697327137
1792720,0.1169218197464943
1793872,0.09386540204286575
1795392,0.12242307513952255
1795808,0.12224925309419632
1796240,0.12326742708683014
1796320,0.11680922657251358
1796848,0.11701992899179459
1796944,0.0751568153500557
1801600,0.12085611373186111
1803584,0.11639761924743652
1804096,0.1168406754732132
1805168,0.12484312802553177
1805264,0.12173403054475784
1806320,0.11051258444786072
1806560,0.12323234230279922
1806576,0.10905949026346207
1807168,0.1237715557217598
1808640,0.11784335970878601
1809600,0.10460275411605835
1811040,0.12395089119672775
1813120,0.11512212455272675
1813504,0.1223333477973938
1814336,0.12032737582921982
1815424,0.10318585485219955
1815472,0.11708196997642517
1815936,0.11796100437641144
1816768,0.11640200763940811
1817232,0.12492340803146362
1818784,0.10720033198595047
1819584,0.12103778123855591
1820576,0.1236596629023552
1820864,0.11312465369701385
1822352,0.12838433682918549
1824032,0.12495806068181992
1824240,0.12100383639335632
1824336,0.12171122431755066
1824368,0.10775306075811386
1824672,0.12498264014720917
1825040,0.111207015812397
1826224,0.10826598852872849
1826912,0.12274497747421265
1827856,0.10563773661851883
1828000,0.11719154566526413
1828112,0.11735024303197861
1828240,0.1219710111618042
1829184,0.11455860733985901
1831824,0.11903278529644012
1832304,0.11682042479515076
1832464,0.12460870295763016
1833136,0.11966744065284729
1834816,0.11803923547267914
1835856,0.12330172955989838
1835904,0.07603263109922409
1837888,0.12605808675289154
1838304,0.09859420359134674
1838848,0.12179771810770035
1841120,0.07030721008777618
1841456,0.12264589965343475
1842304,0.12401507049798965
1842896,0.09663181006908417
1843008,0.12030687183141708
1844768,0.11878444999456406
1845872,0.12585502862930298
1846448,0.12751242518424988
1848496,0.12248877435922623
1849392,0.12187100201845169
1849712,0.11731436848640442
1852112,0.12197770178318024
1852256,0.10232072323560715
1852528,0.11726614087820053
1853824,0.125385120511055
1854880,0.11042355000972748
1855824,0.12364432215690613
1858304,0.10310588032007217
1859088,0.11245311051607132
1859456,0.12341969460248947
1860608,0.09433687478303909
1861488,0.12281646579504013
1861712,0.11659201234579086
1862512,0.12195838242769241
1863104,0.12220199406147003
1865072,0.11344443261623383
1866432,0.11760421097278595
1867840,0.11394372582435608
1868048,0.1126120314002037
1868848,0.11100324988365173
1868864,0.11650577187538147
1870144,0.1153232529759407
1871472,0.11952199041843414
1871568,0.12460853904485703
1871968,0.10984404385089874
1872144,0.10948372632265091
1873872,0.10991311073303223
1874640,0.07630743086338043
1875520,0.11936194449663162
1875552,0.11192449927330017
1875744,0.1233295202255249
1878928,0.11369041353464127
1879248,0.12313415855169296
1879984,0.09093119949102402
1880464,0.08443708717823029
1881280,0.1175183355808258
1882416,0.11606322228908539
1882464,0.12471392005681992
1884448,0.12314535677433014
1884496,0.11370217055082321
1885360,0.12507884204387665
1888176,0.12211181968450546
1889632,0.10334950685501099
1890320,0.09989506006240845
1891632,0.09758414328098297
1893776,0.10768996179103851
1898224,0.1180049404501915
1898384,0.12284540385007858
1898512,0.10624450445175171
1899536,0.11432471871376038
1900448,0.1211523786187172
1900656,0.09453903883695602
1901488,0.12292398512363434
1904240,0.12478020787239075
1905776,0.1209799200296402
1907904,0.11832644045352936
1908064,0.11397756636142731
1908272,0.12340983003377914
1909536,0.1254236251115799
1910784,0.11664960533380508
1911776,0.12080798298120499
1912512,0.09114498645067215
1913504,0.09188427031040192
1915248,0.12283676862716675
1916448,0.07751410454511642
1916624,0.12527857720851898
1919824,0.1275898516178131
1920880,0.1217290461063385
1921152,0.11391259729862213
1922192,0.11222277581691742
1922320,0.11637107282876968
1923392,0.12402001023292542
1924672,0.12180998921394348
1925904,0.12229929864406586
1925968,0.12547537684440613
1926624,0.10230428725481033
1927376,0.08676504343748093
1928720,0.11966747045516968
1929360,0.11390420794487
1930720,0.1163119226694107
1930832,0.124016173183918
1930896,0.11982031166553497
1931792,0.10689256340265274
1932960,0.11726012825965881
1934096,0.12270461767911911
1934416,0.11273675411939621
1935552,0.11032688617706299
1936000,0.11921656131744385
1937616,0.11856597661972046
1938896,0.09750372916460037
1939360,0.1006796732544899
1940752,0.11035710573196411
1942400,0.07877946645021439
1942400,0.12058641761541367
1945088,0.11862271279096603
1945552,0.11975506693124771
1947312,0.12496710568666458
1948864,0.10612931847572327
1949008,0.11374658346176147
1949600,0.12543487548828125
1950384,0.10615336894989014
1951680,0.10434798896312714
1951744,0.12460123747587204
1952192,0.11307234317064285
1952256,0.09899503737688065
1953136,0.109834685921669
1954112,0.09221243858337402
1955248,0.12178468704223633
1955312,0.11328858882188797
1955552,0.11344637721776962
1957488,0.11929015815258026
1958464,0.10101346671581268
1961232,0.12403373420238495
1962112,0.10279400646686554
1963216,0.10720348358154297
1963520,0.12054028362035751
1963856,0.11575186997652054
1964208,0.11778919398784637
1965376,0.10017064958810806
1966464,0.10635973513126373
1966496,0.11860111355781555
1967216,0.11560232937335968
1968016,0.1271621435880661
1968192,0.12342190742492676
1968960,0.11729183793067932
1969360,0.11841417104005814
1969552,0.11253489553928375
1970784,0.11925793439149857
1971168,0.11319846659898758
1973056,0.1204439178109169
1973472,0.11947056651115417
1973648,0.12111946195363998
1976944,0.07423283904790878
1977024,0.1203211098909378
1977376,0.11560419201850891
1977632,0.10830177366733551
1978368,0.12680549919605255
1979008,0.11422531306743622
1980256,0.11381208896636963
1980928,0.12821818888187408
1981824,0.11287546157836914
1982224,0.12223810702562332
1982336,0.11825576424598694
1982896,0.10780928283929825
1985760,0.12216919660568237
1987056,0.11207464337348938
1987104,0.12474320828914642
1988736,0.10454762727022171
1989232,0.1145392432808876
1989408,0.1066371500492096
1989504,0.12399966269731522
1989552,0.11628256738185883
1990000,0.12285195291042328
1990528,0.1166173443198204
1991824,0.12559182941913605
1992688,0.12620188295841217
1993152,0.11937981098890305
1997072,0.11172512918710709
1997376,0.12194894999265671
1998528,0.09691431373357773
1998928,0.1207379549741745
1999888,0.11103541404008865
2000928,0.1216932088136673
2001216,0.10396377742290497
2001536,0.11798890680074692
2001552,0.10808689147233963
2002160,0.12624162435531616
2003488,0.11354707926511765
2004768,0.10839402675628662
2006080,0.11659833788871765
2006512,0.12344701588153839
2007328,0.11150290817022324
2007424,0.12110746651887894
2007696,0.12035822868347168
2008336,0.1221940666437149
2009504,0.11466635763645172
2010032,0.12657101452350616
2010336,0.11322278529405594
2010672,0.08957604318857193
2013264,0.11924301087856293
2013632,0.11180899292230606
2014192,0.11447004228830338
2014256,0.11739535629749298
2016288,0.11232417821884155
2016480,0.11039352416992188
2016656,0.11806464940309525
2017904,0.12151340395212173
2019904,0.11738771945238113
2023776,0.07719676941633224
2023808,0.12237431108951569
2024704,0.12585395574569702
2026640,0.10424976795911789
2027312,0.10903342068195343
2028576,0.116668701171875
2028640,0.11640380322933197
2028784,0.11357933282852173
2031120,0.11941134184598923
2033040,0.11938361823558807
2033168,0.11854146420955658
2033376,0.12466034293174744
2035200,0.12148860841989517
2035744,0.10628288239240646
2036016,0.09298361837863922
2036544,0.1244773417711258
2036960,0.12133593112230301
2037712,0.12309956550598145
2039232,0.11824735999107361
2040368,0.10316161811351776
2040976,0.12295935302972794
2041488,0.11767947673797607
2041984,0.10725633054971695
2042352,0.12631209194660187
2042816,0.11834472417831421
2043200,0.12568916380405426
2044512,0.12074647098779678
2046704,0.12004867196083069
2048208,0.11310980468988419
2049456,0.12309148162603378
2050976,0.11200333386659622
2052096,0.10285825282335281
2052720,0.11803648620843887
2052832,0.06845159828662872
2053520,0.12242524325847626
2054432,0.12590235471725464
2055536,0.11832598596811295
2056272,0.12040603160858154
2056352,0.11554750055074692
2057936,0.12078250199556351
2063536,0.12081798911094666
2063952,0.1069185808300972
2066112,0.11663702875375748
2066992,0.11627739667892456
2069328,0.1090972051024437
2069696,0.11430952697992325
2071248,0.11771988123655319
2071584,0.12580573558807373
2073152,0.12031262367963791
2073232,0.12127695232629776
2074064,0.11940116435289383
2076528,0.11732107400894165
2076688,0.12225260585546494
2079952,0.12297449260950089
2080112,0.12241079658269882
2080736,0.1255599856376648
2080816,0.11362819373607635
2082096,0.11619249731302261
2083408,0.11498729139566422
2086688,0.11317744851112366
2086960,0.12086351960897446
2086976,0.1128409206867218
2087072,0.1283799111843109
2090064,0.10985186696052551
2090720,0.11951041221618652
2090944,0.11029338091611862
2091568,0.12113148719072342
2092832,0.12216807901859283
2095136,0.12109686434268951
2095920,0.12581408023834229
2099056,0.12533052265644073
2100704,0.11866044998168945
2101104,0.11945464462041855
2102224,0.12524209916591644
2104160,0.11135528981685638
2105568,0.11948060244321823
2105680,0.12189806997776031
2105856,0.12260054051876068
2106352,0.11308138817548752
2106368,0.10430165380239487
2106528,0.11866153031587601
2108496,0.11023765057325363
2109056,0.11007776856422424
2109440,0.11541575938463211
2109760,0.11710954457521439
2110624,0.11926066875457764
2111744,0.10924950242042542
2112576,0.11713723093271255
2113248,0.11244986951351166
2113504,0.1050584465265274
2113664,0.11906445026397705
2115312,0.11735893785953522
2116448,0.11861429363489151
2117248,0.12268228083848953
2118736,0.12547144293785095
2119184,0.11681830883026123
2119824,0.11669950187206268
2120048,0.12454964965581894
2120688,0.1160607859492302
2122384,0.12368586659431458
2123456,0.12018291652202606
2123552,0.12342238426208496
2125392,0.1200728788971901
2126048,0.10601331293582916
2126320,0.12050298601388931
2126992,0.12367821484804153
2128832,0.11830949038267136
2129056,0.12077321857213974
2129856,0.10699939727783203
2129968,0.1280965805053711
2130432,0.11043085157871246
2130768,0.10204007476568222
2132928,0.1215038076043129
2133472,0.11702439188957214
2134928,0.1142270416021347
2137504,0.11858263611793518
2137568,0.12368972599506378
2138352,0.11359260976314545
2140192,0.12269120663404465
2141104,0.12460585683584213
2142016,0.12060791999101639
2143904,0.11663518846035004
2145024,0.12506234645843506
2145072,0.12179117649793625
2145488,0.12401866167783737
2148416,0.0964316800236702
2148656,0.1228441596031189
2149616,0.12206103652715683
2151152,0.11903343349695206
2151168,0.12908510863780975
2151248,0.10932832956314087
2151696,0.11963356286287308
2151808,0.11276593059301376
2155600,0.12286022305488586
2157920,0.1122080460190773
2158272,0.1182868480682373
2159984,0.11377457529306412
2160304,0.11989863961935043
2162032,0.09974242001771927
2162592,0.1252528429031372
2163312,0.11543529480695724
2163360,0.12205744534730911
2165568,0.12290427088737488
2166192,0.12115734815597534
2166784,0.1164044737815857
2168560,0.12933482229709625
2168608,0.11676108092069626
2169040,0.12934793531894684
2170160,0.1095702052116394
2171744,0.1094394400715828
2172608,0.1085134744644165
2172800,0.1213134229183197
2175296,0.12028538435697556
2178816,0.11952749639749527
2179072,0.1258384883403778
2182608,0.1242375373840332
2183728,0.11224142462015152
2185168,0.12444278597831726
2188112,0.1294405162334442
2189808,0.12358593940734863
2190432,0.12328734993934631
2192112,0.12291269749403
2193456,0.12327343970537186
2194064,0.10912010818719864
2194096,0.12110409140586853
2197008,0.11405987292528152
2197616,0.12046767771244049
2197888,0.12721966207027435
2198912,0.114066943526268
2200480,0.12378859519958496
2202000,0.10978411138057709
2202288,0.10429105907678604
2204656,0.12470699846744537
2206320,0.09642795473337173
2208288,0.11032325029373169
2208384,0.1196528747677803
2208384,0.12115855515003204
2209440,0.11666244268417358
2211360,0.10155723989009857
2212144,0.11453595757484436
2213600,0.1234724372625351
2215184,0.11023566871881485
2216384,0.12329751253128052
2217232,0.12131918966770172
2217280,0.10624389350414276
2218672,0.12649787962436676
2219488,0.12494302541017532
2221024,0.12005074322223663
2221840,0.1217459961771965
2224736,0.12014864385128021
2225376,0.12370401620864868
2225472,0.11321132630109787
2227360,0.12183495610952377
2228080,0.11450573056936264
2228320,0.1206718385219574
2228544,0.06917096674442291
2229984,0.12504470348358154
2230400,0.1107649877667427
2230688,0.12175596505403519
2231904,0.12196949124336243
2234656,0.11905843764543533
2235488,0.11949612200260162
2236112,0.13043923676013947
2236368,0.12903109192848206
2236784,0.11012762039899826
2238736,0.10838199406862259
2239472,0.11600594967603683
2239904,0.12324623763561249
2241568,0.11755498498678207
2242192,0.11420439183712006
2243440,0.12504440546035767
2243648,0.1145353838801384
2244448,0.11380095779895782
2244688,0.1224794089794159
2247152,0.11619460582733154
2247248,0.11949994415044785
2248592,0.12699520587921143
2250240,0.11691780388355255
2250896,0.11917507648468018
2251776,0.12001977115869522
2252528,0.12467431277036667
2254400,0.12276920676231384
2256080,0.12057056277990341
2256080,0.11743631958961487
2257232,0.11939950287342072
2259632,0.12042994052171707
2259648,0.12049812078475952
2259728,0.108887679874897
2261184,0.12271782010793686
2262864,0.12200647592544556
2263440,0.0972420945763588
2265920,0.12162511795759201
2266176,0.11319389939308167
2266368,0.1204151064157486
2268272,0.11844777315855026
2268912,0.05772252380847931
2269488,0.11651230603456497
2270400,0.07848876714706421
2276128,0.07860938459634781
2276560,0.11084236204624176
2276720,0.11197953671216965
2280096,0.12672951817512512
2280144,0.12269407510757446
2280240,0.11218270659446716
2282016,0.10509895533323288
2282400,0.11223319172859192
2282880,0.11940320581197739
2284688,0.12022668868303299
2285280,0.11615660041570663
2287328,0.10884007811546326
2287696,0.12149790674448013
2287712,0.10696959495544434
2288544,0.1131783276796341
2289216,0.11958104372024536
2289232,0.11919783055782318
2291280,0.11594615876674652
2292176,0.12214396148920059
2295104,0.12358857691287994
2295680,0.12787558138370514
2296880,0.1260852813720703
2297408,0.11888547986745834
2298064,0.11905690282583237
2298448,0.12290376424789429
2298928,0.1165350079536438
2299456,0.12396325916051865
2301184,0.1224886029958725
2302192,0.11586303263902664
2303456,0.12204916030168533
2303568,0.11183985322713852
2304016,0.10054866969585419
2304784,0.11601617187261581
2307040,0.12535090744495392
2307536,0.1299147605895996
2308320,0.12448140978813171
2309040,0.12140166759490967
2310112,0.1209346354007721
2310960,0.1230468899011612
2311824,0.11934943497180939
2311856,0.11747851967811584
2314544,0.1197914108633995
2314560,0.11963497847318649
2314752,0.10966171324253082
2314800,0.11202157288789749
2315296,0.12131834775209427
2315744,0.09050585329532623
2317168,0.12224308401346207
2317440,0.07723630964756012
2319328,0.12266546487808228
2321072,0.11623483896255493
2322672,0.12165138125419617
2324400,0.12413405627012253
2326336,0.12055882811546326
2327088,0.12056246399879456
2327840,0.10976614058017731
2329104,0.11631046235561371
2331504,0.12210134416818619
2332896,0.11891288310289383
2333136,0.10517136007547379
2333232,0.10856422781944275
2335168,0.1103890985250473
2335264,0.10022689402103424
2336176,0.12582220137119293
2336864,0.1217084676027298
2336880,0.118476502597332
2337856,0.10417472571134567
2339216,0.10807732492685318
2339760,0.12802770733833313
2341072,0.1176033690571785
2344448,0.12478799372911453
2344944,0.10930397361516953
2345664,0.11415053904056549
2345888,0.09572046250104904
2348944,0.12134168297052383
2349024,0.12442418932914734
2349312,0.1163007915019989
2349536,0.1274815946817398
2349776,0.10803902894258499
2350336,0.1168612465262413
2352256,0.12552163004875183
2352544,0.11878114938735962
2354144,0.12746930122375488
2355152,0.11552048474550247
2356416,0.11949881166219711
2359760,0.12247437238693237
2360864,0.10478578507900238
2361344,0.1235206201672554
2362144,0.12037820369005203
2365536,0.12004610151052475
2366480,0.10191487520933151
2366976,0.11380935460329056
2367056,0.11212887614965439
2368496,0.11263591051101685
2369456,0.12100757658481598
2369936,0.1308317631483078
2370208,0.11971745640039444
2371472,0.12241663783788681
2372640,0.12426390498876572
2372944,0.1214611828327179
2372992,0.11491777002811432
2375040,0.12581083178520203
2375136,0.11491382867097855
2376304,0.11485277116298676
2377552,0.12126590311527252
2379984,0.1265614777803421
2379984,0.11060536652803421
2380560,0.11222947388887405
2381152,0.11915913224220276
2383104,0.12032290548086166
2383440,0.12279213964939117
2384752,0.12575626373291016
2386224,0.11572486162185669
2386976,0.1257617175579071
2387248,0.12687484920024872
2387408,0.11752345412969589
2388096,0.11124575138092041
2390560,0.12071437388658524
2390896,0.11758198589086533
2390976,0.12685902416706085
2391152,0.12645526230335236
2391360,0.11856593936681747
2393520,0.11619333177804947
2394992,0.11458529531955719
2395360,0.11405174434185028
2398304,0.1131395697593689
2400304,0.11346534639596939
2400336,0.08970604091882706
2402112,0.12363742291927338
2403904,0.12485820800065994
2405984,0.1199396625161171
2406496,0.10523635149002075
2408080,0.09667794406414032
2408912,0.10726211220026016
2409488,0.1216522753238678
2409488,0.11291329562664032
2410032,0.11814858764410019
2410960,0.12013645470142365
2411776,0.12448456883430481
2412240,0.09835202246904373
2413392,0.12491138279438019
2415152,0.09917102754116058
2415280,0.11954044550657272
2416128,0.11202690005302429
2416464,0.10203025490045547
2416624,0.12521664798259735
2416736,0.11438556760549545
2417280,0.12163398414850235
2417552,0.09836376458406448
2417712,0.10741522163152695
2418144,0.11697454750537872
2420160,0.11349882185459137
2420208,0.10912127792835236
2423184,0.12721367180347443
2423792,0.12700344622135162
2424816,0.11651040613651276
2426544,0.12517106533050537
2426800,0.12005095928907394
2427376,0.12366064637899399
2429632,0.1234540343284607
2430400,0.1247771680355072
2431872,0.1270267218351364
2432048,0.11795680224895477
2432064,0.11434371769428253
2434224,0.11407696455717087
2435088,0.10610940307378769
2437680,0.10596384853124619
2437968,0.11398535221815109
2439264,0.12178845703601837
2440048,0.12223579734563828
2441584,0.1216835081577301
2441680,0.12105908244848251
2442016,0.11377207189798355
2442832,0.11938808113336563
2443984,0.11873343586921692
2445088,0.12241452932357788
2447232,0.1243182122707367
2448896,0.11771753430366516
2449728,0.1215386763215065
2451632,0.11267751455307007
2452000,0.1233445331454277
2452384,0.1254468560218811
2452640,0.12183347344398499
2453552,0.11451999098062515
2455424,0.1200014054775238
2456048,0.11749862134456635
2456096,0.1221187561750412
2457712,0.1146007627248764
2458208,0.12429444491863251
2458864,0.11442767828702927
2459392,0.12282179296016693
2459712,0.12285352498292923
2460608,0.12953653931617737
2461360,0.11849838495254517
2461456,0.11279184371232986
2461504,0.12046876549720764
2462656,0.12183579802513123
2466000,0.11930059641599655
2467376,0.11451264470815659
2468688,0.12450654059648514
2468896,0.12590721249580383
2470992,0.12053944170475006
2475504,0.12356532365083694
2475856,0.12121880799531937
2475952,0.11434256285429001
2476144,0.12154721468687057
2477408,0.119649238884449
2477904,0.10956467688083649
2479472,0.11620081216096878
2480528,0.12031751871109009
2481552,0.11528840661048889
2481696,0.12508752942085266
2481808,0.11348435282707214
2482736,0.10550087690353394
2483184,0.11258920282125473
2486576,0.12710881233215332
2486848,0.11960511654615402
2487328,0.12213899940252304
2487744,0.11922506988048553
2492368,0.12250246107578278
2492608,0.11541867256164551
2493056,0.12007429450750351
2493792,0.12294843047857285
2494400,0.12221917510032654
2494880,0.119166299700737
2496880,0.12253066897392273
2497456,0.11454138159751892
2497792,0.11445977538824081
2498528,0.11588060855865479
2498592,0.12065303325653076
2498720,0.11217506229877472
2499792,0.12045498192310333
2500384,0.12421298027038574
2506960,0.11253945529460907
2509184,0.11057810485363007
2509776,0.10095871984958649
2510000,0.1094214990735054
2510528,0.12120933085680008
2511792,0.11176235973834991
2513632,0.12307483702898026
2515648,0.12467209249734879
2518976,0.12262818217277527
2522368,0.1270247846841812
2523520,0.11928971856832504
2524400,0.1231985092163086
2526656,0.0890573039650917
2527856,0.10454681515693665
2530688,0.11400038748979568
2531296,0.1201983317732811
2531488,0.12410058081150055
2532240,0.12209603935480118
2534896,0.12367170304059982
2537120,0.11984720081090927
2537872,0.12193607538938522
2538432,0.12062861770391464
2538464,0.12214957922697067
2538512,0.11049364507198334
2540880,0.11951016634702682
2542208,0.12460244446992874
2544288,0.12054720520973206
2545968,0.12036608904600143
2546448,0.12898220121860504
2548256,0.1135147288441658
2548480,0.12562385201454163
2555504,0.11748842149972916
2556272,0.12029452621936798
2557552,0.10638986527919769
2558832,0.12402502447366714
2558880,0.11566796898841858
2560512,0.12395630031824112
2562448,0.12338890880346298
2562704,0.1214786171913147
2563664,0.11814597994089127
2566048,0.12596574425697327
2566848,0.11409905552864075
2567216,0.11613065004348755
2567216,0.1255568116903305
2567600,0.12731489539146423
2568704,0.11907745152711868
2569696,0.11936063319444656
2570368,0.1258213222026825
2571008,0.1255895346403122
2571296,0.11966380476951599
2573232,0.11941294372081757
2573312,0.12308462709188461
2574400,0.1306988000869751
2575680,0.11133668571710587
2577632,0.11703762412071228
2577872,0.12450385838747025
2580512,0.11963764578104019
2580768,0.12513022124767303
2584192,0.1206364706158638
2584608,0.12633448839187622
2586240,0.12174806743860245
2586640,0.12895169854164124
2587600,0.10404832661151886
2587744,0.11759495735168457
2589840,0.11786115169525146
2590208,0.12061675637960434
2592832,0.11887308955192566
2594976,0.12630654871463776
2596320,0.11799518764019012
2596656,0.11997019499540329
2597792,0.1213536411523819
2598128,0.11875253915786743
2598272,0.1210746094584465
2599888,0.12512317299842834
2600064,0.11588815599679947
2600336,0.11800198256969452
2601856,0.12379558384418488
2601904,0.1029094010591507
2602384,0.10582391917705536
2602448,0.11609197407960892
2602656,0.09819821268320084
2605552,0.12299995869398117
2606512,0.12129926681518555
2607216,0.12541578710079193
2608960,0.12366048991680145
2609408,0.11615771800279617
2610832,0.11366565525531769
2611520,0.11783381551504135
2612848,0.11686671525239944
2612864,0.12868139147758484
2613504,0.10567544400691986
2614656,0.10251312702894211
2617840,0.10542906075716019
2618720,0.12355941534042358
2620688,0.11883699148893356
2624496,0.12150964140892029
2625792,0.1225130558013916
2626480,0.12278638780117035
2626816,0.11902465671300888
2627568,0.12829066812992096
2629152,0.12314044684171677
2629232,0.11882220953702927
2629440,0.11654984205961227
2630352,0.1290491223335266
2630496,0.11975663900375366
2631184,0.12208721786737442
2632976,0.11309532821178436
2633024,0.12253349274396896
2636528,0.1252104640007019
2637184,0.12097294628620148
2637472,0.12874972820281982
2637712,0.11742975562810898
2638000,0.10372395813465118
2638656,0.11653488874435425
2640432,0.10563105344772339
2641136,0.11927023530006409
2643568,0.12504667043685913
2643984,0.12666471302509308
2645456,0.12383611500263214
2647232,0.11616136878728867
2647296,0.12721867859363556
2647760,0.09372689574956894
2648560,0.11336036771535873
2649376,0.11786327511072159
2649920,0.11444897204637527
2650704,0.12030430138111115
2652512,0.11910663545131683
2652976,0.12124413996934891
2654112,0.1211187019944191
2654288,0.12171288579702377
2654464,0.11982713639736176
2655088,0.1187196671962738
2657248,0.11775871366262436
2657632,0.11592047661542892
2657632,0.12424905598163605
2657840,0.12505461275577545
2658624,0.12044612318277359
2659984,0.12202579528093338
2663664,0.11520634591579437
2664656,0.12183400988578796
2664800,0.12940651178359985
2666304,0.12698255479335785
2667376,0.12595543265342712
2667520,0.1280650645494461
2667856,0.11671363562345505
2670464,0.11547664552927017
2671824,0.12372615188360214
2671856,0.12251529842615128
2674880,0.11795669794082642
2676496,0.1251133233308792
2676720,0.11188574880361557
2677552,0.12275177985429764
2677872,0.12765440344810486
2678416,0.12476974725723267
2679920,0.10328052937984467
2680016,0.12711204588413239
2682384,0.09335117042064667
2683600,0.12102413922548294
2686944,0.11298751831054688
2687024,0.11756785213947296
2688544,0.13006532192230225
2688608,0.12217103689908981
2688608,0.12183570116758347
2688704,0.1245323121547699
2690080,0.12529978156089783
2690464,0.11240451782941818
2690480,0.12610989809036255
2690720,0.1232275664806366
2693600,0.12127625942230225
2693712,0.11669927835464478
2694224,0.11390987038612366
2695680,0.1269451528787613
2699184,0.11860117316246033
2700416,0.12083815038204193
2700800,0.12020686268806458
2701360,0.11800877004861832
2701552,0.12709054350852966
2702880,0.1277855783700943
2703424,0.11394304037094116
2704560,0.12101607769727707
2705488,0.12315084785223007
2705600,0.113971047103405
2706544,0.12463659793138504
2707344,0.12312504649162292
2708944,0.11634225398302078
2710032,0.12730775773525238
2710528,0.12494455277919769
2711568,0.12312233448028564
2714128,0.11927188187837601
2714192,0.10653185099363327
2716144,0.1268189251422882
2718400,0.12241747975349426
2718736,0.09462517499923706
2718944,0.12863610684871674
2718976,0.12642636895179749
2719648,0.12386593222618103
2719968,0.1095978170633316
2720768,0.10197325795888901
2722592,0.12726031243801117
2724688,0.12765006721019745
2725344,0.12072670459747314
2726208,0.11568772047758102
2726384,0.11345282942056656
2727376,0.09047013521194458
2728416,0.12253028899431229
2732336,0.11317309737205505
2732368,0.1275375783443451
2739216,0.12567776441574097
2739328,0.12862759828567505
2740208,0.10486224293708801
2741664,0.12265411764383316
2742208,0.12494996935129166
2743056,0.11698763072490692
2743888,0.11430835723876953
2744592,0.12537804245948792
2745792,0.12854422628879547
2746192,0.12492351979017258
2746400,0.11217886209487915
2746624,0.12212014198303223
2747200,0.0886388048529625
2747504,0.1218671128153801
2749648,0.11241165548563004
2750576,0.11041972041130066
2753520,0.12447720766067505
2754240,0.11555265635251999
2754592,0.12278159707784653
2757104,0.1250220239162445
2759664,0.11355708539485931
2761424,0.12381245195865631
2762528,0.11166638880968094
2763344,0.12264720350503922
2765296,0.09503700584173203
2766016,0.12053290754556656
2766288,0.11859691143035889
2766752,0.12293834239244461
2767280,0.11818134784698486
2767552,0.12226799875497818
2771008,0.12630373239517212
2771872,0.1117270439863205
2771984,0.12326791882514954
2772336,0.10026830434799194
2772432,0.12266648560762405
2773760,0.12241236865520477
2773840,0.12534965574741364
2774320,0.12540273368358612
2774976,0.09435664117336273
2775328,0.11869091540575027
2775568,0.12391436100006104
2775904,0.12620116770267487
2777376,0.11759697645902634
2777936,0.12037704885005951
2778368,0.11737751215696335
2779520,0.12360245734453201
2781984,0.11581999063491821
2782656,0.12020441144704819
2782752,0.12555935978889465
2783744,0.1186637431383133
2784048,0.12942467629909515
2784384,0.1255790889263153
2785408,0.12525491416454315
2787264,0.12122804671525955
2787408,0.1134655699133873
2787856,0.11817115545272827
2788176,0.11819931119680405
2788768,0.12470468133687973
2789280,0.1300308257341385
2789824,0.11610730737447739
2793376,0.11298226565122604
2794672,0.12450694292783737
2794880,0.12626473605632782
2795392,0.10332662612199783
2798960,0.11895401030778885
2799552,0.11933626234531403
2800464,0.10947543382644653
2801472,0.11078852415084839
2802016,0.12221740186214447
2802928,0.10788819938898087
2803008,0.11727051436901093
2803184,0.11888585239648819
2803968,0.12690313160419464
2804224,0.12201594561338425
2805200,0.12836524844169617
2806112,0.12233041226863861
2806512,0.12319736927747726
2807984,0.11865442246198654
2808080,0.11204151064157486
2810304,0.12526282668113708
2811296,0.12033585458993912
2813344,0.12774939835071564
2813680,0.12078423798084259
2813728,0.11282601952552795
2814224,0.11508384346961975
2814576,0.11133940517902374
2815872,0.11971607804298401
2816224,0.12645544111728668
2817328,0.11160261929035187
2818016,0.1211356371641159
2820032,0.12280541658401489
2820896,0.1270734667778015
2821584,0.12838029861450195
2823680,0.1242651492357254
2825328,0.12426319718360901
2825808,0.11777568608522415
2831840,0.12424476444721222
2832544,0.12132842093706131
2832848,0.12377271056175232
2833856,0.10045864433050156
2834224,0.11783979833126068
2835136,0.1257150024175644
2836048,0.12231750786304474
2837424,0.12041328102350235
2840912,0.1256638467311859
2841008,0.11125955730676651
2843520,0.12575146555900574
2846320,0.11862529814243317
2846704,0.12344449758529663
2847840,0.11712780594825745
2848096,0.11848056316375732
2848592,0.11878958344459534
2849456,0.12173669040203094
2849760,0.1343419849872589
2849952,0.12662190198898315
2850368,0.12402129173278809
2852256,0.1010231077671051
2853376,0.11699589341878891
2853440,0.12262042611837387
2854096,0.10915915668010712
2855488,0.12545353174209595
2859520,0.11242236196994781
2863968,0.11722958832979202
2864192,0.11599510163068771
2864608,0.1202506273984909
2866032,0.12288925051689148
2866176,0.10780166834592819
2866528,0.12391939014196396
2869840,0.12181738018989563
2870416,0.11020952463150024
2872112,0.10418087989091873
2872848,0.11774419248104095
2873968,0.12022329866886139
2874288,0.10049538314342499
2874944,0.10571272671222687
2875344,0.12271082401275635
2877184,0.11589206010103226
2877792,0.12521463632583618
2878592,0.11989109218120575
2878912,0.12505799531936646
2879680,0.11090539395809174
2884336,0.12431472539901733
2885104,0.11808996647596359
2885200,0.11496112495660782
2885744,0.11242469400167465
2886400,0.1222226694226265
2888400,0.11837942898273468
2888624,0.1235174760222435
2888640,0.12666356563568115
2889264,0.12164852768182755
2890176,0.07831957936286926
2892128,0.1214061751961708
2894560,0.12191464751958847
2894864,0.11804398894309998
2895184,0.11892670392990112
2895696,0.11440159380435944
2896864,0.11692021042108536
2897264,0.12363293021917343
2898752,0.12014919519424438
2900912,0.11220850795507431
2906544,0.12851719558238983
2907968,0.12004755437374115
2909392,0.12414474040269852
2911936,0.12506015598773956
2912976,0.12381910532712936
2913088,0.12232409417629242
2913328,0.1255781203508377
2913904,0.12312259525060654
2916672,0.10040155053138733
2917104,0.11853121966123581
2918688,0.12373609840869904
2920240,0.12693588435649872
2920688,0.11929547041654587
2921088,0.12367288023233414
2921488,0.12677396833896637
2921792,0.12270170450210571
2924032,0.1262539178133011
2925904,0.10748780518770218
2926272,0.1286696046590805
2927296,0.11414248496294022
2928512,0.11831653118133545
2928848,0.12641499936580658
2929344,0.11802811175584793
2930464,0.12132317572832108
2936240,0.12469682097434998
2936512,0.12042335420846939
2938480,0.11952602118253708
2939776,0.1214011088013649
2943360,0.12284570187330246
2945344,0.11920785903930664
2945392,0.12488240748643875
2947136,0.12754379212856293
2949568,0.11447455734014511
2949728,0.12462914735078812
2950064,0.10359052568674088
2950272,0.12059123814105988
2952864,0.12335577607154846
2953296,0.11828901618719101
2953312,0.11400050669908524
2953808,0.11610879004001617
2954128,0.1044558733701706
2954768,0.12608091533184052
2957056,0.12394461780786514
2959888,0.1205478236079216
2961232,0.1280532330274582
2962208,0.1111312210559845
2962224,0.12577912211418152
2962320,0.12581849098205566
2964368,0.11824849247932434
2965728,0.12605860829353333
2967728,0.12337545305490494
2969328,0.12316476553678513
2970320,0.12374385446310043
2971056,0.12684689462184906
2972864,0.12154905498027802
2972880,0.12486843764781952
2973472,0.12136410921812057
2974912,0.09241421520709991
2975424,0.11422818899154663
2975808,0.10724829882383347
2976752,0.12557552754878998
2978400,0.12541033327579498
2979312,0.11840969324111938
2980032,0.11903156340122223
2980384,0.12376713752746582
2981264,0.12072776257991791
2981792,0.12733213603496552
2981984,0.12304967641830444
2982528,0.11551804095506668
2983856,0.11431360989809036
2984448,0.12351544946432114
2984960,0.11136452853679657
2986944,0.12449181079864502
2987376,0.12108536064624786
2988912,0.12230347841978073
2990384,0.11409492045640945
2990624,0.10526088625192642
2991344,0.11233197897672653
2992000,0.12429438531398773
2993616,0.1271803230047226
2994224,0.12552370131015778
2994416,0.12734760344028473
2994800,0.11999814212322235
2995568,0.12276164442300797
2996016,0.10986557602882385
2997824,0.12238901853561401
2998320,0.12710930407047272
2999328,0.10704842954874039
3000800,0.1201360821723938
3004416,0.12434075772762299
3004960,0.12461847066879272
3008656,0.1258508563041687
3009760,0.127903550863266
3010240,0.12118855863809586
3011536,0.1236438974738121
3012368,0.12225405126810074
3013312,0.11738073080778122
3015056,0.1191442459821701
3015936,0.12465224415063858
3016560,0.12372326850891113
3016800,0.1247832253575325
3016864,0.12539078295230865
3018624,0.12047944217920303
3018976,0.11837250739336014
3020032,0.1274631917476654
3020128,0.12774059176445007
3022432,0.1215839684009552
3024192,0.10575023293495178
3025344,0.11989598721265793
3027568,0.11997304111719131
3027808,0.11876174807548523
3027808,0.12460334599018097
3028288,0.1250053197145462
3028464,0.1283411830663681
3028656,0.11825152486562729
3028752,0.12156089395284653
3028848,0.1200803890824318
3030784,0.12389221042394638
3030784,0.12526455521583557
3031104,0.12672863900661469
3031728,0.12053138017654419
3032304,0.1239883154630661
3033520,0.11521033942699432
3034416,0.12422104924917221
3034848,0.12808707356452942
3035408,0.12446346879005432
3037408,0.1146719679236412
3037504,0.12175913900136948
3037904,0.11615529656410217
3038400,0.12589271366596222
3039024,0.11881495267152786
3039536,0.13169756531715393
3043296,0.11862964183092117
3045392,0.11318695545196533
3045616,0.1162603497505188
3047600,0.11959599703550339
3048432,0.1111646518111229
3051136,0.11941667646169662
3052208,0.12113942950963974
3053136,0.12243164330720901
3054112,0.11626725643873215
3054464,0.1102263405919075
3055648,0.12094884365797043
3057920,0.11721070110797882
3058704,0.12698638439178467
3058912,0.09460008144378662
3059168,0.12603944540023804
3059312,0.12425661087036133
3059936,0.12367258965969086
3065392,0.1264047920703888
3065728,0.12494844943284988
3065920,0.118550144135952
3066272,0.11433272808790207
3066640,0.11927368491888046
3069040,0.11667601764202118
3069296,0.12410740554332733
3069520,0.12792430818080902
3069808,0.1257358342409134
3069840,0.12152811139822006
3070976,0.09173185378313065
3071664,0.12377014011144638
3073488,0.12773515284061432
3073504,0.12685245275497437
3075904,0.11329660564661026
3076688,0.11864612251520157
3076800,0.1258813887834549
3080912,0.12110848724842072
3081952,0.11422432959079742
3082384,0.1246066763997078
3083392,0.11782235652208328
3083520,0.1089654266834259
3083712,0.12152359634637833
3085424,0.11320420354604721
3087104,0.1268676519393921
3087904,0.12019740045070648
3088640,0.12485399097204208
3089408,0.12476140260696411
3090400,0.12271475791931152
3091584,0.12907160818576813
3093792,0.08757401257753372
3093904,0.12755505740642548
3094304,0.1291218101978302
3094432,0.12663845717906952
3094896,0.12442587316036224
3095648,0.13026584684848785
3097184,0.11554411053657532
3097776,0.12711775302886963
3098816,0.11426157504320145
3099408,0.10097573697566986
3101600,0.12278390675783157
3103344,0.09512806683778763
3103888,0.12209715694189072
3104096,0.11773278564214706
3104688,0.12666425108909607
3104976,0.12788110971450806
3104976,0.12044472992420197
3105120,0.1247689425945282
3108512,0.1237260177731514
3109696,0.11929772049188614
3109808,0.12370181828737259
3111872,0.12653560936450958
3112416,0.11221712082624435
3113344,0.1220155581831932
3113456,0.12833181023597717
3113616,0.1229213997721672
3114176,0.1235392764210701
3115680,0.12010487169027328
3125424,0.11738311499357224
3125520,0.11236297339200974
3125584,0.121873639523983
3128032,0.11943565309047699
3128880,0.11830178648233414
3129120,0.12190408259630203
3130048,0.12347178906202316
3130336,0.12485867738723755
3131264,0.12173175811767578
3133056,0.12351872026920319
3133056,0.1061781644821167
3133472,0.1185634657740593
3136656,0.1235041692852974
3137248,0.1156223714351654
3138432,0.11512283980846405
3138480,0.12096929550170898
3138592,0.12042541056871414
3139760,0.11912927776575089
3139984,0.12318918108940125
3140720,0.10092807561159134
3141936,0.1278289407491684
3143296,0.12252135574817657
3143760,0.1256086528301239
3145568,0.1239258274435997
3147856,0.12291410565376282
3148240,0.11491416394710541
3148480,0.12377911061048508
3149184,0.11994509398937225
3150512,0.09694011509418488
3151344,0.12316245585680008
3151456,0.12068414688110352
3152064,0.12161822617053986
3152608,0.12135173380374908
3154496,0.10167340189218521
3155392,0.11023493111133575
3156336,0.12313427031040192
3158080,0.11624276638031006
3158560,0.12032807618379593
3160944,0.11864425987005234
3161568,0.1235198900103569
3161600,0.11285608261823654
3162224,0.12726429104804993
3163504,0.09755557775497437
3164672,0.1075076311826706
3165120,0.12130482494831085
3165200,0.11535080522298813
3165792,0.12198352813720703
3167088,0.1164286732673645
3167392,0.12166264653205872
3170080,0.11170289665460587
3170304,0.12699660658836365
3171328,0.12783774733543396
3172480,0.12443874776363373
3173024,0.12414863705635071
3173920,0.11775930225849152
3175456,0.12613162398338318
3178144,0.12989692389965057
3178288,0.09981953352689743
3179984,0.1165216714143753
3181408,0.12076549232006073
3181632,0.12111536413431168
3181856,0.11733166873455048
3182320,0.12207212299108505
3183264,0.11953067779541016
3183744,0.12155719846487045
3185504,0.1194387823343277
3186080,0.10622308403253555
3188848,0.11683297902345657
3188880,0.12691254913806915
3189616,0.11907961219549179
3192352,0.11902274191379547
3193152,0.1158105656504631
3193872,0.11758933961391449
3195840,0.11200475692749023
3196720,0.11330074071884155
3196736,0.12769734859466553
3198032,0.11562778800725937
3198128,0.11389924585819244
3199008,0.12213865667581558
3199520,0.12349797785282135
3200336,0.12515538930892944
3201872,0.11718133836984634
3202688,0.11400467157363892
3203072,0.12255753576755524
3203776,0.09564753621816635
3203984,0.12218296527862549
3205200,0.11653558164834976
3206592,0.11376658827066422
3207856,0.09847402572631836
3208880,0.11970210820436478
3209184,0.12466743588447571
3212720,0.12564913928508759
3213312,0.10421576350927353
3215936,0.12720994651317596
3216944,0.12463902682065964
3217424,0.10499997437000275
3217872,0.09786605834960938
3218512,0.11745092272758484
3219120,0.12393855303525925
3219488,0.12005504220724106
3221136,0.11743123829364777
3222304,0.12300735712051392
3222608,0.10159163177013397
3222848,0.11940917372703552
3223520,0.1227337121963501
3224064,0.11550137400627136
3226352,0.12279077619314194
3226528,0.10715746879577637
3227072,0.12693476676940918
3228432,0.1247243583202362
3228736,0.12737806141376495
3228992,0.10902108997106552
3229840,0.1243988424539566
3231072,0.1218114048242569
3232368,0.12245960533618927
3233376,0.12697196006774902
3233504,0.11417818069458008
3233552,0.12145009636878967
3234160,0.12371964752674103
3234256,0.1253991425037384
3235856,0.12749111652374268
3235920,0.1126091405749321
3237984,0.12540297210216522
3239264,0.10435169190168381
3240624,0.12676434218883514
3242112,0.11560919135808945
3242768,0.12207547575235367
3242848,0.10837500542402267
3244352,0.12216336280107498
3247424,0.12548263370990753
3248256,0.12547190487384796
3248416,0.12100893259048462
3249920,0.1248701810836792
3249952,0.10025246441364288
3250320,0.12122057378292084
3257040,0.12401534616947174
3257920,0.1221984252333641
3260480,0.11323107779026031
3260560,0.10664379596710205
3261744,0.12507563829421997
3264944,0.11977259069681168
3269792,0.10658805072307587
3270800,0.12425637990236282
3271392,0.11939151585102081
3273248,0.12380245327949524
3274992,0.12151232361793518
3275456,0.11360287666320801
3276624,0.11977338045835495
3278064,0.11980592459440231
3279456,0.11795278638601303
3280576,0.12564916908740997
3281632,0.12493317574262619
3285216,0.12125761806964874
3287584,0.10767999291419983
3287840,0.11987806111574173
3289120,0.12439487874507904
3290160,0.11832132190465927
3292880,0.12440133094787598
3293568,0.12781266868114471
3296848,0.12278246879577637
3299632,0.12677544355392456
3300416,0.11888997256755829
3302032,0.12369139492511749
3302832,0.12396538257598877
3302848,0.10893469303846359
3304160,0.12770779430866241
3304352,0.11440212279558182
3305168,0.12551864981651306
3306672,0.12216661870479584
3307536,0.12387913465499878
3311328,0.12076007574796677
3311472,0.12546826899051666
3312320,0.11968567222356796
3313408,0.1256263256072998
3313952,0.12549100816249847
3314544,0.11900500953197479
3316944,0.12616105377674103
3317056,0.12465875595808029
3318096,0.12105502188205719
3318464,0.12229381501674652
3318656,0.11992357671260834
3319184,0.12436910718679428
3319392,0.12299562990665436
3321056,0.11437220871448517
3321600,0.12451549619436264
3321632,0.12142257392406464
3324256,0.12396074831485748
3324624,0.12493181973695755
3325232,0.1273708939552307
3326704,0.12021506577730179
3327616,0.12623761594295502
3327712,0.11622624844312668
3327712,0.11952489614486694
3327888,0.10224725306034088
3328288,0.11853070557117462
3330944,0.12310370802879333
3331296,0.1245839074254036
3331888,0.12427403777837753
3333376,0.12144438922405243
3333776,0.12366221100091934
3333872,0.12165315449237823
3334688,0.12645204365253448
3334896,0.12595157325267792
3337360,0.12169846147298813
3337440,0.12684859335422516
3338976,0.11434991657733917
3341824,0.1275840699672699
3341920,0.1173468828201294
3342624,0.11943993717432022
3344032,0.12427952885627747
3344416,0.11955205351114273
3345456,0.12474262714385986
3348000,0.10402543842792511
3348352,0.11660286039113998
3349056,0.12607333064079285
3349856,0.12333148717880249
3351728,0.11982667446136475
3351792,0.11567109823226929
3352480,0.12833088636398315
3352496,0.12031633406877518
3354944,0.12256157398223877
3355088,0.12352168560028076
3356048,0.10921849310398102
3356128,0.11996924132108688
3359136,0.0851079449057579
3359584,0.1223989799618721
3359680,0.12149963527917862
3361792,0.12814924120903015
3362320,0.11682578176259995
3362576,0.1292935311794281
3363104,0.1284974366426468
3363264,0.13453449308872223
3363552,0.12339141219854355
3363600,0.12961800396442413
3365360,0.12261254340410233
3365632,0.10876111686229706
3366192,0.1252051293849945
3370736,0.123258076608181
3372960,0.12119502574205399
3373280,0.12019287794828415
3376032,0.11858570575714111
3376448,0.12329480051994324
3377632,0.12114217877388
3377920,0.10753034055233002
3380480,0.1220250055193901
3381376,0.1137891560792923
3383872,0.12864825129508972
3384928,0.12415167689323425
3387056,0.12344973534345627
3387344,0.10550343245267868
3388256,0.11545254290103912
3389424,0.12217170000076294
3392112,0.1219736859202385
3394112,0.1272152215242386
3394496,0.10474730283021927
3395632,0.12277387082576752
3396464,0.10369350016117096
3397632,0.12165119498968124
3399200,0.12279190868139267
3400656,0.1136285737156868
3401040,0.12666060030460358
3401216,0.11765915155410767
3401280,0.1131344586610794
3404192,0.12044093012809753
3404832,0.1199033185839653
3404928,0.11201106756925583
3405440,0.11824169754981995
3405696,0.1246400997042656
3406240,0.12110427767038345
3408064,0.12741531431674957
3408544,0.12508516013622284
3408736,0.1237817108631134
3409072,0.12511135637760162
3409264,0.09940798580646515
3410544,0.09948036819696426
3412048,0.120753213763237
3414784,0.11780600994825363
3414992,0.11380283534526825
3415648,0.12659452855587006
3415728,0.11652446538209915
3418464,0.1252593845129013
3418896,0.11568547785282135
3421520,0.12328728288412094
3421616,0.12288111448287964
3422512,0.11605378985404968
3422512,0.11876504123210907
3426688,0.12339174747467041
3428448,0.11700921505689621
3429008,0.13016678392887115
3429664,0.12335994839668274
3430208,0.12707632780075073
3431680,0.12438593059778214
3432640,0.12391310930252075
3433824,0.09538745880126953
3435296,0.12599800527095795
3435472,0.11122845858335495
3436144,0.12219215929508209
3437424,0.12060867995023727
3437856,0.12435001134872437
3438832,0.12837457656860352
3438864,0.12552718818187714
3439808,0.11861911416053772
3441904,0.12180213630199432
3443056,0.12270178645849228
3443344,0.12590940296649933
3443440,0.1262500137090683
3444496,0.12738439440727234
3445488,0.12420805543661118
3446688,0.12189130485057831
3446960,0.11780696362257004
3448112,0.1188914105296135
3451600,0.11818590760231018
3451632,0.12671226263046265
3452160,0.12871764600276947
3455152,0.12187936156988144
3455424,0.12186135351657867
3455472,0.11893033981323242
3456144,0.12769043445587158
3457152,0.12839941680431366
3457520,0.11953378468751907
3459040,0.12296775728464127
3459584,0.12245400249958038
3459760,0.12024044245481491
3462720,0.11957257241010666
3463216,0.12702840566635132
3463376,0.12047400325536728
3463808,0.12004929780960083
3465808,0.12234906107187271
3466048,0.1269523799419403
3468144,0.12346631288528442
3470688,0.12336532026529312
3471328,0.1256665289402008
3471920,0.12086153775453568
3472912,0.1239779144525528
3473008,0.11274184286594391
3473248,0.13128496706485748
3473376,0.1258479654788971
3473936,0.12223640084266663
3476544,0.121626116335392
3476832,0.12170082330703735
3478000,0.12352894246578217
3478448,0.12108432501554489
3478848,0.12698304653167725
3480000,0.12127837538719177
3480928,0.12115558236837387
3481200,0.12042628973722458
3481600,0.12378700077533722
3481920,0.12464548647403717
3482464,0.12351824343204498
3482576,0.10924436151981354
3483232,0.12971231341362
3483888,0.12229319661855698
3485056,0.1265309453010559
3485568,0.12247870862483978
3486880,0.12625634670257568
3487504,0.13034291565418243
3488640,0.11814969033002853
3490752,0.11304982006549835
3491648,0.12341465801000595
3491696,0.12677402794361115
3492176,0.1246851459145546
3492576,0.12102650105953217
3495168,0.1264215111732483
3495584,0.1256791651248932
3495632,0.10965325683355331
3495696,0.1222815066576004
3496224,0.11948557198047638
3496448,0.11894869059324265
3498864,0.12000398337841034
3499888,0.12024281919002533
3501216,0.12466596066951752
3503584,0.12295808643102646
3505104,0.12123696506023407
3505152,0.1250959187746048
3505728,0.09843921661376953
3508320,0.12003261595964432
3510784,0.12601996958255768
3512768,0.126346617937088
3514368,0.11593812704086304
3514944,0.11885624378919601
3516352,0.12504683434963226
3517024,0.1236276924610138
3518592,0.11349457502365112
3521360,0.12110868841409683
3521504,0.12917734682559967
3522112,0.12596477568149567
3524912,0.12764707207679749
3528432,0.11703816801309586
3528720,0.1240292564034462
3530256,0.11676052957773209
3530560,0.12429191917181015
3531552,0.12814739346504211
3531776,0.1250743567943573
3531936,0.11181122064590454
3532848,0.11035677045583725
3533584,0.11014021188020706
3535552,0.120697982609272
3536208,0.12614861130714417
3537056,0.12632811069488525
3537360,0.1198444589972496
3537648,0.1288069486618042
3538528,0.11817038059234619
3538992,0.11643249541521072
3539104,0.11836675554513931
3540544,0.1151653304696083
3542704,0.12443440407514572
3543088,0.1166258454322815
3543216,0.1250094473361969
3545696,0.11766966432332993
3546688,0.12375455349683762
3547904,0.10642766207456589
3548400,0.11480458825826645
3549344,0.11173474788665771
3549824,0.12217835336923599
3550928,0.12054881453514099
3554384,0.12003742158412933
3555120,0.11786064505577087
3555296,0.12307103723287582
3556928,0.12029120326042175
3557088,0.11876965314149857
3558000,0.12251850217580795
3558800,0.12275034934282303
3559728,0.11800971627235413
3559968,0.10243817418813705
3559984,0.12105007469654083
3561312,0.12030938267707825
3562272,0.12537658214569092
3562528,0.12444707751274109
3563408,0.126389279961586
3564240,0.11810159683227539
3567216,0.12250809371471405
3569392,0.12490621209144592
3570704,0.12218018621206284
3571408,0.12414158135652542
3572944,0.12468192726373672
3573728,0.12459705024957657
3574128,0.12600520253181458
3574384,0.11963867396116257
3576576,0.12252593785524368
3579568,0.11982889473438263
3580128,0.12029316276311874
3580256,0.1222979724407196
3580992,0.12199277430772781
3583088,0.12384512275457382
3583392,0.12080690264701843
3583712,0.12190515547990799
3584544,0.1004054993391037
3585392,0.12711764872074127
3586160,0.12135422229766846
3587792,0.1244618147611618
3588048,0.11825650930404663
3589056,0.12130193412303925
3589328,0.12012411653995514
3589488,0.1180110052227974
3591776,0.11889079958200455
3592896,0.11954614520072937
3593680,0.11326279491186142
3595120,0.11656603962182999
3596320,0.12433755397796631
3596704,0.1154487207531929
3597248,0.12585172057151794
3598768,0.12426714599132538
3599584,0.12082928419113159
3600384,0.11338289827108383
3600880,0.12092089653015137
3601088,0.10874216258525848
3602048,0.1251339465379715
3603984,0.11891193687915802
3604592,0.11255064606666565
3604688,0.12624944746494293
3604704,0.1131221130490303
3606944,0.11096193641424179
3607040,0.10552215576171875
3607888,0.12251141667366028
3609408,0.09641892462968826
3609440,0.11932475864887238
3610496,0.1254945993423462
3610816,0.11784625798463821
3611360,0.10645782202482224
3611568,0.11738443374633789
3611584,0.11946801096200943
3611840,0.12744072079658508
3613040,0.12308245152235031
3614192,0.11800325661897659
3617104,0.11775198578834534
3619168,0.12476961314678192
3620208,0.12446299940347672
3620496,0.12897373735904694
3620672,0.11047779768705368
3621056,0.12483026087284088
3621072,0.12353859096765518
3621568,0.12229180335998535
3622032,0.11974351108074188
3622208,0.12218187004327774
3624080,0.12457723170518875
3624672,0.11964567005634308
3626320,0.11105963587760925
3629248,0.12956936657428741
3629616,0.12173933535814285
3630112,0.10695911198854446
3630784,0.12562687695026398
3631856,0.12380673736333847
3632240,0.1285468488931656
3633904,0.11188512295484543
3635776,0.1280575692653656
3636960,0.1261471062898636
3637408,0.12257413566112518
3638032,0.1098049059510231
3640128,0.1265438199043274
3640224,0.12235434353351593
3640704,0.11204885691404343
3640720,0.1171840950846672
3640928,0.12542085349559784
3641648,0.12400618195533752
3641840,0.12800978124141693
3643376,0.11302464455366135
3643648,0.12266656011343002
3644464,0.12573592364788055
3645552,0.12253347039222717
3646432,0.11417272686958313
3649120,0.12256776541471481
3649984,0.11695978790521622
3650816,0.12890967726707458
3651184,0.12919539213180542
3652320,0.12196135520935059
3653472,0.12912997603416443
3655904,0.1016971617937088
3656224,0.12878453731536865
3657024,0.12041138857603073
3658368,0.11958399415016174
3659248,0.10679532587528229
3659840,0.11883491277694702
3661584,0.10944423824548721
3662320,0.10602358728647232
3665088,0.12426561862230301
3665312,0.12322723865509033
3667216,0.11601120978593826
3668480,0.12740568816661835
3669440,0.11759330332279205
3670384,0.12189558148384094
3670752,0.12069711834192276
3671376,0.11565734446048737
3672272,0.12466277182102203
3674304,0.12111194431781769
3675968,0.115964375436306
3677456,0.12519879639148712
3680192,0.12332889437675476
3681360,0.12430168688297272
3682624,0.09135739505290985
3684816,0.12397738546133041
3685632,0.12674441933631897
3686032,0.12406232208013535
3686320,0.11287019401788712
3688304,0.11950652301311493
3689440,0.12696513533592224
3689648,0.11867759376764297
3691008,0.12089350074529648
3691904,0.11900032311677933
3693744,0.12014389038085938
3694752,0.12358760088682175
3695456,0.1261461228132248
3697232,0.1264059990644455
3699056,0.12505598366260529
3699680,0.12530234456062317
3699872,0.12137741595506668
3700208,0.12434837967157364
3700896,0.1269887089729309
3702640,0.11520463228225708
3704256,0.1140793040394783
3707504,0.12028473615646362
3707840,0.12170717120170593
3707856,0.12127365916967392
3707872,0.08300305157899857
3708112,0.11685792356729507
3709040,0.11886677145957947
3710368,0.12698151171207428
3713168,0.12676803767681122
3714992,0.11985566467046738
3715280,0.11788547784090042
3717776,0.1211763545870781
3718640,0.12075144797563553
3718896,0.1239289939403534
3723248,0.12083285301923752
3724672,0.12402819842100143
3730720,0.12682849168777466
3731680,0.12392300367355347
3732848,0.12806336581707
3733952,0.1198987141251564
3734544,0.12798038125038147
3734624,0.12337634712457657
3735744,0.12461002916097641
3737840,0.12257473915815353
3738080,0.10695305466651917
3738080,0.12870438396930695
3741120,0.12534396350383759
3741632,0.12155665457248688
3743696,0.10943099856376648
3745248,0.12185177206993103
3747360,0.11943630129098892
3748160,0.12278851866722107
3748672,0.12543189525604248
3749856,0.1172451600432396
3750128,0.11871497333049774
3752128,0.12814056873321533
3753200,0.09391458332538605
3753664,0.12050909548997879
3757344,0.12463930994272232
3757968,0.11899285763502121
3759280,0.1253993958234787
3759328,0.12427069246768951
3759744,0.12276652455329895
3759776,0.1255699247121811
3760640,0.1215619370341301
3761520,0.1241360455751419
3762800,0.12934443354606628
3762864,0.1267654150724411
3762944,0.12167592346668243
3763136,0.12373029440641403
3763888,0.12538671493530273
3764640,0.12186596542596817
3765056,0.12285812944173813
3765152,0.12476316839456558
3766336,0.12436601519584656
3766704,0.12132611125707626
3770304,0.12669283151626587
3771344,0.10531443357467651
3771712,0.1292644739151001
3772512,0.13131408393383026
3773264,0.11444307863712311
3775312,0.12120140343904495
3775776,0.12184957414865494
3777008,0.12979038059711456
3777440,0.12104937434196472
3777456,0.12151806056499481
3778016,0.12646397948265076
3780592,0.12335421144962311
3781024,0.12369070202112198
3783072,0.1071092039346695
3783280,0.12291045486927032
3784192,0.12354876101016998
3784608,0.12499575316905975
3784624,0.12332498282194138
3785264,0.10166748613119125
3787344,0.12386748939752579
3788208,0.12445170432329178
3788256,0.12733247876167297
3788688,0.11285135895013809
3788816,0.12283219397068024
3791408,0.12532760202884674
3792192,0.12950704991817474
3793472,0.12018600851297379
3793824,0.13017447292804718
3794976,0.1195468083024025
3795792,0.12653017044067383
3798384,0.12482910603284836
3798544,0.12998729944229126
3798640,0.11254997551441193
3798864,0.127023845911026
3801696,0.11408375203609467
3802480,0.1093832328915596
3802496,0.12189000099897385
3805408,0.10571052879095078
3805488,0.1207248643040657
3807872,0.10705392807722092
3809712,0.12197171896696091
3812144,0.10230962187051773
3812800,0.12377000600099564
3816336,0.1254291981458664
3819360,0.12249629944562912
3820000,0.11574840545654297
3821648,0.1256045550107956
3822064,0.12580622732639313
3823168,0.11697933822870255
3823408,0.08811072260141373
3823696,0.11426035314798355
3827216,0.12699447572231293
3830336,0.12494898587465286
3830864,0.12029275298118591
3833984,0.1197199895977974
3834864,0.12067938596010208
3836304,0.12159506976604462
3839920,0.12172386795282364
3839952,0.11765988171100616
3840880,0.11317075043916702
3841424,0.12832337617874146
3842064,0.12237181514501572
3845136,0.12077881395816803
3846272,0.12313710153102875
3848096,0.11594482511281967
3848560,0.11884579807519913
3852144,0.12148347496986389
3853984,0.09100549668073654
3855616,0.12385272979736328
3857520,0.127821683883667
3857520,0.12125920504331589
3857584,0.12440212070941925
3860272,0.1237872987985611
3861040,0.11738625168800354
3863904,0.12113149464130402
3864416,0.12282030284404755
3865008,0.11793630570173264
3866144,0.1176375076174736
3867424,0.12364193797111511
3868496,0.12578368186950684
3869792,0.11657128483057022
3870000,0.12972430884838104
3870176,0.08554268628358841
3871024,0.11826103180646896
3871920,0.122304268181324
3872112,0.12160624563694
3873232,0.1139167919754982
3874608,0.11922131478786469
3875696,0.10966628044843674
3876032,0.12556999921798706
3878896,0.12299937754869461
3879312,0.12363429367542267
3880272,0.12361986935138702
3880304,0.1239202469587326
3881120,0.12410721927881241
3881536,0.11847639828920364
3882560,0.1213110089302063
3882624,0.11661797761917114
3882640,0.12152769416570663
3882816,0.12296579033136368
3884032,0.11695774644613266
3885472,0.11747705191373825
3885648,0.10566435754299164
3885680,0.1260252743959427
3886672,0.10839391499757767
3889696,0.12662778794765472
3894800,0.12271422147750854
3896400,0.11404366046190262
3897008,0.1237715408205986
3898656,0.12452849000692368
3900928,0.11645868420600891
3901088,0.1122182086110115
3901216,0.1205609068274498
3904864,0.10980211943387985
3905536,0.11395540088415146
3905904,0.11807432770729065
3906912,0.12288801372051239
3907680,0.1224585548043251
3908784,0.1284775584936142
3909104,0.12259355187416077
3909440,0.12070794403553009
3909872,0.12239083647727966
3911216,0.1109282523393631
3911600,0.12211871892213821
3911648,0.10091228783130646
3911824,0.12163610011339188
3913968,0.1280270665884018
3914096,0.1216234564781189
3918992,0.12551239132881165
3923344,0.12842777371406555
3924720,0.11281852424144745
3925936,0.11750128120183945
3926448,0.12269125133752823
3927248,0.12234526872634888
3931376,0.124754898250103
3932880,0.12052417546510696
3934944,0.11933152377605438
3935312,0.12878917157649994
3937408,0.1255284547805786
3940032,0.12381268292665482
3942496,0.12934032082557678
3946032,0.13135547935962677
3946400,0.1210184320807457
3947360,0.12429238855838776
3947792,0.11927205324172974
3949328,0.1215599775314331
3949888,0.13018520176410675
3951344,0.12366794049739838
3954192,0.12274589389562607
3954304,0.12539838254451752
3955248,0.12030304968357086
3955872,0.12116997689008713
3957664,0.12374414503574371
3958624,0.1239432618021965
3962672,0.12286496162414551
3963584,0.13322731852531433
3963776,0.12382792681455612
3965216,0.1229819506406784
3966960,0.12641926109790802
3968000,0.10988062620162964
3968528,0.1174745112657547
3968768,0.1073615625500679
3970304,0.12448634207248688
3970624,0.12035126239061356
3972112,0.11819121241569519
3974224,0.12284194678068161
3977408,0.12123364210128784
3978992,0.12514789402484894
3980752,0.10240956395864487
3982704,0.1258624941110611
3983936,0.12146970629692078
3985088,0.1244039312005043
3986144,0.11832202225923538
3986320,0.12125483900308609
3986608,0.0770990327000618
3987024,0.12439872324466705
3988544,0.12768247723579407
3988640,0.11935023963451385
3991488,0.12337972223758698
3993200,0.11150452494621277
3993360,0.1255127638578415
3993760,0.12030713260173798
3994320,0.10657410323619843
3995344,0.1270114928483963
3995680,0.12458010017871857
3998800,0.09769243746995926
3999024,0.12191887199878693
4002784,0.12189523875713348
4004160,0.12580068409442902
4005104,0.11361171305179596
4008128,0.12599489092826843
4009488,0.12130223959684372
4009552,0.12325684726238251
4011520,0.1210346668958664
4014688,0.12308869510889053
4016640,0.12184435874223709
4017264,0.12342871725559235
4018256,0.12624233961105347
4019376,0.11850617080926895
4020784,0.12456746399402618
4021808,0.12097867578268051
4022000,0.11589431017637253
4022224,0.11207801103591919
4022320,0.12871035933494568
4022432,0.12668851017951965
4022928,0.10886356234550476
4023696,0.10767414420843124
4025344,0.1265304833650589
4025888,0.12263856828212738
4032368,0.12549521028995514
4033104,0.12893038988113403
4035040,0.10726933181285858
4035344,0.12583188712596893
4037136,0.12650178372859955
4037984,0.126505047082901
4039392,0.12143810838460922
4041584,0.12789402902126312
4042224,0.12806954979896545
4045840,0.12151330709457397
4046480,0.1244068518280983
4046960,0.12400225549936295
4047488,0.12246210873126984
4049648,0.11607752740383148
4049696,0.12166439741849899
4053120,0.12341280281543732
4053440,0.1100110411643982
4053648,0.12331780046224594
4053696,0.10437554866075516
4055920,0.121573306620121
4060192,0.11600127816200256
4062416,0.1218600794672966
4063344,0.11332366615533829
4063520,0.12351653724908829
4063664,0.1238175481557846
4064176,0.12304714322090149
4065136,0.12313240021467209
4065856,0.11405117809772491
4066784,0.12296589463949203
4068736,0.1129581481218338
4069888,0.12025733292102814
4070128,0.12361874431371689
4070496,0.12739303708076477
4071680,0.11641198396682739
4073328,0.1078002005815506
4073584,0.12003990262746811
4074080,0.1263623833656311
4074912,0.12246229499578476
4075520,0.12215844541788101
4075936,0.11935330182313919
4076944,0.12222372740507126
4077136,0.12792061269283295
4077632,0.12876427173614502
4078992,0.12478090822696686
4079280,0.11440584808588028
4080704,0.12748956680297852
4084416,0.11818799376487732
4085248,0.124241903424263
4089184,0.11742899566888809
4090576,0.11915944516658783
4092000,0.11904704570770264
4092720,0.1187102273106575
4092880,0.1243937686085701
4095584,0.11756959557533264
4095632,0.12468060106039047
4095888,0.11722864955663681
4099104,0.12690940499305725
4099456,0.117528535425663
4099872,0.1195068508386612
4101952,0.12204845994710922
4102672,0.12203226238489151
4103168,0.12983287870883942
4103424,0.1330399364233017
4103760,0.12357503920793533
4103840,0.1122283861041069
4107136,0.11990682035684586
4109664,0.12494082748889923
4109680,0.11298944801092148
4110032,0.12805353105068207
4110896,0.126576229929924
4111616,0.12121778726577759
4112672,0.11770575493574142
4113312,0.12670741975307465
4114208,0.12001202255487442
4115936,0.11817110329866409
4117024,0.11535350233316422
4117792,0.12381794303655624
4118752,0.126994326710701
4119216,0.12688976526260376
4120704,0.1157856285572052
4121344,0.12876179814338684
4124864,0.12682875990867615
4126000,0.11968661099672318
4126464,0.121150903403759
4128800,0.12141568958759308
4129600,0.12624895572662354
4130720,0.12601207196712494
4131536,0.12091514468193054
4132352,0.10648788511753082
4132560,0.09861817210912704
4133104,0.12527348101139069
4133168,0.1253390908241272
4133200,0.10468195378780365
4135520,0.1301792860031128
4136048,0.12854181230068207
4138224,0.10328542441129684
4139632,0.11456304043531418
4140224,0.12588012218475342
4140240,0.12654614448547363
4140720,0.11312150210142136
4140752,0.1265733242034912
4142512,0.12883242964744568
4143424,0.11837256699800491
4143680,0.12252920120954514
4143824,0.12442075461149216
4144288,0.12287555634975433
4145088,0.11699012666940689
4145344,0.11858455091714859
4145360,0.1127188578248024
4147072,0.12246467173099518
4147872,0.1181626245379448
4149984,0.11853966861963272
4151888,0.11463182419538498
4152448,0.12794876098632812
4153056,0.1128789484500885
4154944,0.12967243790626526
4156208,0.11717355251312256
4159664,0.12088865786790848
4159904,0.12632068991661072
4161616,0.12733395397663116
4161888,0.12328752875328064
4162176,0.11885999888181686
4163056,0.11553432792425156
4163120,0.1230132132768631
4165488,0.11912032961845398
4165520,0.12659162282943726
4166624,0.12202180176973343
4167984,0.12590675055980682
4172224,0.13293007016181946
4174096,0.1240706592798233
4174224,0.08509465306997299
4176336,0.10650554299354553
4178016,0.1289854794740677
4179376,0.12413860857486725
4179664,0.12521480023860931
4181136,0.11397025734186172
4181392,0.12424413114786148
4183360,0.12430661171674728
4183648,0.11345506459474564
4187264,0.1272420734167099
4188192,0.12056472897529602
4189024,0.11964620649814606
4193472,0.12938088178634644
4194336,0.1191026121377945
4196496,0.11018674075603485
4197088,0.1209934800863266
4197808,0.12435483187437057
4197824,0.12397688627243042
4197840,0.11549331247806549
4198240,0.11015793681144714
4199024,0.1250283569097519
4200480,0.1262122243642807
4200640,0.12298855930566788
4201456,0.11423396319150925
4202560,0.124866783618927
4202640,0.12211693823337555
4202960,0.12678685784339905
4203568,0.1177702471613884
4204272,0.11563324183225632
4204912,0.12715354561805725
4205136,0.1168990433216095
4207136,0.12022485584020615
4207856,0.12541267275810242
4208752,0.11721199005842209
4210016,0.12667228281497955
4210288,0.11077895760536194
4210720,0.12179772555828094
4211360,0.12316229194402695
4211904,0.10781679302453995
4212112,0.12727795541286469
4213872,0.12831437587738037
4214896,0.11546233296394348
4215680,0.1241719126701355
4215760,0.12729698419570923
4216912,0.12125281989574432
4217840,0.12162290513515472
4218480,0.12714649736881256
4219232,0.12206890434026718
4219296,0.12858125567436218
4219344,0.12579388916492462
4220528,0.1274474412202835
4220976,0.10269539803266525
4222576,0.11482957750558853
4224560,0.11585383117198944
4225280,0.11279521137475967
4225312,0.12519508600234985
4226544,0.11737343668937683
4232448,0.12436359375715256
4233632,0.12583009898662567
4236416,0.11343181133270264
4238464,0.12031587213277817
4242448,0.10239538550376892
4242736,0.11238256841897964
4244112,0.12398426979780197
4244352,0.12573716044425964
4245056,0.11397941410541534
4246032,0.13119706511497498
4246112,0.10545694828033447
4246368,0.12143648415803909
4246928,0.12481382489204407
4250000,0.12067312747240067
4251088,0.10871676355600357
4252800,0.12430285662412643
4256464,0.1196523904800415
4256864,0.12424402683973312
4257184,0.12367504835128784
4258304,0.12401912361383438
4260096,0.12252090871334076
4260416,0.12181094288825989
4262720,0.11966432631015778
4263648,0.12432681024074554
4265856,0.1217646673321724
4267376,0.12431716173887253
4267472,0.11848098784685135
4268704,0.11867889016866684
4268768,0.11764730513095856
4269232,0.12156302481889725
4270624,0.13093169033527374
4271088,0.12051481753587723
4271760,0.12228492647409439
4272256,0.11302946507930756
4274528,0.1265193372964859
4274640,0.12419389188289642
4277792,0.12092076241970062
4278992,0.12317410856485367
4280352,0.1234530434012413
4280960,0.11932806670665741
4281776,0.11978577077388763
4283088,0.12198399007320404
4283584,0.10781082510948181
4283632,0.11944727599620819
4285248,0.12746205925941467
4289792,0.09812463819980621
4290768,0.12002202868461609
4292080,0.11549048870801926
4296096,0.1136537492275238
4296944,0.11316768825054169
4297520,0.12358932942152023
4297712,0.12941603362560272
4297824,0.1266074925661087
4299536,0.1197284385561943
4301200,0.11180014163255692
4301408,0.11906025558710098
4303120,0.11431192606687546
4303136,0.12731127440929413
4303200,0.12074221670627594
4303504,0.12480401992797852
4304912,0.11124002933502197
4305232,0.12356309592723846
4305888,0.10989117622375488
4308544,0.1262563318014145
4310512,0.122263602912426
4311840,0.12560252845287323
4312048,0.11126416176557541
4312448,0.12614235281944275
4313008,0.11979291588068008
4316080,0.117568239569664
4316512,0.11984346061944962
4317488,0.10861042886972427
4318112,0.11227355152368546
4320048,0.12633074820041656
4320096,0.127232626080513
4320608,0.11770787835121155
4321056,0.1206236183643341
4321072,0.11372383683919907
4321168,0.11330331116914749
4322864,0.12257932126522064
4322880,0.1225680485367775
4323424,0.12004360556602478
4323616,0.1252831667661667
4323648,0.11752062290906906
4324432,0.09512398391962051
4324640,0.12202200293540955
4324784,0.11983782798051834
4325200,0.12587913870811462
4326448,0.12361536920070648
4326720,0.11826588958501816
4326896,0.12453696876764297
4327136,0.12707063555717468
4327872,0.1273053139448166
4328240,0.12226581573486328
4329632,0.10807890444993973
4330592,0.11539392918348312
4331792,0.12164517492055893
4331952,0.11929453164339066
4334192,0.1299932450056076
4336176,0.12327685207128525
4336304,0.1234552413225174
4336592,0.12171871960163116
4338672,0.1150311827659607
4338704,0.12289857864379883
4338800,0.11397888511419296
4339056,0.12504450976848602
4342240,0.11269746720790863
4343296,0.10932668298482895
4344720,0.11821700632572174
4345920,0.12243369966745377
4346000,0.1185661032795906
4347968,0.12471635639667511
4351200,0.11186539381742477
4353056,0.12437742948532104
4353264,0.12244157493114471
4354208,0.10998163372278214
4354752,0.12502707540988922
4354848,0.126523956656456
4357616,0.12702055275440216
4358480,0.12575948238372803
4358784,0.12024781852960587
4359200,0.11340796947479248
4360144,0.1274263560771942
4360208,0.12426991760730743
4360368,0.1067383885383606
4360800,0.12469734996557236
4361136,0.1262066513299942
4361232,0.11696688830852509
4362784,0.11408285051584244
4363872,0.12170129269361496
4363952,0.12412141263484955
4366368,0.12672773003578186
4366864,0.11193633079528809
4367968,0.12056511640548706
4370896,0.11746416985988617
4370912,0.11913588643074036
4370928,0.12297600507736206
4374448,0.12593738734722137
4375232,0.12569835782051086
4379328,0.12108124047517776
4380800,0.11878760904073715
4381536,0.12463162839412689
4381712,0.12511594593524933
4381920,0.12205807119607925
4382192,0.09706008434295654
4382864,0.12327437102794647
4384144,0.12149355560541153
4384336,0.12081632763147354
4385168,0.11372428387403488
4386432,0.11907980591058731
4386544,0.12929260730743408
4386976,0.1047879084944725
4387632,0.10878508538007736
4387872,0.12251684814691544
4388880,0.12157092243432999
4390032,0.125934436917305
4391200,0.12121716886758804
4393424,0.12065200507640839
4393536,0.12779194116592407
4393632,0.12468889355659485
4396112,0.12229173630475998
4397152,0.12976250052452087
4398576,0.12241104990243912
4400336,0.12733545899391174
4401616,0.11148930341005325
4402144,0.12617146968841553
4404144,0.12161274254322052
4404272,0.11462776362895966
4404320,0.10839740186929703
4404864,0.11911635845899582
4405696,0.12248143553733826
4406512,0.1284271627664566
4408400,0.13029305636882782
4408816,0.12449759989976883
4408992,0.12314459681510925
4409360,0.12278681993484497
4411488,0.12369482964277267
4414080,0.125936821103096
4415872,0.12514853477478027
4416144,0.10809696465730667
4417504,0.12527060508728027
4418080,0.1246790736913681
4419632,0.12323376536369324
4419664,0.127345010638237
4421056,0.12452108412981033
4422048,0.1273421049118042
4423136,0.11558745056390762
4424576,0.12811383605003357
4427136,0.12613065540790558
4427792,0.11945773661136627
4428064,0.11966325342655182
4429488,0.11871665716171265
4430272,0.12414821982383728
4430704,0.12415360659360886
4432240,0.1272658407688141
4432608,0.11405313014984131
4433888,0.12725520133972168
4434304,0.11974681168794632
4434848,0.12431690096855164
4437824,0.12479311227798462
4440688,0.12945233285427094
4443376,0.12972423434257507
4444208,0.12289157509803772
4446736,0.12440277636051178
4446880,0.11859982460737228
4448880,0.11299946904182434
4450320,0.12182874977588654
4452176,0.11738515645265579
4453408,0.11779625713825226
4454224,0.12586992979049683
4454608,0.10794730484485626
4455648,0.12362606823444366
4456656,0.12454766780138016
4459328,0.12316014617681503
4459792,0.12203443795442581
4463056,0.12908248603343964
4464336,0.11121462285518646
4464752,0.11335121095180511
4464880,0.12549562752246857
4471264,0.12585976719856262
4471760,0.12232694029808044
4472800,0.12644395232200623
4474048,0.12467585504055023
4474656,0.127043217420578
4479040,0.12314583361148834
4480720,0.10617273300886154
4481584,0.12385314702987671
4483248,0.12833759188652039
4484256,0.12573513388633728
4484592,0.12351098656654358
4485408,0.11833319067955017
4486656,0.1261814385652542
4487808,0.12378590553998947
4488224,0.12176826596260071
4489664,0.12433316558599472
4490224,0.12141142040491104
4491328,0.12539277970790863
4492256,0.12164656072854996
4495232,0.11611656844615936
4495376,0.12746265530586243
4496176,0.10731016099452972
4496384,0.1260339766740799
4496864,0.12347682565450668
4497008,0.12102968990802765
4497280,0.12403001636266708
4498080,0.12163569778203964
4499664,0.1262957751750946
4500592,0.12395525723695755
4503872,0.11751709878444672
4504160,0.11537844687700272
4505616,0.12469866126775742
4505744,0.12556052207946777
4506752,0.11987030506134033
4507648,0.12788300216197968
4509152,0.12195698916912079
4509568,0.1251460611820221
4510336,0.12388379871845245
4510336,0.11660150438547134
4512752,0.12130662053823471
4513040,0.12215229868888855
4513184,0.12330460548400879
4514592,0.12395665049552917
4516720,0.12301240861415863
4518560,0.12363886088132858
4519648,0.1223352700471878
4521072,0.12136545777320862
4521792,0.11935858428478241
4525184,0.12621042132377625
4529184,0.12486347556114197
4530480,0.12817057967185974
4531136,0.12023267894983292
4532576,0.11322541534900665
4532752,0.1270465850830078
4533056,0.12628120183944702
4534640,0.12456054240465164
4535520,0.11250796914100647
4536400,0.12252405285835266
4537648,0.12186543643474579
4537792,0.12650735676288605
4538192,0.12510931491851807
4538464,0.12729428708553314
4542192,0.12389589846134186
4545024,0.12100083380937576
4545168,0.11130587756633759
4546256,0.12431911379098892
4546272,0.12312976270914078
4546480,0.1165388748049736
4549120,0.12471961230039597
4549648,0.1172265037894249
4550688,0.11526664346456528
4551232,0.12328559905290604
4552320,0.12949109077453613
4552448,0.1206095889210701
4552720,0.11731118708848953
4554032,0.10871700942516327
4555392,0.1118892952799797
4555936,0.10963911563158035
4556032,0.12270916998386383
4556272,0.11868898570537567
4557056,0.1247420683503151
4558896,0.11820808053016663
4559696,0.1094561293721199
4559728,0.12045012414455414
4560048,0.12562572956085205
4561456,0.12578079104423523
4561968,0.12234467267990112
4562464,0.12801164388656616
4562480,0.10564684867858887
4564256,0.1245618462562561
4565872,0.11457021534442902
4566080,0.11920349299907684
4566880,0.12270015478134155
4570608,0.1254122406244278
4572176,0.12519904971122742
4573376,0.12388275563716888
4574176,0.12223439663648605
4574192,0.09821383655071259
4574304,0.12424223124980927
4574992,0.1275903284549713
4575792,0.12198489904403687
4576704,0.12432155013084412
4576704,0.12378685176372528
4577088,0.12687210738658905
4577616,0.100614033639431
4577648,0.12321773171424866
4577888,0.11324147880077362
4580080,0.12654079496860504
4585072,0.12107425928115845
4585152,0.12311691790819168
4586576,0.12824386358261108
4587552,0.12133540958166122
4587568,0.09328322857618332
4587792,0.12437844276428223
4588672,0.12394984811544418
4591072,0.12711098790168762
4591120,0.11768324673175812
4591184,0.1254386007785797
4591264,0.12062225490808487
4593040,0.12003523111343384
4593680,0.12224506586790085
4596640,0.1194591298699379
4597248,0.11852841079235077
4597296,0.12059549987316132
4598320,0.1252572387456894
4600784,0.12059802561998367
4601936,0.12585757672786713
4602112,0.11062110215425491
4602992,0.1258898675441742
4605456,0.12106648087501526
4606832,0.12504160404205322
4607296,0.11897166818380356
4607520,0.12659494578838348
4609168,0.12441001087427139
4610160,0.12863105535507202
4611632,0.1265341192483902
4613120,0.11940354853868484
4613568,0.12898273766040802
4614448,0.11897625029087067
4614640,0.11388617753982544
4615072,0.12320446968078613
4616720,0.12698768079280853
4618768,0.12918151915073395
4619632,0.10384339094161987
4620672,0.12696319818496704
4620720,0.11573944985866547
4623168,0.10754210501909256
4625600,0.11955809593200684
4626640,0.11458424478769302
4628864,0.12540334463119507
4630240,0.12135811895132065
4630320,0.1265106499195099
4632160,0.12658506631851196
4632672,0.1272321194410324
4636608,0.12447388470172882
4636960,0.12323693931102753
4637408,0.11820761114358902
4637760,0.09380403906106949
4638592,0.12337809801101685
4639216,0.12518827617168427
4640960,0.13008370995521545
4644208,0.12288399040699005
4644544,0.11621575057506561
4644576,0.12314482033252716
4644864,0.12768016755580902
4646416,0.12106916308403015
4648432,0.12723931670188904
4649024,0.1266394704580307
4651008,0.1247243657708168
4652064,0.12344393879175186
4654064,0.12034615874290466
4657248,0.1274143010377884
4658368,0.12699417769908905
4658752,0.12647275626659393
4659072,0.11884906888008118
4661152,0.12705020606517792
4661904,0.12528996169567108
4666192,0.12291660159826279
4667904,0.12739476561546326
4667904,0.12373863160610199
4669088,0.11771772801876068
4669392,0.1309371292591095
4669856,0.12199147045612335
4670256,0.12521320581436157
4672288,0.12343666702508926
4672384,0.09531952440738678
4675360,0.12374613434076309
4676000,0.1279875487089157
4676080,0.10771068185567856
4679552,0.13050338625907898
4682336,0.12742729485034943
4683168,0.1200486347079277
4684272,0.12017031013965607
4684304,0.1283319890499115
4685712,0.12261510640382767
4686592,0.12668325006961823
4686640,0.10699804127216339
4686736,0.11509015411138535
4687904,0.12361564487218857
4688464,0.12575240433216095
4689440,0.12572264671325684
4690528,0.1270381212234497
4691920,0.12761488556861877
4693120,0.12152417749166489
4693792,0.12068801373243332
4693840,0.1271594911813736
4696368,0.12811695039272308
4696560,0.11799077689647675
4697456,0.12208545207977295
4699984,0.1219007819890976
4701008,0.12831079959869385
4701184,0.12774261832237244
4703568,0.12577001750469208
4704000,0.12146584689617157
4704160,0.12270832061767578
4704352,0.1293226182460785
4704608,0.11000221222639084
4704624,0.12395365536212921
4704784,0.1229473203420639
4706112,0.119988813996315
4707088,0.12200233340263367
4707664,0.1223110556602478
4707920,0.12193575501441956
4708336,0.1211828738451004
4709824,0.11156533658504486
4711264,0.11767175048589706
4713376,0.12284725904464722
4714224,0.1240055188536644
4714336,0.12242010980844498
4714720,0.12827757000923157
4714736,0.12702280282974243
4714992,0.12911710143089294
4715376,0.12514373660087585
4717760,0.1258779764175415
4718224,0.12934643030166626
4721376,0.12087041884660721
4722224,0.1128867119550705
4722608,0.11997221410274506
4723888,0.1175890862941742
4724912,0.12561137974262238
4725008,0.12777940928936005
4725376,0.11613228172063828
4725792,0.12375856935977936
4726256,0.12692900002002716
4728544,0.12290516495704651
4729344,0.12565772235393524
4729760,0.12908078730106354
4731536,0.1240229532122612
4732128,0.12713012099266052
4732160,0.12489425390958786
4732288,0.12752224504947662
4732592,0.12633906304836273
4735008,0.1250649392604828
4735520,0.12585684657096863
4735728,0.12417476624250412
4736112,0.12608744204044342
4737568,0.1217910498380661
4738640,0.12142117321491241
4739232,0.12055262923240662
4741104,0.12478173524141312
4742272,0.1230306625366211
4746608,0.124379962682724
4746720,0.1286720186471939
4751328,0.11627045273780823
4752336,0.12321685999631882
4752480,0.1304590404033661
4754480,0.11414066702127457
4754928,0.12571728229522705
4756448,0.12362907081842422
4757296,0.11874110996723175
4757392,0.12037885189056396
4757424,0.11480558663606644
4757568,0.11838233470916748
4757728,0.11282073706388474
4758480,0.12550781667232513
4760432,0.1267760843038559
4760784,0.11819159239530563
4761184,0.11058670282363892
4761568,0.12135627120733261
4763568,0.12847015261650085
4764000,0.12717366218566895
4764288,0.12028713524341583
4765712,0.12264884263277054
4766720,0.12796786427497864
4767872,0.119991235435009
4768352,0.12249817699193954
4771776,0.11334987729787827
4772848,0.12051388621330261
4773824,0.12234769016504288
4774256,0.12070110440254211
4774592,0.12491666525602341
4775184,0.12123769521713257
4775520,0.12370096147060394
4777104,0.1241479441523552
4777776,0.12795647978782654
4778128,0.12435981631278992
4779216,0.12432508915662766
4781712,0.12263041734695435
4782064,0.12223972380161285
4783488,0.1227007731795311
4784480,0.1252169907093048
4784880,0.12571066617965698
4785632,0.1313653141260147
4785760,0.1162523627281189
4786256,0.12469242513179779
4786848,0.12266445904970169
4788096,0.12139614671468735
4789776,0.1269322782754898
4789824,0.12353542447090149
4789824,0.12268472462892532
4790336,0.1288217008113861
4791440,0.1334650218486786
4796192,0.12315179407596588
4796368,0.10589542984962463
4797040,0.11923736333847046
4798048,0.12532396614551544
4798928,0.12576580047607422
4799680,0.11513269692659378
4799712,0.12826788425445557
4800592,0.11808237433433533
4803296,0.12357673048973083
4803472,0.12413352727890015
4803568,0.1205708235502243
4804944,0.13335230946540833
4805024,0.10034028440713882
4810576,0.12493903189897537
4810720,0.12455026060342789
4813984,0.12548556923866272
4815792,0.1283857673406601
4815872,0.11879182606935501
4816656,0.13063056766986847
4818064,0.12162546813488007
4818688,0.12899917364120483
4819440,0.12716452777385712
4821312,0.12516289949417114
4821344,0.12563608586788177
4821488,0.12444089353084564
4821616,0.12647266685962677
4823040,0.11958073824644089
4823904,0.12156734615564346
4824080,0.12495330721139908
4824448,0.1255810409784317
4824560,0.12653276324272156
4824704,0.12304612994194031
4825024,0.1306399554014206
4825184,0.1250760406255722
4825664,0.1240919977426529
4826464,0.12439808994531631
4826672,0.09353581815958023
4827504,0.1155514121055603
4827552,0.12223260849714279
4827728,0.11856092512607574
4828560,0.12704934179782867
4828624,0.12442146986722946
4829472,0.1113959401845932
4830848,0.12096818536520004
4831232,0.12268896400928497
4832240,0.1256866157054901
4833856,0.1269167810678482
4834592,0.12069523334503174
4838032,0.10658203810453415
4838112,0.12526656687259674
4838512,0.12459257990121841
4839136,0.1226072683930397
4841152,0.12584355473518372
4842128,0.12130583077669144
4845264,0.12643617391586304
4845824,0.11736713349819183
4851232,0.11810049414634705
4853040,0.12499777227640152
4854592,0.12646307051181793
4856528,0.1266903281211853
4860176,0.12306062877178192
4860272,0.10507125407457352
4861952,0.11307509988546371
4863408,0.12702186405658722
4864016,0.12396261096000671
4864528,0.12410784512758255
4865872,0.12459754198789597
4867520,0.12733349204063416
4867968,0.11935640871524811
4868256,0.12105489522218704
4869152,0.12955346703529358
4869248,0.1043752133846283
4869456,0.12380614876747131
4873920,0.11200130730867386
4874688,0.11434171348810196
4877456,0.1260349601507187
4877696,0.12088548392057419
4881488,0.12206611782312393
4881824,0.11705300956964493
4882208,0.10930538922548294
4882224,0.10815060883760452
4882240,0.11994791030883789
4885152,0.1237173080444336
4885680,0.11522626131772995
4885872,0.11820878833532333
4885920,0.1270725429058075
4887216,0.12191033363342285
4890848,0.12638576328754425
4892640,0.12305594235658646
4892944,0.12160318344831467
4892976,0.12442618608474731
4894272,0.1274690181016922
4895696,0.1237245723605156
4896000,0.12078630179166794
4896336,0.11844591796398163
4896432,0.12349101901054382
4896576,0.128276988863945
4896736,0.12280438840389252
4897136,0.13155661523342133
4897568,0.11973989754915237
4900096,0.125936359167099
4900304,0.12275595217943192
4900432,0.11877245455980301
4901696,0.115815170109272
4903648,0.12749816477298737
4903888,0.12279831618070602
4906208,0.11433277279138565
4907456,0.12505772709846497
4908976,0.11928659677505493
4909184,0.12094899266958237
4911088,0.12776517868041992
4912144,0.12882639467716217
4913568,0.1150149405002594
4913936,0.12886114418506622
4918224,0.12424536049365997
4919776,0.12787850201129913
4920896,0.12200907617807388
4924496,0.12617182731628418
4925008,0.1313900351524353
4925104,0.12349828332662582
4925168,0.11819114536046982
4925312,0.11847066134214401
4926928,0.1297423392534256
4928816,0.12546811997890472
4930512,0.1202392429113388
4932000,0.1249486654996872
4933824,0.12020312994718552
4935584,0.12111950665712357
4935584,0.12625499069690704
4936144,0.12592469155788422
4938768,0.1254706084728241
4939664,0.12343744933605194
4940176,0.12829625606536865
4942448,0.1205083578824997
4942768,0.12462586909532547
4944560,0.11818782240152359
4946448,0.13256147503852844
4946896,0.12328919023275375
4952752,0.12408104538917542
4953936,0.12588608264923096
4954656,0.12115050107240677
4959200,0.12045918405056
4962512,0.12232951074838638
4962592,0.12217573076486588
4962720,0.12461075186729431
4963840,0.12230123579502106
4964240,0.12764574587345123
4964272,0.12763728201389313
4964864,0.12244277447462082
4964992,0.1250821053981781
4965392,0.12552893161773682
4966352,0.11686969548463821
4967168,0.12455323338508606
4967280,0.12414576858282089
4970944,0.11857444792985916
4972240,0.12144448608160019
4972672,0.12316268682479858
4974496,0.12807685136795044
4974512,0.12471283227205276
4974720,0.12228263914585114
4974912,0.1275535374879837
4977168,0.1320437788963318
4978368,0.1261281669139862
4978464,0.11812451481819153
4979936,0.12033741176128387
4980752,0.1248834878206253
4984160,0.12782235443592072
4985184,0.12293190509080887
4990064,0.11527625471353531
4990320,0.12469924241304398
4992640,0.12396065145730972
4992784,0.12655889987945557
4993840,0.12641309201717377
4994352,0.12784406542778015
4994592,0.12436947226524353
4996240,0.11780916899442673
4997424,0.12483072280883789
4997760,0.12395287305116653
4998592,0.12041930109262466
5000448,0.12040740996599197
5000960,0.11698827892541885
5001296,0.1255236715078354
5001760,0.1255270391702652
5002000,0.12988914549350739
5002032,0.12657999992370605
5003392,0.12163179367780685
5003968,0.12878766655921936
5004272,0.12901671230793
5005104,0.12496105581521988
5005568,0.12511563301086426
5006720,0.12427133321762085
5007984,0.12815038859844208
5008192,0.12113092094659805
5011584,0.12126200646162033
5012208,0.12842530012130737
5012560,0.11510929465293884
5012864,0.12691302597522736
5015888,0.12324468046426773
5016176,0.12743255496025085
5016576,0.12347008287906647
5018704,0.1217547208070755
5018928,0.12229891866445541
5022736,0.12880581617355347
5024672,0.12616616487503052
5026560,0.12558621168136597
5027152,0.12307056039571762
5029456,0.12555116415023804
5031680,0.11920447647571564
5033664,0.12329580634832382
5034288,0.11509756743907928
5035040,0.12335512787103653
5036384,0.11944154649972916
5036592,0.12790760397911072
5037088,0.1318356990814209
5037616,0.1228218600153923
5037712,0.12503118813037872
5037968,0.11862639337778091
5040496,0.10558971762657166
5040832,0.1274920552968979
5041104,0.12338455021381378
5041264,0.12342973798513412
5041568,0.12220218777656555
5045152,0.12872076034545898
5048112,0.12197363376617432
5048432,0.12594524025917053
5049712,0.1184278205037117
5050960,0.12298119813203812
5051936,0.11027658730745316
5052784,0.09715442359447479
5053168,0.12136661261320114
5056768,0.12334061414003372
5057328,0.11766576021909714
5060464,0.12418723106384277
5062496,0.12442903220653534
5062704,0.11839740723371506
5063984,0.12122777849435806
5064128,0.12615372240543365
5065104,0.1186295747756958
5065344,0.11864499002695084
5066032,0.12465640902519226
5066544,0.118274986743927
5067664,0.12044046819210052
5068736,0.12249118834733963
5068800,0.1192689910531044
5069808,0.10388914495706558
5072368,0.1207728162407875
5073152,0.12765751779079437
5074592,0.12394846230745316
5076816,0.12191861867904663
5077088,0.12143862247467041
5078176,0.12205969542264938
5079680,0.12323819845914841
5081776,0.12751691043376923
5081968,0.12781989574432373
5083632,0.11683864146471024
5085296,0.12824322283267975
5087728,0.12162098288536072
5088848,0.126701220870018
5089024,0.12448778748512268
5089168,0.12608321011066437
5090160,0.12576304376125336
5091184,0.12177719175815582
5092736,0.12519949674606323
5093072,0.12199471890926361
5094912,0.12270622700452805
5095424,0.12641790509223938
5096256,0.11900228261947632
5098752,0.12252037227153778
5100832,0.12392935901880264
5102576,0.12078584730625153
5104416,0.1222010925412178
5104576,0.12171868234872818
5104672,0.11792142689228058
5105008,0.12513668835163116
5105664,0.13182899355888367
5105712,0.12084673345088959
5106672,0.12438202649354935
5107008,0.12874653935432434
5107136,0.12169139087200165
5107360,0.12328074872493744
5109392,0.12180373072624207
5113088,0.11746689677238464
5114272,0.1312762051820755
5114432,0.1218188926577568
5116528,0.12429467588663101
5117408,0.12286019325256348
5117776,0.11927536875009537
5118000,0.1243983805179596
5118400,0.12276365607976913
5118928,0.12431247532367706
5119456,0.11314892023801804
5120224,0.12476743012666702
5120928,0.11352285742759705
5123104,0.11851156502962112
5123712,0.12800879776477814
5124528,0.12077359110116959
5125024,0.11973148584365845
5125200,0.12718497216701508
5125664,0.12674251198768616
5127248,0.12198629230260849
5128048,0.1259082555770874
5132240,0.1182296946644783
5132800,0.12604942917823792
5134576,0.12213719636201859
5138064,0.1157146766781807
5138096,0.10669054090976715
5139408,0.12852632999420166
5141680,0.12407239526510239
5142304,0.12637211382389069
5143280,0.12671321630477905
5143888,0.13057821989059448
5145824,0.11772733926773071
5147472,0.1272280365228653
5147504,0.12072864174842834
5149168,0.12441923469305038
5149456,0.11803007125854492
5150496,0.1260220855474472
5151040,0.12821218371391296
5151056,0.12538693845272064
5152656,0.12051422148942947
5152800,0.12721270322799683
5152880,0.12033490836620331
5157664,0.1235823929309845
5158464,0.124531090259552
5160032,0.12321166694164276
5161344,0.12177249789237976
5162064,0.12635663151741028
5162784,0.11911524087190628
5162960,0.1286976933479309
5163392,0.11184835433959961
5163680,0.1273958832025528
5166544,0.1256483942270279
5169600,0.12438175827264786
5170560,0.12199331074953079
5172752,0.1246170699596405
5174112,0.1256093680858612
5175648,0.12048985809087753
5176272,0.11349790543317795
5176352,0.12841233611106873
5176720,0.12723739445209503
5177680,0.1292092651128769
5179232,0.11880213022232056
5180048,0.1251993477344513
5184512,0.12791047990322113
5184544,0.12932367622852325
5184944,0.12214512377977371
5184992,0.12982404232025146
5187984,0.12508143484592438
5188176,0.11664851754903793
5188464,0.12391261756420135
5190784,0.12929917871952057
5191232,0.12701351940631866
5191728,0.10877858102321625
5193536,0.12193124741315842
5198928,0.11952204257249832
5199488,0.12006650865077972
5200752,0.12425187975168228
5201776,0.1257830709218979
5202144,0.12376552075147629
5202736,0.12741926312446594
5204176,0.12078829109668732
5205328,0.1280454397201538
5208480,0.11912480741739273
5209376,0.12518741190433502
5210064,0.1256825476884842
5210208,0.11978607624769211
5210608,0.12426333874464035
5212336,0.11710197478532791
5212528,0.12184733897447586
5213776,0.12275201827287674
5213808,0.132052481174469
5214880,0.1259033977985382
5214976,0.1262248009443283
5215728,0.12263665348291397
5215840,0.12665878236293793
5217456,0.11884978413581848
5218080,0.12520326673984528
5218272,0.11224690824747086
5219408,0.1205773875117302
5220160,0.12678539752960205
5220624,0.1303427517414093
5221040,0.11320249736309052
5224832,0.12177368998527527
5228272,0.12391054630279541
5230480,0.12859825789928436
5231920,0.1227409839630127
5231936,0.12332518398761749
5234848,0.12307432293891907
5235488,0.1274881809949875
5237024,0.1229112446308136
5237280,0.1192745715379715
5237696,0.12220706790685654
5239600,0.13446274399757385
5240080,0.12019830197095871
5240784,0.12610746920108795
5240832,0.12611046433448792
5241232,0.1259799599647522
5241968,0.12349319458007812
5244160,0.12326592206954956
5244656,0.11456754803657532
5245936,0.125355526804924
5247680,0.12967444956302643
5247904,0.1297050416469574
5248128,0.11658057570457458
5249040,0.12714830040931702
5249904,0.12061000615358353
5251392,0.12311916798353195
5253360,0.09133682399988174
5254032,0.12108516693115234
5254448,0.12332110852003098
5254800,0.12749603390693665
5257072,0.12429521977901459
5257936,0.12989503145217896
5258352,0.1219901293516159
5260208,0.12482332438230515
5264160,0.11358925700187683
5264608,0.11239540576934814
5267184,0.12191451340913773
5271312,0.12191125005483627
5272048,0.12464328855276108
5273568,0.11908889561891556
5275392,0.12473322451114655
5276784,0.12557213008403778
5277920,0.10450360178947449
5277936,0.12330270558595657
5277984,0.12335900217294693
5278016,0.12632431089878082
5279024,0.1288575679063797
5282448,0.12282532453536987
5282480,0.11503953486680984
5282960,0.12259776145219803
5283488,0.1178005114197731
5285456,0.12021820992231369
5287024,0.12904933094978333
5288528,0.1172400414943695
5288592,0.12173107266426086
5288704,0.12560966610908508
5288736,0.1250080019235611
5289632,0.12815611064434052
5291536,0.10405907034873962
5292176,0.11906636506319046
5294784,0.12347008287906647
5296240,0.12668803334236145
5297120,0.13031871616840363
5297840,0.1153767928481102
5299392,0.11371923238039017
5299552,0.11947386711835861
5305568,0.11244595795869827
5306384,0.12693405151367188
5308336,0.12375684827566147
5308528,0.12341711670160294
5310000,0.12250913679599762
5310352,0.12590402364730835
5311824,0.11316521465778351
5313808,0.11936216801404953
5315728,0.12187078595161438
5317376,0.11370864510536194
5317808,0.12202996760606766
5318032,0.12610134482383728
5318224,0.1252010464668274
5318864,0.12327178567647934
5319040,0.11934125423431396
5319072,0.12255322188138962
5321952,0.12497787177562714
5324528,0.12320098280906677
5324528,0.1197671890258789
5326336,0.11578003317117691
5327184,0.12616227567195892
5329200,0.12392447888851166
5330992,0.1122390627861023
5332272,0.12357836961746216
5333344,0.1187545508146286
5336848,0.12340693175792694
5338976,0.12697070837020874
5339392,0.11941756308078766
5339584,0.1196608766913414
5340048,0.12217933684587479
5340448,0.1261497437953949
5340560,0.12297026813030243
5343792,0.12115563452243805
5344016,0.12907007336616516
5344336,0.12321069836616516
5344768,0.12414180487394333
5347072,0.12386643141508102
5347216,0.12063749879598618
5347696,0.12480663508176804
5347920,0.13044176995754242
5349776,0.1273987591266632
5353424,0.11849866807460785
5354592,0.12048246711492538
5357856,0.12555773556232452
5358496,0.12210947275161743
5360528,0.12020818144083023
5360848,0.128092959523201
5361376,0.12367183715105057
5361728,0.12737759947776794
5362032,0.119935043156147
5363232,0.11630357801914215
5364896,0.12120069563388824
5365536,0.12305957078933716
5365648,0.12943749129772186
5365744,0.1273607313632965
5368032,0.12172814458608627
5368288,0.12176789343357086
5368624,0.12458237260580063
5368768,0.1190401092171669
5369216,0.12442686408758163
5371888,0.12469451874494553
5372112,0.11434965580701828
5372304,0.12157363444566727
5372864,0.1239524632692337
5373264,0.12633100152015686
5375456,0.12688711285591125
5375664,0.12731054425239563
5379216,0.12252134084701538
5379552,0.12171225994825363
5383056,0.12467211484909058
5383728,0.12212281674146652
5386608,0.12579701840877533
5387056,0.12556672096252441
5387376,0.11954332888126373
5387920,0.11868899315595627
5388544,0.08969391882419586
5389648,0.11831236630678177
5390640,0.13042841851711273
5390736,0.12319669127464294
5395568,0.12219486385583878
5398096,0.12234747409820557
5400720,0.12133945524692535
5401376,0.12238722294569016
5401664,0.12242441624403
5402880,0.12142107635736465
5403024,0.119120754301548
5404240,0.1225278452038765
5404288,0.12794947624206543
5404944,0.12190260738134384
5406592,0.12610356509685516
5407248,0.10521554946899414
5407408,0.12426232546567917
5408000,0.12029199302196503
5409552,0.12480462342500687
5411584,0.12671098113059998
5414896,0.12569573521614075
5415664,0.12570546567440033
5415776,0.1236913800239563
5417840,0.12438735365867615
5417920,0.12796340882778168
5418416,0.12378931045532227
5420656,0.1262568235397339
5422224,0.11994653940200806
5424000,0.12452229112386703
5424288,0.11971411854028702
5424960,0.12138576805591583
5426864,0.10329224914312363
5427872,0.1306360810995102
5428608,0.12668761610984802
5428640,0.12269623577594757
5429952,0.12052938342094421
5430144,0.12532362341880798
5433680,0.12827008962631226
5433840,0.11223110556602478
5435696,0.12497025728225708
5439120,0.10327569395303726
5442080,0.1274096965789795
5443664,0.12614688277244568
5446112,0.1247100755572319
5446608,0.12686152756214142
5447232,0.12230996042490005
5448464,0.11675132066011429
5449168,0.11604828387498856
5450800,0.12244167923927307
5451568,0.12523512542247772
5451712,0.12360218167304993
5452768,0.12256612628698349
5453344,0.12281201034784317
5453536,0.12472642213106155
5455424,0.11659321188926697
5456960,0.1241907849907875
5457920,0.13071131706237793
5460032,0.12147863954305649
5460560,0.12518811225891113
5460608,0.12764687836170197
5460656,0.12984804809093475
5461456,0.12499559670686722
5461472,0.12772208452224731
5462512,0.12045316398143768
5463376,0.12461459636688232
5464016,0.12834703922271729
5464560,0.12323359400033951
5467120,0.1219257041811943
5469440,0.11075853556394577
5471312,0.12341027706861496
5471440,0.12427574396133423
5472272,0.12024617195129395
5474896,0.1214565634727478
5476736,0.12410019338130951
5477744,0.12367676943540573
5478320,0.12333069741725922
5480608,0.12311239540576935
5483184,0.1232164278626442
5484416,0.12233124673366547
5487984,0.12358658015727997
5488208,0.11536514759063721
5488544,0.1176316887140274
5489296,0.10301505774259567
5489552,0.10923460870981216
5490000,0.12454808503389359
5490416,0.11910133063793182
5493696,0.11242270469665527
5493904,0.12131436169147491
5493920,0.11726931482553482
5495440,0.1173660010099411
5496336,0.11714930832386017
5496496,0.12075583636760712
5497968,0.12722568213939667
5500208,0.12402113527059555
5500224,0.12419771403074265
5502688,0.11910662055015564
5506272,0.12164587527513504
5506464,0.12581568956375122
5507024,0.12207581102848053
5507168,0.12922358512878418
5507520,0.1224207878112793
5507824,0.12428205460309982
5510032,0.11993281543254852
5510080,0.12443209439516068
5511616,0.12789133191108704
5511664,0.10785207897424698
5513504,0.12618562579154968
5515168,0.12456908822059631
5517840,0.12767642736434937
5517856,0.1190575584769249
5518160,0.12725397944450378
5518336,0.11819962412118912
5518368,0.12517662346363068
5521824,0.11749543249607086
5522304,0.12472853809595108
5522480,0.12519919872283936
5525728,0.12068215012550354
5530576,0.12629567086696625
5531616,0.12594091892242432
5532384,0.12104520201683044
5532864,0.12624996900558472
5533152,0.13023287057876587
5535984,0.11210580170154572
5537344,0.12640149891376495
5538208,0.1266574263572693
5539456,0.12637649476528168
5539616,0.12502963840961456
5542512,0.1160355657339096
5542976,0.11842310428619385
5542976,0.12351910024881363
5543296,0.11765455454587936
5543424,0.12306386232376099
5543680,0.12044338136911392
5545008,0.12740182876586914
5545904,0.11900857090950012
5546560,0.12879058718681335
5548560,0.1142769530415535
5548640,0.12095428258180618
5549456,0.12446387112140656
5550128,0.12877033650875092
5552208,0.12435626238584518
5553712,0.11668812483549118
5553728,0.1254563182592392
5553856,0.11953906714916229
5554128,0.12249698489904404
5554288,0.12613634765148163
5556640,0.10401036590337753
5556656,0.11974769830703735
5557680,0.1222037672996521
5557808,0.13093851506710052
5559392,0.12437047064304352
5560368,0.09075105935335159
5560992,0.12444691359996796
5563552,0.12618988752365112
5565136,0.11704849451780319
5565568,0.11234696209430695
5566592,0.12032818049192429
5567184,0.10162621736526489
5567216,0.12117864191532135
5568016,0.12641729414463043
5568192,0.12918277084827423
5570768,0.12491829693317413
5571008,0.1251339465379715
5571008,0.11851482838392258
5572768,0.12041296809911728
5573584,0.11565867066383362
5573680,0.13148240745067596
5575200,0.12054090201854706
5575856,0.12413343042135239
5577520,0.11589691042900085
5578256,0.12286227941513062
5578672,0.128883495926857
5579440,0.12263666093349457
5582304,0.12154585123062134
5582432,0.12252415716648102
5582720,0.12457360327243805
5583904,0.11039142310619354
5584656,0.123819999396801
5585184,0.12261424213647842
5587024,0.12258000671863556
5589456,0.11743788421154022
5591808,0.1198929026722908
5591840,0.12690886855125427
5592368,0.12565717101097107
5594672,0.12653037905693054
5595328,0.12418671697378159
5595408,0.1192462295293808
5595456,0.1224939376115799
5596272,0.10938382148742676
5596880,0.11863593757152557
5597648,0.12227915227413177
5597712,0.11101896315813065
5598896,0.12389178574085236
5598944,0.12638863921165466
5600624,0.10522676259279251
5601232,0.12327765673398972
5604848,0.1287696659564972
5606640,0.12964797019958496
5606848,0.12093281745910645
5609408,0.12458688765764236
5610256,0.11901167780160904
5610368,0.12435570359230042
5610816,0.12476661801338196
5613808,0.12434666603803635
5614384,0.11769392341375351
5617920,0.11998087912797928
5619248,0.1258283257484436
5620192,0.12095636874437332
5623408,0.12263226509094238
5625072,0.12178816646337509
5625120,0.12565454840660095
5626464,0.12294811010360718
5626784,0.12437086552381516
5627312,0.13112618029117584
5630464,0.1251920759677887
5631040,0.11912161111831665
5634448,0.117090605199337
5634832,0.12380765378475189
5637488,0.12258784472942352
5637616,0.12935297191143036
5638112,0.11934341490268707
5641088,0.12111891806125641
5641824,0.12858116626739502
5641904,0.12933054566383362
5642912,0.11747224628925323
5643152,0.12418017536401749
5644304,0.12033499032258987
5645472,0.12659281492233276
5646080,0.12478329986333847
5646112,0.10114548355340958
5649600,0.1233612671494484
5649696,0.12512421607971191
5649808,0.1210421770811081
5650112,0.11596483737230301
5652560,0.12077294290065765
5652592,0.12498487532138824
5652944,0.11879269778728485
5653376,0.11864598095417023
5655104,0.12524276971817017
5655424,0.11922551691532135
5656144,0.1253603845834732
5656224,0.12731456756591797
5657248,0.12558111548423767
5659984,0.12477155774831772
5661648,0.1197504773736
5661712,0.1254790723323822
5663232,0.11903016269207001
5665376,0.12646059691905975
5666176,0.12491323798894882
5667312,0.12208843976259232
5667616,0.13055208325386047
5671600,0.1295344978570938
5672560,0.1215398758649826
5673328,0.12189123779535294
5673328,0.1251717209815979
5673504,0.11673666536808014
5673712,0.12086811661720276
5674032,0.12193522602319717
5676176,0.13011178374290466
5677344,0.12716101109981537
5678656,0.12724800407886505
5679664,0.11486442387104034
5679840,0.12119656801223755
5679888,0.11771903187036514
5688576,0.12310566008090973
5690736,0.117804154753685
5692128,0.12150388211011887
5692256,0.12466920912265778
5692400,0.12653961777687073
5693808,0.11823280900716782
5695088,0.1300017386674881
5695344,0.12621313333511353
5695840,0.12573659420013428
5698784,0.12477098405361176
5700208,0.12109250575304031
5700416,0.12416233122348785
5701072,0.12940451502799988
5701312,0.1256435066461563
5701632,0.12497381120920181
5702464,0.12351727485656738
5703168,0.1292807012796402
5713872,0.1195727065205574
5714208,0.11144421249628067
5714608,0.11746582388877869
5717328,0.12193980813026428
5717744,0.1232546716928482
5718240,0.12301305681467056
5718848,0.10323326289653778
5722528,0.12322074919939041
5723840,0.11720530688762665
5725264,0.12533509731292725
5726768,0.12411390990018845
5728000,0.12426275759935379
5728192,0.12303267419338226
5728336,0.10647730529308319
5729040,0.11891068518161774
5731536,0.1268492043018341
5731600,0.10172121971845627
5732800,0.12252247333526611
5732848,0.12019143998622894
5733920,0.12027600407600403
5735200,0.1272215098142624
5735296,0.12592944502830505
5736368,0.12696339190006256
5738944,0.122087262570858
5739440,0.12294188141822815
5739600,0.11338630318641663
5739936,0.11988016217947006
5740448,0.12436854839324951
5742384,0.12015680968761444
5742448,0.1129676029086113
5743120,0.12760108709335327
5743408,0.12253323942422867
5744720,0.1302134245634079
5746080,0.1223105639219284
5746192,0.1225767433643341
5746944,0.12212926894426346
5749296,0.1257900595664978
5749520,0.12598055601119995
5749552,0.1300060898065567
5750128,0.12381691485643387
5750752,0.10706235468387604
5751776,0.12118539214134216
5752432,0.11667603254318237
5752704,0.11716840416193008
5753824,0.1253124177455902
5755952,0.10503342747688293
5756672,0.12317398935556412
5757552,0.12633350491523743
5757696,0.1258583962917328
5757856,0.12241946905851364
5758992,0.11965660750865936
5760960,0.12103072553873062
5761616,0.11784277856349945
5762192,0.11850371956825256
5763968,0.13054871559143066
5764208,0.11391191184520721
5765968,0.1139771118760109
5767824,0.12163904309272766
5770288,0.1259288787841797
5770880,0.12441320717334747
5771008,0.1277647763490677
5772320,0.11662238091230392
5774752,0.11926824599504471
5777792,0.12480952590703964
5778224,0.12128395587205887
5778400,0.0847584456205368
5780704,0.12539003789424896
5781984,0.12663811445236206
5785152,0.11880219727754593
5785248,0.13036546111106873
5785600,0.12291763722896576
5786000,0.12786829471588135
5786720,0.12975260615348816
5790096,0.10978718101978302
5790272,0.12643098831176758
5792272,0.12762317061424255
5792480,0.13220323622226715
5798640,0.12754316627979279
5798704,0.12053852528333664
5799184,0.12855081260204315
5799328,0.11480345577001572
5799504,0.12189993262290955
5799856,0.12443513423204422
5802752,0.12764596939086914
5803152,0.1239633709192276
5803536,0.12316089868545532
5803632,0.12508440017700195
5803760,0.1246705874800682
5803792,0.12668409943580627
5804624,0.12372079491615295
5806432,0.12367792427539825
5806576,0.12415383011102676
5807024,0.12408200651407242
5807344,0.12200811505317688
5807920,0.13134196400642395
5808192,0.13070574402809143
5808368,0.10946401208639145
5809408,0.1262602061033249
5810144,0.12343868613243103
5810576,0.1245102807879448
5810800,0.1248369887471199
5813168,0.11166497319936752
5813248,0.1234130710363388
5813680,0.12509062886238098
5814256,0.12619897723197937
5814416,0.12462549656629562
5814800,0.10051611065864563
5816560,0.11699647456407547
5816832,0.1226988211274147
5817232,0.1315004825592041
5817888,0.12267012149095535
5820096,0.11377895623445511
5821312,0.11155867576599121
5822288,0.1282224953174591
5824272,0.12827344238758087
5826288,0.12843862175941467
5828480,0.11958591639995575
5828592,0.12510572373867035
5829408,0.12186363339424133
5831872,0.12597423791885376
5831872,0.12215535342693329
5832064,0.12128880620002747
5835360,0.1286141723394394
5835664,0.12253779917955399
5835760,0.12334391474723816
5836512,0.12319950759410858
5839216,0.12354329973459244
5842960,0.12125615030527115
5842976,0.126966193318367
5844592,0.1287524700164795
5846096,0.12111277878284454
5846320,0.12537385523319244
5846592,0.1258009523153305
5847616,0.12513430416584015
5848400,0.12044878304004669
5851280,0.12288814038038254
5853152,0.1289331465959549
5853280,0.1257140338420868
5853808,0.12301376461982727
5857168,0.1225956454873085
5858464,0.12218776345252991
5859312,0.12354303151369095
5861168,0.10419949889183044
5862864,0.12195975333452225
5864064,0.12565983831882477
5864464,0.13090699911117554
5865360,0.13135139644145966
5865616,0.12822911143302917
5865632,0.11766510456800461
5867504,0.12494255602359772
5867696,0.12237794697284698
5869200,0.11596879363059998
5870096,0.12244699895381927
5871184,0.1296273171901703
5871296,0.12217175960540771
5871328,0.12035585194826126
5871504,0.1283702403306961
5873088,0.12765060365200043
5873584,0.12595124542713165
5874704,0.12903179228305817
5876192,0.1196596622467041
5878576,0.12511831521987915
5879296,0.11456698924303055
5879760,0.12669020891189575
5882384,0.12011899799108505
5886784,0.12239435315132141
5886976,0.11841554939746857
5888112,0.122463658452034
5891632,0.12153317034244537
5892736,0.12236617505550385
5892832,0.12224254757165909
5893680,0.1225365623831749
5893760,0.11946987360715866
5894272,0.12417952716350555
5894464,0.12570776045322418
5895232,0.1258874237537384
5897632,0.12795189023017883
5897904,0.12201307713985443
5898800,0.11757699400186539
5899632,0.12828922271728516
5900224,0.12441686540842056
5902768,0.12577685713768005
5903424,0.10524850338697433
5905120,0.12641046941280365
5905344,0.11890247464179993
5907040,0.12431930005550385
5910064,0.1268710047006607
5910320,0.1249997690320015
5914304,0.1120213121175766
5916336,0.12249571830034256
5916832,0.12149407714605331
5917360,0.12318072468042374
5917456,0.12559328973293304
5918512,0.11718807369470596
5918944,0.12752801179885864
5920000,0.12323678284883499
5921376,0.12529084086418152
5921440,0.1280248761177063
5922480,0.12701933085918427
5926336,0.10884484648704529
5926784,0.1272250860929489
5928240,0.12129271030426025
5932112,0.1259085237979889
5932864,0.11566779017448425
5934784,0.11884623765945435
5935328,0.12461399286985397
5935808,0.11389337480068207
5936640,0.12172508239746094
5937584,0.12431169301271439
5937792,0.12274378538131714
5939088,0.12367569655179977
5939424,0.12465197592973709
5940128,0.1281103491783142
5942016,0.12784454226493835
5942080,0.09975932538509369
5942656,0.13555000722408295
5943120,0.11984339356422424
5945008,0.11931313574314117
5946304,0.12595900893211365
5946672,0.13041652739048004
5949872,0.12108778953552246
5953504,0.12170779705047607
5954464,0.1242641881108284
5954896,0.11978474259376526
5955296,0.12649396061897278
5955456,0.12689338624477386
5956288,0.1250831037759781
5961600,0.12660129368305206
5962592,0.12872768938541412
5964112,0.12206132709980011
5964512,0.13095393776893616
5966048,0.12497037649154663
5966224,0.11723076552152634
5969152,0.12443754822015762
5969648,0.12662136554718018
5969824,0.1282164603471756
5971184,0.12602312862873077
5972800,0.12586398422718048
5976192,0.1301971822977066
5976992,0.12027327716350555
5978080,0.12350648641586304
5979728,0.1245119720697403
5979776,0.12563878297805786
5980208,0.12186182290315628
5981792,0.10958488285541534
5983824,0.12244156002998352
5985184,0.13021670281887054
5985216,0.11878261715173721
5985952,0.1214529424905777
5986400,0.12381342053413391
5987088,0.11838553845882416
5988752,0.12534573674201965
5989216,0.11431675404310226
5994592,0.1249617263674736
5996704,0.12582598626613617
5999424,0.12681002914905548
5999904,0.13267508149147034
5999936,0.12595173716545105
6001328,0.12416423857212067
6001472,0.1226511225104332
6002816,0.1263667792081833
6005264,0.1270454376935959
6006080,0.12387999892234802
6006368,0.12472783774137497
6006528,0.13187603652477264
6008176,0.12838177382946014
6008528,0.12335412949323654
6008848,0.12802551686763763
6009584,0.12303787469863892
6010064,0.12974075973033905
6012416,0.1291063129901886
6013632,0.13217709958553314
6014576,0.12233830988407135
6014960,0.11948231607675552
6017136,0.12401293963193893
6018080,0.13053052127361298
6019248,0.1262977570295334
6020352,0.12487070262432098
6020784,0.1288473904132843
6021664,0.12223789095878601
6023184,0.12113741785287857
6024288,0.12626948952674866
6024368,0.12682537734508514
6024464,0.1187022253870964
6026752,0.12522108852863312
6029152,0.12186817079782486
6030016,0.12129814922809601
6030976,0.1270609200000763
6031488,0.1268790066242218
6032608,0.12397108227014542
6032800,0.10560351610183716
6033088,0.12169793248176575
6033616,0.12391213327646255
6033648,0.11783977597951889
6034592,0.12430941313505173
6035280,0.12046632915735245
6036096,0.11493253707885742
6037184,0.12526293098926544
6038096,0.12983885407447815
6039760,0.12544186413288116
6039952,0.12487929314374924
6041040,0.1240549236536026
6043824,0.12979763746261597
6044368,0.1241518184542656
6045216,0.1221267431974411
6045744,0.12202149629592896
6047840,0.12751464545726776
6047984,0.12063278257846832
6049056,0.11957757920026779
6050400,0.10986316949129105
6051568,0.12655973434448242
6053216,0.12549269199371338
6054928,0.1305415779352188
6055152,0.12880410254001617
6055968,0.12598608434200287
6056160,0.12113655358552933
6057392,0.12838460505008698
6057664,0.12549707293510437
6057760,0.12511484324932098
6059664,0.12437401711940765
6061200,0.12825839221477509
6061600,0.1294061839580536
6063776,0.12707194685935974
6064704,0.12046786397695541
6065280,0.11578535288572311
6067488,0.12545017898082733
6068016,0.12280238419771194
6068208,0.12623873353004456
6068768,0.12836849689483643
6069200,0.12550707161426544
6069824,0.12611205875873566
6071952,0.12009577453136444
6072160,0.12435567378997803
6074128,0.11715981364250183
6076416,0.12566305696964264
6079152,0.12434336543083191
6079488,0.12684892117977142
6079520,0.12478577345609665
6081920,0.12217510491609573
6082272,0.12560465931892395
6082672,0.12615182995796204
6082960,0.12296462804079056
6083088,0.12579096853733063
6083616,0.12553513050079346
6087456,0.12864354252815247
6088784,0.12461987882852554
6089328,0.10685689002275467
6093696,0.12197133898735046
6093968,0.12667883932590485
6097056,0.12473750114440918
6098832,0.11472507566213608
6099328,0.12390978634357452
6100640,0.12584705650806427
6104224,0.12717628479003906
6105312,0.12306603044271469
6106064,0.12517651915550232
6106512,0.12056708335876465
6107280,0.12290088087320328
6107872,0.13390377163887024
6109600,0.12175489217042923
6113472,0.12606877088546753
6115264,0.12058069556951523
6115360,0.12402346730232239
6117952,0.12346737831830978
6118272,0.12111528217792511
6118576,0.1264355182647705
6120224,0.12669511139392853
6120624,0.11819276958703995
6121520,0.12174032628536224
6122544,0.1304217278957367
6123088,0.13072508573532104
6124192,0.12183454632759094
6124592,0.12050346285104752
6125184,0.11428613215684891
6125520,0.10979308187961578
6126688,0.11631699651479721
6128416,0.12645725905895233
6129648,0.12717518210411072
6129904,0.12708710134029388
6131104,0.12635646760463715
6136400,0.12680578231811523
6138272,0.12992839515209198
6138288,0.12460504472255707
6139808,0.12541262805461884
6141840,0.11870327591896057
6143808,0.12518438696861267
6146912,0.1258457899093628
6147104,0.125608429312706
6152608,0.1196838915348053
6152976,0.1026504784822464
6153968,0.11860079318284988
6154096,0.12334965169429779
6154896,0.12378854304552078
6156112,0.12457719445228577
6157600,0.12157610058784485
6157616,0.12656812369823456
6157856,0.12420105934143066
6158816,0.12356948852539062
6159472,0.1280948668718338
6161488,0.12544672191143036
6165136,0.11880186945199966
6168608,0.12215736508369446
6171808,0.12728329002857208
6173408,0.12171497195959091
6174000,0.12244433164596558
6174016,0.12724129855632782
6174320,0.12475240230560303
6174384,0.12286271899938583
6175504,0.1305270493030548
6176512,0.12887734174728394
6177936,0.12437655031681061
6179168,0.11897625029087067
6180064,0.12898553907871246
6181568,0.12378304451704025
6182096,0.12408096343278885
6182176,0.1260206550359726
6182624,0.1229860857129097
6186624,0.12592115998268127
6187760,0.12367614358663559
6187792,0.12751026451587677
6188336,0.12481076270341873
6189136,0.12714074552059174
6189392,0.12146953493356705
6189728,0.1257786750793457
6190000,0.12509922683238983
6191344,0.12341205030679703
6193808,0.12117072194814682
6194992,0.12836945056915283
6195488,0.12223094701766968
6198496,0.1252657175064087
6199472,0.11681218445301056
6200080,0.12095492333173752
6200368,0.11850515007972717
6200608,0.12235549837350845
6203024,0.13098442554473877
6205264,0.10559502243995667
6205680,0.1256120800971985
6206096,0.12183613330125809
6206832,0.12074403464794159
6207904,0.12925219535827637
6209392,0.12280570715665817
6211936,0.12967538833618164
6213520,0.11451207846403122
6213536,0.12627899646759033
6214656,0.12286093831062317
6215712,0.10555893927812576
6216080,0.10962565988302231
6216480,0.1288025975227356
6217808,0.12377823144197464
6218064,0.12118372321128845
6218288,0.12417979538440704
6219328,0.1228073388338089
6219680,0.12236802279949188
6220032,0.13149641454219818
6222704,0.125945046544075
6223184,0.1236247569322586
6223296,0.11952785402536392
6224192,0.12623381614685059
6225152,0.12688961625099182
6227264,0.12499266117811203
6228928,0.1293531358242035
6230720,0.12445060908794403
6230800,0.12849590182304382
6232800,0.11910619586706161
6233216,0.1213555634021759
6234144,0.121599942445755
6234256,0.1217997595667839
6234832,0.11063016951084137
6236128,0.12201879918575287
6237824,0.11854594945907593
6238416,0.12425338476896286
6238432,0.12837493419647217
6239056,0.130353182554245
6240560,0.1298874318599701
6240880,0.12167312204837799
6245040,0.1264788806438446
6245600,0.12567897140979767
6247872,0.1227475255727768
6250896,0.12474168837070465
6250896,0.1275281459093094
6252080,0.1298220008611679
6252256,0.12528899312019348
6255632,0.11825709044933319
6257152,0.11674004793167114
6257792,0.12827536463737488
6258032,0.12535642087459564
6258688,0.12253715097904205
6260688,0.12492543458938599
6261344,0.12393549084663391
6262208,0.11128009110689163
6262288,0.12111556529998779
6263008,0.12402153015136719
6263024,0.12236425280570984
6265200,0.12348175048828125
6265888,0.12591736018657684
6266272,0.1245758906006813
6266496,0.12638403475284576
6267248,0.12293604761362076
6270144,0.1231413409113884
6270576,0.11407362669706345
6271456,0.12729932367801666
6274352,0.10674727708101273
6275488,0.12808048725128174
6275776,0.1111513301730156
6276960,0.12486915290355682
6277184,0.12890784442424774
6278480,0.12676897644996643
6279056,0.12007594853639603
6279312,0.12413731962442398
6279664,0.12384626269340515
6281344,0.126267209649086
6282256,0.12896457314491272
6286272,0.1308501809835434
6289088,0.1252826452255249
6289088,0.12914186716079712
6289248,0.12148464471101761
6289424,0.12190770357847214
6291984,0.12259382009506226
6293024,0.1253463178873062
6293072,0.12433530390262604
6293424,0.13079404830932617
6293632,0.12000037729740143
6293824,0.12397586554288864
6294400,0.12346523255109787
6295664,0.1229928582906723
6296672,0.12195871770381927
6299120,0.12809620797634125
6299872,0.12996365129947662
6300048,0.1264665275812149
6300432,0.12543967366218567
6300432,0.1265421062707901
6304016,0.12538084387779236
6305184,0.12290653586387634
6306336,0.1077452152967453
6307264,0.12482200562953949
6308288,0.12650828063488007
6310560,0.12779146432876587
6311168,0.12365460395812988
6311904,0.12763790786266327
6313392,0.12645985186100006
6313600,0.12316012382507324
6314848,0.128031924366951
6316048,0.12343554943799973
6317728,0.1252112239599228
6319600,0.13068293035030365
6321296,0.12526533007621765
6322672,0.12607547640800476
6324240,0.12718455493450165
6326704,0.12125151604413986
6327888,0.12282038480043411
6328512,0.11601987481117249
6329024,0.12751491367816925
6329808,0.12658753991127014
6331536,0.11382351815700531
6336368,0.123946413397789
6337376,0.1112082228064537
6338592,0.1255985051393509
6340560,0.12677101790905
6340928,0.12498462945222855
6342064,0.12869881093502045
6342720,0.12493488192558289
6343232,0.11984836310148239
6343872,0.12281308323144913
6346480,0.12009712308645248
6346720,0.12515145540237427
6346784,0.12378963083028793
6346992,0.11984805762767792
6347104,0.12175651639699936
6347152,0.12118968367576599
6349376,0.12414510548114777
6352208,0.12021338939666748
6352864,0.12899425625801086
6355104,0.12544560432434082
6355776,0.127091184258461
6356448,0.12827925384044647
6356672,0.1250944882631302
6357472,0.1196596547961235
6357648,0.1229032576084137
6358080,0.11609397083520889
6360576,0.1219850704073906
6360624,0.1226360946893692
6361232,0.12709571421146393
6362000,0.12651512026786804
6363216,0.12596005201339722
6363824,0.1211153045296669
6364128,0.12106673419475555
6364272,0.12341304868459702
6367152,0.1267353594303131
6367696,0.12762577831745148
6370480,0.11653705686330795
6372768,0.1260649859905243
6373888,0.12604176998138428
6374176,0.1253284364938736
6374496,0.12155355513095856
6375232,0.1191125214099884
6376256,0.12476053088903427
6377520,0.12917460501194
6378816,0.12116898596286774
6381168,0.12389273196458817
6382480,0.12908968329429626
6383376,0.12334883958101273
6384336,0.1215704008936882
6384800,0.12137594074010849
6385056,0.12681621313095093
6385872,0.12473136931657791
6386400,0.12312521785497665
6387920,0.13314712047576904
6389376,0.12603965401649475
6394752,0.11855913698673248
6395024,0.12577848136425018
6395056,0.12051524221897125
6395456,0.1231950968503952
6396896,0.1260429322719574
6399520,0.1253414750099182
6400528,0.12138454616069794
6401072,0.12140735238790512
6402000,0.12278103828430176
6402144,0.13077488541603088
6403184,0.1278049647808075
6404160,0.12438049912452698
6407184,0.12667050957679749
6409776,0.12571987509727478
6409808,0.12627814710140228
6412432,0.10245420038700104
6412816,0.12550769746303558
6415568,0.12497176975011826
6415968,0.11781451851129532
6416800,0.13076020777225494
6418032,0.12624119222164154
6419984,0.12748050689697266
6420432,0.12192988395690918
6420528,0.12470290064811707
6421120,0.1308157593011856
6421952,0.127311110496521
6424720,0.1304166465997696
6425056,0.12304510921239853
6425408,0.10645636171102524
6426304,0.12712523341178894
6429152,0.1199846863746643
6430224,0.1257096827030182
6430224,0.12222743034362793
6432256,0.11718955636024475
6433808,0.12460814416408539
6435392,0.125274658203125
6435920,0.12202247232198715
6436208,0.12149955332279205
6438816,0.12564952671527863
6441920,0.11968238651752472
6443328,0.13022750616073608
6443472,0.12559853494167328
6443664,0.11076682806015015
6448096,0.11906485259532928
6448208,0.1280023753643036
6448544,0.12776583433151245
6448672,0.1250503808259964
6448960,0.12440947443246841
6449632,0.12859338521957397
6452176,0.11955860257148743
6452656,0.12289153039455414
6453168,0.12621097266674042
6453792,0.1280602663755417
6455408,0.12530644237995148
6455808,0.12478885799646378
6456688,0.11849073320627213
6457856,0.11433931440114975
6459792,0.12526841461658478
6461248,0.12555837631225586
6461520,0.12110316753387451
6463152,0.12371303141117096
6463280,0.12863872945308685
6463424,0.11687098443508148
6465856,0.12396526336669922
6466336,0.11921216547489166
6467312,0.11566069722175598
6468512,0.11673267930746078
6469920,0.12179745733737946
6473120,0.12964102625846863
6473552,0.12253136187791824
6473664,0.1253104954957962
6474096,0.12386611104011536
6475008,0.1269439458847046
6476720,0.1199680045247078
6477680,0.12389519810676575
6483968,0.12312514334917068
6484320,0.12549449503421783
6485792,0.11048001050949097
6487616,0.11905617266893387
6487856,0.12686093151569366
6488864,0.1243453398346901
6490032,0.1277417540550232
6490048,0.12117794156074524
6490256,0.1270911991596222
6491424,0.12542112171649933
6492192,0.1183081567287445
6492640,0.12171809375286102
6498896,0.12374214828014374
6500192,0.1269700527191162
6502224,0.12430516630411148
6502416,0.12023796886205673
6502864,0.1274406611919403
6504528,0.12741509079933167
6505792,0.11935234069824219
6506176,0.11945851892232895
6506608,0.1260545402765274
6509408,0.1188659816980362
6510016,0.12289345264434814
6511520,0.12469697743654251
6513120,0.12804704904556274
6514608,0.11646253615617752
6516704,0.1297345608472824
6516720,0.12524448335170746
6517120,0.11949826776981354
6518416,0.11920227110385895
6519712,0.12077876180410385
6520240,0.1281134933233261
6520256,0.11668068170547485
6520256,0.1267700493335724
6520672,0.12543079257011414
6521232,0.12496301531791687
6521984,0.12701661884784698
6524176,0.12244618684053421
6525392,0.12408565729856491
6525888,0.1250147521495819
6526864,0.12603448331356049
6527456,0.12940506637096405
6532032,0.12943685054779053
6533232,0.12251939624547958
6534864,0.12278643250465393
6535008,0.12525543570518494
6535280,0.12507285177707672
6535552,0.12367717921733856
6536112,0.1272428333759308
6536448,0.12497357279062271
6536496,0.12800614535808563
6538400,0.12407944351434708
6538992,0.1288709193468094
6543088,0.1263008862733841
6543152,0.1162959411740303
6545456,0.12538965046405792
6547440,0.11810340732336044
6548848,0.12947413325309753
6549696,0.12310858815908432
6551744,0.12369013577699661
6553968,0.12168070673942566
6554160,0.1227068230509758
6556176,0.1253708004951477
6556384,0.12375204265117645
6559264,0.12719805538654327
6559520,0.12111877650022507
6560464,0.12190590798854828
6560800,0.12146967649459839
6561712,0.11124242097139359
6564720,0.12472742050886154
6567184,0.12515749037265778
6567456,0.12829355895519257
6567792,0.12295470386743546
6568320,0.12681536376476288
6574464,0.12365247309207916
6574592,0.12125469744205475
6575072,0.12767933309078217
6577376,0.12627004086971283
6577568,0.12508398294448853
6580928,0.12334547191858292
6580992,0.12145116180181503
6581344,0.1261565089225769
6584192,0.12467918545007706
6584480,0.12848585844039917
6585136,0.1221972182393074
6586736,0.10166113823652267
6587808,0.12256606668233871
6589296,0.12043599039316177
6589440,0.12552407383918762
6589696,0.1245434507727623
6590336,0.12823447585105896
6592096,0.12337543070316315
6596576,0.11502034962177277
6600336,0.11843133717775345
6600976,0.12725885212421417
6602800,0.12298431992530823
6603552,0.12151095271110535
6603712,0.11726349592208862
6604544,0.11569034308195114
6606176,0.12473262846469879
6607088,0.12292768806219101
6607296,0.12712986767292023
6609632,0.12243404239416122
6613248,0.11895505338907242
6613312,0.12379501014947891
6614128,0.12131225317716599
6614368,0.11601007729768753
6614384,0.11908670514822006
6617408,0.1257835328578949
6620336,0.12753926217556
6620464,0.12285643070936203
6623536,0.12360010296106339
6623840,0.13180038332939148
6623984,0.12374211847782135
6624752,0.13036677241325378
6625952,0.12389218062162399
6627216,0.11924613267183304
6628304,0.12873801589012146
6628624,0.11804826557636261
6628768,0.12451130151748657
6630656,0.12328348308801651
6631008,0.12466409057378769
6631120,0.12683451175689697
6633760,0.12158627808094025
6635920,0.12567704916000366
6637936,0.12195912003517151
6638064,0.12807384133338928
6638272,0.12288329005241394
6640416,0.1242799311876297
6641136,0.12016835063695908
6642096,0.12015461176633835
6642880,0.12875792384147644
6643040,0.12830935418605804
6643264,0.12028983980417252
6643376,0.10527998208999634
6645040,0.12748824059963226
6645136,0.12773877382278442
6645136,0.12204274535179138
6646656,0.1276617795228958
6646816,0.12854649126529694
6646880,0.12649421393871307
6650000,0.12352596968412399
6650352,0.12584397196769714
6653712,0.12247399985790253
6653808,0.12959492206573486
6655904,0.12029628455638885
6656512,0.12496547400951385
6657680,0.12276410311460495
6659440,0.12828537821769714
6662064,0.12861227989196777
6663024,0.12198612093925476
6663040,0.12890197336673737
6663536,0.12357501685619354
6664432,0.12056765705347061
6667008,0.13000242412090302
6670064,0.12456554174423218
6670096,0.12439076602458954
6670096,0.12350907921791077
6671712,0.12145998328924179
6672400,0.13173581659793854
6675040,0.12822146713733673
6675504,0.1196267381310463
6676480,0.125837042927742
6678784,0.13164283335208893
6682304,0.10914263129234314
6684384,0.12414363771677017
6685744,0.12104478478431702
6686624,0.12124525010585785
6688416,0.12226792424917221
6691616,0.12212594598531723
6692896,0.12615370750427246
6694768,0.11984451115131378
6695856,0.12098920345306396
6696144,0.1293438971042633
6697728,0.1223730817437172
6698560,0.12081729620695114
6699456,0.11954505741596222
6699648,0.12112101167440414
6701280,0.12643350660800934
6702128,0.12821371853351593
6703584,0.1275015026330948
6703648,0.1275012493133545
6703728,0.1197751834988594
6703872,0.13039784133434296
6704256,0.12267189472913742
6705264,0.12840579450130463
6706048,0.11772401630878448
6707424,0.12202052026987076
6707488,0.12516936659812927
6708048,0.12525896728038788
6708256,0.12285847961902618
6709152,0.12815754115581512
6709344,0.12464992702007294
6710432,0.12713131308555603
6710720,0.11875306069850922
6711632,0.08711996674537659
6712464,0.12332991510629654
6713184,0.12007012963294983
6714000,0.1283515989780426
6714256,0.12300998717546463
6717552,0.12512797117233276
6718176,0.12333086878061295
6718976,0.12401913106441498
6720112,0.11838196963071823
6720256,0.12164448946714401
6721712,0.12408920377492905
6723408,0.12628358602523804
6723616,0.124471515417099
6723872,0.12580938637256622
6725088,0.12042542546987534
6725664,0.12774331867694855
6726992,0.12572024762630463
6729008,0.12248028814792633
6730288,0.12556836009025574
6730640,0.12271075695753098
6732144,0.12445545196533203
6732656,0.12175363302230835
6732736,0.12462972849607468
6732880,0.130038321018219
6735344,0.12751850485801697
6737424,0.12177631258964539
6741024,0.12579183280467987
6741424,0.12040496617555618
6743200,0.12772193551063538
6745104,0.11755624413490295
6746096,0.12076229602098465
6746960,0.11670448631048203
6747168,0.12238110601902008
6747408,0.12574520707130432
6748320,0.11575649678707123
6748336,0.10968977212905884
6748624,0.123272605240345
6750960,0.12788698077201843
6751152,0.12050165981054306
6753488,0.12879669666290283
6754000,0.13145123422145844
6754416,0.1265513151884079
6755840,0.12805524468421936
6757568,0.12312634289264679
6757712,0.12223876267671585
6758944,0.12489748001098633
6759104,0.12489305436611176
6761232,0.1255161464214325
6762800,0.1174612045288086
6762912,0.11220967769622803
6767824,0.1297273486852646
6768272,0.12881557643413544
6768384,0.12468794733285904
6770688,0.12649066746234894
6773760,0.12634103000164032
6775952,0.12828899919986725
6776032,0.12864185869693756
6777104,0.13004037737846375
6777968,0.11730840057134628
6779152,0.12378065288066864
6779648,0.12263818830251694
6780640,0.12937304377555847
6782288,0.1263265311717987
6783264,0.12265177816152573
6783968,0.12478809803724289
6786416,0.11514171212911606
6786560,0.11626217514276505
6790368,0.1234249398112297
6790560,0.1218770444393158
6791552,0.12360617518424988
6792880,0.12666697800159454
6796224,0.1257966160774231
6796352,0.1296904981136322
6797120,0.12118010222911835
6800656,0.12615159153938293
6800880,0.12499039620161057
6804448,0.12270932644605637
6805232,0.12643542885780334
6805328,0.11762266606092453
6807136,0.12585903704166412
6809376,0.12178854644298553
6810560,0.1252574324607849
6810832,0.12191077321767807
6811504,0.12294057756662369
6814960,0.12385912239551544
6815072,0.1257113665342331
6815104,0.12762393057346344
6816848,0.12492705881595612
6819344,0.11617327481508255
6822064,0.13141858577728271
6822672,0.1212250143289566
6822752,0.11582954972982407
6824000,0.12465758621692657
6824832,0.12061429023742676
6825584,0.1248861625790596
6826336,0.11083359271287918
6826480,0.11647586524486542
6827696,0.12717467546463013
6828256,0.11813092976808548
6828448,0.12271629273891449
6829232,0.12667055428028107
6829888,0.12384916096925735
6833488,0.1231377050280571
6834144,0.12331908196210861
6834768,0.12478183209896088
6835712,0.11942768096923828
6838288,0.1292085349559784
6839152,0.1195259764790535
6839216,0.13022960722446442
6839888,0.12439907342195511
6842832,0.12281259894371033
6842896,0.12217023223638535
6843952,0.12005086988210678
6846320,0.113250233232975
6846432,0.12454633414745331
6847632,0.12286615371704102
6848976,0.12191165238618851
6849232,0.12618152797222137
6849280,0.12443302571773529
6849824,0.12074734270572662
6850032,0.12010226398706436
6851360,0.1284291297197342
6851408,0.1272670477628708
6851984,0.12470163404941559
6852912,0.11630287021398544
6854704,0.1255796104669571
6856464,0.119549460709095
6857008,0.12530776858329773
6857776,0.1162198930978775
6858656,0.12720942497253418
6859184,0.123991459608078
6860736,0.08113009482622147
6861664,0.12445209175348282
6863696,0.12493304908275604
6864192,0.12879334390163422
6865184,0.1254308819770813
6866384,0.1274169534444809
6867872,0.12364242970943451
6869360,0.12867334485054016
6871408,0.12710155546665192
6871440,0.1207531988620758
6871936,0.12994453310966492
6872752,0.11152707785367966
6874160,0.1184363067150116
6875632,0.11722051352262497
6877104,0.121431365609169
6877568,0.12861870229244232
6879216,0.1232430562376976
6879328,0.1224321648478508
6880032,0.12923412024974823
6882848,0.12763652205467224
6883216,0.12933872640132904
6883936,0.12640050053596497
6884656,0.1186414584517479
6887248,0.1282254308462143
6892256,0.12184049934148788
6895280,0.1281796544790268
6896464,0.1293833702802658
6898784,0.12185226380825043
6898816,0.12742972373962402
6903424,0.11461403220891953
6907072,0.12208015471696854
6908704,0.1293151080608368
6908912,0.11693553626537323
6910032,0.12360718846321106
6910560,0.1198577806353569
6913024,0.12735967338085175
6917056,0.12636931240558624
6917680,0.12675434350967407
6917936,0.12980134785175323
6919456,0.1272806078195572
6921152,0.12502433359622955
6921632,0.11282230168581009
6922288,0.1243576630949974
6922928,0.11848217248916626
6923824,0.12310733646154404
6925056,0.12774617969989777
6925536,0.12536291778087616
6926352,0.12734420597553253
6926608,0.12447240203619003
6929872,0.1284690946340561
6931872,0.12668974697589874
6932224,0.12455819547176361
6933008,0.12470918148756027
6934304,0.11696041375398636
6935488,0.12667618691921234
6938976,0.12645161151885986
6939120,0.12787692248821259
6939472,0.12081792950630188
6940080,0.12445144355297089
6943600,0.12751652300357819
6943824,0.1188778206706047
6944800,0.12467914074659348
6945072,0.12241422384977341
6945328,0.12642927467823029
6946288,0.1231306791305542
6946576,0.12856288254261017
6947248,0.12452162057161331
6948608,0.12374132871627808
6948784,0.12924537062644958
6950752,0.12908291816711426
6953536,0.1237477958202362
6954512,0.12795290350914001
6954528,0.12349499762058258
6955664,0.11886897683143616
6957312,0.12235910445451736
6958608,0.12561920285224915
6959232,0.12691986560821533
6961456,0.12439853698015213
6962384,0.119961678981781
6964416,0.12003155797719955
6967744,0.11765449494123459
6971008,0.12693847715854645
6971360,0.12353888899087906
6972480,0.1257639229297638
6972912,0.12733036279678345
6973216,0.12423104047775269
6974176,0.12601105868816376
6976720,0.12769466638565063
6977792,0.11665438115596771
6978032,0.122447170317173
6980000,0.1281147599220276
6980912,0.12414772063493729
6981152,0.12338614463806152
6982784,0.1203545331954956
6984304,0.1287202388048172
6985216,0.11974989622831345
6986400,0.12487168610095978
6986464,0.12079067528247833
6987456,0.12616953253746033
6987952,0.12751032412052155
6992208,0.12683720886707306
6993312,0.11933240294456482
6995056,0.12171514332294464
6995840,0.1217208281159401
6995936,0.12488707900047302
6996176,0.12353373318910599
6996880,0.12713861465454102
6997088,0.12677568197250366
6998976,0.1245979517698288
6999504,0.12710317969322205
6999600,0.1199982538819313
6999728,0.11789502948522568
7000768,0.12544947862625122
7002176,0.12511539459228516
7003680,0.12485137581825256
7004336,0.11640952527523041
7005328,0.12103790789842606
7006672,0.11967094242572784
7008064,0.12461497634649277
7010320,0.12568970024585724
7011088,0.12603282928466797
7013888,0.12900881469249725
7015040,0.12388875335454941
7018032,0.12889766693115234
7020096,0.10599172860383987
7020496,0.12320364266633987
7021648,0.12215164303779602
7024608,0.12664185464382172
7025216,0.12212712317705154
7026688,0.1241297647356987
7026928,0.12352017313241959
7028976,0.12779377400875092
7030480,0.12469688802957535
7031696,0.12456251680850983
7034000,0.1265149712562561
7034352,0.12213914096355438
7036128,0.1308705061674118
7036608,0.12179796397686005
7037792,0.11250892281532288
7038704,0.12682828307151794
7038864,0.12331807613372803
7038896,0.12336000800132751
7039504,0.12420810759067535
7040256,0.1157580316066742
7041376,0.12642936408519745
7043680,0.12631496787071228
7044752,0.12277864664793015
7044896,0.12115523964166641
7046688,0.11952849477529526
7048960,0.12416662275791168
7048976,0.1233300194144249
7049472,0.12230545282363892
7049648,0.1255936622619629
7050288,0.124573715031147
7053248,0.12039335072040558
7053472,0.12699542939662933
7053488,0.0978180393576622
7053920,0.12429291009902954
7056720,0.13065266609191895
7058112,0.12206531316041946
7060224,0.12266384810209274
7060240,0.11829453706741333
7060432,0.11710811406373978
7060448,0.12852928042411804
7061680,0.12575119733810425
7064768,0.12826335430145264
7066000,0.1196407750248909
7066608,0.12976735830307007
7067664,0.12709641456604004
7068384,0.12283750623464584
7068736,0.1287521868944168
7068896,0.12832222878932953
7070272,0.1196400448679924
7071744,0.1208910346031189
7072272,0.1284206658601761
7072400,0.12318950146436691
7073104,0.1226671040058136
7075552,0.12563267350196838
7076752,0.09972428530454636
7077424,0.12290989607572556
7078304,0.12732546031475067
7078992,0.12121763825416565
7079440,0.12612514197826385
7080528,0.12073209881782532
7080704,0.1265329122543335
7084752,0.1210327297449112
7085088,0.12305350601673126
7086048,0.12446636706590652
7086192,0.12753096222877502
7086576,0.1236623227596283
7087600,0.12671594321727753
7088576,0.12826280295848846
7090144,0.12460598349571228
7092976,0.12199637293815613
7096160,0.11990728229284286
7096400,0.12807533144950867
7096576,0.12389323115348816
7097136,0.12036030739545822
7100224,0.09899339824914932
7100400,0.11570844054222107
7101936,0.12572018802165985
7103520,0.11829204112291336
7103712,0.12768983840942383
7104416,0.1234392374753952
7104736,0.12234857678413391
7105520,0.1233718991279602
7106096,0.12255275994539261
7106896,0.12245816737413406
7107088,0.1254970133304596
7107280,0.11999573558568954
7107680,0.12530390918254852
7108736,0.1275663673877716
7110752,0.12165450304746628
7111424,0.1301826387643814
7114320,0.12826713919639587
7114384,0.12680843472480774
7114864,0.1274467408657074
7116320,0.12249898910522461
7118032,0.12377075850963593
7120640,0.12523110210895538
7121520,0.12458775192499161
7122256,0.12293706834316254
7123008,0.12740911543369293
7124320,0.11687621474266052
7125568,0.12292375415563583
7126352,0.12270418554544449
7127040,0.12826129794120789
7128720,0.12404288351535797
7129168,0.1244356781244278
7132272,0.12424628436565399
7132768,0.12923681735992432
7134976,0.1252533346414566
7135056,0.11996191740036011
7135520,0.1287159025669098
7137792,0.1256459355354309
7138928,0.1281461864709854
7139568,0.12415603548288345
7139952,0.12236189842224121
7140016,0.12169990688562393
7142272,0.12183807045221329
7145888,0.1259971261024475
7147440,0.12457006424665451
7147952,0.12192738801240921
7148672,0.12335167825222015
7150112,0.1260608732700348
7150288,0.12042520940303802
7153440,0.12789957225322723
7153616,0.12780000269412994
7154512,0.12038888037204742
7156352,0.12516793608665466
7156944,0.11848274618387222
7157008,0.12021557986736298
7157120,0.126665398478508
7160080,0.11934585124254227
7161040,0.12912040948867798
7161744,0.12398545444011688
7162304,0.1183445155620575
7163056,0.12423115223646164
7163616,0.12836973369121552
7164032,0.12467026710510254
7164048,0.1165560781955719
7164160,0.12295064330101013
7167072,0.13151578605175018
7167600,0.10656505823135376
7167744,0.11890698969364166
7168544,0.12066390365362167
7169520,0.12272234261035919
7170800,0.12707562744617462
7171168,0.12685512006282806
7174816,0.1234431341290474
7174848,0.12724168598651886
7176720,0.12541671097278595
7177888,0.12569621205329895
7178288,0.12004069238901138
7178384,0.12291210144758224
7178464,0.12272338569164276
7184384,0.12169729918241501
7187952,0.12610474228858948
7187952,0.12799035012722015
7188640,0.12320195138454437
7189136,0.12491269409656525
7192272,0.12441535294055939
7192288,0.12483931332826614
7192688,0.1283188909292221
7195184,0.13127140700817108
7199264,0.1233438029885292
7199776,0.12591440975666046
7200128,0.12328311055898666
7201712,0.12011514604091644
7202608,0.12841327488422394
7203264,0.11654656380414963
7203600,0.12593050301074982
7206000,0.12075633555650711
7206384,0.12800157070159912
7206800,0.12465409934520721
7210752,0.1222115010023117
7210912,0.1226881667971611
7213776,0.12277136743068695
7216048,0.1199193075299263
7217680,0.12570971250534058
7217712,0.1100883036851883
7218016,0.12286009639501572
7220640,0.12622112035751343
7221200,0.1127392128109932
7221616,0.11964797973632812
7222336,0.12659122049808502
7224272,0.12348578870296478
7224272,0.12786509096622467
7224704,0.12313240021467209
7224736,0.1277894675731659
7226688,0.1178249642252922
7227456,0.128448948264122
7227616,0.1260663866996765
7227632,0.1271875649690628
7227760,0.11982262879610062
7228048,0.12158609181642532
7230432,0.11690403521060944
7231328,0.12183933705091476
7231776,0.12435989081859589
7232096,0.12855792045593262
7235648,0.13084949553012848
7237968,0.12207146733999252
7239072,0.11698034405708313
7239280,0.1226070374250412
7242528,0.12757505476474762
7244592,0.12441572546958923
7245232,0.12651923298835754
7245760,0.11696965247392654
7246624,0.11719785630702972
7247808,0.114119753241539
7248560,0.12154971808195114
7249552,0.1298060268163681
7249968,0.12014458328485489
7250512,0.1271393895149231
7251504,0.12608754634857178
7253152,0.12349448353052139
7253232,0.12348378449678421
7253440,0.12508168816566467
7255696,0.13113011419773102
7256704,0.1265196055173874
7256816,0.1271606832742691
7257216,0.12269008159637451
7258320,0.12235578149557114
7258400,0.11758410930633545
7259408,0.11620486527681351
7260368,0.12250135093927383
7260416,0.12909437716007233
7260960,0.12581899762153625
7262640,0.12925465404987335
7264112,0.11443265527486801
7264304,0.12305781990289688
7267664,0.12506014108657837
7267840,0.12185553461313248
7268128,0.12171372026205063
7269168,0.1276538372039795
7269296,0.11551328003406525
7269936,0.12349521368741989
7271200,0.12286229431629181
7271696,0.12113398313522339
7272592,0.1269739866256714
7272752,0.12536904215812683
7274560,0.11999637633562088
7276400,0.12498097121715546
7277136,0.12212156504392624
7278608,0.12641844153404236
7278608,0.11816263943910599
7279040,0.11965907365083694
7279312,0.11371525377035141
7280720,0.12107805907726288
7282624,0.11255768686532974
7282736,0.12511013448238373
7284864,0.10920219123363495
7285440,0.11903683841228485
7286048,0.1240486204624176
7286992,0.12737534940242767
7287152,0.12824375927448273
7287600,0.12599974870681763
7287904,0.11683804541826248
7290544,0.13050442934036255
7291936,0.12775133550167084
7292704,0.12281067669391632
7292848,0.12602342665195465
7293536,0.12057098746299744
7294160,0.11608970165252686
7294160,0.1260882318019867
7296480,0.12030787020921707
7297088,0.10763457417488098
7297136,0.12469600886106491
7299008,0.12564325332641602
7299312,0.12114068865776062
7299712,0.1251634806394577
7299952,0.12413342297077179
7300176,0.1170978918671608
7300432,0.11924746632575989
7301216,0.11910895258188248
7303280,0.1016499325633049
7304144,0.12646856904029846
7306832,0.12115143984556198
7307168,0.12888556718826294
7308192,0.12436691671609879
7308336,0.11892292648553848
7309456,0.1190478727221489
7310464,0.11735893785953522
7310752,0.124003566801548
7311344,0.1235775277018547
7313936,0.10528344660997391
7316624,0.10793940722942352
7317472,0.12275838851928711
7317616,0.1241367757320404
7318112,0.11892238259315491
7318688,0.1275290548801422
7321568,0.12654151022434235
7322192,0.12494724988937378
7324400,0.11437179148197174
7324848,0.11877936124801636
7325392,0.12261618673801422
7329360,0.12781506776809692
7331392,0.12405139952898026
7332192,0.11876333504915237
7333104,0.12426836043596268
7334928,0.12651018798351288
7335088,0.12353835999965668
7338080,0.1281624436378479
7338240,0.12491020560264587
7338704,0.11780881881713867
7339424,0.12003789097070694
7339472,0.12426881492137909
7339760,0.12804318964481354
7341680,0.12906794250011444
7343648,0.11707811802625656
7345328,0.12184429168701172
7345488,0.10197188705205917
7348992,0.1241346001625061
7349632,0.1243668645620346
7351200,0.12362328171730042
7351632,0.12462756782770157
7351648,0.12611714005470276
7351664,0.12688733637332916
7355264,0.12361466139554977
7356224,0.12616561353206635
7358752,0.12214457243680954
7363280,0.12168729305267334
7364544,0.12031335383653641
7369552,0.11483118683099747
7371088,0.12125002592802048
7371632,0.12352760881185532
7375168,0.12212114036083221
7376448,0.12412651628255844
7378064,0.12062112987041473
7378704,0.12491265684366226
7379056,0.12101750820875168
7379968,0.12887617945671082
7379984,0.12255029380321503
7380304,0.12585480511188507
7381600,0.1234557032585144
7382192,0.12378081679344177
7382752,0.11069375276565552
7383664,0.12493614107370377
7386400,0.12502777576446533
7387168,0.13096460700035095
7387184,0.12036097794771194
7389456,0.127001091837883
7390208,0.12378434836864471
7390640,0.12507787346839905
7390784,0.1220884695649147
7390800,0.12709511816501617
7390944,0.12308847159147263
7392080,0.11903110891580582
7394432,0.12755468487739563
7394560,0.123284712433815
7395280,0.12224595993757248
7396224,0.12340617179870605
7397296,0.12330503016710281
7398096,0.1287507712841034
7398160,0.12479478865861893
7399264,0.11868582665920258
7401584,0.12029949575662613
7401728,0.12192476540803909
7403744,0.12856736779212952
7404992,0.11883164197206497
7405312,0.11809971928596497
7405968,0.12548430263996124
7407040,0.12320828437805176
7408176,0.12347529828548431
7409296,0.1184786856174469
7411712,0.12728361785411835
7412384,0.13098594546318054
7414016,0.12974321842193604
7414960,0.1284501999616623
7415856,0.123433418571949
7418192,0.1159508228302002
7422800,0.12686645984649658
7425872,0.11770620197057724
7429600,0.12201807647943497
7430256,0.12323389947414398
7430304,0.12302086502313614
7431488,0.12224277853965759
7431792,0.11708297580480576
7432032,0.13068190217018127
7432976,0.12009430676698685
7433648,0.1234898790717125
7436560,0.12182538211345673
7439920,0.1220070943236351
7440864,0.12599977850914001
7441376,0.12179351598024368
7441856,0.12370366603136063
7446560,0.13245438039302826
7447088,0.12125639617443085
7447168,0.11421351134777069
7448480,0.12397018074989319
7449792,0.12867754697799683
7450176,0.12609736621379852
7450768,0.12097326666116714
7453808,0.12511610984802246
7454384,0.12407387048006058
7454944,0.12419534474611282
7456944,0.12835071980953217
7458576,0.12122806161642075
7460528,0.1264209747314453
7460768,0.09588051587343216
7461280,0.12653106451034546
7462016,0.11689132452011108
7462480,0.12550464272499084
7464992,0.11205187439918518
7465008,0.12425003200769424
7465104,0.12317147850990295
7465744,0.12965744733810425
7467232,0.12409091740846634
7468656,0.12084454298019409
7468704,0.12801247835159302
7469152,0.12415558099746704
7472400,0.12025707960128784
7472992,0.11830085515975952
7473248,0.12344452738761902
7474640,0.12832583487033844
7475792,0.12990795075893402
7475840,0.122430719435215
7475952,0.13077029585838318
7476272,0.12272384017705917
7476464,0.12557624280452728
7479264,0.11100919544696808
7479440,0.12516793608665466
7482864,0.11981125175952911
7482944,0.09957894682884216
7483680,0.12740470468997955
7485536,0.1172703430056572
7485744,0.12120932340621948
7485760,0.10954951494932175
7486416,0.12376616150140762
7486944,0.12498066574335098
7488528,0.11195536702871323
7489296,0.11839649081230164
7490384,0.12583985924720764
7492960,0.12364447116851807
7493520,0.11447581648826599
7493600,0.12387548387050629
7493696,0.12347853928804398
7494096,0.12441907078027725
7494272,0.12705296277999878
7495024,0.11405546218156815
7496400,0.12968149781227112
7497312,0.12919439375400543
7497520,0.12560391426086426
7497792,0.1238178238272667
7499216,0.12044046819210052
7500928,0.12113430351018906
7502032,0.1280427724123001
7502848,0.12271816283464432
7504416,0.13117729127407074
7504496,0.12738092243671417
7505536,0.12112367153167725
7505712,0.12329202145338058
7506000,0.1175072193145752
7506912,0.10909974575042725
7507920,0.1191917359828949
7509136,0.12455376982688904
7511728,0.1255212426185608
7514192,0.12258752435445786
7518352,0.12510374188423157
7519232,0.12625527381896973
7519488,0.11615097522735596
7519792,0.1248716413974762
7521600,0.12465354055166245
7522752,0.1255609691143036
7524080,0.1226738691329956
7524192,0.13041086494922638
7527776,0.12448867410421371
7529376,0.12881070375442505
7529920,0.12046366184949875
7529936,0.12517929077148438
7532928,0.12191306054592133
7533872,0.12105689942836761
7536352,0.11799539625644684
7536672,0.12593473494052887
7537456,0.12442418932914734
7542672,0.12751002609729767
7544080,0.11649569869041443
7544672,0.1275627166032791
7546576,0.11894447356462479
7546992,0.12330758571624756
7547728,0.11964046955108643
7550128,0.12312357127666473
7550688,0.12267429381608963
7550816,0.10750339180231094
7551328,0.12345815449953079
7551792,0.1286974549293518
7553616,0.12817393243312836
7556864,0.10681641101837158
7557360,0.12248504906892776
7557632,0.13116125762462616
7560960,0.12250857055187225
7561232,0.12116086483001709
7561488,0.12328925728797913
7562576,0.12185966968536377
7564432,0.12107215821743011
7565648,0.12188145518302917
7569328,0.11827009916305542
7569728,0.12193551659584045
7569760,0.12601451575756073
7573360,0.11737111955881119
7573376,0.12493067234754562
7573424,0.12183475494384766
7575200,0.1213015764951706
7575712,0.12019509822130203
7575856,0.12354280799627304
7575888,0.12654538452625275
7576544,0.12749475240707397
7578976,0.12036821246147156
7579312,0.12678302824497223
7580688,0.11371511965990067
7581120,0.1249198243021965
7581440,0.1269558221101761
7584192,0.12818598747253418
7587312,0.12758462131023407
7587760,0.12060901522636414
7588464,0.12552164494991302
7589264,0.10983679443597794
7589584,0.12140316516160965
7590896,0.12442126125097275
7591664,0.117871955037117
7592144,0.07583561539649963
7592832,0.12513305246829987
7593136,0.12316253036260605
7593632,0.11500709503889084
7594480,0.12145106494426727
7595280,0.12968502938747406
7595632,0.12309000641107559
7595664,0.1220434233546257
7596160,0.12664636969566345
7602800,0.1123792827129364
7602912,0.1239287406206131
7605504,0.12150884419679642
7605648,0.12996765971183777
7610768,0.12270771712064743
7612176,0.1195078119635582
7614704,0.1141020655632019
7615920,0.12774425745010376
7617136,0.1249113529920578
7617344,0.1267649531364441
7617920,0.11530714482069016
7622928,0.12416699528694153
7625376,0.12468617409467697
7627760,0.12061312794685364
7627808,0.12350263446569443
7628480,0.12916286289691925
7630336,0.12289299815893173
7630640,0.12587015330791473
7631376,0.1280594766139984
7631504,0.12633033096790314
7632656,0.12135957926511765
7632976,0.1223602443933487
7638640,0.12398374080657959
7640128,0.12594090402126312
7640896,0.11807310581207275
7641648,0.12379622459411621
7642096,0.12571632862091064
7645184,0.12844468653202057
7646096,0.08309531956911087
7646960,0.1273362934589386
7648144,0.08217070996761322
7648544,0.12469223141670227
7648768,0.12667258083820343
7648848,0.12392701953649521
7649136,0.126059427857399
7650576,0.12739618122577667
7651200,0.12733227014541626
7651408,0.11004336923360825
7652144,0.12032640725374222
7652720,0.12740778923034668
7653040,0.1294359713792801
7653200,0.12131113559007645
7653632,0.12764503061771393
7655056,0.12120839208364487
7655232,0.12603609263896942
7655296,0.12352937459945679
7655392,0.11940526217222214
7656384,0.09749283641576767
7659392,0.11829839646816254
7659872,0.12221068888902664
7661088,0.12585242092609406
7663008,0.12356025725603104
7663456,0.12554219365119934
7663552,0.12180227041244507
7663712,0.11710415035486221
7665872,0.09859615564346313
7666720,0.11241935938596725
7667344,0.12339109927415848
7667344,0.12469060719013214
7667520,0.12291637808084488
7669712,0.12274345010519028
7670416,0.11343502998352051
7670528,0.12642045319080353
7672320,0.10913969576358795
7672896,0.09905450791120529
7674544,0.12316743284463882
7674944,0.11945484578609467
7675904,0.12545903027057648
7676912,0.12640626728534698
7677696,0.12330685555934906
7679472,0.11890344321727753
7679872,0.12597715854644775
7680032,0.12384414672851562
7680176,0.11716204881668091
7680208,0.1218731477856636
7681024,0.12005557119846344
7681552,0.12576426565647125
7685520,0.12677402794361115
7685856,0.12727497518062592
7686784,0.12569262087345123
7688272,0.1272791475057602
7690080,0.12455235421657562
7690112,0.118606336414814
7690304,0.13151967525482178
7694416,0.12449885904788971
7694496,0.1197524443268776
7696512,0.12121938169002533
7697296,0.13040322065353394
7698016,0.1268116533756256
7701456,0.12132343649864197
7702032,0.126848965883255
7702400,0.12347060441970825
7704368,0.12048977613449097
7704432,0.11783093214035034
7705312,0.1266556978225708
7705888,0.12846402823925018
7706560,0.10258117318153381
7709168,0.128343403339386
7709824,0.12412424385547638
7713152,0.12633107602596283
7714384,0.12734177708625793
7715664,0.1202966570854187
7716768,0.12612347304821014
7718352,0.12824401259422302
7719808,0.11314079165458679
7722896,0.12286033481359482
7723408,0.12164386361837387
7724032,0.12519006431102753
7724128,0.1281828135251999
7725232,0.12806223332881927
7726944,0.12845151126384735
7726960,0.12483100593090057
7727488,0.12964767217636108
7727616,0.12123527377843857
7728816,0.10783089697360992
7730176,0.11163222789764404
7730624,0.12240796536207199
7732112,0.1278860718011856
7734736,0.11882887035608292
7735024,0.12042350322008133
7737312,0.13081316649913788
7737712,0.12512391805648804
7739472,0.12266656011343002
7742032,0.12417516857385635
7743776,0.11714227497577667
7744880,0.12801949679851532
7745584,0.11826058477163315
7746096,0.12330556660890579
7746640,0.11813240498304367
7748464,0.12821798026561737
7748896,0.11959510296583176
7749344,0.1246614083647728
7752912,0.11694774031639099
7753824,0.12598714232444763
7755712,0.1260017305612564
7756080,0.12604421377182007
7756464,0.12252912670373917
7756688,0.12688963115215302
7759088,0.12400463968515396
7759408,0.12060454487800598
7760400,0.11690521985292435
7760864,0.1275327503681183
7762400,0.12838204205036163
7763616,0.12603172659873962
7765440,0.1286149024963379
7766000,0.12328822165727615
7766784,0.12560273706912994
7769888,0.127245232462883
7770144,0.11394710093736649
7771424,0.12668563425540924
7771824,0.12295383960008621
7773344,0.1252855360507965
7773760,0.1260446012020111
7773856,0.1283728927373886
7774256,0.12748192250728607
7775424,0.1283452808856964
7776864,0.1251043826341629
7778400,0.11673352122306824
7778608,0.12432166188955307
7778720,0.11281652003526688
7780240,0.12582765519618988
7780432,0.12081961333751678
7780576,0.1263613998889923
7783808,0.10800309479236603
7783856,0.12095513194799423
7784544,0.12350043654441833
7786384,0.12240245938301086
7787440,0.12246037274599075
7789920,0.129363551735878
7790144,0.11734683066606522
7791264,0.11999820172786713
7792464,0.12234048545360565
7794576,0.12354373186826706
7794896,0.12058896571397781
7796960,0.12337029725313187
7797264,0.12631425261497498
7798192,0.12386951595544815
7800528,0.12975996732711792
7800768,0.12952376902103424
7801568,0.11915458738803864
7802000,0.125474214553833
7805184,0.1175282746553421
7805984,0.12343573570251465
7806384,0.1253206431865692
7808944,0.12728360295295715
7810880,0.1257230043411255
7811408,0.12265358865261078
7812192,0.11960122734308243
7814304,0.1261681765317917
7815936,0.12581533193588257
7816592,0.12377335131168365
7817104,0.12522229552268982
7820768,0.12150618433952332
7821632,0.12406431883573532
7821872,0.11895214766263962
7823072,0.1280478537082672
7824976,0.12719933688640594
7825152,0.13169921934604645
7825504,0.12723314762115479
7829520,0.1292039006948471
7830432,0.12042462825775146
7830432,0.11347417533397675
7831248,0.11999265849590302
7832240,0.11887739598751068
7832400,0.12376448512077332
7832704,0.127284437417984
7833056,0.1257295161485672
7833840,0.12908919155597687
7833888,0.13017351925373077
7835872,0.1202414333820343
7837456,0.1228276938199997
7839424,0.12036345899105072
7843056,0.12239319831132889
7845504,0.12892021238803864
7849008,0.12393834441900253
7850096,0.12272060662508011
7850992,0.1268058568239212
7851232,0.12603537738323212
7851744,0.12427250295877457
7851792,0.12498815357685089
7852784,0.12499625980854034
7853616,0.12635788321495056
7855952,0.12776847183704376
7857232,0.12731245160102844
7858080,0.12037681043148041
7858912,0.1240030899643898
7859024,0.11667752265930176
7860704,0.12247516959905624
7862144,0.12113896757364273
7862288,0.12764841318130493
7862512,0.12216001003980637
7864400,0.12426504492759705
7865424,0.12518028914928436
7865744,0.12715579569339752
7869488,0.126654252409935
7869776,0.12422111630439758
7870160,0.1263764649629593
7871472,0.12746137380599976
7872544,0.1192307248711586
7872768,0.126456156373024
7873104,0.12487814575433731
7874848,0.12545129656791687
7874912,0.12203530222177505
7876112,0.12023962289094925
7876624,0.12444940954446793
7876928,0.12118946015834808
7878448,0.12616097927093506
7880896,0.12819904088974
7881472,0.12657788395881653
7882400,0.13111333549022675
7883264,0.1254989206790924
7885600,0.12705770134925842
7888064,0.1285400241613388
7891264,0.12529462575912476
7891312,0.12644994258880615
7892752,0.12104151397943497
7892864,0.12073167413473129
7893696,0.11170221865177155
7894384,0.12798692286014557
7894624,0.12493182718753815
7895216,0.12624655663967133
7897248,0.12484251707792282
7898048,0.11993882060050964
7900016,0.12409049272537231
7900288,0.12532640993595123
7900992,0.12294544279575348
7903440,0.12773968279361725
7908976,0.12654311954975128
7912704,0.12421668320894241
7915472,0.1234741285443306
7916016,0.12772522866725922
7916160,0.12311349809169769
7917184,0.12615704536437988
7918544,0.11775267869234085
7918560,0.12488403171300888
7921216,0.12971925735473633
7925088,0.1247754618525505
7925568,0.12403504550457001
7925696,0.1282295137643814
7928672,0.12514044344425201
7929600,0.12254133075475693
7930768,0.1276964545249939
7931024,0.125262051820755
7931888,0.12722717225551605
7932768,0.11783434450626373
7933040,0.12583592534065247
7933264,0.11934912204742432
7934144,0.12247872352600098
7936592,0.11818945407867432
7936832,0.12693579494953156
7938000,0.1195177361369133
7938032,0.12445603311061859
7941344,0.1222653016448021
7941648,0.12187547236680984
7941760,0.12488323450088501
7944112,0.12675663828849792
7945392,0.12522809207439423
7947472,0.12137601524591446
7948096,0.10582272708415985
7948288,0.11759399622678757
7948656,0.12662924826145172
7950016,0.13058023154735565
7950720,0.12902571260929108
7950912,0.12518104910850525
7952032,0.12653562426567078
7952320,0.12360645085573196
7955200,0.12231084704399109
7955920,0.11047957837581635
7955968,0.1282561868429184
7956240,0.12603574991226196
7957856,0.12226588279008865
7961440,0.12482775002717972
7962480,0.1317688375711441
7964560,0.12339246273040771
7964944,0.12861812114715576
7965056,0.11563432961702347
7966544,0.1261305958032608
7968464,0.1294112205505371
7968656,0.12255614250898361
7968704,0.12125454843044281
7969664,0.1225813776254654
7970144,0.1215711310505867
7970256,0.10104220360517502
7972160,0.1253937929868698
7972304,0.12526312470436096
7972304,0.1236109659075737
7973152,0.12472119182348251
7973600,0.12209209054708481
7973920,0.12158070504665375
7975024,0.12372176349163055
7977184,0.1281479001045227
7978608,0.11758545786142349
7980576,0.12175827473402023
7982464,0.12175961583852768
7983008,0.12241221219301224
7983088,0.12352755665779114
7983104,0.12493719905614853
7983728,0.1265580952167511
7983744,0.11979765444993973
7984112,0.12176761031150818
7984304,0.1282263994216919
7985808,0.11804720759391785
7987888,0.13132326304912567
7989968,0.12358453124761581
7991216,0.12461480498313904
7991264,0.12581221759319305
7991424,0.12767939269542694
7993680,0.11969154328107834
7994400,0.12234195321798325
7994624,0.1140986755490303
7994848,0.12190280854701996
7995280,0.12131094932556152
7996608,0.10916438698768616
8000032,0.12136189639568329
8001936,0.12098214775323868
8002144,0.12293986231088638
8005232,0.12658582627773285
8007120,0.12189754843711853
8007216,0.12010829895734787
8007984,0.12667274475097656
8008800,0.1257307082414627
8010736,0.1251872479915619
8011760,0.12410011887550354
8012656,0.12860165536403656
8012896,0.12198517471551895
8013552,0.13264353573322296
8013728,0.10384862869977951
8014160,0.12603110074996948
8014400,0.11611434817314148
8015136,0.1295192986726761
8015872,0.12933525443077087
8016448,0.11087332665920258
8017152,0.11825854331254959
8017680,0.13158079981803894
8019696,0.12635545432567596
8020400,0.12809914350509644
8020864,0.12467291206121445
8021232,0.12547282874584198
8022096,0.11794207990169525
8022448,0.12376630306243896
8025744,0.12524257600307465
8026032,0.12972334027290344
8026992,0.08622326701879501
8027120,0.12388482689857483
8030496,0.12427978217601776
8030704,0.12045061588287354
8031472,0.10916121304035187
8032416,0.12506234645843506
8034384,0.1196417361497879
8034560,0.12317416071891785
8035152,0.11971139907836914
8037536,0.12436320632696152
8037840,0.1255660355091095
8040160,0.1216968521475792
8041136,0.12573151290416718
8041424,0.12097175419330597
8042048,0.1287590116262436
8042336,0.12178061902523041
8043136,0.1253405213356018
8043792,0.13113103806972504
8044128,0.12841661274433136
8044160,0.1211085245013237
8047504,0.1238880380988121
8048272,0.11991167813539505
8049312,0.12735973298549652
8050336,0.12495582550764084
8050816,0.12814833223819733
8052144,0.12848198413848877
8054480,0.12606583535671234
8058080,0.12316083908081055
8058128,0.11853557825088501
8059168,0.11938280612230301
8060592,0.12151595205068588
8061552,0.12602263689041138
8062160,0.11985361576080322
8062768,0.12489286810159683
8062864,0.12293572723865509
8063664,0.12780573964118958
8064208,0.12359023839235306
8065216,0.12936778366565704
8072000,0.12322811782360077
8073024,0.12570764124393463
8073680,0.13077126443386078
8074352,0.11913245171308517
8074496,0.12012728303670883
8074960,0.11350630223751068
8077408,0.12919098138809204
8077728,0.11731496453285217
8078256,0.12385185062885284
8078528,0.12327149510383606
8080624,0.1300957053899765
8080816,0.12328939884901047
8081440,0.11323629319667816
8081792,0.1284177601337433
8082304,0.11972543597221375
8084352,0.12706336379051208
8086304,0.1042652428150177
8087856,0.11892297863960266
8089264,0.12768830358982086
8092288,0.11851146072149277
8092976,0.11668530106544495
8095536,0.12419285625219345
8097152,0.12190709263086319
8098512,0.1274971067905426
8098544,0.12208697199821472
8098576,0.1214650347828865
8102688,0.12209761887788773
8103264,0.12615293264389038
8103664,0.12922529876232147
8105056,0.1260645091533661
8105232,0.12111412733793259
8105712,0.12096143513917923
8108672,0.12304211407899857
8108912,0.12781605124473572
8109280,0.12026169896125793
8109920,0.12416893988847733
8110320,0.12865988910198212
8111680,0.12671801447868347
8112192,0.12894931435585022
8112720,0.1008433997631073
8113856,0.12464713305234909
8113888,0.12568974494934082
8115184,0.12727081775665283
8116192,0.12052329629659653
8116256,0.09995599091053009
8116384,0.1308540552854538
8117152,0.11990795284509659
8121136,0.12203934788703918
8121632,0.12428665906190872
8123664,0.12165971845388412
8124352,0.12593528628349304
8124736,0.121173195540905
8127680,0.12672220170497894
8127888,0.1220141127705574
8128480,0.126736119389534
8131904,0.10248426347970963
8134304,0.12190748006105423
8135968,0.11002983897924423
8136080,0.12489994615316391
8137888,0.1275351643562317
8137968,0.1218307688832283
8139024,0.13004018366336823
8139632,0.12609636783599854
8141008,0.12704986333847046
8141872,0.12598836421966553
8142368,0.12873806059360504
8143808,0.12803654372692108
8145040,0.12677761912345886
8145504,0.12567226588726044
8148432,0.1160360649228096
8148720,0.1280081570148468
8149728,0.11639074981212616
8150848,0.12581618130207062
8152832,0.12855218350887299
8156832,0.13250157237052917
8157584,0.10868706554174423
8158432,0.12172313779592514
8159312,0.12319885194301605
8160352,0.12251487374305725
8161456,0.12733373045921326
8161664,0.1238853856921196
8162960,0.12786774337291718
8163248,0.13132421672344208
8163648,0.12406276166439056
8168800,0.12929747998714447
8171184,0.12122838944196701
8172192,0.12368293851613998
8172336,0.12888889014720917
8173872,0.1249479427933693
8175872,0.12845976650714874
8179472,0.12254276871681213
8181984,0.12646228075027466
8182704,0.12835687398910522
8183136,0.13074755668640137
8183136,0.12119071185588837
8184256,0.12706227600574493
8184720,0.12844957411289215
8185040,0.12482012808322906
8186688,0.12030743807554245
8187328,0.12939202785491943
8187760,0.11488480120897293
8188032,0.1279519498348236
8189152,0.12685002386569977
8191360,0.1052657887339592
8191392,0.12129660695791245
8192416,0.1252492368221283
8196400,0.1293632686138153
8198112,0.12607000768184662
8198192,0.12964271008968353
8200496,0.12457423657178879
8201904,0.12464804947376251
8202144,0.12118614464998245
8202400,0.1271091103553772
8202976,0.11883185803890228
8203648,0.12214285880327225
8205296,0.1287885457277298
8208848,0.13411492109298706
8209008,0.12870651483535767
8209264,0.12566545605659485
8209888,0.13100166618824005
8210128,0.12733013927936554
8210608,0.12422974407672882
8211072,0.12593580782413483
8211696,0.12607505917549133
8212112,0.12348249554634094
8212496,0.11802507191896439
8212512,0.1210121214389801
8212560,0.1282721906900406
8213456,0.12873807549476624
8213728,0.11876115947961807
8217168,0.1230337992310524
8219632,0.129105344414711
8219664,0.1269967257976532
8221344,0.11819259822368622
8221568,0.10994203388690948
8222464,0.11449525505304337
8224064,0.12306379526853561
8225936,0.1257553994655609
8226848,0.12681081891059875
8228000,0.12657132744789124
8229920,0.12805692851543427
8231408,0.12097224593162537
8233984,0.12313701957464218
8234096,0.12428680807352066
8234864,0.12723341584205627
8235168,0.12551869451999664
8236560,0.12520164251327515
8237696,0.1257362961769104
8238784,0.12865762412548065
8240880,0.12382765114307404
8243696,0.123103566467762
8244752,0.12344056367874146
8245696,0.12198586016893387
8245824,0.12455081194639206
8245920,0.11918896436691284
8248384,0.11619987338781357
8248688,0.12536436319351196
8249280,0.12477969378232956
8250224,0.12407522648572922
8251936,0.12446688860654831
8255040,0.12211532890796661
8256928,0.1278200000524521
8257248,0.12755195796489716
8260768,0.12473601847887039
8261392,0.12777690589427948
8262704,0.12557914853096008
8263568,0.12459854036569595
8263792,0.12216000258922577
8263968,0.1283271610736847
8265536,0.12717951834201813
8265904,0.12454652786254883
8266336,0.12883295118808746
8267312,0.12849731743335724
8269184,0.12363991886377335
8269712,0.12162904441356659
8269872,0.12486059218645096
8271520,0.1223791316151619
8276688,0.12584753334522247
8277968,0.12503109872341156
8278592,0.11767583340406418
8279296,0.12398690730333328
8280512,0.1322138011455536
8281184,0.11508448421955109
8284032,0.12024328857660294
8285216,0.12612178921699524
8286048,0.12854520976543427
8287360,0.12274519354104996
8287520,0.1262841820716858
8289280,0.1283600926399231
8289680,0.11988510936498642
8291008,0.1170409619808197
8291088,0.12285520881414413
8294640,0.1274414360523224
8295904,0.12315674871206284
8296000,0.1236720010638237
8296368,0.128019317984581
8296688,0.11110930889844894
8298144,0.12650702893733978
8298288,0.12926334142684937
8299728,0.12883542478084564
8301648,0.12655086815357208
8303136,0.12585271894931793
8304592,0.1303955763578415
8305328,0.12432330846786499
8305424,0.12329784780740738
8305632,0.1274712234735489
8305664,0.12342735379934311
8307184,0.12420669943094254
8307200,0.12060599029064178
8314016,0.1229109838604927
8314256,0.12660667300224304
8315552,0.12864582240581512
8316128,0.1291648894548416
8317424,0.12481952458620071
8318208,0.1224360466003418
8318992,0.12770117819309235
8321504,0.12373661994934082
8322000,0.12468231469392776
8324464,0.12849368155002594
8324608,0.11927345395088196
8326128,0.12047845870256424
8326224,0.1296282559633255
8328288,0.1237800344824791
8329136,0.11865995824337006
8330304,0.12408407032489777
8330416,0.12455952912569046
8331632,0.12223921716213226
8334352,0.12037477642297745
8335648,0.12387948483228683
8337040,0.1241050660610199
8337520,0.1208333671092987
8337920,0.11914689093828201
8338864,0.10444226115942001
8341392,0.12291000038385391
8342320,0.12566299736499786
8343088,0.11103051900863647
8344448,0.12388867139816284
8344672,0.12685054540634155
8348544,0.12698596715927124
8349344,0.11421718448400497
8349728,0.12302950024604797
8352992,0.1267484873533249
8353008,0.12639741599559784
8354064,0.12355132400989532
8355328,0.12281199544668198
8355664,0.12761817872524261
8355680,0.12310335040092468
8355984,0.1274290680885315
8357008,0.12301177531480789
8357040,0.12696638703346252
8357760,0.11882059276103973
8360240,0.11091645807027817
8360656,0.12804223597049713
8361584,0.12314088642597198
8363808,0.12029362469911575
8364736,0.11973319947719574
8365088,0.12464997917413712
8366416,0.12651491165161133
8367328,0.12856554985046387
8367920,0.1224849745631218
8368752,0.12208396941423416
8368800,0.1270962953567505
8370640,0.116085484623909
8370896,0.12515656650066376
8370992,0.12581056356430054
8371872,0.12335003167390823
8372224,0.13175715506076813
8373392,0.12789811193943024
8373632,0.12484002113342285
8374576,0.12387143075466156
8376960,0.12313910573720932
8378080,0.12202485650777817
8380544,0.12453325092792511
8381392,0.1258743852376938
8381648,0.12961669266223907
8382944,0.13030748069286346
8383056,0.12141332030296326
8384256,0.1255829632282257
8387616,0.123881034553051
8388688,0.1248573511838913
8388816,0.12474261969327927
8388944,0.1254647970199585
8389392,0.12254995107650757
8389504,0.12100236117839813
8389648,0.12643013894557953
8390160,0.1226121261715889
8391424,0.12398670613765717
8393184,0.12395961582660675
8394784,0.12542660534381866
8396000,0.1248277947306633
8396080,0.12558570504188538
8396560,0.12034260481595993
8396672,0.12580512464046478
8396720,0.12668175995349884
8397216,0.12538325786590576
8398624,0.12141817808151245
8398656,0.1266683042049408
8399424,0.13136149942874908
8399584,0.12536008656024933
8400224,0.11913422495126724
8401872,0.12218249589204788
8404992,0.12431295961141586
8404992,0.12142623215913773
8406704,0.12997178733348846
8407488,0.12295320630073547
8408144,0.12381822615861893
8408528,0.1273372322320938
8408544,0.13210172951221466
8411168,0.11995851248502731
8411376,0.127235546708107
8414976,0.12635105848312378
8416320,0.12676145136356354
8421584,0.12266097962856293
8421824,0.12910252809524536
8422272,0.12357285618782043
8426272,0.1285570114850998
8426576,0.12312494963407516
8427824,0.12333914637565613
8428288,0.117067851126194
8428752,0.12483452260494232
8429488,0.12029120326042175
8429552,0.12524400651454926
8429728,0.12127923220396042
8430224,0.12387943267822266
8431088,0.12050453573465347
8432528,0.12254838645458221
8433504,0.11832999438047409
8436416,0.1161365807056427
8436608,0.12441045045852661
8439392,0.12513160705566406
8442512,0.12506066262722015
8443920,0.12442995607852936
8446208,0.12252184748649597
8446784,0.12404663860797882
8449040,0.1247115507721901
8449200,0.12057547271251678
8450080,0.12543433904647827
8450080,0.11699041724205017
8450368,0.12195951491594315
8453696,0.12323708832263947
8454544,0.12984788417816162
8454832,0.1189144030213356
8457360,0.12057001888751984
8458368,0.12144292145967484
8458880,0.12239547073841095
8460736,0.11924237012863159
8460800,0.12829069793224335
8464384,0.12708909809589386
8464464,0.1279866248369217
8468032,0.12427806854248047
8469488,0.11930278688669205
8471472,0.11767861992120743
8471520,0.11998888105154037
8472288,0.12741978466510773
8472544,0.12894725799560547
8475104,0.12041617929935455
8476192,0.12602145969867706
8477712,0.12455098330974579
8478736,0.12098440527915955
8479376,0.1303105503320694
8479920,0.12829984724521637
8481296,0.12816496193408966
8481968,0.10392134636640549
8482416,0.1206824854016304
8483008,0.1239975094795227
8483536,0.12477193772792816
8484192,0.10794287919998169
8485904,0.12282031774520874
8485936,0.1305634081363678
8486816,0.12320970743894577
8491024,0.12676109373569489
8491360,0.1239827573299408
8493072,0.12493260949850082
8493952,0.12631282210350037
8494320,0.12171132117509842
8494656,0.12024766951799393
8496560,0.12751346826553345
8496640,0.12946927547454834
8496656,0.13145628571510315
8497824,0.12035675346851349
8498160,0.1297406554222107
8500256,0.12738202512264252
8503168,0.1289060413837433
8503408,0.12555718421936035
8504640,0.12831787765026093
8504944,0.12852077186107635
8505408,0.12104885280132294
8505616,0.12918336689472198
8508160,0.12045390158891678
8509200,0.12264367192983627
8510352,0.1220795065164566
8510928,0.12309425324201584
8511040,0.12957240641117096
8512496,0.12380483746528625
8513840,0.1288541555404663
8514112,0.12128579616546631
8514800,0.12418215721845627
8515776,0.1198611631989479
8518336,0.12729409337043762
8520624,0.08816219121217728
8521760,0.12336394935846329
8523744,0.12774892151355743
8525504,0.12673541903495789
8526560,0.1245148703455925
8526624,0.12710057199001312
8527408,0.11991051584482193
8530576,0.13055261969566345
8532560,0.12550772726535797
8532736,0.12089214473962784
8533824,0.13015617430210114
8534640,0.12389665096998215
8536000,0.12169691175222397
8536656,0.12471584975719452
8539872,0.12077702581882477
8540720,0.12232603877782822
8542912,0.12270189076662064
8543200,0.13057366013526917
8543456,0.12716266512870789
8544528,0.12189479172229767
8546784,0.12699636816978455
8547040,0.1305007040500641
8548752,0.12908627092838287
8549104,0.13034503161907196
8549888,0.12679843604564667
8551616,0.12935636937618256
8553504,0.11860907077789307
8554160,0.12616859376430511
8554752,0.1251567304134369
8555568,0.123019739985466
8557104,0.12452110648155212
8560512,0.11857928335666656
8561024,0.12467841058969498
8561232,0.1283751130104065
8562192,0.12563678622245789
8563072,0.12297989428043365
8566688,0.12843851745128632
8567600,0.12123624980449677
8568272,0.12440573424100876
8570384,0.1272127330303192
8571664,0.12481457740068436
8571696,0.1239335685968399
8571904,0.12085478007793427
8573392,0.12956862151622772
8574880,0.12011241912841797
8575264,0.1263253539800644
8575568,0.12265332043170929
8576512,0.13015100359916687
8577312,0.1237746924161911
8580096,0.12428285926580429
8582496,0.11984369158744812
8585680,0.12608741223812103
8587280,0.12214868515729904
8587600,0.12308849394321442
8592416,0.11902990192174911
8592912,0.1315920203924179
8593264,0.126447394490242
8593840,0.12322892993688583
8596368,0.11947596818208694
8598368,0.12144169956445694
8599904,0.12165845930576324
8600288,0.12955883145332336
8600688,0.11170437186956406
8601104,0.11763313412666321
8603200,0.12195883691310883
8604032,0.12424612045288086
8604208,0.12367801368236542
8604320,0.11470451951026917
8605056,0.12509259581565857
8607552,0.12670369446277618
8608304,0.12426570802927017
8610976,0.12660089135169983
8613504,0.11126021295785904
8614272,0.11638041585683823
8616912,0.12955111265182495
8620864,0.12597770988941193
8621376,0.12477660179138184
8621472,0.12565584480762482
8622160,0.12666891515254974
8622224,0.12110196799039841
8622736,0.1253701150417328
8629072,0.12019587308168411
8629184,0.13116618990898132
8629536,0.1300421804189682
8630208,0.10001100599765778
8631120,0.1231159195303917
8631136,0.1199878677725792
8631232,0.12530303001403809
8632224,0.1167142242193222
8632704,0.12092909961938858
8633744,0.12255208194255829
8633776,0.11967533081769943
8634720,0.12110613286495209
8635792,0.12523850798606873
8636448,0.1229853481054306
8636640,0.12712426483631134
8637328,0.12376132607460022
8638256,0.12835483253002167
8639056,0.12424439191818237
8639984,0.12572287023067474
8640224,0.1241997554898262
8641824,0.1271430402994156
8643280,0.12657389044761658
8643376,0.12285630404949188
8644160,0.12932756543159485
8645728,0.12113430351018906
8646128,0.12701275944709778
8647120,0.1230478435754776
8647168,0.12214750051498413
8647264,0.12049674987792969
8648960,0.12501311302185059
8649040,0.12252466380596161
8650416,0.12670615315437317
8650768,0.12409805506467819
8651968,0.12366330623626709
8654000,0.12424443662166595
8656288,0.12277159094810486
8657504,0.1232905462384224
8658688,0.12581977248191833
8658784,0.12377263605594635
8659728,0.12619009613990784
8662784,0.1231689304113388
8665824,0.12281786650419235
8665904,0.12409961223602295
8666928,0.12819814682006836
8666944,0.12816651165485382
8667712,0.11538577824831009
8669872,0.12354773283004761
8669936,0.11704358458518982
8671344,0.11674466729164124
8672048,0.12415612488985062
8677520,0.1249900758266449
8677584,0.12015761435031891
8677632,0.12628698348999023
8678736,0.1250992715358734
8680672,0.1246451884508133
8681840,0.12409365177154541
8682512,0.12342693656682968
8684208,0.12321073561906815
8684912,0.12668432295322418
8686496,0.1265283077955246
8686624,0.12481507658958435
8688256,0.12784750759601593
8688336,0.12333587557077408
8688400,0.13212598860263824
8691840,0.12305906414985657
8691840,0.12820810079574585
8691856,0.13054883480072021
8693584,0.13005802035331726
8693632,0.1291104555130005
8693792,0.12188078463077545
8695440,0.12653543055057526
8696480,0.11667532473802567
8700800,0.1317535638809204
8702496,0.12539918720722198
8702656,0.12229503691196442
8703872,0.12493403255939484
8704464,0.12273229658603668
8705504,0.12694703042507172
8707968,0.12694910168647766
8708848,0.12438038736581802
8709680,0.1129789873957634
8709712,0.11402520537376404
8709744,0.11971346288919449
8713216,0.12771135568618774
8713312,0.12013908475637436
8715424,0.12028828263282776
8715936,0.11554581671953201
8716688,0.11915327608585358
8716912,0.12236052006483078
8718096,0.10334033519029617
8718224,0.12614431977272034
8718976,0.12187542021274567
8719456,0.12787216901779175
8720496,0.125070258975029
8722192,0.12692132592201233
8723040,0.12229355424642563
8725296,0.12217431515455246
8725984,0.12399420887231827
8726624,0.12070921808481216
8729264,0.1294526904821396
8730304,0.1239505410194397
8736528,0.12795385718345642
8736608,0.12635214626789093
8737280,0.12251526862382889
8738368,0.1275802105665207
8740112,0.11843246966600418
8741872,0.12530948221683502
8741936,0.12510617077350616
8742128,0.1272316724061966
8743008,0.12506575882434845
8743632,0.12199091166257858
8743632,0.12264055013656616
8743728,0.11821332573890686
8743888,0.12069693207740784
8744336,0.12646710872650146
8746336,0.11819174885749817
8746768,0.12461569905281067
8747136,0.12451557070016861
8748672,0.12236208468675613
8749200,0.11997509747743607
8749936,0.12304408848285675
8752672,0.13064344227313995
8752720,0.1227765828371048
8752736,0.12921567261219025
8754400,0.12483394891023636
8754432,0.12509921193122864
8757984,0.12051583081483841
8758208,0.13340580463409424
8759856,0.11731626093387604
8759952,0.12557737529277802
8760560,0.12409074604511261
8761616,0.12357813119888306
8761792,0.11952626705169678
8761824,0.1167164146900177
8763456,0.12674902379512787
8765072,0.12783358991146088
8766240,0.1244044154882431
8767024,0.1253289133310318
8768944,0.12420530617237091
8769168,0.12622380256652832
8771440,0.12283624708652496
8775904,0.12653551995754242
8776080,0.12515132129192352
8776192,0.12589295208454132
8776896,0.11183986812829971
8778176,0.12483811378479004
8779056,0.1226004809141159
8779248,0.1261451691389084
8779472,0.12461540848016739
8779664,0.12773627042770386
8780288,0.1182563379406929
8781456,0.12042447924613953
8782256,0.11593858897686005
8784752,0.12254561483860016
8785376,0.1240328848361969
8786224,0.12327710539102554
8788576,0.12365225702524185
8788880,0.12272832542657852
8790688,0.12164898961782455
8792464,0.11909730732440948
8793408,0.130214661359787
8793760,0.12189085781574249
8796080,0.12291842699050903
8796624,0.1309261918067932
8797392,0.12178110331296921
8798976,0.12170369178056717
8798992,0.12312785536050797
8799296,0.12918905913829803
8799616,0.12393183261156082
8801376,0.1282881796360016
8802640,0.12429164350032806
8802992,0.11866537481546402
8803056,0.12574975192546844
8803184,0.10168445855379105
8805552,0.12220754474401474
8807504,0.12805727124214172
8808928,0.1243557408452034
8810256,0.12534449994564056
8811968,0.12336002290248871
8817120,0.12479673326015472
8817120,0.12749935686588287
8819712,0.12497086077928543
8820688,0.12579798698425293
8822336,0.12424882501363754
8824240,0.12886138260364532
8825296,0.12504813075065613
8825520,0.12305934727191925
8827472,0.11872362345457077
8828160,0.12663225829601288
8828992,0.12452209740877151
8829136,0.12332069128751755
8829728,0.1298881620168686
8830256,0.1064729318022728
8832672,0.12578630447387695
8836080,0.12867774069309235
8836288,0.1303700953722
8836320,0.12661775946617126
8838912,0.11589470505714417
8839632,0.1270776242017746
8841216,0.12328103184700012
8844032,0.1225191056728363
8844608,0.12531323730945587
8846128,0.12427515536546707
8848736,0.12852424383163452
8850400,0.1230274960398674
8851072,0.10651016980409622
8855120,0.13127461075782776
8857472,0.12738923728466034
8861824,0.12282060831785202
8861904,0.12150362133979797
8863920,0.12309862673282623
8864048,0.12303519248962402
8864496,0.1240638792514801
8864928,0.1260654628276825
8865104,0.12863795459270477
8865952,0.12358874827623367
8868560,0.12441188842058182
8869056,0.12793408334255219
8872288,0.1265331506729126
8872592,0.12476259469985962
8872592,0.1273711770772934
8873392,0.12162699550390244
8874688,0.12228100746870041
8875072,0.10302091389894485
8875680,0.1238304004073143
8875856,0.11895215511322021
8876992,0.12450350075960159
8877456,0.1270451694726944
8878080,0.11555545777082443
8881936,0.12321963906288147
8883008,0.12009254097938538
8883456,0.12742368876934052
8887056,0.12435495108366013
8887728,0.11923865228891373
8889152,0.12486840784549713
8889408,0.1273404210805893
8890352,0.13445644080638885
8891136,0.12365074455738068
8899280,0.1207798570394516
8900864,0.12832202017307281
8900912,0.12765268981456757
8901984,0.13082076609134674
8902416,0.12293080240488052
8903728,0.12885187566280365
8904368,0.12695860862731934
8904480,0.12362990528345108
8904928,0.1275506615638733
8905168,0.12358236312866211
8906096,0.1270860880613327
8908064,0.12523724138736725
8908192,0.11581404507160187
8909504,0.12940457463264465
8910448,0.1271481066942215
8910928,0.12579470872879028
8910928,0.13011784851551056
8911312,0.12957540154457092
8911648,0.1260714828968048
8912448,0.12149637937545776
8914480,0.12733463943004608
8915168,0.12564222514629364
8915472,0.123821921646595
8915520,0.12307941913604736
8916032,0.1262877732515335
8918064,0.1285472959280014
8918560,0.1252593696117401
8919056,0.1270912140607834
8920944,0.12325204163789749
8921568,0.12478480488061905
8921712,0.12360779196023941
8921904,0.12429940700531006
8924448,0.12949031591415405
8924576,0.12406861782073975
8925520,0.12473763525485992
8925872,0.12104866653680801
8931696,0.125726580619812
8932624,0.1295086145401001
8933024,0.07771547138690948
8934768,0.12135934084653854
8935232,0.12901616096496582
8938960,0.12319380789995193
8940032,0.12272687256336212
8941824,0.13004015386104584
8943456,0.11757087707519531
8943680,0.1261206567287445
8944224,0.13347159326076508
8946544,0.13089674711227417
8947136,0.12847214937210083
8950544,0.1263476312160492
8950704,0.12386109679937363
8953328,0.12231441587209702
8953376,0.1283983439207077
8955632,0.12875860929489136
8956576,0.12447872757911682
8956800,0.1280081421136856
8959168,0.13138671219348907
8960304,0.12645381689071655
8961360,0.12870249152183533
8961392,0.12841346859931946
8961456,0.12356287986040115
8963904,0.10769312083721161
8968304,0.1268964409828186
8969360,0.12210877239704132
8972048,0.12279000133275986
8974016,0.12245004624128342
8974608,0.12780137360095978
8974800,0.12651075422763824
8975872,0.11432293802499771
8975904,0.12513785064220428
8976832,0.12118829786777496
8978080,0.12434528768062592
8979232,0.1251317858695984
8980048,0.1267240196466446
8980416,0.12789790332317352
8986384,0.1273396760225296
8987424,0.10930434614419937
8988880,0.12350768595933914
8989280,0.12447800487279892
8989968,0.12367468327283859
8990688,0.12757538259029388
8990928,0.12446757405996323
8992832,0.12162227183580399
8993424,0.12161435186862946
8994848,0.12361904978752136
8995264,0.12798970937728882
8996976,0.12417906522750854
8998960,0.12466759234666824
9002336,0.12862591445446014
9002576,0.12727023661136627
9005664,0.12454802542924881
9006928,0.13024060428142548
9007216,0.1240048035979271
9008112,0.12357877194881439
9008480,0.12425700575113297
9009520,0.12161791324615479
9011280,0.12359357625246048
9011296,0.12376008182764053
9013184,0.12789756059646606
9014960,0.11855362355709076
9016736,0.11860942095518112
9017088,0.11913043260574341
9018416,0.12412801384925842
9019920,0.12875038385391235
9022480,0.12222923338413239
9023440,0.1229943037033081
9023536,0.1246614158153534
9024656,0.11864666640758514
9026000,0.11964484304189682
9027792,0.1149991899728775
9029664,0.12903185188770294
9030896,0.12496690452098846
9031968,0.12271290272474289
9032720,0.12423472106456757
9033216,0.11965008080005646
9033920,0.12354867160320282
9034928,0.1261093020439148
9035632,0.11904719471931458
9039168,0.12190566211938858
9043168,0.12552094459533691
9043504,0.12578144669532776
9045600,0.13250571489334106
9045904,0.12216771394014359
9047584,0.12362562119960785
9049584,0.12295296043157578
9050384,0.11908306181430817
9051216,0.12438841909170151
9051296,0.11298797279596329
9051696,0.12366870790719986
9052672,0.1286802440881729
9053488,0.122699074447155
9053936,0.12395552545785904
9054208,0.12192588299512863
9055248,0.12649840116500854
9055712,0.12414396554231644
9056144,0.10928551852703094
9056240,0.12339712679386139
9056672,0.126725971698761
9057536,0.11927386373281479
9057776,0.12025990337133408
9058176,0.12216997891664505
9060624,0.12214167416095734
9062832,0.1274642050266266
9065376,0.11766624450683594
9065536,0.11889773607254028
9066208,0.12688444554805756
9067264,0.09281197190284729
9067344,0.12286156415939331
9067584,0.11928222328424454
9068480,0.12954583764076233
9070496,0.11956094950437546
9071808,0.12192754447460175
9072096,0.12437838315963745
9073600,0.1255643665790558
9073808,0.08513553440570831
9074160,0.11506717652082443
9075600,0.12739673256874084
9078144,0.12044249475002289
9078672,0.12154491990804672
9080512,0.1239972785115242
9081072,0.12591558694839478
9082240,0.1240927129983902
9083232,0.1263262778520584
9087664,0.12758322060108185
9087808,0.11902675032615662
9088112,0.13020123541355133
9088272,0.11807263642549515
9088304,0.11757320165634155
9088928,0.12348318099975586
9090432,0.12309029698371887
9091168,0.117826446890831
9092480,0.12771981954574585
9093952,0.1258348673582077
9095296,0.12429870665073395
9098336,0.12790048122406006
9098464,0.1241360530257225
9099040,0.12934604287147522
9100784,0.12180392444133759
9102080,0.113886758685112
9108768,0.12350117415189743
9111056,0.1237797811627388
9112304,0.1261688768863678
9112592,0.12355982512235641
9114784,0.11850039660930634
9115360,0.12409836798906326
9115376,0.13238593935966492
9115920,0.1177552118897438
9116896,0.12457355856895447
9120000,0.12285720556974411
9121008,0.12341507524251938
9125536,0.12286511808633804
9125936,0.12364977598190308
9126720,0.12508422136306763
9129696,0.12103161960840225
9130800,0.12624280154705048
9131808,0.11827591061592102
9135408,0.12424648553133011
9136240,0.12171339988708496
9137280,0.12473982572555542
9137760,0.12567943334579468
9138352,0.12347462028265
9141040,0.1189558357000351
9141680,0.118279829621315
9142240,0.12147354334592819
9142704,0.12593024969100952
9143120,0.10619063675403595
9143168,0.1292881816625595
9143280,0.12325550615787506
9143872,0.12138307839632034
9144848,0.12055140733718872
9146704,0.1268683671951294
9148416,0.13005560636520386
9149680,0.1268552988767624
9151072,0.11962132155895233
9151760,0.12868593633174896
9152960,0.1254522055387497
9154752,0.12407075613737106
9155600,0.11451741307973862
9159200,0.12601174414157867
9160320,0.12329191714525223
9160688,0.12602075934410095
9160912,0.12754762172698975
9162048,0.12634821236133575
9162640,0.1244908943772316
9164640,0.1267562061548233
9164752,0.12249445170164108
9166352,0.1293836236000061
9167728,0.12855277955532074
9168000,0.12650302052497864
9169152,0.1250685602426529
9169568,0.12101734429597855
9170256,0.12461862713098526
9170784,0.12244492024183273
9171600,0.11589127779006958
9172032,0.1250929832458496
9173968,0.12077601253986359
9174416,0.12350635975599289
9174528,0.12272367626428604
9175392,0.1264772117137909
9178976,0.12800274789333344
9180560,0.12157505750656128
9181008,0.12672045826911926
9184080,0.13109242916107178
9185664,0.11866863071918488
9187632,0.12485965341329575
9188784,0.12747950851917267
9188944,0.11971110105514526
9190608,0.12365217506885529
9192272,0.1274247169494629
9194192,0.12446659803390503
9194752,0.1287051886320114
9196416,0.12013977020978928
9196832,0.11971049755811691
9196960,0.12772302329540253
9197568,0.12563163042068481
9198144,0.12884078919887543
9199600,0.12481661140918732
9200496,0.12541845440864563
9201648,0.12170145660638809
9207616,0.12986958026885986
9208128,0.11259429156780243
9208880,0.12371837347745895
9215344,0.12268640846014023
9218640,0.13234908878803253
9221584,0.12211990356445312
9222432,0.13061949610710144
9222544,0.12374472618103027
9226240,0.11815137416124344
9226576,0.11566491425037384
9227840,0.12550391256809235
9228880,0.1222749575972557
9231392,0.1259879618883133
9232400,0.1309630125761032
9233168,0.13013890385627747
9233808,0.12284015864133835
9234160,0.11436326056718826
9234896,0.12916316092014313
9235376,0.1244373545050621
9235984,0.1241285651922226
9236528,0.12603795528411865
9237328,0.1295803189277649
9237392,0.12695370614528656
9240976,0.12299197912216187
9241248,0.1100676879286766
9243648,0.12062334269285202
9246608,0.12758007645606995
9247648,0.12485707551240921
9249264,0.12661969661712646
9251248,0.12345901876688004
9253344,0.12570835649967194
9255088,0.12415832281112671
9262432,0.1260683238506317
9266128,0.12214649468660355
9266352,0.11841513961553574
9268176,0.12203755229711533
9269392,0.1225220113992691
9271792,0.12527848780155182
9275440,0.12147069722414017
9275824,0.12320327758789062
9276720,0.12916453182697296
9278928,0.12449266761541367
9278976,0.10729401558637619
9279680,0.12302055209875107
9280400,0.12597832083702087
9283344,0.1238383948802948
9283712,0.1230415478348732
9284592,0.1288263350725174
9284720,0.12399303913116455
9286016,0.12322685867547989
9286144,0.12578041851520538
9286144,0.12172668427228928
9286720,0.12643972039222717
9287120,0.12302235513925552
9289296,0.13308799266815186
9289520,0.12278886139392853
9290320,0.12198812514543533
9293264,0.12330112606287003
9294448,0.1264997124671936
9294896,0.1251429319381714
9296416,0.12773410975933075
9296656,0.12344808131456375
9298768,0.1274546980857849
9299968,0.12400110810995102
9300976,0.11773084849119186
9301648,0.12511445581912994
9305136,0.1268012970685959
9305216,0.12046515196561813
9307248,0.1219826191663742
9307728,0.12343540787696838
9308704,0.12248875200748444
9311568,0.1272968351840973
9312320,0.1281614452600479
9312416,0.10961157828569412
9315040,0.13017897307872772
9315344,0.1284959316253662
9321040,0.12278874963521957
9323776,0.12634778022766113
9324624,0.12470505386590958
9326656,0.11915408074855804
9327472,0.12484631687402725
9328208,0.12190607190132141
9328912,0.12733402848243713
9328928,0.12827998399734497
9329696,0.12933757901191711
9329728,0.12318985909223557
9330208,0.1180446520447731
9332096,0.1260175108909607
9333264,0.12292128056287766
9333312,0.13032853603363037
9335296,0.12413275241851807
9335696,0.1258939802646637
9336064,0.12182013690471649
9337264,0.12492699176073074
9339200,0.12140750139951706
9340448,0.13129563629627228
9340848,0.1248408854007721
9341328,0.1297294944524765
9341712,0.1245456337928772
9344896,0.12048424780368805
9348768,0.13095565140247345
9348880,0.1254083663225174
9350480,0.13235412538051605
9351120,0.12418437749147415
9353616,0.12424178421497345
9354128,0.12030518054962158
9355248,0.11806506663560867
9356816,0.1228875070810318
9358224,0.1257322132587433
9358560,0.11739335209131241
9358752,0.11869224160909653
9360704,0.11981738358736038
9360960,0.12706245481967926
9362240,0.12259458750486374
9363776,0.12522579729557037
9364224,0.1265697181224823
9364496,0.1297481656074524
9365328,0.1309976428747177
9365488,0.11744126677513123
9367728,0.12644027173519135
9368144,0.12266384065151215
9368896,0.12759308516979218
9371152,0.12377162277698517
9372464,0.12485157698392868
9375232,0.1255522072315216
9376480,0.12283408641815186
9378624,0.12533079087734222
9379280,0.12118246406316757
9380384,0.13289421796798706
9381520,0.12108060717582703
9382160,0.1274777501821518
9386464,0.1230393722653389
9387328,0.1263272911310196
9388992,0.12278275936841965
9390272,0.1243838518857956
9392528,0.1282052844762802
9392832,0.12452474236488342
9392992,0.12434346973896027
9396416,0.12530799210071564
9397408,0.12617990374565125
9398096,0.1269839107990265
9399600,0.1256583034992218
9400016,0.12743553519248962
9401712,0.12700967490673065
9401776,0.12658752501010895
9402368,0.13026411831378937
9403600,0.1287388801574707
9404528,0.12624141573905945
9407104,0.12349598854780197
9408160,0.12072868645191193
9411504,0.1243625357747078
9411840,0.12047164142131805
9414176,0.12839433550834656
9414288,0.12949752807617188
9414512,0.12219066917896271
9415024,0.12697833776474
9415456,0.12637369334697723
9417392,0.12224363535642624
9417728,0.12981736660003662
9418064,0.12227251380681992
9420624,0.12202510982751846
9421424,0.12420963495969772
9422160,0.1275160014629364
9422288,0.1248621940612793
9422656,0.12455054372549057
9424944,0.12696519494056702
9425232,0.12419430911540985
9425648,0.1207507774233818
9429232,0.12669548392295837
9429808,0.12789545953273773
9430384,0.12505526840686798
9431312,0.12595760822296143
9435104,0.12325216084718704
9435920,0.11843441426753998
9436640,0.11992494016885757
9439456,0.12411873787641525
9439680,0.1160953938961029
9440240,0.12596958875656128
9442336,0.12740615010261536
9442480,0.12427808344364166
9443536,0.12627677619457245
9444640,0.12131684273481369
9445744,0.12546738982200623
9451792,0.12769973278045654
9453072,0.11912322789430618
9454480,0.12376704812049866
9455856,0.12270065397024155
9456176,0.12361181527376175
9456592,0.12952920794487
9456688,0.11854641884565353
9456720,0.12182558327913284
9457088,0.11841835826635361
9459184,0.1285531371831894
9460736,0.12222284823656082
9461696,0.1222626268863678
9462656,0.12494907528162003
9463856,0.12278252840042114
9464112,0.12929430603981018
9464496,0.12553000450134277
9467680,0.1225946694612503
9468480,0.1119215115904808
9469728,0.12584102153778076
9470976,0.1262732595205307
9471536,0.12348338216543198
9473360,0.12210510671138763
9474560,0.12389308214187622
9474688,0.1254623681306839
9474768,0.12196236848831177
9475088,0.13017286360263824
9475152,0.1233493909239769
9475648,0.12776151299476624
9476784,0.12917228043079376
9477616,0.1225772276520729
9478352,0.12495093792676926
9478768,0.12064298987388611
9480672,0.12354100495576859
9481408,0.114243283867836
9482272,0.12371636927127838
9488592,0.11533712595701218
9488848,0.12416914105415344
9488864,0.126373752951622
9490224,0.1201116219162941
9491536,0.12196988612413406
9492288,0.12700703740119934
9492368,0.12616775929927826
9493504,0.1174478754401207
9495040,0.12274711579084396
9495776,0.12465298175811768
9495872,0.12053193151950836
9496448,0.12929020822048187
9496960,0.13317015767097473
9498272,0.12254799157381058
9498576,0.12628808617591858
9499312,0.13259053230285645
9499376,0.12539027631282806
9500128,0.11955922096967697
9501808,0.1262325644493103
9501840,0.1268470138311386
9504048,0.11869494616985321
9508480,0.12586915493011475
9510032,0.12253205478191376
9511680,0.12516482174396515
9514144,0.1208682432770729
9515488,0.12785474956035614
9516240,0.12546870112419128
9516336,0.11296921223402023
9518848,0.11386246979236603
9519568,0.09560146182775497
9519952,0.1276112049818039
9520224,0.12905298173427582
9522112,0.1226828545331955
9522176,0.12574386596679688
9523488,0.12070972472429276
9523840,0.1269725263118744
9528880,0.11850231140851974
9529696,0.11408413201570511
9533904,0.12153030931949615
9534144,0.1252737194299698
9534224,0.12054696679115295
9534416,0.12441489100456238
9536464,0.11785053461790085
9536688,0.12337944656610489
9536688,0.12438438832759857
9536768,0.12367505580186844
9537296,0.12256254255771637
9539152,0.12794815003871918
9540256,0.12473930418491364
9540304,0.11783062666654587
9540800,0.12230757623910904
9541984,0.11629945784807205
9543808,0.12720273435115814
9546240,0.12307219952344894
9546384,0.11745459586381912
9547904,0.12568970024585724
9548528,0.12025826424360275
9549552,0.12676049768924713
9550848,0.12382671982049942
9552640,0.12818492949008942
9553040,0.13145732879638672
9553456,0.11920807510614395
9554624,0.12470993399620056
9555376,0.12876257300376892
9557984,0.1259348839521408
9559296,0.1237836629152298
9560176,0.11258862167596817
9560528,0.1327783316373825
9560672,0.12618939578533173
9560880,0.12724009156227112
9561616,0.12616650760173798
9562512,0.1284908950328827
9564176,0.1185823455452919
9564256,0.12743321061134338
9565504,0.12733280658721924
9567424,0.12422333657741547
9567824,0.12014446407556534
9568752,0.12519468367099762
9568880,0.11893309652805328
9569312,0.12416525185108185
9571536,0.12327247858047485
9571936,0.1265391707420349
9572304,0.11945897340774536
9572336,0.1271948665380478
9572848,0.12169401347637177
9573072,0.12341214716434479
9574032,0.13103017210960388
9575536,0.12216272950172424
9575904,0.12597571313381195
9575936,0.11549181491136551
9576704,0.12616612017154694
9579472,0.1310766041278839
9579664,0.12884356081485748
9581968,0.1291642040014267
9582496,0.12419001758098602
9583792,0.12324241548776627
9585008,0.12201134115457535
9585424,0.12271243333816528
9585840,0.12503059208393097
9585984,0.1230897605419159
9586512,0.12341264635324478
9586560,0.12256930768489838
9586736,0.12925657629966736
9589136,0.11899460107088089
9589312,0.12693847715854645
9592656,0.11845598369836807
9592816,0.12187987565994263
9593504,0.12273544818162918
9597120,0.12409725040197372
9599248,0.12417331337928772
9599728,0.1267707645893097
9599984,0.1266447752714157
9603616,0.11926452070474625
9606432,0.12043134868144989
9607088,0.12633617222309113
9608128,0.12351243197917938
9608752,0.12378139048814774
9609616,0.12403995543718338
9610416,0.1228800043463707
9610912,0.1266752928495407
9612176,0.12995348870754242
9614480,0.12435401231050491
9615600,0.12763628363609314
9618096,0.12663942575454712
9618512,0.12759654223918915
9618688,0.12861034274101257
9619488,0.12999221682548523
9620576,0.12505820393562317
9622304,0.12185370922088623
9622608,0.12584112584590912
9623184,0.1287723183631897
9625552,0.11943462491035461
9625696,0.1262766569852829
9625760,0.1253611296415329
9626752,0.12573830783367157
9629056,0.12494257092475891
9630208,0.12542332708835602
9633232,0.1187208965420723
9633904,0.12236394733190536
9634384,0.1214325875043869
9634848,0.12775984406471252
9635728,0.12350746244192123
9637424,0.12513740360736847
9639616,0.12295088917016983
9640064,0.12262769043445587
9640816,0.12306761741638184
9642320,0.12295986711978912
9644000,0.12376732379198074
9644656,0.12418024986982346
9645056,0.1231725737452507
9645936,0.125173881649971
9646656,0.12835490703582764
9651056,0.12647388875484467
9651744,0.1227492168545723
9652144,0.1242041364312172
9652720,0.12151047587394714
9652720,0.1251411885023117
9654512,0.12449359148740768
9656352,0.12384472787380219
9657584,0.11744217574596405
9660208,0.1280999332666397
9660784,0.12251780182123184
9663024,0.12812396883964539
9664528,0.1288292557001114
9665168,0.12913255393505096
9665376,0.12451200932264328
9666608,0.1332557201385498
9668016,0.1262008100748062
9668208,0.1262538880109787
9669632,0.12171939015388489
9671728,0.12692749500274658
9672128,0.12652279436588287
9673232,0.12460927665233612
9675600,0.12705054879188538
9679152,0.13147230446338654
9679520,0.12586908042430878
9681392,0.12669909000396729
9682400,0.12733615934848785
9685760,0.12444334477186203
9685760,0.11806275695562363
9685872,0.1211075484752655
9687472,0.12029095739126205
9690032,0.12680497765541077
9691456,0.12290176749229431
9691664,0.13244836032390594
9695248,0.12930986285209656
9698480,0.12435673922300339
9698912,0.1233840063214302
9703232,0.12067227810621262
9703712,0.12757907807826996
9703760,0.12468907237052917
9709200,0.12665894627571106
9709488,0.13030780851840973
9709584,0.12988115847110748
9710848,0.12912671267986298
9713840,0.12071279436349869
9715056,0.12253095209598541
9718016,0.12626001238822937
9721168,0.1222955584526062
9721888,0.1282183974981308
9722176,0.12624438107013702
9723344,0.11959061771631241
9723584,0.12752924859523773
9724800,0.12645494937896729
9725680,0.12240902334451675
9726224,0.11646564304828644
9728720,0.12355688959360123
9729728,0.1296730488538742
9734816,0.12821677327156067
9736368,0.12559063732624054
9738816,0.12559859454631805
9740192,0.1225704476237297
9740688,0.1253613382577896
9742624,0.12278379499912262
9742720,0.12121574580669403
9743200,0.1267542541027069
9744384,0.13080744445323944
9745584,0.12129873037338257
9746768,0.12893380224704742
9747600,0.11714144796133041
9748352,0.12341988831758499
9750544,0.1225958988070488
9754304,0.12757785618305206
9756368,0.13130711019039154
9760176,0.12569446861743927
9761808,0.12823453545570374
9764000,0.11543325334787369
9765248,0.12472709268331528
9766144,0.12984925508499146
9767184,0.12662585079669952
9767408,0.12480449676513672
9770976,0.12490827590227127
9771264,0.12882505357265472
9772416,0.12517789006233215
9774336,0.12701073288917542
9774864,0.12769407033920288
9776016,0.12464955449104309
9777952,0.1265554428100586
9778368,0.12884652614593506
9779376,0.11714785546064377
9780080,0.12825576961040497
9783200,0.12054060399532318
9783872,0.126178577542305
9785424,0.12034635245800018
9786784,0.12012514472007751
9787184,0.12047288566827774
9788496,0.12055645883083344
9790208,0.12648332118988037
9790352,0.12263090163469315
9790656,0.13318398594856262
9790752,0.1228407770395279
9790976,0.12896621227264404
9791168,0.11580242216587067
9792592,0.12750326097011566
9793024,0.12187160551548004
9793872,0.11954647302627563
9793904,0.12219461053609848
9794720,0.12785682082176208
9795888,0.13186703622341156
9797440,0.12798795104026794
9797792,0.12215413898229599
9798000,0.1236352026462555
9798976,0.10569387674331665
9799616,0.12342604249715805
9801520,0.12692315876483917
9802576,0.12910252809524536
9803216,0.12472526729106903
9803504,0.1251164674758911
9808128,0.12471742182970047
9809824,0.12494125217199326
9810832,0.12327186018228531
9811632,0.12718559801578522
9813664,0.12207736074924469
9814064,0.1252804398536682
9814400,0.11800559610128403
9815168,0.11587092280387878
9815344,0.11992505192756653
9815568,0.11308838427066803
9815776,0.12509001791477203
9815856,0.1212616041302681
9815952,0.11890548467636108
9817040,0.1217801421880722
9818832,0.12500005960464478
9819408,0.12774783372879028
9819584,0.12138732522726059
9820656,0.12449513375759125
9822784,0.11715776473283768
9824784,0.11797016859054565
9825072,0.12450230866670609
9826080,0.12628602981567383
9826576,0.1262015849351883
9826592,0.12614066898822784
9827600,0.12185369431972504
9827984,0.12059607356786728
9828656,0.12478770315647125
9830128,0.12424741685390472
9831280,0.12327949702739716
9831632,0.12035840004682541
9831904,0.12831735610961914
9833232,0.1262185126543045
9833328,0.12306544929742813
9833488,0.12548258900642395
9833840,0.1330794245004654
9834848,0.1225191280245781
9835712,0.1231495812535286
9838448,0.11970703303813934
9839600,0.125152125954628
9840848,0.12653185427188873
9842048,0.12518131732940674
9843168,0.12494052201509476
9843776,0.12726768851280212
9843840,0.1254151314496994
9845552,0.12502031028270721
9846224,0.1250661462545395
9849232,0.12328413873910904
9850192,0.12613017857074738
9850240,0.12742455303668976
9851136,0.12163213640451431
9852800,0.12755778431892395
9853104,0.11996746808290482
9853712,0.12839637696743011
9859840,0.1265583336353302
9859952,0.12563234567642212
9861120,0.12164024263620377
9861776,0.12652158737182617
9863888,0.12149614095687866
9864128,0.12337591499090195
9864272,0.12706804275512695
9865264,0.11990919709205627
9865568,0.12444137781858444
9866016,0.12483356148004532
9866688,0.1253819465637207
9867792,0.12561045587062836
9873024,0.12421299517154694
9873168,0.12442383170127869
9874192,0.12622256577014923
9874576,0.12739704549312592
9877776,0.12447516620159149
9878048,0.12459340691566467
9879840,0.1259787529706955
9880128,0.12283914536237717
9880304,0.12404466420412064
9880768,0.11890282481908798
9881648,0.12446297705173492
9881888,0.12309093773365021
9885072,0.11780935525894165
9886096,0.12535829842090607
9888144,0.11633769422769547
9892112,0.12465931475162506
9894032,0.12659482657909393
9895184,0.12728701531887054
9896480,0.12556850910186768
9898336,0.11380859464406967
9898800,0.11922699213027954
9898992,0.12480992078781128
9901184,0.12845826148986816
9903104,0.12366858869791031
9903632,0.12206375598907471
9904064,0.12654706835746765
9910304,0.12406676262617111
9910672,0.12448908388614655
9913200,0.1272076517343521
9913216,0.12151454389095306
9913440,0.1268894076347351
9915392,0.12284264713525772
9916048,0.11833211034536362
9916128,0.12445139139890671
9916960,0.12807027995586395
9918304,0.12360944598913193
9920304,0.12981641292572021
9920464,0.1212410181760788
9920576,0.12542641162872314
9921056,0.1255464106798172
9921968,0.12235314399003983
9924144,0.12450011819601059
9927616,0.12416381388902664
9928032,0.12374120950698853
9930224,0.12488933652639389
9930448,0.12621517479419708
9931296,0.12689055502414703
9932544,0.12047161161899567
9932656,0.13022255897521973
9934880,0.12484447658061981
9935680,0.12048689275979996
9936848,0.12200486660003662
9938368,0.12649580836296082
9939184,0.12602780759334564
9939520,0.12659700214862823
9940272,0.12340264022350311
9942544,0.12243828922510147
9943888,0.12607698142528534
9944128,0.12814001739025116
9945536,0.1269070953130722
9947696,0.13117901980876923
9949088,0.11972671747207642
9949904,0.12272228300571442
9950096,0.12632690370082855
9950656,0.12574632465839386
9951168,0.11492622643709183
9951728,0.12430545687675476
9954400,0.1269444227218628
9954464,0.0809590071439743
9954784,0.12124483287334442
9957792,0.12869226932525635
9958016,0.12048237025737762
9958832,0.12029537558555603
9959728,0.1258690059185028
9960944,0.1291462481021881
9960960,0.1239761933684349
9963328,0.12581990659236908
9964480,0.12528689205646515
9964832,0.12966811656951904
9965248,0.12479840964078903
9965472,0.11683584004640579
9966912,0.13197126984596252
9968048,0.12869764864444733
9969024,0.1201172024011612
9971456,0.102659672498703
9971552,0.12412463128566742
9973840,0.12866348028182983
9974448,0.11654811352491379
9975984,0.1198098435997963
9978592,0.1230531632900238
9979168,0.12414878606796265
9979552,0.1255023181438446
9981248,0.12523843348026276
9981248,0.1260073184967041
9982400,0.11867792159318924
9983088,0.12494125962257385
9983264,0.12324143201112747
9983968,0.11827410757541656
9984848,0.12191925197839737
9986080,0.12056661397218704
9986832,0.12911847233772278
9988064,0.12808115780353546
9988256,0.12676824629306793
9988336,0.12538553774356842
9990432,0.12327950447797775
9991728,0.12901629507541656
9993104,0.1294713318347931
9993792,0.12533077597618103
9994016,0.12438587099313736
