step,value
272,1.173770785331726
320,1.3270759582519531
384,1.4500541687011719
400,2.0646846294403076
688,1.954549789428711
688,1.3488922119140625
720,1.9759318828582764
784,3.215808391571045
816,2.0413005352020264
864,2.0804479122161865
960,2.8101308345794678
1040,1.2462512254714966
1040,1.9511853456497192
1248,1.4938427209854126
1264,1.9639782905578613
1344,1.2774423360824585
1472,1.6803958415985107
1584,1.3507013320922852
1616,1.6976323127746582
1744,2.3297293186187744
1888,1.188103437423706
1904,1.1343342065811157
1920,2.689225673675537
1968,1.3282034397125244
2096,1.7218170166015625
2192,1.147587537765503
2336,1.9570329189300537
2352,2.6245150566101074
2416,1.639216661453247
2464,1.1344658136367798
2560,1.8325042724609375
2672,2.0500645637512207
2688,1.6525206565856934
2720,1.2175172567367554
2832,1.944710373878479
2896,1.986577033996582
2976,1.2874624729156494
3008,1.3168138265609741
3008,1.2296518087387085
3184,2.4885382652282715
3344,2.0114176273345947
3408,1.7472172975540161
3504,1.6848396062850952
3520,1.5186147689819336
3552,1.9518574476242065
3696,1.6448615789413452
3744,1.7074278593063354
3808,1.1514089107513428
3872,1.617185115814209
3904,1.3906646966934204
3920,1.5539031028747559
4016,1.9919558763504028
4080,1.1598540544509888
4096,1.1542136669158936
4128,1.5539729595184326
4224,1.697393536567688
4304,1.0837141275405884
4320,1.3502143621444702
4336,1.61876380443573
4480,1.6977500915527344
4576,2.5537242889404297
4592,1.1607674360275269
4624,2.110541820526123
4800,2.012869119644165
4912,2.141200542449951
5264,2.12544584274292
5312,1.431571364402771
5520,1.1464000940322876
5600,2.10502552986145
5616,1.5163153409957886
5664,1.6833232641220093
5712,2.2005512714385986
5712,1.951278567314148
5728,1.3506215810775757
5920,1.3503990173339844
5920,1.3064781427383423
5984,1.260789394378662
6000,1.7128831148147583
6032,1.6125273704528809
6064,1.6944414377212524
6112,1.9594048261642456
6128,2.3601057529449463
6144,2.5052013397216797
6208,1.1137185096740723
6272,1.692712664604187
6352,1.1447153091430664
6416,3.244703769683838
6496,1.6345453262329102
6544,4.11095666885376
6688,1.6162710189819336
6720,2.255103826522827
6800,1.8636854887008667
6960,1.03615140914917
6992,2.075010299682617
7104,1.5146173238754272
7232,1.8041510581970215
7232,2.171947956085205
7552,1.3490931987762451
7696,2.4877288341522217
7696,1.914982557296753
7760,2.1416115760803223
7808,1.577086329460144
7856,1.69504714012146
8016,2.5679497718811035
8304,1.1451154947280884
8336,2.3517494201660156
8384,2.348068952560425
8400,1.6008918285369873
8416,1.849484920501709
8496,1.351101279258728
8528,1.349982738494873
8688,1.7398782968521118
8704,1.1564146280288696
8928,1.8988226652145386
8976,1.3494017124176025
8976,2.227543354034424
9072,1.6988376379013062
9072,2.0637247562408447
9120,1.9664798974990845
9136,2.6749494075775146
9168,1.9880547523498535
9248,2.825254440307617
9264,2.3332254886627197
9360,1.9065274000167847
9472,1.779353380203247
9488,2.265547513961792
9488,1.349587082862854
9488,1.724496603012085
9536,2.0211048126220703
9600,1.6964137554168701
9760,1.915164589881897
9792,2.4338037967681885
9872,1.9669532775878906
9872,1.3073866367340088
10128,2.0711262226104736
10320,1.3062247037887573
10400,2.425333023071289
10512,1.8112159967422485
10544,1.520139217376709
10576,4.103341102600098
10656,1.3959169387817383
10704,1.3638485670089722
10800,3.0434610843658447
10816,3.3438351154327393
10912,1.3951274156570435
10976,1.4901204109191895
11040,1.657678484916687
11232,1.877767562866211
11232,1.3518526554107666
11376,1.9452552795410156
11376,1.5191082954406738
11392,1.949039340019226
11392,1.717904806137085
11600,1.6564691066741943
11600,1.8675230741500854
11712,1.6016311645507812
11792,1.7773343324661255
11824,2.199784755706787
11984,2.3768937587738037
12000,2.4990322589874268
12160,1.659315824508667
12160,1.3504869937896729
12192,1.831741213798523
12304,2.682727098464966
12352,1.7403613328933716
12432,1.9359939098358154
12448,1.2181086540222168
12480,1.1278291940689087
12720,1.1740952730178833
12768,1.3784934282302856
12832,1.7549513578414917
13040,2.606074094772339
13312,2.539010763168335
13392,1.3334959745407104
13440,2.7065393924713135
13472,1.1590334177017212
13488,1.517540454864502
13664,1.5612531900405884
13712,1.1871296167373657
13728,1.3072984218597412
13840,2.341533899307251
13920,1.6157370805740356
14032,1.2877185344696045
14208,1.9501147270202637
14256,2.4778711795806885
14272,1.8892412185668945
14400,1.3494253158569336
14512,2.6819796562194824
14592,1.3504849672317505
14688,1.3092951774597168
14704,1.408592700958252
14864,1.7278751134872437
14912,1.7037373781204224
14928,1.9605330228805542
14976,1.3248885869979858
14976,1.350034236907959
15104,1.9649076461791992
15152,1.8450192213058472
15184,2.568647861480713
15200,1.2643343210220337
15232,1.3048899173736572
15392,3.417482376098633
15520,1.737847089767456
15696,2.026822328567505
15888,2.403303623199463
15904,1.5472627878189087
15952,1.722290277481079
16304,1.7698333263397217
16448,1.93948233127594
16480,2.599412679672241
16512,2.1767070293426514
16592,1.3690075874328613
16736,1.1113406419754028
16736,1.1215240955352783
16736,1.609011173248291
16960,1.963179588317871
16992,5.291566371917725
17024,1.349532127380371
17136,1.6939448118209839
17184,1.6802377700805664
17344,1.717979907989502
17392,1.7151367664337158
17408,1.5153814554214478
17616,1.8582381010055542
17792,2.0008580684661865
17808,2.7454423904418945
17968,2.195251703262329
18016,1.9689979553222656
18144,3.532029867172241
18144,3.261146068572998
18176,1.3691964149475098
18304,1.786311149597168
18432,1.1348100900650024
18432,1.1830724477767944
18464,3.113698959350586
18480,1.4990732669830322
18496,1.3508816957473755
18544,1.3497834205627441
18704,1.818185806274414
18944,1.2698436975479126
18960,1.951194405555725
19088,1.629980206489563
19104,2.5029101371765137
19152,1.3904104232788086
19280,1.145883321762085
19296,2.484102487564087
19376,1.1459145545959473
19392,1.153688907623291
19408,1.306152105331421
19408,2.3691062927246094
19440,1.4204424619674683
19472,1.2697359323501587
19488,1.8218916654586792
19632,1.1898434162139893
19648,1.2982233762741089
19872,1.381964087486267
19936,1.7551885843276978
19936,1.1741145849227905
20192,1.427048683166504
20240,1.3436576128005981
20368,2.283597469329834
20544,2.5105977058410645
20592,1.6669710874557495
20704,2.18346905708313
20768,2.254641532897949
20800,1.350817084312439
20816,2.014782428741455
20912,1.3046387434005737
20944,1.5189296007156372
21088,1.351332664489746
21136,1.3270267248153687
21232,3.5195670127868652
21296,1.4074723720550537
21440,2.5698301792144775
21552,1.3503599166870117
21552,1.2307665348052979
21680,2.5057246685028076
21776,1.2726318836212158
21840,1.0955274105072021
21856,2.557006359100342
22048,1.3974664211273193
22064,1.3258006572723389
22112,2.0764243602752686
22128,1.5678207874298096
22272,1.9564229249954224
22352,1.6378196477890015
22384,1.5361531972885132
22416,1.1011314392089844
22448,1.5895119905471802
22464,2.3424289226531982
22512,2.448697566986084
22576,1.4955928325653076
22672,1.2555463314056396
22736,1.1136953830718994
22800,1.4914600849151611
22880,1.145142674446106
23040,1.7532787322998047
23184,1.4498772621154785
23184,1.9064422845840454
23232,3.6048367023468018
23280,2.074444055557251
23376,2.4414432048797607
23376,2.0110538005828857
23392,1.621734619140625
23440,1.2687875032424927
23600,2.2876904010772705
23712,1.9436392784118652
23728,1.3497754335403442
23792,1.3499321937561035
23904,1.4172323942184448
23968,2.007711410522461
24000,5.198910713195801
24016,1.144986629486084
24112,1.3481330871582031
24224,2.014970064163208
24256,2.088653087615967
24304,1.1857020854949951
24352,1.9413073062896729
24448,1.4615458250045776
24544,1.7645601034164429
24656,1.876523733139038
24752,2.2256062030792236
24800,2.1768102645874023
24832,1.702020525932312
24848,1.3495858907699585
24848,1.4687546491622925
24960,2.3926925659179688
25088,2.7228057384490967
25312,2.3454198837280273
25360,1.423515796661377
25456,1.4636106491088867
25472,2.088433027267456
25520,1.661386489868164
25584,1.4640402793884277
25616,1.9820671081542969
25616,1.1832557916641235
25648,1.6523038148880005
25808,1.2996947765350342
25984,1.7079567909240723
26000,1.8829056024551392
26048,1.6509171724319458
26080,2.1231775283813477
26160,2.9688920974731445
26320,3.568453550338745
26384,1.4710506200790405
26688,1.965468168258667
26784,2.2094948291778564
26832,1.9649262428283691
26832,1.1520144939422607
26848,1.3992522954940796
26880,2.7327492237091064
27088,1.8564703464508057
27104,1.1461833715438843
27120,1.753952145576477
27152,1.3676245212554932
27216,1.5213044881820679
27248,1.740942120552063
27280,1.3596776723861694
27408,2.3817694187164307
27424,1.5180169343948364
27440,1.9846869707107544
27600,1.8696519136428833
27680,1.9046952724456787
27744,1.3539787530899048
27760,1.6081840991973877
27952,2.3206429481506348
27968,2.3900299072265625
28128,1.1437071561813354
28416,1.6409995555877686
28560,1.1989375352859497
28576,2.667893171310425
28640,3.0111794471740723
28768,1.35051429271698
28784,2.2313573360443115
28896,1.7084368467330933
28960,2.012251853942871
28992,1.3488795757293701
29056,1.9486902952194214
29120,1.816690444946289
29120,1.3460440635681152
29120,1.4571504592895508
29152,1.998557209968567
29216,1.3083553314208984
29296,1.5137817859649658
29536,1.5845553874969482
29552,1.2977441549301147
29616,1.4045653343200684
29664,1.4539166688919067
29696,1.6820731163024902
29728,1.945708990097046
29872,1.2608081102371216
29984,2.1933820247650146
30016,1.3491544723510742
30016,2.087665557861328
30032,2.0250132083892822
30112,2.270081043243408
30144,2.4274137020111084
30160,1.8405472040176392
30224,2.6420254707336426
30288,1.700797200202942
30416,1.8696956634521484
30464,2.124462842941284
30464,2.577030658721924
30576,1.113822102546692
30608,1.7871861457824707
30608,1.3074830770492554
30784,2.2312066555023193
30928,2.0505621433258057
30928,3.1947169303894043
30992,2.007190704345703
31264,1.2877893447875977
31280,1.1109901666641235
31328,2.086284637451172
31344,1.7882224321365356
31360,2.275397539138794
31456,1.9913935661315918
31536,2.78166127204895
31568,1.8379706144332886
31680,1.5087909698486328
31904,1.6866854429244995
32160,1.5106650590896606
32208,1.6069397926330566
32256,1.832214593887329
32320,2.2039198875427246
32640,1.2350698709487915
32720,1.1841434240341187
32848,1.220713496208191
32944,2.2494113445281982
32960,2.282689332962036
33040,1.2065753936767578
33040,1.7350846529006958
33216,2.507211208343506
33232,1.1450177431106567
33296,1.735493779182434
33312,1.1844277381896973
33376,1.101721167564392
33488,1.6961432695388794
33536,1.3078964948654175
33568,1.1105810403823853
33616,1.303511142730713
33760,1.2643077373504639
33808,2.315701961517334
33856,1.1305415630340576
34016,1.5142781734466553
34080,2.3138716220855713
34144,2.5446970462799072
34224,1.1468778848648071
34304,1.189758062362671
34400,1.3991200923919678
34528,1.6323732137680054
34560,1.306114673614502
34592,1.7166897058486938
34656,2.3341684341430664
34768,1.3510867357254028
34784,1.7747915983200073
34864,1.1044142246246338
34912,2.6509392261505127
35200,1.9644544124603271
35296,1.9954184293746948
35408,2.004284620285034
35408,1.255887508392334
35552,2.473475694656372
35712,2.2887961864471436
35792,2.9053854942321777
35872,1.750349998474121
36000,1.3035281896591187
36176,1.922918677330017
36192,2.0775516033172607
36208,1.4498714208602905
36240,1.3491485118865967
36240,2.0846457481384277
36272,1.6172065734863281
36336,2.3456785678863525
36352,1.9157583713531494
36352,1.9637410640716553
36384,1.718401551246643
36464,1.1557098627090454
36544,1.145301103591919
36544,1.730064034461975
36624,1.6207576990127563
36784,1.9237103462219238
36832,1.8233338594436646
36832,1.2406913042068481
36912,3.9272303581237793
36976,1.636476993560791
37072,1.1429849863052368
37168,1.2189373970031738
37376,3.0996267795562744
37408,1.829909086227417
37520,1.5786713361740112
37648,1.7535290718078613
37696,1.3496557474136353
37824,1.1278260946273804
37840,1.3503072261810303
37872,1.7755308151245117
37888,2.2089617252349854
37968,1.7701596021652222
38000,1.685911774635315
38128,1.5824207067489624
38224,1.9553604125976562
38224,1.5707703828811646
38304,1.2764949798583984
38384,1.40449857711792
38496,2.337618112564087
38512,1.2053117752075195
38576,4.543187618255615
38720,1.9445518255233765
38816,1.350195050239563
38928,1.155260443687439
39056,2.106302261352539
39200,1.9883586168289185
39312,1.299810528755188
39344,2.0083820819854736
39488,1.1764394044876099
39728,1.8175829648971558
39760,2.37400221824646
39760,1.349578619003296
39776,1.9110263586044312
39792,1.745590329170227
39872,1.3487956523895264
40016,1.3819880485534668
40080,1.1750987768173218
40112,1.503017544746399
40112,1.6305681467056274
40144,2.147804021835327
40160,2.789367437362671
40176,1.452031135559082
40416,1.9588074684143066
40432,1.1861982345581055
40512,1.1590744256973267
40560,1.3047397136688232
40592,1.7628475427627563
40816,4.274624824523926
40880,1.1989002227783203
41216,1.1221944093704224
41264,1.348954677581787
41296,1.7788722515106201
41328,1.4867913722991943
41328,2.3761801719665527
41424,1.1561505794525146
41552,2.000608444213867
41776,1.6842669248580933
41872,2.49049973487854
41872,1.2574809789657593
41968,1.350282907485962
42256,1.6667596101760864
42448,4.799246311187744
42576,1.572129487991333
42704,2.3522355556488037
42736,1.2350857257843018
42848,1.14450204372406
42864,1.6903232336044312
42864,2.1990888118743896
42928,2.0192136764526367
42976,1.1439623832702637
43008,1.3067773580551147
43312,2.356443166732788
43344,2.3469369411468506
43344,1.944103717803955
43456,1.8317195177078247
43504,1.1561166048049927
43616,1.146283507347107
43648,1.4875056743621826
43680,1.9435522556304932
43840,1.208120584487915
43920,1.2107857465744019
43936,1.9564166069030762
43936,1.7065227031707764
44000,3.4434826374053955
44064,1.9457968473434448
44064,1.8218435049057007
44112,2.1688125133514404
44176,1.5111289024353027
44240,1.3512177467346191
44400,1.1698894500732422
44400,3.2783188819885254
44416,2.2102928161621094
44512,1.3667166233062744
44640,2.0528690814971924
44704,1.1539199352264404
44704,1.2329570055007935
44736,2.0806498527526855
44784,2.115651845932007
44928,1.89557683467865
45024,2.3946094512939453
45104,1.25729501247406
45232,4.343257904052734
45248,1.9834951162338257
45248,2.3361928462982178
45520,1.654541015625
45520,2.1075215339660645
45568,1.7170602083206177
45680,1.5209379196166992
45728,1.8646273612976074
45840,1.3040181398391724
45968,1.8200963735580444
45984,1.36172354221344
46000,1.9657313823699951
46080,1.8160854578018188
46096,1.3157973289489746
46192,1.613050103187561
46240,2.3802928924560547
46256,1.1238771677017212
46368,1.1854841709136963
46432,1.8716561794281006
46432,1.8139195442199707
46432,2.1989736557006836
46480,1.422162652015686
46544,1.1648368835449219
46608,2.2203023433685303
46656,1.8310377597808838
46752,2.3557026386260986
46992,1.3529876470565796
47040,1.3975822925567627
47104,2.1969199180603027
47104,2.027381420135498
47184,1.6575405597686768
47200,1.714157223701477
47248,2.0099258422851562
47376,1.9603772163391113
47408,1.9150956869125366
47472,1.7682710886001587
47568,1.7778488397598267
47584,1.8334897756576538
47600,2.3161826133728027
47872,1.8175103664398193
47888,1.2879170179367065
48032,1.6939704418182373
48032,1.7101505994796753
48048,2.2739813327789307
48112,1.856121301651001
48128,1.5163260698318481
48144,1.9977818727493286
48160,1.2829807996749878
48160,1.1125092506408691
48336,2.0491232872009277
48336,2.6019837856292725
48352,1.1633422374725342
48496,1.306253433227539
48512,1.3474597930908203
48640,1.1999784708023071
48688,2.119832754135132
48816,4.557044506072998
48832,2.3123722076416016
48896,1.1998964548110962
48928,1.1367791891098022
48976,2.204606294631958
48992,2.2251524925231934
49040,1.7277300357818604
49088,1.6555222272872925
49136,1.6089917421340942
49216,1.8582324981689453
49248,1.3525395393371582
49488,2.104969024658203
49552,2.015650987625122
49584,1.7543714046478271
49600,1.2087172269821167
49696,2.1536808013916016
49888,1.6389381885528564
50016,2.599644899368286
50032,7.480957508087158
50240,1.1615021228790283
50352,3.8637781143188477
50400,3.8507509231567383
50560,2.3365132808685303
50592,2.7173593044281006
50800,2.129204034805298
51104,1.8329802751541138
51312,3.8362338542938232
51312,2.2888689041137695
51328,1.3189793825149536
51376,2.6429972648620605
51456,1.3760931491851807
51536,1.1459133625030518
51584,1.1449837684631348
51984,1.482787013053894
52000,1.7873276472091675
52032,2.1641829013824463
52032,2.227928400039673
52384,1.5891374349594116
52512,3.791640043258667
52672,2.866607666015625
52688,4.735145568847656
52768,2.0428223609924316
52832,1.8452781438827515
52864,2.4766664505004883
52960,1.2462644577026367
53216,1.1287297010421753
53248,1.2311049699783325
53296,1.9810154438018799
53408,2.5527536869049072
53424,3.6707520484924316
53440,2.3189799785614014
53472,2.1119508743286133
53616,1.7250508069992065
53616,1.9229249954223633
53696,1.297896385192871
53920,1.168577790260315
53984,1.1254093647003174
54112,1.4760297536849976
54320,1.8920351266860962
54384,1.925763487815857
54496,1.3314794301986694
54576,1.1770824193954468
54624,1.9675238132476807
54656,2.2180585861206055
54736,3.010582685470581
54800,1.670749306678772
54944,1.125579595565796
54976,1.3498305082321167
54992,1.841790795326233
55056,1.7467471361160278
55392,2.1884043216705322
55616,2.1386704444885254
55728,1.26078200340271
55744,2.683292865753174
55872,2.1627726554870605
55888,3.322216033935547
55984,1.5620588064193726
55984,2.5707151889801025
56048,1.209190845489502
56160,4.224594593048096
56208,4.6711106300354
56368,3.1230130195617676
56416,2.3723344802856445
56448,1.9512742757797241
56480,1.7542976140975952
56480,1.4111552238464355
56496,1.2742376327514648
56544,2.1561434268951416
56624,1.9799643754959106
56656,2.0985841751098633
56720,2.319042682647705
56768,1.3265539407730103
56848,2.3367834091186523
56944,1.656690239906311
56944,1.597468614578247
57184,1.9955127239227295
57184,1.1874281167984009
57312,1.6053719520568848
57360,1.6548479795455933
57424,1.7923333644866943
57440,2.0980374813079834
57456,1.22223699092865
57568,1.4122391939163208
57584,5.591372013092041
57728,1.0714610815048218
57824,1.376657485961914
57856,2.2530295848846436
58176,2.297323703765869
58336,1.4709482192993164
58336,2.6282761096954346
58480,2.5590453147888184
58560,2.9069881439208984
58576,3.194037675857544
58800,1.8437073230743408
58816,1.8636953830718994
58816,1.4022938013076782
58864,1.6536779403686523
58992,2.120065689086914
59104,2.405738353729248
59280,1.4288066625595093
59280,1.9091451168060303
59312,2.2523865699768066
59488,1.5210870504379272
59552,1.5924103260040283
59696,1.9646375179290771
59936,1.8637967109680176
60000,1.5472683906555176
60144,2.0310585498809814
60368,1.673135757446289
60384,1.8429127931594849
60464,2.238795757293701
60624,1.7828463315963745
60864,1.19375741481781
60912,1.816072702407837
60928,1.658920407295227
61136,3.8610668182373047
61200,1.1554924249649048
61440,1.937739372253418
61456,2.046302318572998
61680,2.2622230052948
61712,2.5381546020507812
61792,1.4473719596862793
61872,2.031824827194214
62608,1.817028522491455
62640,2.3545587062835693
62816,1.271261215209961
62848,3.2514445781707764
62928,1.9994537830352783
62976,3.3999369144439697
63008,5.34531307220459
63168,2.1973817348480225
63376,2.6758713722229004
63456,1.3310476541519165
63488,2.152891159057617
63504,1.5311542749404907
63552,2.6845083236694336
63600,1.9503062963485718
63696,1.3485734462738037
63776,1.3649890422821045
63824,1.0842429399490356
64000,1.3927305936813354
64064,1.8351682424545288
64112,1.6910818815231323
64192,7.290687084197998
64512,1.2594702243804932
64608,2.093634605407715
64656,2.075969934463501
64688,3.881678342819214
64800,1.5888339281082153
64896,2.0739855766296387
65040,3.313347578048706
65056,2.3219046592712402
65216,2.051037073135376
65216,2.371694564819336
65248,1.7027593851089478
65376,1.954847812652588
65520,1.178375482559204
65696,1.9398764371871948
65856,2.4545235633850098
65984,1.1012799739837646
66048,2.2286336421966553
66080,3.2787551879882812
66400,1.5797423124313354
66688,5.599939823150635
66704,1.1293429136276245
66736,7.429643154144287
66832,2.2096989154815674
66864,1.387406349182129
67040,4.779135227203369
67168,2.382904529571533
67232,1.664451241493225
67280,2.445021867752075
67440,1.0568034648895264
67584,1.4490593671798706
67696,1.6462990045547485
68208,2.153538227081299
68240,2.541215181350708
68272,2.5780653953552246
68608,1.6047067642211914
68624,2.4702296257019043
68704,2.4108598232269287
68704,2.8128604888916016
68800,6.976283550262451
68960,2.53326678276062
69008,2.720231533050537
69024,2.302537679672241
69056,2.4321393966674805
69408,4.987545967102051
69488,2.59426212310791
69536,1.3008471727371216
69680,1.143890142440796
69744,4.848445892333984
69872,3.6855621337890625
69920,2.0538272857666016
70048,3.292055368423462
70128,1.8829777240753174
70176,1.162764310836792
70256,1.5182738304138184
70288,1.1894450187683105
70528,1.8781987428665161
70608,2.086378574371338
70656,1.8284848928451538
70672,4.5862956047058105
70704,6.250011444091797
71120,1.711164116859436
71152,1.8150646686553955
71168,2.0512325763702393
71200,2.132446527481079
71328,3.1962766647338867
71392,1.5973241329193115
71408,2.3027164936065674
71520,2.3217313289642334
71520,1.3449962139129639
71520,5.101924896240234
71664,2.334057331085205
71712,2.4450490474700928
71872,7.190422534942627
71984,1.7915771007537842
72096,1.2695424556732178
72128,1.6959006786346436
72192,2.1522388458251953
72304,1.2671787738800049
72624,2.3321382999420166
72672,2.2588512897491455
72672,2.112283945083618
72816,4.910929203033447
72928,2.2755134105682373
73056,2.0582218170166016
73280,5.867136478424072
73312,1.908693790435791
73536,2.0473716259002686
73680,2.1488966941833496
73824,1.5446864366531372
73840,12.070670127868652
73952,1.4456713199615479
73968,2.8016130924224854
73968,9.011024475097656
74304,2.138035774230957
74320,2.4482126235961914
74416,1.7270163297653198
74432,2.517789125442505
74560,1.8758883476257324
74896,1.1144620180130005
75040,1.7745801210403442
75104,4.584834098815918
75376,2.0903289318084717
75376,1.6759169101715088
75584,1.834447979927063
75776,2.1996545791625977
75840,3.2906646728515625
76032,2.377685308456421
76064,5.31594705581665
76096,4.27738094329834
76128,2.2431275844573975
76224,1.422859787940979
76384,8.605091094970703
76400,2.3250346183776855
76736,3.2848329544067383
76784,2.883944272994995
76912,2.1688661575317383
76944,3.037158966064453
76944,1.2113051414489746
77328,1.8139375448226929
77472,6.9696502685546875
77488,4.0816650390625
77536,1.8686703443527222
77952,1.2060703039169312
78160,2.443403482437134
78336,1.5447741746902466
78432,1.215330958366394
78464,2.6560959815979004
78480,2.743053674697876
78592,4.266780853271484
78736,2.1011717319488525
78816,4.979948043823242
79440,2.01574969291687
79584,3.167367458343506
79632,1.9314613342285156
79776,2.4903531074523926
80048,1.564637303352356
80064,1.14047110080719
80128,2.7149269580841064
80688,1.8264648914337158
80688,2.9001214504241943
80736,3.0108277797698975
80816,1.3061027526855469
80944,4.981091022491455
80976,4.323534965515137
81232,2.467170000076294
81472,1.5228062868118286
81648,1.9849591255187988
81696,2.563291311264038
81872,2.286991596221924
82224,3.9411871433258057
82352,2.718474864959717
82464,2.0404410362243652
82608,2.4055228233337402
82624,3.938770294189453
83072,4.437169551849365
83264,1.4917227029800415
83648,5.075114727020264
83872,1.6060404777526855
84080,2.009281873703003
84096,3.9013688564300537
84400,4.605842113494873
84480,2.253685474395752
84640,2.8128926753997803
84672,3.2037227153778076
84704,2.9405553340911865
84800,1.3496596813201904
84832,1.927547812461853
85200,1.8667916059494019
85856,4.580987930297852
86240,1.9749503135681152
86384,1.2302579879760742
86416,7.311623573303223
86944,2.7073776721954346
86960,11.201817512512207
87040,6.940830230712891
87152,6.802255153656006
87392,1.6198079586029053
87488,10.110227584838867
87664,1.5182777643203735
87728,2.1122982501983643
87920,6.979100227355957
88096,2.7745091915130615
88112,7.820633888244629
88288,1.4839262962341309
88432,1.871334195137024
88496,3.6408779621124268
88976,2.0633270740509033
89024,3.928309440612793
89056,2.5105714797973633
89216,4.915358066558838
89232,1.4118481874465942
89344,2.2259578704833984
89552,2.0041983127593994
89616,1.4937080144882202
89680,11.541950225830078
89744,6.581822395324707
89808,7.169895648956299
89952,1.820448637008667
90176,3.911425828933716
90320,2.4163777828216553
90928,5.444206237792969
91072,9.677091598510742
91712,1.5380911827087402
91712,4.334588527679443
92288,11.189909934997559
92320,14.409592628479004
92528,3.1709353923797607
92640,5.331636905670166
92720,10.810013771057129
92768,4.980417251586914
92768,7.313734531402588
92912,7.795305252075195
93024,4.014321804046631
93120,8.178269386291504
93120,4.662027835845947
93232,2.3935346603393555
93408,4.80122709274292
93568,2.3486926555633545
93744,4.360348701477051
93808,8.40295696258545
94016,1.801222562789917
94032,2.1789932250976562
94112,3.6341137886047363
94368,4.044271945953369
94656,5.971158027648926
94736,9.932402610778809
95024,5.5584330558776855
95104,4.987375736236572
95120,3.731301784515381
95424,1.2035603523254395
95600,6.24854850769043
95936,6.928549766540527
95968,1.2947015762329102
95984,11.15635871887207
96048,7.060011386871338
96448,6.721451759338379
96528,1.794631004333496
96928,2.2807974815368652
96976,2.7507588863372803
97536,7.2290496826171875
97568,1.7292802333831787
97664,2.1935763359069824
97840,1.8964347839355469
98256,6.681737899780273
98624,11.213297843933105
98688,18.616506576538086
98976,7.846895694732666
99120,6.452310085296631
99232,7.869328498840332
99376,6.715494632720947
100096,1.2425742149353027
100112,3.4242167472839355
100224,2.7599284648895264
100368,11.383284568786621
100512,3.1472601890563965
100528,5.48710823059082
100560,2.3621809482574463
100752,1.2215805053710938
100976,1.7074240446090698
101264,2.470904588699341
101376,3.2995378971099854
101408,2.7476847171783447
101600,1.2465342283248901
101744,1.9533692598342896
101744,3.6107711791992188
101744,13.049772262573242
101856,6.107418060302734
102032,2.5272367000579834
102128,1.3097031116485596
102144,19.56329917907715
102688,2.0504517555236816
103264,10.388742446899414
103552,3.812377691268921
103984,6.782693862915039
104288,15.205740928649902
104448,3.913665294647217
104720,3.974841833114624
105056,2.36788272857666
105104,2.015711545944214
105168,9.653936386108398
105312,1.7572263479232788
106112,6.791706085205078
106736,2.862151861190796
107296,1.9143189191818237
107312,9.393939971923828
107344,20.43243980407715
107536,6.896293640136719
108272,16.269624710083008
108288,8.931605339050293
108336,9.24067211151123
109072,9.581313133239746
109216,3.487598180770874
109504,7.373169898986816
109552,2.607605457305908
109648,2.2796437740325928
109824,19.579273223876953
109824,4.73011589050293
109872,1.9588631391525269
110336,2.9977123737335205
110624,3.0975544452667236
110944,2.456963539123535
111088,15.276451110839844
111408,2.347522258758545
111584,5.034874439239502
111840,6.351547718048096
111856,22.709775924682617
112096,6.939467430114746
112352,6.874206066131592
112400,3.857570171356201
112416,2.4315152168273926
112848,2.342723846435547
112880,17.482507705688477
112928,2.2359423637390137
113136,1.2140456438064575
113488,9.398921012878418
114064,13.95005989074707
114464,7.939952373504639
114496,7.652691841125488
114624,2.1771929264068604
114656,10.035005569458008
114816,1.9810179471969604
114944,5.001399040222168
115056,2.862797260284424
115088,15.216347694396973
115088,2.0701375007629395
115456,4.6702752113342285
116272,5.137639045715332
116480,2.177508592605591
116704,5.589574813842773
117344,9.639472007751465
117360,4.3077216148376465
117504,8.058112144470215
117584,4.497821807861328
117840,9.808180809020996
118176,2.577930450439453
118192,1.2057503461837769
118480,5.360727310180664
119072,1.5325524806976318
119328,8.352149963378906
119392,5.398286819458008
119616,3.6742024421691895
120000,1.2284406423568726
120128,2.0707638263702393
120256,3.89980149269104
121040,2.2159335613250732
121632,6.942737579345703
122304,2.8133158683776855
122560,2.336381673812866
122720,2.3953075408935547
122800,5.58280611038208
122800,23.671308517456055
123168,1.2985260486602783
123664,11.76839828491211
123696,4.512829303741455
123904,8.795642852783203
124128,1.822786808013916
124320,20.677236557006836
124560,1.2084869146347046
125168,16.841768264770508
125360,11.45939826965332
125360,5.43104887008667
125536,5.507854461669922
125776,3.290992259979248
125872,1.4408199787139893
125904,8.023622512817383
126048,8.364264488220215
126224,7.084432601928711
126464,8.546673774719238
126480,2.4343996047973633
126928,8.431445121765137
127776,4.653288841247559
128176,3.4038352966308594
128256,5.056792736053467
128304,1.509917140007019
128832,1.5499101877212524
129360,9.516061782836914
129376,1.8427836894989014
129584,6.620903968811035
129712,8.697463989257812
129728,9.13658332824707
129904,10.770660400390625
130032,6.051204681396484
130256,5.030860424041748
130400,2.8256278038024902
130496,2.6893932819366455
130544,3.5124433040618896
130560,8.598614692687988
130672,4.589930057525635
130832,4.672975540161133
131408,12.126814842224121
131456,22.212696075439453
131904,2.2294533252716064
132080,6.670531272888184
132288,3.6670219898223877
132288,6.940077781677246
132480,1.9614518880844116
133280,13.887761116027832
133392,21.603946685791016
133872,7.612003326416016
133952,2.2437140941619873
134032,7.135832786560059
134400,2.5006325244903564
134400,10.10633659362793
134848,5.397400856018066
135392,5.767922878265381
135808,8.109538078308105
135920,22.805889129638672
136048,6.659018039703369
136352,14.876951217651367
136560,19.452024459838867
136704,16.54434585571289
136784,14.985010147094727
137488,8.251760482788086
137776,18.030263900756836
138064,21.1323184967041
138080,24.464570999145508
138512,8.973052024841309
138544,10.108360290527344
139328,15.770316123962402
139760,15.250503540039062
139952,2.578956365585327
140000,2.4654881954193115
140192,22.51599884033203
140240,1.789952039718628
140368,15.544670104980469
140432,4.452573299407959
141488,17.69810676574707
141552,10.524757385253906
142240,1.9844857454299927
142448,4.094607353210449
142464,9.967368125915527
142496,23.4553165435791
142944,16.568580627441406
143008,1.8993568420410156
143072,11.958626747131348
143104,14.920519828796387
143248,5.531588077545166
143392,4.901825428009033
143472,3.9440152645111084
143872,3.219999074935913
144560,2.6628880500793457
144832,1.0228569507598877
144864,8.621894836425781
145040,1.7282452583312988
145088,5.079165458679199
145920,10.95995807647705
146416,16.495973587036133
146432,5.0956950187683105
146432,2.2544915676116943
147040,11.497757911682129
147104,2.1294727325439453
147488,17.05816650390625
147664,2.423995018005371
147712,22.160507202148438
147840,7.908710956573486
148672,16.534101486206055
148800,5.709660530090332
148880,2.0866451263427734
149184,23.238327026367188
149280,3.664959669113159
149408,9.138935089111328
150240,15.488271713256836
150800,2.706897497177124
150992,10.422972679138184
151152,22.426294326782227
151264,6.356971740722656
151440,2.8108763694763184
152080,22.723865509033203
152128,18.63800811767578
152576,8.209254264831543
152704,2.0915980339050293
152768,6.66212797164917
153280,1.7290494441986084
153520,3.549715280532837
153776,9.974727630615234
154496,4.1558003425598145
155040,12.259188652038574
155504,4.822957515716553
155680,21.40282440185547
155760,15.323606491088867
155808,6.209636211395264
155888,18.672788619995117
156032,11.355106353759766
156112,4.750021934509277
156544,10.217645645141602
156608,12.146804809570312
156672,4.986037254333496
157536,4.325995445251465
157696,7.40525484085083
158144,22.056352615356445
158304,7.206546306610107
158560,10.822053909301758
158704,2.252166748046875
158880,2.020681381225586
158928,7.556317329406738
159600,18.287227630615234
159728,4.792033672332764
159744,4.8460612297058105
160176,18.275121688842773
160256,1.9376965761184692
160288,9.401416778564453
160544,9.135552406311035
161040,4.8017683029174805
161152,5.14972448348999
161248,23.226198196411133
161376,2.191758155822754
161440,7.501161098480225
161520,6.959070682525635
161632,13.940924644470215
161696,11.178061485290527
161696,2.062443971633911
161920,14.764473915100098
162064,1.9303916692733765
163152,15.094550132751465
163376,20.952877044677734
163808,10.549732208251953
164096,4.847629070281982
164176,16.978971481323242
164464,8.211851119995117
165136,22.751293182373047
165872,17.68462371826172
166016,11.585878372192383
167360,7.155118942260742
167920,6.194189548492432
168048,4.530833721160889
168112,6.327980041503906
168128,21.437864303588867
168384,18.896846771240234
168432,23.23102569580078
168928,5.804854869842529
169328,3.524296760559082
169552,21.786375045776367
169712,2.614884614944458
170000,24.285310745239258
170160,6.999594211578369
170528,5.568724632263184
171168,15.037487030029297
171184,19.69723892211914
171328,23.991914749145508
171408,6.612949848175049
171536,22.57728385925293
172672,8.646610260009766
172688,22.620437622070312
172736,21.888797760009766
173120,23.38976287841797
173328,22.918779373168945
173408,3.3274738788604736
173824,5.1427764892578125
174368,2.308943510055542
174400,17.607078552246094
175376,22.313467025756836
175792,7.755143165588379
175984,2.323270082473755
176240,16.380653381347656
176672,4.884002208709717
177888,2.249635696411133
177920,6.7010698318481445
177968,14.817583084106445
178000,23.24227523803711
178224,22.381244659423828
178656,6.5240888595581055
178704,23.3139705657959
179680,8.765177726745605
180512,11.159713745117188
181312,2.231544017791748
182032,8.380084037780762
182432,22.192062377929688
183152,15.627619743347168
183520,23.212501525878906
184224,22.870498657226562
184352,22.438692092895508
184512,6.92302131652832
184752,21.6849365234375
184784,2.5175418853759766
185024,15.490392684936523
185040,3.428618907928467
185520,13.724063873291016
185616,22.90195083618164
185824,23.276376724243164
186112,10.88533878326416
187344,7.551546573638916
187472,12.666238784790039
187728,15.6278715133667
187760,3.3326079845428467
187872,23.3959903717041
188096,20.40234375
188400,22.304780960083008
188752,16.14044952392578
189088,10.490418434143066
189136,11.157029151916504
189136,8.457635879516602
189152,18.970651626586914
189488,11.833427429199219
189600,23.748355865478516
189680,2.6940221786499023
190672,22.221519470214844
191264,6.6259942054748535
191360,23.044485092163086
191552,13.669785499572754
192000,22.405500411987305
192208,22.539831161499023
192544,6.385647296905518
192624,23.324874877929688
192720,22.7288875579834
193408,6.526932716369629
193824,6.187817096710205
194096,23.69938087463379
194288,22.676557540893555
194368,4.49070405960083
194416,5.669449806213379
195104,4.195183277130127
195280,16.313453674316406
195696,16.048324584960938
196256,7.594844818115234
196720,5.092434406280518
197824,21.524181365966797
197840,19.360925674438477
198336,2.7739243507385254
198944,7.69434118270874
199024,22.519515991210938
199904,14.948101997375488
199984,6.835453033447266
200016,8.259330749511719
200096,6.629458904266357
200384,13.56070613861084
200544,10.391597747802734
200832,23.22087287902832
202208,12.606895446777344
202304,22.592885971069336
202496,21.804025650024414
204000,5.272624969482422
204448,21.466909408569336
204464,22.927221298217773
204656,5.516155242919922
204944,14.064791679382324
204976,14.81408405303955
205408,21.925817489624023
205440,5.219007968902588
207488,13.152095794677734
207504,20.39386558532715
207632,22.38479995727539
207840,21.980520248413086
207952,7.2680463790893555
208032,2.0888118743896484
208080,21.827760696411133
208176,22.821043014526367
208544,22.587892532348633
208624,3.4954071044921875
208944,22.308027267456055
208992,22.196197509765625
209504,21.807029724121094
209664,15.721895217895508
209936,12.949637413024902
210544,4.479864120483398
211040,22.577939987182617
211760,21.96295738220215
211824,6.6912760734558105
212528,5.63444709777832
212688,22.839479446411133
212896,11.208768844604492
213040,22.72536277770996
214528,7.928872108459473
215072,22.027435302734375
215168,22.07866096496582
215312,22.454055786132812
215344,22.759119033813477
215680,9.196172714233398
216160,4.675602436065674
216352,21.459911346435547
218096,22.75691032409668
218256,14.639337539672852
218304,9.143099784851074
218688,22.798038482666016
219056,21.48155403137207
219232,22.73184585571289
220432,14.816347122192383
220880,8.086316108703613
221632,22.46055793762207
223664,20.56562042236328
223808,14.954243659973145
224368,14.874114036560059
225344,9.67123031616211
225744,3.4025611877441406
225824,14.980603218078613
227216,15.354692459106445
227232,19.052234649658203
227520,13.945117950439453
227664,16.453990936279297
227744,21.780941009521484
227968,22.923982620239258
227984,3.6877448558807373
228416,9.162405967712402
229344,14.628129959106445
229456,3.9115400314331055
229904,9.232954978942871
229920,12.370231628417969
230192,8.315558433532715
231616,21.85344696044922
231920,23.41849708557129
232176,1.9386464357376099
232368,23.00303840637207
232560,22.231300354003906
233008,22.661943435668945
233376,7.921649932861328
233392,22.27155303955078
233584,22.220550537109375
233712,8.818397521972656
233808,21.438791275024414
234016,18.386539459228516
234848,8.158881187438965
235232,4.065367698669434
235456,18.170520782470703
235680,3.808220148086548
236672,22.723594665527344
237008,22.320560455322266
237264,21.439245223999023
237632,19.451799392700195
238640,20.76914405822754
238896,22.28661346435547
239872,14.995198249816895
240304,2.86944842338562
240512,22.854080200195312
240528,23.155303955078125
240912,22.286893844604492
241184,21.586118698120117
241408,2.7865071296691895
241616,13.296980857849121
241840,4.775040149688721
242144,3.981426239013672
242496,8.721555709838867
242560,23.158397674560547
242816,7.0250163078308105
243248,2.8309130668640137
243488,6.055233001708984
244288,9.198807716369629
245232,21.368621826171875
246160,21.494342803955078
246400,23.037128448486328
246448,7.896276950836182
246784,8.137638092041016
248000,10.714888572692871
248464,14.193540573120117
248704,3.0047731399536133
248912,10.387409210205078
249824,22.599536895751953
250048,21.079998016357422
250144,21.65662956237793
250240,22.904430389404297
250352,22.526573181152344
252192,11.596219062805176
252304,22.63480567932129
252736,15.495035171508789
253424,21.82978630065918
255920,22.613296508789062
257440,23.32286834716797
258976,21.6221866607666
259008,21.254854202270508
259072,22.532217025756836
259248,22.846256256103516
259440,3.886589527130127
260224,23.049774169921875
260240,20.342327117919922
260256,5.833995342254639
260896,23.12510871887207
261216,19.43865394592285
261328,21.71320343017578
261456,18.437095642089844
262368,16.07231903076172
262480,22.129287719726562
262640,22.66031265258789
263904,7.6829400062561035
264432,20.811872482299805
265248,14.4906644821167
265664,21.878402709960938
265888,22.16739845275879
266208,4.078202247619629
267408,22.57206153869629
267744,1.102109670639038
268528,3.6639456748962402
269600,14.44359016418457
269920,22.485427856445312
271696,21.512531280517578
272016,21.662229537963867
272176,22.603500366210938
272224,21.46832847595215
273024,14.842340469360352
273344,15.925787925720215
273872,22.286128997802734
274288,4.453709602355957
274656,15.662365913391113
276064,13.937954902648926
276272,21.94637107849121
276864,21.82135581970215
276928,21.81537437438965
278384,21.771846771240234
278384,22.349470138549805
278656,15.004759788513184
279296,20.18633460998535
279520,21.032958984375
279616,10.50428295135498
279792,8.56533145904541
280048,22.803495407104492
280928,21.252824783325195
280960,22.792560577392578
283392,21.112590789794922
283504,20.601308822631836
285904,15.732171058654785
286448,4.5937581062316895
287856,22.78944206237793
287872,20.252161026000977
287984,5.1332292556762695
288464,2.9760050773620605
288544,10.668387413024902
288608,21.85679817199707
289328,22.778806686401367
289728,21.243383407592773
290128,1.2354390621185303
290528,22.358362197875977
290576,2.114736795425415
290944,23.195613861083984
291472,21.93007469177246
292176,21.729215621948242
294528,22.842512130737305
295792,22.441667556762695
296496,1.7031453847885132
297168,21.463424682617188
297696,1.8195607662200928
297936,17.42264747619629
298256,22.233448028564453
298560,4.817404747009277
299120,22.36309051513672
299200,23.728042602539062
299408,7.177196979522705
299920,2.5984394550323486
300736,22.414121627807617
300896,22.648706436157227
301168,22.534765243530273
301504,22.11421775817871
302080,23.140031814575195
302480,8.634061813354492
302752,2.582268714904785
303072,20.952289581298828
303472,22.263017654418945
303520,21.66773796081543
304368,9.994085311889648
304448,22.76450538635254
304496,7.324262619018555
304672,22.727737426757812
305328,22.48508644104004
306144,22.222400665283203
307408,14.734328269958496
308032,22.078237533569336
309584,22.868894577026367
310064,21.855892181396484
310352,1.8919429779052734
310432,21.125431060791016
310496,15.286264419555664
310592,4.397570610046387
311888,7.022881031036377
313744,14.467082977294922
314144,22.016599655151367
315120,21.485549926757812
315200,21.996414184570312
315392,21.461942672729492
315568,21.490806579589844
315600,22.637693405151367
316288,10.875823020935059
317296,22.732772827148438
317520,21.960472106933594
317568,22.242238998413086
318784,22.900981903076172
319184,23.094743728637695
319504,9.549139022827148
319616,21.92645263671875
320560,21.895336151123047
320896,22.108640670776367
321120,19.75381851196289
322368,21.261850357055664
322752,21.604026794433594
323040,22.262903213500977
323152,14.975383758544922
323792,15.822930335998535
324560,21.437036514282227
324720,21.47675132751465
326304,10.7904634475708
327280,2.476259231567383
327328,22.433656692504883
328112,21.953718185424805
328240,22.067066192626953
328480,21.281545639038086
328944,4.397819519042969
331008,22.330041885375977
331216,22.399099349975586
331744,4.650657653808594
331888,21.864023208618164
332336,21.96113395690918
333376,21.981616973876953
333520,15.241243362426758
333584,22.806474685668945
333664,22.37782859802246
333696,22.718671798706055
333808,21.87270736694336
333904,22.17622184753418
334064,22.716310501098633
334688,5.506600379943848
334960,5.09622049331665
335280,21.487703323364258
335440,21.925941467285156
337664,16.084531784057617
338672,22.20703887939453
339888,13.85704231262207
340128,15.095566749572754
340416,8.900700569152832
340752,21.97400665283203
341248,23.378158569335938
341792,22.076494216918945
342496,21.705245971679688
343344,17.991191864013672
343392,22.791187286376953
343488,21.767894744873047
343536,15.022625923156738
343632,22.61140251159668
343952,21.89986228942871
343984,23.238779067993164
344416,21.0775146484375
344736,21.819852828979492
345904,21.610864639282227
346016,14.423983573913574
346240,22.887365341186523
347488,1.2516157627105713
347584,21.789958953857422
348208,16.600696563720703
349408,18.73561668395996
349568,22.12725257873535
351744,22.093477249145508
352304,20.930892944335938
352976,21.07195472717285
353712,14.211952209472656
354000,4.674854755401611
354192,22.313831329345703
354480,6.756486415863037
355312,22.543590545654297
355424,5.250617980957031
356688,21.075403213500977
356944,22.095993041992188
356960,4.806183338165283
357968,21.713279724121094
358304,21.86746597290039
358400,5.74718713760376
359696,9.6993408203125
360144,20.179794311523438
360464,15.16447639465332
360592,22.040019989013672
361248,2.1296777725219727
361776,6.054788589477539
362688,21.98362922668457
363776,22.51224136352539
365072,15.372780799865723
365360,22.677732467651367
365744,2.7945218086242676
366048,22.961809158325195
366656,22.32779884338379
367424,22.069494247436523
368192,7.737174987792969
368240,21.283445358276367
368416,20.717498779296875
369232,22.764894485473633
369312,7.86521577835083
369584,21.838027954101562
370544,14.814806938171387
370576,4.0141282081604
370608,22.473411560058594
372304,15.383296012878418
372480,21.031253814697266
372992,22.72438621520996
373312,21.816556930541992
374080,22.34069061279297
374176,21.77834701538086
374608,22.048961639404297
376048,21.139568328857422
376160,20.14883804321289
376576,2.3109211921691895
376848,18.795902252197266
377104,2.0782203674316406
377152,21.07560157775879
377840,22.615570068359375
378128,22.562570571899414
378176,23.06528091430664
378656,14.628414154052734
379008,21.597423553466797
379664,14.925006866455078
379664,14.691181182861328
380352,21.414731979370117
380784,6.010235786437988
381584,3.8287410736083984
382528,21.686002731323242
382928,14.47506046295166
383408,13.948923110961914
384272,21.07541847229004
384912,22.366178512573242
385056,20.959880828857422
385216,21.986743927001953
385776,14.928028106689453
386864,14.71898078918457
386944,22.106351852416992
387120,23.10206413269043
387664,3.4234812259674072
388144,21.380138397216797
390352,22.71659278869629
392096,21.827468872070312
392272,21.043302536010742
392320,22.150217056274414
393456,22.12689208984375
393456,15.882060050964355
395120,22.280309677124023
395808,22.379358291625977
396128,21.886768341064453
397024,23.119752883911133
397168,18.51702880859375
397344,20.85407257080078
397376,14.97990894317627
398352,24.388689041137695
398576,14.628941535949707
398720,22.722915649414062
398752,5.984172821044922
398816,23.25338363647461
400608,22.737747192382812
401008,14.620878219604492
401392,22.31355094909668
402512,15.111266136169434
403472,21.914730072021484
404240,22.977296829223633
404304,11.355742454528809
404944,21.277172088623047
406080,14.527840614318848
406624,22.393768310546875
407776,21.20332145690918
408080,22.30222511291504
409088,21.50855255126953
409328,22.316173553466797
410016,21.793256759643555
410128,20.062896728515625
411200,21.485036849975586
411712,18.997982025146484
411760,21.88730239868164
411952,14.255796432495117
413024,21.78568458557129
413152,8.185154914855957
414704,22.569843292236328
414704,7.52830696105957
416416,11.546499252319336
416768,22.140989303588867
418256,22.311464309692383
418368,21.505428314208984
418704,20.875137329101562
418944,5.697469234466553
419184,15.22358512878418
419824,22.04308319091797
420128,14.793388366699219
421936,21.442031860351562
422272,22.01290512084961
422400,22.005897521972656
422640,21.064041137695312
423040,21.816083908081055
423408,20.618589401245117
423536,21.91510009765625
424656,21.429039001464844
424832,22.153289794921875
424944,20.98482894897461
426224,23.638845443725586
426288,21.051301956176758
426656,22.3179931640625
427168,22.449583053588867
428480,22.302322387695312
429008,22.054590225219727
429248,21.714210510253906
429584,21.451248168945312
429968,22.307889938354492
430512,1.7558444738388062
430656,22.216310501098633
432016,21.70281219482422
433776,20.925989151000977
434096,21.49843406677246
434944,4.215368747711182
435440,22.781747817993164
436096,23.09964942932129
436592,3.4166412353515625
437616,22.448776245117188
437888,22.339767456054688
438736,14.422528266906738
438960,21.624303817749023
439952,22.64299201965332
441168,21.842988967895508
441824,22.165210723876953
442096,21.47135353088379
442960,22.7010440826416
443888,22.291091918945312
443968,22.782367706298828
444720,21.369678497314453
445152,15.21484088897705
445472,1.1807020902633667
445648,22.27082633972168
447120,22.12787628173828
447856,8.516552925109863
448224,21.62211036682129
448656,22.575443267822266
448848,22.414749145507812
449184,22.11381721496582
449216,22.691335678100586
449424,21.812414169311523
449680,22.24657440185547
450096,15.374981880187988
450144,21.772294998168945
450704,21.589868545532227
451248,14.215174674987793
451600,21.914976119995117
452304,21.368087768554688
452336,22.116901397705078
453152,22.08627700805664
454704,21.463890075683594
455952,23.120962142944336
456464,22.3577823638916
456704,21.615665435791016
456816,21.562217712402344
457280,21.703378677368164
458432,22.622461318969727
458656,22.02749252319336
459328,21.87145233154297
459376,21.569847106933594
459856,22.65632438659668
460080,20.16417121887207
460128,21.6917781829834
461216,23.191471099853516
461216,14.385191917419434
461232,21.625097274780273
461456,22.92151641845703
461968,22.136268615722656
462896,22.46562957763672
463552,20.709360122680664
463664,22.577878952026367
464720,22.018043518066406
464768,20.569395065307617
465088,21.6962890625
465984,2.25239896774292
467424,21.597688674926758
469552,23.30828857421875
470592,19.87369155883789
470720,20.512338638305664
471856,22.75187110900879
471904,5.352221965789795
471952,21.25768280029297
471968,7.457496166229248
472128,22.358057022094727
472720,19.676761627197266
474544,4.3618927001953125
474592,14.248713493347168
475376,21.582429885864258
477200,14.27490234375
477840,21.916017532348633
478000,23.410531997680664
479104,22.878238677978516
479424,21.490978240966797
479872,22.534189224243164
481344,22.453105926513672
481376,21.799224853515625
481568,14.543684959411621
481728,22.01937484741211
481904,22.910017013549805
482848,4.970539093017578
482880,21.458419799804688
483296,9.725936889648438
483504,21.246381759643555
485136,21.806209564208984
486368,21.514432907104492
486432,16.345094680786133
486464,21.814023971557617
486608,20.705108642578125
486880,19.662643432617188
487072,22.63149070739746
488512,20.919628143310547
488720,22.556652069091797
489792,23.475605010986328
490512,22.803586959838867
490560,3.0020596981048584
491136,10.557350158691406
491184,23.26740264892578
491936,2.770059108734131
492512,21.948688507080078
492592,14.649410247802734
493088,3.965782403945923
494704,21.655811309814453
495072,4.536375045776367
495088,15.876927375793457
495568,14.885764122009277
496400,1.0752816200256348
496992,21.614839553833008
497792,22.99472999572754
498640,3.9236459732055664
498656,22.07042121887207
499248,15.150376319885254
499344,22.575904846191406
500016,22.674640655517578
501280,22.10545539855957
501904,22.165332794189453
502496,23.107383728027344
502752,22.294414520263672
502960,22.122745513916016
503312,19.86186408996582
503520,21.57288360595703
504848,22.20628547668457
505648,20.83019256591797
505776,22.194448471069336
506128,22.88762664794922
506464,21.39583396911621
506704,10.20254135131836
506864,23.225635528564453
507200,21.436939239501953
508080,22.16880226135254
508288,14.36142349243164
508512,23.374921798706055
508704,14.440479278564453
509760,14.3492431640625
509952,22.530492782592773
510016,2.2614340782165527
511504,20.35756492614746
511664,11.01717758178711
511840,21.114992141723633
512336,21.35835838317871
513360,4.703070640563965
514016,22.733469009399414
515168,20.545129776000977
516256,22.335899353027344
516496,22.628128051757812
518592,22.958892822265625
520448,22.063169479370117
520512,21.006900787353516
520672,20.201580047607422
522752,21.927770614624023
522960,22.345962524414062
524832,20.739521026611328
524864,22.00759506225586
525680,21.635026931762695
526064,21.831912994384766
526592,14.693253517150879
527616,2.645528793334961
527648,23.01337432861328
527904,21.997753143310547
528448,20.409589767456055
528464,6.494391918182373
528592,9.351292610168457
529152,23.32712173461914
529648,16.1950740814209
530208,22.226104736328125
531264,21.975772857666016
531504,21.80483627319336
531952,22.896080017089844
532016,22.144832611083984
532112,22.510784149169922
532720,22.71260643005371
533264,22.284902572631836
533648,22.698883056640625
534064,21.368831634521484
535008,17.102092742919922
535024,21.562213897705078
535520,22.613842010498047
535536,21.3338623046875
535712,22.115907669067383
536208,10.63624382019043
537248,20.859384536743164
537520,21.88761329650879
537600,14.175727844238281
537680,20.28652572631836
538368,22.232576370239258
538800,14.546751022338867
540192,22.526695251464844
541120,21.773317337036133
541280,23.160202026367188
541872,21.934476852416992
542352,22.40650749206543
542544,22.251611709594727
543408,23.361848831176758
543440,21.37928581237793
544576,21.815216064453125
545872,21.11660385131836
545888,21.742279052734375
545888,14.949518203735352
547072,22.00446891784668
547232,15.533369064331055
547360,22.182170867919922
547776,22.93337631225586
548656,15.359460830688477
549136,20.681259155273438
549216,7.51165246963501
549552,21.7371768951416
550352,21.767459869384766
551248,14.304891586303711
552704,22.27887725830078
553056,21.16376495361328
553920,15.921439170837402
554048,21.89441680908203
554176,22.566295623779297
554624,20.423828125
555248,14.97856330871582
556304,22.15819549560547
557472,22.210763931274414
557584,20.85089111328125
557760,22.471681594848633
557840,23.000810623168945
558368,3.5548980236053467
558752,22.01862907409668
558880,22.234460830688477
559280,7.956984519958496
559648,19.62652587890625
559872,22.909334182739258
561648,23.01941680908203
561824,21.106019973754883
562272,22.461835861206055
563120,23.09341812133789
563664,22.779314041137695
564512,21.402345657348633
565232,21.9349365234375
565328,22.97235107421875
566672,23.719655990600586
566816,20.831153869628906
567248,20.155370712280273
567280,20.91569709777832
568528,22.732715606689453
569344,22.100181579589844
570816,23.260494232177734
570816,21.754329681396484
571616,22.900596618652344
572048,21.978300094604492
572112,22.60027503967285
573440,21.3817138671875
574112,17.324363708496094
574208,15.259437561035156
575584,22.700458526611328
576736,21.210086822509766
577296,21.654022216796875
577648,22.19863510131836
578176,16.34001350402832
579472,4.563878536224365
579792,22.24469757080078
579984,22.10740852355957
581168,22.286407470703125
581328,18.961076736450195
581680,22.062744140625
581984,19.36874771118164
583568,21.54950523376465
583760,21.790138244628906
584032,22.803369522094727
584448,21.87824058532715
585008,20.509841918945312
585280,22.574941635131836
585280,22.739864349365234
585584,22.35846710205078
586576,21.581886291503906
587232,22.270259857177734
588288,21.57938575744629
589232,21.675355911254883
590064,22.144479751586914
590464,22.516292572021484
590576,23.29607582092285
590880,22.084213256835938
591472,22.511533737182617
592128,23.384429931640625
592352,20.447120666503906
592464,21.99788475036621
592512,22.312408447265625
592848,22.33443260192871
593152,14.0604887008667
593536,15.238716125488281
594240,4.944512367248535
594256,21.844945907592773
595440,5.2218337059021
597712,21.277088165283203
597808,20.52544403076172
598016,3.3994386196136475
598640,19.655227661132812
598960,22.189659118652344
599776,22.197912216186523
600016,21.172704696655273
600048,23.557451248168945
600064,22.2274169921875
600560,15.747210502624512
601312,23.449941635131836
601968,22.626123428344727
602096,13.387105941772461
602160,22.435222625732422
602784,22.142494201660156
602896,22.642362594604492
603616,22.171592712402344
604912,22.945072174072266
605552,1.9393014907836914
605616,23.05687713623047
605776,21.506559371948242
607168,20.559659957885742
608160,21.746938705444336
608448,22.212072372436523
609824,22.78746223449707
609936,4.512181282043457
610640,22.693195343017578
610656,15.825380325317383
611024,13.782501220703125
612144,23.043411254882812
612544,21.52071762084961
613520,21.616901397705078
614752,21.348636627197266
615088,13.691039085388184
615616,22.845003128051758
616032,17.233783721923828
617840,23.248037338256836
618096,22.990192413330078
618576,22.428098678588867
618976,21.53167724609375
619408,13.35643196105957
620096,22.721046447753906
620672,22.152557373046875
621360,2.5182769298553467
621488,22.409168243408203
622720,23.480825424194336
623088,21.7578067779541
623664,1.6671760082244873
623872,6.368504524230957
624560,7.251080513000488
624896,21.51832389831543
625904,22.29827117919922
626256,22.785383224487305
626496,14.729963302612305
626944,4.19326114654541
628864,21.934959411621094
628864,21.4237060546875
629520,22.25305938720703
631616,9.529335021972656
631888,8.880315780639648
631968,22.702892303466797
632144,23.274568557739258
632448,21.811899185180664
632448,22.655925750732422
633248,14.86830997467041
633296,22.649383544921875
634000,22.02115249633789
634592,15.018413543701172
634624,14.294318199157715
635616,18.836896896362305
635776,23.484682083129883
635984,21.14174461364746
636704,2.296135902404785
637568,22.659133911132812
637808,14.803503036499023
638592,14.310022354125977
638704,22.843259811401367
638800,22.250741958618164
639072,20.144868850708008
639200,21.42251968383789
639280,21.653484344482422
639632,5.073026180267334
640352,22.964143753051758
640672,10.283647537231445
641968,23.424705505371094
642176,22.390235900878906
642928,21.5589542388916
643200,21.98016357421875
643792,22.572654724121094
643888,21.955036163330078
644784,22.036163330078125
644864,20.700178146362305
646704,21.327486038208008
647008,2.0060017108917236
648240,21.9045352935791
648464,22.481752395629883
649264,3.6481785774230957
650560,20.947446823120117
650784,21.98250961303711
651760,21.898046493530273
652368,22.378421783447266
653152,22.713441848754883
653408,14.1054105758667
653440,21.506975173950195
654192,9.582093238830566
654192,7.119817733764648
655232,22.114898681640625
655376,21.65962791442871
655968,22.72633171081543
657040,21.72624969482422
657872,19.111530303955078
657968,22.175966262817383
659344,22.80101776123047
659552,22.97112464904785
660624,19.94209861755371
661216,21.853900909423828
661840,22.550954818725586
662000,8.647188186645508
662912,23.40509033203125
662944,22.727062225341797
663024,22.615867614746094
663216,15.262120246887207
664048,20.86906623840332
664064,14.358134269714355
664768,20.616666793823242
665136,22.524972915649414
665680,21.59405517578125
666592,22.44626235961914
666784,22.49744987487793
668400,22.07987403869629
668448,23.27660369873047
669696,3.789283275604248
670208,20.578176498413086
672176,22.568212509155273
672416,22.1478271484375
672528,10.120635032653809
672752,21.911991119384766
673472,21.97044563293457
673632,22.28510284423828
673824,21.299551010131836
675440,18.557750701904297
675584,21.923561096191406
675840,19.092626571655273
676304,20.804195404052734
676688,21.890453338623047
677392,23.60264015197754
679008,22.52526092529297
679184,21.49720573425293
679264,14.492459297180176
679440,21.280981063842773
679728,20.932191848754883
680016,22.243507385253906
680640,22.244871139526367
681008,23.062267303466797
681552,20.779212951660156
682528,8.502713203430176
682848,21.019554138183594
684352,22.595600128173828
684464,22.557167053222656
685136,21.891740798950195
685552,22.139541625976562
686784,20.771329879760742
687200,22.000368118286133
687248,21.671464920043945
687744,23.300952911376953
688128,23.849184036254883
688432,10.157292366027832
689040,10.701704978942871
689680,2.5599660873413086
689776,22.687978744506836
690096,22.198015213012695
690736,22.00011444091797
690976,14.247971534729004
691296,14.93991470336914
691360,20.77934455871582
692064,21.668439865112305
693232,23.475725173950195
694064,18.962778091430664
694384,23.0303955078125
694592,23.19807243347168
694816,22.199909210205078
695008,22.102142333984375
695632,5.513360023498535
696736,21.828584671020508
696752,5.484253406524658
696976,22.462432861328125
697904,14.809301376342773
698272,22.75473976135254
698880,20.0342960357666
700000,9.892430305480957
700272,21.37445831298828
702240,4.021519660949707
703280,22.324338912963867
703360,21.710433959960938
703920,22.70409393310547
704080,13.689837455749512
704672,23.087425231933594
705472,22.38262176513672
705936,22.912670135498047
706464,13.999326705932617
706912,15.58961009979248
707424,21.908836364746094
707504,17.365764617919922
707680,3.9216630458831787
707696,4.452169895172119
708576,21.624242782592773
708944,22.31029510498047
709504,15.195806503295898
709520,22.26392364501953
711056,14.756000518798828
711536,15.055388450622559
711760,9.23706340789795
711792,10.101820945739746
712048,19.75804901123047
712096,5.094440937042236
712144,21.136249542236328
712192,18.407785415649414
712240,22.181291580200195
712336,14.473535537719727
712496,6.789032936096191
712992,22.019351959228516
715184,23.252653121948242
715760,22.90276336669922
716528,22.220895767211914
716656,22.767131805419922
716688,17.510833740234375
717184,6.276797771453857
718368,15.406386375427246
718464,10.199426651000977
718896,21.9996395111084
719040,22.359813690185547
719520,17.995813369750977
720080,20.94845199584961
720448,7.9915547370910645
721360,4.301934719085693
722032,9.766721725463867
722896,21.396665573120117
725440,22.730602264404297
725584,16.988880157470703
726288,22.459035873413086
726640,21.490041732788086
727504,10.082330703735352
727952,22.8643798828125
728112,13.842217445373535
729600,21.205747604370117
730272,23.22096061706543
730592,22.433170318603516
730880,22.856870651245117
730960,22.010845184326172
731680,21.652822494506836
731728,21.803863525390625
731776,22.175655364990234
732256,23.266197204589844
733184,21.888687133789062
734368,22.956039428710938
734496,22.9638729095459
736480,22.376283645629883
736560,13.897132873535156
737872,23.1033935546875
738000,15.460563659667969
738064,22.361591339111328
738512,21.459760665893555
738704,20.98931312561035
738880,21.929983139038086
739088,23.61138153076172
739424,14.689696311950684
739808,7.679234981536865
740000,22.244848251342773
740736,13.795902252197266
740864,7.028082847595215
741520,22.644977569580078
741568,22.20711326599121
742080,23.630441665649414
742336,22.263826370239258
742432,15.70176887512207
743136,3.7296929359436035
743264,15.0606107711792
744448,22.289451599121094
745952,11.678712844848633
746512,22.40050506591797
746800,23.23716926574707
746976,6.8927483558654785
748592,23.060361862182617
748736,21.4067325592041
748736,10.518157958984375
748848,3.5990757942199707
749520,22.407241821289062
750352,22.329509735107422
750448,22.276718139648438
750816,14.660150527954102
752240,21.43243408203125
754768,21.9894962310791
755728,21.389413833618164
756064,22.487926483154297
756560,22.28860092163086
757456,22.44283103942871
757552,22.668981552124023
757872,9.384645462036133
758304,14.516408920288086
758320,21.863161087036133
758448,15.248236656188965
758672,5.355566024780273
758912,6.967386245727539
760240,23.252450942993164
760416,8.052119255065918
760864,14.876376152038574
760992,23.816463470458984
761056,23.25389862060547
761424,22.180721282958984
761632,20.840065002441406
761824,21.952865600585938
762976,22.065889358520508
763136,3.2811689376831055
763792,22.78046989440918
764480,22.84190559387207
764560,22.87679100036621
764672,21.967849731445312
766656,21.746858596801758
766752,22.802528381347656
768768,23.046972274780273
768848,21.777679443359375
770160,21.997459411621094
771424,15.924424171447754
771488,21.676904678344727
771616,23.41409683227539
771712,8.30320930480957
771712,21.782012939453125
772160,22.500852584838867
772784,21.44019317626953
773952,21.475229263305664
775008,22.744308471679688
775104,3.553342819213867
775264,18.995555877685547
775408,22.664413452148438
776048,22.808734893798828
777072,22.110183715820312
777520,22.7779483795166
777680,15.394940376281738
778848,22.945295333862305
780320,14.983494758605957
780560,22.94371223449707
780896,3.5739660263061523
781792,22.34358787536621
782352,21.691539764404297
782480,21.92491340637207
783136,22.333066940307617
783184,22.77020835876465
783568,21.774314880371094
783856,22.043350219726562
784096,22.170726776123047
786032,22.35027503967285
787184,21.57303237915039
787296,21.824840545654297
790288,22.657716751098633
790688,14.621112823486328
790800,22.115055084228516
790880,23.046953201293945
791088,21.871471405029297
791728,22.713111877441406
792032,22.125442504882812
792112,21.558801651000977
792384,22.6390380859375
793216,22.065629959106445
793264,19.236160278320312
794384,23.096776962280273
794720,15.138254165649414
795616,22.17112922668457
795888,15.512450218200684
796944,6.70103120803833
797792,23.451332092285156
798032,21.817995071411133
798048,23.546876907348633
798992,20.87534523010254
799136,21.63575553894043
799440,7.109202861785889
800016,3.2437808513641357
800528,7.199213027954102
801408,21.746152877807617
802560,23.008455276489258
802736,15.45692253112793
802912,21.941566467285156
803056,15.13565731048584
804192,22.4298095703125
804800,19.155467987060547
805968,23.65202522277832
806080,23.03935432434082
806256,21.09281349182129
806256,15.505247116088867
806656,21.606727600097656
808016,21.519447326660156
808320,22.210296630859375
808784,21.42498016357422
809744,23.0107364654541
809808,21.697837829589844
809840,22.219579696655273
810176,21.31535530090332
810832,6.382612705230713
810976,5.591531276702881
811232,22.771289825439453
811888,22.634145736694336
812432,4.087486743927002
813568,22.833398818969727
813664,23.389076232910156
813696,8.356524467468262
814592,23.098590850830078
815024,15.082807540893555
815168,22.324508666992188
816464,21.761560440063477
816848,19.190717697143555
817184,22.843915939331055
817216,20.917490005493164
817280,21.74471092224121
818112,21.80257797241211
818352,23.13983726501465
818496,21.549467086791992
818912,22.269453048706055
819520,22.02590560913086
821520,21.695100784301758
822112,22.242517471313477
823120,22.546173095703125
824288,21.349288940429688
824736,22.132524490356445
825744,15.835954666137695
826048,22.118976593017578
827568,22.19390869140625
827760,20.607013702392578
827888,21.521116256713867
829280,22.465452194213867
829344,23.012561798095703
830144,9.463425636291504
830240,23.06382179260254
830272,4.384385108947754
830688,16.061601638793945
830976,15.265698432922363
832128,22.126800537109375
832784,21.456756591796875
832896,23.083322525024414
833168,14.492244720458984
834704,15.719810485839844
834992,21.522323608398438
836064,16.28982925415039
836304,22.699254989624023
836688,23.59031867980957
837280,22.50065803527832
837424,22.23493003845215
837792,22.908491134643555
839024,14.333574295043945
839744,22.12249755859375
840128,22.89434814453125
840320,7.24104642868042
840512,22.904483795166016
840944,21.905988693237305
841440,4.115228652954102
842240,23.60304832458496
843184,22.542301177978516
843888,22.636808395385742
845024,22.826982498168945
845136,2.529493808746338
845504,23.3413028717041
845552,21.708911895751953
845760,14.80531120300293
845824,22.175857543945312
845904,15.254267692565918
847568,6.601974964141846
847904,14.625167846679688
848096,11.673312187194824
848256,21.421716690063477
849280,21.776304244995117
849616,3.563990354537964
851024,20.932138442993164
851856,22.433204650878906
852048,13.95264720916748
852208,5.070062160491943
852736,23.123037338256836
852864,4.02731990814209
853136,18.733150482177734
853408,22.29258155822754
854048,14.706026077270508
854320,23.263172149658203
855264,22.408979415893555
855424,21.101526260375977
855840,23.00286102294922
856384,14.475154876708984
859760,15.22147274017334
859872,23.06045150756836
859952,22.386404037475586
860560,22.118568420410156
861232,7.614295482635498
861264,19.237600326538086
861376,6.885186672210693
861584,14.389267921447754
861680,22.30368995666504
862144,14.234567642211914
862512,4.163315773010254
862656,22.998634338378906
863392,21.848133087158203
864320,21.473848342895508
865552,21.758052825927734
866800,9.572532653808594
866992,22.277793884277344
867328,14.975584030151367
867984,21.909242630004883
869168,22.76555633544922
869584,20.688217163085938
870336,22.843318939208984
870416,2.5064384937286377
870688,21.77452278137207
870864,21.20336151123047
871808,5.003184795379639
872160,22.904632568359375
873088,22.836423873901367
873216,22.5473690032959
874016,21.524616241455078
874064,22.77311897277832
874064,21.668399810791016
874224,22.290292739868164
875808,22.0877685546875
876880,21.586835861206055
877232,14.161166191101074
877600,21.999771118164062
877904,8.300729751586914
880416,22.819578170776367
880768,23.030380249023438
881072,23.72600555419922
881344,22.409452438354492
882208,6.623652458190918
885120,22.69861602783203
885536,22.12761688232422
885776,22.084653854370117
885872,21.93896484375
885888,22.42264175415039
887360,22.733964920043945
888512,5.390747547149658
888768,23.236833572387695
889008,21.9566707611084
889136,8.306411743164062
890528,3.0176875591278076
891696,16.190959930419922
892128,21.081390380859375
892272,22.892658233642578
892624,19.926179885864258
893072,3.6503829956054688
893504,22.2337703704834
893648,14.5088472366333
894560,22.820858001708984
894608,6.804693698883057
894672,17.987110137939453
894704,14.90721607208252
894896,15.767375946044922
896304,22.03413963317871
897152,23.033180236816406
898224,22.01663589477539
898240,20.807090759277344
898240,22.91586685180664
898400,21.44120216369629
899216,22.41316032409668
899808,22.378957748413086
899824,22.421262741088867
900144,22.064855575561523
900768,14.731415748596191
901168,21.221893310546875
901744,21.88949203491211
902240,21.280033111572266
902768,21.871671676635742
903568,21.157154083251953
905328,21.6286678314209
905760,22.089391708374023
906176,14.821239471435547
906272,5.063544750213623
907664,21.46784019470215
907840,22.579919815063477
908048,22.155494689941406
908048,6.524072647094727
908544,4.276817321777344
908816,22.23276710510254
909360,22.132463455200195
909728,22.35103988647461
910096,22.805418014526367
910400,2.1989920139312744
911312,21.81954002380371
911632,22.469175338745117
912032,22.444965362548828
912224,2.5839200019836426
912960,22.470701217651367
913936,20.90308952331543
913968,21.793550491333008
915344,22.19611167907715
915824,22.772733688354492
915920,21.559438705444336
917184,21.00187873840332
917232,3.546513319015503
917488,21.420257568359375
917504,15.421318054199219
917776,22.578039169311523
919344,21.714248657226562
919456,22.538368225097656
919808,10.528757095336914
921056,22.186174392700195
921104,23.468128204345703
921296,20.56485366821289
921984,23.562795639038086
922224,21.674211502075195
922592,22.333574295043945
922720,21.667177200317383
923616,22.47476577758789
924320,21.360607147216797
925536,22.832735061645508
927888,22.043045043945312
928928,22.488157272338867
929152,4.570065975189209
929504,22.717992782592773
929536,15.52963924407959
929728,1.464236855506897
930096,22.402902603149414
930544,21.750547409057617
931888,21.399301528930664
932400,14.681197166442871
934080,22.263566970825195
934192,4.776744842529297
934288,22.028820037841797
934592,15.303080558776855
935344,5.9650959968566895
935552,6.81439208984375
935904,23.432540893554688
936096,22.246191024780273
936352,22.66475486755371
936864,14.63647747039795
937248,15.757134437561035
937392,22.14321517944336
938944,22.64491844177246
939248,20.552074432373047
939488,21.493450164794922
939488,15.196425437927246
940080,22.768146514892578
940224,15.749543190002441
940384,22.42626190185547
941088,4.945865154266357
941696,21.158554077148438
942512,21.147310256958008
943184,22.45452117919922
943728,15.028813362121582
944752,22.524154663085938
945040,22.296430587768555
946992,22.58130645751953
946992,23.079734802246094
947328,21.22583770751953
948336,22.38198471069336
948432,22.36443328857422
948512,22.829259872436523
950064,22.959285736083984
950576,21.976436614990234
951136,14.90963363647461
952416,22.02375602722168
952544,21.319202423095703
953104,14.996026992797852
953600,21.097326278686523
954608,18.71441650390625
955120,21.67805290222168
955136,22.16537094116211
955488,21.36113166809082
956192,22.867097854614258
956256,10.329800605773926
957728,21.42536163330078
958368,22.8155460357666
959792,21.916765213012695
960448,22.88861656188965
961376,15.296342849731445
961408,22.489564895629883
961504,22.05109405517578
961808,8.010923385620117
963248,21.043203353881836
963568,7.483509540557861
964000,15.13319206237793
964128,22.45716667175293
964288,21.596263885498047
965008,22.99321937561035
965072,21.776626586914062
965392,21.6762752532959
965952,24.002574920654297
966784,3.9236536026000977
966848,23.457839965820312
967584,15.338844299316406
967872,22.57265853881836
969008,21.97307777404785
970256,12.939242362976074
970352,22.551891326904297
971376,20.984676361083984
973168,21.26551055908203
973328,17.109458923339844
973328,22.8336181640625
973936,4.576138019561768
975904,8.001232147216797
976096,22.686697006225586
976320,9.06852912902832
976512,19.666467666625977
976832,22.124584197998047
977696,22.142488479614258
978272,21.44317054748535
978304,22.44764518737793
978480,14.235715866088867
978592,21.437713623046875
978880,22.151165008544922
979168,14.489492416381836
979840,22.059354782104492
980160,23.17038917541504
980400,22.338470458984375
981104,23.29242515563965
981632,14.6480131149292
981808,21.689739227294922
982576,9.551830291748047
982960,21.94824981689453
983728,22.693706512451172
983952,22.55876350402832
984384,14.952740669250488
984848,22.56061553955078
985152,14.366453170776367
985376,23.123645782470703
986432,22.0225887298584
986448,9.014165878295898
986960,23.36910057067871
987264,21.218183517456055
987536,19.53936767578125
987920,22.82440185546875
988416,5.091887474060059
988912,21.788524627685547
989232,22.374488830566406
991072,22.466772079467773
991600,18.860389709472656
992400,8.06779956817627
992704,22.262815475463867
993072,22.83787727355957
995744,22.836103439331055
996304,22.013839721679688
996368,14.643900871276855
996448,6.039555072784424
996880,21.16373062133789
997008,15.497455596923828
997056,7.831681728363037
997088,23.194128036499023
997616,16.484228134155273
999120,21.137676239013672
999280,24.246973037719727
999568,21.0205135345459
999600,22.960691452026367
1000128,21.597932815551758
1000528,24.527992248535156
1001216,2.818861722946167
1001264,21.79629135131836
1002960,22.559560775756836
1003008,15.759345054626465
1003088,22.928380966186523
1003104,22.941497802734375
1003616,22.50374412536621
1004336,6.7843546867370605
1004848,21.965801239013672
1004848,22.288400650024414
1005664,22.66475486755371
1005744,13.76119327545166
1006208,15.772818565368652
1006224,22.202123641967773
1006928,21.826494216918945
1007200,13.720850944519043
1007264,21.890893936157227
1008560,23.03407859802246
1009264,14.810284614562988
1009680,18.31526756286621
1010784,22.995695114135742
1012160,22.708974838256836
1012672,22.631229400634766
1012672,22.373929977416992
1012688,14.575196266174316
1012800,22.047515869140625
1012880,21.620996475219727
1013456,15.6163911819458
1013760,16.84749984741211
1014304,20.61848258972168
1014704,6.285198211669922
1014880,22.025041580200195
1015264,14.86650276184082
1015696,22.032737731933594
1016336,21.27268409729004
1016544,1.6417148113250732
1017584,13.8006010055542
1017888,22.668676376342773
1017920,8.182636260986328
1020208,15.879537582397461
1020432,14.33212661743164
1020624,15.161701202392578
1021056,4.300332069396973
1021488,22.86566162109375
1021872,22.28331184387207
1022384,15.498316764831543
1022704,11.321956634521484
1023024,22.370254516601562
1023200,18.213733673095703
1023680,22.097135543823242
1023712,22.684120178222656
1023760,22.58067512512207
1025264,2.0746095180511475
1025472,22.30621337890625
1025616,10.670461654663086
1026544,2.2419865131378174
1027104,20.278003692626953
1027216,2.7680282592773438
1028288,21.629671096801758
1028688,15.831002235412598
1028832,22.532011032104492
1029232,23.27263641357422
1029248,5.201340198516846
1030128,22.633695602416992
1030160,4.830687046051025
1032800,22.26954460144043
1033664,18.441274642944336
1034336,22.345367431640625
1034528,3.7149815559387207
1034768,22.91744041442871
1035488,15.470632553100586
1035840,22.635875701904297
1035920,6.657918930053711
1035920,22.10746955871582
1036448,22.486997604370117
1037040,4.968931674957275
1037888,22.885591506958008
1038144,22.030723571777344
1038160,23.080642700195312
1038880,21.780406951904297
1039456,22.308115005493164
1039936,22.583683013916016
1040624,5.625032424926758
1040880,4.620080471038818
1041024,21.120241165161133
1041104,21.958023071289062
1041424,21.921581268310547
1041552,18.276657104492188
1041728,22.89111328125
1041792,23.404956817626953
1042464,21.88226318359375
1042816,22.31380271911621
1043584,22.583057403564453
1043856,22.57575225830078
1044512,23.04091453552246
1045136,22.289310455322266
1046496,23.07275390625
1047728,21.939176559448242
1047968,21.93950653076172
1048064,14.69533920288086
1048256,22.253421783447266
1049200,15.17501449584961
1049856,10.590400695800781
1050592,22.311391830444336
1051632,22.232349395751953
1051904,22.33799934387207
1051936,21.97234535217285
1052208,22.143306732177734
1053456,21.994625091552734
1053632,6.923830032348633
1054192,23.32460594177246
1055040,21.525711059570312
1055088,22.49163055419922
1055312,21.840030670166016
1055376,14.252259254455566
1055456,21.779340744018555
1056272,5.377365589141846
1057168,21.327924728393555
1057568,18.233623504638672
1058384,22.898056030273438
1058784,20.26568603515625
1059408,3.8411262035369873
1060704,23.089685440063477
1061632,15.557445526123047
1062368,22.701231002807617
1062608,17.17900276184082
1062928,14.875112533569336
1063776,6.617739677429199
1064288,21.541927337646484
1065152,14.554967880249023
1065376,23.35062599182129
1066064,23.007041931152344
1067152,21.683523178100586
1067424,22.6368350982666
1068480,21.7241153717041
1068736,23.070695877075195
1069072,22.563032150268555
1069648,21.83960723876953
1070832,22.225234985351562
1070944,23.008333206176758
1072160,23.145612716674805
1072864,14.852581024169922
1073136,15.564699172973633
1073584,15.12127685546875
1073824,18.204240798950195
1075040,22.61018180847168
1075040,23.661035537719727
1076112,8.704108238220215
1077088,6.325101375579834
1077344,22.409839630126953
1078480,21.7530517578125
1078688,21.869606018066406
1080240,23.305139541625977
1080304,22.25390625
1080624,22.340007781982422
1081344,15.781702995300293
1082528,15.599834442138672
1083088,22.545866012573242
1083984,21.9965763092041
1084096,22.34642219543457
1084976,23.773351669311523
1085328,6.351294040679932
1085536,21.728303909301758
1087088,9.121649742126465
1087552,22.38332176208496
1087792,23.46023941040039
1088640,3.133563280105591
1089136,22.772308349609375
1089632,22.33816909790039
1090032,23.842071533203125
1090656,22.93594741821289
1091088,21.715198516845703
1091536,21.276273727416992
1091536,23.166051864624023
1092000,22.681989669799805
1093664,22.69591522216797
1093904,22.482431411743164
1094144,15.622424125671387
1094192,4.627197742462158
1094560,22.03496742248535
1095104,22.03101921081543
1095920,3.825165033340454
1097344,15.670666694641113
1097824,20.804548263549805
1098176,15.036215782165527
1099040,3.5177371501922607
1099984,18.809158325195312
1100720,22.545656204223633
1101072,21.923009872436523
1101680,8.693140983581543
1101696,23.3779354095459
1101824,3.469468116760254
1101904,15.199653625488281
1102432,22.093324661254883
1103488,4.843106269836426
1103712,21.714536666870117
1103936,5.161244869232178
1104304,22.828977584838867
1104352,14.297563552856445
1105440,21.475627899169922
1106048,23.213605880737305
1106240,23.28862190246582
1106256,3.255331039428711
1106544,14.478960990905762
1107152,20.36813735961914
1108144,19.355712890625
1108784,5.4283599853515625
1109072,17.478717803955078
1109216,14.294225692749023
1109936,23.103282928466797
1110048,22.136598587036133
1110960,22.097341537475586
1111232,11.557990074157715
1111264,12.512231826782227
1111440,21.326847076416016
1111920,15.194316864013672
1113472,22.386259078979492
1113568,22.945926666259766
1114912,21.130062103271484
1116064,21.780597686767578
1116336,22.77872085571289
1117136,22.45684814453125
1117152,22.653200149536133
1117520,22.51714324951172
1118320,22.63016128540039
1119248,21.770729064941406
1120176,22.51727294921875
1120448,5.6992597579956055
1120768,11.131908416748047
1120816,21.286510467529297
1121664,4.202822685241699
1121808,23.08072853088379
1122096,22.590476989746094
1122448,22.61438751220703
1123024,22.67168426513672
1123584,21.66769790649414
1124544,21.538225173950195
1124720,9.139058113098145
1125440,15.420607566833496
1125664,22.03835105895996
1126352,22.420944213867188
1126640,22.06058120727539
1127072,2.928504705429077
1127088,23.6524600982666
1127648,22.455913543701172
1128912,22.752559661865234
1129056,22.125200271606445
1129440,2.213085889816284
1129872,3.9530844688415527
1130656,22.841413497924805
1131008,21.754724502563477
1131664,15.162135124206543
1131824,21.35675811767578
1133552,21.690288543701172
1134560,23.540794372558594
1134688,23.294740676879883
1135168,22.563232421875
1136224,21.121980667114258
1137344,22.627227783203125
1137888,23.113483428955078
1138480,21.015621185302734
1138784,22.269500732421875
1139920,22.839576721191406
1140288,16.657697677612305
1141088,21.70454216003418
1141136,2.854548215866089
1141632,20.769075393676758
1142384,22.22587776184082
1143488,22.527828216552734
1143712,14.934944152832031
1143824,22.221593856811523
1143856,16.095624923706055
1144240,2.9117379188537598
1144480,1.8361401557922363
1144736,21.21223258972168
1144768,4.755114555358887
1144896,21.88911247253418
1145376,21.519861221313477
1146336,21.89313507080078
1146384,5.481788158416748
1146480,14.80614185333252
1146640,21.462411880493164
1147136,22.215906143188477
1148016,18.32484245300293
1148272,23.494277954101562
1149456,22.938735961914062
1149952,20.891395568847656
1149968,9.018077850341797
1150144,23.33958625793457
1150240,22.519390106201172
1151280,22.930858612060547
1151584,23.061689376831055
1151936,22.819095611572266
1152080,15.412848472595215
1152176,22.63277244567871
1152464,23.19034767150879
1155776,22.5999698638916
1156000,21.761808395385742
1156256,21.427383422851562
1156768,6.539073944091797
1157232,21.231090545654297
1157248,22.851394653320312
1157728,8.734622955322266
1157728,15.648177146911621
1158288,15.525398254394531
1158400,2.401776075363159
1159296,15.255407333374023
1159872,3.5668318271636963
1160736,7.7022528648376465
1161376,22.969892501831055
1161888,15.262452125549316
1162624,23.0479736328125
1163776,21.86966896057129
1164880,22.08303451538086
1166448,15.35968017578125
1166496,22.742778778076172
1167344,22.866844177246094
1167376,21.780900955200195
1168816,22.67622184753418
1170944,22.689363479614258
1171328,22.017654418945312
1172528,22.82002830505371
1173008,11.059428215026855
1173552,3.5953290462493896
1173840,22.791894912719727
1174128,3.5648233890533447
1174240,15.561914443969727
1174256,2.829045057296753
1174352,15.207855224609375
1174384,19.336151123046875
1174896,22.50212860107422
1175552,5.695728302001953
1176448,22.35681915283203
1177312,7.501245021820068
1177376,22.7757511138916
1177664,21.76691436767578
1177776,22.847476959228516
1177792,6.617246150970459
1178528,23.162137985229492
1179120,22.471355438232422
1180816,21.601205825805664
1181984,21.482362747192383
1182736,22.044281005859375
1182816,15.785282135009766
1183072,22.654752731323242
1183344,21.871646881103516
1184720,21.728038787841797
1185040,21.48860740661621
1186352,22.612619400024414
1186352,22.24155616760254
1187008,21.459253311157227
1188976,22.92020034790039
1189952,22.128053665161133
1190224,21.80810546875
1190608,14.77973747253418
1191136,8.91474723815918
1191472,16.905391693115234
1191856,21.897016525268555
1192336,15.447056770324707
1192752,15.8550386428833
1192992,22.001739501953125
1194576,22.497373580932617
1195440,4.647500514984131
1195504,22.62378692626953
1196336,22.799291610717773
1196480,21.630874633789062
1197232,22.54279327392578
1198160,14.905274391174316
1198192,22.02741813659668
1198208,20.70488929748535
1200032,21.274803161621094
1200208,23.393539428710938
1200816,21.34832763671875
1200944,20.759374618530273
1201280,22.80794334411621
1201696,15.637054443359375
1201744,20.379718780517578
1201920,21.60301399230957
1202496,23.484464645385742
1205040,8.278332710266113
1205696,22.314002990722656
1206032,17.160968780517578
1206864,22.38739776611328
1206864,5.037543296813965
1207968,21.936777114868164
1208064,15.258813858032227
1208288,21.994380950927734
1208304,22.732473373413086
1208768,7.244562149047852
1208848,4.26771879196167
1209472,21.845901489257812
1209504,6.276574611663818
1209520,21.55462646484375
1209552,2.005734443664551
1209584,22.931493759155273
1211616,20.45630645751953
1211904,22.108768463134766
1212320,22.673463821411133
1212864,6.029978275299072
1212944,18.167564392089844
1213040,21.912010192871094
1213648,3.5040764808654785
1214032,22.763832092285156
1214272,14.972338676452637
1215104,23.048717498779297
1215856,22.6907901763916
1216704,23.3354549407959
1218016,22.537416458129883
1218832,23.106727600097656
1219520,21.926523208618164
1221184,2.9862449169158936
1221648,21.11817741394043
1221808,22.467342376708984
1221824,21.37259292602539
1222224,15.939945220947266
1222336,21.082242965698242
1222448,21.83179473876953
1223760,22.47199249267578
1224896,15.454499244689941
1224928,22.36980628967285
1225520,22.70066261291504
1226064,2.9882984161376953
1226064,4.487951278686523
1227168,22.7838077545166
1227712,4.547911167144775
1228304,22.467388153076172
1228864,12.290319442749023
1229632,22.17561912536621
1230848,21.4714412689209
1230896,21.85219955444336
1230992,8.590959548950195
1231280,23.067668914794922
1231856,22.2250919342041
1232240,22.12549591064453
1232480,21.43030548095703
1233152,22.189172744750977
1233360,22.02146339416504
1233376,21.608198165893555
1233728,14.885801315307617
1233968,16.518003463745117
1234336,14.398125648498535
1235280,16.27880096435547
1235408,22.41185760498047
1237872,22.475683212280273
1237920,23.06055450439453
1238784,21.76302719116211
1239136,4.1925458908081055
1239888,16.956069946289062
1240144,5.238258361816406
1240224,21.91223907470703
1240880,21.759471893310547
1241072,5.100512504577637
1241504,21.207963943481445
1241568,22.22065544128418
1241872,22.616228103637695
1242192,22.598047256469727
1242912,22.418052673339844
1243600,15.298395156860352
1245104,21.63946533203125
1245184,15.849050521850586
1245232,22.828731536865234
1245424,22.26448631286621
1246528,7.915639877319336
1246672,21.904394149780273
1247360,4.188393592834473
1247552,4.763395309448242
1247984,15.262182235717773
1248096,8.086858749389648
1248336,15.367633819580078
1248800,22.389848709106445
1249856,17.229862213134766
1250768,21.469236373901367
1251216,21.7165470123291
1251344,23.210906982421875
1251392,23.687179565429688
1251504,14.149526596069336
1251536,22.274194717407227
1251888,22.769174575805664
1253344,23.33665657043457
1254448,21.576095581054688
1254816,22.362483978271484
1254928,21.99178123474121
1255120,22.754011154174805
1255200,22.981515884399414
1255376,22.843351364135742
1255792,2.8389341831207275
1256976,20.63874053955078
1258096,23.29051399230957
1258400,23.279708862304688
1258608,18.579456329345703
1258976,4.284680366516113
1259104,17.4340763092041
1259584,14.883764266967773
1259968,4.38485050201416
1260944,14.400679588317871
1261072,22.769838333129883
1262272,21.40706443786621
1262640,22.810001373291016
1262704,23.11746597290039
1263456,3.054605484008789
1264208,4.440107345581055
1264608,22.292621612548828
1265568,20.879907608032227
1265840,21.95301055908203
1266320,13.700621604919434
1266704,9.367648124694824
1266736,14.893912315368652
1266752,22.67813491821289
1267968,4.479321479797363
1269136,22.638219833374023
1269152,23.470415115356445
1270096,20.92837142944336
1270352,21.862356185913086
1270352,21.547691345214844
1272720,22.167266845703125
1272784,19.761354446411133
1272928,15.863473892211914
1273584,22.680877685546875
1273856,22.851539611816406
1273872,21.98416519165039
1274048,7.54030179977417
1274240,2.2159295082092285
1276304,22.479339599609375
1276352,21.71097183227539
1277488,21.364749908447266
1278176,21.44399642944336
1278768,23.013315200805664
1279168,14.913509368896484
1279824,19.586833953857422
1279840,3.8164520263671875
1279840,23.533945083618164
1280096,22.621686935424805
1280784,4.833470344543457
1281456,22.360637664794922
1282672,22.838581085205078
1283792,22.44585609436035
1283952,22.70431137084961
1284032,9.082056999206543
1284336,22.75650978088379
1284352,15.329142570495605
1284624,22.851537704467773
1284672,5.226984024047852
1285168,8.937093734741211
1285392,7.814538478851318
1285472,3.6863739490509033
1287616,21.701093673706055
1288832,21.693851470947266
1288896,22.13346290588379
1289168,16.814054489135742
1291120,2.6881351470947266
1291168,22.923322677612305
1291888,2.3265151977539062
1291888,21.508136749267578
1292480,22.15752410888672
1292640,22.4228572845459
1293088,22.822555541992188
1293344,7.04209041595459
1294704,21.778949737548828
1295360,22.706295013427734
1295984,22.449275970458984
1296224,22.523475646972656
1296592,7.084692001342773
1296736,21.709274291992188
1296944,22.067941665649414
1297184,22.830726623535156
1298208,22.32596778869629
1298288,21.829553604125977
1298880,22.025691986083984
1299280,14.370627403259277
1299536,21.88660430908203
1299712,21.69641876220703
1299728,13.073169708251953
1300416,21.637252807617188
1300512,22.688430786132812
1301968,21.538053512573242
1301984,21.980690002441406
1302224,21.89946174621582
1302752,21.808427810668945
1303120,22.445430755615234
1303296,21.978046417236328
1304000,21.756929397583008
1304000,22.689435958862305
1304080,22.60090446472168
1305104,20.55689239501953
1305568,21.376054763793945
1305840,22.328475952148438
1306240,2.537587881088257
1306352,23.084980010986328
1306960,22.457569122314453
1307552,21.72646141052246
1307712,7.297483444213867
1308064,8.652692794799805
1308768,22.061115264892578
1309152,21.39029884338379
1309360,15.35141658782959
1309408,21.2474422454834
1309424,9.645233154296875
1309904,21.436229705810547
1311264,21.952848434448242
1312976,22.115550994873047
1314464,21.97176742553711
1314640,18.834264755249023
1314800,21.441179275512695
1315104,21.372539520263672
1315856,21.929567337036133
1316304,22.4542179107666
1317280,22.42235565185547
1318016,21.917842864990234
1318208,22.602855682373047
1318272,22.407508850097656
1318640,14.164753913879395
1318704,21.105260848999023
1318752,21.541000366210938
1321744,22.100704193115234
1322128,21.419254302978516
1322288,23.923599243164062
1322368,22.117624282836914
1323552,14.819716453552246
1323584,22.1733341217041
1323952,21.776355743408203
1324368,22.341028213500977
1324528,22.470008850097656
1325680,22.85452651977539
1325776,22.042522430419922
1327888,22.965364456176758
1327936,16.671998977661133
1328592,21.643400192260742
1329088,9.725373268127441
1329136,14.981217384338379
1329568,21.69114875793457
1330176,21.491199493408203
1330640,2.8698782920837402
1330976,4.511625289916992
1331456,23.083086013793945
1331632,4.6811323165893555
1331632,6.603281497955322
1331664,14.915776252746582
1333088,16.938011169433594
1333600,7.372975826263428
1333664,13.799605369567871
1333856,6.088926315307617
1334224,20.821231842041016
1334384,22.47947883605957
1335600,23.619016647338867
1336656,21.737302780151367
1336752,20.878007888793945
1337232,22.21567726135254
1337872,14.813901901245117
1338752,15.749188423156738
1339200,23.141386032104492
1339888,11.345459938049316
1341632,23.078500747680664
1341904,22.000940322875977
1342256,21.841598510742188
1342864,22.22011375427246
1343440,22.34880256652832
1343936,22.314455032348633
1343952,11.128996849060059
1344016,22.126466751098633
1345888,24.162673950195312
1345968,22.787303924560547
1346384,22.772930145263672
1346432,22.28512954711914
1346608,15.228252410888672
1346752,4.398270130157471
1346928,23.270357131958008
1347296,15.744464874267578
1348304,4.397737979888916
1349888,23.102209091186523
1350144,22.401920318603516
1350512,5.363471031188965
1351872,22.99309539794922
1352256,21.522926330566406
1353008,21.986364364624023
1353136,21.021263122558594
1353296,6.599949836730957
1353616,9.052192687988281
1354144,20.362173080444336
1354512,21.460132598876953
1354848,20.728734970092773
1355232,18.29432487487793
1355568,7.47013521194458
1356096,24.09445571899414
1357248,21.944774627685547
1358272,14.83403491973877
1358304,15.660140037536621
1358416,14.613150596618652
1358496,2.09832763671875
1359600,15.020355224609375
1359696,21.72431182861328
1359936,8.333185195922852
1360016,5.745787143707275
1360208,14.865158081054688
1360320,10.285690307617188
1360560,4.53326940536499
1361808,23.207380294799805
1361904,8.21127700805664
1361936,21.028972625732422
1362160,22.308372497558594
1362896,5.034334659576416
1363616,22.53102684020996
1363808,22.20409393310547
1365360,22.01215362548828
1365520,22.266767501831055
1366064,21.37541389465332
1366336,21.952037811279297
1366464,23.519105911254883
1366848,3.6787116527557373
1367120,22.196847915649414
1367328,22.93107032775879
1368880,7.738635540008545
1368928,23.660207748413086
1369264,20.74711799621582
1369344,23.093015670776367
1370032,21.37470245361328
1370320,22.171253204345703
1370720,22.25172233581543
1371344,4.267007350921631
1371488,2.57031512260437
1372368,5.114448547363281
1372416,22.156158447265625
1373744,21.253822326660156
1373792,21.6272029876709
1374880,22.987653732299805
1375264,22.82106590270996
1375264,23.064916610717773
1376000,23.102720260620117
1376368,22.040616989135742
1376512,23.399240493774414
1377296,23.02606964111328
1377376,22.353906631469727
1377488,7.059274196624756
1378816,23.112165451049805
1378848,20.46710777282715
1379536,21.597246170043945
1379584,22.77627944946289
1380992,21.988929748535156
1381296,14.320083618164062
1382368,23.063310623168945
1383152,23.97832679748535
1383488,21.83884048461914
1384448,22.154146194458008
1384480,21.9605770111084
1384800,15.330026626586914
1385264,23.01978874206543
1385840,7.434250831604004
1386208,22.223567962646484
1386256,4.909947395324707
1386368,8.864540100097656
1386416,15.914215087890625
1386416,21.58148956298828
1386576,23.329238891601562
1387056,23.088199615478516
1387088,22.108823776245117
1387712,14.072614669799805
1388272,10.589217185974121
1389824,23.365114212036133
1389984,22.201087951660156
1390656,22.53865623474121
1391296,23.073633193969727
1391472,18.73108673095703
1391792,4.0836076736450195
1391984,22.289316177368164
1392000,20.065940856933594
1392496,21.979978561401367
1392624,22.746801376342773
1393520,22.649255752563477
1394288,22.712732315063477
1395600,21.39748191833496
1396128,15.996514320373535
1396272,22.453784942626953
1396704,7.421375751495361
1396992,22.207439422607422
1398320,22.920703887939453
1399296,17.299020767211914
1399920,22.6060848236084
1400032,15.757058143615723
1400208,23.819570541381836
1400592,21.652183532714844
1401792,7.715994358062744
1403280,22.987707138061523
1403600,15.329061508178711
1403616,22.928932189941406
1403776,22.46788215637207
1404048,5.794201374053955
1404800,15.125482559204102
1404832,6.092225551605225
1404896,7.291228771209717
1405360,22.563249588012695
1405456,22.851049423217773
1405504,23.635522842407227
1406192,4.012104034423828
1406944,3.2194230556488037
1407360,23.382633209228516
1407664,8.294382095336914
1408032,23.27983283996582
1408432,22.703502655029297
1408800,3.3998701572418213
1410720,23.037700653076172
1410896,17.964385986328125
1411408,24.11049461364746
1412032,23.54313087463379
1412976,22.895252227783203
1413232,21.229976654052734
1414032,10.698697090148926
1414304,22.888809204101562
1414400,22.141372680664062
1415136,22.309757232666016
1415712,22.60740852355957
1416208,22.02421760559082
1416896,15.369009017944336
1417328,21.365558624267578
1417568,23.183603286743164
1417744,22.387123107910156
1418560,16.210575103759766
1419408,16.445981979370117
1419840,23.635740280151367
1419904,15.455818176269531
1419968,22.55243492126465
1420384,22.66959571838379
1420640,1.9787415266036987
1421296,22.11514663696289
1422592,22.032880783081055
1423008,3.3124988079071045
1423680,15.685673713684082
1424288,23.0082950592041
1424832,7.483903408050537
1424832,23.13180923461914
1426208,21.51077651977539
1427232,21.957975387573242
1427552,20.895606994628906
1428096,23.5085391998291
1428512,22.88775634765625
1428592,15.119224548339844
1428944,15.51156234741211
1430208,4.268237113952637
1430624,22.724609375
1431472,23.862926483154297
1431696,16.90625
1431968,19.452150344848633
1432304,22.60550880432129
1433744,22.70164680480957
1434496,18.182207107543945
1434656,22.74653434753418
1435056,22.641250610351562
1435568,23.014118194580078
1435920,23.672439575195312
1436032,3.63938045501709
1438160,23.50444221496582
1438400,16.2133846282959
1438480,19.224185943603516
1439872,3.388700008392334
1440896,23.454870223999023
1441232,15.251694679260254
1441792,21.96378517150879
1441968,23.12314796447754
1442256,20.50969123840332
1442336,22.103975296020508
1442768,23.672855377197266
1443488,22.436452865600586
1444416,1.9616925716400146
1445376,22.398082733154297
1445488,21.58930015563965
1445904,22.88800048828125
1446032,21.286235809326172
1446192,14.7271728515625
1446848,22.329030990600586
1447568,6.440363883972168
1448800,20.905860900878906
1448912,23.44084930419922
1449024,22.755403518676758
1450240,21.43244743347168
1450336,14.43822193145752
1450368,21.467140197753906
1450656,23.04152488708496
1451488,22.837743759155273
1452416,22.8590030670166
1454640,2.6868510246276855
1454960,23.124820709228516
1455104,15.069803237915039
1456576,22.215194702148438
1457488,21.722217559814453
1457680,22.366409301757812
1457680,22.457727432250977
1457712,17.851734161376953
1457776,22.74358367919922
1457936,23.12363624572754
1458496,18.757665634155273
1459408,20.57552719116211
1459696,22.18152618408203
1461056,23.0933780670166
1461488,21.65328598022461
1462112,22.750125885009766
1462400,21.996564865112305
1463280,23.072107315063477
1464032,22.002962112426758
1464224,22.33328628540039
1464560,22.08696746826172
1464656,21.920970916748047
1464672,7.023738861083984
1465680,23.172447204589844
1465760,22.301311492919922
1466272,2.131632089614868
1466320,4.93183708190918
1467440,22.14158821105957
1467616,22.524911880493164
1468016,22.156543731689453
1468176,21.977619171142578
1468384,22.9644718170166
1468752,22.9332332611084
1468816,14.863895416259766
1469008,14.911811828613281
1469152,19.803049087524414
1469472,7.933545112609863
1471280,20.865827560424805
1472752,21.178590774536133
1472896,22.09308433532715
1474128,22.386205673217773
1474176,14.741846084594727
1474224,3.9991681575775146
1474368,15.26129150390625
1474800,22.24249839782715
1475360,22.534547805786133
1475408,20.774967193603516
1475616,22.123455047607422
1475888,22.15188980102539
1476352,4.61226749420166
1476512,20.354732513427734
1477696,22.565814971923828
1479104,22.25534439086914
1479760,21.94304656982422
1479856,23.395917892456055
1480000,19.350481033325195
1481296,21.979045867919922
1481680,15.377696990966797
1482176,21.452835083007812
1483408,22.63147735595703
1483424,21.599761962890625
1484032,7.821366786956787
1484848,21.821237564086914
1485232,21.566091537475586
1485936,21.121971130371094
1487392,21.338693618774414
1488432,22.586170196533203
1488848,22.938011169433594
1489632,21.681476593017578
1489856,16.277114868164062
1489984,21.772809982299805
1490352,14.955702781677246
1490464,23.48493194580078
1490640,22.877685546875
1490928,10.638460159301758
1491040,19.12886619567871
1491744,7.206148147583008
1492304,20.48175811767578
1494016,3.69093656539917
1494352,15.17161750793457
1494928,7.990322589874268
1495392,23.037858963012695
1495648,21.877763748168945
1495824,22.650861740112305
1495984,22.202653884887695
1496400,21.37968635559082
1497072,22.739238739013672
1497568,23.829389572143555
1498096,18.8088436126709
1501056,22.6564998626709
1501072,22.53308868408203
1502032,21.31386375427246
1502832,22.91242218017578
1504320,5.89169979095459
1504624,21.862730026245117
1504992,22.03010368347168
1505264,22.436426162719727
1505600,21.886751174926758
1506496,23.495609283447266
1507024,7.158300399780273
1507168,14.664499282836914
1507184,17.22276496887207
1507680,22.418319702148438
1509808,21.861919403076172
1510656,22.54189682006836
1510720,14.939774513244629
1510880,10.440306663513184
1512176,10.520130157470703
1513616,12.840043067932129
1514368,21.317646026611328
1514864,14.340410232543945
1515888,21.624765396118164
1516368,22.067371368408203
1516736,23.273216247558594
1517360,6.806344985961914
1517488,22.218292236328125
1517808,22.510297775268555
1518400,22.985759735107422
1519504,6.793548107147217
1519904,22.15376091003418
1520336,22.277660369873047
1520816,21.390901565551758
1522080,23.191133499145508
1522240,21.4339656829834
1523456,22.982086181640625
1523728,14.790855407714844
1523792,9.054460525512695
1523920,21.86627197265625
1524752,21.91297149658203
1524848,22.224733352661133
1524976,23.06268310546875
1525200,20.637632369995117
1525280,21.74733543395996
1525648,22.535011291503906
1527168,10.23770523071289
1527344,22.820432662963867
1527392,22.50347328186035
1528000,15.106435775756836
1528352,22.4001522064209
1529728,23.192428588867188
1530064,4.251383304595947
1530480,22.850059509277344
1530832,19.962852478027344
1530944,22.38031768798828
1531456,21.964210510253906
1532208,21.06463050842285
1532448,4.673532962799072
1533296,22.31653594970703
1535152,14.575643539428711
1535936,20.862213134765625
1536544,16.016841888427734
1537040,15.130522727966309
1537328,22.529979705810547
1537904,20.650592803955078
1539008,21.37631607055664
1539184,14.468317985534668
1540064,7.436606407165527
1540176,22.373153686523438
1540448,21.115163803100586
1540912,22.418621063232422
1541456,22.447586059570312
1542112,21.922006607055664
1542224,22.620357513427734
1542512,22.04482650756836
1543296,21.086322784423828
1543376,22.595016479492188
1543664,22.11979866027832
1543936,22.647293090820312
1545008,22.123844146728516
1545712,21.84512710571289
1545712,15.183653831481934
1546880,20.315120697021484
1546880,21.39952278137207
1548560,21.615371704101562
1548560,21.70831871032715
1549248,20.870861053466797
1549456,14.371902465820312
1549792,22.751663208007812
1550800,22.12531280517578
1551136,14.162771224975586
1551856,21.645362854003906
1551872,21.479515075683594
1552336,22.140779495239258
1553360,22.466814041137695
1553888,10.850769996643066
1554208,19.23197364807129
1554752,22.420732498168945
1555552,13.719757080078125
1555696,22.44544219970703
1556080,14.841961860656738
1556752,2.737466335296631
1557504,21.80964469909668
1557744,22.549039840698242
1558352,22.840736389160156
1558864,22.65545654296875
1559680,23.32956886291504
1560384,22.753969192504883
1561184,22.180837631225586
1561280,22.66179084777832
1561680,22.889915466308594
1562464,21.05207633972168
1562576,21.708707809448242
1562752,22.241437911987305
1563792,15.835843086242676
1563808,22.770097732543945
1564192,20.81420135498047
1564848,18.283952713012695
1565344,23.218299865722656
1565984,22.80341148376465
1566256,22.613018035888672
1566800,14.808733940124512
1567312,23.043415069580078
1567344,22.280765533447266
1567680,21.432376861572266
1568448,22.094364166259766
1569488,22.78496551513672
1570400,21.728675842285156
1570800,22.812618255615234
1571584,15.475261688232422
1571984,22.09931755065918
1572736,23.026153564453125
1572736,10.484541893005371
1573072,22.915817260742188
1573376,22.485748291015625
1573568,22.215991973876953
1573888,22.575336456298828
1574048,21.329458236694336
1574320,23.86301612854004
1574464,21.342939376831055
1575696,22.21226692199707
1576192,23.5167236328125
1576400,23.206985473632812
1576496,21.581525802612305
1576608,21.649688720703125
1576864,23.19268226623535
1577120,22.50330352783203
1577168,4.20624303817749
1578016,23.346294403076172
1578896,21.84731674194336
1579808,15.407039642333984
1579904,23.499052047729492
1579920,21.971050262451172
1580112,21.72456169128418
1580128,22.693395614624023
1580448,21.33962631225586
1581648,22.524208068847656
1582128,10.33975887298584
1582288,23.701095581054688
1582352,23.571678161621094
1584048,22.600950241088867
1584128,22.57316017150879
1585968,23.691730499267578
1586720,22.0142765045166
1587040,21.402008056640625
1587264,21.60150146484375
1587776,21.89484405517578
1589296,14.163066864013672
1589440,22.823341369628906
1589584,22.702545166015625
1589840,20.840007781982422
1590624,21.39369010925293
1590624,22.401845932006836
1590688,21.151226043701172
1591328,22.715044021606445
1591408,15.110061645507812
1592912,21.757266998291016
1592960,23.057689666748047
1592976,23.1334285736084
1593296,3.9922711849212646
1593312,23.045761108398438
1593440,15.196027755737305
1593552,1.9426169395446777
1594208,21.96126937866211
1594208,23.406095504760742
1594992,22.44570541381836
1595520,22.30191421508789
1595856,4.669926643371582
1596288,22.391128540039062
1596496,23.19584846496582
1596656,23.072872161865234
1596928,15.440105438232422
1599184,22.912824630737305
1599536,22.74637222290039
1600240,22.040231704711914
1600256,21.811853408813477
1600432,22.925397872924805
1600592,22.292449951171875
1603296,14.944877624511719
1603760,22.705175399780273
1603824,21.56043815612793
1603856,23.742626190185547
1604016,22.2315731048584
1606288,4.846960067749023
1607344,21.911733627319336
1607440,21.20636558532715
1607856,22.31852912902832
1607936,22.017675399780273
1608816,4.929790496826172
1609840,22.77212905883789
1610080,22.427759170532227
1610192,22.49139976501465
1610576,17.69515037536621
1610720,22.234556198120117
1612880,14.9840087890625
1613568,21.982206344604492
1613632,21.794458389282227
1613712,22.782543182373047
1613936,22.8501033782959
1614336,22.837162017822266
1614368,23.142210006713867
1615280,15.502633094787598
1617200,22.06186294555664
1617248,22.458131790161133
1617440,21.87151527404785
1617952,23.58118438720703
1618672,15.493802070617676
1620496,23.315134048461914
1620720,22.56407928466797
1621472,23.471277236938477
1621520,21.75244140625
1622096,4.700427055358887
1622848,21.454668045043945
1623296,9.547762870788574
1623920,14.768024444580078
1624048,14.475519180297852
1624368,23.105531692504883
1624400,20.505802154541016
1624416,15.001585960388184
1625056,22.52630615234375
1627152,4.879053592681885
1627376,14.86639404296875
1627968,4.439013957977295
1628176,21.774072647094727
1628352,14.193987846374512
1628624,23.789764404296875
1630848,15.958551406860352
1631584,23.541454315185547
1632528,22.86728858947754
1632864,21.59660530090332
1633680,22.858043670654297
1633728,22.25806999206543
1633984,6.298459529876709
1634432,23.28780746459961
1636352,20.917856216430664
1636992,15.58960247039795
1637280,21.690250396728516
1639072,22.741161346435547
1639088,22.17438507080078
1639456,22.4593505859375
1639856,7.388316631317139
1639904,22.8101749420166
1640304,21.183990478515625
1640480,22.742881774902344
1640592,22.89586639404297
1641360,22.380712509155273
1642976,22.076107025146484
1643088,22.09726905822754
1643328,21.67345428466797
1643504,22.550861358642578
1643536,21.703205108642578
1643840,21.646923065185547
1646144,21.907306671142578
1647008,22.246917724609375
1647360,21.5614070892334
1647696,22.70027732849121
1650944,23.663095474243164
1651984,24.087696075439453
1652640,19.32423210144043
1653568,23.008968353271484
1654272,22.314762115478516
1654784,15.261730194091797
1656848,22.943450927734375
1657136,21.399730682373047
1657344,20.816104888916016
1660736,21.833845138549805
1662000,22.400653839111328
1662624,14.89965534210205
1662976,21.658950805664062
1664112,16.64287567138672
1664320,7.044979095458984
1664384,22.673280715942383
1664992,22.65013885498047
1665584,7.390488624572754
1666224,7.731194019317627
1666400,22.777387619018555
1666496,19.963716506958008
1667904,22.704317092895508
1669136,23.17493438720703
1669824,23.01976776123047
1669920,4.018789291381836
1670288,22.182064056396484
1671520,22.808486938476562
1672912,21.982311248779297
1673344,20.617523193359375
1673840,22.737186431884766
1676416,10.128362655639648
1676800,22.26093292236328
1676816,23.523300170898438
1677072,22.74918556213379
1677408,19.484317779541016
1678976,15.109562873840332
1679808,14.605477333068848
1679888,20.79939079284668
1680048,23.51461410522461
1680144,21.709596633911133
1680224,22.764972686767578
1680896,15.68854808807373
1680928,22.34178352355957
1681264,22.281448364257812
1682080,5.529121398925781
1682368,22.78277015686035
1682576,23.745330810546875
1683424,24.067461013793945
1683616,23.37542724609375
1683968,8.222655296325684
1684368,22.824642181396484
1684624,22.92664909362793
1684800,22.074451446533203
1685328,22.736684799194336
1685392,23.699874877929688
1686096,14.474899291992188
1686160,8.625435829162598
1686560,12.156882286071777
1687536,23.7869930267334
1689680,21.950185775756836
1690928,22.686519622802734
1691456,21.5689640045166
1692080,21.90468406677246
1693184,23.14031219482422
1693376,22.669586181640625
1693600,3.7774314880371094
1694896,14.850092887878418
1695088,21.765811920166016
1695600,4.720121383666992
1695712,8.848014831542969
1695792,3.706249713897705
1696192,22.567333221435547
1696912,22.719165802001953
1697344,24.008420944213867
1698064,23.185951232910156
1700704,22.64381217956543
1700816,11.420125961303711
1702096,9.30072021484375
1702288,22.844337463378906
1702848,21.015886306762695
1703456,6.139719009399414
1704208,22.339895248413086
1704224,21.558488845825195
1704336,22.66951560974121
1704736,14.28105354309082
1705600,19.58546257019043
1705664,7.482905387878418
1706240,17.09113883972168
1706304,22.179018020629883
1707280,17.42577362060547
1707664,2.5797903537750244
1708016,22.404863357543945
1708208,4.706519603729248
1708272,23.076372146606445
1708960,8.445356369018555
1709216,21.697675704956055
1709440,7.996047019958496
1709696,21.8865909576416
1710064,21.98558235168457
1711216,22.894819259643555
1711360,22.613994598388672
1711936,22.39753532409668
1712080,16.126102447509766
1713728,12.704673767089844
1714416,22.32791519165039
1715008,23.69681167602539
1715360,22.69178581237793
1715696,22.574806213378906
1716320,14.766862869262695
1717184,22.966876983642578
1717216,22.11817169189453
1717264,21.428970336914062
1717680,21.641250610351562
1717984,22.75322723388672
1717984,7.089511394500732
1718080,4.857842445373535
1718528,14.782318115234375
1718592,16.887466430664062
1718880,21.09555435180664
1719856,24.0488224029541
1720048,4.640968322753906
1720160,17.315731048583984
1720224,9.120821952819824
1720768,15.13512897491455
1720816,21.723926544189453
1722112,21.469966888427734
1722192,21.600975036621094
1722544,22.48089027404785
1723360,19.149654388427734
1723680,22.86664581298828
1723776,22.451425552368164
1724240,15.094593048095703
1724944,22.657045364379883
1725232,22.294361114501953
1725632,23.49835205078125
1726080,22.02202796936035
1726096,14.844477653503418
1726800,21.43362808227539
1727184,15.179497718811035
1728496,22.2580623626709
1729120,22.260950088500977
1729824,21.664533615112305
1730480,22.364795684814453
1730512,14.864031791687012
1730960,8.798175811767578
1731344,21.561857223510742
1732208,24.161348342895508
1733760,9.919524192810059
1734064,22.925962448120117
1734528,22.423145294189453
1735280,5.168403148651123
1735584,8.374889373779297
1736112,21.7886962890625
1736736,15.237350463867188
1737776,9.681041717529297
1738080,22.87449836730957
1739104,22.685148239135742
1739328,15.480889320373535
1739360,22.34134292602539
1739856,20.71673011779785
1740400,8.607391357421875
1741664,23.47098159790039
1741808,23.657766342163086
1742176,4.451423645019531
1742592,22.512422561645508
1742752,22.55411720275879
1742912,22.42550277709961
1742928,23.338001251220703
1743536,22.74001121520996
1745024,15.445052146911621
1745264,19.316116333007812
1745328,12.522965431213379
1746160,23.437162399291992
1746304,22.550270080566406
1746944,3.950289249420166
1747040,5.742225170135498
1747376,2.832787036895752
1747792,6.499255180358887
1748512,22.43016815185547
1748592,5.90476655960083
1749392,23.029930114746094
1749824,22.889850616455078
1750224,22.216291427612305
1750560,22.998567581176758
1750848,21.962575912475586
1752064,20.85723876953125
1753408,21.94529914855957
1753648,13.778841972351074
1753776,22.809432983398438
1753808,15.208856582641602
1754208,22.502120971679688
1755232,21.490482330322266
1755616,22.788360595703125
1756992,22.285720825195312
1757792,5.355395317077637
1758080,22.47382354736328
1758816,9.572954177856445
1759200,23.33655548095703
1760336,23.27023696899414
1760688,15.550518989562988
1760896,23.769268035888672
1761952,23.2069034576416
1762208,8.218812942504883
1762304,22.762847900390625
1762656,21.672636032104492
1763536,3.8595669269561768
1764672,4.1193671226501465
1765104,20.97744369506836
1767104,22.55998992919922
1768512,22.96248435974121
1771152,23.511363983154297
1771632,22.8017520904541
1771696,20.79124641418457
1771920,22.73293685913086
1772192,21.439075469970703
1773648,2.004587173461914
1774144,21.332775115966797
1774736,21.629703521728516
1775680,21.920188903808594
1775728,22.568981170654297
1776128,20.902753829956055
1777648,22.270084381103516
1777840,21.922897338867188
1778704,22.61808967590332
1779216,22.16403579711914
1779712,21.369604110717773
1780240,14.203888893127441
1781184,21.94133186340332
1781440,24.419509887695312
1781984,22.087646484375
1782144,22.58216094970703
1782528,22.973857879638672
1782816,21.954010009765625
1784752,21.623300552368164
1784992,22.368619918823242
1785424,15.463475227355957
1785504,5.162835121154785
1785728,21.81995964050293
1786336,21.161874771118164
1787632,22.171350479125977
1788896,21.170717239379883
1788992,22.382164001464844
1789040,21.321083068847656
1789312,23.40022087097168
1790000,21.134445190429688
1790560,23.40557289123535
1790784,3.6952099800109863
1791504,21.752233505249023
1791904,15.530106544494629
1792480,21.766815185546875
1792528,2.899050712585449
1792624,20.876325607299805
1792704,21.422056198120117
1793024,22.34190559387207
1793424,20.745479583740234
1794272,21.973230361938477
1794800,23.107885360717773
1795104,18.249923706054688
1795248,14.476346015930176
1795840,21.090152740478516
1795968,7.1914896965026855
1796048,16.858842849731445
1796208,23.337522506713867
1796240,5.225976467132568
1797712,20.80531120300293
1798544,22.462661743164062
1799136,21.60167121887207
1799744,20.758644104003906
1800448,23.04943084716797
1801280,23.842941284179688
1802160,20.610383987426758
1802496,14.58139705657959
1802672,22.660818099975586
1803200,5.530331134796143
1803264,15.675704956054688
1804000,22.899005889892578
1804096,21.437429428100586
1804416,14.924117088317871
1804736,13.982596397399902
1804864,21.889545440673828
1805744,22.544530868530273
1806112,22.266666412353516
1806720,10.992308616638184
1807440,22.80418586730957
1807552,22.029069900512695
1807872,21.73130226135254
1808272,3.8595597743988037
1808448,22.442089080810547
1809296,22.297266006469727
1809408,21.435317993164062
1809488,21.887550354003906
1809696,21.769495010375977
1809968,20.295434951782227
1810320,22.828964233398438
1810336,15.417890548706055
1810688,22.922409057617188
1811392,22.30833625793457
1812944,14.424641609191895
1813040,21.562089920043945
1813920,22.49554443359375
1814416,14.118582725524902
1815536,3.9458963871002197
1815792,22.046390533447266
1816432,14.493121147155762
1816608,22.67882537841797
1816672,22.106107711791992
1817920,21.65557289123535
1818288,21.64080810546875
1818960,21.24281120300293
1819056,22.68284034729004
1819056,21.337080001831055
1819856,20.67302894592285
1820000,22.77466583251953
1820032,21.978086471557617
1820096,21.02399253845215
1820096,20.564430236816406
1820224,5.030660152435303
1820240,23.776674270629883
1820896,22.94074058532715
1822544,22.14888572692871
1822656,22.880868911743164
1823424,19.62812614440918
1824176,22.37222671508789
1824432,7.811558246612549
1826272,21.11878776550293
1827088,22.472034454345703
1827376,21.941158294677734
1827392,22.46587562561035
1827424,16.770097732543945
1827968,22.719297409057617
1828640,21.044530868530273
1828768,22.561513900756836
1828784,15.048103332519531
1830480,22.15599822998047
1830624,21.72205924987793
1830896,3.7188923358917236
1830944,22.594284057617188
1832048,6.83464241027832
1832400,22.749828338623047
1832720,19.531387329101562
1834016,21.415040969848633
1834384,21.51306915283203
1834608,21.069425582885742
1835248,15.07040786743164
1835280,21.861207962036133
1835552,22.5784854888916
1835824,22.019458770751953
1836288,23.920148849487305
1836496,21.727706909179688
1837344,21.25598907470703
1837968,14.037975311279297
1838800,23.625123977661133
1839104,21.751598358154297
1839360,22.293893814086914
1839696,23.07460594177246
1840960,21.646753311157227
1842144,14.750198364257812
1842496,17.79587745666504
1842704,21.837034225463867
1843104,18.370779037475586
1843312,22.504188537597656
1844032,7.676061153411865
1844592,8.5899076461792
1844912,21.81913185119629
1845072,21.514493942260742
1845344,22.77370262145996
1845632,21.096729278564453
1845872,22.118459701538086
1846240,21.791040420532227
1846832,22.556880950927734
1847168,15.610932350158691
1848528,20.99783706665039
1848912,23.268449783325195
1849376,23.583309173583984
1849440,15.939745903015137
1850384,21.83257293701172
1851072,15.30231761932373
1852864,23.186525344848633
1854816,3.7597289085388184
1855072,22.220598220825195
1855616,20.913894653320312
1855968,22.570749282836914
1855984,21.987417221069336
1857360,15.650050163269043
1857648,22.915225982666016
1858288,21.726348876953125
1858608,22.095422744750977
1858864,8.838655471801758
1859488,11.117663383483887
1860768,3.597353458404541
1861872,22.92129135131836
1863040,21.505558013916016
1863408,22.791473388671875
1863600,22.142614364624023
1864144,21.781007766723633
1864656,23.223031997680664
1864784,22.586206436157227
1864800,23.85640525817871
1866128,17.132808685302734
1866176,23.11911964416504
1866544,8.340285301208496
1867408,14.856855392456055
1867648,22.400901794433594
1868256,21.439128875732422
1868368,9.25443172454834
1868544,15.713360786437988
1868992,20.63764190673828
1869296,22.497385025024414
1869872,22.38876724243164
1870624,22.292627334594727
1870688,22.83251953125
1871120,22.581829071044922
1871152,7.407971382141113
1871920,22.631006240844727
1871984,19.793304443359375
1872592,2.1558187007904053
1873056,22.82713508605957
1873280,7.339174270629883
1873680,22.383075714111328
1873968,20.520734786987305
1874192,23.526147842407227
1874224,22.813383102416992
1874672,22.055946350097656
1875280,22.18050765991211
1876624,22.219087600708008
1876960,23.552526473999023
1879696,21.80133056640625
1880112,16.12935447692871
1881024,17.49285888671875
1881632,14.473752975463867
1881936,23.02309226989746
1882256,14.982259750366211
1882896,15.564104080200195
1883184,23.700889587402344
1884608,22.793930053710938
1886912,21.628997802734375
1887280,22.4947566986084
1887760,5.022657871246338
1888512,21.153182983398438
1888656,14.696511268615723
1888720,22.47223663330078
1888848,7.650567531585693
1889392,2.2245121002197266
1889952,22.54529571533203
1890032,22.061965942382812
1890848,22.16463279724121
1891232,15.321931838989258
1892096,21.556650161743164
1892432,21.831228256225586
1893856,22.759965896606445
1894768,22.92116355895996
1896064,21.67664909362793
1897136,21.040246963500977
1898176,22.45619773864746
1898528,22.396902084350586
1899264,3.1512598991394043
1900816,22.770898818969727
1901232,22.307998657226562
1902784,22.327775955200195
1905312,22.50330924987793
1905776,22.828937530517578
1906224,21.80963897705078
1906240,4.871685981750488
1906304,22.50547981262207
1907968,21.77522850036621
1908016,22.944433212280273
1909328,21.162172317504883
1909712,22.26446533203125
1911152,22.177865982055664
1911632,23.318450927734375
1912480,21.867019653320312
1912608,22.30397605895996
1912912,21.611888885498047
1913056,22.816925048828125
1913248,23.011064529418945
1913360,22.530784606933594
1914480,10.685096740722656
1915248,22.02859115600586
1915744,13.6329984664917
1916160,8.035022735595703
1916560,22.300050735473633
1916864,2.863569736480713
1917728,22.585779190063477
1918032,22.606277465820312
1918608,7.371604919433594
1918848,22.28533172607422
1919856,22.685691833496094
1920112,21.541236877441406
1920160,21.748653411865234
1922560,3.2275314331054688
1922752,15.881410598754883
1922848,22.11191177368164
1923056,7.257274627685547
1926208,21.638826370239258
1927056,3.8558526039123535
1927568,5.16221284866333
1928336,19.58208656311035
1928944,21.503902435302734
1929136,10.788565635681152
1929760,23.26480484008789
1930128,23.10491180419922
1931104,22.94704818725586
1932080,22.6843318939209
1933072,17.053680419921875
1933376,21.199308395385742
1933904,22.300399780273438
1934720,21.91033363342285
1937840,22.27336883544922
1938336,22.056034088134766
1938656,21.106176376342773
1939120,2.9267916679382324
1939808,15.637153625488281
1939856,22.955312728881836
1940144,22.40089225769043
1940160,23.388795852661133
1940192,21.751930236816406
1940432,16.034400939941406
1940512,22.54656982421875
1940896,22.579586029052734
1942880,8.238395690917969
1943200,22.185901641845703
1944144,22.6236572265625
1944624,4.850688934326172
1945680,12.081872940063477
1946208,21.838790893554688
1946288,22.72121810913086
1946768,22.9324893951416
1947104,4.821823596954346
1947344,22.814502716064453
1947472,4.556435585021973
1948000,21.665363311767578
1948192,22.401952743530273
1948448,21.92949867248535
1949376,23.16774559020996
1950336,21.51418685913086
1950864,22.52307891845703
1950960,21.461244583129883
1951280,21.812973022460938
1951744,22.062294006347656
1951840,4.290997505187988
1953760,9.193862915039062
1955296,22.737468719482422
1955840,22.851642608642578
1956176,21.384471893310547
1956336,13.911419868469238
1956464,22.66364288330078
1957712,21.451812744140625
1957904,22.649320602416992
1958960,23.25871467590332
1959344,22.705177307128906
1959968,23.353347778320312
1960608,20.69898796081543
1961200,14.632621765136719
1961376,23.202404022216797
1962992,22.15167808532715
1963248,23.422813415527344
1963312,21.34776496887207
1963344,22.6740779876709
1963584,23.881120681762695
1964176,21.51015281677246
1965088,22.29721450805664
1965936,21.688751220703125
1966624,8.098108291625977
1966624,21.547245025634766
1967856,22.992534637451172
1969504,22.671939849853516
1969920,17.231765747070312
1970368,22.709701538085938
1972000,22.058427810668945
1972800,7.951306343078613
1972960,4.639009952545166
1973120,22.65201187133789
1973184,16.18716812133789
1973776,22.020463943481445
1973808,22.842111587524414
1973968,23.109128952026367
1975168,22.071147918701172
1975312,22.385665893554688
1975728,15.68100643157959
1975760,21.723880767822266
1976384,4.102229595184326
1977088,20.836090087890625
1977376,23.76896858215332
1977552,23.089767456054688
1977744,5.685233116149902
1978688,21.709810256958008
1978960,8.30679988861084
1980016,22.621753692626953
1980048,15.265321731567383
1980352,22.070722579956055
1981408,2.340656280517578
1982336,22.836647033691406
1982336,5.275619029998779
1983568,22.848857879638672
1983744,14.529637336730957
1983952,21.396394729614258
1984832,14.116793632507324
1985824,22.867658615112305
1985936,21.5709285736084
1986832,4.952304840087891
1987904,22.07883644104004
1989888,15.67874526977539
1990048,21.761869430541992
1991008,15.488101959228516
1991952,22.804790496826172
1992112,22.455507278442383
1993232,21.745750427246094
1993264,23.04425811767578
1993456,21.525909423828125
1993776,15.373284339904785
1994096,21.230955123901367
1994304,16.692474365234375
1994512,22.67105484008789
1995328,21.097476959228516
1995392,4.335439205169678
1995456,23.974262237548828
1995600,21.045942306518555
1995632,22.764345169067383
1997008,21.84305763244629
1997136,21.84359359741211
1998928,23.342365264892578
2001408,22.60845947265625
2002512,21.62102508544922
2002528,22.53512191772461
2002768,22.861881256103516
2002784,21.44683837890625
2003152,21.44195556640625
2003456,3.6572439670562744
2003600,22.21070098876953
2003824,6.441827297210693
2004176,21.03990936279297
2004448,23.108579635620117
2004816,21.825176239013672
2007296,16.81328010559082
2007408,5.185431957244873
2008128,4.049755096435547
2008896,15.187337875366211
2008944,23.268539428710938
2010016,20.901912689208984
2011120,21.512420654296875
2011472,20.392520904541016
2014128,21.323293685913086
2014688,21.826126098632812
2014992,22.695003509521484
2015344,22.63556480407715
2016288,14.4752836227417
2016560,14.301485061645508
2017120,22.221284866333008
2017696,21.76935386657715
2017776,22.84674072265625
2017888,21.83254051208496
2018080,15.73401165008545
2018336,20.759592056274414
2019008,23.525218963623047
2019136,14.800116539001465
2019792,7.684741973876953
2019872,19.20111846923828
2019920,21.928955078125
2020832,3.731670618057251
2022400,22.281064987182617
2022544,21.931909561157227
2022592,2.4257659912109375
2024096,22.3204288482666
2024384,23.353736877441406
2025168,23.19195556640625
2026064,21.126129150390625
2028608,21.172504425048828
2029232,20.36447525024414
2029776,20.747394561767578
2030384,20.989126205444336
2031392,21.846559524536133
2032928,18.597694396972656
2033248,23.46133804321289
2033984,21.168689727783203
2034720,21.322429656982422
2036688,20.789287567138672
2036928,21.15534210205078
2037472,22.40357208251953
2037824,21.565622329711914
2038336,22.944643020629883
2040224,22.232608795166016
2040432,21.24262809753418
2040432,22.45291519165039
2040848,21.745813369750977
2041776,21.76006317138672
2042336,7.878808975219727
2042400,21.980674743652344
2042464,22.688203811645508
2043536,22.95928192138672
2043984,22.073925018310547
2044400,22.938207626342773
2044624,21.437833786010742
2044944,22.095247268676758
2045888,22.972057342529297
2048160,23.116390228271484
2048736,22.75088882446289
2048976,5.785971641540527
2049504,21.108591079711914
2050336,7.273906707763672
2050576,23.09392738342285
2051104,2.8978090286254883
2051184,22.938446044921875
2052256,23.721115112304688
2052464,22.3783016204834
2052544,21.816661834716797
2052672,15.042508125305176
2052960,10.91515827178955
2053136,21.826757431030273
2053312,11.387611389160156
2053792,22.410945892333984
2054400,6.412623405456543
2056512,23.53984832763672
2056816,22.787382125854492
2058432,14.765802383422852
2059392,21.918180465698242
2060096,21.563261032104492
2060464,23.736530303955078
2060928,22.960124969482422
2061040,22.162553787231445
2061088,17.814716339111328
2061744,23.232112884521484
2061792,5.0955810546875
2062016,21.441112518310547
2062464,21.964038848876953
2063984,4.315878391265869
2064288,10.869223594665527
2065280,22.4831600189209
2065472,22.87338638305664
2066048,10.048994064331055
2066752,22.15087890625
2067408,21.61244773864746
2068768,6.155497074127197
2068944,23.206565856933594
2069616,18.22795867919922
2069952,14.766817092895508
2071152,22.5528507232666
2071312,15.816046714782715
2071488,18.816118240356445
2071776,22.891151428222656
2072400,16.464473724365234
2072448,7.018383026123047
2072608,22.155567169189453
2072624,21.722061157226562
2073328,21.49724006652832
2074080,15.00028133392334
2074560,17.988710403442383
2075552,14.83072566986084
2076144,2.4872560501098633
2076192,22.387231826782227
2076368,23.08891487121582
2076400,17.68889045715332
2078528,20.36937141418457
2079392,4.773970127105713
2079632,23.003190994262695
2079776,21.84512710571289
2079776,23.221662521362305
2079792,23.132225036621094
2080544,21.68044090270996
2081024,22.18079376220703
2081392,5.952831745147705
2082768,16.253915786743164
2083248,23.143386840820312
2083264,20.08685302734375
2084064,22.50330924987793
2084336,4.754513263702393
2084592,22.63508415222168
2084752,15.555120468139648
2085488,5.46114444732666
2088256,23.29046058654785
2088960,22.93805503845215
2088976,22.6715030670166
2089200,8.148619651794434
2090224,20.559490203857422
2090496,20.540807723999023
2090736,9.520729064941406
2090848,7.340503215789795
2091824,22.181631088256836
2091936,21.927942276000977
2093344,22.787405014038086
2093984,21.78182601928711
2094544,16.05027198791504
2094880,15.739001274108887
2094960,22.01607894897461
2095232,22.900747299194336
2095280,3.224731206893921
2096080,23.38095474243164
2097344,20.490966796875
2097888,12.48949146270752
2098560,22.80537986755371
2098992,23.27913475036621
2099008,19.1951904296875
2099792,5.292102813720703
2100000,4.979574203491211
2100528,23.30171012878418
2101408,22.554351806640625
2102480,8.408146858215332
2102704,20.90740966796875
2103008,14.833949089050293
2103248,20.192920684814453
2103408,22.554121017456055
2103616,21.6296329498291
2105424,12.963247299194336
2105952,22.704530715942383
2106560,23.620281219482422
2106752,22.486366271972656
2107344,3.674588203430176
2107424,2.665923833847046
2107856,22.992176055908203
2108000,14.859033584594727
2109376,18.968963623046875
2109520,16.161386489868164
2109984,22.976533889770508
2110208,3.6366851329803467
2110464,4.995381832122803
2110576,3.004185438156128
2111168,22.327653884887695
2111792,22.33930206298828
2111888,7.070511341094971
2112512,5.626238822937012
2113920,22.339675903320312
2114320,22.64280891418457
2114448,17.694290161132812
2116064,21.841733932495117
2116656,15.435379028320312
2116672,14.472131729125977
2116976,13.797675132751465
2117472,3.280954599380493
2117872,22.79964256286621
2117968,22.907276153564453
2118144,6.820150375366211
2118736,6.923436641693115
2118960,23.566686630249023
2119536,15.350934982299805
2121808,21.874767303466797
2122672,20.738788604736328
2122704,16.120622634887695
2123792,10.943281173706055
2124112,10.758218765258789
2124624,23.274965286254883
2125184,21.274982452392578
2125216,14.390083312988281
2125536,6.73846960067749
2125904,7.35678768157959
2126288,14.20455551147461
2126848,23.797271728515625
2127424,22.853248596191406
2127680,20.882863998413086
2128240,17.736745834350586
2128320,21.763145446777344
2128464,21.228872299194336
2129152,23.627243041992188
2129472,4.543571472167969
2129664,21.040355682373047
2129920,22.35263442993164
2131616,6.288536548614502
2131744,23.413347244262695
2132240,15.509322166442871
2132624,21.57811164855957
2133504,22.10751724243164
2134976,15.82768440246582
2134976,16.574539184570312
2135312,17.318622589111328
2135856,21.94691276550293
2135904,6.376455307006836
2136080,15.312478065490723
2136352,3.985267400741577
2136400,22.896806716918945
2138464,22.33347511291504
2138624,22.304988861083984
2139920,22.946237564086914
2140016,24.14798927307129
2141040,6.7141432762146
2141968,21.380460739135742
2143120,21.886232376098633
2143328,7.423287391662598
2143536,22.069067001342773
2144656,14.65853500366211
2145360,2.723764419555664
2145440,21.58690071105957
2145696,22.536771774291992
2146064,12.643832206726074
2146832,22.583786010742188
2147104,21.29269027709961
2147520,4.4780778884887695
2148656,3.555314064025879
2148688,14.973454475402832
2149040,22.494977951049805
2149376,22.3255558013916
2149792,5.470887184143066
2150336,23.039525985717773
2152448,9.29936695098877
2152576,23.34943199157715
2152608,23.319475173950195
2153136,21.79026985168457
2153408,14.714163780212402
2154144,22.7716007232666
2154176,8.784002304077148
2154848,14.648693084716797
2155072,15.142436027526855
2155168,11.144233703613281
2155648,9.799957275390625
2156144,23.109821319580078
2156496,22.147865295410156
2156976,21.43301773071289
2157664,22.82188606262207
2159136,19.94856834411621
2159568,5.607056617736816
2160800,18.555904388427734
2161168,2.601776123046875
2161728,4.985352993011475
2161776,22.623281478881836
2161872,7.40823221206665
2162528,2.0872035026550293
2163120,22.673166275024414
2163184,18.319656372070312
2163264,7.852520942687988
2163648,11.234036445617676
2163856,22.161148071289062
2163888,7.069962501525879
2164416,14.91221809387207
2164624,7.929422378540039
2165632,22.555173873901367
2166672,23.558151245117188
2168288,15.61878776550293
2168512,21.752443313598633
2169104,22.815690994262695
2170544,22.859159469604492
2171968,6.544162273406982
2173344,5.637153625488281
2173392,22.17775535583496
2173776,21.91493034362793
2173968,21.916637420654297
2174736,24.027502059936523
2174752,3.3845901489257812
2176112,23.342111587524414
2176576,23.073192596435547
2176976,22.26397132873535
2177696,22.509580612182617
2178016,15.68246078491211
2178240,21.480031967163086
2179024,23.00421142578125
2179040,4.209878921508789
2179152,22.31712532043457
2179168,7.974448204040527
2179728,22.486309051513672
2180384,18.10722541809082
2181216,21.723913192749023
2181632,20.894880294799805
2181712,22.615026473999023
2182048,14.991698265075684
2182576,23.7258358001709
2182624,22.250049591064453
2182720,23.844112396240234
2184048,21.85141372680664
2184240,11.086389541625977
2184464,23.218629837036133
2184800,23.39411163330078
2185584,22.146831512451172
2186224,22.113040924072266
2187408,21.172101974487305
2187648,21.46882438659668
2187712,22.677106857299805
2187952,23.25098419189453
2189360,8.52662181854248
2189568,20.738855361938477
2189952,22.346336364746094
2190224,23.492795944213867
2190400,11.024788856506348
2190704,4.59310245513916
2190896,8.330814361572266
2191744,5.206198692321777
2191968,6.483603477478027
2192256,4.491082191467285
2192720,21.560657501220703
2192976,15.579680442810059
2193616,14.280488014221191
2193760,22.419422149658203
2194464,2.9925942420959473
2194624,22.254528045654297
2194720,14.68983268737793
2196640,3.8326992988586426
2196688,22.7313289642334
2197232,14.558517456054688
2197344,9.770136833190918
2197440,3.603384494781494
2197680,2.0786261558532715
2198112,22.12303352355957
2199536,15.468751907348633
2199824,16.346494674682617
2199904,23.199186325073242
2200288,21.878732681274414
2200496,11.887279510498047
2200800,22.39411735534668
2201872,5.0903544425964355
2202208,15.95730972290039
2202976,20.334630966186523
2203408,22.879215240478516
2203856,20.69042205810547
2203952,8.400725364685059
2203984,21.687257766723633
2204048,23.59700584411621
2204864,5.98402738571167
2204976,21.66282081604004
2205392,6.455313205718994
2206528,22.43668556213379
2206752,15.253199577331543
2206848,18.272960662841797
2207376,20.468313217163086
2207904,22.27739906311035
2208240,4.337786674499512
2208976,21.423362731933594
2209264,13.055130004882812
2209856,7.518282413482666
2210112,23.274213790893555
2210112,6.984797954559326
2210832,21.095802307128906
2211008,4.519061088562012
2211376,21.61689567565918
2211424,21.95671844482422
2211552,2.492424726486206
2211792,23.14521026611328
2212112,24.363128662109375
2212864,23.043012619018555
2213536,21.621952056884766
2213744,21.416385650634766
2214256,21.31781768798828
2214448,21.49923324584961
2215168,22.623987197875977
2215264,21.694534301757812
2216304,15.551311492919922
2216480,23.297405242919922
2216656,23.273725509643555
2217104,15.746208190917969
2217328,22.85197639465332
2219152,19.56817626953125
2219792,14.50671100616455
2219808,22.294143676757812
2220176,23.20454978942871
2220640,22.35281753540039
2221456,22.497323989868164
2221728,22.301237106323242
2222432,15.201136589050293
2223152,21.72903060913086
2223360,22.170717239379883
2224160,22.025480270385742
2224400,23.183015823364258
2224560,15.494214057922363
2224912,6.276374816894531
2225344,23.345170974731445
2225968,22.856779098510742
2226032,22.809301376342773
2226320,14.91534423828125
2226848,22.481950759887695
2227520,23.299440383911133
2228416,13.655158996582031
2228880,22.971160888671875
2228896,22.932783126831055
2229600,21.253543853759766
2230416,21.884714126586914
2230816,5.107680320739746
2230896,21.52130889892578
2230992,20.385786056518555
2231408,23.105445861816406
2231936,4.890716075897217
2233936,23.362401962280273
2234368,18.017322540283203
2234800,9.481130599975586
2234976,22.017086029052734
2235328,4.662128448486328
2235408,22.34044075012207
2235984,21.97640609741211
2236032,23.13196563720703
2236032,22.944183349609375
2236768,8.506853103637695
2236832,21.84285545349121
2236960,13.789870262145996
2237520,21.890117645263672
2237632,8.676680564880371
2237968,23.944658279418945
2238464,22.473596572875977
2238816,22.228225708007812
2239312,8.143394470214844
2239712,22.964508056640625
2240224,15.983023643493652
2240368,21.89761734008789
2240608,22.97615623474121
2241616,6.4983062744140625
2241696,23.543193817138672
2242192,8.254168510437012
2244560,2.8331117630004883
2244800,15.353991508483887
2245632,22.12274742126465
2246256,22.43992805480957
2246560,21.665828704833984
2246864,20.434764862060547
2247344,13.997812271118164
2247392,22.659423828125
2248112,22.20294189453125
2248448,22.1590633392334
2249200,21.55904769897461
2249504,23.976696014404297
2249840,6.623022556304932
2250080,22.22693634033203
2250096,21.59124183654785
2250192,14.33594799041748
2250384,5.029391765594482
2251696,23.52824592590332
2251920,10.09488296508789
2253120,21.42958641052246
2253616,5.402988910675049
2253648,22.69896697998047
2254080,19.896743774414062
2254848,9.669161796569824
2255328,22.734249114990234
2256224,21.395662307739258
2256304,22.09579086303711
2257184,23.647157669067383
2257456,21.693401336669922
2258352,22.95883560180664
2258784,15.615974426269531
2258944,22.739187240600586
2259280,4.922275543212891
2260528,21.413278579711914
2260672,22.744884490966797
2261264,22.861207962036133
2261552,22.824573516845703
2262336,22.63338851928711
2262480,21.948644638061523
2264768,14.5325927734375
2265104,14.617387771606445
2265488,22.673173904418945
2265824,21.994338989257812
2266416,21.56639862060547
2266528,21.806833267211914
2267344,4.513822078704834
2267680,8.269506454467773
2267872,23.157655715942383
2268192,21.33413314819336
2269520,7.992401599884033
2271008,22.19519805908203
2272400,23.161083221435547
2272544,22.1368408203125
2272864,23.52153968811035
2273504,21.94051170349121
2274608,22.818323135375977
2274992,23.27505874633789
2275360,14.638516426086426
2276096,6.679410457611084
2276528,23.214200973510742
2276880,23.178871154785156
2277136,20.938508987426758
2277696,14.075926780700684
2280080,9.843352317810059
2280112,22.26849937438965
2280144,8.731475830078125
2280272,14.849822044372559
2280432,23.040781021118164
2280944,7.970857620239258
2281296,5.935121059417725
2281504,22.661529541015625
2281552,4.682707786560059
2281696,22.34739875793457
2282528,3.919623374938965
2282960,3.3994028568267822
2283760,22.291194915771484
2283888,23.898727416992188
2284080,15.561686515808105
2284176,21.194438934326172
2284560,14.776829719543457
2284976,4.334599018096924
2285952,23.120920181274414
2286064,23.21932601928711
2287648,21.3930606842041
2288848,23.3455753326416
2289136,2.5002498626708984
2289168,15.860203742980957
2289472,17.61089324951172
2289808,22.62187385559082
2290112,22.025741577148438
2290880,22.562664031982422
2291248,23.14733123779297
2291264,21.831117630004883
2291312,22.540800094604492
2291696,21.780710220336914
2291792,22.310169219970703
2292128,21.653522491455078
2292512,3.2694554328918457
2292608,21.790748596191406
2293232,7.654623985290527
2293312,5.516165733337402
2293344,22.59353256225586
2293552,15.20616626739502
2293872,21.31787872314453
2294144,16.12122917175293
2294272,9.868041038513184
2296000,21.816984176635742
2296720,23.142166137695312
2298704,10.538708686828613
2299088,22.17289161682129
2300000,22.798137664794922
2300144,22.152463912963867
2300864,2.436549186706543
2301696,22.112232208251953
2301936,21.4271183013916
2302640,23.047367095947266
2303200,23.209880828857422
2303200,14.719390869140625
2303424,13.776538848876953
2303712,22.235721588134766
2305296,21.996994018554688
2307328,22.827922821044922
2307376,22.73290252685547
2308208,21.93863296508789
2309328,4.9171648025512695
2310208,21.904434204101562
2310352,22.91250991821289
2311360,22.88261604309082
2311648,8.70675277709961
2311648,6.817662715911865
2312528,22.588443756103516
2312688,23.142662048339844
2313456,4.716074466705322
2313552,14.327252388000488
2313616,21.646867752075195
2313664,14.702661514282227
2314288,7.321759223937988
2315008,12.258420944213867
2315232,23.072973251342773
2315344,4.745957851409912
2315824,6.2136101722717285
2316416,22.76795196533203
2316912,14.952939987182617
2316944,23.186111450195312
2318496,21.771404266357422
2318720,16.503772735595703
2318912,4.466772079467773
2319408,21.57975196838379
2321712,16.261749267578125
2321808,22.597267150878906
2322208,14.488374710083008
2323552,23.188243865966797
2324784,15.070480346679688
2325136,22.546676635742188
2325264,23.830400466918945
2325760,21.860103607177734
2325792,21.985836029052734
2326880,22.5443115234375
2327264,21.861526489257812
2327664,23.6671199798584
2329232,11.349898338317871
2330896,2.6896419525146484
2331040,14.893555641174316
2331056,24.056692123413086
2331072,4.727432727813721
2331808,14.681163787841797
2332064,22.398754119873047
2332432,22.70893096923828
2333104,23.048585891723633
2333696,14.703673362731934
2333824,5.129934787750244
2334080,23.508502960205078
2334432,23.672870635986328
2334624,8.002516746520996
2334720,22.557710647583008
2335664,22.149730682373047
2337120,6.386443614959717
2337200,22.945465087890625
2337920,15.725834846496582
2338208,22.77716636657715
2338416,22.69318962097168
2338832,15.064952850341797
2338960,15.637524604797363
2341344,8.691970825195312
2341616,22.524381637573242
2342368,22.20877456665039
2342576,20.48552894592285
2342768,21.66542625427246
2343472,22.863399505615234
2343728,15.43527889251709
2344752,22.266616821289062
2345072,22.68465805053711
2345184,23.538227081298828
2345984,22.2540283203125
2346064,23.395235061645508
2346656,9.178923606872559
2346928,17.64746856689453
2346928,2.218322992324829
2347824,21.49153709411621
2348432,23.20818519592285
2348576,23.560029983520508
2348896,14.721651077270508
2349072,21.846473693847656
2349584,14.452977180480957
2349632,23.114614486694336
2349840,22.174339294433594
2350480,21.948684692382812
2350512,23.04438018798828
2351312,4.34436559677124
2352000,23.58769989013672
2352016,7.7588396072387695
2352512,21.478797912597656
2352592,19.144792556762695
2354112,23.321224212646484
2355488,3.7260844707489014
2355600,22.5126953125
2356096,20.967376708984375
2356128,23.37248420715332
2356672,21.63066291809082
2356720,22.153026580810547
2357040,22.448030471801758
2357040,22.87689208984375
2357568,21.558427810668945
2359008,21.38597869873047
2359056,21.577295303344727
2359200,21.98179054260254
2359824,21.63092041015625
2360144,15.294954299926758
2361040,21.39818572998047
2362592,15.139277458190918
2362688,19.843786239624023
2362992,4.436313629150391
2363088,22.826297760009766
2363728,23.227527618408203
2365552,23.244802474975586
2366224,22.63172721862793
2366240,21.618148803710938
2366512,22.331144332885742
2367328,23.416337966918945
2367984,22.686864852905273
2368160,23.193159103393555
2368864,15.698039054870605
2369136,19.81110191345215
2369728,21.27728271484375
2370144,21.596981048583984
2371248,7.092361927032471
2371504,15.22028636932373
2372512,21.20614242553711
2372640,22.134185791015625
2372672,15.06500244140625
2372752,10.768193244934082
2373376,22.459440231323242
2373952,21.867507934570312
2374784,22.662919998168945
2375328,22.41849708557129
2376064,22.676979064941406
2376080,14.008440017700195
2377376,21.530967712402344
2378128,6.703788757324219
2378768,21.023788452148438
2378880,23.50815200805664
2379552,23.35817527770996
2379792,21.85525894165039
2379872,22.24550437927246
2380048,5.3959059715271
2381680,22.785022735595703
2381936,22.99439811706543
2382320,23.479248046875
2383408,22.514450073242188
2383504,22.118938446044922
2383616,14.51882553100586
2384544,4.259421348571777
2385504,22.46430778503418
2385632,15.38792896270752
2386752,23.316553115844727
2386880,22.067874908447266
2386944,21.94054412841797
2387168,23.187236785888672
2388160,23.223548889160156
2389856,23.022510528564453
2390352,22.54138946533203
2390384,23.062915802001953
2391024,22.474872589111328
2392032,21.40222930908203
2392880,22.102222442626953
2392976,14.305377960205078
2393456,23.117433547973633
2393808,21.139612197875977
2396064,23.367633819580078
2397376,5.260205268859863
2398688,21.960268020629883
2398688,22.913970947265625
2398784,7.94498348236084
2398880,4.484845161437988
2399040,21.395294189453125
2399840,18.950916290283203
2400992,22.429378509521484
2401232,6.911931991577148
2401504,22.8297119140625
2401536,22.95484733581543
2401552,20.855016708374023
2403120,22.435588836669922
2403136,22.062665939331055
2403584,22.10504722595215
2404720,20.494586944580078
2404816,22.06595230102539
2405008,22.955944061279297
2406576,20.539108276367188
2406608,22.8449649810791
2407152,22.873291015625
2407408,4.211167812347412
2407824,22.810346603393555
2408016,22.27264976501465
2408304,21.939611434936523
2408672,22.661165237426758
2409136,22.454078674316406
2409264,23.21723747253418
2409616,22.586597442626953
2410608,21.876453399658203
2410896,5.052043914794922
2411936,23.116806030273438
2412208,11.328402519226074
2412240,22.94900131225586
2413584,22.61445426940918
2413776,22.831323623657227
2414720,20.064807891845703
2415776,5.810934543609619
2416560,8.847196578979492
2417216,21.075870513916016
2417376,7.517899036407471
2418912,21.96322250366211
2419344,21.97220802307129
2419376,22.3414306640625
2419408,23.397621154785156
2422816,15.936086654663086
2424352,22.781679153442383
2424976,15.683967590332031
2425952,22.99394989013672
2426432,22.48767852783203
2427584,21.6831111907959
2428176,14.911919593811035
2428560,21.601232528686523
2429120,5.32751989364624
2430240,9.485591888427734
2430256,22.703105926513672
2430736,19.099895477294922
2431680,15.567508697509766
2432320,23.395946502685547
2432672,14.602153778076172
2433552,22.45600700378418
2433792,19.752639770507812
2436272,22.567020416259766
2436896,2.7811269760131836
2437088,9.465112686157227
2437424,4.374380111694336
2437936,14.928524017333984
2438272,23.053659439086914
2439024,23.00490379333496
2439104,20.349929809570312
2440368,4.000553131103516
2440448,22.630966186523438
2440976,22.183582305908203
2441472,21.905029296875
2441776,22.833358764648438
2442096,22.488298416137695
2443376,16.989646911621094
2445424,8.601988792419434
2445536,7.167541027069092
2445776,2.8989546298980713
2446000,21.990476608276367
2446224,22.808895111083984
2446640,6.29565954208374
2446672,14.318246841430664
2446752,23.614730834960938
2446928,22.835411071777344
2447376,10.0975923538208
2448272,22.8199520111084
2449440,17.430850982666016
2450336,22.572607040405273
2451232,18.335081100463867
2452320,7.861060619354248
2452800,22.859827041625977
2453056,22.954540252685547
2453072,15.414871215820312
2453872,20.464988708496094
2454384,23.656156539916992
2454864,23.063016891479492
2455456,22.67255210876465
2456480,23.514328002929688
2456688,23.30329704284668
2457712,6.0772318840026855
2457968,7.511836528778076
2458608,22.172882080078125
2459488,15.227604866027832
2460240,22.97174835205078
2461568,22.11007308959961
2461936,4.914359092712402
2462160,23.605228424072266
2462176,14.74537467956543
2462544,15.3048734664917
2464176,15.529243469238281
2464880,22.139589309692383
2465104,22.166818618774414
2465424,20.170087814331055
2465584,21.226266860961914
2466128,2.362832546234131
2466480,7.48557186126709
2466768,6.127696990966797
2467616,13.9762601852417
2467888,9.035538673400879
2469968,22.418811798095703
2470640,22.83139991760254
2470864,9.029417037963867
2471216,22.966400146484375
2471216,19.932289123535156
2471344,15.394526481628418
2471568,4.1554460525512695
2472304,24.038625717163086
2472640,6.925469398498535
2473600,22.918609619140625
2473696,22.98487091064453
2474080,21.460718154907227
2474400,22.0945987701416
2474768,20.36927032470703
2475728,22.093982696533203
2476352,23.946067810058594
2476544,22.77241325378418
2477040,21.690670013427734
2477072,14.613479614257812
2478112,22.892221450805664
2478432,20.96286392211914
2479296,18.930280685424805
2479328,14.524665832519531
2479568,6.304281711578369
2480544,5.639688968658447
2482112,22.32001304626465
2482160,22.697795867919922
2483152,22.02304458618164
2483952,15.343388557434082
2484320,23.773855209350586
2485408,15.410261154174805
2485760,23.71440887451172
2486000,4.556036472320557
2486112,15.223800659179688
2486656,23.529001235961914
2487376,21.717924118041992
2487584,21.392744064331055
2488416,6.193387031555176
2489520,20.976240158081055
2489872,11.828717231750488
2489984,20.799291610717773
2490336,21.365943908691406
2490800,21.251386642456055
2492656,15.200491905212402
2493184,22.39162826538086
2493200,23.37143325805664
2493328,23.264158248901367
2493440,23.771055221557617
2493856,22.34808921813965
2494480,23.783958435058594
2494992,14.760842323303223
2495152,15.76934814453125
2495536,23.099407196044922
2495696,23.057668685913086
2495968,7.346424579620361
2496848,21.900117874145508
2496896,23.13616371154785
2497392,22.48514175415039
2498048,21.209659576416016
2498640,22.46906089782715
2498656,22.34893226623535
2498656,21.590009689331055
2499248,8.466867446899414
2500896,22.44039535522461
2501584,23.376953125
2502160,22.526973724365234
2502864,23.081331253051758
2503104,22.74813461303711
2504000,23.081336975097656
2504496,22.74860954284668
2505152,21.549619674682617
2506208,22.89987564086914
2508832,20.421703338623047
2508848,22.29951286315918
2509184,20.881162643432617
2509344,21.119873046875
2509904,22.939233779907227
2509968,8.092350959777832
2510592,20.999725341796875
2511136,6.274041652679443
2511552,14.990701675415039
2512016,2.7617604732513428
2512080,21.11786651611328
2512080,8.112142562866211
2512400,15.450593948364258
2512720,22.503145217895508
2512864,22.02100372314453
2513296,3.7730002403259277
2514848,22.70636558532715
2514912,22.19401741027832
2515088,22.706844329833984
2515280,21.373889923095703
2515632,21.034446716308594
2515696,21.23563575744629
2516480,21.568574905395508
2516496,8.30453872680664
2518176,15.269075393676758
2518432,23.26473617553711
2518944,22.558555603027344
2519184,22.913066864013672
2519232,23.484716415405273
2519504,21.50392723083496
2519760,3.892975330352783
2520240,1.1863394975662231
2521680,22.317466735839844
2521744,21.584550857543945
2521936,22.76560401916504
2522096,15.589960098266602
2522832,20.877704620361328
2523600,21.792804718017578
2524368,15.359344482421875
2524432,23.450326919555664
2524512,8.805419921875
2525264,22.820518493652344
2526416,21.64438819885254
2526976,14.585201263427734
2527152,21.960052490234375
2527184,22.144575119018555
2527584,21.58048439025879
2528912,9.222295761108398
2529072,21.54071807861328
2529328,2.27976655960083
2529728,22.840805053710938
2529824,22.36037826538086
2530048,20.394222259521484
2530256,4.7623724937438965
2530592,22.44049644470215
2531168,20.942020416259766
2531536,22.885244369506836
2532400,22.158370971679688
2532832,22.910024642944336
2533760,22.64528465270996
2535312,22.243061065673828
2535360,4.4417548179626465
2536288,21.52983856201172
2536304,22.811098098754883
2536784,21.143972396850586
2538336,22.84469985961914
2538608,22.351009368896484
2539536,21.948394775390625
2539600,20.959087371826172
2539968,20.745346069335938
2540384,22.454343795776367
2541904,21.738605499267578
2543168,22.958059310913086
2544064,1.5582410097122192
2544240,2.924455404281616
2545024,22.673871994018555
2546528,22.579538345336914
2546672,22.485492706298828
2546864,22.9601993560791
2546992,22.806961059570312
2547392,22.976911544799805
2547472,4.61411190032959
2547888,23.275279998779297
2548768,22.416250228881836
2549184,22.587421417236328
2550032,23.074901580810547
2551392,15.318153381347656
2551472,21.919097900390625
2551664,4.5709547996521
2551776,7.768007755279541
2552304,22.382221221923828
2554096,21.871862411499023
2555424,22.714353561401367
2556000,21.374704360961914
2556304,21.587329864501953
2556736,22.275684356689453
2557680,23.06729507446289
2557680,22.328550338745117
2558432,20.830177307128906
2559056,22.998424530029297
2559264,21.918453216552734
2559936,22.04254722595215
2562000,23.118762969970703
2562304,15.429305076599121
2562816,22.447509765625
2562896,21.700895309448242
2563984,22.37035369873047
2564176,16.43549919128418
2564864,21.030807495117188
2565056,21.676692962646484
2566928,23.026866912841797
2567088,22.356571197509766
2567520,21.16058921813965
2567824,23.431367874145508
2567936,15.05324649810791
2568544,23.093111038208008
2569040,22.10272979736328
2569056,21.210134506225586
2569488,15.53420639038086
2570240,22.75333595275879
2571040,22.956295013427734
2571456,21.978883743286133
2572432,14.787131309509277
2572496,23.180469512939453
2573248,5.703588962554932
2573680,22.365497589111328
2573824,21.60335922241211
2574048,22.8021297454834
2574384,6.200204372406006
2576128,23.828702926635742
2576128,21.5889949798584
2576240,15.239790916442871
2576880,23.367820739746094
2577456,22.383975982666016
2577584,22.17098045349121
2578512,22.353574752807617
2579664,21.084735870361328
2580192,22.46873664855957
2580208,21.379077911376953
2580480,21.464630126953125
2581552,22.649337768554688
2582080,21.665346145629883
2582096,22.112316131591797
2582480,22.721923828125
2583280,23.064556121826172
2583584,22.993698120117188
2583856,21.88739013671875
2583872,8.879676818847656
2584048,22.825359344482422
2585296,21.692054748535156
2586288,19.118505477905273
2586432,19.007661819458008
2586672,22.97359275817871
2586704,5.069709777832031
2586816,9.570486068725586
2586928,21.78957176208496
2587152,21.401981353759766
2588832,14.767204284667969
2589872,20.957744598388672
2590448,8.331355094909668
2590496,22.39466667175293
2591040,22.493600845336914
2591584,4.733733654022217
2592432,21.710264205932617
2592448,15.839156150817871
2593984,22.308801651000977
2594640,21.52153205871582
2595536,21.791728973388672
2597040,22.850038528442383
2597552,15.410284042358398
2597680,23.571897506713867
2597808,3.6056885719299316
2598128,22.83159065246582
2598992,18.791419982910156
2600048,11.038674354553223
2600800,23.37482452392578
2600928,22.414264678955078
2601488,20.794090270996094
2602256,14.606772422790527
2602320,23.337392807006836
2602624,22.541854858398438
2603072,23.15468978881836
2603344,5.697186470031738
2604704,22.62148666381836
2605104,8.109419822692871
2605328,21.763452529907227
2605328,16.892230987548828
2605680,15.15137004852295
2605952,2.1756668090820312
2607008,22.20153045654297
2608032,15.468628883361816
2608384,22.904438018798828
2609824,7.915836334228516
2609904,5.3313727378845215
2610368,5.190153121948242
2610784,22.657655715942383
2610864,4.3625054359436035
2611648,22.970779418945312
2612224,23.06981658935547
2612528,22.81857681274414
2613344,22.306188583374023
2613440,15.299695014953613
2613888,21.249042510986328
2614400,15.395285606384277
2615152,23.09381103515625
2616048,22.81756019592285
2616992,23.864500045776367
2617216,21.48048973083496
2617488,22.825340270996094
2617968,22.264589309692383
2618896,21.917333602905273
2619648,12.81767463684082
2620128,7.388906955718994
2620144,15.594854354858398
2620240,21.62579917907715
2620464,22.686410903930664
2620880,14.808688163757324
2621312,22.50973892211914
2621568,21.843936920166016
2623184,22.709491729736328
2623344,22.9990291595459
2623456,13.531792640686035
2623696,22.13943862915039
2623824,22.240934371948242
2623952,22.896076202392578
2624592,5.289188861846924
2624592,4.622739791870117
2626640,5.2378997802734375
2626848,23.53115463256836
2628736,23.63613510131836
2628944,21.866376876831055
2630624,22.507720947265625
2631200,21.440330505371094
2631936,22.03162956237793
2633872,22.598730087280273
2634528,21.571245193481445
2634608,22.09130859375
2635472,22.894855499267578
2635536,18.610713958740234
2636256,7.295629501342773
2636736,23.082496643066406
2637376,22.812850952148438
2637440,22.491226196289062
2637920,22.614578247070312
2639024,21.550954818725586
2639088,21.514404296875
2639840,22.572948455810547
2640144,23.41261100769043
2640960,21.453699111938477
2641344,5.763666152954102
2641808,14.475449562072754
2642176,3.7043609619140625
2642800,3.136842727661133
2643376,23.615642547607422
2643760,22.846731185913086
2644144,22.410663604736328
2645360,23.33498191833496
2645440,15.037847518920898
2646192,21.868789672851562
2646224,21.267444610595703
2646848,5.043224334716797
2647280,22.01007652282715
2647280,23.305208206176758
2647648,23.159523010253906
2647744,16.93194580078125
2648112,22.812641143798828
2648352,14.5136137008667
2649760,22.152629852294922
2649904,20.464231491088867
2650384,21.297243118286133
2650736,21.71162986755371
2651936,4.2613091468811035
2654048,22.693464279174805
2654240,21.72785186767578
2654512,21.485116958618164
2654896,7.607048511505127
2655216,23.153390884399414
2655328,22.55614471435547
2657072,22.561559677124023
2657184,14.800962448120117
2658496,21.874921798706055
2659264,2.340601921081543
2660736,22.960222244262695
2660896,16.197847366333008
2660896,22.90562629699707
2661120,22.239086151123047
2662912,22.302751541137695
2663168,21.32489585876465
2663696,15.99996280670166
2664464,22.94193458557129
2664800,22.734235763549805
2665936,8.152758598327637
2666656,23.27985191345215
2667008,22.362958908081055
2667264,23.428647994995117
2667440,23.170236587524414
2668144,4.639554023742676
2668480,22.284854888916016
2669536,22.654882431030273
2670144,8.249282836914062
2670208,22.542753219604492
2670304,22.71488380432129
2670560,20.83819007873535
2670672,14.725666999816895
2670960,23.80577850341797
2671680,23.911300659179688
2672352,15.665254592895508
2672352,23.0560359954834
2673072,21.263792037963867
2673904,23.121051788330078
2674752,23.114152908325195
2675232,21.611515045166016
2675504,21.63710594177246
2676032,23.160358428955078
2676176,23.689687728881836
2677376,23.003002166748047
2677728,23.101707458496094
2678112,20.154254913330078
2678128,14.101998329162598
2679760,22.496688842773438
2680112,21.625778198242188
2680768,22.71792221069336
2681312,21.859668731689453
2681376,22.885448455810547
2681696,22.35204315185547
2681744,23.04551124572754
2682928,7.271190643310547
2683296,22.758432388305664
2683552,20.641048431396484
2683808,21.034399032592773
2684288,22.114013671875
2684432,22.967519760131836
2685424,21.822742462158203
2686720,22.226154327392578
2686768,21.688013076782227
2687344,22.415435791015625
2687504,23.229854583740234
2688032,20.500957489013672
2688128,22.28588104248047
2688832,23.264490127563477
2689104,22.470674514770508
2689568,5.581295967102051
2689664,23.114282608032227
2690352,21.95646858215332
2690896,22.402467727661133
2691520,21.608060836791992
2691648,22.050249099731445
2691664,21.562503814697266
2692656,1.1891570091247559
2693056,22.696107864379883
2693408,20.98203468322754
2693968,22.76288414001465
2693968,4.712595462799072
2693968,21.534564971923828
2694720,2.570305109024048
2694960,20.90265655517578
2695760,21.342578887939453
2696288,22.082759857177734
2696480,23.660314559936523
2697440,23.284717559814453
2697504,20.641321182250977
2699696,22.4929141998291
2702304,22.926511764526367
2702336,14.254903793334961
2702624,15.059956550598145
2703024,2.532409906387329
2703168,15.405597686767578
2703216,9.020381927490234
2703712,14.839831352233887
2704112,20.652599334716797
2704448,19.77750015258789
2704448,3.826594829559326
2705712,6.736727237701416
2705792,14.588237762451172
2706544,22.5664119720459
2708032,21.78595733642578
2708288,18.461875915527344
2708352,21.041975021362305
2708960,22.604482650756836
2709120,4.904568672180176
2709408,14.4566650390625
2709792,3.5920567512512207
2711408,22.05318260192871
2711584,23.069698333740234
2712480,21.753623962402344
2712656,21.720298767089844
2713024,22.579090118408203
2713664,21.409751892089844
2714912,22.20431900024414
2715824,4.358138561248779
2716576,22.115163803100586
2716608,23.25653076171875
2717232,22.184961318969727
2717888,14.494771957397461
2718416,15.788738250732422
2719040,14.488960266113281
2719040,22.01897430419922
2719088,23.771337509155273
2719536,21.524930953979492
2719808,23.680049896240234
2719920,22.586721420288086
2720208,22.52083396911621
2722080,22.38250160217285
2722592,23.285276412963867
2722608,21.245161056518555
2723696,22.52406120300293
2723792,21.267536163330078
2724048,21.928157806396484
2724688,21.572032928466797
2725200,5.9850616455078125
2725600,23.73731803894043
2726016,3.808481216430664
2727360,5.709009647369385
2728256,22.413406372070312
2729664,4.417468070983887
2729680,23.897598266601562
2729968,1.9833736419677734
2730400,22.15865707397461
2730976,21.319297790527344
2731616,22.589229583740234
2732272,22.93988800048828
2732880,20.65547752380371
2733216,21.58075714111328
2733328,21.11407470703125
2733376,20.655214309692383
2733568,23.078794479370117
2733984,8.72608470916748
2734336,5.278017044067383
2735216,21.274330139160156
2736848,22.400291442871094
2737536,19.37677574157715
2738192,22.09566879272461
2738656,2.264355421066284
2738672,22.389812469482422
2740528,22.99302101135254
2741104,23.71464729309082
2742080,7.216749668121338
2742896,21.752765655517578
2744032,23.141937255859375
2744032,21.5184383392334
2745888,23.02811622619629
2746528,22.927614212036133
2747104,21.890167236328125
2747936,22.820186614990234
2749248,23.966285705566406
2749392,7.356794834136963
2749488,21.333343505859375
2749712,23.714677810668945
2750640,6.566011428833008
2751280,23.165544509887695
2752608,23.679569244384766
2752848,22.3881778717041
2753088,21.69264793395996
2753552,20.553468704223633
2753680,22.625953674316406
2754288,23.358943939208984
2755968,14.299376487731934
2756240,22.582860946655273
2756576,21.82819366455078
2756656,22.69367218017578
2757232,22.22240447998047
2759536,22.264591217041016
2760496,3.1418373584747314
2762144,21.464323043823242
2762416,4.386818885803223
2762480,15.26298999786377
2762496,22.850994110107422
2762544,21.772937774658203
2762592,22.444164276123047
2762704,14.705167770385742
2763136,21.5450496673584
2764352,20.956470489501953
2765632,19.34103775024414
2766752,11.783686637878418
2767616,15.237488746643066
2768656,4.445857048034668
2769504,23.188100814819336
2769648,22.583717346191406
2770304,22.811342239379883
2770768,21.81937599182129
2772192,7.48543119430542
2772384,22.83100128173828
2772592,4.277490615844727
2773936,22.678035736083984
2776144,23.28530502319336
2777040,23.80359649658203
2778192,20.769607543945312
2778448,22.47490882873535
2780608,22.056243896484375
2780992,7.887376308441162
2781072,15.615259170532227
2781808,11.560396194458008
2782048,22.721155166625977
2782048,22.438444137573242
2784160,22.882564544677734
2784416,21.961048126220703
2784480,22.306638717651367
2784576,22.144128799438477
2784672,14.751837730407715
2785584,22.673952102661133
2787584,11.220246315002441
2788096,22.412986755371094
2788160,21.824323654174805
2788288,23.01755142211914
2789072,21.733671188354492
2790192,22.100950241088867
2790752,21.759431838989258
2791216,22.076133728027344
2791488,21.942827224731445
2791936,21.435745239257812
2792208,21.506227493286133
2792368,4.611786842346191
2792736,22.19712257385254
2793728,2.2921648025512695
2794160,14.394479751586914
2794672,22.300024032592773
2794800,15.470458984375
2794896,20.67768669128418
2795328,22.41238021850586
2795440,17.62502670288086
2796464,22.51850128173828
2797280,23.16220474243164
2798288,22.798355102539062
2798432,22.106164932250977
2798448,6.261008262634277
2799840,22.499067306518555
2800000,22.463573455810547
2800192,16.075572967529297
2802192,3.5528106689453125
2802464,22.047237396240234
2802576,21.961944580078125
2802944,3.096388578414917
2803488,19.48465347290039
2804320,22.14116668701172
2805648,22.922964096069336
2806032,23.19327735900879
2806080,22.36731719970703
2806208,21.952922821044922
2806368,14.052249908447266
2806384,4.231477737426758
2806496,22.866666793823242
2806992,23.34682846069336
2807776,22.931427001953125
2808240,14.972003936767578
2808608,22.329133987426758
2809536,23.258399963378906
2809680,23.674602508544922
2809968,23.420454025268555
2810048,23.276185989379883
2810352,21.92464256286621
2810576,21.49907684326172
2810784,1.1375963687896729
2811056,17.30819320678711
2812160,22.288475036621094
2812640,22.36701011657715
2813120,16.343950271606445
2813424,21.83566665649414
2813760,18.436677932739258
2815376,11.706754684448242
2816160,23.295331954956055
2816768,22.09031105041504
2816816,2.2275853157043457
2817120,24.0817813873291
2817504,11.140746116638184
2817776,22.1731014251709
2818576,21.09729766845703
2819376,23.08368492126465
2819408,14.92744255065918
2819728,6.195522785186768
2819936,15.720853805541992
2819984,23.576740264892578
2820384,23.06972885131836
2820448,22.67538833618164
2820624,23.305339813232422
2821152,23.34060287475586
2821392,22.78643798828125
2821888,5.094001293182373
2822000,13.907414436340332
2823280,23.072551727294922
2823376,23.50206184387207
2823424,22.372224807739258
2824032,22.322519302368164
2824512,4.09976863861084
2824720,22.26203155517578
2825024,22.308429718017578
2826960,22.091840744018555
2827456,6.0364227294921875
2827504,22.998779296875
2827568,21.185527801513672
2827664,21.353178024291992
2827904,21.720474243164062
2828288,22.626771926879883
2829088,8.28335189819336
2829184,23.131141662597656
2829296,23.347339630126953
2829600,1.181862235069275
2830288,4.905474662780762
2830560,21.432348251342773
2831104,23.148141860961914
2831632,23.806657791137695
2831808,22.699018478393555
2831808,2.944894552230835
2833632,23.495275497436523
2833824,22.810640335083008
2834064,22.0584774017334
2834160,23.068180084228516
2834992,8.723289489746094
2835088,22.9490909576416
2836368,15.918144226074219
2837424,21.741127014160156
2837968,22.848039627075195
2838528,22.303668975830078
2838608,22.633129119873047
2838608,22.25078773498535
2840768,4.582508563995361
2840960,1.921642780303955
2842176,22.759265899658203
2844272,22.68893051147461
2844320,21.60518455505371
2844400,17.3142147064209
2844480,24.025497436523438
2845744,15.492578506469727
2845856,21.55778694152832
2845984,22.366579055786133
2846384,10.467267036437988
2847744,4.133309364318848
2847952,21.108871459960938
2848080,23.21166229248047
2848256,21.621715545654297
2848496,2.725752830505371
2849312,23.038204193115234
2849376,22.58228302001953
2849392,22.18226432800293
2849632,13.920912742614746
2851424,22.966808319091797
2851696,19.431180953979492
2851824,22.538328170776367
2852080,23.089689254760742
2852096,23.763986587524414
2855024,21.669931411743164
2855264,22.86250877380371
2855408,22.016817092895508
2856080,14.362496376037598
2856144,16.299198150634766
2856416,22.503480911254883
2856448,23.40317153930664
2857456,22.743852615356445
2857456,21.61324119567871
2858656,21.514942169189453
2858800,23.366477966308594
2858928,22.539026260375977
2859648,22.634553909301758
2859648,22.963253021240234
2859952,20.587392807006836
2861504,21.861064910888672
2861904,16.392141342163086
2862272,14.732071876525879
2862560,21.625308990478516
2863680,20.90752410888672
2865376,22.548498153686523
2865440,22.925949096679688
2865744,22.20378303527832
2866096,16.450925827026367
2866224,7.377799034118652
2866480,10.4071044921875
2866592,17.683961868286133
2867104,9.206794738769531
2867312,23.058961868286133
2867920,19.787738800048828
2868544,23.136777877807617
2869008,22.708744049072266
2870016,20.895071029663086
2870112,23.56646156311035
2872096,23.397188186645508
2872304,18.206886291503906
2872560,20.046772003173828
2872736,22.662437438964844
2873248,21.962875366210938
2874720,23.246274948120117
2875120,14.819273948669434
2875632,22.196887969970703
2875840,22.327762603759766
2876272,22.850383758544922
2876736,21.67670440673828
2877744,22.80350112915039
2877840,22.425426483154297
2877888,22.202415466308594
2878960,2.445607900619507
2880640,24.03784942626953
2880720,19.18136978149414
2881840,23.104129791259766
2882400,21.632305145263672
2882624,21.98615264892578
2883088,10.439160346984863
2883584,22.19312286376953
2884224,20.87582015991211
2884288,23.041709899902344
2885024,24.896533966064453
2885056,22.556852340698242
2885392,22.378454208374023
2885456,15.293465614318848
2887216,22.670560836791992
2887664,21.450016021728516
2887792,21.81305694580078
2888992,22.079967498779297
2889632,21.968297958374023
2890320,21.15044403076172
2890432,1.1201545000076294
2891328,23.042137145996094
2891728,15.680636405944824
2893360,22.964981079101562
2893632,23.17963409423828
2894016,23.293052673339844
2894464,23.50017738342285
2894480,20.566797256469727
2894896,21.150650024414062
2895600,2.386977195739746
2896784,23.395112991333008
2896992,22.77899932861328
2897648,22.192628860473633
2898544,22.472930908203125
2899808,22.594209671020508
2901152,22.074106216430664
2903904,21.94135284423828
2903968,22.437114715576172
2904192,23.544702529907227
2904752,23.661766052246094
2905904,15.599369049072266
2906080,21.19089698791504
2906112,21.970346450805664
2906656,3.1498491764068604
2906672,8.307168006896973
2906784,4.967971324920654
2907088,22.931842803955078
2907136,21.963274002075195
2907392,21.620811462402344
2907424,22.716886520385742
2907488,22.323928833007812
2907744,22.124814987182617
2908528,20.00041389465332
2910304,23.03049659729004
2910528,21.604740142822266
2910912,21.17736053466797
2911040,21.99788475036621
2911568,22.672386169433594
2913328,22.099193572998047
2913696,23.647226333618164
2914432,16.50908088684082
2916480,23.074291229248047
2916752,22.14244842529297
2917232,21.449684143066406
2917680,22.981962203979492
2917920,7.193264961242676
2918128,22.732343673706055
2918192,22.060983657836914
2918384,22.55763816833496
2920048,22.603858947753906
2920352,23.213119506835938
2920784,22.2316951751709
2921600,23.095355987548828
2921744,22.577451705932617
2922512,21.722204208374023
2922704,22.21204948425293
2922816,21.453567504882812
2923408,22.285491943359375
2923568,21.476049423217773
2923888,22.132291793823242
2924256,15.116897583007812
2924304,22.743467330932617
2924960,22.91490936279297
2926240,21.56125831604004
2926704,9.1756591796875
2927168,22.044178009033203
2927296,15.366791725158691
2928464,22.264955520629883
2928704,22.100677490234375
2929552,14.737418174743652
2930096,22.81584358215332
2930832,22.23296546936035
2931216,22.122575759887695
2931312,15.48804759979248
2931360,22.044055938720703
2932976,22.615365982055664
2933632,21.887903213500977
2934800,22.73860740661621
2934832,22.92491912841797
2935840,8.227825164794922
2936432,22.17079734802246
2936704,20.907302856445312
2936816,21.95530891418457
2937104,23.2602481842041
2937248,22.696395874023438
2937280,22.28626823425293
2937408,14.756961822509766
2937552,3.8939223289489746
2937632,15.56493091583252
2938400,22.651470184326172
2939024,13.992243766784668
2940640,22.208070755004883
2940896,22.26308822631836
2941008,22.727413177490234
2941968,22.191036224365234
2942080,22.911523818969727
2942576,22.559123992919922
2943024,21.10010528564453
2944080,23.88243293762207
2944112,22.391382217407227
2944608,22.626346588134766
2946160,22.426490783691406
2946480,15.689319610595703
2947040,21.23162078857422
2947808,23.651765823364258
2951296,23.541654586791992
2951344,23.08296012878418
2951472,22.78317642211914
2952384,22.102073669433594
2953824,22.13872718811035
2954896,21.167123794555664
2955104,23.231447219848633
2955120,22.459381103515625
2958048,23.293807983398438
2958464,21.757831573486328
2959168,23.713308334350586
2960704,22.994422912597656
2961424,22.54476547241211
2961440,16.267759323120117
2961776,22.27711296081543
2962176,21.42938995361328
2962672,22.732746124267578
2962928,22.49427032470703
2963104,19.919145584106445
2963712,4.909731388092041
2964064,22.44845962524414
2964496,22.437313079833984
2964512,6.9975409507751465
2964752,22.984071731567383
2965008,21.624996185302734
2965040,23.13410186767578
2965776,22.463863372802734
2966224,22.381439208984375
2966624,6.390235900878906
2967264,22.744304656982422
2968112,22.27667808532715
2968512,22.64702606201172
2969216,21.532678604125977
2969744,23.944522857666016
2970176,22.351821899414062
2970560,15.851441383361816
2970912,21.68325424194336
2971168,22.33034324645996
2971744,13.111753463745117
2972224,23.502527236938477
2973344,22.942304611206055
2973760,22.670696258544922
2975152,21.652301788330078
2975216,22.335735321044922
2975792,23.720529556274414
2976480,21.713537216186523
2976880,23.615047454833984
2978720,22.670982360839844
2978752,23.138628005981445
2978880,21.35744857788086
2979408,23.614171981811523
2980816,22.897384643554688
2981792,22.604049682617188
2981968,22.046281814575195
2982240,22.328264236450195
2982512,21.411399841308594
2984544,21.818119049072266
2985392,22.354185104370117
2985584,23.549365997314453
2985664,10.23535442352295
2985968,22.834199905395508
2986240,22.325347900390625
2987232,16.655517578125
2988224,4.614177227020264
2988496,22.228471755981445
2989280,22.722379684448242
2989808,22.70509910583496
2990224,22.973682403564453
2991072,21.62828826904297
2991120,11.581263542175293
2991360,21.985265731811523
2991552,21.40542984008789
2992112,23.42139434814453
2993056,22.96251106262207
2993104,21.534765243530273
2993392,7.5341997146606445
2994656,20.713024139404297
2994976,22.33147621154785
2994992,22.22460174560547
2995664,1.949319839477539
2996064,4.695539951324463
2996192,12.058253288269043
2996272,23.186140060424805
2996560,10.594460487365723
2996752,23.26032257080078
2997040,22.93915557861328
2997040,11.55593490600586
2997088,3.9544949531555176
2999328,22.843852996826172
2999936,22.197086334228516
3001328,22.669021606445312
3001728,23.271808624267578
3002080,3.4867758750915527
3002848,22.335838317871094
3002896,21.88350486755371
3002992,7.816456317901611
3003072,22.58428955078125
3003200,20.091777801513672
3003728,22.409862518310547
3003776,22.944700241088867
3003904,23.287904739379883
3005088,21.532678604125977
3005248,22.96144676208496
3006016,21.917932510375977
3006288,5.81101655960083
3006480,22.279010772705078
3006512,23.43971061706543
3006576,20.955270767211914
3006736,23.01087760925293
3007184,22.741119384765625
3007264,2.247478485107422
3007440,21.056543350219727
3008048,5.473833084106445
3009648,21.17130470275879
3010800,22.56864356994629
3010864,22.16596031188965
3012112,22.682161331176758
3013072,7.485986232757568
3013264,22.54207992553711
3013728,22.220043182373047
3014432,22.309009552001953
3015920,22.7421817779541
3017200,23.255762100219727
3017936,23.687183380126953
3018064,22.546844482421875
3018752,21.285375595092773
3019104,9.753327369689941
3019408,21.505367279052734
3019616,21.55365562438965
3019984,23.498790740966797
3020288,22.82111167907715
3020400,21.924985885620117
3020448,21.749658584594727
3020912,22.554527282714844
3021280,23.55254554748535
3021552,21.446367263793945
3021664,23.537029266357422
3022272,21.526765823364258
3022640,23.027481079101562
3022992,21.382911682128906
3023136,12.044785499572754
3023152,19.856449127197266
3023536,22.72327423095703
3024112,22.289419174194336
3024656,20.668251037597656
3026592,22.774890899658203
3026640,23.324066162109375
3027152,22.617515563964844
3027712,21.054048538208008
3028288,22.331890106201172
3028512,21.475666046142578
3030160,23.031097412109375
3030464,24.273231506347656
3030720,22.903621673583984
3031072,14.66897964477539
3031088,22.286386489868164
3031328,22.852497100830078
3031776,2.5598108768463135
3031872,22.994749069213867
3032352,22.828006744384766
3032512,5.920900821685791
3033568,15.997081756591797
3033760,22.117828369140625
3033984,21.640485763549805
3034672,23.3161563873291
3035264,23.45440673828125
3035408,15.109406471252441
3035952,9.640358924865723
3037520,14.52340316772461
3038592,5.166224956512451
3038944,22.82393455505371
3039648,22.435325622558594
3040368,22.376510620117188
3041056,23.61467170715332
3042768,23.315568923950195
3043552,5.842750549316406
3043776,1.9873806238174438
3044032,22.73776626586914
3044672,21.819334030151367
3045296,21.68331527709961
3046720,22.585542678833008
3046976,22.506736755371094
3047040,9.254414558410645
3047072,3.387789249420166
3047296,22.056623458862305
3047664,23.489595413208008
3048048,22.01665496826172
3050128,22.323230743408203
3050320,23.451581954956055
3050576,21.175405502319336
3050896,23.3967227935791
3051120,22.239513397216797
3051184,22.948213577270508
3051728,22.265216827392578
3052288,23.221975326538086
3054352,14.615304946899414
3057680,22.393383026123047
3057968,21.002254486083984
3058016,22.684829711914062
3058240,23.194183349609375
3058320,22.671144485473633
3058800,23.049549102783203
3059744,9.931562423706055
3060304,22.547691345214844
3060400,2.6845312118530273
3062016,22.026891708374023
3062240,22.015321731567383
3062448,23.206846237182617
3064368,10.609575271606445
3064720,22.58320426940918
3064800,21.36518669128418
3064832,21.433429718017578
3064832,23.489543914794922
3064864,22.711719512939453
3064896,22.306501388549805
3065456,22.91422462463379
3065744,23.06363296508789
3068336,23.077451705932617
3068992,5.655341148376465
3069168,23.204858779907227
3069232,21.328800201416016
3069392,15.000740051269531
3071072,9.036632537841797
3071376,22.657255172729492
3071616,14.32982349395752
3071648,22.339601516723633
3072032,18.17807960510254
3072064,23.01487922668457
3072848,23.110679626464844
3074496,23.35795021057129
3074704,22.88650131225586
3074704,16.008464813232422
3074944,22.30618667602539
3075376,21.320722579956055
3076160,5.338427543640137
3078352,22.027389526367188
3078576,23.11102294921875
3078720,23.09426498413086
3078768,22.136241912841797
3078800,22.104393005371094
3079120,16.173389434814453
3079936,23.097105026245117
3080048,18.368589401245117
3080560,9.463899612426758
3080656,8.419953346252441
3081744,23.16668128967285
3082048,20.99454116821289
3082352,14.63284969329834
3083488,22.53816032409668
3084112,2.0147318840026855
3084112,22.036293029785156
3085408,21.643951416015625
3085584,22.437990188598633
3085984,21.953369140625
3086336,15.802245140075684
3087744,22.591705322265625
3087760,22.37716293334961
3088896,22.58328628540039
3089072,22.663768768310547
3089264,17.458999633789062
3089568,21.37581443786621
3089936,22.12173080444336
3090320,4.7558488845825195
3091152,19.584304809570312
3091344,23.51749610900879
3091344,22.97999382019043
3092480,21.724411010742188
3092624,22.641145706176758
3092688,23.184619903564453
3093040,23.771053314208984
3093232,14.84728717803955
3093280,22.19467544555664
3093472,22.106693267822266
3093968,21.41672706604004
3094240,9.119373321533203
3095616,23.14923667907715
3096672,22.14223289489746
3096912,21.890846252441406
3098256,14.563937187194824
3099488,21.594877243041992
3099616,21.965417861938477
3099648,21.06937599182129
3100256,23.847949981689453
3100528,22.922683715820312
3102080,20.954055786132812
3102688,23.657360076904297
3102688,22.99407196044922
3103200,23.48365020751953
3104112,22.567380905151367
3104848,22.896448135375977
3104912,20.37274932861328
3105264,22.644609451293945
3105680,21.255033493041992
3106320,7.851016521453857
3106688,22.700103759765625
3108496,22.960948944091797
3108704,23.152597427368164
3108992,16.30909538269043
3109360,20.59769630432129
3109760,22.562543869018555
3109984,21.679107666015625
3110224,21.506664276123047
3112160,23.37572479248047
3112336,21.256973266601562
3113328,15.382538795471191
3113328,22.196475982666016
3113344,23.343355178833008
3113488,22.211929321289062
3116112,24.445894241333008
3116160,24.082069396972656
3116352,23.867233276367188
3116688,21.84809112548828
3116928,21.978397369384766
3117424,22.3384952545166
3119648,23.599285125732422
3120080,24.114198684692383
3121456,22.63589859008789
3121520,21.377769470214844
3122928,22.364112854003906
3123008,21.182268142700195
3123632,23.552562713623047
3124032,19.47931480407715
3124736,23.17435646057129
3126352,22.35843276977539
3126496,22.078336715698242
3127200,22.60039710998535
3127536,22.19776725769043
3127552,22.519262313842773
3127856,7.246302127838135
3128064,22.30858039855957
3128192,23.20766830444336
3128560,22.42865753173828
3131440,20.27774429321289
3131696,23.698650360107422
3131920,21.692289352416992
3132368,25.20275115966797
3132592,22.66755485534668
3133184,23.89404296875
3134000,23.21598243713379
3134704,20.128938674926758
3134768,22.822351455688477
3135104,23.125431060791016
3135712,2.153592109680176
3136080,22.435190200805664
3136608,15.746170997619629
3136912,7.309561252593994
3138368,8.785194396972656
3138448,22.631996154785156
3138800,23.1142520904541
3141248,21.344663619995117
3141680,5.910726547241211
3141792,23.704957962036133
3141936,21.124731063842773
3142400,22.564760208129883
3142688,21.458158493041992
3142688,3.966360330581665
3143056,23.354909896850586
3143824,22.973615646362305
3145440,21.234542846679688
3145808,23.327680587768555
3145840,22.844541549682617
3146960,22.109874725341797
3147424,22.998565673828125
3150112,23.122512817382812
3150800,23.16837501525879
3150928,23.308937072753906
3151168,23.217391967773438
3153136,22.46878433227539
3154384,22.085412979125977
3154464,22.85042381286621
3155168,22.32468032836914
3155824,22.398578643798828
3156240,22.405649185180664
3156736,23.12823486328125
3157296,22.880203247070312
3158320,21.893898010253906
3159104,21.231189727783203
3159264,22.468299865722656
3159744,23.57662582397461
3160208,23.56112289428711
3161520,21.780912399291992
3161808,23.553329467773438
3161840,23.28120231628418
3163344,22.424240112304688
3163888,22.398151397705078
3164320,21.188947677612305
3164368,19.960330963134766
3165008,22.490318298339844
3165376,21.505361557006836
3166336,22.176340103149414
3166464,10.259881019592285
3166544,23.546804428100586
3166672,22.425289154052734
3166688,22.576894760131836
3167296,19.138397216796875
3167344,23.252023696899414
3168512,11.827165603637695
3168960,22.942556381225586
3168992,15.113203048706055
3171664,15.1364107131958
3171872,23.748350143432617
3172272,22.779586791992188
3173680,22.43941307067871
3175856,20.844741821289062
3176016,23.53964614868164
3176128,22.88543701171875
3176336,22.86096954345703
3177552,22.87250518798828
3178400,23.303997039794922
3178784,23.294912338256836
3179136,23.317771911621094
3179696,23.116588592529297
3180800,23.566749572753906
3180928,23.492023468017578
3182000,23.2979793548584
3182336,22.746173858642578
3182800,21.895263671875
3183056,23.398448944091797
3183776,20.991735458374023
3184064,23.188085556030273
3184528,23.032594680786133
3184928,18.94061851501465
3185040,23.45163345336914
3185344,7.0960869789123535
3185488,22.506633758544922
3185600,21.763032913208008
3186752,22.9121150970459
3187360,22.32523536682129
3187952,22.002656936645508
3188000,23.02066993713379
3188112,24.35336685180664
3188384,22.527931213378906
3190112,21.138904571533203
3190144,21.500505447387695
3190352,19.748380661010742
3190896,17.70785903930664
3191024,17.16031265258789
3191248,15.16360092163086
3191680,9.287272453308105
3192496,8.31658935546875
3193536,23.083189010620117
3193776,23.93340492248535
3194064,7.106264591217041
3194752,23.11638832092285
3195264,22.775911331176758
3195584,22.532794952392578
3196016,23.56461524963379
3196464,23.747543334960938
3197184,21.948911666870117
3197200,22.90283203125
3197376,23.27627944946289
3198016,10.998847961425781
3198160,4.867203712463379
3198432,22.51313591003418
3198896,22.021635055541992
3201072,21.457679748535156
3201072,22.820289611816406
3201376,23.264415740966797
3203104,22.770322799682617
3204304,22.398826599121094
3204656,23.185558319091797
3204784,1.9898532629013062
3205136,22.417619705200195
3205184,4.8167829513549805
3205216,16.868818283081055
3207136,22.99775505065918
3208160,21.931095123291016
3208288,9.536516189575195
3208336,22.438920974731445
3208368,22.111635208129883
3208448,21.86736488342285
3208704,20.707311630249023
3208784,22.355161666870117
3209792,22.87000846862793
3210592,22.19928741455078
3211936,23.035364151000977
3212288,22.974905014038086
3213088,5.6275315284729
3213360,22.978755950927734
3214080,22.776113510131836
3215232,22.16191864013672
3217984,22.135927200317383
3219056,21.88828468322754
3219296,22.11503028869629
3219968,19.12990951538086
3221488,23.19657325744629
3222464,18.351064682006836
3222640,15.480218887329102
3222864,22.82935333251953
3223184,23.654987335205078
3223600,23.682727813720703
3223840,21.67317008972168
3223904,5.190482139587402
3223936,7.598823070526123
3224448,21.698232650756836
3226240,22.90457534790039
3227152,23.893478393554688
3227200,22.919654846191406
3227456,22.876232147216797
3227712,22.749147415161133
3228576,22.04055404663086
3229808,23.062952041625977
3230128,18.355928421020508
3230688,23.905134201049805
3230720,13.063222885131836
3231056,22.570335388183594
3231456,14.9608736038208
3232112,1.7585864067077637
3233184,22.82351303100586
3233440,22.775545120239258
3233568,23.775562286376953
3233616,22.45285987854004
3234400,22.511850357055664
3234496,22.432010650634766
3234560,22.41904640197754
3234960,22.737966537475586
3237072,15.708507537841797
3237120,22.56159210205078
3237632,12.193587303161621
3239136,22.244665145874023
3240672,23.25298500061035
3241216,22.524831771850586
3241296,4.168385028839111
3241504,23.130239486694336
3241568,23.351892471313477
3241664,22.796344757080078
3242128,23.3920841217041
3242720,22.99115562438965
3243280,15.561203002929688
3243456,1.7220051288604736
3243952,14.694212913513184
3244144,23.605375289916992
3244272,22.527973175048828
3245104,17.266258239746094
3246544,21.650447845458984
3247664,4.1306023597717285
3247680,16.614181518554688
3247760,21.279523849487305
3248544,22.939285278320312
3250320,22.768972396850586
3250640,19.136903762817383
3250752,22.70064353942871
3250976,23.454938888549805
3251216,23.147769927978516
3251248,21.555158615112305
3251312,22.871070861816406
3251456,21.550899505615234
3252240,21.826330184936523
3253264,22.770410537719727
3254288,22.023386001586914
3255264,11.46097183227539
3255632,1.3962844610214233
3255952,23.228845596313477
3258080,21.807538986206055
3258320,23.26918601989746
3258368,22.93172836303711
3258608,23.286991119384766
3259584,21.66813850402832
3260896,11.7876558303833
3260960,21.40532875061035
3261472,23.252809524536133
3261728,23.561227798461914
3261792,17.115320205688477
3261856,23.179977416992188
3264624,21.760576248168945
3265040,22.46721076965332
3265440,23.610504150390625
3265776,22.10262680053711
3266384,23.008241653442383
3266640,21.918251037597656
3266656,22.292789459228516
3266736,22.535221099853516
3266960,8.403202056884766
3267648,16.302310943603516
3268128,22.87525177001953
3268832,22.523136138916016
3268976,23.99500846862793
3270064,23.22629165649414
3270224,22.2288818359375
3270400,20.068010330200195
3270400,21.239299774169922
3271744,23.703384399414062
3271760,22.102394104003906
3272400,21.23894691467285
3273152,23.4487361907959
3273664,22.563783645629883
3273776,23.133581161499023
3275552,22.234506607055664
3277696,23.67338752746582
3278832,23.51597023010254
3278976,22.315196990966797
3279152,23.63087272644043
3280368,23.529712677001953
3280784,21.497848510742188
3280816,22.157238006591797
3281136,22.351490020751953
3282384,22.677797317504883
3282592,18.958993911743164
3282736,15.755094528198242
3283968,23.033117294311523
3284416,22.578834533691406
3285248,19.06980323791504
3285616,23.59465217590332
3286000,22.842552185058594
3288112,11.383405685424805
3288160,22.556291580200195
3289776,3.06291127204895
3289872,22.96210479736328
3290544,21.81716537475586
3291024,17.0123348236084
3291504,23.621212005615234
3292224,23.507143020629883
3293168,22.915451049804688
3295472,22.56769561767578
3295616,21.50577163696289
3296000,23.654088973999023
3296048,23.959890365600586
3296704,21.0487060546875
3296800,22.65914535522461
3297040,23.3192138671875
3297136,22.54057502746582
3299008,23.56528663635254
3299200,21.150211334228516
3299648,22.644817352294922
3300320,23.800268173217773
3300384,23.666767120361328
3300608,23.745092391967773
3301056,8.912614822387695
3302416,21.97508430480957
3302560,20.204572677612305
3303264,22.132966995239258
3303840,22.049671173095703
3305872,24.469789505004883
3306080,23.049304962158203
3306112,21.69156265258789
3306784,21.872304916381836
3307328,23.593900680541992
3307520,4.938918113708496
3307840,24.123262405395508
3308032,21.201560974121094
3308976,23.163904190063477
3309616,23.000459671020508
3309696,22.677650451660156
3310240,20.470226287841797
3311296,22.796113967895508
3313072,22.32280158996582
3313280,23.798561096191406
3313392,23.644624710083008
3314144,13.928921699523926
3314544,22.367673873901367
3315536,22.985448837280273
3315808,23.537246704101562
3316672,22.844022750854492
3316784,22.353485107421875
3317072,23.565847396850586
3317456,24.05031394958496
3317872,23.18661117553711
3318768,23.047958374023438
3319040,23.784503936767578
3319344,22.760244369506836
3319504,19.758420944213867
3321008,22.342891693115234
3321712,22.381086349487305
3322432,23.213909149169922
3322496,16.646602630615234
3322576,21.95789909362793
3323952,23.652690887451172
3324016,23.112340927124023
3324160,22.38228416442871
3324736,18.079030990600586
3325984,23.07524871826172
3326048,21.771177291870117
3326928,8.212599754333496
3327552,23.13412857055664
3327552,22.229961395263672
3327680,22.89995574951172
3328192,22.241947174072266
3328512,5.9592790603637695
3328688,5.620915412902832
3329520,23.021936416625977
3329584,16.899036407470703
3329696,23.081132888793945
3330464,22.296607971191406
3331008,21.723154067993164
3331936,2.1542580127716064
3332240,14.250511169433594
3333232,22.644500732421875
3333312,22.23435401916504
3333408,1.2187517881393433
3334320,19.64385414123535
3337408,11.12731647491455
3337424,3.910811424255371
3337648,23.108169555664062
3339024,11.920299530029297
3339424,14.019028663635254
3340112,2.819350004196167
3340640,23.296279907226562
3341296,22.766887664794922
3341728,21.010683059692383
3342016,3.1392452716827393
3342592,23.40745735168457
3342720,9.115254402160645
3344016,23.747196197509766
3344192,22.80208969116211
3344240,15.798113822937012
3344976,23.147388458251953
3345184,8.166872024536133
3347296,23.16075897216797
3347424,5.5128302574157715
3347744,21.436275482177734
3348608,22.64816665649414
3349248,23.24505043029785
3349952,22.25096893310547
3349968,21.96361541748047
3350224,22.778100967407227
3350896,22.476869583129883
3351232,23.512664794921875
3351936,21.887399673461914
3352544,22.178295135498047
3352800,18.836345672607422
3354400,22.982362747192383
3354784,21.608469009399414
3354864,17.94615936279297
3356336,23.583843231201172
3356944,23.46816635131836
3357232,23.524078369140625
3358512,23.04668426513672
3359504,23.898775100708008
3359584,21.598344802856445
3359888,22.595022201538086
3360336,15.02076244354248
3360656,15.878325462341309
3361984,21.286054611206055
3363008,21.8863525390625
3363264,23.091888427734375
3363520,22.44908905029297
3363904,19.484642028808594
3364176,22.550434112548828
3364368,22.10077667236328
3365616,22.273231506347656
3366432,22.992685317993164
3367632,22.458961486816406
3367888,23.632352828979492
3369280,22.895263671875
3370016,23.08820915222168
3370208,23.380718231201172
3370976,22.25994873046875
3371184,23.631113052368164
3371216,22.89311408996582
3372496,21.844432830810547
3373456,22.88943862915039
3373600,22.469236373901367
3374672,22.86789894104004
3374752,22.502504348754883
3374784,22.275222778320312
3376400,22.857257843017578
3376960,21.85610580444336
3377184,22.639873504638672
3377504,21.63679313659668
3377680,22.048973083496094
3377840,23.202625274658203
3377984,20.9100399017334
3378256,22.29051399230957
3378272,21.94562339782715
3379792,21.230878829956055
3379968,22.43838119506836
3380512,24.055627822875977
3381456,22.90789794921875
3381856,23.752456665039062
3382576,20.363624572753906
3382944,17.546968460083008
3384080,21.488224029541016
3384192,22.748790740966797
3385232,22.868249893188477
3385264,18.95696258544922
3385472,21.94986343383789
3386224,23.4218692779541
3386464,19.645702362060547
3387584,19.258615493774414
3388240,22.898361206054688
3388672,23.741107940673828
3389072,22.950786590576172
3390320,22.589099884033203
3390544,21.61942481994629
3391056,19.72801971435547
3391184,21.982328414916992
3391792,16.22101402282715
3392400,21.316654205322266
3392896,21.488744735717773
3393488,21.835548400878906
3394128,22.681884765625
3395088,22.876480102539062
3395392,23.683595657348633
3395984,23.241073608398438
3395984,22.392230987548828
3396048,23.08978271484375
3396416,5.403994083404541
3396928,22.543418884277344
3398096,22.685924530029297
3398272,22.923728942871094
3399216,23.059255599975586
3400800,24.05524444580078
3401360,23.4223690032959
3401568,22.4876651763916
3402464,23.073232650756836
3402800,22.75131607055664
3404496,22.942432403564453
3405696,23.4610652923584
3405968,1.145674228668213
3406096,22.89141082763672
3406544,22.630939483642578
3406720,22.187889099121094
3407520,23.532180786132812
3407712,21.746042251586914
3408048,23.703866958618164
3409136,5.325748920440674
3409504,23.22123146057129
3409664,22.437772750854492
3410064,21.250370025634766
3410400,7.594177722930908
3411664,22.143285751342773
3412304,22.106246948242188
3413168,21.818246841430664
3413792,21.96843910217285
3413936,14.92756462097168
3413984,21.878984451293945
3414704,20.006763458251953
3414752,22.782047271728516
3415504,22.843725204467773
3416320,21.83264923095703
3417344,23.491764068603516
3417424,22.64562225341797
3417744,23.05291175842285
3418720,5.969507694244385
3419872,23.678274154663086
3420912,24.186567306518555
3421024,23.003557205200195
3424464,23.010473251342773
3424512,22.88329315185547
3424560,22.158395767211914
3424896,23.290355682373047
3427232,14.482935905456543
3428032,22.84130096435547
3428176,22.66564178466797
3428480,23.138843536376953
3428720,24.079282760620117
3429120,22.790380477905273
3429296,4.278250694274902
3429472,22.98008155822754
3429936,24.027896881103516
3430400,22.790136337280273
3431536,21.449182510375977
3431632,22.867502212524414
3432672,23.039674758911133
3432848,20.932933807373047
3433472,23.506473541259766
3433904,21.05834197998047
3435104,23.307172775268555
3435200,23.22960662841797
3435248,22.12677574157715
3436096,21.970422744750977
3436352,23.020864486694336
3438704,22.522125244140625
3439344,23.246192932128906
3439536,21.813249588012695
3439744,22.60085105895996
3440624,22.549776077270508
3441488,21.554513931274414
3442288,23.920072555541992
3442336,22.54545783996582
3442448,23.318105697631836
3443072,22.917903900146484
3443424,23.8474178314209
3444400,22.315324783325195
3445056,22.032114028930664
3445840,22.166173934936523
3446672,20.93625259399414
3446880,22.41722869873047
3446992,21.59290885925293
3447152,23.023151397705078
3447952,23.3670654296875
3448336,10.279356002807617
3449328,22.512130737304688
3449392,22.32110023498535
3449472,22.822481155395508
3451536,23.4426212310791
3452160,19.612300872802734
3452864,22.968469619750977
3452944,11.205042839050293
3453904,23.00775718688965
3454672,10.838704109191895
3456336,22.475872039794922
3456512,23.842864990234375
3456560,21.683162689208984
3456640,19.111438751220703
3457568,21.501768112182617
3458192,22.981563568115234
3458528,23.251953125
3459584,7.045811653137207
3459792,23.071786880493164
3460064,21.185102462768555
3460080,21.970178604125977
3461072,22.52119255065918
3462096,21.962705612182617
3462176,21.789897918701172
3462288,22.122516632080078
3463216,22.679433822631836
3463696,22.977514266967773
3463712,22.23759651184082
3464352,23.47006607055664
3466656,22.47306251525879
3467200,24.13364028930664
3467280,23.201169967651367
3468144,22.396291732788086
3468192,23.6257381439209
3469520,22.98067283630371
3470272,22.216524124145508
3470672,22.47116470336914
3470832,21.870973587036133
3471936,22.853628158569336
3472448,4.974617004394531
3472464,22.255203247070312
3472752,19.995830535888672
3472944,23.372243881225586
3474000,23.286306381225586
3474160,23.802051544189453
3474384,23.140817642211914
3474384,21.65363311767578
3475200,23.369016647338867
3476208,24.33407211303711
3476336,23.896718978881836
3477600,23.881019592285156
3477712,23.726776123046875
3479488,23.867280960083008
3479664,22.206336975097656
3480160,22.77912139892578
3481424,19.537784576416016
3482160,18.380733489990234
3484736,22.474702835083008
3484752,22.415193557739258
3484976,22.56361961364746
3485776,22.727970123291016
3486960,23.205528259277344
3487232,22.93170166015625
3487888,18.866729736328125
3488240,20.98384666442871
3488512,22.55447006225586
3488800,22.768056869506836
3490160,20.42951774597168
3490176,22.899465560913086
3490544,10.796907424926758
3491552,22.9283504486084
3492256,21.015275955200195
3493792,22.94724464416504
3494128,22.603960037231445
3494480,22.368934631347656
3494768,19.90862274169922
3495424,23.555734634399414
3495696,1.1454112529754639
3495728,22.71835708618164
3495872,22.73219108581543
3497376,23.686620712280273
3498576,24.611024856567383
3499344,23.392833709716797
3499408,22.478679656982422
3499712,1.132926344871521
3501248,16.863672256469727
3502784,23.56927490234375
3502784,20.000734329223633
3502832,24.994304656982422
3503248,22.175161361694336
3504768,22.996837615966797
3505440,14.944204330444336
3506768,22.671161651611328
3507344,20.052391052246094
3508064,23.276880264282227
3508080,22.03658676147461
3509920,24.294971466064453
3510336,18.95985221862793
3510928,3.7376585006713867
3511248,19.316211700439453
3511600,19.736474990844727
3511776,20.740413665771484
3513392,10.64596939086914
3514000,23.176143646240234
3514432,22.179819107055664
3514496,21.52149200439453
3515184,2.3160250186920166
3515504,21.921796798706055
3516784,8.158717155456543
3516816,18.20750617980957
3517072,23.341014862060547
3517296,23.56610870361328
3517984,22.77723503112793
3518704,22.894662857055664
3518784,21.551118850708008
3518928,22.16382598876953
3519136,20.343503952026367
3520576,23.122264862060547
3520816,22.457916259765625
3521568,23.789560317993164
3522208,20.896970748901367
3524016,23.520217895507812
3525632,23.40581512451172
3525744,22.830995559692383
3526048,23.339628219604492
3526672,22.71649742126465
3527248,6.71109676361084
3527456,24.798965454101562
3527664,20.61187744140625
3527728,23.292739868164062
3528144,22.459293365478516
3529504,22.154539108276367
3530112,22.98756980895996
3530496,23.435083389282227
3531008,23.019001007080078
3531200,22.348289489746094
3531664,22.807592391967773
3532320,22.02434539794922
3532336,22.477317810058594
3532528,23.657608032226562
3533168,23.224477767944336
3534336,23.895732879638672
3534480,23.134069442749023
3534512,23.612476348876953
3537360,23.60257339477539
3538016,22.670299530029297
3538304,21.91409683227539
3538800,3.979006052017212
3539552,22.691173553466797
3540368,23.34626007080078
3540496,22.563901901245117
3540848,23.156938552856445
3541056,22.29643440246582
3541600,22.53424835205078
3541840,22.637590408325195
3543072,21.991607666015625
3543632,18.17974281311035
3543632,22.69755744934082
3543792,3.566678047180176
3544352,23.45973014831543
3545008,14.759237289428711
3545200,22.625255584716797
3545216,22.91987419128418
3545936,21.474946975708008
3546352,23.28632354736328
3546704,11.222914695739746
3547200,23.160242080688477
3547216,22.96322250366211
3547456,23.45641326904297
3548784,22.7496395111084
3549776,18.011411666870117
3549840,14.271544456481934
3550256,22.71419906616211
3550608,23.172521591186523
3550736,22.440950393676758
3551024,12.949376106262207
3551216,9.862625122070312
3552256,21.387174606323242
3552432,20.03722381591797
3552992,18.947189331054688
3553376,20.504179000854492
3553472,22.760541915893555
3554608,21.944957733154297
3554640,24.11362648010254
3554768,22.004390716552734
3555904,22.623443603515625
3556080,22.80318260192871
3556528,22.958791732788086
3556800,21.613943099975586
3558400,22.809972763061523
3558672,22.545454025268555
3560240,21.593013763427734
3560400,23.60955810546875
3560608,23.7872257232666
3561568,22.766250610351562
3561664,23.835405349731445
3562000,22.999521255493164
3563120,23.8953914642334
3563712,23.411762237548828
3563712,23.039501190185547
3564144,23.117191314697266
3564336,15.469675064086914
3564384,23.429235458374023
3565152,24.114715576171875
3565328,5.80244779586792
3565440,22.80992317199707
3565472,23.59758949279785
3566624,23.272865295410156
3567280,23.037864685058594
3567600,22.595834732055664
3567792,22.984630584716797
3568960,23.817604064941406
3569120,23.407672882080078
3569360,22.8001708984375
3570176,23.04320526123047
3571440,22.431684494018555
3571552,2.8995554447174072
3571952,15.514907836914062
3572272,22.233673095703125
3572496,22.2101993560791
3573168,17.025436401367188
3573888,4.789769649505615
3574496,22.2945556640625
3574848,21.674747467041016
3575296,22.792882919311523
3575968,22.39815330505371
3576272,21.989425659179688
3576368,23.665605545043945
3577504,23.826902389526367
3578048,22.9058837890625
3578544,16.552358627319336
3579888,23.09941291809082
3580320,23.77744483947754
3581392,24.644845962524414
3582144,22.551788330078125
3583024,22.20877456665039
3583024,22.892087936401367
3583312,23.02544403076172
3583520,22.662660598754883
3584576,23.974641799926758
3585712,19.909921646118164
3586064,22.578479766845703
3586544,23.582626342773438
3587120,21.758800506591797
3588704,22.676250457763672
3588960,23.45010757446289
3589264,23.784420013427734
3589280,23.198884963989258
3590144,23.105995178222656
3590416,23.323928833007812
3590640,23.741287231445312
3591040,23.25084114074707
3593216,22.965803146362305
3593520,22.77926254272461
3594112,23.23427963256836
3594208,22.48189353942871
3594960,23.230817794799805
3595856,23.150466918945312
3596480,23.506179809570312
3596800,21.35489845275879
3596800,19.534996032714844
3597760,23.06108283996582
3599952,23.685382843017578
3600048,23.920663833618164
3600352,22.590295791625977
3600576,22.695751190185547
3601168,23.347877502441406
3602480,23.731260299682617
3603616,22.531328201293945
3603936,23.432371139526367
3605056,22.108606338500977
3605200,22.30068588256836
3605680,23.020641326904297
3607440,21.525142669677734
3607536,22.634685516357422
3608864,21.72236442565918
3609552,22.54947280883789
3610256,22.923107147216797
3610528,22.205440521240234
3611008,22.87020492553711
3611056,23.49311637878418
3612992,14.039536476135254
3613280,22.41230583190918
3614080,23.903772354125977
3614208,22.654558181762695
3614240,23.451322555541992
3614640,22.495595932006836
3614704,20.06283187866211
3616896,22.110382080078125
3617376,23.068939208984375
3617584,23.263076782226562
3617840,22.540864944458008
3618080,23.001903533935547
3618112,1.1445555686950684
3618288,23.152976989746094
3619344,19.83031463623047
3619392,21.562997817993164
3619408,22.86988067626953
3620208,23.421873092651367
3621616,22.689184188842773
3621936,23.29625701904297
3622528,21.07859992980957
3622912,23.55006980895996
3622944,23.099838256835938
3624112,21.7099552154541
3624896,24.121110916137695
3626096,22.177566528320312
3626640,22.97431755065918
3628432,23.421445846557617
3628848,11.40472412109375
3628864,22.95444107055664
3629040,23.442453384399414
3629696,21.590499877929688
3630384,21.513442993164062
3630768,18.840282440185547
3630800,22.764450073242188
3631216,23.10003089904785
3632032,23.42417335510254
3632272,23.792943954467773
3632416,22.68672752380371
3633648,22.43919563293457
3635152,24.879133224487305
3635216,23.559677124023438
3635808,23.256044387817383
3635984,22.728979110717773
3636208,22.219791412353516
3637264,23.190977096557617
3638016,23.285093307495117
3638704,23.98682403564453
3638784,23.685232162475586
3639184,22.68733787536621
3640752,22.509624481201172
3641616,24.062664031982422
3642256,23.174449920654297
3642688,23.271533966064453
3643072,22.596790313720703
3643392,23.349361419677734
3644176,21.63030433654785
3644288,22.5173397064209
3645216,16.81639289855957
3645712,15.713844299316406
3645808,22.266462326049805
3646752,20.999624252319336
3646864,22.302682876586914
3647872,23.31863784790039
3647904,22.69779396057129
3649328,22.61320686340332
3649456,20.48616600036621
3650208,20.096662521362305
3650496,4.916584014892578
3650496,23.166879653930664
3651216,23.465801239013672
3651312,22.624483108520508
3651360,18.652360916137695
3651920,22.250267028808594
3652288,24.1009464263916
3653056,23.531192779541016
3653056,22.58519744873047
3654016,22.827701568603516
3655584,23.405088424682617
3656112,23.436124801635742
3657312,23.299484252929688
3657312,23.031818389892578
3657616,24.636415481567383
3658464,5.771644592285156
3659856,23.070144653320312
3659872,24.056289672851562
3660080,23.268150329589844
3660352,23.24898910522461
3661200,23.317781448364258
3661952,22.70210075378418
3661968,22.66091537475586
3665488,22.007625579833984
3665584,24.168886184692383
3665712,23.881919860839844
3666304,21.462364196777344
3666560,23.2165470123291
3667056,23.846712112426758
3668368,8.404767036437988
3668512,23.750917434692383
3669136,21.201108932495117
3669296,22.23552131652832
3669728,15.0657377243042
3671616,23.877174377441406
3671920,23.397628784179688
3672576,23.992490768432617
3672688,18.74921417236328
3672832,24.205854415893555
3672896,22.946746826171875
3673296,23.61480712890625
3673424,20.330976486206055
3675328,15.975615501403809
3676160,23.6966552734375
3676176,23.487838745117188
3676384,22.817508697509766
3676864,21.69178009033203
3677024,23.983858108520508
3677392,9.116455078125
3678816,23.852725982666016
3679696,22.752986907958984
3679872,22.454761505126953
3680032,21.854045867919922
3680496,18.832090377807617
3682480,23.148067474365234
3684000,24.341384887695312
3684048,21.084022521972656
3684176,22.959030151367188
3684512,24.589962005615234
3685968,21.76209831237793
3686176,23.932445526123047
3686256,21.945940017700195
3686848,23.628673553466797
3686848,21.071062088012695
3686944,22.438243865966797
3687120,1.1454312801361084
3687392,1.144985556602478
3687632,24.07549285888672
3688000,24.079570770263672
3688384,23.326364517211914
3689472,23.150373458862305
3690400,23.039630889892578
3690432,24.42688751220703
3691104,22.203144073486328
3691104,22.823366165161133
3692016,24.482927322387695
3693968,23.02529525756836
3693984,23.46393394470215
3694480,19.394113540649414
3694480,22.108219146728516
3694704,23.340896606445312
3695168,23.7769832611084
3695536,23.372434616088867
3695952,15.798166275024414
3696688,22.376523971557617
3696864,23.119338989257812
3697696,23.733930587768555
3698000,23.948129653930664
3698368,23.13141632080078
3698672,15.920897483825684
3698752,23.076162338256836
3700464,23.724143981933594
3701344,24.049074172973633
3701504,23.72264289855957
3702272,23.007747650146484
3704384,23.10102653503418
3705088,24.126489639282227
3705248,3.6904191970825195
3705680,23.444320678710938
3705872,22.867141723632812
3706560,27.027305603027344
3707056,17.869230270385742
3707616,22.93526840209961
3708304,23.91765022277832
3708544,20.788578033447266
3708672,23.35189437866211
3709088,22.085458755493164
3709216,23.166908264160156
3709392,22.916648864746094
3710112,23.451921463012695
3710288,15.879390716552734
3711536,23.339073181152344
3711552,18.947187423706055
3711904,23.250905990600586
3712688,23.483224868774414
3712992,22.5528564453125
3714352,23.828311920166016
3715152,23.299602508544922
3715488,22.955108642578125
3715552,23.099838256835938
3715600,16.296716690063477
3716224,24.294719696044922
3716240,22.998369216918945
3717952,21.830373764038086
3719072,23.624755859375
3719280,22.47327995300293
3719712,23.103593826293945
3721536,14.455843925476074
3722048,22.768474578857422
3722320,16.827728271484375
3722848,21.62659454345703
3723072,22.19141387939453
3724576,21.098928451538086
3724656,24.791820526123047
3725744,22.359804153442383
3726224,23.1745662689209
3726320,22.569299697875977
3726736,22.614370346069336
3727984,23.236053466796875
3728160,22.661081314086914
3728896,23.100555419921875
3729552,24.40392303466797
3729872,22.042448043823242
3730192,22.55116844177246
3730400,23.523677825927734
3731584,22.04650115966797
3731696,22.82208824157715
3732624,16.65558624267578
3732768,22.400009155273438
3733536,22.501646041870117
3733936,21.87523651123047
3735264,24.303531646728516
3735648,14.39723014831543
3736016,22.442630767822266
3736272,21.765972137451172
3737552,23.535276412963867
3739376,23.221601486206055
3740640,23.189861297607422
3742976,23.5322208404541
3743088,22.233936309814453
3744400,23.347148895263672
3744800,23.544614791870117
3745744,24.037212371826172
3745776,22.98806381225586
3745936,23.796228408813477
3746432,23.58791160583496
3746688,22.148494720458984
3747024,22.5125675201416
3747376,16.45062828063965
3748240,22.185489654541016
3748288,22.714845657348633
3748384,22.736547470092773
3749408,22.860309600830078
3750288,23.579429626464844
3750384,24.813636779785156
3750704,22.68977165222168
3750944,22.698026657104492
3751200,22.62000274658203
3751776,22.97661590576172
3751824,23.116256713867188
3751904,24.725675582885742
3752944,15.129154205322266
3752976,21.34549331665039
3753120,6.325597286224365
3753712,23.024202346801758
3754592,19.78516387939453
3755712,15.527591705322266
3755808,13.575278282165527
3757280,22.502716064453125
3757472,22.99692153930664
3757472,22.889564514160156
3757744,23.457435607910156
3758544,24.204526901245117
3758864,23.882692337036133
3759984,22.72469711303711
3760160,23.954328536987305
3760832,23.832124710083008
3761984,22.90690040588379
3762272,22.87125015258789
3762928,8.053048133850098
3763472,20.5788516998291
3763808,21.839338302612305
3764208,23.77411460876465
3765104,23.05911636352539
3765392,19.623498916625977
3765408,23.128032684326172
3768384,21.908580780029297
3768752,23.321195602416992
3768784,23.61582374572754
3770576,22.474016189575195
3770832,21.7282657623291
3771152,22.467159271240234
3771328,23.73398208618164
3772272,23.825031280517578
3772368,23.029369354248047
3772464,23.18239974975586
3772528,20.67301368713379
3772800,23.751285552978516
3774112,22.758956909179688
3774672,23.28006935119629
3774672,23.078847885131836
3774944,22.88245391845703
3774960,21.803203582763672
3775600,22.70693588256836
3775840,22.48245620727539
3775904,22.485639572143555
3775984,20.397043228149414
3776016,23.267742156982422
3776080,23.23809814453125
3777904,15.829569816589355
3778240,23.736675262451172
3779088,23.49912452697754
3779568,23.16853141784668
3779616,22.395055770874023
3779648,23.067440032958984
3779680,24.7211856842041
3779984,23.26447296142578
3780480,21.577415466308594
3780640,2.6998798847198486
3781216,24.040292739868164
3782016,19.75749969482422
3782672,22.962114334106445
3783168,19.967153549194336
3783168,7.597911834716797
3783168,23.728904724121094
3783360,23.262786865234375
3784032,23.136510848999023
3784800,23.60597801208496
3785584,23.005008697509766
3786032,7.814749717712402
3786592,9.36306095123291
3786640,19.71514892578125
3786704,22.56324577331543
3786816,24.607210159301758
3787024,23.744935989379883
3787584,23.246809005737305
3788368,11.400745391845703
3788736,22.02252197265625
3789488,24.88284683227539
3790208,22.86306381225586
3792272,4.393702030181885
3793008,23.161331176757812
3793200,22.842615127563477
3793888,23.132740020751953
3793920,23.652183532714844
3794352,23.95024299621582
3795472,21.913265228271484
3795936,22.316219329833984
3796288,23.380619049072266
3796640,23.156198501586914
3797408,23.7979736328125
3797536,22.743999481201172
3798768,22.71672248840332
3799120,18.325389862060547
3799472,23.5964298248291
3800304,22.789386749267578
3800624,23.71240997314453
3800816,21.929847717285156
3802288,22.44799041748047
3802416,23.999042510986328
3802992,22.160846710205078
3803104,9.939550399780273
3803840,22.177297592163086
3804176,23.581708908081055
3804800,23.474319458007812
3806480,21.978193283081055
3806720,22.867740631103516
3807120,22.435216903686523
3807136,5.417675495147705
3807920,24.031330108642578
3809680,21.907812118530273
3810416,22.919994354248047
3810656,23.825956344604492
3811472,22.86632537841797
3812976,12.85774040222168
3813168,23.399696350097656
3813248,23.42442512512207
3813296,23.645408630371094
3813952,23.93732261657715
3814032,22.711050033569336
3814320,22.1064453125
3814448,23.51597785949707
3814720,23.054052352905273
3814992,22.572139739990234
3816560,23.877504348754883
3816848,22.025997161865234
3816864,23.761764526367188
3817424,22.131772994995117
3818048,23.877197265625
3818176,22.824474334716797
3818272,23.809186935424805
3819136,23.738323211669922
3820128,22.551145553588867
3820416,23.511106491088867
3820464,21.07044792175293
3821424,22.681663513183594
3822976,13.384997367858887
3823376,24.61190414428711
3823616,23.831249237060547
3824016,2.0408883094787598
3824240,12.24974536895752
3825024,22.348308563232422
3825040,21.832460403442383
3825664,23.031614303588867
3826144,21.882402420043945
3826448,21.973758697509766
3826912,17.97327423095703
3827552,23.566883087158203
3827568,23.49703025817871
3827760,22.23466682434082
3828560,22.798879623413086
3830736,21.58470344543457
3831024,23.017066955566406
3831248,22.3668212890625
3831968,23.83034324645996
3832192,23.924053192138672
3833488,23.013282775878906
3833616,21.70843505859375
3833840,18.3817195892334
3834048,23.04356575012207
3834064,22.008302688598633
3834592,21.225175857543945
3834752,23.45612144470215
3835184,5.690972328186035
3835552,23.233253479003906
3835680,21.620471954345703
3837408,23.28586769104004
3837616,23.189790725708008
3838288,23.457143783569336
3838448,23.633075714111328
3839312,24.185832977294922
3840144,24.03784942626953
3840416,21.95471954345703
3840720,23.047496795654297
3840784,23.2064266204834
3842912,22.216331481933594
3842976,21.528430938720703
3843920,23.16436004638672
3844368,23.802616119384766
3845200,22.803701400756836
3846000,23.48817253112793
3846160,24.096027374267578
3848752,22.9283390045166
3849664,24.23638916015625
3850128,23.341123580932617
3850272,2.640166997909546
3851456,22.681798934936523
3851520,22.442472457885742
3852304,23.58490753173828
3852512,22.60953140258789
3853216,22.55660629272461
3853280,22.250858306884766
3853968,23.124404907226562
3854416,23.86998748779297
3854992,24.893573760986328
3855888,23.202272415161133
3856048,22.241043090820312
3856400,24.41844940185547
3856464,23.504444122314453
3856768,23.8432559967041
3856848,22.452373504638672
3857264,23.19684600830078
3857264,23.930633544921875
3857904,23.452388763427734
3858848,23.03654670715332
3859168,22.6490535736084
3859808,22.056640625
3860128,22.281679153442383
3860320,23.29122543334961
3860448,23.001081466674805
3860880,23.168176651000977
3862032,22.186960220336914
3862240,23.245405197143555
3863120,23.136507034301758
3863776,23.556108474731445
3863936,23.14771270751953
3865760,23.360326766967773
3865760,22.591995239257812
3865856,3.6884114742279053
3867040,23.587831497192383
3867120,23.364051818847656
3867568,22.712448120117188
3868016,23.220857620239258
3870000,23.561613082885742
3870736,23.762712478637695
3870752,23.151504516601562
3871456,25.372756958007812
3872464,4.931824684143066
3873024,22.76080322265625
3873248,23.347606658935547
3873504,22.417081832885742
3873568,23.83574104309082
3874240,22.887283325195312
3876304,23.096635818481445
3876624,23.772050857543945
3877072,23.51069450378418
3877120,22.476341247558594
3878352,22.790454864501953
3879376,20.66292953491211
3879664,23.4864559173584
3879840,22.96025276184082
3880144,22.141725540161133
3881200,22.114585876464844
3882224,22.4913272857666
3882640,23.891450881958008
3883184,23.346698760986328
3883792,23.874692916870117
3884336,22.92804527282715
3885536,23.966577529907227
3885824,22.999849319458008
3886752,22.7172794342041
3886976,23.17246437072754
3887376,21.897058486938477
3889088,21.668310165405273
3889824,23.150306701660156
3891024,22.65121841430664
3892192,5.318783760070801
3892864,23.95176124572754
3893136,21.808073043823242
3895728,23.345966339111328
3895728,22.53582191467285
3897200,23.552799224853516
3897568,24.157062530517578
3898032,22.890779495239258
3898112,22.91486358642578
3898368,23.229360580444336
3899312,24.434825897216797
3899744,22.903160095214844
3900288,23.00889778137207
3901008,22.33271026611328
3901088,23.386817932128906
3901296,23.629150390625
3901744,22.257352828979492
3901968,23.045726776123047
3902832,24.0679874420166
3903840,23.781034469604492
3905184,23.59562110900879
3905264,23.908767700195312
3905328,23.053123474121094
3906400,22.90688133239746
3907920,24.367259979248047
3908080,23.311372756958008
3909264,23.566131591796875
3910048,23.683414459228516
3910368,23.68667984008789
3911680,23.095033645629883
3911744,22.607173919677734
3912432,22.308168411254883
3912768,23.440719604492188
3913600,5.22070837020874
3914912,22.454355239868164
3915696,23.965877532958984
3916048,22.967679977416992
3916064,22.426265716552734
3916384,21.141429901123047
3917056,23.696836471557617
3917136,22.57309341430664
3918144,23.479412078857422
3918432,23.073453903198242
3919232,24.0521240234375
3919808,22.988672256469727
3919984,23.899192810058594
3920768,22.3138427734375
3922448,23.591724395751953
3923184,21.214061737060547
3923456,23.72089195251465
3923488,23.16571807861328
3923904,19.68167495727539
3924320,23.62037467956543
3925184,22.46537208557129
3925520,21.472244262695312
3926720,22.33697509765625
3928368,18.2325439453125
3929680,22.852962493896484
3930304,22.978485107421875
3930336,24.218292236328125
3930480,22.762224197387695
3931360,23.32597541809082
3931984,22.98670768737793
3933808,22.82622528076172
3933904,23.616077423095703
3934176,24.20943260192871
3934608,23.093463897705078
3935552,22.849361419677734
3937712,22.653135299682617
3938144,22.98870849609375
3938656,22.576007843017578
3939552,23.95130729675293
3940864,24.242414474487305
3940976,23.32653045654297
3943936,23.46221923828125
3944512,23.884174346923828
3944768,23.042112350463867
3947616,23.126636505126953
3948112,19.91498374938965
3948224,22.947668075561523
3948240,24.532115936279297
3948272,23.420856475830078
3948352,22.247665405273438
3949312,21.960391998291016
3951040,23.37946319580078
3951616,24.038166046142578
3951664,23.195858001708984
3951776,23.51182746887207
3951776,23.328176498413086
3951888,23.751239776611328
3952064,21.914310455322266
3952912,5.360678195953369
3953680,8.974505424499512
3954592,23.541650772094727
3954784,23.1731014251709
3955712,23.414411544799805
3956224,22.62723159790039
3956496,22.74093246459961
3956944,22.179229736328125
3958192,23.156396865844727
3958736,16.278785705566406
3959552,15.987351417541504
3959744,23.38908576965332
3959840,22.757177352905273
3961808,21.869033813476562
3962112,22.155593872070312
3963440,23.390600204467773
3963728,22.200763702392578
3964128,23.2503604888916
3965376,22.89253807067871
3965376,19.605562210083008
3965984,23.787508010864258
3966384,22.60447120666504
3966432,24.634382247924805
3968320,12.425259590148926
3969280,23.936206817626953
3969968,21.2694034576416
3970000,22.88150405883789
3970400,22.572973251342773
3971264,23.497135162353516
3971952,23.972633361816406
3973488,19.232728958129883
3973504,23.46734619140625
3973744,22.440425872802734
3973824,23.018747329711914
3974016,23.277538299560547
3975040,23.398681640625
3975456,23.82650375366211
3975920,24.026748657226562
3977072,23.93885612487793
3977152,22.13825035095215
3977360,22.776084899902344
3977792,22.386335372924805
3978432,22.2752685546875
3978608,24.004919052124023
3979088,23.084882736206055
3979904,22.312593460083008
3980608,20.999906539916992
3980640,22.48381996154785
3981184,23.402820587158203
3981360,23.889507293701172
3981472,20.37628173828125
3981920,23.078384399414062
3982544,21.857589721679688
3983440,23.063899993896484
3983696,20.927959442138672
3984256,24.09283447265625
3984288,20.401336669921875
3987840,23.718040466308594
3988368,22.769264221191406
3988432,23.178401947021484
3988672,25.28209686279297
3989344,23.13475799560547
3989824,21.9285831451416
3990752,22.407821655273438
3991424,23.375036239624023
3991472,21.957666397094727
3992112,19.58199691772461
3992304,22.34480857849121
3993632,14.694308280944824
3993840,21.918514251708984
3994928,22.65114974975586
3995024,22.50968360900879
3995168,23.520307540893555
3995520,22.537141799926758
3995696,23.745235443115234
3995792,23.554309844970703
3996240,23.2115478515625
3996592,8.740625381469727
3997216,22.68731689453125
3997648,23.46868133544922
3999104,23.58285140991211
3999168,20.0822811126709
4000096,24.724929809570312
4000208,23.18198585510254
4000768,23.64217758178711
4001184,23.747671127319336
4002080,21.950641632080078
4002432,22.06396484375
4002672,19.853487014770508
4004400,23.436491012573242
4004736,22.65360450744629
4005616,22.92293930053711
4005984,23.448728561401367
4006048,23.006807327270508
4006224,22.408748626708984
4006240,23.23091697692871
4006320,22.690359115600586
4006848,21.336692810058594
4008208,15.90622615814209
4008320,21.687511444091797
4009648,24.301864624023438
4009792,23.06493377685547
4009952,23.506071090698242
4010016,22.279476165771484
4010320,23.66661262512207
4010640,23.494447708129883
4011824,22.461952209472656
4011856,24.661460876464844
4012736,23.864917755126953
4013216,22.477014541625977
4013360,23.177539825439453
4015200,22.821792602539062
4015216,23.152559280395508
4015584,22.19593620300293
4016240,22.183034896850586
4016544,23.124103546142578
4016672,24.099761962890625
4017744,23.379222869873047
4018736,23.512903213500977
4018928,22.492267608642578
4018944,19.129669189453125
4019776,22.663949966430664
4019808,22.98002052307129
4020160,23.063899993896484
4020208,22.67400550842285
4020544,23.73857879638672
4020832,24.318445205688477
4022464,22.844112396240234
4022592,23.601974487304688
4023120,18.79268455505371
4023344,23.118114471435547
4023712,23.376150131225586
4024384,23.769023895263672
4024480,21.902803421020508
4025984,22.440122604370117
4027920,23.305387496948242
4028032,22.99041175842285
4028720,15.234689712524414
4029600,23.243886947631836
4030688,22.972118377685547
4031584,22.838354110717773
4033984,23.1931095123291
4034080,23.444120407104492
4034192,23.391864776611328
4036704,23.56437873840332
4036720,23.5366153717041
4037552,23.48554229736328
4038800,23.503711700439453
4039488,21.31639862060547
4040416,23.430870056152344
4041168,23.62774085998535
4041184,19.02556610107422
4041232,6.579728126525879
4041392,22.396896362304688
4043088,22.42152976989746
4044752,24.094484329223633
4044944,23.130931854248047
4045760,22.727598190307617
4046064,23.310728073120117
4048176,23.68290901184082
4048304,23.11337661743164
4048592,23.820545196533203
4048608,24.266977310180664
4049120,23.95045280456543
4049312,23.488788604736328
4050144,23.166715621948242
4050208,22.855127334594727
4050304,21.99382972717285
4051840,22.653526306152344
4051920,23.279268264770508
4052272,22.746458053588867
4052368,15.28566837310791
4052912,24.350618362426758
4052944,14.256657600402832
4055456,24.733203887939453
4055744,23.543745040893555
4056224,10.569561004638672
4056544,22.671310424804688
4057504,20.419872283935547
4057872,17.626392364501953
4058832,21.684085845947266
4059328,24.612152099609375
4059744,22.46876335144043
4060144,23.02762222290039
4062304,22.93210220336914
4062912,22.734195709228516
4063184,24.011993408203125
4063392,23.582136154174805
4063408,23.700166702270508
4063664,22.669973373413086
4063744,23.05624771118164
4066032,23.55376434326172
4066384,5.021538734436035
4068176,23.62079620361328
4069504,23.913957595825195
4069696,22.732189178466797
4070064,23.511629104614258
4070080,22.63033103942871
4070880,23.540849685668945
4071808,22.608951568603516
4072336,19.446544647216797
4073472,21.81549835205078
4073680,23.2347354888916
4073696,23.913619995117188
4074384,22.123632431030273
4075392,22.024642944335938
4075840,19.755815505981445
4076224,11.111770629882812
4077312,22.048398971557617
4077552,18.61594009399414
4077712,23.55583953857422
4078128,23.440584182739258
4078880,22.954681396484375
4080816,22.788299560546875
4080832,23.539867401123047
4081712,22.83704376220703
4082464,22.681198120117188
4083408,23.296489715576172
4084000,20.652074813842773
4084832,23.647932052612305
4085616,23.982988357543945
4086336,23.396020889282227
4086416,20.670917510986328
4086528,17.579233169555664
4087152,22.379905700683594
4087376,23.607892990112305
4087648,22.051944732666016
4087984,24.06576919555664
4088144,22.896806716918945
4089520,23.359556198120117
4090736,24.319673538208008
4090992,22.468698501586914
4091040,23.41541290283203
4091248,23.953510284423828
4091440,24.616680145263672
4091904,23.062705993652344
4093344,19.64195442199707
4093440,21.10552215576172
4094368,23.55220603942871
4094592,23.531978607177734
4094752,23.00479507446289
4095120,23.43134307861328
4097216,23.30116844177246
4097408,22.553857803344727
4097632,17.985198974609375
4097984,22.255020141601562
4098592,23.481956481933594
4099184,5.646058082580566
4099536,15.642154693603516
4100400,22.65987205505371
4100928,23.32341957092285
4101664,23.046833038330078
4102160,23.156496047973633
4102176,22.87488555908203
4102240,21.540441513061523
4102656,22.631345748901367
4103104,23.349075317382812
4104448,22.981786727905273
4104800,21.44866371154785
4105120,20.20780372619629
4106352,22.96500587463379
4108912,23.677135467529297
4109504,24.202098846435547
4113072,24.19145965576172
4114176,23.31625747680664
4114688,16.12942886352539
4116768,22.973661422729492
4117216,23.97768211364746
4117968,23.129348754882812
4118640,24.000741958618164
4119216,23.249095916748047
4119296,22.953386306762695
4121040,22.1999454498291
4121152,22.70273780822754
4121536,22.53693962097168
4123856,23.41718101501465
4124416,23.15441131591797
4124560,5.406580448150635
4124784,22.10102653503418
4125376,22.472726821899414
4126176,20.121204376220703
4126816,2.5367496013641357
4127328,22.504228591918945
4127888,22.674001693725586
4128096,22.367660522460938
4128880,22.785951614379883
4129296,24.096487045288086
4130416,25.445459365844727
4130592,23.051801681518555
4131360,18.701610565185547
4131728,14.227372169494629
4131936,23.55754280090332
4132240,23.46720314025879
4132896,23.64525032043457
4134336,23.042699813842773
4134880,22.704256057739258
4135008,23.55290985107422
4135808,22.989606857299805
4135936,23.23006248474121
4138576,23.08457374572754
4138880,22.691604614257812
4139152,23.434558868408203
4140128,24.76545524597168
4141264,23.506261825561523
4141296,5.531861782073975
4142368,22.11762237548828
4144784,22.75789451599121
4144912,22.859025955200195
4144960,22.851831436157227
4145856,22.646825790405273
4146240,23.832426071166992
4146272,24.048404693603516
4146288,23.55654525756836
4148288,24.051755905151367
4148480,23.706619262695312
4148512,23.536951065063477
4148544,23.779800415039062
4148672,21.699386596679688
4148896,15.069636344909668
4149392,23.877344131469727
4149696,23.88502311706543
4152160,23.83790397644043
4152464,23.153486251831055
4152928,22.930709838867188
4153600,23.036800384521484
4153776,22.590251922607422
4155936,23.754621505737305
4156160,22.58342933654785
4156704,23.854219436645508
4159296,22.118799209594727
4159552,23.56183433532715
4160656,23.869646072387695
4163168,21.2364501953125
4163952,23.3275203704834
4166208,23.753520965576172
4166352,23.640207290649414
4166672,23.362586975097656
4167120,24.26253318786621
4167696,23.88038444519043
4170032,22.045185089111328
4170128,21.996292114257812
4170256,24.04244041442871
4170608,23.003530502319336
4171168,21.437477111816406
4171408,22.863033294677734
4173648,23.81262969970703
4173648,22.37234878540039
4174144,23.89243507385254
4174528,22.6564998626709
4174720,22.99782371520996
4175840,3.813326120376587
4176656,22.672990798950195
4177056,24.247447967529297
4177376,23.96487045288086
4177680,24.116403579711914
4179392,23.197513580322266
4180880,23.410179138183594
4181232,22.80419921875
4184384,22.58251190185547
4184480,23.12656021118164
4184688,22.39520263671875
4184752,22.560253143310547
4185104,22.702102661132812
4185360,22.576095581054688
4187984,21.676279067993164
4188256,22.46489715576172
4188352,22.93480110168457
4188896,22.79404640197754
4189632,24.536766052246094
4190912,23.114315032958984
4191520,22.093154907226562
4191936,22.71814727783203
4192208,22.215822219848633
4192592,24.301427841186523
4194528,23.427942276000977
4194944,24.434600830078125
4195104,23.598773956298828
4195584,5.930605411529541
4195872,23.87232780456543
4197728,23.924701690673828
4199152,23.94550132751465
4199408,22.891557693481445
4199712,24.10373878479004
4200144,5.402780055999756
4201360,16.261493682861328
4202976,23.76120948791504
4203888,23.248355865478516
4204896,23.53854751586914
4205568,24.163822174072266
4205936,23.50421142578125
4206240,16.643112182617188
4206240,23.300472259521484
4207264,22.262577056884766
4208352,22.18052101135254
4208704,24.108034133911133
4209024,23.300508499145508
4209072,24.440040588378906
4209488,22.546358108520508
4209776,22.50335121154785
4210896,24.32046127319336
4210944,23.52695083618164
4212464,22.70673370361328
4213648,16.30921173095703
4213648,21.719579696655273
4214624,10.750734329223633
4215600,21.19412612915039
4216096,22.68359375
4216272,24.18422508239746
4216672,22.615270614624023
4216880,21.142837524414062
4217168,23.813323974609375
4218048,23.578989028930664
4218064,24.359277725219727
4219568,23.441234588623047
4219952,22.203540802001953
4220112,23.343727111816406
4220736,23.187824249267578
4220880,23.661849975585938
4221584,24.48625373840332
4221664,23.869016647338867
4222704,24.1029109954834
4223360,23.60115623474121
4225072,22.826967239379883
4226272,23.942474365234375
4226352,23.7528133392334
4227280,24.2519474029541
4227648,20.999074935913086
4228096,23.13470458984375
4230896,23.068500518798828
4231520,23.85662078857422
4231600,23.14976692199707
4232416,23.371862411499023
4232560,23.098731994628906
4233728,19.205984115600586
4233760,22.514577865600586
4236176,23.72325897216797
4238576,23.106548309326172
4238816,23.121427536010742
4239344,22.565536499023438
4239552,23.235309600830078
4240512,23.764724731445312
4241344,23.32053565979004
4241824,22.3210391998291
4242224,22.045013427734375
4242736,23.62606430053711
4243328,23.06110382080078
4244112,22.678504943847656
4244416,23.42202377319336
4244800,23.989938735961914
4244912,19.217823028564453
4245264,21.34163475036621
4245824,22.36924934387207
4246592,22.302078247070312
4247392,17.449769973754883
4248448,23.89422607421875
4250240,24.083303451538086
4251968,21.005552291870117
4253680,23.473299026489258
4253808,23.421619415283203
4254176,23.75712013244629
4254768,23.195959091186523
4255888,22.78305435180664
4257360,20.673171997070312
4257696,23.198564529418945
4260064,22.801727294921875
4260176,23.560760498046875
4260560,18.607053756713867
4261920,23.321596145629883
4262656,22.20259666442871
4262656,12.198023796081543
4263440,23.441696166992188
4263696,23.550893783569336
4264112,23.435651779174805
4264560,23.270641326904297
4264784,23.59747886657715
4266192,22.2946720123291
4266400,21.97384262084961
4267168,22.278898239135742
4267408,22.952749252319336
4268512,24.421091079711914
4269856,23.438814163208008
4269920,22.80119514465332
4270016,23.464412689208984
4270480,23.132232666015625
4270720,22.705533981323242
4271136,24.369421005249023
4271360,23.093679428100586
4271648,23.7149658203125
4271856,23.364179611206055
4271968,23.69989013671875
4272016,24.240222930908203
4272528,24.369918823242188
4273328,21.825599670410156
4273488,24.538299560546875
4274096,9.306557655334473
4274656,23.45142936706543
4275520,23.808258056640625
4276880,23.503145217895508
4277008,23.634620666503906
4277104,24.43101692199707
4277488,23.03070640563965
4278128,22.48313331604004
4278384,23.178144454956055
4279072,22.538564682006836
4280432,22.33914566040039
4280496,23.268123626708984
4281648,16.246929168701172
4282608,24.055042266845703
4282736,10.513143539428711
4284368,23.097684860229492
4285264,23.448720932006836
4285392,23.62085723876953
4285440,24.115942001342773
4285488,23.18514633178711
4285648,18.597795486450195
4286256,24.163848876953125
4286416,5.829178333282471
4286544,23.117374420166016
4287824,22.386985778808594
4288400,22.608673095703125
4289024,25.082584381103516
4289488,24.54640007019043
4291824,24.116138458251953
4292096,22.54873275756836
4292624,23.03203773498535
4292768,23.35336685180664
4293088,23.549915313720703
4293216,22.65591812133789
4294864,22.80506706237793
4296672,23.63322639465332
4296704,23.594635009765625
4297936,23.31239891052246
4298368,24.420873641967773
4299216,24.379426956176758
4299408,24.037330627441406
4299744,23.751115798950195
4299904,23.873947143554688
4300256,24.153501510620117
4300848,22.920108795166016
4301904,23.755634307861328
4302128,21.970186233520508
4302832,22.125577926635742
4303872,22.689775466918945
4304688,21.284225463867188
4305984,16.48220443725586
4307056,23.74791717529297
4307984,22.735942840576172
4308912,21.855634689331055
4308928,22.685672760009766
4311776,22.164947509765625
4312512,22.879066467285156
4312512,22.822071075439453
4313600,23.462474822998047
4314720,23.527889251708984
4314816,23.5085391998291
4314992,3.4641385078430176
4315312,22.58557891845703
4315984,22.844404220581055
4316496,22.354473114013672
4317120,24.381410598754883
4318112,22.08910369873047
4318912,24.132553100585938
4319504,22.804767608642578
4320000,24.160877227783203
4321056,23.633888244628906
4321344,22.441129684448242
4322176,23.279891967773438
4322976,23.50897216796875
4323376,1.3505935668945312
4323568,22.652124404907227
4324848,23.155839920043945
4325408,21.74705696105957
4325728,23.95009422302246
4326496,23.96167755126953
4327024,22.47740936279297
4327120,23.050073623657227
4328272,24.34276580810547
4328416,22.38191795349121
4329456,16.44478416442871
4331168,21.271099090576172
4331808,24.033111572265625
4332720,23.825233459472656
4333184,23.687236785888672
4333712,22.899505615234375
4333856,22.749494552612305
4334080,23.454490661621094
4335008,23.18337059020996
4335408,22.431350708007812
4335488,23.908885955810547
4336736,22.882673263549805
4337328,23.259384155273438
4337664,23.186203002929688
4338272,23.173919677734375
4338544,24.065481185913086
4338752,23.4148006439209
4339760,22.293092727661133
4340240,23.171382904052734
4341168,23.305858612060547
4341168,19.367324829101562
4341936,23.09052848815918
4342480,23.77389144897461
4342544,23.85352897644043
4343376,24.867618560791016
4343488,23.17378807067871
4344784,24.241207122802734
4345792,23.61007308959961
4346144,23.21575927734375
4347056,22.80852508544922
4348288,22.9995174407959
4348288,23.92888069152832
4349056,23.234619140625
4349248,22.79789161682129
4349328,24.461639404296875
4350592,22.69385528564453
4350832,23.950485229492188
4351584,20.495288848876953
4352656,22.127304077148438
4352880,22.956193923950195
4353344,24.255428314208984
4354944,23.906362533569336
4355168,24.338581085205078
4355312,23.94417381286621
4355392,24.16017723083496
4356032,22.6922607421875
4356864,23.54770278930664
4357632,23.2248477935791
4358784,23.773130416870117
4358864,21.951478958129883
4358896,23.323955535888672
4359744,23.322721481323242
4361040,20.828874588012695
4361520,21.840526580810547
4363152,23.241872787475586
4363264,23.298349380493164
4365088,22.651155471801758
4365936,22.533226013183594
4365968,22.555177688598633
4366048,21.948352813720703
4366080,23.872493743896484
4366128,22.927059173583984
4366160,23.624588012695312
4368032,21.88729476928711
4368656,23.737348556518555
4369136,23.028671264648438
4369440,24.148853302001953
4369520,23.952007293701172
4369632,23.170883178710938
4369840,23.829607009887695
4370288,23.258920669555664
4370704,21.282567977905273
4372656,23.347864151000977
4372960,8.723029136657715
4373088,23.256996154785156
4373120,23.280086517333984
4373152,24.361690521240234
4375536,23.56170654296875
4376192,23.93333625793457
4376752,22.466760635375977
4376992,24.393823623657227
4377392,24.484317779541016
4378720,22.476078033447266
4379376,15.20979118347168
4379936,22.989229202270508
4380080,22.860883712768555
4380256,24.00449562072754
4380912,22.81631851196289
4381760,24.31946563720703
4383088,23.592437744140625
4383536,22.125383377075195
4384576,4.707808971405029
4385296,23.32478904724121
4386768,22.250492095947266
4387152,23.27781867980957
4387520,23.21190071105957
4387792,23.713926315307617
4387840,24.487058639526367
4390848,20.27533721923828
4390880,23.535877227783203
4391184,23.727622985839844
4391376,23.882070541381836
4392448,23.479202270507812
4393472,22.157520294189453
4394272,23.606779098510742
4396944,16.443605422973633
4397424,24.8538818359375
4398096,23.413084030151367
4398496,23.781421661376953
4398576,24.251008987426758
4399296,23.459209442138672
4399680,14.084226608276367
4400208,23.754392623901367
4401936,23.376850128173828
4402064,23.59280776977539
4404080,22.45695686340332
4404544,23.12607765197754
4404896,24.5667781829834
4405552,23.879024505615234
4406416,23.11900520324707
4406880,23.55341911315918
4407264,23.11475944519043
4408848,21.70273208618164
4409152,23.860713958740234
4409552,22.23171043395996
4410816,23.80105972290039
4411376,21.63469696044922
4412800,24.0318546295166
4412880,24.227495193481445
4413088,22.67284393310547
4413536,22.77940559387207
4413952,22.55948829650879
4414848,23.342782974243164
4415152,23.057090759277344
4415696,23.50257682800293
4416368,23.078176498413086
4417664,1.9845749139785767
4418336,23.452350616455078
4418800,15.869308471679688
4419824,22.98300552368164
4420144,23.16618537902832
4420352,23.49587059020996
4422096,23.71510124206543
4422288,23.08608627319336
4422416,15.24417781829834
4423168,23.084026336669922
4423344,22.201963424682617
4423376,23.135042190551758
4423712,21.604806900024414
4423792,19.598102569580078
4424256,23.056161880493164
4425872,24.545961380004883
4425936,22.90622901916504
4426864,24.454769134521484
4427088,22.97591209411621
4427184,24.425334930419922
4427808,23.52273941040039
4428224,21.64552879333496
4428464,24.140047073364258
4429024,22.87238883972168
4429232,21.438201904296875
4429904,23.09522247314453
4430400,23.347623825073242
4430656,23.365978240966797
4430720,23.463924407958984
4430880,23.576580047607422
4431808,23.849990844726562
4432032,24.136863708496094
4432400,22.93514633178711
4432576,24.16960334777832
4432864,23.2298641204834
4433440,24.013439178466797
4434080,22.967313766479492
4434416,23.78754234313965
4434560,23.47835350036621
4435504,22.30889320373535
4435712,22.947717666625977
4436096,23.56243324279785
4436432,22.913959503173828
4436992,23.77115249633789
4437632,24.02544593811035
4437648,23.604400634765625
4437952,24.83041763305664
4438400,17.614669799804688
4438512,5.988283634185791
4439056,15.719320297241211
4440224,23.608182907104492
4440528,23.745037078857422
4440864,22.71677589416504
4441392,25.00213623046875
4441408,23.749788284301758
4441536,23.61144256591797
4442080,24.303632736206055
4442560,23.264705657958984
4442912,23.20099639892578
4443696,22.881271362304688
4444304,17.710222244262695
4444976,23.952613830566406
4444992,22.869718551635742
4445040,23.965469360351562
4445808,23.818506240844727
4446416,23.66577911376953
4447488,22.80644989013672
4447920,22.90582847595215
4448592,23.150251388549805
4448672,21.414518356323242
4449952,23.600601196289062
4451040,23.22238540649414
4451296,16.554080963134766
4451888,22.11330795288086
4452240,22.61313819885254
4455488,23.36543846130371
4455888,15.432578086853027
4455888,23.754802703857422
4456496,22.962627410888672
4456992,23.777374267578125
4458208,19.82386016845703
4458432,23.23598861694336
4460064,23.217798233032227
4460688,21.2197265625
4462496,23.538679122924805
4464816,21.749059677124023
4465104,24.07137680053711
4465536,23.13027572631836
4466752,23.103675842285156
4467456,23.052684783935547
4467840,24.557167053222656
4468640,23.77232551574707
4469312,23.645231246948242
4469552,23.66146469116211
4469648,24.522441864013672
4469808,17.282127380371094
4470896,22.29585838317871
4470992,23.199115753173828
4471584,23.714641571044922
4472496,23.317476272583008
4472512,5.290895462036133
4472672,5.936373710632324
4473008,23.131969451904297
4473024,23.600101470947266
4473104,23.702821731567383
4473264,21.895172119140625
4474640,22.704381942749023
4476112,24.256582260131836
4476272,24.08265495300293
4476528,22.809520721435547
4476560,24.429962158203125
4476720,23.459341049194336
4479504,18.681442260742188
4479616,22.708280563354492
4479744,24.386014938354492
4480768,11.014594078063965
4481776,23.122156143188477
4483360,23.13248634338379
4483520,23.633899688720703
4483728,22.259387969970703
4483888,22.844179153442383
4484064,23.25779151916504
4484304,23.040903091430664
4485248,23.004358291625977
4486576,23.235597610473633
4487184,23.46162986755371
4487376,24.483366012573242
4487440,11.210962295532227
4490592,24.35570526123047
4490784,21.41796875
4491296,25.057117462158203
4491376,22.977388381958008
4493712,23.525922775268555
4493920,22.714000701904297
4494080,20.207691192626953
4494464,23.42060661315918
4494848,22.8640193939209
4495840,23.547534942626953
4496016,22.51361656188965
4496704,15.121577262878418
4496832,14.788832664489746
4497184,24.375446319580078
4497248,22.93556022644043
4498048,24.10452651977539
4498544,21.88954734802246
4499216,23.20599365234375
4499664,24.215957641601562
4500416,22.863239288330078
4501760,22.699338912963867
4502064,22.39992332458496
4502736,22.636823654174805
4503744,24.00933265686035
4504112,23.425119400024414
4504144,22.4001407623291
4504384,16.17367935180664
4505152,23.222366333007812
4506256,23.72193145751953
4506768,23.08032989501953
4507664,23.326467514038086
4507856,24.063535690307617
4507984,23.580379486083984
4508720,24.069538116455078
4508992,22.464176177978516
4510496,24.415306091308594
4511216,22.09663963317871
4511232,24.31174659729004
4512656,15.842700958251953
4513200,17.617965698242188
4514096,23.214019775390625
4514512,23.381168365478516
4514624,22.500080108642578
4514752,24.56717872619629
4515472,23.317241668701172
4516048,23.1585636138916
4517680,24.248828887939453
4518128,23.338815689086914
4518320,22.991060256958008
4518320,23.498395919799805
4518320,23.08747100830078
4519024,23.99056053161621
4519456,24.25220489501953
4521072,21.385223388671875
4521888,24.747982025146484
4521904,23.94277000427246
4522320,22.720603942871094
4522512,23.5386905670166
4522992,23.621150970458984
4523680,16.31352424621582
4524192,9.537796974182129
4524816,22.750879287719727
4525104,23.212873458862305
4525376,22.947755813598633
4525440,21.19062042236328
4526512,23.95614242553711
4526752,23.847536087036133
4527344,23.367691040039062
4528960,23.01700210571289
4528992,23.177621841430664
4529040,21.732511520385742
4529136,23.353450775146484
4530176,24.094057083129883
4530784,22.88323402404785
4530880,23.012361526489258
4531296,24.466022491455078
4531712,22.548982620239258
4532528,22.850204467773438
4532560,22.877330780029297
4532992,22.607540130615234
4533792,22.920507431030273
4534352,23.531696319580078
4534432,23.390731811523438
4536080,21.901206970214844
4536528,24.019575119018555
4537488,24.233877182006836
4537984,24.077016830444336
4539440,23.050256729125977
4539552,21.833057403564453
4539600,24.230005264282227
4539632,23.834613800048828
4539696,18.776718139648438
4540896,22.841842651367188
4541984,22.314044952392578
4543088,23.876644134521484
4543152,24.50522804260254
4543232,23.210763931274414
4543280,23.25452423095703
4544400,23.305126190185547
4545056,23.80086326599121
4546592,23.212425231933594
4546752,24.145727157592773
4547168,22.659494400024414
4547248,11.863974571228027
4548064,23.808988571166992
4548624,23.27836799621582
4549152,23.682138442993164
4549440,23.41403579711914
4550352,23.467601776123047
4550368,23.96413230895996
4550432,24.146787643432617
4550672,23.93758201599121
4551456,23.445281982421875
4551648,23.324722290039062
4552704,24.41096305847168
4553008,24.359025955200195
4553472,22.725107192993164
4553680,23.18683624267578
4553872,22.18551254272461
4553920,23.99602508544922
4554448,23.653121948242188
4555120,22.914175033569336
4555248,24.416824340820312
4555968,18.337482452392578
4556304,22.539358139038086
4556832,22.61705207824707
4557104,21.509735107421875
4557264,23.35723114013672
4557472,23.2484130859375
4557904,14.827844619750977
4557984,23.345745086669922
4558016,23.949298858642578
4558992,23.923269271850586
4559248,23.347980499267578
4560352,24.499711990356445
4561008,23.841657638549805
4561088,22.16301155090332
4561600,23.39588737487793
4562176,23.172822952270508
4563296,24.05731964111328
4564400,22.326427459716797
4564944,22.00881004333496
4564976,24.251237869262695
4566688,23.465723037719727
4566896,23.29372215270996
4567056,15.968222618103027
4568240,23.24213981628418
4568528,23.049306869506836
4568560,21.328126907348633
4569296,23.60454559326172
4570016,22.92291259765625
4570272,23.286231994628906
4571120,15.515030860900879
4572112,23.23849105834961
4572112,22.16872787475586
4573664,23.408397674560547
4573824,23.476335525512695
4574160,24.413373947143555
4574720,23.649742126464844
4575232,23.81431007385254
4575664,22.561677932739258
4575744,20.60978126525879
4576480,24.146015167236328
4576480,23.877357482910156
4577152,18.026268005371094
4577296,23.249927520751953
4579024,22.768627166748047
4579360,25.356117248535156
4581952,23.920475006103516
4582432,23.299785614013672
4583552,23.06100082397461
4583616,21.779571533203125
4584432,24.36036491394043
4585504,23.270851135253906
4585552,24.465843200683594
4585984,23.066919326782227
4586208,23.370567321777344
4586432,22.518293380737305
4586480,23.713672637939453
4588288,15.584219932556152
4589744,23.495664596557617
4589824,22.413898468017578
4589968,23.9190616607666
4590080,23.36922836303711
4590704,23.577125549316406
4591776,22.91644859313965
4592416,21.802467346191406
4592608,23.529081344604492
4592928,22.976482391357422
4593408,23.199378967285156
4593456,23.09079933166504
4594272,23.73492431640625
4594976,24.38625144958496
4595360,23.899030685424805
4595840,14.974260330200195
4596224,22.939437866210938
4597072,23.02390480041504
4597216,23.824119567871094
4598768,23.015195846557617
4599424,23.77080726623535
4599488,22.579288482666016
4599584,15.866497993469238
4600480,18.28597640991211
4600784,23.764257431030273
4601312,22.61838150024414
4602048,23.492341995239258
4602336,23.79775047302246
4602352,19.793804168701172
4603008,23.755495071411133
4603104,22.066753387451172
4605712,23.722530364990234
4606544,23.44721221923828
4606960,23.975419998168945
4607824,5.8724589347839355
4607856,23.137048721313477
4607984,23.847700119018555
4608432,22.714492797851562
4609392,22.360591888427734
4610112,23.82191276550293
4611184,8.77625846862793
4611216,23.293195724487305
4611328,11.01727294921875
4611408,23.9378662109375
4611952,24.373674392700195
4612112,5.323416709899902
4613584,23.82526969909668
4614784,23.924453735351562
4614832,23.952829360961914
4614896,23.42561912536621
4614896,23.777545928955078
4616640,24.377094268798828
4617184,24.47224235534668
4617184,24.003198623657227
4617440,16.30980682373047
4617600,23.735698699951172
4618192,15.807282447814941
4618336,22.526418685913086
4618368,23.653104782104492
4618944,24.17569923400879
4620992,23.346704483032227
4621856,22.96573257446289
4622304,23.19504165649414
4623824,22.991809844970703
4624144,23.350603103637695
4624304,23.570337295532227
4624560,23.627197265625
4625536,22.454788208007812
4626384,23.761104583740234
4627056,23.10600471496582
4627360,22.93377685546875
4627952,23.43354034423828
4629184,22.935352325439453
4629360,23.00993537902832
4630928,22.244226455688477
4631520,22.243227005004883
4631680,22.354049682617188
4632352,22.633190155029297
4632528,23.292892456054688
4632816,21.90569305419922
4634176,22.93516731262207
4634608,24.0662899017334
4634720,19.56909942626953
4634752,23.28116798400879
4634848,23.204923629760742
4635232,24.504745483398438
4635952,23.07183837890625
4636512,23.67409896850586
4637024,23.214956283569336
4637072,11.571150779724121
4638272,22.464780807495117
4638784,22.81739616394043
4638832,24.954151153564453
4639968,24.121381759643555
4640032,23.410512924194336
4640560,23.82870864868164
4641872,24.286785125732422
4641872,24.27674674987793
4642272,23.5772762298584
4642416,24.67051887512207
4643920,23.44828987121582
4644752,24.404518127441406
4645968,23.285058975219727
4647184,23.143510818481445
4647680,22.452320098876953
4648864,22.705547332763672
4649120,24.666269302368164
4649344,24.173067092895508
4650336,24.4364013671875
4650656,25.43656349182129
4651216,23.914588928222656
4651232,22.975255966186523
4651808,23.13802719116211
4652112,23.324344635009766
4652544,20.005306243896484
4652848,24.431215286254883
4652960,24.28164291381836
4653920,22.462791442871094
4655360,23.454740524291992
4655616,23.635961532592773
4657184,19.346845626831055
4657712,23.528400421142578
4657824,24.088869094848633
4658224,23.623281478881836
4658224,22.886632919311523
4658992,23.264530181884766
4659136,22.69169807434082
4659344,6.139527320861816
4659552,24.234220504760742
4659984,21.88600730895996
4660736,23.537965774536133
4661296,23.93071174621582
4661808,23.18801498413086
4662368,22.336071014404297
4662720,23.960193634033203
4662960,24.480026245117188
4663008,23.296907424926758
4663152,21.820873260498047
4663952,23.765295028686523
4664352,24.276153564453125
4664880,24.003803253173828
4664896,9.57900333404541
4667056,24.02576446533203
4667856,22.586923599243164
4668384,23.603164672851562
4670208,23.74544906616211
4670736,22.880172729492188
4674096,23.245891571044922
4674304,23.66917610168457
4674688,23.2028865814209
4674992,24.8292236328125
4675552,23.986278533935547
4676112,23.74056053161621
4676144,23.843799591064453
4676192,11.266721725463867
4677312,5.633625507354736
4677344,23.62398338317871
4677968,23.151586532592773
4679056,24.247098922729492
4679216,24.108598709106445
4680640,6.702329635620117
4682048,23.08289909362793
4683376,23.318574905395508
4684528,23.82139015197754
4684736,24.143814086914062
4684848,23.75213050842285
4685488,23.184734344482422
4686960,23.957380294799805
4689264,22.510900497436523
4689968,23.221303939819336
4692176,24.551712036132812
4692224,22.974578857421875
4692624,23.628252029418945
4693328,22.9563045501709
4693488,23.430171966552734
4694112,24.452295303344727
4695072,24.900012969970703
4695280,22.213218688964844
4695520,22.821516036987305
4697200,23.580883026123047
4700480,24.67214012145996
4700704,24.16381072998047
4701312,21.803035736083984
4702144,23.991622924804688
4702448,23.267181396484375
4703280,1.2362086772918701
4703872,17.801652908325195
4704672,22.666555404663086
4705728,23.03736114501953
4706016,20.049278259277344
4707424,23.27606964111328
4708272,24.3792724609375
4710688,23.390424728393555
4711168,17.952739715576172
4711360,18.971437454223633
4711472,22.973615646362305
4711872,23.397768020629883
4712176,22.867847442626953
4712800,24.058441162109375
4712960,9.33114242553711
4714624,22.99504280090332
4714688,17.3302001953125
4714784,23.99155044555664
4715760,24.49522590637207
4716320,23.8673152923584
4718000,24.041868209838867
4718192,23.68059730529785
4718432,24.08039665222168
4719168,22.47687339782715
4720176,21.76511001586914
4720800,22.23105239868164
4721728,24.556961059570312
4721920,22.89345359802246
4722928,23.074216842651367
4724176,23.8082275390625
4724304,23.48883819580078
4725280,23.4398193359375
4725312,24.239212036132812
4725440,23.00927734375
4726320,24.01567268371582
4726400,23.06999397277832
4726736,24.19095802307129
4727024,14.376999855041504
4727056,24.13958168029785
4727248,21.8505916595459
4727312,22.79037094116211
4727680,20.089780807495117
4727840,22.84252166748047
4728256,23.68411636352539
4730304,23.74955177307129
4730832,23.833078384399414
4730880,24.294958114624023
4731216,7.6505866050720215
4731248,24.409940719604492
4732560,23.236682891845703
4733808,23.79238510131836
4734352,23.45554542541504
4734768,23.576047897338867
4734832,23.58313751220703
4734848,22.53856086730957
4736080,24.221757888793945
4736096,23.557889938354492
4737392,22.777299880981445
4737680,22.998004913330078
4737984,23.085906982421875
4738016,22.96155548095703
4738352,22.520679473876953
4738496,24.504398345947266
4739472,24.39178466796875
4739648,25.144899368286133
4739680,23.07881736755371
4739968,23.60869026184082
4740256,23.85591697692871
4740912,23.61565589904785
4741280,24.10039520263672
4741296,22.44184112548828
4743200,23.840848922729492
4743520,23.306201934814453
4743856,23.518436431884766
4745152,24.793813705444336
4745424,21.44449234008789
4747472,24.433265686035156
4749376,24.340726852416992
4750144,23.361234664916992
4751984,24.686019897460938
4752096,23.26649284362793
4752560,23.530296325683594
4752928,24.721649169921875
4754976,4.60483455657959
4755680,23.71973991394043
4756352,22.929134368896484
4758176,23.440044403076172
4759072,22.156030654907227
4759360,24.206056594848633
4759824,23.053539276123047
4759888,23.717897415161133
4760816,23.630918502807617
4762096,24.113887786865234
4762784,23.839550018310547
4762848,24.009389877319336
4762976,22.578338623046875
4763328,22.750198364257812
4763568,23.690082550048828
4764128,22.903587341308594
4765360,23.09543800354004
4766272,23.710718154907227
4767056,20.687053680419922
4768304,24.50806427001953
4768928,22.560815811157227
4769216,22.38311767578125
4769216,23.117029190063477
4770704,23.95589256286621
4771584,23.790098190307617
4772464,22.913053512573242
4773296,21.629802703857422
4775520,23.302459716796875
4776064,22.28720474243164
4776064,15.077779769897461
4776320,24.968717575073242
4777248,23.905073165893555
4777552,23.018795013427734
4777568,24.465559005737305
4777632,23.658647537231445
4777760,24.584949493408203
4779920,4.448661804199219
4780592,21.951040267944336
4781072,24.133764266967773
4781216,23.418025970458984
4781328,23.681255340576172
4781440,22.55292510986328
4783152,24.023914337158203
4783440,23.195247650146484
4783536,23.58772087097168
4784448,24.249629974365234
4784832,24.22410774230957
4784960,23.734661102294922
4785504,23.3325138092041
4786880,20.808197021484375
4787072,22.541553497314453
4787344,23.737943649291992
4787600,1.645440697669983
4788000,23.430023193359375
4788848,22.840574264526367
4790256,23.866853713989258
4791168,22.660791397094727
4791232,23.040742874145508
4791328,24.52067756652832
4792016,23.58382797241211
4792064,22.243377685546875
4792384,23.43994140625
4792400,23.505992889404297
4792608,24.279441833496094
4793136,23.7503604888916
4794000,23.101791381835938
4794144,22.700998306274414
4795376,24.082046508789062
4795936,22.692495346069336
4796640,16.92049217224121
4796704,23.128963470458984
4797696,23.47525978088379
4798400,22.743492126464844
4798448,23.76325035095215
4799136,25.05434226989746
4799168,23.81129264831543
4801072,23.498979568481445
4801808,23.087371826171875
4802032,23.19025230407715
4802464,23.33209991455078
4802672,23.593616485595703
4802704,24.569313049316406
4804592,23.85875701904297
4804800,23.89461898803711
4805280,22.480783462524414
4805648,24.322160720825195
4805872,22.93499183654785
4806000,24.08184242248535
4806272,23.464488983154297
4806560,23.636049270629883
4807440,24.251062393188477
4808176,23.24952507019043
4808448,23.60626792907715
4808912,23.20176124572754
4809200,24.076906204223633
4809328,23.048431396484375
4810096,23.675622940063477
4811008,23.826147079467773
4814400,23.68515396118164
4816048,24.039705276489258
4816752,23.075786590576172
4816768,24.048837661743164
4817264,23.539640426635742
4818032,22.29686164855957
4818144,23.919275283813477
4818800,24.546648025512695
4819440,18.764699935913086
4819632,23.014392852783203
4819728,24.65129280090332
4820320,22.703323364257812
4822336,22.432422637939453
4822656,16.167787551879883
4822848,22.029020309448242
4822912,14.732953071594238
4822960,23.218177795410156
4823168,23.493087768554688
4823936,24.013689041137695
4824656,4.306230068206787
4826016,23.774494171142578
4827088,23.85403060913086
4828192,23.787385940551758
4829536,23.62483787536621
4829824,24.44828224182129
4830000,22.812103271484375
4830416,23.515438079833984
4831808,22.04679298400879
4832416,24.66683578491211
4833248,21.724010467529297
4833392,23.08631706237793
4833632,23.352968215942383
4833920,23.292490005493164
4834992,22.85741424560547
4835968,10.290550231933594
4836064,23.513002395629883
4836608,23.5509033203125
4836720,23.506113052368164
4837072,22.380334854125977
4837136,23.22993278503418
4838576,23.333412170410156
4839536,23.259456634521484
4839536,23.870651245117188
4840128,23.31351089477539
4840544,19.96078872680664
4840624,24.839021682739258
4840832,23.06017303466797
4841776,23.66175651550293
4842080,22.981861114501953
4842416,22.981721878051758
4844064,22.752710342407227
4844080,23.756559371948242
4844448,23.178546905517578
4844592,22.905012130737305
4846000,24.23769760131836
4846784,24.507532119750977
4847408,23.686214447021484
4847536,23.64250946044922
4847968,23.72568702697754
4848128,23.807697296142578
4848848,22.85099220275879
4851072,23.703617095947266
4851184,23.020483016967773
4851440,23.901472091674805
4851488,23.31459617614746
4851680,23.23639488220215
4852480,24.19974136352539
4852608,23.43443489074707
4854528,19.609699249267578
4854608,22.96951675415039
4854784,23.788658142089844
4854976,23.708288192749023
4858064,22.855915069580078
4858336,23.733932495117188
4859600,21.82095718383789
4861552,23.43825340270996
4862064,23.269691467285156
4862176,22.24732780456543
4863104,24.93199348449707
4863200,23.905303955078125
4864352,23.530179977416992
4864544,24.10457992553711
4865104,23.707489013671875
4865136,23.83800506591797
4865216,23.074975967407227
4866608,24.03867530822754
4866752,23.46335792541504
4868816,4.852366924285889
4869312,23.875999450683594
4870208,23.429452896118164
4870240,22.9260311126709
4870976,23.441177368164062
4871664,24.110797882080078
4871904,24.549501419067383
4872336,19.853961944580078
4872352,21.58650779724121
4872880,23.489805221557617
4873728,24.133962631225586
4873968,22.818689346313477
4875808,23.86134147644043
4875824,21.121376037597656
4875952,24.161571502685547
4875968,22.576284408569336
4876432,24.390975952148438
4877344,24.05782699584961
4877440,23.89537811279297
4878128,24.117280960083008
4879392,23.08237075805664
4879504,24.543888092041016
4879600,22.820327758789062
4879952,23.39763069152832
4880288,5.177860736846924
4881696,24.325916290283203
4883008,22.291114807128906
4883072,23.5479679107666
4884384,24.14546775817871
4885200,23.338699340820312
4886064,24.18707275390625
4886448,23.512765884399414
4886640,23.60919952392578
4889200,23.329368591308594
4889616,23.196487426757812
4890144,23.276290893554688
4890736,22.344770431518555
4890944,24.57695198059082
4890976,23.94703483581543
4891600,23.190404891967773
4892720,24.643836975097656
4893712,23.053396224975586
4893776,22.76148796081543
4893920,22.57840919494629
4894496,23.853899002075195
4897328,24.527301788330078
4897360,22.25606918334961
4897456,24.3206787109375
4899456,24.853105545043945
4900832,23.154726028442383
4900848,23.36200714111328
4900864,23.281152725219727
4900864,22.629838943481445
4902144,26.509719848632812
4902416,22.450037002563477
4903088,23.537952423095703
4903872,22.86890983581543
4904304,16.820253372192383
4904384,23.350910186767578
4905200,21.072507858276367
4905600,23.233749389648438
4906400,23.569623947143555
4906752,24.840415954589844
4907456,21.859670639038086
4907904,21.65049934387207
4908720,23.658395767211914
4909296,23.356637954711914
4909424,23.742996215820312
4912784,16.061704635620117
4915024,23.874940872192383
4916144,24.838647842407227
4916336,23.1666202545166
4916480,24.400903701782227
4916720,23.676427841186523
4917008,22.02179527282715
4917104,23.053760528564453
4918576,22.468528747558594
4919696,23.483278274536133
4919776,23.725954055786133
4919904,22.245407104492188
4920032,23.611785888671875
4920624,22.631763458251953
4921712,23.62671661376953
4922672,23.618515014648438
4923248,22.999670028686523
4923552,22.464365005493164
4923728,24.15953254699707
4924208,24.483301162719727
4925296,22.16152572631836
4925440,25.117446899414062
4925664,24.46748924255371
4926336,24.166217803955078
4926880,22.99463653564453
4926976,15.941615104675293
4927056,23.356678009033203
4928768,24.025121688842773
4929264,24.441492080688477
4929296,23.644819259643555
4930416,24.220542907714844
4930608,23.315876007080078
4930784,22.358570098876953
4930944,22.0517520904541
4931776,23.320667266845703
4932832,23.315641403198242
4933296,24.707809448242188
4933936,23.667396545410156
4934160,23.432260513305664
4934960,23.206695556640625
4935408,24.722270965576172
4935904,23.857866287231445
4936336,24.379465103149414
4936368,24.23908042907715
4936848,24.524126052856445
4937504,24.707035064697266
4937584,24.272687911987305
4937792,24.20377540588379
4937856,23.93703269958496
4938480,23.321197509765625
4938992,23.689224243164062
4939712,23.65102195739746
4939888,24.72331428527832
4940432,24.073137283325195
4941088,24.46392059326172
4942048,24.342016220092773
4942880,22.612205505371094
4943504,23.498573303222656
4944528,22.635929107666016
4944864,21.749065399169922
4946784,18.385482788085938
4947312,23.140146255493164
4947552,23.833078384399414
4947824,22.095951080322266
4948144,23.729536056518555
4948256,23.73542022705078
4948784,23.297468185424805
4950224,23.667747497558594
4950368,22.700511932373047
4950800,23.526561737060547
4951360,24.777746200561523
4951872,23.843448638916016
4951904,23.481204986572266
4953168,22.942445755004883
4953520,23.45551300048828
4954176,23.052505493164062
4954640,24.132793426513672
4954944,24.075511932373047
4955536,23.351436614990234
4955920,22.895217895507812
4956272,23.708932876586914
4956480,10.009477615356445
4957344,23.06578254699707
4958144,23.436140060424805
4958432,23.121726989746094
4958800,23.97093391418457
4959024,23.827407836914062
4959760,24.13426399230957
4960304,22.300939559936523
4961072,23.27647590637207
4962272,23.98996353149414
4963072,22.724023818969727
4963584,23.156888961791992
4963856,23.18947982788086
4964224,23.578166961669922
4965552,18.31898307800293
4965840,23.8671817779541
4966192,23.55581283569336
4966608,23.382665634155273
4966864,23.239503860473633
4967216,24.082157135009766
4968448,23.593154907226562
4968928,24.143556594848633
4969056,23.1872501373291
4969328,22.608591079711914
4969728,22.68743324279785
4969872,23.475196838378906
4970848,23.89458656311035
4971808,23.799171447753906
4971984,22.685535430908203
4972672,23.52745246887207
4973344,23.99481201171875
4973456,15.730098724365234
4974080,22.839927673339844
4974432,23.79060935974121
4975328,25.179338455200195
4975376,23.642724990844727
4976208,24.75604820251465
4976928,23.911264419555664
4976960,22.891096115112305
4977568,23.777667999267578
4978000,23.52393913269043
4980800,23.400381088256836
4981216,21.914079666137695
4985968,23.70092010498047
4986128,23.894695281982422
4986400,23.968624114990234
4986496,23.44788932800293
4986992,22.788755416870117
4989424,21.115924835205078
4989536,23.331464767456055
4990432,23.559947967529297
4990528,24.75093650817871
4991104,23.758520126342773
4991808,23.230928421020508
4992048,24.468433380126953
4992192,22.932790756225586
4993024,22.918821334838867
4993120,24.364906311035156
4993200,22.67395782470703
4993280,22.873140335083008
4993968,24.339523315429688
4994416,23.851757049560547
4994608,22.411684036254883
4995328,23.478313446044922
4995744,23.125736236572266
4996608,24.152721405029297
4996640,21.49527931213379
4997072,24.40822410583496
