step,value
320,1.899999976158142
384,1.5833333730697632
688,1.440000057220459
688,2.82608699798584
784,3.224489688873291
816,1.600000023841858
864,2.648648738861084
960,1.8235293626785278
1040,3.1578948497772217
1248,2.392857074737549
1264,1.2083333730697632
1344,2.5217392444610596
1472,2.307692289352417
1584,1.0
1616,1.3809523582458496
1744,2.857142925262451
1904,3.529411792755127
1968,1.894736886024475
2096,2.090909004211426
2192,1.8125
2336,1.814814805984497
2464,2.941176414489746
2560,3.5
2672,2.799999952316284
2688,2.6818182468414307
2976,2.0
3008,2.95652174949646
3008,2.8421051502227783
3184,3.7567567825317383
3504,3.799999952316284
3552,3.057142972946167
3808,2.2352941036224365
3872,2.2857143878936768
3904,2.0370371341705322
4016,2.119999885559082
4080,2.2352941036224365
4096,2.2352941036224365
4224,1.3809523582458496
4336,1.7200000286102295
4480,1.3809523582458496
4576,2.620689630508423
4624,2.6666667461395264
4800,1.1428571939468384
4912,2.5714285373687744
5264,3.6842105388641357
5312,2.7391304969787598
5520,1.8125
5616,1.4500000476837158
5664,1.7241379022598267
5712,2.5
5920,1.0
5984,2.736842155456543
6000,2.2068965435028076
6032,2.5199999809265137
6112,1.2083333730697632
6144,2.2121212482452393
6208,2.8235294818878174
6272,2.2857143878936768
6352,3.2352941036224365
6496,3.225806474685669
6688,2.5517241954803467
6992,1.7297297716140747
7232,2.0833332538604736
7232,2.4800000190734863
7696,2.222222328186035
7760,2.299999952316284
8016,2.370370388031006
8304,1.8125
8336,1.6799999475479126
8496,1.4736841917037964
8528,1.0
8976,1.2564102411270142
9072,3.1891891956329346
9248,3.6111111640930176
9264,3.2051281929016113
9344,2.5
9472,1.8333333730697632
9488,1.4838709831237793
9744,2.068965435028076
10112,1.9629629850387573
10272,2.2916667461395264
10320,1.5263158082962036
10400,1.84375
10416,4.599999904632568
10544,1.3809523582458496
10768,2.1379311084747314
10864,3.4848484992980957
10960,1.6666666269302368
11232,3.4000000953674316
11328,3.75
11328,1.4736841917037964
11376,1.4500000476837158
11552,1.5263158082962036
11632,1.2083333730697632
11792,3.75
11920,2.0416667461395264
12112,2.3043477535247803
12272,2.4848484992980957
12448,2.8235294818878174
12656,2.607142925262451
12768,1.9333332777023315
13280,2.452380895614624
13408,2.6086957454681396
13488,2.7272727489471436
13504,3.7804877758026123
13728,1.5263158082962036
13936,2.3611111640930176
14272,2.5151515007019043
14368,2.7333333492279053
14512,2.5
14688,1.5199999809265137
14880,3.5306122303009033
14912,2.068965435028076
15152,1.7333333492279053
15344,1.600000023841858
15504,1.625
15696,1.0
15776,2.555555582046509
15792,2.2352941036224365
16240,3.5151515007019043
16416,2.03125
16416,1.0
16704,2.2765958309173584
16704,2.629629611968994
16736,2.722222328186035
16960,1.2083333730697632
17072,1.5833333730697632
17424,1.4500000476837158
17456,2.1764705181121826
17728,1.6388888359069824
17856,1.9615384340286255
17920,1.8125
17952,2.064516067504883
18016,1.2083333730697632
18032,3.882352828979492
18240,2.4210526943206787
18304,2.1764705181121826
18320,2.5
18816,1.0
18960,1.615384578704834
19360,1.6451612710952759
19360,2.299999952316284
19392,2.2352941036224365
19408,2.7647058963775635
19472,2.736842155456543
19856,3.558823585510254
20032,1.5526316165924072
20048,1.3333333730697632
20176,3.0
20528,3.055555582046509
20704,2.2941176891326904
20768,2.470588207244873
20912,2.6315789222717285
20992,2.357142925262451
21104,2.2941176891326904
21232,1.9285714626312256
21312,1.0
21328,1.4736841917037964
21360,2.1481480598449707
21680,3.0322580337524414
21776,1.600000023841858
22128,2.0833332538604736
22288,1.0
22448,1.0
22496,2.461538553237915
22800,2.3611111640930176
22880,1.8125
23008,2.882352828979492
23072,1.9047619104385376
23136,1.4500000476837158
23168,3.3529412746429443
23200,2.5
23456,3.2564103603363037
23472,2.3043477535247803
23504,4.333333492279053
23536,2.375
23600,1.884615421295166
23680,3.4000000953674316
23712,1.8125
23920,1.0
23920,1.0
24032,2.9285714626312256
24304,3.04347825050354
24352,1.0
24480,2.4827585220336914
24512,1.875
24544,2.4000000953674316
24672,3.090909004211426
24928,2.08695650100708
24976,2.7931034564971924
25312,2.1621620655059814
25472,2.0
25504,1.95652174949646
25632,1.9333332777023315
25648,2.5
25808,1.4500000476837158
26272,3.6315789222717285
26368,2.2941176891326904
26528,2.4482758045196533
26720,1.4500000476837158
26944,2.379310369491577
26960,1.2564102411270142
27168,1.6956521272659302
27360,1.736842155456543
27424,1.0
27472,2.8611111640930176
27744,1.4736841917037964
27936,2.378378391265869
28112,1.3636363744735718
28176,2.875
28592,1.4736841917037964
28608,1.0
28752,3.2962963581085205
28816,2.2413792610168457
28912,3.0
29232,1.0
29280,1.894736886024475
29360,2.690476179122925
29488,1.0
29552,2.6315789222717285
29600,2.5652174949645996
29648,3.529411792755127
29696,1.2083333730697632
29808,1.0
29968,2.8214285373687744
30016,1.0
30240,2.0
30272,2.5365853309631348
30576,2.4800000190734863
30640,1.862069010734558
30912,3.1818182468414307
31072,2.3499999046325684
31232,1.0
31248,2.08695650100708
31552,1.5384615659713745
31856,2.9166667461395264
32256,2.0
32336,3.382352828979492
32656,3.529411792755127
32880,1.4736841917037964
33024,2.4347825050354004
33104,2.6666667461395264
33504,1.2083333730697632
33760,2.7096774578094482
34224,4.0
34240,2.529411792755127
34464,1.5199999809265137
34880,3.4375
34928,3.857142925262451
35168,1.95652174949646
35264,2.9000000953674316
35840,2.5806450843811035
35904,2.3333332538604736
35936,1.3333333730697632
35968,1.0
36016,3.4680850505828857
36064,1.5263158082962036
36144,1.3809523582458496
36192,2.5238094329833984
36208,2.722222328186035
36480,2.5357143878936768
36592,2.6666667461395264
36640,2.2857143878936768
36832,2.4347825050354004
37024,1.5263158082962036
37504,1.7241379022598267
37632,2.971428632736206
37808,1.4736841917037964
37856,3.200000047683716
37856,2.279069662094116
38080,1.8125
38144,4.0
38160,1.0
38224,3.0625
38272,2.4000000953674316
38400,1.4736841917037964
38480,1.0
38608,2.0
38768,2.7878787517547607
38848,3.0370371341705322
38880,3.0303030014038086
39424,2.133333444595337
39488,2.7586207389831543
39600,2.86956524848938
39648,3.8518519401550293
39824,1.8333333730697632
39920,2.0
39920,2.357142925262451
40016,1.3636363744735718
40112,3.0999999046325684
40144,1.884615421295166
40224,3.8684210777282715
40416,1.2083333730697632
40512,1.736842155456543
40624,3.0
40896,1.954545497894287
40992,2.6666667461395264
41024,1.0
41040,1.899999976158142
41552,3.1111111640930176
41616,2.3529412746429443
42144,3.04347825050354
42224,2.702702760696411
42400,3.653846263885498
42496,3.2121212482452393
42640,2.75
42672,3.375
42672,1.899999976158142
43008,2.5471699237823486
43008,2.640000104904175
43072,2.9166667461395264
43248,1.692307710647583
43328,1.5263158082962036
43456,2.6666667461395264
43520,2.375
43616,2.529411792755127
43664,2.4000000953674316
43760,2.1052632331848145
43824,3.7037036418914795
43936,1.0
43984,2.382352828979492
44096,2.3499999046325684
44240,2.4347825050354004
44240,2.799999952316284
44256,2.857142925262451
44336,2.2580645084381104
44368,2.0833332538604736
44400,2.941176414489746
44544,3.444444417953491
44592,1.3333333730697632
44800,3.153846263885498
45040,2.17391300201416
45168,2.759999990463257
45328,2.2941176891326904
45360,2.444444417953491
45408,2.4864864349365234
45568,2.5999999046325684
45648,2.724138021469116
45664,2.857142925262451
45776,2.0
45968,3.4375
45984,2.82608699798584
46016,2.5
46096,1.9333332777023315
46192,2.1666667461395264
46240,3.117647171020508
46560,3.125
47168,4.0740742683410645
47472,1.0
47504,3.4468085765838623
47536,1.75
47536,2.759999990463257
47696,3.0526316165924072
47712,3.3636362552642822
47920,3.444444417953491
47968,2.941176414489746
48000,3.5714285373687744
48160,3.461538553237915
48320,1.8333333730697632
48480,3.390625
48512,3.8888888359069824
48624,1.884615421295166
48784,2.75
48880,2.3235294818878174
48896,1.8333333730697632
48944,1.5263158082962036
49008,2.857142925262451
49056,1.8125
49104,1.4814814329147339
49312,1.8125
49520,2.903225898742676
49648,3.0
49984,2.151515245437622
50032,2.107142925262451
50240,3.454545497894287
50592,4.090909004211426
50976,2.4590163230895996
51040,3.3720929622650146
51296,2.1111111640930176
51360,2.5116279125213623
51616,3.8888888359069824
51616,2.6956522464752197
51616,3.942307710647583
51648,3.4375
51968,1.5263158082962036
52352,2.941176414489746
52416,1.814814805984497
52432,2.857142925262451
52736,3.277777671813965
52784,4.285714149475098
52928,4.441176414489746
53008,2.7333333492279053
53024,2.370370388031006
53312,3.6666667461395264
53424,3.444444417953491
53840,4.069767475128174
54016,3.7906975746154785
54160,3.4848484992980957
54176,3.0
54512,2.857142925262451
54816,1.5384615659713745
55072,3.7333333492279053
55136,3.0303030014038086
55184,1.7391303777694702
55216,2.78125
55248,1.899999976158142
55344,2.2962963581085205
55600,4.392857074737549
55632,3.5999999046325684
55680,2.675675630569458
55808,3.461538553237915
55808,3.5714285373687744
55984,2.617647171020508
56144,2.0714285373687744
56224,2.884615421295166
56352,1.0
56416,3.200000047683716
56432,2.5185184478759766
56784,3.846153736114502
56928,4.6875
57008,1.875
57232,2.903225898742676
57344,1.4500000476837158
57680,3.4782607555389404
57904,3.8888888359069824
58064,4.230769157409668
58144,4.638298034667969
58160,2.472222328186035
58448,4.0
58448,2.8888888359069824
58544,3.9583332538604736
58944,1.8541666269302368
59120,2.08695650100708
59216,2.5862069129943848
59424,2.6190476417541504
60192,2.903225898742676
60624,4.0
60896,3.529411792755127
61104,2.5714285373687744
62240,3.8064515590667725
62528,3.548387050628662
62736,4.566666603088379
62880,4.6785712242126465
63008,2.3529412746429443
63200,4.6315789222717285
63296,3.125
63568,3.1818182468414307
64176,1.0
64656,3.409090995788574
64992,3.8541667461395264
65360,2.25
65440,4.047618865966797
65968,2.8958332538604736
65968,2.5517241954803467
66128,1.8125
66496,5.0
66576,3.6052632331848145
67296,3.809523820877075
67664,3.194444417953491
67936,1.0
68064,3.799999952316284
68112,4.583333492279053
68128,2.809523820877075
68560,3.3658535480499268
68624,5.161290168762207
68800,4.404761791229248
69008,3.2058823108673096
69056,3.076923131942749
69200,4.107142925262451
69392,3.265625
69552,3.3620688915252686
69568,4.782608509063721
69760,4.857142925262451
69760,3.6764705181121826
70384,2.1521739959716797
70432,5.4347825050354
70528,2.0
70624,3.7666666507720947
70896,3.055555582046509
71120,2.857142925262451
71168,3.39393949508667
71232,3.9189188480377197
71392,1.3809523582458496
71488,5.588235378265381
71504,2.9189188480377197
71808,5.357142925262451
71808,2.5714285373687744
71840,4.418604850769043
71920,2.08695650100708
72160,4.785714149475098
72352,2.575000047683716
72624,3.1600000858306885
72736,4.909090995788574
72800,4.513513565063477
72832,1.4736841917037964
73152,1.0
73296,4.2682929039001465
73616,3.0
73776,2.4137930870056152
73792,4.029411792755127
74048,1.8125
74080,3.461538553237915
74432,1.440000057220459
74608,1.9666666984558105
74896,3.3333332538604736
74992,4.852941036224365
75152,3.547619104385376
75168,4.477612018585205
75296,3.3333332538604736
75408,3.384615421295166
75696,4.705882549285889
75808,3.548387050628662
75856,3.0
76256,3.529411792755127
76688,3.799999952316284
76896,2.7948718070983887
76928,4.264151096343994
77664,2.3043477535247803
77760,1.8125
77920,4.175000190734863
78944,3.4848484992980957
78976,2.6666667461395264
79488,2.6500000953674316
79552,3.7411763668060303
79584,3.7837836742401123
79952,3.8888888359069824
80016,4.333333492279053
80496,2.777777671813965
80560,3.3333332538604736
80704,3.621621608734131
81968,4.6875
82256,1.7272727489471436
82496,2.692307710647583
82576,4.5625
82928,3.076923131942749
83376,4.692307472229004
84000,4.767123222351074
84528,4.642857074737549
84544,3.8888888359069824
85024,3.8499999046325684
85040,3.4848484992980957
85088,5.42168664932251
85152,2.777777671813965
85632,5.243902206420898
85632,3.8620688915252686
85856,3.5999999046325684
86096,4.230769157409668
86464,3.0
86512,4.387096881866455
86592,4.882352828979492
86720,4.676056385040283
86768,4.230769157409668
87024,5.457627296447754
87040,3.86956524848938
87184,3.7837836742401123
87328,5.133333206176758
87600,4.852941036224365
87776,4.17391300201416
88480,5.087719440460205
88576,2.6315789222717285
88880,4.904761791229248
89408,3.2571427822113037
89696,4.134615421295166
89728,3.0
90080,5.377358436584473
90272,4.485714435577393
90848,4.4571428298950195
90864,5.55555534362793
90912,4.465116500854492
90944,2.7941176891326904
91040,5.4285712242126465
91856,5.520833492279053
91904,5.063291072845459
91984,5.2040815353393555
92096,5.526315689086914
93008,3.222222328186035
93648,2.6363637447357178
93664,3.2962963581085205
93808,4.938271522521973
93936,5.096153736114502
94304,4.883720874786377
94336,4.655172348022461
94384,5.2727274894714355
94448,3.8541667461395264
94512,4.2682929039001465
94688,5.0
96016,5.193798542022705
96080,4.629629611968994
96464,3.7567567825317383
96880,4.905660152435303
96944,1.8125
97040,5.193548202514648
97136,2.0
97216,4.652777671813965
97552,4.677419185638428
98368,3.6857142448425293
98752,6.4285712242126465
99424,5.300000190734863
99840,5.777777671813965
99904,4.375
100336,5.714285850524902
100816,6.090909004211426
101104,4.051723957061768
101136,3.86956524848938
101152,3.7735848426818848
101600,2.8947367668151855
102800,5.1744184494018555
103424,4.75
104128,5.0
104352,4.153846263885498
104352,4.719298362731934
104384,4.893617153167725
104464,4.222222328186035
104832,4.893617153167725
104976,4.9210524559021
105520,4.222222328186035
105584,5.197368621826172
106608,5.666666507720947
106944,3.25
107584,5.294117450714111
107712,4.130434989929199
108944,4.729729652404785
109024,5.614035129547119
110624,5.714285850524902
111168,4.137930870056152
112624,3.277777671813965
112768,4.505494594573975
113312,5.9375
114912,6.404494285583496
115584,4.9220781326293945
116224,3.161290407180786
116304,5.238636493682861
116416,5.568181991577148
117248,5.4666666984558105
117600,5.795454502105713
118528,5.2784810066223145
119024,5.545454502105713
119216,5.045454502105713
119248,5.641025543212891
119472,5.4285712242126465
119520,3.4782607555389404
119728,4.800000190734863
119904,6.145833492279053
121024,5.0
121072,5.1785712242126465
121280,5.151515007019043
121472,4.44444465637207
121984,4.5
122064,4.954128265380859
122912,6.0
122912,5.294117450714111
123296,5.430463790893555
123728,5.780141830444336
124272,5.886363506317139
124384,5.769230842590332
125552,5.340909004211426
125984,5.896226406097412
126160,6.164383411407471
126208,5.873015880584717
126480,1.4736841917037964
126992,5.986546993255615
127104,5.0
127472,6.142857074737549
127536,6.060606002807617
127808,6.627906799316406
127872,4.431818008422852
127984,6.875
128224,4.199999809265137
129184,6.5740742683410645
129648,5.775862216949463
129680,5.442105293273926
130064,5.384615421295166
130848,4.647058963775635
131184,5.315789699554443
131504,6.433962345123291
131600,5.277777671813965
131856,6.40625
131984,5.862069129943848
132064,5.263157844543457
132288,4.375
132480,4.777777671813965
132544,5.772357940673828
134640,5.619834899902344
136320,5.833333492279053
136800,6.122270584106445
137056,6.277486801147461
137360,6.0
138400,6.08433723449707
138784,5.4464287757873535
139312,4.0625
140352,6.199095249176025
140672,6.150442600250244
141664,6.08695650100708
142208,6.818181991577148
142464,5.9375
142944,5.774336338043213
143152,5.982905864715576
143152,6.380368232727051
143312,5.714285850524902
143424,5.609755992889404
144064,6.190476417541504
144864,6.5625
145264,5.816993236541748
145728,6.118012428283691
146176,6.25
146192,6.221374034881592
147312,6.36771297454834
148064,6.5401787757873535
148816,6.34782600402832
149440,6.058479309082031
150528,6.484018325805664
150928,6.56488561630249
150944,6.725663661956787
151088,6.419753074645996
151344,6.473214149475098
151520,5.883720874786377
151600,6.129032135009766
151760,6.213872909545898
152064,5.9259257316589355
152064,5.3214287757873535
152560,6.397058963775635
152592,5.518518447875977
152608,6.385542392730713
152672,3.75
152736,5.609755992889404
152880,5.789473533630371
153584,5.519230842590332
154736,5.830986022949219
155744,6.375545978546143
155952,6.5
156272,6.294642925262451
156672,2.941176414489746
158992,5.199999809265137
159008,3.75
159280,6.568181991577148
160080,6.265305995941162
160224,5.0
160480,6.176470756530762
160944,4.0625
162048,5.679012298583984
162496,6.617647171020508
162864,5.844155788421631
163488,6.111111164093018
163696,6.369863033294678
167936,6.4873948097229
168320,6.561086177825928
168784,4.925373077392578
170464,6.4285712242126465
172576,5.744680881500244
172608,6.863636493682861
173152,5.696969509124756
173616,6.757990837097168
174912,7.1777777671813965
177600,6.837209224700928
178192,6.674312114715576
178512,6.5401787757873535
179680,6.73913049697876
179760,6.801242351531982
179824,6.851851940155029
179824,6.7488789558410645
179904,6.0107526779174805
180128,6.688889026641846
181200,5.42553186416626
181216,5.333333492279053
181728,6.939655303955078
182240,6.488372325897217
182304,7.289156436920166
183760,7.0987653732299805
184144,6.803278923034668
184176,6.77419376373291
184512,6.176470756530762
184576,6.4285712242126465
185968,6.5625
186064,6.911110877990723
187200,7.177914142608643
187744,6.5
188704,6.623376846313477
188736,6.89497709274292
188976,5.986842155456543
189616,6.755555629730225
190176,6.5
193152,5.384615421295166
193760,6.706521511077881
193888,6.94444465637207
194128,6.5740742683410645
194224,6.94444465637207
196032,6.946902751922607
196208,6.569506645202637
196496,6.279069900512695
196720,6.936936855316162
197264,6.8761467933654785
197632,6.5
197696,6.7792792320251465
197952,7.1929826736450195
198544,6.65217399597168
199744,6.755555629730225
200944,6.764705657958984
201488,6.666666507720947
202160,5.5
203232,6.099173545837402
203840,7.01298713684082
205872,6.909090995788574
206752,7.0625
206864,6.738197326660156
207328,7.166666507720947
207632,6.733333110809326
209008,6.896551609039307
209664,7.0
210960,6.84782600402832
211760,6.107526779174805
212592,7.017937183380127
213792,6.929824352264404
213840,6.92307710647583
214160,7.202643394470215
214448,6.199999809265137
214512,7.285068035125732
214624,7.16292142868042
215104,7.151162624359131
216128,6.801801681518555
217600,7.032710075378418
217648,7.422222137451172
218176,7.241379261016846
220464,6.417391300201416
220848,7.5
220928,6.543210029602051
221216,6.589861869812012
222016,7.8125
222816,7.543859481811523
223408,6.753246784210205
224496,7.534246444702148
224880,6.75
225472,7.058823585510254
227216,7.3125
227840,7.363636493682861
228400,7.350427150726318
228432,7.262443542480469
229648,7.152777671813965
229808,7.2272725105285645
229920,6.259259223937988
230832,6.891891956329346
232016,6.875
232528,7.037036895751953
234352,7.077625751495361
234912,6.6847825050354
238320,6.77419376373291
238624,7.229729652404785
238656,7.018348693847656
240256,7.090909004211426
241696,7.528090000152588
243216,7.313084125518799
245872,6.902654647827148
245968,7.657657623291016
246320,7.02222204208374
246400,7.136563777923584
246592,6.315789699554443
247952,7.1929826736450195
248256,7.6339287757873535
248704,4.44444465637207
248832,6.7312774658203125
250080,7.16589879989624
251344,6.9819817543029785
251840,6.280701637268066
253008,7.0886077880859375
253024,6.900452613830566
256752,6.863636493682861
259328,7.252252101898193
259456,6.956521511077881
259776,7.323009014129639
261824,7.1621623039245605
263792,6.516393661499023
266000,7.702702522277832
266720,7.232142925262451
266864,7.027027130126953
268576,7.28000020980835
268800,6.912442207336426
270672,7.433628082275391
270976,7.207207202911377
273312,8.022856712341309
275712,7.511210918426514
275856,7.780269145965576
275952,7.3684210777282715
276112,7.0
276368,7.725225448608398
276400,8.054298400878906
276576,7.5471696853637695
277520,7.17391300201416
277888,7.139534950256348
279344,6.489361763000488
281584,7.763975143432617
283936,6.969696998596191
284048,7.704545497894287
285072,7.718894004821777
285904,7.743362903594971
286752,7.287233829498291
287152,7.533632278442383
288272,7.669902801513672
290560,7.688889026641846
291040,8.141592979431152
292160,7.706421852111816
292192,8.156682014465332
292208,7.7011494636535645
293440,7.183544158935547
294512,7.523148059844971
295456,6.111111164093018
295712,7.857142925262451
298032,7.9464287757873535
299600,7.5
301872,8.280543327331543
302896,7.964601993560791
304032,7.128205299377441
305152,7.344827651977539
305424,8.100000381469727
306240,8.34080696105957
307424,7.995594501495361
307760,8.009049415588379
307808,7.688889026641846
309744,8.348624229431152
310336,7.6875
311040,8.533333778381348
313392,8.147321701049805
314800,8.46846866607666
314912,8.097345352172852
315472,7.972727298736572
315488,7.830188751220703
316704,7.457627296447754
318944,7.767857074737549
319072,7.924107074737549
319200,7.573529243469238
319984,8.106194496154785
320240,7.822085857391357
320448,8.04444408416748
320560,7.901785850524902
321200,7.786259651184082
321840,8.05555534362793
322704,8.081395149230957
324944,7.743902206420898
325392,8.21100902557373
327552,7.404255390167236
328640,8.050458908081055
329328,8.090909004211426
330080,7.9220781326293945
330128,6.693877696990967
331024,7.916666507720947
332032,8.090909004211426
332240,7.802690505981445
335888,7.464788913726807
336832,8.101851463317871
340720,7.764976978302002
340768,7.84403657913208
340960,7.828828811645508
341520,7.788018226623535
342544,7.843137264251709
342784,7.950450420379639
344208,7.958715438842773
344352,8.230088233947754
345200,8.095237731933594
345680,8.066666603088379
346000,7.813953399658203
346704,6.117647171020508
347024,7.560240745544434
348256,6.5
348784,8.119266510009766
349552,7.374429225921631
351024,6.92307710647583
352352,7.635135173797607
352464,7.621145248413086
352592,7.52212381362915
353552,7.891891956329346
353696,7.641921520233154
355328,7.613636493682861
355648,7.342342376708984
355712,7.358490467071533
359664,7.589285850524902
361216,7.648401737213135
361552,7.7906975746154785
361600,7.511111259460449
362144,7.590909004211426
362464,6.511627674102783
364832,7.825112342834473
365152,7.805429935455322
365760,7.244444370269775
369376,7.929515361785889
370304,7.7419352531433105
371136,8.150288581848145
371392,8.195266723632812
372288,7.9213480949401855
372832,7.567567348480225
373168,7.951541900634766
375872,8.210526466369629
378688,8.181818008422852
379360,7.870370388031006
382816,8.05309772491455
384496,7.911110877990723
384576,8.144796371459961
384736,7.5
384736,8.272727012634277
385520,7.592592716217041
387168,8.07453441619873
387920,7.657657623291016
388608,7.579908847808838
390272,7.782805442810059
391856,7.567567348480225
393856,8.109756469726562
394112,7.892376899719238
394672,7.512953281402588
395024,7.3214287757873535
397008,7.5227274894714355
397296,7.802690505981445
397856,8.0921049118042
399712,8.026315689086914
399984,8.198198318481445
401840,7.708333492279053
403408,6.792683124542236
404352,7.666666507720947
405440,8.125
406592,7.638036727905273
407232,7.853881359100342
408288,7.82608699798584
408336,7.754237174987793
408880,7.830188751220703
408960,7.625570774078369
410160,7.792792797088623
411696,7.210526466369629
411760,7.488263130187988
412992,7.307692527770996
414208,7.533936500549316
414832,7.9910712242126465
415168,7.6712327003479
415408,7.466960430145264
415920,7.8318586349487305
416016,7.307692527770996
419296,7.926267147064209
420048,5.0
420320,7.857142925262451
420912,7.909090995788574
421520,7.802690505981445
423216,7.637614727020264
423760,8.051947593688965
426224,7.567567348480225
426864,7.3255815505981445
427008,7.748691082000732
427520,7.8947367668151855
428144,8.199999809265137
428256,7.6712327003479
428960,7.647058963775635
430720,7.513227462768555
432544,7.937219619750977
433680,7.4666666984558105
433728,7.828054428100586
433952,7.657657623291016
434240,7.982456207275391
435088,7.955555438995361
436832,7.7533040046691895
438160,7.853535175323486
440992,7.476851940155029
442176,7.84403657913208
443696,8.288288116455078
446048,7.534246444702148
446160,7.544642925262451
446656,7.8125
447856,7.805309772491455
449264,7.3972601890563965
450384,7.97777795791626
453936,7.511520862579346
455712,7.672811031341553
456768,7.857142925262451
456992,7.453703880310059
457520,7.421524524688721
459632,7.8318586349487305
461200,7.285714149475098
462048,6.845238208770752
462192,7.587719440460205
463920,7.6339287757873535
464304,7.1165642738342285
464704,7.2580647468566895
465664,7.098214149475098
467072,7.813953399658203
467664,7.455357074737549
468336,7.666666507720947
468624,6.94915246963501
469424,8.0625
469488,7.777777671813965
470400,7.601809978485107
471232,7.3972601890563965
472416,7.2538862228393555
473936,7.568181991577148
474272,7.217194557189941
474784,7.941176414489746
475552,7.659574508666992
476016,7.652439117431641
477168,7.692307472229004
478672,7.647058963775635
480544,7.7160491943359375
480592,7.511736869812012
481360,7.603686809539795
483200,7.7397260665893555
483632,7.42290735244751
484000,7.566371917724609
484272,8.090909004211426
484896,7.5
485264,7.962963104248047
486544,7.55555534362793
486928,7.010309219360352
487552,7.285068035125732
488464,7.7092509269714355
490304,7.9464287757873535
490592,7.478070259094238
492336,7.534246444702148
492912,7.070588111877441
494096,7.660550594329834
494688,7.465753555297852
496384,7.300000190734863
499536,7.456140518188477
500576,7.314815044403076
503216,7.207207202911377
503312,7.099999904632568
505008,6.592920303344727
506256,7.069767475128174
507216,7.291666507720947
507536,7.330316543579102
507696,7.4157304763793945
507696,7.215569019317627
508016,7.34782600402832
508656,7.303370952606201
509664,7.234513282775879
510368,7.207207202911377
510640,7.430939197540283
511216,7.252252101898193
511376,7.0779218673706055
513648,7.47706413269043
514080,7.242990493774414
514416,7.130044937133789
514608,7.107623100280762
514848,7.049549579620361
515824,7.0
516512,7.252252101898193
517136,5.890410900115967
517392,7.139639854431152
519904,6.960784435272217
520128,7.134146213531494
521008,6.995515823364258
522320,6.767676830291748
523616,6.820276260375977
524544,7.09956693649292
526080,6.812227249145508
527104,6.9811320304870605
528048,7.041284561157227
528496,6.7792792320251465
528864,7.058823585510254
530128,7.058823585510254
530976,7.188841342926025
531936,7.207207202911377
532096,7.120535850524902
535072,7.339449405670166
535152,7.361111164093018
535536,7.126697063446045
536080,6.986607074737549
536208,6.4809160232543945
536496,6.704545497894287
537072,7.127659797668457
538864,6.9285712242126465
540688,6.954545497894287
540704,7.5
541344,7.300000190734863
542816,7.074235916137695
543360,7.702702522277832
543408,7.2330098152160645
544512,7.929515361785889
544912,7.387387275695801
546272,7.256097793579102
546272,7.796610355377197
546848,6.666666507720947
546944,7.466367721557617
547120,7.186147212982178
548304,7.5
548880,7.7272725105285645
551152,7.01694917678833
551840,7.488687992095947
553424,7.885462760925293
553632,7.685184955596924
554912,7.5
556624,7.386363506317139
557568,7.682926654815674
558112,7.777777671813965
558272,7.706421852111816
558672,7.650602340698242
559024,7.959641456604004
559136,7.482269287109375
561984,7.692307472229004
562944,7.866666793823242
563888,7.553647994995117
564544,8.113207817077637
565152,7.211538314819336
565376,7.590909004211426
565616,7.771084308624268
567440,7.85067892074585
570112,7.82608699798584
570416,7.994011878967285
573168,7.723214149475098
573552,8.454545021057129
573680,7.815315246582031
574304,7.815315246582031
574608,7.885462760925293
574976,8.19444465637207
575920,8.108108520507812
578528,8.235294342041016
579472,7.8378376960754395
582672,8.538812637329102
583360,8.227272987365723
585536,7.9452056884765625
586432,8.108108520507812
588048,8.206277847290039
589088,8.32579231262207
589216,8.392857551574707
591584,8.295454978942871
592176,7.964601993560791
592800,8.071748733520508
593520,8.064516067504883
593520,6.984127044677734
596240,7.657657623291016
597200,7.925764083862305
599280,7.950310707092285
599360,7.783504962921143
604192,7.010309219360352
604592,7.610063076019287
605504,7.7848100662231445
605584,7.924528121948242
606544,7.860360145568848
606768,7.75
606976,8.009049415588379
609008,7.637614727020264
609616,7.7272725105285645
610416,7.66519832611084
612384,7.7876105308532715
612512,7.782608509063721
612544,7.636363506317139
612640,8.054298400878906
615232,7.638888835906982
616144,7.6339287757873535
616352,7.359307289123535
616368,7.706421852111816
617296,7.544642925262451
619520,7.418032646179199
619936,7.578475475311279
620896,7.256637096405029
621424,7.523364543914795
622272,7.488687992095947
623088,7.454955101013184
623136,7.924528121948242
623632,7.159090995788574
626160,7.834394931793213
626384,7.33480167388916
626544,7.7397260665893555
627904,7.259036064147949
628160,7.207792282104492
630160,7.647058963775635
631568,7.484848499298096
631600,7.355555534362793
632112,7.647058963775635
632176,7.5
633472,7.95597505569458
634512,7.648401737213135
636832,7.616279125213623
638016,7.345132827758789
638176,6.987951755523682
640656,7.488789081573486
642896,8.083832740783691
643408,7.385321140289307
644192,7.636363506317139
644368,7.4193549156188965
644416,7.5460124015808105
645744,7.9279279708862305
645952,7.526315689086914
646560,7.614678859710693
647792,7.723214149475098
648640,7.244897842407227
649328,7.645349025726318
649632,7.299107074737549
650032,7.181818008422852
650496,7.624434471130371
651376,7.7130045890808105
653136,7.47706413269043
655552,7.345678806304932
655584,7.623318195343018
657760,7.056277275085449
657840,7.454545497894287
658576,7.420212745666504
658592,7.168949604034424
658880,5.690476417541504
659600,7.064219951629639
659952,7.027027130126953
660240,7.066666603088379
661296,7.386363506317139
661472,6.954545497894287
662128,7.409090995788574
662480,7.201834678649902
663872,7.035398006439209
665008,6.8913044929504395
665696,7.217194557189941
666656,6.829268455505371
666768,6.792452812194824
666992,7.307692527770996
667456,6.860986709594727
667904,7.15596342086792
672928,6.950672626495361
674256,6.899563312530518
674336,7.129629611968994
675872,6.940639495849609
676096,7.1929826736450195
676592,6.864035129547119
677760,6.697368621826172
678032,7.0
678752,7.142857074737549
680624,7.239819049835205
681200,6.7792792320251465
681392,6.447368621826172
681520,7.5
681536,6.634615421295166
681680,6.666666507720947
681856,6.787233829498291
682128,6.92307710647583
682240,6.962616920471191
682240,6.363636493682861
684080,7.276785850524902
685280,6.651785850524902
685792,6.929824352264404
686496,5.930232524871826
686992,6.696969509124756
687632,6.92307710647583
690560,7.252252101898193
691536,7.0186333656311035
693808,7.2282609939575195
695104,6.77419376373291
695184,7.25
695264,7.3660712242126465
697664,7.073732852935791
697792,7.551723957061768
698192,7.333333492279053
700240,7.077625751495361
701168,7.523364543914795
702912,7.545454502105713
703328,6.724137783050537
703664,7.330316543579102
704208,7.329192638397217
705792,7.61904764175415
706064,7.33480167388916
706592,7.406014919281006
707392,7.399103164672852
707424,7.352941036224365
707696,7.972350120544434
709312,7.899543285369873
709392,7.96380090713501
712928,7.8222222328186035
713296,7.454545497894287
715472,7.5757575035095215
716240,7.254901885986328
722032,7.869565010070801
725072,7.764976978302002
725104,7.844444274902344
727024,7.9361701011657715
728592,7.8378376960754395
728608,8.295454978942871
728688,7.7130045890808105
729360,7.17391300201416
730672,7.3684210777282715
731616,7.9279279708862305
736528,7.8222222328186035
738544,7.568807125091553
740176,7.57709264755249
740240,7.757847309112549
741184,7.804878234863281
742880,7.981651306152344
744992,8.041474342346191
745296,7.723214149475098
746096,7.111111164093018
747808,7.8318586349487305
748336,8.018017768859863
749552,7.247706413269043
749888,7.448979377746582
750576,7.439024448394775
753264,7.413793087005615
755904,7.71689510345459
756240,7.589285850524902
757280,7.866666793823242
757632,7.723214149475098
758160,7.828054428100586
758384,7.579908847808838
759184,7.589285850524902
761744,8.020833015441895
763056,7.5
764608,7.25
765056,7.363636493682861
766192,7.808218955993652
766720,7.599999904632568
768880,7.4772725105285645
768880,7.702702522277832
768944,7.455357074737549
770144,7.98742151260376
771952,7.566964149475098
773808,7.375565528869629
774032,7.466960430145264
774384,7.590090274810791
775552,7.254464149475098
775952,7.788018226623535
777424,7.244444370269775
779728,6.785714149475098
779808,6.930379867553711
780432,7.120535850524902
780448,7.045454502105713
781488,7.5
782400,6.964285850524902
782416,7.02222204208374
782464,5.897435665130615
782752,6.5853657722473145
782944,7.0
785936,7.227074146270752
786672,6.606741428375244
787712,7.25
787840,7.034632205963135
790928,7.214612007141113
793040,6.872246742248535
793568,7.1875
794176,7.035398006439209
794528,7.276785850524902
795024,6.6489362716674805
798208,7.214912414550781
798976,6.755555629730225
799424,7.1978020668029785
801616,6.697247505187988
803088,6.9819817543029785
803280,6.960352420806885
803648,6.517857074737549
804480,6.621621608734131
806112,7.181818008422852
806640,7.511312007904053
807184,7.2049689292907715
807200,6.814516067504883
807968,7.142857074737549
809424,7.056962013244629
809616,7.339449405670166
812016,7.638888835906982
812320,7.307692527770996
814064,7.5
814512,7.304347991943359
814576,7.567567348480225
815312,7.409090995788574
815888,7.696969509124756
815920,7.8125
816976,7.52293586730957
817520,7.860465049743652
817888,7.767857074737549
821392,7.52293586730957
821584,7.638036727905273
822688,7.543859481811523
823104,7.432432651519775
823296,7.796610355377197
823696,7.155555725097656
823824,8.1578950881958
825296,7.489177703857422
828784,7.534562110900879
830176,7.136363506317139
831648,7.307692527770996
831760,7.037036895751953
833200,7.309417247772217
834176,7.386363506317139
835232,7.040358543395996
838352,7.3275861740112305
839216,7.442922592163086
841888,6.863636493682861
842544,7.1621623039245605
843232,6.666666507720947
846848,7.351598262786865
848560,7.094017028808594
849344,6.77419376373291
849760,7.14932107925415
850336,7.114537239074707
851888,7.7419352531433105
852944,7.0535712242126465
853024,7.183098793029785
853312,7.262443542480469
854032,7.285068035125732
854624,6.666666507720947
855712,6.370370388031006
857104,5.581395149230957
857360,6.866666793823242
859728,6.625
860064,7.139639854431152
860128,6.89497709274292
860176,6.651583671569824
860960,6.830357074737549
861536,7.1710524559021
861632,6.938325881958008
862416,7.14932107925415
864864,6.190476417541504
867104,6.95945930480957
867440,7.096069812774658
867648,6.3114752769470215
867872,6.991525650024414
868512,6.651982307434082
868720,6.974999904632568
868896,6.015872955322266
869184,5.714285850524902
870016,6.81614351272583
870240,6.666666507720947
870608,6.926605701446533
870688,6.901408672332764
871840,6.909090995788574
872512,7.304147243499756
874384,7.08695650100708
874592,7.027027130126953
875552,7.402597427368164
875968,7.34782600402832
876000,7.488479137420654
877200,7.199999809265137
877744,5.900000095367432
878832,6.972476959228516
879008,7.30232572555542
879296,7.15596342086792
879424,6.789473533630371
879552,6.793722152709961
881248,7.13302755355835
886528,7.064219951629639
886592,7.130044937133789
886832,7.142857074737549
887920,7.5
891040,7.3684210777282715
891632,6.84782600402832
892288,7.488584518432617
892432,7.423312664031982
892592,7.1651787757873535
893264,6.058823585510254
894848,7.2327046394348145
895600,6.0806450843811035
895744,6.764705657958984
895872,7.26457405090332
895952,7.304347991943359
898544,6.91304349899292
899440,7.399103164672852
901936,6.729559898376465
903824,7.027027130126953
904752,7.324561595916748
905008,6.693548202514648
905744,6.886227607727051
906144,6.754385948181152
908080,6.905829429626465
908496,6.6875
908992,6.75
910016,7.292576313018799
910256,6.896551609039307
912784,6.785714149475098
916064,6.95852518081665
916336,6.963470458984375
917328,6.855345726013184
918544,6.864406585693359
918896,7.432432651519775
919296,7.412280559539795
919792,6.712963104248047
919888,6.860986709594727
920608,7.194570064544678
924912,7.558139324188232
927680,7.017543792724609
930560,7.431818008422852
930896,7.5757575035095215
931152,7.863636493682861
932192,7.1681413650512695
932544,7.2727274894714355
932608,7.237442970275879
932656,7.262443542480469
933872,6.82692289352417
934720,7.950450420379639
934816,7.567567348480225
934880,7.25
935280,6.823529243469238
936592,7.636363506317139
937568,7.625570774078369
938368,7.533936500549316
938448,6.982758522033691
941952,7.399103164672852
943760,7.489177703857422
945568,7.3660712242126465
946544,6.888888835906982
947584,7.3214287757873535
950000,7.317073345184326
950896,7.351598262786865
951152,7.229729652404785
952640,7.408257007598877
952672,7.937219619750977
952912,7.1777777671813965
953696,7.675438404083252
954416,7.817460536956787
954592,5.818181991577148
955808,6.4666666984558105
956912,6.5
957088,7.330316543579102
957952,6.886363506317139
958432,7.576687335968018
958784,7.511111259460449
959120,7.202381134033203
960688,7.5
961136,7.013574600219727
961424,6.666666507720947
962064,7.017543792724609
965008,7.023255825042725
966304,7.4347825050354
966608,7.157894611358643
967040,7.256637096405029
967504,6.859755992889404
968416,7.177914142608643
968976,7.136363506317139
969264,7.412280559539795
969840,7.276785850524902
970912,7.5333333015441895
971328,6.648351669311523
971744,6.4285712242126465
972176,5.0
972256,7.345678806304932
975136,7.17391300201416
975568,7.6785712242126465
975904,6.382978916168213
977328,6.866359233856201
978176,7.1621623039245605
978464,7.44343900680542
978784,7.201834678649902
980576,7.612612724304199
981664,6.818181991577148
981760,7.229729652404785
983216,7.3660712242126465
984432,7.544642925262451
984528,7.377777576446533
985248,7.333333492279053
987520,7.169811248779297
988416,7.570093631744385
988624,7.3913044929504395
989248,7.692307472229004
990048,7.383177757263184
991856,7.307692527770996
992768,7.6712327003479
992768,7.138364791870117
993008,7.990867614746094
995504,7.706421852111816
996240,7.546296119689941
996336,7.7272725105285645
996432,7.719298362731934
996496,7.424892902374268
996640,7.69911527633667
996656,7.7419352531433105
997088,7.5
997408,7.612612724304199
999200,7.307692527770996
1001536,6.49350643157959
1001856,7.777777671813965
1002544,6.902654647827148
1005648,7.488584518432617
1006256,7.318181991577148
1008048,6.901840686798096
1009216,7.318181991577148
1010064,5.681818008422852
1011168,6.6964287757873535
1012832,7.0
1013456,7.242152690887451
1015232,7.194570064544678
1017728,6.809954643249512
1018736,7.045454502105713
1019120,6.785714149475098
1019632,6.525423526763916
1020688,6.899563312530518
1022832,6.830357074737549
1025856,7.0779218673706055
1026208,6.846847057342529
1027008,6.091954231262207
1028496,5.55555534362793
1029472,6.487069129943848
1029792,6.75
1030864,6.7410712242126465
1031728,6.542553424835205
1033136,5.220588207244873
1033984,6.681818008422852
1035696,6.605504512786865
1037680,6.375545978546143
1038528,6.361502170562744
1039168,6.50684928894043
1039776,7.257143020629883
1040176,6.5848212242126465
1043728,6.218274116516113
1044448,6.476190567016602
1044528,6.357466220855713
1045376,6.491228103637695
1045696,6.557376861572266
1046416,6.3733906745910645
1047248,5.636363506317139
1051408,6.666666507720947
1051952,6.7889909744262695
1053872,5.531914710998535
1054400,5.916666507720947
1054816,6.933333396911621
1056208,7.4666666984558105
1057248,6.928251266479492
1058320,6.697247505187988
1058816,7.0987653732299805
1059040,7.045454502105713
1059376,6.962616920471191
1060784,6.79104471206665
1061248,6.277372360229492
1064352,6.7748918533325195
1066128,7.407407283782959
1066752,6.956521511077881
1066864,7.237442970275879
1067456,7.027027130126953
1068336,7.120535850524902
1070352,7.142857074737549
1071072,6.888888835906982
1072992,7.0
1073360,6.80555534362793
1073648,7.142857074737549
1074704,6.875
1074992,7.162790775299072
1075520,7.232142925262451
1075904,7.0987653732299805
1076912,7.331838607788086
1077648,6.455696105957031
1077904,7.167381763458252
1078240,6.818181991577148
1080656,6.565656661987305
1080704,6.593406677246094
1082384,6.95121955871582
1083408,6.65919303894043
1084224,6.982758522033691
1084816,7.004504680633545
1085568,7.432432651519775
1086272,6.436781406402588
1087360,6.898734092712402
1088352,7.094594478607178
1088480,7.354259967803955
1089168,6.960352420806885
1089760,6.677852153778076
1092160,7.554584980010986
1092304,6.9811320304870605
1092720,7.431192874908447
1093984,7.342342376708984
1095200,6.933333396911621
1095712,6.078431606292725
1095888,6.968325614929199
1098016,6.9819817543029785
1098016,6.203703880310059
1098048,6.651583671569824
1098160,3.8947367668151855
1098912,6.478873252868652
1099408,7.064219951629639
1099424,6.601731777191162
1100640,6.973684310913086
1103568,6.5923566818237305
1104288,7.228915691375732
1104448,6.217948913574219
1105104,7.285068035125732
1105280,6.782608509063721
1108512,6.7272725105285645
1110000,6.304347991943359
1114000,6.73913049697876
1114768,6.388888835906982
1115120,6.754385948181152
1116384,6.860986709594727
1117920,6.94444465637207
1119312,6.896551609039307
1120736,6.651785850524902
1120864,6.59817361831665
1121264,7.355555534362793
1121344,6.986301422119141
1121568,7.180616855621338
1121696,7.0720720291137695
1121744,6.891891956329346
1123648,6.681416034698486
1124512,6.828193664550781
1125232,5.625
1126960,6.5625
1128928,7.0720720291137695
1129568,7.466063499450684
1129648,6.796407222747803
1129808,6.4782609939575195
1130544,6.905829429626465
1131344,6.489361763000488
1133136,6.635944843292236
1133136,6.711711883544922
1133920,6.5625
1136672,6.470588207244873
1137456,6.659090995788574
1137584,6.0227274894714355
1137600,6.824324131011963
1137792,6.4462809562683105
1137856,1.8125
1138336,5.0
1141232,6.7289719581604
1141408,6.531791687011719
1141488,6.447368621826172
1141536,6.144578456878662
1142048,2.555555582046509
1143056,6.264367580413818
1145040,6.832579135894775
1145520,6.622222423553467
1145856,6.293103218078613
1145872,6.846847057342529
1146112,6.111111164093018
1149744,6.914414405822754
1150928,5.833333492279053
1152320,6.855345726013184
1153072,6.461187362670898
1153200,7.077625751495361
1153792,7.092511177062988
1154080,7.356828212738037
1156800,6.666666507720947
1157424,6.946902751922607
1158064,6.388888835906982
1158224,7.621145248413086
1158576,7.511111259460449
1160464,7.1929826736450195
1162960,6.702127456665039
1165856,6.8222222328186035
1166432,7.300000190734863
1166480,7.7397260665893555
1168416,7.2727274894714355
1170192,7.186147212982178
1170640,7.333333492279053
1170880,7.235023021697998
1173184,5.681818008422852
1173776,7.533632278442383
1174368,7.488789081573486
1174992,7.323943614959717
1175488,7.570093631744385
1177872,7.293578147888184
1178096,7.3913044929504395
1178128,6.315789699554443
1182752,7.111111164093018
1183072,7.2727274894714355
1184352,6.9457011222839355
1185024,6.606334686279297
1185472,7.466063499450684
1185568,6.470588207244873
1185680,6.681818008422852
1189008,6.863636493682861
1189024,7.342342376708984
1189168,5.877192974090576
1190608,6.909090995788574
1191072,6.846847057342529
1191440,7.058823585510254
1192032,6.651785850524902
1192080,6.464968204498291
1192416,6.333333492279053
1192576,6.25
1193280,5.377358436584473
1194736,7.0535712242126465
1195680,6.551723957061768
1196240,7.262443542480469
1197664,7.183098793029785
1197872,5.384615421295166
1197904,6.296296119689941
1198528,5.660377502441406
1198896,6.800000190734863
1199424,5.900000095367432
1200496,6.3114752769470215
1200688,6.824324131011963
1201328,6.7136149406433105
1202496,6.830357074737549
1203168,6.995707988739014
1204464,6.921296119689941
1204592,6.553030490875244
1206224,6.892523288726807
1207664,6.517857074737549
1208416,6.912442207336426
1208928,6.122448921203613
1209456,6.863636493682861
1210480,5.729166507720947
1211792,6.34782600402832
1213152,7.232142925262451
1213344,6.832579135894775
1213472,6.347032070159912
1214480,6.463414669036865
1214880,6.781609058380127
1214912,6.740087985992432
1215168,7.363636493682861
1217472,6.900000095367432
1218464,7.058823585510254
1218768,7.142857074737549
1219568,7.092511177062988
1219680,7.361963272094727
1219712,7.373271942138672
1220096,6.863636493682861
1222080,6.914414405822754
1222672,7.2123894691467285
1223312,7.410714149475098
1224896,6.319018363952637
1225216,6.346153736114502
1225728,6.545454502105713
1226112,7.106481552124023
1226256,7.26457405090332
1227056,7.092511177062988
1228624,6.4666666984558105
1228976,6.527777671813965
1229792,6.199999809265137
1230240,6.95852518081665
1231472,6.25
1232640,6.375545978546143
1235120,6.666666507720947
1235376,7.0
1236256,5.958904266357422
1240480,7.042253494262695
1242560,7.2602739334106445
1243520,6.7410712242126465
1243600,6.725663661956787
1244736,7.085201740264893
1246032,6.830357074737549
1246144,7.1472392082214355
1246624,7.337963104248047
1246992,6.355932235717773
1247264,6.929824352264404
1248128,6.735159873962402
1248192,6.820276260375977
1248192,6.613953590393066
1248672,6.915887832641602
1251392,4.117647171020508
1252464,6.552511215209961
1252752,7.098214149475098
1255440,6.696035385131836
1255520,5.61904764175415
1255776,5.25
1255792,6.888888835906982
1256160,3.5641026496887207
1259184,6.910112380981445
1259312,6.712328910827637
1259488,6.666666507720947
1260640,6.666666507720947
1260816,6.622807025909424
1261232,6.090909004211426
1261536,6.697247505187988
1265728,7.197309494018555
1266448,6.611111164093018
1266736,7.103004455566406
1268048,5.9259257316589355
1268576,6.990950107574463
1271504,7.204545497894287
1271600,7.058823585510254
1271952,6.190476417541504
1271968,5.866666793823242
1273152,6.81614351272583
1273728,7.345132827758789
1274032,7.152466297149658
1275376,6.89497709274292
1276560,6.863354206085205
1276752,6.891891956329346
1277024,7.285068035125732
1278304,6.770833492279053
1278944,6.95945930480957
1280176,7.377777576446533
1280320,6.968325614929199
1280752,7.2123894691467285
1280848,7.2272725105285645
1282160,6.6964287757873535
1282992,6.968325614929199
1283744,7.197309494018555
1283856,6.863636493682861
1286736,6.69767427444458
1287264,6.964285850524902
1288320,6.621621608734131
1288704,7.0
1289056,6.7272725105285645
1289184,6.6315789222717285
1289344,6.954545497894287
1290304,6.888888835906982
1292064,5.348837375640869
1294688,6.871165752410889
1294912,7.546296119689941
1296240,6.815286636352539
1296944,7.216980934143066
1297488,6.470588207244873
1298016,7.420091152191162
1298256,6.986301422119141
1299632,6.583850860595703
1299792,6.947368621826172
1300256,7.040358543395996
1300464,7.168949604034424
1303248,7.546296119689941
1303424,6.880530834197998
1303552,7.2869954109191895
1303984,7.155172348022461
1304176,7.037036895751953
1306720,7.222222328186035
1307312,7.5
1307952,7.241379261016846
1309936,7.03125
1310096,7.318181991577148
1310480,7.792792797088623
1312048,6.148648738861084
1312144,7.647058963775635
1313472,7.318181991577148
1313664,7.432432651519775
1313728,7.7419352531433105
1314448,6.458333492279053
1316272,6.938775539398193
1316608,6.8125
1317488,6.913580417633057
1318240,7.38938045501709
1319328,7.297297477722168
1320976,7.581395149230957
1321152,5.8035712242126465
1321264,6.935483932495117
1322688,7.4666666984558105
1322896,7.276785850524902
1323104,7.409090995788574
1324624,5.9259257316589355
1324832,7.252252101898193
1326192,7.214612007141113
1326400,7.339449405670166
1326544,7.2580647468566895
1327440,7.469135761260986
1327696,7.6339287757873535
1328272,7.5
1329232,7.433628082275391
1331312,6.844444274902344
1331504,7.373271942138672
1332112,7.354259967803955
1333232,6.363636493682861
1334416,6.01694917678833
1334784,6.965174198150635
1335456,7.0
1337872,7.2687225341796875
1338464,7.16589879989624
1338800,6.752577304840088
1340736,6.6964287757873535
1341360,7.098214149475098
1342352,6.92307710647583
1343424,6.912442207336426
1345104,7.0506911277771
1347024,6.5333333015441895
1347248,6.481481552124023
1347952,6.422018527984619
1348592,5.581395149230957
1348768,6.545454502105713
1349216,6.652719497680664
1349376,4.791666507720947
1349776,6.666666507720947
1350800,7.013574600219727
1351728,5.104166507720947
1352688,6.712328910827637
1354384,6.7272725105285645
1354912,6.814159393310547
1355744,6.8947367668151855
1356320,6.264367580413818
1359856,7.023255825042725
1361088,7.013574600219727
1361360,3.75
1362384,6.6878981590271
1362800,7.062780380249023
1363488,6.800000190734863
1365200,6.538461685180664
1366080,6.5789475440979
1366448,7.155555725097656
1367664,7.0089287757873535
1369248,6.769230842590332
1370016,6.936936855316162
1371024,7.376681804656982
1371376,7.1681413650512695
1374832,7.077625751495361
1374880,6.5853657722473145
1375312,6.724137783050537
1376352,6.972476959228516
1377328,6.956521511077881
1377648,6.8693695068359375
1378064,7.423580646514893
1378976,7.1052632331848145
1381264,7.244444370269775
1382048,6.982758522033691
1382224,6.950672626495361
1382496,7.2602739334106445
1383776,6.25
1387280,7.362385272979736
1387872,2.941176414489746
1388496,7.533039569854736
1388848,7.382352828979492
1389360,5.365591526031494
1390256,6.436781406402588
1391680,7.363636493682861
1392864,7.1913580894470215
1392944,7.222222328186035
1393120,7.340909004211426
1394448,7.088889122009277
1394464,6.850220203399658
1394800,6.25
1396624,6.7889909744262695
1396800,7.179487228393555
1397184,7.123893737792969
1397744,7.129629611968994
1398000,7.013574600219727
1398384,7.376681804656982
1399920,6.095890522003174
1400816,7.2123894691467285
1403568,7.511736869812012
1404000,7.069767475128174
1404384,7.117116928100586
1405440,7.434210300445557
1406208,7.299270153045654
1406352,7.294372081756592
1407408,7.050000190734863
1409264,7.018348693847656
1409824,7.066666603088379
1410592,7.117116928100586
1411168,7.311110973358154
1413216,6.78125
1416928,7.297297477722168
1417776,7.511312007904053
1418304,7.399103164672852
1419056,6.666666507720947
1420336,6.7682929039001465
1420480,6.955128192901611
1424432,7.149532794952393
1425232,7.37089204788208
1425424,7.339449405670166
1425728,7.288557052612305
1426848,7.26457405090332
1427760,7.276785850524902
1429504,6.77570104598999
1429728,7.5
1431360,7.455357074737549
1432672,7.511627674102783
1433296,7.420814514160156
1433792,6.849315166473389
1433888,7.577777862548828
1435392,7.0227274894714355
1435600,7.2602739334106445
1437376,7.79141092300415
1438688,7.280701637268066
1439120,7.899543285369873
1440816,7.616822242736816
1442224,7.529411792755127
1442592,7.199999809265137
1444224,7.242152690887451
1445344,6.553191661834717
1446080,7.155555725097656
1446656,6.402439117431641
1447968,7.647058963775635
1448464,7.4375
1450192,6.914893627166748
1450272,7.13302755355835
1450496,5.208333492279053
1451536,7.635135173797607
1452112,6.7272725105285645
1456688,7.065868377685547
1457728,7.2699384689331055
1458768,7.34375
1459472,6.698113441467285
1460016,7.077625751495361
1463600,7.544642925262451
1463760,7.404255390167236
1464608,7.668161392211914
1466608,7.441176414489746
1466640,7.244444370269775
1467120,7.4666666984558105
1467136,7.55656099319458
1467328,7.522522449493408
1469088,7.802690505981445
1469600,7.566371917724609
1470704,7.847533702850342
1472784,7.723214149475098
1472944,7.177914142608643
1476320,7.318181991577148
1476528,7.443946361541748
1476800,7.5
1477104,7.252252101898193
1477696,7.1518988609313965
1479888,7.219730854034424
1479920,7.410714149475098
1480800,6.481481552124023
1481408,6.9457011222839355
1482224,5.636363506317139
1483808,6.814159393310547
1484416,7.058823585510254
1485008,7.723214149475098
1485664,7.544642925262451
1487152,7.307692527770996
1487488,5.609755992889404
1487568,7.152466297149658
1487968,7.181818008422852
1488048,7.534246444702148
1488720,7.61061954498291
1489536,7.431192874908447
1490480,7.3214287757873535
1490720,7.027027130126953
1491584,6.933333396911621
1491632,7.219730854034424
1492304,7.073732852935791
1493328,7.443946361541748
1495488,6.9392523765563965
1497504,6.875
1498016,7.027027130126953
1498752,7.104072570800781
1500096,7.577639579772949
1500416,6.859755992889404
1501232,7.242152690887451
1501536,7.123287677764893
1501712,7.201834678649902
1502192,6.635513782501221
1503600,6.463414669036865
1503936,7.083333492279053
1505776,6.950672626495361
1505968,6.44444465637207
1506256,7.040358543395996
1508288,6.752336502075195
1509760,6.5740742683410645
1510048,6.754385948181152
1510320,6.835443019866943
1510976,6.695279121398926
1511024,6.717791557312012
1512912,6.613636493682861
1513280,6.803652763366699
1514336,6.960352420806885
1515312,5.982142925262451
1516176,6.358024597167969
1516304,7.222222328186035
1516336,6.25
1518096,6.0204081535339355
1518320,6.763392925262451
1519520,6.193181991577148
1522496,7.239819049835205
1523392,6.844444274902344
1524768,6.902654647827148
1525456,6.333333492279053
1528624,6.814159393310547
1529072,6.771300315856934
1529328,7.26457405090332
1529648,6.681818008422852
1529856,6.875
1530128,6.771300315856934
1530176,6.824034214019775
1530528,6.891891956329346
1532992,6.681818008422852
1533216,7.381974220275879
1533280,7.234513282775879
1534224,6.206896781921387
1534464,7.5460124015808105
1535760,7.222222328186035
1536720,7.239264011383057
1539712,6.797235012054443
1541120,7.392241477966309
1541696,6.80555534362793
1542208,6.5853657722473145
1542448,5.116279125213623
1543072,6.461187362670898
1543552,7.0720720291137695
1544288,6.607142925262451
1546048,6.386363506317139
1547248,6.78125
1550240,7.142857074737549
1550800,6.832579135894775
1554592,6.162790775299072
1555152,7.111111164093018
1556752,5.454545497894287
1556944,7.168949604034424
1557456,6.891891956329346
1557648,6.08695650100708
1557728,7.058823585510254
1557824,6.75
1558112,7.0652174949646
1560928,6.5757575035095215
1561008,7.305935859680176
1562624,6.926605701446533
1564080,7.055214881896973
1564528,7.5
1564816,6.888888835906982
1567680,6.459627151489258
1568352,7.363636493682861
1570832,6.6265058517456055
1571200,6.666666507720947
1572224,7.198276042938232
1573056,7.279069900512695
1578368,7.197452068328857
1578784,7.639484882354736
1578992,7.239819049835205
1581312,7.354259967803955
1581632,7.270642280578613
1581968,7.239819049835205
1585808,7.409090995788574
1586288,6.517857074737549
1589008,7.244444370269775
1589856,7.52293586730957
1592128,6.7488789558410645
1593120,7.356828212738037
1593376,7.314815044403076
1594816,7.2098212242126465
1595712,7.443946361541748
1596192,7.340909004211426
1596848,7.013888835906982
1596912,6.872246742248535
1597120,7.042253494262695
1598144,7.0089287757873535
1598320,7.44444465637207
1599520,6.967592716217041
1599616,6.373626232147217
1600704,6.771300315856934
1600768,6.929824352264404
1601424,6.704545497894287
1601552,6.781609058380127
1601904,6.704035758972168
1601968,7.0
1603056,7.136363506317139
1606720,6.902654647827148
1607200,7.066666603088379
1607568,6.9817070960998535
1608848,6.136363506317139
1608880,7.104072570800781
1610352,5.699999809265137
1611024,6.906976699829102
1611104,5.849056720733643
1611680,6.866359233856201
1612240,7.168949604034424
1613104,6.226415157318115
1613632,6.929824352264404
1615536,6.979166507720947
1617120,6.95852518081665
1617536,6.875
1618080,7.123287677764893
1619024,6.666666507720947
1621120,6.860986709594727
1621280,7.1052632331848145
1621408,7.785387992858887
1622352,7.256637096405029
1623888,7.048458099365234
1623936,6.0
1624320,7.26457405090332
1624688,7.0720720291137695
1625216,7.117116928100586
1625728,6.5789475440979
1626896,6.785714149475098
1627936,6.681614398956299
1629328,7.087155818939209
1629472,6.974248886108398
1630464,6.846847057342529
1631072,7.0
1631840,5.319149017333984
1632992,6.547085285186768
1633536,6.635944843292236
1634496,6.605504512786865
1634560,6.800000190734863
1635056,6.46875
1635328,6.72489070892334
1635984,6.636363506317139
1636592,6.787330150604248
1636880,6.535087585449219
1638416,5.733333110809326
1638800,6.914285659790039
1639440,6.697247505187988
1640432,6.5227274894714355
1642432,6.511627674102783
1643296,6.4410481452941895
1643888,6.686747074127197
1644032,5.847457408905029
1645824,6.369863033294678
1647440,6.511111259460449
1648208,6.6806721687316895
1649248,6.616161823272705
1651152,6.49350643157959
1654176,6.621621608734131
1655344,6.735159873962402
1655392,6.751152038574219
1656000,5.616438388824463
1656624,6.818181991577148
1656688,6.385542392730713
1657056,6.956521511077881
1657680,6.888888835906982
1658064,6.860986709594727
1658352,7.2727274894714355
1659248,6.552511215209961
1659360,6.172839641571045
1660752,6.6086955070495605
1661360,6.80555534362793
1661856,6.744185924530029
1662896,7.25
1663312,6.4772725105285645
1664112,6.848484992980957
1664272,6.482300758361816
1664304,6.808510780334473
1665440,6.81614351272583
1666720,7.0506911277771
1667472,5.65217399597168
1668992,7.277777671813965
1672256,7.018072128295898
1672640,7.2907490730285645
1675376,7.3214287757873535
1676112,6.590909004211426
1676160,7.168949604034424
1678896,7.356828212738037
1679488,6.5217390060424805
1680576,5.913978576660156
1684000,6.635513782501221
1684560,6.930232524871826
1684848,6.7748918533325195
1685376,6.0
1686784,6.771300315856934
1687360,6.622222423553467
1687648,6.894410133361816
1688032,6.666666507720947
1688416,5.490196228027344
1689152,5.370370388031006
1689152,6.55555534362793
1691216,6.757990837097168
1691680,6.5198235511779785
1692048,6.5333333015441895
1692912,6.410256385803223
1692976,6.5789475440979
1693472,6.25
1696032,5.660377502441406
1698816,6.743119239807129
1698848,6.606334686279297
1698912,6.5
1699840,6.229508399963379
1700192,5.753424644470215
1700848,6.048387050628662
1702064,6.888888835906982
1702176,5.625
1703440,6.770186424255371
1704160,6.832579135894775
1704448,6.792452812194824
1704640,6.216216087341309
1705312,6.851851940155029
1706560,6.834862232208252
1707776,7.355555534362793
1709088,7.0547943115234375
1709776,7.039473533630371
1710800,7.410714149475098
1710848,6.974248886108398
1712416,7.0089287757873535
1712560,7.293578147888184
1712816,7.2580647468566895
1713616,5.918367385864258
1714400,7.194570064544678
1716160,7.6339287757873535
1716880,7.351598262786865
1717120,7.385321140289307
1718128,5.833333492279053
1719568,7.61061954498291
1720640,6.666666507720947
1721456,7.7419352531433105
1723136,7.330316543579102
1723184,7.579185485839844
1724000,7.802690505981445
1724240,7.8348212242126465
1724608,6.907216548919678
1725328,7.52293586730957
1726000,7.889908313751221
1726672,7.83410120010376
1727216,6.351351261138916
1727440,7.556053638458252
1727696,7.800000190734863
1728224,7.399103164672852
1730560,7.802690505981445
1731824,7.901785850524902
1733328,7.7272725105285645
1734144,7.757847309112549
1734336,7.387387275695801
1734624,7.873302936553955
1735264,6.764705657958984
1736672,7.734806537628174
1737488,7.410714149475098
1738032,8.272727012634277
1739600,7.466367721557617
1741600,8.0
1742176,7.488263130187988
1743120,7.693965435028076
1743184,7.462686538696289
1744016,7.926267147064209
1744736,7.793427467346191
1745152,7.647058963775635
1745552,7.423580646514893
1748224,7.55760383605957
1749552,7.083333492279053
1750352,7.52212381362915
1750352,7.777777671813965
1750784,7.625
1751088,7.1052632331848145
1751392,7.532467365264893
1751632,5.961538314819336
1752224,8.071748733520508
1754048,7.39393949508667
1755200,7.477477550506592
1757488,7.922374248504639
1757552,7.52293586730957
1760048,7.694064140319824
1761968,7.469135761260986
1762336,7.792792797088623
1762944,7.06766939163208
1765232,7.55656099319458
1765808,7.469135761260986
1765968,7.7272725105285645
1766352,7.041284561157227
1769376,7.545044898986816
1770560,7.909090995788574
1770768,7.5
1770976,7.610063076019287
1774896,7.1118011474609375
1774912,7.115384578704834
1775568,7.623318195343018
1776080,7.14932107925415
1777488,7.2687225341796875
1777600,7.731481552124023
1777936,7.533039569854736
1779312,7.100456714630127
1779616,7.0186333656311035
1779696,7.111111164093018
1780736,6.889400959014893
1780752,6.628571510314941
1781120,6.545454502105713
1781200,6.832579135894775
1781648,6.454545497894287
1786576,6.484848499298096
1787328,7.004608154296875
1787840,7.058823585510254
1788640,7.098214149475098
1789296,6.477987289428711
1792656,6.588785171508789
1793904,6.396647930145264
1794080,7.1875
1794112,7.09956693649292
1794928,6.986607074737549
1796416,6.511627674102783
1797088,7.079646110534668
1797152,7.0535712242126465
1798752,7.0621466636657715
1800032,7.0
1801168,6.9375
1801568,5.263157844543457
1802608,6.476190567016602
1804208,6.674208164215088
1805680,7.261904716491699
1806144,7.179487228393555
1808736,7.354259967803955
1811088,7.2727274894714355
1811248,7.235023021697998
1811440,7.511312007904053
1812672,7.09956693649292
1814320,7.1186442375183105
1814624,7.409090995788574
1815984,7.136363506317139
1817616,7.1759257316589355
1817920,7.123287677764893
1818128,7.17889928817749
1818336,7.193396091461182
1819552,7.031963348388672
1820160,6.949541091918945
1820384,6.940639495849609
1821520,6.964285850524902
1821824,6.91304349899292
1822064,6.647398948669434
1823968,7.117116928100586
1824736,6.919431209564209
1826176,6.986607074737549
1827488,6.575342655181885
1831824,6.5
1833008,6.990950107574463
1833472,6.622222423553467
1835872,5.930232524871826
1842736,6.043956279754639
1843168,6.703056812286377
1843632,6.371681213378906
1843808,6.77419376373291
1843904,6.830986022949219
1844096,6.722222328186035
1847472,6.991150379180908
1848592,6.7727274894714355
1848656,2.6190476417541504
1848832,6.098484992980957
1849888,7.117116928100586
1849904,6.740087985992432
1849984,2.941176414489746
1850368,6.5333333015441895
1850688,6.636771202087402
1850848,6.569506645202637
1851280,6.441717624664307
1853536,6.561086177825928
1857072,7.75
1857168,6.684210300445557
1857696,7.400881290435791
1862560,6.956521511077881
1863168,7.232142925262451
1863680,7.031963348388672
1865632,6.438356399536133
1865872,7.312775135040283
1866416,5.0
1868192,6.5217390060424805
1870528,7.239819049835205
1870800,6.666666507720947
1874176,7.085201740264893
1874672,6.503067493438721
1875632,7.155555725097656
1876224,7.023809432983398
1876416,6.75
1876896,7.077625751495361
1878256,6.883408069610596
1878864,7.219730854034424
1879552,7.626728057861328
1880912,6.792452812194824
1881152,6.946902751922607
1881296,7.26086950302124
1883024,6.641221523284912
1884512,6.08695650100708
1887184,7.5
1887200,6.812227249145508
1887872,7.252252101898193
1890960,7.354259967803955
1890992,7.690582752227783
1891456,6.9817070960998535
1892576,7.047618865966797
1893152,7.743362903594971
1893760,7.61061954498291
1894016,7.219730854034424
1894544,6.041666507720947
1895040,7.354259967803955
1897968,7.152466297149658
1902256,7.281105995178223
1902560,7.0720720291137695
1904224,7.049549579620361
1904496,7.191781044006348
1904880,6.969026565551758
1905296,7.34375
1908032,5.357142925262451
1908672,7.168949604034424
1909520,7.1759257316589355
1910752,5.972222328186035
1913792,6.636771202087402
1916400,6.919642925262451
1916416,6.6744184494018555
1916928,6.995515823364258
1917408,6.888888835906982
1917408,6.869158744812012
1917728,6.75159215927124
1919536,7.219625949859619
1919648,7.579908847808838
1919808,7.044444561004639
1920368,7.17391300201416
1922624,7.027027130126953
1923024,7.207207202911377
1923776,7.47787618637085
1923952,7.488789081573486
1924768,6.545454502105713
1928208,7.488888740539551
1928224,7.165775299072266
1929312,7.4776787757873535
1930928,7.444933891296387
1931952,6.938202381134033
1933424,7.330316543579102
1935360,7.111111164093018
1935472,7.420091152191162
1935648,7.777777671813965
1938208,7.21212100982666
1938672,7.211538314819336
1938704,8.348416328430176
1939008,7.636363506317139
1940320,7.899543285369873
1940736,7.847533702850342
1942224,7.533936500549316
1942544,7.818181991577148
1943536,7.5
1945440,6.714285850524902
1946240,6.027397155761719
1948304,7.8378376960754395
1949392,7.330316543579102
1949840,7.276785850524902
1949872,7.23004674911499
1949904,7.5
1950800,7.1621623039245605
1951136,7.207207202911377
1955568,6.132075309753418
1957120,7.1875
1958544,6.6875
1959104,7.090909004211426
1959248,6.379310131072998
1959680,7.041284561157227
1960048,7.052401542663574
1960432,7.041284561157227
1960608,6.990950107574463
1962688,6.890244007110596
1963024,6.832298278808594
1964480,6.666666507720947
1966480,7.1875
1966496,7.117116928100586
1967648,6.388888835906982
1969168,6.681614398956299
1969184,6.417910575866699
1969360,6.436781406402588
1969792,6.891891956329346
1971152,6.9178080558776855
1972592,6.830357074737549
1973280,6.387665271759033
1973744,6.122448921203613
1974144,6.911110877990723
1975984,5.915493011474609
1977104,6.7727274894714355
1977296,6.734694004058838
1977360,6.888888835906982
1977392,5.1724138259887695
1978240,6.705069065093994
1978592,6.729559898376465
1979424,6.814159393310547
1979600,6.755555629730225
1980496,6.666666507720947
1980656,6.855203628540039
1980880,6.575342655181885
1981024,6.363636493682861
1982336,6.69767427444458
1984896,7.295597553253174
1985712,6.538461685180664
1985792,6.933333396911621
1986064,7.058823585510254
1987184,6.9178080558776855
1989136,6.59817361831665
1989392,7.205240249633789
1991168,5.864197731018066
1991456,7.2602739334106445
1992320,6.572327136993408
1993968,6.494252681732178
1994496,6.681614398956299
1995216,6.25
1996144,6.278538703918457
1996192,6.5
1997376,5.514705657958984
1997776,6.285714149475098
1998752,5.769230842590332
1999840,6.25
2001072,4.883720874786377
2001408,6.4375
2003904,5.306122303009033
2004224,6.68367338180542
2004752,6.718061447143555
2005744,6.198830604553223
2006672,6.232876777648926
2008256,6.097560882568359
2011312,6.880530834197998
2011872,6.470588207244873
2012400,6.674208164215088
2013344,6.756756782531738
2013712,6.511111259460449
2013728,6.4976959228515625
2014272,1.4736841917037964
2015104,6.577777862548828
2016592,5.3125
2017056,4.878048896789551
2018176,6.5158371925354
2018560,5.135135173797607
2018816,4.102564334869385
2019520,5.699999809265137
2019904,6.388888835906982
2020368,6.351351261138916
2021280,6.034482955932617
2021328,6.733333110809326
2021680,6.629955768585205
2021824,6.6964287757873535
2023600,6.341463565826416
2023904,6.659090995788574
2024912,6.504424571990967
2024912,5.116279125213623
2025328,6.666666507720947
2028128,6.696832656860352
2028672,6.162790775299072
2029104,5.319149017333984
2029616,6.666666507720947
2029872,6.396396160125732
2032224,6.493212699890137
2032448,6.5789475440979
2033056,6.624203681945801
2033200,6.4349775314331055
2033488,6.5418500900268555
2036528,6.561086177825928
2037440,6.25
2038096,5.3977274894714355
2039568,6.712328910827637
2040720,5.740740776062012
2043472,6.337719440460205
2043552,5.593220233917236
2044256,5.792078971862793
2044608,6.6964287757873535
2045056,5.714285850524902
2045504,5.545454502105713
2046720,6.486486434936523
2048192,5.8552632331848145
2050176,6.3255815505981445
2050944,2.9166667461395264
2050960,6.285046577453613
2051808,6.355140209197998
2052992,6.457398891448975
2053520,6.383647918701172
2054208,6.25
2055360,6.52439022064209
2056128,5.441176414489746
2057376,5.890410900115967
2058928,6.349557399749756
2059456,6.457398891448975
2061424,6.355555534362793
2062784,5.961538314819336
2062880,5.614035129547119
2063312,6.454545497894287
2063376,5.961538314819336
2064592,5.945945739746094
2065280,5.920000076293945
2066912,6.5227274894714355
2067120,6.681222915649414
2067776,6.636363506317139
2068448,6.396396160125732
2069584,6.624472618103027
2070832,6.013986110687256
2071296,6.529680252075195
2071424,5.892857074737549
2071712,6.116504669189453
2072448,4.888888835906982
2072752,6.075268745422363
2073808,6.411483287811279
2074496,6.726457595825195
2075920,6.481481552124023
2076160,6.504424571990967
2076512,6.179775238037109
2078704,6.153846263885498
2078784,6.904761791229248
2079456,6.795454502105713
2081360,6.818181991577148
2081376,6.5765767097473145
2083856,6.900452613830566
2084128,6.828193664550781
2085408,6.382978916168213
2086544,6.5333333015441895
2086896,5.476190567016602
2087632,6.599099159240723
2088624,6.828703880310059
2089008,6.517857074737549
2089008,7.068181991577148
2089776,6.742081642150879
2089840,6.575342655181885
2091216,6.9730939865112305
2092192,6.801801681518555
2092496,6.682027816772461
2092944,5.963855266571045
2093072,7.110091686248779
2094960,6.836283206939697
2095712,6.415524959564209
2098480,6.689497947692871
2098960,6.751152038574219
2100512,7.048458099365234
2100960,6.048387050628662
2101328,6.9213972091674805
2101856,6.681222915649414
2102544,6.950672626495361
2103488,6.80555534362793
2103984,6.363636493682861
2104448,6.543778896331787
2105072,6.0714287757873535
2105104,6.383647918701172
2105152,6.871794700622559
2105584,6.55555534362793
2106192,6.195652008056641
2107664,7.129629611968994
2108192,6.7272725105285645
2109360,7.004405498504639
2109968,7.041284561157227
2110464,6.756756782531738
2112592,4.400000095367432
2112656,7.1621623039245605
2114064,5.102040767669678
2114080,7.02222204208374
2114736,6.8544602394104
2115360,7.25
2115936,6.351351261138916
2116496,6.764705657958984
2117568,6.56682014465332
2118384,6.902654647827148
2118688,6.4976959228515625
2118944,6.315789699554443
2121312,6.134969234466553
2123072,6.886363506317139
2123232,6.926605701446533
2123456,6.473214149475098
2123776,6.081080913543701
2124272,6.636363506317139
2124288,6.712328910827637
2124368,5.625
2125200,6.460176944732666
2125968,6.863636493682861
2126096,6.074766159057617
2126976,6.803652763366699
2127664,6.026785850524902
2131344,7.104072570800781
2132032,7.0089287757873535
2133632,6.995305061340332
2133952,7.262443542480469
2134800,7.079646110534668
2135664,6.7727274894714355
2135840,7.066666603088379
2136320,6.706586837768555
2136400,6.595744609832764
2136528,7.0
2139024,6.995515823364258
2140144,6.830357074737549
2140784,5.833333492279053
2141296,6.954545497894287
2141968,6.636771202087402
2142576,6.764705657958984
2142848,7.0535712242126465
2143328,7.121212005615234
2143616,5.454545497894287
2144496,7.104072570800781
2145072,6.863636493682861
2145136,6.25
2147168,6.900452613830566
2147584,6.666666507720947
2148080,7.376681804656982
2148560,6.4457831382751465
2151216,6.741572856903076
2151312,7.180616855621338
2151568,6.954545497894287
2152448,7.106481552124023
2154320,7.017543792724609
2158272,5.0
2158496,6.541095733642578
2158672,7.586206912994385
2161584,7.354259967803955
2162448,7.0638298988342285
2162544,7.110091686248779
2162640,7.276785850524902
2163184,5.853658676147461
2166224,7.641921520233154
2167424,7.847533702850342
2167456,8.008849143981934
2167584,7.813953399658203
2169520,7.659090995788574
2170128,7.5223212242126465
2170624,7.873302936553955
2170816,7.432432651519775
2171024,7.635135173797607
2171264,5.405405521392822
2173648,7.959641456604004
2174448,7.408257007598877
2174576,7.558139324188232
2175856,7.297297477722168
2176144,6.804123878479004
2176672,7.26457405090332
2177184,7.567567348480225
2177424,7.533039569854736
2178176,7.432432651519775
2180864,6.985294342041016
2181504,7.14932107925415
2181792,5.384615421295166
2184976,7.44444465637207
2185264,7.035398006439209
2185296,7.420814514160156
2185936,7.488372325897217
2186512,5.584415435791016
2188368,6.985981464385986
2188832,7.522522449493408
2189472,7.7727274894714355
2189520,7.375565528869629
2191888,7.305935859680176
2196832,7.288888931274414
2198192,6.190476417541504
2199920,7.174887657165527
2201168,6.8108110427856445
2202816,7.096774101257324
2203744,7.136363506317139
2205008,7.2687225341796875
2205344,6.878981113433838
2206288,6.994219779968262
2206912,7.288888931274414
2206992,6.6477274894714355
2209120,7.166666507720947
2209248,1.8125
2212720,7.1875
2212912,7.412280559539795
2213120,7.207207202911377
2213232,7.2769951820373535
2214528,7.8125
2215648,7.333333492279053
2218592,6.701030731201172
2218896,7.14932107925415
2218928,6.190476417541504
2219088,7.681818008422852
2221888,7.5
2222400,5.208333492279053
2222576,7.592592716217041
2223856,7.44239616394043
2225040,6.363636493682861
2227472,7.282608509063721
2228336,7.376681804656982
2230992,7.351598262786865
2232048,6.9426751136779785
2232144,7.276785850524902
2233408,7.589285850524902
2235376,7.625570774078369
2236736,7.378048896789551
2236880,7.685184955596924
2236896,7.266666889190674
2237936,7.342342376708984
2238144,7.578475475311279
2238240,7.55656099319458
2239360,7.30088472366333
2240416,7.136363506317139
2240976,7.363636493682861
2241584,7.224669456481934
2242496,7.2687225341796875
2243872,7.1022725105285645
2243904,7.096774101257324
2244400,7.0858893394470215
2245616,7.222222328186035
2245808,7.3214287757873535
2247472,7.7130045890808105
2247936,7.511312007904053
2249584,7.276785850524902
2250448,7.177914142608643
2251040,7.432432651519775
2251456,7.534246444702148
2251472,7.6744184494018555
2252544,6.9811320304870605
2254208,7.680180072784424
2255072,7.3660712242126465
2255152,7.245370388031006
2256304,5.517241477966309
2257440,6.575342655181885
2258272,3.4285714626312256
2258704,7.375565528869629
2259584,7.15596342086792
2259728,7.409090995788574
2260800,6.950672626495361
2260896,6.894410133361816
2261936,7.0
2262448,7.210300445556641
2263728,7.433035850524902
2264496,7.222222328186035
2266464,6.933333396911621
2269040,7.318181991577148
2269504,6.575342655181885
2269600,7.162790775299072
2270432,6.814159393310547
2271296,5.54054069519043
2273520,6.729857921600342
2273808,7.423580646514893
2275168,7.3660712242126465
2275328,6.995515823364258
2276560,6.988304138183594
2278752,6.8544602394104
2279520,7.03619909286499
2280304,6.795454502105713
2280832,6.719457149505615
2280896,6.491228103637695
2280976,6.621004581451416
2281232,2.7272727489471436
2281536,6.445086479187012
2285456,1.0
2287440,6.756756782531738
2287472,6.718061447143555
2289696,6.512345790863037
2290128,6.621004581451416
2290976,6.2272725105285645
2291136,6.666666507720947
2291776,6.666666507720947
2291808,6.491228103637695
2293920,6.6964287757873535
2294320,5.454545497894287
2294736,6.651583671569824
2296992,6.682027816772461
2297008,6.570796489715576
2297328,6.877828121185303
2298160,7.51893949508667
2298816,6.666666507720947
2300096,6.0
2300288,6.855345726013184
2301472,6.877828121185303
2304992,6.95945930480957
2305776,5.416666507720947
2309360,6.582278251647949
2311392,6.846847057342529
2312096,6.860986709594727
2314672,7.0
2316128,6.09375
2316704,6.800000190734863
2318000,6.305732250213623
2319264,6.591928482055664
2319936,6.651982307434082
2320192,6.711711883544922
2322000,5.614035129547119
2322624,6.0714287757873535
2322944,5.714285850524902
2323264,6.810344696044922
2324048,6.367521286010742
2325568,5.161290168762207
2325792,5.9259257316589355
2327440,5.903614521026611
2329760,6.495726585388184
2331248,5.543478488922119
2331440,6.681222915649414
2331456,6.783216953277588
2332464,6.467889785766602
2333568,5.72519063949585
2334992,6.742081642150879
2336016,6.025640964508057
2337136,5.0
2338528,6.482411861419678
2339584,6.621621608734131
2339616,6.666666507720947
2340704,6.171171188354492
2341872,5.75
2343104,5.762712001800537
2343648,6.388888835906982
2346256,6.858407020568848
2346816,6.972476959228516
2346960,5.344827651977539
2348144,7.031963348388672
2348704,5.783132553100586
2349504,6.334841728210449
2349872,6.622222423553467
2350992,6.981566905975342
2351424,6.7272725105285645
2351600,7.224669456481934
2351824,6.409090995788574
2355184,6.994219779968262
2355344,6.771300315856934
2356112,5.625
2356960,6.92307710647583
2357008,7.123893737792969
2358928,6.818181991577148
2359584,6.7727274894714355
2360160,6.760204315185547
2361200,7.511312007904053
2362064,5.238095283508301
2363136,7.096774101257324
2363136,6.800000190734863
2363920,7.4772725105285645
2364080,7.101769924163818
2366912,7.361701965332031
2367168,7.004504680633545
2367632,6.968325614929199
2368912,7.044444561004639
2370128,7.318181991577148
2370352,6.7477874755859375
2370896,7.30088472366333
2372688,6.729559898376465
2374064,7.229437351226807
2374352,7.38938045501709
2374432,7.2727274894714355
2375648,6.7889909744262695
2376112,7.399103164672852
2376656,6.4772725105285645
2378016,7.560975551605225
2379184,7.276785850524902
2379824,7.176470756530762
2381616,7.090909004211426
2382176,7.589285850524902
2382368,7.314815044403076
2384208,7.488687992095947
2385136,7.191781044006348
2385696,7.3972601890563965
2387184,7.264151096343994
2392096,6.181818008422852
2392560,7.4375
2392880,7.3214287757873535
2396176,7.111111164093018
2396176,7.14932107925415
2396464,7.219730854034424
2398352,6.551723957061768
2398400,7.293578147888184
2399232,7.0720720291137695
2400592,7.088889122009277
2401312,7.3502302169799805
2403248,7.239819049835205
2403392,7.423580646514893
2403856,7.113636493682861
2405184,7.066666603088379
2405488,6.89497709274292
2405632,7.356828212738037
2407648,5.423728942871094
2408416,7.087155818939209
2410544,6.814159393310547
2411264,5.2272725105285645
2412320,7.058823585510254
2412992,5.102040767669678
2413488,7.081448078155518
2413632,7.046413421630859
2414496,6.973684310913086
2414896,6.756756782531738
2416944,6.604650974273682
2417088,5.931676864624023
2418704,7.3214287757873535
2419040,7.070484638214111
2420480,6.7727274894714355
2420688,6.933333396911621
2422176,6.166666507720947
2423056,6.803652763366699
2424112,6.946902751922607
2424144,7.104072570800781
2424512,7.03619909286499
2425808,6.3380279541015625
2426944,6.892655372619629
2427184,7.168949604034424
2429168,6.757990837097168
2429296,7.0506911277771
2429696,7.205240249633789
2429728,6.909090995788574
2430352,7.136752128601074
2430448,6.787330150604248
2431936,7.0089287757873535
2432000,7.194570064544678
2434000,7.013574600219727
2434992,6.651376247406006
2437456,6.92307710647583
2438288,5.714285850524902
2441008,6.900452613830566
2441456,5.909090995788574
2442144,7.194570064544678
2442896,6.614349842071533
2445104,7.008733749389648
2446832,6.850828647613525
2447120,6.6589860916137695
2447200,6.504629611968994
2448880,6.363636493682861
2448912,4.761904716491699
2450320,6.820276260375977
2450752,6.5625
2450768,6.801801681518555
2451680,5.1724138259887695
2452480,7.1651787757873535
2453744,6.8544602394104
2455120,7.034632205963135
2458384,6.95852518081665
2458656,6.4772725105285645
2459328,6.371951103210449
2459584,6.681222915649414
2461904,6.441441535949707
2461936,6.651583671569824
2462208,6.798245429992676
2462944,6.711111068725586
2463168,6.591928482055664
2464096,6.412556171417236
2465168,6.504424571990967
2465552,6.666666507720947
2467776,6.3761467933654785
2468608,5.813953399658203
2469536,5.603448390960693
2472176,6.898148059844971
2473264,6.40350866317749
2473360,6.768558979034424
2474016,6.808510780334473
2476992,7.079646110534668
2478816,7.199999809265137
2479024,7.1681413650512695
2479216,6.183432102203369
2480608,5.675675868988037
2481712,6.846847057342529
2482064,6.950672626495361
2482656,6.570796489715576
2482960,7.381974220275879
2484208,7.276785850524902
2484880,6.844444274902344
2485232,6.986301422119141
2486304,6.968325614929199
2486656,7.043478488922119
2487328,7.201834678649902
2489936,6.969026565551758
2491296,6.875
2492064,7.312775135040283
2492896,6.572327136993408
2493360,4.255319118499756
2493904,7.142857074737549
2494416,7.222222328186035
2496928,7.090909004211426
2497408,7.15596342086792
2497488,7.158590316772461
2497920,6.880733966827393
2498512,1.0
2499584,7.285068035125732
2500944,6.909090995788574
2501008,7.14932107925415
2501600,5.916666507720947
2502256,7.022471904754639
2502448,7.0535712242126465
2504624,6.986301422119141
2505872,6.888888835906982
2505936,6.164383411407471
2508288,6.25
2510592,6.880733966827393
2510832,7.013574600219727
2512208,6.858407020568848
2513936,7.1681413650512695
2515664,7.242152690887451
2516320,5.5
2518384,6.844444274902344
2519296,6.153846263885498
2519856,6.931818008422852
2520192,6.89497709274292
2520560,7.1681413650512695
2520992,6.931818008422852
2522320,7.297297477722168
2522768,5.185184955596924
2524528,6.818181991577148
2525568,6.769911289215088
2525744,6.81614351272583
2526384,7.049549579620361
2526752,5.116279125213623
2527664,6.7682929039001465
2527712,5.532786846160889
2528352,6.790123462677002
2528832,7.126697063446045
2528896,5.616438388824463
2528976,7.304347991943359
2530080,6.711711883544922
2530192,6.25
2533424,6.812227249145508
2535104,6.561086177825928
2535952,6.464968204498291
2536304,6.872246742248535
2537184,7.057522296905518
2538352,6.726457595825195
2539440,6.95852518081665
2539568,6.418919086456299
2541376,6.666666507720947
2542112,6.764705657958984
2542496,7.066666603088379
2543376,7.0
2544960,7.062780380249023
2546864,6.242236137390137
2547344,6.9457011222839355
2548528,7.027027130126953
2549024,6.801801681518555
2550864,7.100456714630127
2551024,6.883720874786377
2551312,6.994219779968262
2551808,6.650943279266357
2552592,7.252252101898193
2553504,5.714285850524902
2556208,7.323009014129639
2556304,7.330316543579102
2557824,7.085201740264893
2558944,7.3214287757873535
2560528,7.239819049835205
2560784,7.219730854034424
2561568,6.666666507720947
2562304,7.2272725105285645
2562528,7.207207202911377
2564272,7.1621623039245605
2564736,6.986301422119141
2564816,7.1875
2566304,7.609649181365967
2567808,7.340909004211426
2568288,7.511520862579346
2568336,7.6785712242126465
2568624,7.096774101257324
2568944,7.385321140289307
2569328,7.318181991577148
2569888,7.578475475311279
2570592,7.601809978485107
2571808,6.94444465637207
2575232,7.201834678649902
2575696,6.77419376373291
2577312,5.740740776062012
2577408,6.320754528045654
2578944,7.288888931274414
2582368,6.936936855316162
2582496,7.142857074737549
2583280,6.25
2583424,6.986899375915527
2583520,6.703296661376953
2584000,7.2272725105285645
2585360,7.214612007141113
2585728,7.062780380249023
2586512,7.095238208770752
2587376,6.708860874176025
2588784,7.139639854431152
2588992,6.863636493682861
2589312,7.018348693847656
2590032,7.042801380157471
2590448,7.207207202911377
2594064,7.400000095367432
2594304,7.045454502105713
2594656,7.399103164672852
2595264,7.027027130126953
2599424,6.666666507720947
2599584,6.762820720672607
2600400,6.572770118713379
2600544,7.110091686248779
2601296,5.25
2601840,6.097560882568359
2603888,7.4193549156188965
2604112,6.95945930480957
2604128,6.956521511077881
2605232,5.0
2605296,7.116279125213623
2605392,6.990950107574463
2606784,7.126697063446045
2607632,6.803652763366699
2613920,7.409090995788574
2616208,6.968325614929199
2616304,7.064219951629639
2617280,7.1875
2617968,6.3125
2619776,6.9819817543029785
2621216,6.538461685180664
2623440,7.224669456481934
2626800,7.305935859680176
2629984,6.743119239807129
2630720,6.111111164093018
2631344,6.697530746459961
2631888,7.100456714630127
2633472,6.77419376373291
2634544,3.1578948497772217
2637440,6.875
2638240,6.607929706573486
2638736,7.149122714996338
2639360,7.066666603088379
2641424,6.01694917678833
2644896,6.875
2644912,7.0535712242126465
2645456,6.8061676025390625
2645536,6.8526787757873535
2646192,6.651982307434082
2648208,6.911110877990723
2649104,6.446540832519531
2650992,6.756756782531738
2652688,7.085201740264893
2653424,6.666666507720947
2654592,6.711111068725586
2654928,5.0
2661664,6.232876777648926
2662704,7.295454502105713
2664960,6.80555534362793
2665280,1.8125
2665328,7.3214287757873535
2666448,6.795454502105713
2667872,6.5217390060424805
2668736,6.80555534362793
2669568,7.085201740264893
2670464,5.813953399658203
2672480,6.875
2672832,6.9178080558776855
2672976,6.919642925262451
2673504,6.6589860916137695
2674016,6.9819817543029785
2674624,6.538461685180664
2675840,6.486486434936523
2676576,6.729559898376465
2677184,6.7272725105285645
2677600,6.902654647827148
2678128,6.880733966827393
2679360,6.905829429626465
2680752,5.593220233917236
2682656,7.170731544494629
2682704,6.575342655181885
2684720,6.688889026641846
2685840,5.508474349975586
2688400,7.030567646026611
2689296,5.636363506317139
2690480,6.651376247406006
2690784,6.875
2691920,6.545454502105713
2692016,6.779140949249268
2694032,6.742081642150879
2694304,7.031963348388672
2695568,6.933333396911621
2696816,6.666666507720947
2699264,7.0089287757873535
2700352,6.733333110809326
2701120,6.756756782531738
2701696,7.02222204208374
2701808,6.5625
2702128,6.73423433303833
2703840,6.751152038574219
2704656,6.795454502105713
2704768,7.111111164093018
2705648,6.803652763366699
2705984,6.960352420806885
2706960,6.9392523765563965
2707008,6.575342655181885
2707056,7.02222204208374
2709712,7.607758522033691
2710576,5.754716873168945
2710624,6.311110973358154
2712864,7.2602739334106445
2714048,6.704545497894287
2714272,7.4347825050354
2715888,7.0506911277771
2717408,6.820276260375977
2717440,6.95945930480957
2717744,7.252252101898193
2719280,6.526315689086914
2722032,6.912442207336426
2723680,7.094972133636475
2725344,6.972476959228516
2729296,7.322404384613037
2731008,7.14932107925415
2731520,6.166666507720947
2731696,7.031963348388672
2731904,7.242152690887451
2734176,6.968325614929199
2734368,6.968325614929199
2734768,7.191781044006348
2735216,7.168949604034424
2735328,6.711711883544922
2735536,6.863636493682861
2737984,7.0
2738016,6.7164177894592285
2740608,7.031963348388672
2741248,5.384615421295166
2741520,6.7727274894714355
2741888,7.045454502105713
2742176,6.912442207336426
2742560,6.851851940155029
2744224,7.111111164093018
2745136,6.955555438995361
2747136,6.636771202087402
2747520,6.7840375900268555
2749328,6.89497709274292
2751008,6.4976959228515625
2751280,6.7272725105285645
2752144,6.793722152709961
2752416,6.926605701446533
2753232,6.69767427444458
2753408,6.828193664550781
2754400,6.7272725105285645
2756032,6.622222423553467
2756416,6.363636493682861
2757904,6.81192684173584
2758192,6.705069065093994
2758272,6.850220203399658
2759456,6.361502170562744
2760464,6.978609561920166
2760736,6.711711883544922
2761168,6.5625
2761376,6.775000095367432
2761888,6.622222423553467
2763648,6.7410712242126465
2766880,6.968325614929199
2767616,6.733333110809326
2768288,6.674107074737549
2769024,6.954545497894287
2770176,6.547618865966797
2770528,6.7281107902526855
2770864,6.493212699890137
2773040,6.6891889572143555
2774400,6.659090995788574
2774768,6.5765767097473145
2777488,6.880733966827393
2779472,6.828703880310059
2779584,6.768558979034424
2779936,6.592920303344727
2780192,6.5765767097473145
2781232,6.3733906745910645
2782032,6.25
2782304,6.4851484298706055
2784880,6.814159393310547
2786752,6.828193664550781
2789728,7.090909004211426
2789952,6.526315689086914
2791568,7.009132385253906
2791824,6.898148059844971
2792080,6.696035385131836
2792192,6.079136848449707
2792976,6.891891956329346
2793296,6.53153133392334
2793904,6.697247505187988
2794224,6.606334686279297
2796704,5.969387531280518
2797472,6.486486434936523
2797824,6.607142925262451
2799072,5.0
2802512,6.840909004211426
2803632,6.888888835906982
2803664,6.725663661956787
2804592,6.803652763366699
2804624,6.711111068725586
2806064,6.651583671569824
2806528,6.863636493682861
2807680,6.681614398956299
2808192,6.6891889572143555
2808240,6.689497947692871
2809488,6.343283653259277
2810128,6.941964149475098
2811712,6.621621608734131
2812288,7.096774101257324
2812624,6.583710193634033
2814368,6.718061447143555
2816160,6.5158371925354
2816688,6.122448921203613
2818336,6.438356399536133
2821168,6.511627674102783
2821584,6.8061676025390625
2822016,6.288209438323975
2822032,5.900900840759277
2822384,6.613636493682861
2822560,6.422018527984619
2822768,6.569506645202637
2825280,6.354679584503174
2826816,6.636771202087402
2827728,6.1184210777282715
2828688,6.547085285186768
2828736,6.604938507080078
2829872,6.795454502105713
2830560,6.545454502105713
2835728,6.2155961990356445
2836080,5.966386318206787
2842160,6.068965435028076
2842192,6.513761520385742
2843360,6.63755464553833
2844944,6.338383674621582
2845184,6.3761467933654785
2846544,6.565656661987305
2847008,6.255814075469971
2847104,6.0
2849120,6.561086177825928
2849152,6.559633255004883
2849168,6.53153133392334
2850016,6.342592716217041
2850032,6.509008884429932
2850192,6.263736248016357
2852720,5.581395149230957
2853520,6.444953918457031
2855760,6.402714729309082
2856768,6.807511806488037
2857280,5.106382846832275
2859776,6.392693996429443
2862608,6.635513782501221
2864160,6.4719624519348145
2865408,6.509008884429932
2866160,6.334841728210449
2868464,6.4772725105285645
2868944,6.388888835906982
2868976,6.636771202087402
2869696,6.547085285186768
2869856,5.660377502441406
2870224,6.540284156799316
2873632,6.688889026641846
2874192,6.732456207275391
2874608,6.486486434936523
2874944,6.463963985443115
2875568,6.808510780334473
2876096,6.771300315856934
2876272,6.790392875671387
2876368,6.507936477661133
2877760,6.216216087341309
2878192,6.238532066345215
2878240,6.526548862457275
2878960,6.355140209197998
2879808,6.347032070159912
2879872,6.520737171173096
2881088,6.402714729309082
2882752,6.5
2884752,6.304347991943359
2885328,5.945945739746094
2885632,6.4666666984558105
2885968,6.3839287757873535
2886400,6.365638732910156
2886912,6.504629611968994
2887984,6.575342655181885
2889424,6.481481552124023
2889472,6.5366973876953125
2890064,5.625
2890448,6.431818008422852
2890592,6.4349775314331055
2891552,6.621621608734131
2892704,6.742081642150879
2895872,6.991150379180908
2896656,6.6891889572143555
2897056,6.5
2897232,6.234177112579346
2900864,6.592920303344727
2901504,5.773195743560791
2902208,6.183035850524902
2902976,6.369863033294678
2903504,6.289308071136475
2904672,6.392693996429443
2904992,6.405529975891113
2905216,6.681614398956299
2905792,6.543778896331787
2906336,6.5333333015441895
2907184,6.56488561630249
2907840,6.877828121185303
2908480,6.3364057540893555
2909776,6.08695650100708
2909904,6.380090713500977
2912464,6.643835544586182
2913312,6.363636493682861
2915200,6.605504512786865
2915264,6.491228103637695
2916080,6.475770950317383
2916288,6.484018325805664
2916704,6.607142925262451
2917856,6.339285850524902
2918176,6.814159393310547
2919248,6.502242088317871
2919952,6.757990837097168
2921968,6.177884578704834
2922656,6.1160712242126465
2923232,6.305309772491455
2925536,6.711711883544922
2927200,6.850220203399658
2929104,6.756756782531738
2933216,6.674208164215088
2934528,6.460176944732666
2935072,6.412036895751953
2936240,6.3473052978515625
2936320,6.538461685180664
2936816,6.615044116973877
2937904,6.502242088317871
2939296,6.261261463165283
2942304,6.163522243499756
2942800,6.261467933654785
2945120,6.826484203338623
2947152,6.176470756530762
2947616,6.30232572555542
2948928,6.666666507720947
2949184,6.289592742919922
2950288,6.704035758972168
2950624,6.415929317474365
2950784,6.504424571990967
2951232,6.5333333015441895
2952032,5.962732791900635
2954096,5.882352828979492
2954816,6.771300315856934
2955008,6.244131565093994
2955824,6.347032070159912
2956816,6.21301794052124
2960912,6.5570173263549805
2965408,6.378504753112793
2966320,6.126126289367676
2966544,6.238937854766846
2967392,6.6964287757873535
2967440,6.402714729309082
2967712,6.800000190734863
2968208,6.552511215209961
2971200,6.121212005615234
2971808,6.049107074737549
2974208,6.234568119049072
2974672,6.550218105316162
2975664,5.737704753875732
2976496,6.311110973358154
2977360,6.666666507720947
2977744,6.363636493682861
2978496,6.058558464050293
2979008,6.5418500900268555
2980080,5.689655303955078
2980976,6.266666889190674
2981232,6.4976959228515625
2982064,5.934959411621094
2986672,6.4349775314331055
2987760,6.386363506317139
2988048,6.3242011070251465
2988672,6.392693996429443
2989232,6.4349775314331055
2990784,6.771300315856934
2991024,6.745689868927002
2991168,6.373873710632324
2991840,6.610169410705566
2993408,6.561086177825928
2994960,6.513761520385742
2997392,6.441441535949707
2997600,4.625
2998304,6.460176944732666
2998960,5.909090995788574
2999792,6.461187362670898
3000576,6.278027057647705
3001872,6.463963985443115
3002080,6.599099159240723
3003648,6.513157844543457
3009552,6.388888835906982
3010224,6.296296119689941
3012528,6.5740742683410645
3014416,6.803652763366699
3015904,6.840909004211426
3016256,6.591928482055664
3016656,6.255605220794678
3017104,6.5227274894714355
3019200,6.214285850524902
3020320,6.73423433303833
3022416,6.4285712242126465
3023072,6.457398891448975
3023824,6.689815044403076
3024320,6.456521511077881
3025104,6.704035758972168
3025392,6.696035385131836
3027504,6.768558979034424
3029472,6.583710193634033
3029712,6.818181991577148
3030624,6.742081642150879
3031680,6.607142925262451
3031808,6.217948913574219
3032704,6.415929317474365
3033472,6.502242088317871
3038912,6.363636493682861
3039296,6.490825653076172
3041712,6.7920355796813965
3042512,6.5401787757873535
3045904,6.547085285186768
3047536,6.511111259460449
3047552,6.65919303894043
3049616,5.892857074737549
3052224,6.803652763366699
3052352,6.40625
3052864,6.636363506317139
3053248,6.545454502105713
3055216,6.344086170196533
3055776,6.712328910827637
3055872,6.444953918457031
3056784,6.636363506317139
3057408,6.705069065093994
3057424,6.422018527984619
3060160,6.791443824768066
3060464,6.681416034698486
3062704,6.6289591789245605
3064224,6.564102649688721
3064496,6.651376247406006
3064912,6.3839287757873535
3065088,6.5158371925354
3067568,6.486486434936523
3068032,6.7272725105285645
3071040,6.513761520385742
3073200,6.771300315856934
3073968,6.371681213378906
3074272,5.945121765136719
3076240,6.375
3077264,6.415929317474365
3077424,6.322869777679443
3078352,6.088889122009277
3079024,6.363636493682861
3079856,6.511111259460449
3080992,6.351351261138916
3081744,6.295454502105713
3083200,6.128318786621094
3084256,6.136363506317139
3084384,6.336898326873779
3084576,6.279069900512695
3085136,6.502242088317871
3085248,6.399082660675049
3086832,6.371681213378906
3087824,6.432432651519775
3087856,6.3839287757873535
3088016,6.339285850524902
3090384,6.178343772888184
3090768,6.216216087341309
3092336,6.363636493682861
3092960,6.255814075469971
3094096,6.047904014587402
3095104,6.244239807128906
3095248,6.289592742919922
3096240,6.614349842071533
3097152,6.027397155761719
3097664,6.325301170349121
3097952,6.7410712242126465
3098752,6.320754528045654
3098928,6.2727274894714355
3100336,6.200873374938965
3101520,6.373873710632324
3102368,6.511111259460449
3103360,6.232876777648926
3106912,6.511111259460449
3107520,6.295454502105713
3111088,6.467889785766602
3112448,6.34782600402832
3113040,6.085972785949707
3114128,6.386363506317139
3115136,6.233183860778809
3116000,6.2443437576293945
3117792,6.1187214851379395
3118656,6.484018325805664
3119424,6.543778896331787
3119504,6.25
3119504,6.444953918457031
3121392,6.316964149475098
3121728,6.396396160125732
3122320,6.192660331726074
3122464,6.289592742919922
3124992,6.316964149475098
3125232,6.294642925262451
3126848,6.283185958862305
3128864,6.301369667053223
3130160,6.299559593200684
3130320,6.5962443351745605
3130352,6.605504512786865
3131472,6.4375
3131504,6.255707740783691
3132192,6.233479976654053
3132400,6.513157844543457
3132448,6.479820728302002
3133008,6.261261463165283
3133008,6.339285850524902
3133344,6.547085285186768
3133744,6.502242088317871
3135728,6.045454502105713
3136400,6.651583671569824
3136816,6.481481552124023
3137248,6.2844038009643555
3138048,6.795454502105713
3140080,6.7792792320251465
3140144,5.833333492279053
3140304,6.409090995788574
3140336,6.50684928894043
3140640,6.139534950256348
3142080,6.279069900512695
3146608,6.331775665283203
3147808,6.396396160125732
3148208,6.575342655181885
3150608,6.415929317474365
3151024,6.261261463165283
3153888,6.605504512786865
3155344,6.742081642150879
3156528,6.5217390060424805
3156688,6.422018527984619
3156880,6.441441535949707
3158192,6.283783912658691
3160144,6.418604850769043
3161184,6.593886375427246
3161216,6.313364028930664
3161584,6.612903118133545
3162512,6.347032070159912
3163472,5.762712001800537
3167568,6.261261463165283
3168240,6.355140209197998
3168336,6.3122172355651855
3170528,6.53153133392334
3170816,6.23913049697876
3171120,5.882352828979492
3171680,6.459627151489258
3171936,6.25
3172352,6.192660331726074
3173376,6.36771297454834
3174368,5.972850799560547
3174400,6.307339668273926
3177008,6.283185958862305
3177072,6.6566267013549805
3178720,6.163522243499756
3179296,6.441860675811768
3180032,6.41304349899292
3184448,6.313364028930664
3185056,6.181818008422852
3185760,6.255707740783691
3185792,6.2443437576293945
3185792,6.271929740905762
3185968,6.351351261138916
3188368,6.347032070159912
3189296,6.545454502105713
3190256,5.897435665130615
3191504,6.543778896331787
3192432,6.467889785766602
3192592,6.441441535949707
3194720,6.502242088317871
3196384,6.4976959228515625
3196416,6.30232572555542
3196720,6.3364057540893555
3197248,6.40350866317749
3198272,6.793249130249023
3199232,6.164383411407471
3199728,6.454545497894287
3200160,6.386363506317139
3201920,6.44444465637207
3202976,6.558441638946533
3204528,6.4285712242126465
3206640,6.294642925262451
3207168,6.220930099487305
3207184,6.26086950302124
3207408,6.431818008422852
3208128,6.160714149475098
3208128,6.355555534362793
3208528,6.621004581451416
3211952,6.384976387023926
3212512,6.520737171173096
3212592,6.4285712242126465
3215248,6.044444561004639
3215792,6.387665271759033
3216256,6.211453914642334
3216256,6.074561595916748
3217024,6.031390190124512
3217312,6.545454502105713
3218944,6.199095249176025
3227088,6.402439117431641
3227664,6.047904014587402
3227872,6.027397155761719
3230192,6.131221771240234
3230688,5.977011680603027
3231440,5.96846866607666
3232800,6.387665271759033
3232816,6.26086950302124
3233072,6.036036014556885
3234976,6.093023300170898
3235008,6.351351261138916
3235472,6.185344696044922
3238688,6.2276787757873535
3239792,6.111111164093018
3240144,6.17511510848999
3240848,6.490825653076172
3241232,6.666666507720947
3241552,6.204545497894287
3241696,6.52466344833374
3242608,6.1187214851379395
3243712,6.283783912658691
3245024,6.088889122009277
3245584,6.3215861320495605
3248048,6.078431606292725
3250480,6.55555534362793
3250624,6.3761467933654785
3250752,6.013513565063477
3251488,6.194690227508545
3252080,6.02222204208374
3253312,5.974842548370361
3253392,6.216216087341309
3254176,6.199095249176025
3254464,6.462882041931152
3256912,6.027397155761719
3257952,6.146789073944092
3258272,6.133333206176758
3259520,5.9598212242126465
3261520,6.058558464050293
3262512,6.0
3262880,6.165919303894043
3263024,6.126126289367676
3264064,5.616438388824463
3265984,5.869565010070801
3266624,5.869565010070801
3266640,6.108597278594971
3266672,6.3215861320495605
3267520,6.372093200683594
3269344,6.181818008422852
3269600,6.222222328186035
3272384,6.1160712242126465
3272480,6.185344696044922
3273296,6.059907913208008
3273712,6.0714287757873535
3274064,6.1049723625183105
3276000,6.392693996429443
3277056,6.3274335861206055
3280032,5.941704273223877
3280240,6.415929317474365
3281968,6.074766159057617
3283456,6.351351261138916
3283600,6.261261463165283
3283968,6.2155961990356445
3284240,6.222222328186035
3285488,6.21004581451416
3286656,6.238738536834717
3287536,6.036866188049316
3287936,6.21004581451416
3290752,6.622222423553467
3290816,6.126126289367676
3290912,6.266968250274658
3294320,6.351351261138916
3294688,6.113636493682861
3295392,6.2155961990356445
3297712,6.146789073944092
3298416,5.347222328186035
3298528,6.363636493682861
3299008,6.377777576446533
3299168,6.295454502105713
3300416,6.2844038009643555
3301472,6.08695650100708
3301664,6.67391300201416
3302720,6.176470756530762
3303984,6.463963985443115
3304848,6.480686664581299
3305056,6.479820728302002
3305120,6.195652008056641
3305584,6.126126289367676
3306016,6.199999809265137
3308000,6.343612194061279
3309312,6.25
3310080,6.333333492279053
3310464,6.238937854766846
3314304,6.082474231719971
3315184,6.322869777679443
3317360,5.344827651977539
3318128,6.013824939727783
3318704,6.255707740783691
3319216,5.375
3319408,5.950226306915283
3320352,6.171171188354492
3320864,6.126126289367676
3322848,5.730088710784912
3323888,6.068181991577148
3324496,6.1777777671813965
3324544,5.938864707946777
3325296,5.96846866607666
3325696,5.6744184494018555
3328096,6.165919303894043
3328192,5.936072826385498
3328784,6.058558464050293
3329808,6.106194496154785
3330080,5.384615421295166
3330864,6.1777777671813965
3331600,6.25
3332976,5.902439117431641
3333696,5.97777795791626
3335408,5.943396091461182
3335680,6.288888931274414
3335760,5.848214149475098
3336544,6.0714287757873535
3336656,6.419213771820068
3337840,6.4666666984558105
3338160,6.2443437576293945
3339376,6.266666889190674
3340432,6.045454502105713
3342880,5.9817352294921875
3344032,6.026785850524902
3344128,6.127167701721191
3345216,6.101321697235107
3346272,6.018099784851074
3348912,6.219511985778809
3350192,6.153846263885498
3350224,6.311110973358154
3351408,5.967741966247559
3352016,6.4782609939575195
3352368,6.461864471435547
3359248,6.050228118896484
3360368,6.450892925262451
3362928,6.65919303894043
3362960,6.666666507720947
3364560,6.591928482055664
3367024,6.474654197692871
3372368,6.339285850524902
3372736,6.242236137390137
3373904,6.629464149475098
3375328,6.674208164215088
3377856,6.585903167724609
3378144,6.659090995788574
3379408,6.422018527984619
3379840,6.025640964508057
3381792,6.278027057647705
3382432,6.720183372497559
3383328,6.422018527984619
3386464,6.588785171508789
3389376,6.318181991577148
3389440,6.520737171173096
3390800,6.572052478790283
3391840,6.604650974273682
3395184,6.621621608734131
3395472,6.548672676086426
3398736,6.538461685180664
3402064,6.502242088317871
3402464,6.547085285186768
3403648,6.711711883544922
3404480,6.491228103637695
3405088,6.470588207244873
3406176,6.614349842071533
3407104,6.6289591789245605
3407216,6.838564872741699
3409264,6.5625
3409712,6.7727274894714355
3412944,6.412556171417236
3413328,6.400000095367432
3414352,6.369863033294678
3415248,6.6891889572143555
3415984,6.513761520385742
3416512,6.133333206176758
3418880,6.415929317474365
3419216,6.800000190734863
3419952,6.605504512786865
3420224,6.471861362457275
3420368,6.484018325805664
3420768,6.009852409362793
3421552,6.473214149475098
3422800,6.726457595825195
3422912,6.615720748901367
3423232,6.73913049697876
3426000,6.266666889190674
3426384,6.547085285186768
3427088,6.393805503845215
3428496,6.392693996429443
3428880,6.377777576446533
3429216,6.53153133392334
3429504,6.513761520385742
3429920,6.431818008422852
3430224,6.589861869812012
3432448,6.517857074737549
3433296,6.386363506317139
3433856,6.371681213378906
3434544,6.399082660675049
3434928,6.265822887420654
3435440,6.2727274894714355
3436080,5.128205299377441
3436736,6.455696105957031
3438464,6.5227274894714355
3438640,6.244444370269775
3439872,6.221719264984131
3440944,6.402714729309082
3443360,6.543778896331787
3443904,6.704035758972168
3444944,6.1777777671813965
3445104,6.5
3445456,6.139534950256348
3447536,6.517857074737549
3448880,6.388888835906982
3450144,6.226851940155029
3451328,6.21004581451416
3452192,6.3242011070251465
3452928,6.339285850524902
3453328,4.400000095367432
3454736,6.486486434936523
3454912,6.349557399749756
3456512,6.412556171417236
3456816,6.313364028930664
3458384,6.25550651550293
3458512,6.3839287757873535
3460688,6.463963985443115
3461456,6.278538703918457
3462064,6.877729415893555
3463120,6.454545497894287
3463600,6.3761467933654785
3464352,6.447368621826172
3465568,6.543778896331787
3465760,6.3215861320495605
3466032,6.502242088317871
3466048,6.299559593200684
3466736,6.964285850524902
3466816,6.373873710632324
3467952,6.7410712242126465
3472864,6.216216087341309
3475440,6.2155961990356445
3475968,6.027397155761719
3477856,6.167664527893066
3478448,6.71875
3479568,6.735159873962402
3480816,6.582568645477295
3483040,6.077981472015381
3484064,6.390134334564209
3486512,6.696832656860352
3487008,6.405529975891113
3489472,6.703539848327637
3490144,6.415929317474365
3490384,6.076233386993408
3491616,6.361607074737549
3494256,6.3122172355651855
3497344,6.318181991577148
3497568,6.339285850524902
3498816,6.261261463165283
3499344,6.463963985443115
3499984,6.359447002410889
3502352,6.013513565063477
3503504,6.103896141052246
3503504,6.165919303894043
3503680,6.181818008422852
3504000,5.238095283508301
3506928,6.283185958862305
3507104,6.205357074737549
3507152,6.160714149475098
3507744,6.0
3508192,6.305309772491455
3508304,6.21004581451416
3510688,6.192660331726074
3511424,6.329787254333496
3511696,6.347032070159912
3511776,5.986546993255615
3511792,6.0714287757873535
3513984,6.330275058746338
3515248,6.085972785949707
3517792,6.146789073944092
3517952,6.081080913543701
3518432,6.380090713500977
3518480,6.21004581451416
3521456,6.238532066345215
3522000,6.3242011070251465
3524192,6.415524959564209
3524320,6.415929317474365
3524848,6.323529243469238
3524960,6.307339668273926
3529152,5.995575428009033
3531264,6.072961330413818
3531840,6.068181991577148
3532128,6.221719264984131
3532368,6.093023300170898
3534800,6.100628852844238
3535536,6.043478488922119
3536160,6.129032135009766
3538432,6.164383411407471
3538720,5.806451797485352
3539152,6.5333333015441895
3539664,6.238532066345215
3540192,6.2272725105285645
3542016,6.2107625007629395
3542112,6.412556171417236
3542464,6.186046600341797
3545184,6.4772725105285645
3545936,6.299559593200684
3545968,6.399082660675049
3546256,6.150442600250244
3546704,5.806451797485352
3548880,6.134969234466553
3549264,6.25550651550293
3549568,6.40625
3550224,6.365638732910156
3553776,6.470588207244873
3553856,6.138392925262451
3554832,6.380090713500977
3557376,6.0714287757873535
3557808,6.5625
3558016,6.143497943878174
3558848,6.438356399536133
3559600,6.068181991577148
3560224,5.982142925262451
3561616,6.049107074737549
3562112,6.390134334564209
3562464,6.222222328186035
3565360,6.136363506317139
3566032,6.351351261138916
3566096,6.6447367668151855
3566800,6.2443437576293945
3568736,6.49779748916626
3569104,6.357466220855713
3571216,6.304347991943359
3573520,6.2276787757873535
3574080,6.333333492279053
3574944,6.155555725097656
3575200,5.4347825050354
3575424,6.506550312042236
3576272,6.289592742919922
3576496,6.2723212242126465
3576832,6.222222328186035
3577408,6.3274335861206055
3579584,6.204545497894287
3580016,6.529680252075195
3580864,5.958904266357422
3580992,6.1210761070251465
3581712,3.6136362552642822
3582832,5.950920104980469
3583936,6.009174346923828
3584032,5.855855941772461
3584432,6.171171188354492
3584864,6.076233386993408
3585216,6.077981472015381
3585680,6.400000095367432
3585696,6.113636493682861
3586624,5.818181991577148
3588320,6.232558250427246
3589280,5.848214149475098
3589680,5.9772725105285645
3590208,6.165919303894043
3592864,6.053811550140381
3593424,6.165919303894043
3594976,6.152073860168457
3595248,6.099585056304932
3596480,6.136363506317139
3596640,6.066666603088379
3598480,5.940366744995117
3599520,6.40692663192749
3599984,6.081080913543701
3600048,6.148648738861084
3600384,5.876777172088623
3600432,6.0280375480651855
3602736,5.724637508392334
3604016,6.188340663909912
3604640,6.255707740783691
3607536,6.138392925262451
3608256,5.888888835906982
3608848,6.008771896362305
3609792,5.950920104980469
3611552,5.723270416259766
3614576,5.837209224700928
3616016,6.049107074737549
3617888,6.146789073944092
3618144,6.126126289367676
3619600,6.412556171417236
3620208,5.986546993255615
3621968,6.075949192047119
3624800,6.219511985778809
3625072,6.289592742919922
3625568,6.1160712242126465
3628784,6.189427375793457
3632368,6.278027057647705
3632656,6.347032070159912
3634480,5.976744174957275
3634560,6.4772725105285645
3635264,6.3537116050720215
3635808,6.0280375480651855
3636240,6.569506645202637
3636640,6.636771202087402
3637488,6.026785850524902
3639824,6.169724941253662
3640144,6.188340663909912
3641072,6.278027057647705
3641600,6.5333333015441895
3641744,6.36771297454834
3642032,6.107784271240234
3642400,6.561086177825928
3642992,6.357466220855713
3644000,6.447963714599609
3646624,6.3274335861206055
3646848,6.289592742919922
3647072,6.150442600250244
3649520,5.403225898742676
3650384,5.954545497894287
3650896,6.074561595916748
3651840,6.157205104827881
3653248,6.02222204208374
3654000,5.911110877990723
3654352,6.277533054351807
3657920,6.159090995788574
3658096,6.008968830108643
3658528,6.018518447875977
3660096,6.194690227508545
3660320,6.204545497894287
3661408,5.933333396911621
3661488,6.090047359466553
3663392,6.11904764175415
3663440,6.088889122009277
3663600,6.126126289367676
3664768,5.575221061706543
3665056,5.945945739746094
3665104,6.198156833648682
3666128,5.668789863586426
3668256,6.171171188354492
3670560,5.756880760192871
3672128,6.164383411407471
3674064,6.261467933654785
3675024,6.21004581451416
3675696,6.024844646453857
3676832,6.345291614532471
3677664,6.183035850524902
3677728,6.049107074737549
3679520,6.008968830108643
3682896,6.58695650100708
3683760,6.261261463165283
3684048,6.184210300445557
3684944,6.643835544586182
3686368,6.064815044403076
3686640,6.076233386993408
3687424,6.842105388641357
3688752,5.976744174957275
3689712,6.377777576446533
3690064,5.995670795440674
3691552,6.3255815505981445
3691792,5.348837375640869
3693232,5.986238479614258
3693536,6.294642925262451
3693600,6.068181991577148
3695920,5.930232524871826
3697168,6.460176944732666
3697440,6.160714149475098
3699312,6.415524959564209
3700576,6.3839287757873535
3700848,6.493212699890137
3700928,6.382488250732422
3702384,6.105990886688232
3704064,6.2844038009643555
3704432,6.199095249176025
3704800,6.0625
3705664,6.328828811645508
3705952,6.457398891448975
3707712,6.199999809265137
3709296,6.415929317474365
3709376,6.2276787757873535
3709504,6.322869777679443
3711296,6.473214149475098
3711440,6.369863033294678
3712736,6.0514020919799805
3714288,6.534391403198242
3714688,6.1936936378479
3714912,6.064815044403076
3715408,6.061946868896484
3716368,5.9234232902526855
3716368,6.3274335861206055
3716624,5.799086570739746
3716864,6.607142925262451
3717792,5.986238479614258
3718960,6.289592742919922
3721936,6.049107074737549
3724592,5.090909004211426
3724880,6.031390190124512
3725264,5.882352828979492
3725440,6.17511510848999
3725488,6.103603839874268
3725520,6.0227274894714355
3725792,6.09375
3725936,6.153846263885498
3726112,1.0
3728976,6.0227274894714355
3729136,5.955555438995361
3731424,6.288888931274414
3733552,5.9276018142700195
3734336,6.183035850524902
3734720,5.806451797485352
3735488,6.143497943878174
3736320,6.216216087341309
3736752,6.190476417541504
3739136,6.563876628875732
3740016,5.55555534362793
3741312,6.467889785766602
3741936,6.299559593200684
3743008,6.1210761070251465
3743600,6.278027057647705
3743920,6.143497943878174
3744368,6.164383411407471
3744448,5.384615421295166
3744560,6.3839287757873535
3745712,6.361701965332031
3745984,6.087963104248047
3747024,6.155555725097656
3747584,5.882352828979492
3748480,6.296296119689941
3750384,6.221719264984131
3750496,6.301369667053223
3753936,6.018518447875977
3754080,6.479820728302002
3755312,6.517857074737549
3755472,6.290322780609131
3757328,6.495326995849609
3757760,6.2727274894714355
3760256,6.666666507720947
3761008,6.318181991577148
3761296,6.4285712242126465
3763248,6.2672810554504395
3764480,6.181818008422852
3764784,6.5158371925354
3766160,6.032110214233398
3768032,6.351351261138916
3769504,6.740087985992432
3770416,6.283783912658691
3772656,6.351351261138916
3773056,6.334841728210449
3775008,6.226415157318115
3775376,6.164383411407471
3776224,6.441860675811768
3776448,6.244239807128906
3777776,6.238738536834717
3779728,6.232558250427246
3781312,6.181818008422852
3782352,6.457398891448975
3785680,6.373873710632324
3786832,6.2443437576293945
3787792,6.1238532066345215
3789232,5.9772725105285645
3789840,6.257668495178223
3790592,6.036036014556885
3790992,6.113636493682861
3791648,5.882352828979492
3793184,6.473214149475098
3794176,6.278027057647705
3794224,6.103603839874268
3795488,6.1210761070251465
3796800,6.088889122009277
3798736,6.369863033294678
3799120,5.931818008422852
3800352,6.380090713500977
3801920,6.100917339324951
3803920,6.171171188354492
3804848,6.082251071929932
3804896,6.143497943878174
3804992,6.1928935050964355
3806064,6.068181991577148
3807424,6.027397155761719
3808960,6.1052632331848145
3812160,6.1210761070251465
3812496,6.318181991577148
3812592,6.204545497894287
3812752,6.161137580871582
3813344,6.328828811645508
3814320,6.538461685180664
3815488,6.285046577453613
3818192,6.40350866317749
3820464,6.340909004211426
3821120,6.5401787757873535
3822976,6.461187362670898
3824080,6.488888740539551
3824896,5.689655303955078
3828720,6.277533054351807
3829280,6.2727274894714355
3832560,6.181818008422852
3836096,6.183035850524902
3836784,6.216216087341309
3837168,6.409090995788574
3838128,6.431818008422852
3838480,6.121212005615234
3839088,6.4666666984558105
3839792,6.818181991577148
3840256,6.216814041137695
3840848,6.316964149475098
3843280,6.300448417663574
3843360,6.5765767097473145
3843408,5.238095283508301
3846784,6.583710193634033
3846880,6.392693996429443
3849024,6.238738536834717
3850560,6.569506645202637
3852864,6.100917339324951
3853456,6.357466220855713
3854032,6.351351261138916
3855088,6.347032070159912
3855216,6.52466344833374
3857536,6.307339668273926
3858640,6.153846263885498
3858768,6.470588207244873
3862512,6.345291614532471
3863328,6.045454502105713
3864592,6.153846263885498
3864976,6.345291614532471
3865776,6.199095249176025
3866016,6.131221771240234
3866992,6.206140518188477
3867360,6.159090995788574
3868112,6.488888740539551
3868144,6.04072380065918
3868544,6.081080913543701
3868912,6.36771297454834
3869600,6.467889785766602
3870720,6.314655303955078
3870944,6.255605220794678
3871184,6.176470756530762
3872096,6.334841728210449
3872944,6.334841728210449
3876464,5.9817352294921875
3878080,5.844444274902344
3878080,6.265822887420654
3878640,6.2844038009643555
3879184,6.157407283782959
3882032,5.911110877990723
3882352,6.339285850524902
3882992,6.2155961990356445
3883792,6.018099784851074
3883824,5.814479827880859
3884896,6.1777777671813965
3886464,5.9490742683410645
3887136,5.848623752593994
3889856,5.909090995788574
3889952,6.036866188049316
3890752,6.155555725097656
3890896,5.969162940979004
3890992,6.050228118896484
3892608,6.026785850524902
3893504,6.172839641571045
3894432,5.9954752922058105
3894576,5.829596519470215
3894976,5.955555438995361
3896192,5.91928243637085
3897552,5.138888835906982
3898224,6.25550651550293
3899840,6.123348236083984
3900288,6.26086950302124
3900672,6.199999809265137
3901712,6.244725704193115
3904160,6.1187214851379395
3904256,6.316964149475098
3904448,6.2672810554504395
3905104,6.146789073944092
3908016,6.171171188354492
3909008,6.266968250274658
3909392,6.2155961990356445
3912000,6.103603839874268
3912000,6.183035850524902
3914496,6.399082660675049
3917104,6.172839641571045
3918608,6.313364028930664
3919600,6.3215861320495605
3923104,6.1936936378479
3924800,6.637167930603027
3926256,6.318181991577148
3927792,6.255605220794678
3928352,6.55555534362793
3929312,6.486486434936523
3930112,6.357466220855713
3930464,6.585903167724609
3934064,6.674107074737549
3936928,6.463963985443115
3937600,6.880733966827393
3940672,6.7272725105285645
3941120,6.529680252075195
3941232,6.5418500900268555
3942416,6.40350866317749
3946368,6.469298362731934
3946816,6.261467933654785
3947072,6.351351261138916
3948304,6.415524959564209
3948576,6.382488250732422
3951936,6.073059558868408
3953072,6.063348293304443
3954880,6.6120219230651855
3955408,6.238532066345215
3958928,6.141552448272705
3961328,6.59817361831665
3962592,6.359649181365967
3964560,6.334841728210449
3964848,6.278538703918457
3965184,6.1936936378479
3967616,5.866666793823242
3968096,6.181818008422852
3971344,6.153846263885498
3971712,6.076233386993408
3972592,6.171171188354492
3973088,5.890410900115967
3974848,6.146789073944092
3975984,5.142857074737549
3976592,6.063348293304443
3976864,6.390134334564209
3976992,5.967741966247559
3978224,6.244239807128906
3979488,6.103603839874268
3979760,6.008968830108643
3980848,6.111111164093018
3982016,5.69444465637207
3983216,6.0
3983328,6.0227274894714355
3985584,5.701357364654541
3986016,5.7207207679748535
3986624,6.126126289367676
3987520,6.340909004211426
3988224,5.936072826385498
3989008,6.173708915710449
3989104,6.053811550140381
3989968,5.613636493682861
3990112,5.9772725105285645
3990208,5.941704273223877
3990336,5.285714149475098
3991088,6.103603839874268
3992704,6.0714287757873535
3993136,6.013513565063477
3993232,5.945945739746094
3994032,6.013513565063477
3997520,5.990991115570068
4003088,6.053811550140381
4004688,6.255605220794678
4004752,6.103603839874268
4007488,6.041666507720947
4008880,6.035242080688477
4009424,5.991189479827881
4010240,6.137339115142822
4014000,6.044444561004639
4015040,6.2276787757873535
4015104,5.8968610763549805
4015328,6.164383411407471
4015360,5.784753322601318
4017504,5.8597283363342285
4017824,5.4938273429870605
4018128,5.806451797485352
4018720,6.400000095367432
4018896,5.855855941772461
4020256,6.050228118896484
4020384,5.840909004211426
4020624,6.137566089630127
4022368,6.018518447875977
4022480,5.892857074737549
4027792,5.9151787757873535
4031920,6.081080913543701
4034048,5.625
4034848,5.784753322601318
4035072,5.9234232902526855
4035408,6.082949161529541
4039808,5.68807315826416
4041072,5.9772725105285645
4042528,6.2727274894714355
4043888,6.0217390060424805
4045824,6.145374298095703
4047904,5.915493011474609
4050320,6.221719264984131
4053568,6.162790775299072
4054608,6.17511510848999
4055840,5.829596519470215
4055904,6.013216018676758
4056624,5.945945739746094
4058112,6.024844646453857
4059584,5.895196437835693
4061040,5.8968610763549805
4061952,6.045454502105713
4063296,6.103603839874268
4063584,5.911110877990723
4064560,6.141552448272705
4066768,6.131221771240234
4070368,6.25
4070800,5.964125633239746
4071312,6.194690227508545
4073968,5.9666666984558105
4074240,6.2844038009643555
4075584,6.21212100982666
4075920,6.145374298095703
4077488,6.449999809265137
4077696,5.900900840759277
4077712,6.261261463165283
4080032,6.146789073944092
4081392,5.9276018142700195
4084896,5.986238479614258
4086736,6.090909004211426
4088528,6.061946868896484
4090432,6.460176944732666
4091792,6.255605220794678
4093296,6.063348293304443
4093680,6.238532066345215
4093936,5.938864707946777
4094336,6.211453914642334
4094976,6.3063063621521
4096832,6.136363506317139
4097040,5.689655303955078
4099424,6.026785850524902
4100656,5.931818008422852
4101056,6.2443437576293945
4101344,5.940366744995117
4102528,6.133333206176758
4103088,6.361607074737549
4104208,6.343612194061279
4106768,6.200873374938965
4107024,6.316964149475098
4111296,6.447963714599609
4111632,6.1187214851379395
4113648,6.2272725105285645
4116672,6.205357074737549
4117472,6.1777777671813965
4117552,5.7373270988464355
4119152,6.04938268661499
4122288,6.018099784851074
4124704,6.205357074737549
4125520,6.113636493682861
4126032,6.255707740783691
4127600,6.08695650100708
4128864,6.199095249176025
4129408,6.2272725105285645
4129552,6.050228118896484
4129968,5.950226306915283
4131024,6.181818008422852
4131072,6.194690227508545
4131472,6.204545497894287
4132576,6.232227325439453
4132992,5.829596519470215
4133488,6.369863033294678
4140080,6.232876777648926
4141632,6.328828811645508
4142992,5.878378391265869
4143568,6.198156833648682
4145552,6.232558250427246
4146064,6.187214374542236
4147760,6.106194496154785
4149024,6.296296119689941
4150320,6.04072380065918
4154160,6.2276787757873535
4154880,6.111111164093018
4154912,6.590909004211426
4155984,6.139534950256348
4157680,6.059907913208008
4157680,6.347032070159912
4158144,6.412036895751953
4161200,6.164383411407471
4161760,6.02222204208374
4161984,6.090909004211426
4162000,6.126126289367676
4164064,6.098654747009277
4168368,5.955555438995361
4171120,6.050228118896484
4171808,6.294642925262451
4172048,6.200873374938965
4172144,6.300448417663574
4172656,6.50684928894043
4174000,5.982142925262451
4174320,6.4285712242126465
4175072,6.164383411407471
4177616,6.355555534362793
4178240,5.9276018142700195
4178256,6.100917339324951
4178784,6.160714149475098
4180224,5.344827651977539
4181824,6.238738536834717
4181872,6.073619842529297
4182416,6.030701637268066
4183840,6.266666889190674
4184800,6.233183860778809
4184848,6.216814041137695
4185008,6.128318786621094
4185408,6.045454502105713
4186192,6.060606002807617
4188368,5.945945739746094
4188400,6.085972785949707
4189472,5.950226306915283
4193552,6.073619842529297
4195152,6.392693996429443
4199168,6.3122172355651855
4199680,6.44444465637207
4200560,5.9259257316589355
4202688,6.25550651550293
4202784,6.126126289367676
4203728,6.134259223937988
4204128,5.96846866607666
4206192,5.867579936981201
4207632,5.894495487213135
4209680,6.290322780609131
4209936,6.199095249176025
4210624,5.898617744445801
4212368,5.900900840759277
4213136,5.97560977935791
4213216,6.181818008422852
4213600,6.088889122009277
4213824,6.058558464050293
4216784,6.0572686195373535
4218944,6.199999809265137
4219056,5.8715596199035645
4219888,6.0
4220432,5.903083801269531
4221088,6.183035850524902
4222080,5.4285712242126465
4223520,5.714285850524902
4224016,5.941704273223877
4225664,5.964125633239746
4227024,6.09375
4227936,6.0
4228704,5.844444274902344
4228848,6.076233386993408
4231168,5.878378391265869
4231632,5.707762718200684
4235184,5.791855335235596
4236032,6.013513565063477
4236576,5.733944892883301
4239056,5.837103843688965
4239728,6.081080913543701
4240160,5.8968610763549805
4241136,5.837103843688965
4242416,5.956937789916992
4243088,5.882352828979492
4243456,5.9817352294921875
4243872,5.986238479614258
4243904,5.9633026123046875
4245568,6.008968830108643
4246624,5.791855335235596
4248112,6.073059558868408
4250096,5.902777671813965
4250448,6.181818008422852
4250656,5.9234232902526855
4251024,5.866666793823242
4251136,5.714285850524902
4253040,5.707762718200684
4253968,5.913241863250732
4254080,6.060606002807617
4254160,5.733944892883301
4254528,6.0
4254672,5.913241863250732
4255232,5.855855941772461
4255328,5.848214149475098
4257424,5.950226306915283
4258080,5.904977321624756
4260128,6.013513565063477
4261312,6.076233386993408
4261808,6.018099784851074
4263264,5.897435665130615
4264800,5.837103843688965
4265888,5.9817352294921875
4269488,5.848214149475098
4270368,6.073059558868408
4270944,5.875576019287109
4271584,6.044444561004639
4271984,5.989583492279053
4272176,5.833333492279053
4272560,5.958904266357422
4275312,6.1160712242126465
4275504,5.78125
4276128,6.171171188354492
4277152,5.964125633239746
4281248,5.8715596199035645
4283968,6.066666603088379
4284016,5.989847660064697
4286320,6.206896781921387
4287648,5.972850799560547
4288576,6.0714287757873535
4289264,6.088889122009277
4291040,6.1936936378479
4291072,5.9276018142700195
4293168,6.088889122009277
4294224,5.940366744995117
4297936,6.103896141052246
4298032,5.666666507720947
4298560,6.066666603088379
4303152,6.044444561004639
4304416,6.053811550140381
4306112,5.863636493682861
4307312,5.878378391265869
4307584,5.904977321624756
4307632,5.958904266357422
4307888,5.967741966247559
4308080,6.203703880310059
4308720,5.599078178405762
4309728,6.3839287757873535
4309872,5.948276042938232
4311472,6.0227274894714355
4312208,6.0625
4312240,6.369863033294678
4312288,6.08433723449707
4312784,6.081080913543701
4314304,6.153846263885498
4314560,6.199095249176025
4315024,6.199095249176025
4316768,5.9817352294921875
4317040,6.299559593200684
4318576,5.904977321624756
4319504,5.911949634552002
4319904,5.925110340118408
4320016,6.189427375793457
4320448,5.802752494812012
4321680,6.063348293304443
4321840,5.900900840759277
4323120,6.277533054351807
4323872,5.938967227935791
4325632,6.160714149475098
4325744,6.121212005615234
4326432,6.5158371925354
4326864,6.301369667053223
4328016,6.09929084777832
4328976,6.02222204208374
4329200,6.172839641571045
4329216,5.874439239501953
4329984,5.837103843688965
4330432,6.328828811645508
4332192,6.106194496154785
4333680,6.283185958862305
4335120,5.760000228881836
4335168,5.986546993255615
4336336,5.8035712242126465
4343024,5.945945739746094
4343840,6.171171188354492
4346704,6.289592742919922
4349216,5.7727274894714355
4353232,5.829596519470215
4353856,6.100917339324951
4354624,6.288888931274414
4355328,5.947136402130127
4356512,5.869565010070801
4357312,6.105990886688232
4357344,5.9234232902526855
4357904,5.848214149475098
4358016,6.107784271240234
4361168,5.917431354522705
4361488,5.9259257316589355
4364416,6.3063063621521
4367888,6.064815044403076
4368176,6.294642925262451
4368480,5.931818008422852
4369376,6.290322780609131
4371744,6.351351261138916
4372080,6.077981472015381
4375040,5.9598212242126465
4375264,6.292372703552246
4378000,5.950226306915283
4379008,6.044444561004639
4379168,6.18055534362793
4380352,6.1936936378479
4381376,6.462882041931152
4381472,6.073059558868408
4382544,6.053811550140381
4383296,6.358381271362305
4383664,6.199095249176025
4385040,6.293859481811523
4386512,6.113537311553955
4386912,6.133333206176758
4389616,6.018518447875977
4391024,6.051502227783203
4392512,6.415524959564209
4392976,5.981308460235596
4394112,6.039823055267334
4395744,6.25
4396112,6.1160712242126465
4396384,6.199999809265137
4397920,6.143497943878174
4401936,6.162280559539795
4403152,6.2443437576293945
4403984,6.5625
4408000,6.045454502105713
4408704,6.133333206176758
4409056,6.2107625007629395
4410016,6.068181991577148
4410096,5.995575428009033
4411712,5.995370388031006
4413568,6.131221771240234
4413664,6.418919086456299
4414896,5.964125633239746
4415072,6.143497943878174
4415712,5.7727274894714355
4415872,6.330275058746338
4417216,6.453744411468506
4417632,6.081080913543701
4418176,6.08695650100708
4420832,6.216216087341309
4423056,5.833333492279053
4424352,5.950226306915283
4424352,5.890410900115967
4424896,5.947136402130127
4425648,6.666666507720947
4428304,6.181818008422852
4428928,5.733333110809326
4431280,6.074766159057617
4431808,6.288888931274414
4432544,5.9234232902526855
4432864,6.1210761070251465
4433616,6.106194496154785
4435024,6.294642925262451
4435168,6.073059558868408
4435312,6.238532066345215
4435680,6.013216018676758
4435792,6.045454502105713
4436368,6.238532066345215
4437152,6.454545497894287
4437856,5.9772725105285645
4438816,6.145374298095703
4438896,6.2107625007629395
4438960,6.211180210113525
4439264,6.502242088317871
4439680,6.1210761070251465
4440784,5.840707778930664
4441408,6.470588207244873
4442096,6.084070682525635
4442464,5.969162940979004
4442544,6.0572686195373535
4443232,6.2443437576293945
4445984,6.087963104248047
4446384,5.7762556076049805
4446400,6.013513565063477
4449680,6.415929317474365
4450544,6.289592742919922
4450832,5.9772725105285645
4451376,6.460176944732666
4453264,5.995370388031006
4453280,6.077981472015381
4453280,6.25
4453872,6.2727274894714355
4456816,6.031390190124512
4457456,6.053811550140381
4457696,6.334841728210449
4460256,5.733944892883301
4460464,6.04072380065918
4460656,6.055276393890381
4463008,6.172839641571045
4466288,5.990991115570068
4467552,5.990991115570068
4467984,5.779816627502441
4469456,6.2844038009643555
4469824,6.363636493682861
4470176,6.036036014556885
4472064,6.590909004211426
4473696,6.095890522003174
4474080,5.964125633239746
4474384,6.318181991577148
4474672,6.283783912658691
4474864,6.44444465637207
4475584,5.886363506317139
4475824,6.289592742919922
4475888,6.076233386993408
4476624,6.244444370269775
4477696,6.255707740783691
4478416,6.221719264984131
4479120,6.0714287757873535
4481152,5.8447489738464355
4481184,6.3364057540893555
4482736,6.044444561004639
4484672,5.990783214569092
4484784,6.150442600250244
4485232,6.295454502105713
4488272,6.311110973358154
4489904,6.216814041137695
4493552,6.621621608734131
4494896,5.7589287757873535
4495264,5.96846866607666
4495424,5.746606349945068
4496048,5.931818008422852
4496048,5.941704273223877
4497136,6.113537311553955
4498192,6.101321697235107
4498400,6.238532066345215
4498848,6.3839287757873535
4500832,6.066666603088379
4501184,6.222222328186035
4501248,6.495326995849609
4502176,5.950920104980469
4502384,6.554054260253906
4502560,6.085972785949707
4504528,6.153846263885498
4505088,6.3063063621521
4507280,6.126126289367676
4507920,6.359649181365967
4508000,6.25
4510432,6.447963714599609
4511424,6.307339668273926
4512768,6.461187362670898
4514016,6.2107625007629395
4515392,6.2443437576293945
4516336,6.103603839874268
4517664,6.1725664138793945
4517840,6.3122172355651855
4518560,6.171171188354492
4518736,6.25
4520240,6.390134334564209
4520464,5.990783214569092
4522304,5.878378391265869
4522384,6.183035850524902
4523552,6.153846263885498
4523808,6.1936936378479
4525184,6.188340663909912
4528192,6.575342655181885
4529376,6.188340663909912
4529952,6.25
4531248,6.473214149475098
4531808,6.232876777648926
4533376,6.153846263885498
4533504,6.266968250274658
4535280,6.55555534362793
4535856,6.216814041137695
4536880,6.261467933654785
4538320,6.1936936378479
4541584,5.969162940979004
4541696,6.373873710632324
4542096,6.438356399536133
4543552,6.165919303894043
4543888,6.205357074737549
4545136,6.40625
4546432,6.363636493682861
4546656,6.4410481452941895
4547536,6.365638732910156
4548704,6.238738536834717
4548880,6.126126289367676
4552128,6.146789073944092
4554560,6.418919086456299
4557712,6.244444370269775
4558224,6.184210300445557
4560656,5.964125633239746
4560768,5.894495487213135
4563040,6.143497943878174
4564096,6.026785850524902
4566176,5.7762556076049805
4567600,6.128318786621094
4567888,5.8715596199035645
4568480,5.862832069396973
4569696,6.184210300445557
4571168,5.7762556076049805
4573520,6.066666603088379
4574224,6.216216087341309
4576976,6.0
4578576,6.2107625007629395
4579232,6.357466220855713
4579328,5.96846866607666
4586064,5.904977321624756
4586416,6.176470756530762
4587264,6.04072380065918
4588976,6.390134334564209
4589616,6.153846263885498
4594000,6.261467933654785
4595856,6.1160712242126465
4596752,6.136363506317139
4598256,6.171171188354492
4599296,5.7710280418396
4599568,6.081080913543701
4600704,6.013513565063477
4601792,5.701357364654541
4602688,6.294642925262451
4602992,5.959596157073975
4604448,6.222222328186035
4605152,6.171171188354492
4605728,5.940366744995117
4607552,6.2443437576293945
4609952,5.990783214569092
4610128,6.2107625007629395
4611152,1.0
4611360,5.900900840759277
4611488,5.9234232902526855
4611504,6.196319103240967
4611552,6.2107625007629395
4611872,6.40625
4614736,6.345291614532471
4615120,6.577777862548828
4618496,6.129032135009766
4618736,5.941704273223877
4620672,6.0714287757873535
4620816,6.305309772491455
4621872,5.899122714996338
4622144,5.972222328186035
4623552,5.950920104980469
4624800,6.16525411605835
4625024,6.2443437576293945
4625392,5.936072826385498
4626864,5.753424644470215
4627056,6.169724941253662
4627360,5.849056720733643
4629184,5.900900840759277
4630896,6.136363506317139
4633152,6.278027057647705
4633296,6.25
4635616,6.2727274894714355
4636112,5.888888835906982
4639568,5.818181991577148
4643552,5.9375
4644864,5.811403274536133
4646032,5.982142925262451
4646992,5.730088710784912
4647136,6.278027057647705
4647456,5.947136402130127
4649472,6.013216018676758
4650048,6.111111164093018
4650848,5.758293628692627
4652304,6.045454502105713
4652368,6.143497943878174
4653168,5.91928243637085
4653488,5.967741966247559
4657008,6.164383411407471
4659472,6.216814041137695
4660080,6.0
4661328,6.205357074737549
4661392,5.7727274894714355
4661552,6.018099784851074
4663728,6.076233386993408
4664064,5.717592716217041
4665040,5.7373270988464355
4665184,6.25
4666336,5.833333492279053
4666848,5.723684310913086
4667072,5.902777671813965
4668416,5.900900840759277
4669552,6.211453914642334
4670272,5.792683124542236
4670448,5.9598212242126465
4670816,5.825892925262451
4671984,5.54054069519043
4672560,6.0638298988342285
4674208,5.913241863250732
4674352,5.795454502105713
4675168,5.945945739746094
4676016,5.909090995788574
4676064,5.730593681335449
4676752,5.986842155456543
4676944,5.791855335235596
4679520,5.986238479614258
4680704,6.088889122009277
4680912,5.753424644470215
4681440,5.972850799560547
4686000,6.018099784851074
4686720,5.825892925262451
4688288,5.743243217468262
4689536,5.590909004211426
4689568,5.8071746826171875
4689712,5.342465877532959
4689776,6.316964149475098
4690192,6.1777777671813965
4691424,6.035242080688477
4691696,5.8035712242126465
4691824,5.636363506317139
4693104,5.990991115570068
4693152,5.560538291931152
4693744,5.904977321624756
4694944,6.1187214851379395
4700400,6.050228118896484
4700464,6.300448417663574
4701408,6.0
4702640,5.68807315826416
4702688,6.103603839874268
4702720,6.199999809265137
4703856,6.039823055267334
4706128,6.152073860168457
4706256,5.662100315093994
4706304,6.1210761070251465
4706368,5.96069860458374
4708528,5.796460151672363
4709504,5.837103843688965
4711936,6.233183860778809
4713104,5.870535850524902
4713264,5.8071746826171875
4713440,5.904977321624756
4716272,6.0792951583862305
4717056,5.8071746826171875
4717760,5.514018535614014
4718352,5.864197731018066
4719824,6.108597278594971
4720672,6.266666889190674
4722000,5.931818008422852
4722528,6.222222328186035
4722656,6.238738536834717
4724208,6.0
4725504,6.363636493682861
4727232,6.399082660675049
4728528,6.2723212242126465
4728768,6.090909004211426
4729488,6.004566192626953
4729808,5.8108110427856445
4730048,6.340909004211426
4732144,6.088889122009277
4733648,5.990991115570068
4734272,6.069869041442871
4736000,5.958904266357422
4736176,5.867579936981201
4738192,6.143497943878174
4740704,6.135371208190918
4741392,5.878378391265869
4744352,6.5418500900268555
4746560,6.0714287757873535
4746672,6.493212699890137
4747440,6.256684303283691
4747728,6.493212699890137
4751600,6.188340663909912
4753440,6.2155961990356445
4753776,5.9234232902526855
4753872,6.050228118896484
4754864,6.1160712242126465
4755152,5.882352828979492
4757296,6.073059558868408
4760512,6.390134334564209
4760976,6.183035850524902
4760992,6.5333333015441895
4761024,6.126126289367676
4762192,5.917431354522705
4764720,6.120689868927002
4765600,6.049107074737549
4766816,6.3242011070251465
4768736,6.101321697235107
4769856,6.459627151489258
4772720,6.081080913543701
4774592,5.986238479614258
4775152,6.184210300445557
4775728,5.944700241088867
4777504,6.098654747009277
4778096,6.307339668273926
4782800,5.829596519470215
4783376,6.077981472015381
4784160,6.160714149475098
4785504,6.061946868896484
4785744,6.165919303894043
4786304,6.330275058746338
4786480,6.004464149475098
4788480,5.863636493682861
4788752,6.140350818634033
4792048,6.126126289367676
4792816,6.140350818634033
4792944,5.925110340118408
4796336,5.867579936981201
4798864,5.995575428009033
4800096,5.990991115570068
4800752,6.181818008422852
4800912,5.852534770965576
4802160,6.053811550140381
4802864,6.204545497894287
4803008,6.25
4803648,6.108597278594971
4804560,6.233479976654053
4805248,6.2443437576293945
4805984,6.418919086456299
4808032,5.945945739746094
4808768,6.004566192626953
4809872,5.9817352294921875
4810688,6.300448417663574
4810816,6.073059558868408
4812896,6.1160712242126465
4813088,5.825687885284424
4814880,5.9598212242126465
4816448,5.950226306915283
4818256,5.987654209136963
4818880,6.032110214233398
4820000,6.018099784851074
4820752,6.204545497894287
4821424,6.126126289367676
4821440,5.940366744995117
4822000,6.081080913543701
4822224,6.25
4822400,5.890410900115967
4822432,6.409090995788574
4823760,5.936072826385498
4824448,6.469298362731934
4825040,6.09375
4825888,6.418604850769043
4826528,5.982142925262451
4828512,6.018518447875977
4830448,5.75
4831136,6.108597278594971
4831328,6.216216087341309
4831568,6.090909004211426
4832096,6.165919303894043
4832160,6.035242080688477
4832816,6.21004581451416
4834624,6.064815044403076
4835664,5.825687885284424
4838112,5.78341007232666
4840256,5.7727274894714355
4840432,6.0
4840960,6.09375
4841872,5.950226306915283
4841968,6.073059558868408
4842832,5.964125633239746
4844000,5.965665340423584
4844048,5.91928243637085
4845984,5.9151787757873535
4847632,6.061946868896484
4847968,5.955555438995361
4849232,6.038960933685303
4849824,4.912280559539795
4849968,5.888888835906982
4850448,5.818181991577148
4851168,6.159090995788574
4852944,5.822510719299316
4853376,6.153846263885498
4853552,5.852017879486084
4854784,5.986546993255615
4855856,5.844444274902344
4856512,5.990991115570068
4856928,5.769230842590332
4859424,5.855855941772461
4860096,6.053811550140381
4864288,5.762331962585449
4865280,6.050228118896484
4869744,5.903083801269531
4870000,5.681818008422852
4870432,5.663716793060303
4872784,5.969162940979004
4873312,5.954545497894287
4873984,5.882352828979492
4875088,5.964125633239746
4875568,5.662100315093994
4875920,5.898617744445801
4875952,6.0217390060424805
4876480,5.82608699798584
4876880,5.900900840759277
4878016,6.018099784851074
4878416,5.840707778930664
4879488,5.96846866607666
4879984,5.779816627502441
4880720,5.651162624359131
4881088,6.176470756530762
4881472,4.576271057128906
4883200,5.91304349899292
4884096,5.818181991577148
4885296,5.678732872009277
4885984,6.082949161529541
4889296,6.013216018676758
4890336,6.066666603088379
4891456,6.3063063621521
4891888,6.183035850524902
4892080,6.190476417541504
4892896,5.892857074737549
4893296,6.013824939727783
4894848,6.052631378173828
4895456,5.855855941772461
4895632,6.018099784851074
4896784,5.852534770965576
4899056,6.160714149475098
4899184,5.9276018142700195
4901088,6.02222204208374
4902352,6.0217390060424805
4902528,5.944700241088867
4903216,5.605381011962891
4903600,6.053811550140381
4904400,6.113636493682861
4904704,6.013216018676758
4905872,6.363636493682861
4907536,5.8597283363342285
4907968,5.900900840759277
4908224,5.9598212242126465
4908288,6.1210761070251465
4909232,6.126126289367676
4913408,6.045454502105713
4914192,5.941704273223877
4915344,5.940366744995117
4916016,6.235294342041016
4916336,5.805687427520752
4916704,5.760368824005127
4916864,5.972850799560547
4917008,6.09375
4918944,5.844444274902344
4920656,6.101321697235107
4921344,6.063348293304443
4921712,5.8715596199035645
4923104,6.036036014556885
4923136,5.848214149475098
4928880,5.892857074737549
4929184,6.08695650100708
4932048,5.9151787757873535
4934576,5.892857074737549
4934624,6.261062145233154
4934928,6.008771896362305
4936784,6.077981472015381
4936928,5.800000190734863
4938224,6.073619842529297
4940080,5.862832069396973
4940304,5.9210524559021
4940400,6.0
4940416,5.878378391265869
4941712,5.898617744445801
4941776,5.863636493682861
4942512,6.0
4943024,5.656108379364014
4943344,6.333333492279053
4943648,5.653152942657471
4943952,5.659090995788574
4944016,6.02222204208374
4944032,5.882352828979492
4944624,6.008968830108643
4945296,5.9954752922058105
4945584,5.814978122711182
4946112,6.049107074737549
4946672,5.638766288757324
4947568,5.9772725105285645
4947600,5.672645568847656
4947920,5.8597283363342285
4949200,5.8222222328186035
4950496,5.97560977935791
4951184,5.852017879486084
4952544,5.851528167724609
4952624,5.837103843688965
4956000,6.0
4956240,5.97777795791626
4956720,5.792683124542236
4958320,6.176470756530762
4959568,5.698198318481445
4960288,6.126126289367676
4963232,5.799086570739746
4963568,6.2107625007629395
4970112,5.9151787757873535
4971920,6.108597278594971
4973376,5.945945739746094
4974304,5.9633026123046875
4979536,5.788288116455078
4979744,5.675675868988037
4980896,6.026785850524902
4981360,5.990783214569092
4983248,5.8715596199035645
4984096,5.874439239501953
4984736,5.756880760192871
4986624,6.027397155761719
4987184,5.844444274902344
4987728,6.106194496154785
4988064,5.911110877990723
4988144,5.884955883026123
4988288,5.791855335235596
4992016,5.802752494812012
4994240,6.194690227508545
4996208,5.650224208831787
4996624,5.9259257316589355
5001168,5.833333492279053
5001392,5.904977321624756
5001712,6.095890522003174
5001792,5.945945739746094
5002016,5.76576566696167
5004832,5.78341007232666
5005296,5.695067405700684
5005712,5.75
5006000,5.930232524871826
5006576,5.746606349945068
5011184,5.769230842590332
5012032,5.852017879486084
5012448,6.133333206176758
5012576,6.105990886688232
5013424,5.886363506317139
5014688,5.825687885284424
5015552,5.633484363555908
5015568,5.863636493682861
5015840,5.740740776062012
5016176,5.653152942657471
5016304,5.8071746826171875
5016720,5.8222222328186035
5016832,5.807860374450684
5019712,5.814479827880859
5019936,5.663716793060303
5019968,5.619469165802002
5021136,5.662100315093994
5023072,5.903083801269531
5023616,5.903083801269531
5026208,5.898617744445801
5027312,6.043478488922119
5028352,5.802752494812012
5029088,5.8597283363342285
5030928,5.711111068725586
5031408,5.903083801269531
5033248,5.931818008422852
5033472,5.955555438995361
5038160,5.909090995788574
5039088,5.931818008422852
5040656,5.8222222328186035
5044304,5.6167402267456055
5044448,5.739910125732422
5044656,6.004464149475098
5044656,5.9151787757873535
5045088,5.625
5046512,6.088889122009277
5048544,6.0
5050272,6.039823055267334
5051648,5.9429826736450195
5053456,5.96846866607666
5055056,5.7589287757873535
5055184,5.818181991577148
5055632,6.082949161529541
5058576,5.791855335235596
5059056,5.8071746826171875
5059600,5.898617744445801
5062096,6.203703880310059
5062368,5.8597283363342285
5063360,5.825687885284424
5066016,5.848623752593994
5066576,5.964912414550781
5072112,5.32608699798584
5073312,5.7727274894714355
5073936,5.881057262420654
5076080,5.700934410095215
5079248,5.863636493682861
5081152,5.890410900115967
5081168,5.973451137542725
5081664,5.7936506271362305
5083344,5.629629611968994
5083440,5.590551376342773
5083488,5.9633026123046875
5083952,5.703517436981201
5084320,5.863636493682861
5084432,5.884955883026123
5086352,5.840909004211426
5086768,5.866666793823242
5086848,5.795454502105713
5087984,5.657894611358643
5090368,5.895196437835693
5091136,5.756880760192871
5091552,5.9598212242126465
5093856,5.944700241088867
5093936,5.8222222328186035
5094032,5.6392693519592285
5094528,6.0792951583862305
5097120,5.904977321624756
5097632,6.131221771240234
5097712,6.036866188049316
5099024,6.02222204208374
5100672,5.886363506317139
5104208,5.911110877990723
5104656,5.972850799560547
5109264,5.878378391265869
5109680,5.9954752922058105
5111808,5.800000190734863
5112048,6.017315864562988
5113248,5.679999828338623
5113264,5.964125633239746
5113856,5.825892925262451
5115360,5.8597283363342285
5116752,6.261467933654785
5116800,5.954545497894287
5118464,5.8296942710876465
5119536,5.9633026123046875
5120256,6.169724941253662
5120400,5.9375
5121088,5.973451137542725
5121328,6.041666507720947
5121760,5.825892925262451
5122528,5.829596519470215
5123136,5.9151787757873535
5123632,6.035242080688477
5124592,6.085972785949707
5124864,6.25
5126032,6.153846263885498
5127488,5.848214149475098
5127632,5.930232524871826
5131152,5.945945739746094
5131504,5.8035712242126465
5131664,5.875576019287109
5132368,5.642201900482178
5135120,5.492957592010498
5135216,6.108597278594971
5136656,5.940366744995117
5138240,5.669642925262451
5138352,5.8597283363342285
5141952,6.138392925262451
5144304,6.063348293304443
5145808,6.111111164093018
5147248,6.0714287757873535
5149040,5.668202877044678
5151696,5.67756986618042
5153104,5.8108110427856445
5154880,6.013824939727783
5155168,5.787036895751953
5155872,6.082949161529541
5156112,5.568181991577148
5156368,5.890410900115967
5157712,5.904977321624756
5158064,6.21004581451416
5158416,5.681818008422852
5159984,5.933333396911621
5160512,5.736607074737549
5160864,5.879629611968994
5161280,5.833333492279053
5162080,5.890410900115967
5165664,5.852017879486084
5167760,5.88744592666626
5167968,6.0
5170048,5.953488349914551
5170768,5.941704273223877
5171344,5.990783214569092
5173120,5.701357364654541
5173440,5.762331962585449
5176976,5.863636493682861
5177728,5.791855335235596
5180768,5.642201900482178
5182384,6.090909004211426
5183280,6.073059558868408
5184304,6.088889122009277
5184816,5.8108110427856445
5185392,5.955555438995361
5185536,5.9772725105285645
5185664,6.333333492279053
5186672,5.76576566696167
5187856,6.418919086456299
5188576,5.6473212242126465
5189008,6.044444561004639
5190208,5.9375
5192576,6.036036014556885
5193216,5.7079644203186035
5194768,5.954545497894287
5197328,6.068181991577148
5197712,6.085972785949707
5199136,5.900900840759277
5200912,6.009174346923828
5202832,5.863636493682861
5203216,5.9954752922058105
5204816,5.756880760192871
5206096,6.169724941253662
5208960,5.769230842590332
5209648,5.882352828979492
5210000,6.073059558868408
5210416,5.9151787757873535
5210496,6.026785850524902
5212400,5.825687885284424
5214032,6.155555725097656
5215104,5.855855941772461
5216128,6.261261463165283
5216976,6.0
5217744,6.038960933685303
5219744,6.111111164093018
5222240,5.829596519470215
5223312,6.187214374542236
5225344,5.846153736114502
5225680,5.864486217498779
5226016,5.986546993255615
5226384,6.045454502105713
5226592,6.2107625007629395
5226768,6.090909004211426
5227264,3.04347825050354
5228192,5.917431354522705
5228656,5.982532978057861
5228720,6.053811550140381
5230320,5.9276018142700195
5234144,6.066666603088379
5234912,6.018099784851074
5235728,6.081080913543701
5237120,5.96069860458374
5237904,6.018099784851074
5238096,6.095890522003174
5238544,4.91525411605835
5239504,5.8385090827941895
5239968,5.990991115570068
5240240,6.402714729309082
5240880,5.945945739746094
5241424,6.164383411407471
5243904,6.425438404083252
5244176,5.950226306915283
5245104,6.305309772491455
5245456,5.86776876449585
5245584,6.013216018676758
5246400,6.289592742919922
5247744,6.081080913543701
5248304,6.451612949371338
5252640,6.108597278594971
5253632,5.8447489738464355
5255168,6.288888931274414
5258512,6.0227274894714355
5258560,5.9633026123046875
5260128,6.153846263885498
5262288,6.04072380065918
5263328,5.799086570739746
5264272,6.032110214233398
5265312,5.8108110427856445
5266880,6.044444561004639
5268656,5.82191801071167
5268848,6.090909004211426
5270464,6.0714287757873535
5270624,6.018518447875977
5272160,6.1238532066345215
5272384,6.181818008422852
5272496,6.255707740783691
5273680,5.936072826385498
5274048,6.216216087341309
5274048,6.255605220794678
5278512,6.143497943878174
5279264,6.025000095367432
5281088,5.936072826385498
5281920,6.2727274894714355
5282752,5.898617744445801
5283072,6.141552448272705
5283152,6.203703880310059
5284208,5.814978122711182
5285088,5.955555438995361
5286688,5.955555438995361
5289952,6.085972785949707
5290704,6.1210761070251465
5292688,5.753424644470215
5294752,6.037735939025879
5296048,5.936072826385498
5296240,5.535714149475098
5296320,5.973451137542725
5296944,5.954545497894287
5298624,5.766870975494385
5299456,6.008771896362305
5300480,5.941704273223877
5304416,5.65217399597168
5304976,6.039823055267334
5305024,5.68493127822876
5305136,5.829493045806885
5307904,5.711111068725586
5307968,6.131221771240234
5308592,5.733333110809326
5310416,6.130434989929199
5311296,5.185184955596924
5311440,5.840909004211426
5313472,5.848214149475098
5318576,5.904977321624756
5319232,6.088889122009277
5320320,5.263157844543457
5320976,5.825687885284424
5321104,5.991189479827881
5321904,5.973451137542725
5323360,5.840909004211426
5324624,5.82191801071167
5328128,6.053811550140381
5329056,6.138392925262451
5329344,5.941704273223877
5329792,5.940366744995117
5329888,5.733333110809326
5331696,5.8035712242126465
5332016,5.982142925262451
5333088,5.990991115570068
5333376,6.076233386993408
5333936,5.829596519470215
5334160,5.964125633239746
5335120,5.733944892883301
5335328,6.283185958862305
5336880,5.940366744995117
5337264,5.730088710784912
5337552,5.955555438995361
5338928,5.78125
5339344,5.947368621826172
5339936,5.982142925262451
5340480,6.183035850524902
5344416,6.066666603088379
5347808,6.261261463165283
5349424,5.777777671813965
5351088,6.068181991577148
5351104,6.009174346923828
5353328,6.081080913543701
5354656,6.008968830108643
5355424,6.473214149475098
5356576,5.9772725105285645
5356864,6.2727274894714355
5358320,5.862832069396973
5358816,6.098654747009277
5360048,5.9259257316589355
5360160,5.9954752922058105
5360464,6.25
5360736,6.004673004150391
5362912,6.045454502105713
5363728,5.96846866607666
5364272,6.363636493682861
5366480,6.126126289367676
5367312,6.2107625007629395
5367536,5.608108043670654
5367616,5.905511856079102
5368480,5.9788360595703125
5371008,6.033755302429199
5371536,6.155555725097656
5372032,5.701357364654541
5372992,6.135371208190918
5373680,6.0714287757873535
5373904,6.063348293304443
5376128,6.105990886688232
5376816,6.40969181060791
5377520,6.088889122009277
5378384,5.642857074737549
5383504,6.053811550140381
5383840,5.945945739746094
5385536,6.088889122009277
5390864,6.17511510848999
5391200,6.169724941253662
5392640,5.884955883026123
5394480,6.4666666984558105
5396176,6.044444561004639
5396272,6.666666507720947
5396496,6.244444370269775
5396816,6.081080913543701
5396944,6.098654747009277
5398000,6.004566192626953
5400992,5.784753322601318
5401552,5.950226306915283
5401888,6.126126289367676
5402288,6.363636493682861
5404208,5.913241863250732
5405840,5.8597283363342285
5406864,5.933333396911621
5407104,5.8597283363342285
5407536,6.146789073944092
5407696,6.1777777671813965
5408128,6.148648738861084
5410384,5.840707778930664
5410688,5.762331962585449
5412976,6.205357074737549
5414432,6.058558464050293
5415920,5.9598212242126465
5416128,5.405405521392822
5417760,5.982142925262451
5417808,5.837103843688965
5424192,5.9817352294921875
5424880,6.126126289367676
5426320,5.97777795791626
5427168,6.103603839874268
5427840,6.013216018676758
5428544,6.357466220855713
5428656,6.069869041442871
5430592,5.909090995788574
5432160,5.825687885284424
5435088,6.206140518188477
5435648,5.944700241088867
5436064,6.181818008422852
5436160,5.964912414550781
5436336,6.026785850524902
5437600,5.585585594177246
5437792,6.105990886688232
5438368,5.940366744995117
5440752,5.969387531280518
5442560,5.866666793823242
5442704,6.013513565063477
5445168,5.9817352294921875
5446160,6.026785850524902
5446880,5.829383850097656
5449776,6.058558464050293
5450080,6.053811550140381
5452048,6.045454502105713
5455120,6.106194496154785
5457168,6.188340663909912
5457440,6.106194496154785
5457600,5.982532978057861
5458496,5.8177571296691895
5459248,6.473214149475098
5459920,5.472972869873047
5462080,6.008968830108643
5462800,6.085972785949707
5463664,5.730088710784912
5463984,5.904977321624756
5464704,5.941704273223877
5464832,6.16740083694458
5467040,6.199095249176025
5467344,5.96846866607666
5467808,5.929203510284424
5471344,6.2727274894714355
5473152,5.949999809265137
5475584,5.950226306915283
5477424,5.875576019287109
5478448,6.133333206176758
5478480,5.6306304931640625
5479136,6.063348293304443
5480256,6.045454502105713
5480656,5.866666793823242
5481936,5.958904266357422
5482608,6.357466220855713
5484064,5.9633026123046875
5484352,6.111111164093018
5484576,6.345291614532471
5485504,5.890410900115967
5485584,6.232876777648926
5486224,6.2727274894714355
5487232,6.059907913208008
5487792,5.964125633239746
5489232,5.9598212242126465
5489840,5.955555438995361
5490528,6.199095249176025
5491440,5.954545497894287
5492032,6.105990886688232
5492864,5.982142925262451
5493312,6.134259223937988
5496448,6.238738536834717
5497584,6.103603839874268
5499696,6.2443437576293945
5501216,5.929203510284424
5502192,6.353590965270996
5504656,5.954545497894287
5505232,6.1238532066345215
5506176,6.189427375793457
5506496,6.183035850524902
5506880,6.334841728210449
5508160,6.2272725105285645
5508912,5.986546993255615
5509168,6.077981472015381
5510432,6.085972785949707
5513968,5.9772725105285645
5517152,6.087963104248047
5519552,5.974842548370361
5519680,5.904977321624756
5520480,5.952381134033203
5521120,6.141552448272705
5521152,5.91928243637085
5523072,6.232876777648926
5523136,6.018099784851074
5523296,6.307339668273926
5524848,6.163793087005615
5526080,6.311110973358154
5526384,6.066666603088379
5526848,6.176470756530762
5527696,5.945945739746094
5530384,5.886363506317139
5533824,6.081080913543701
5534016,5.991189479827881
5534544,6.081080913543701
5536944,6.076233386993408
5537104,5.862832069396973
5537456,6.113636493682861
5538368,5.972850799560547
5541184,5.711111068725586
5541888,6.082251071929932
5541920,5.814479827880859
5544032,5.990991115570068
5545440,5.941704273223877
5545936,5.707762718200684
5548064,6.0233917236328125
5548080,5.744185924530029
5548224,6.027397155761719
5548480,5.723981857299805
5548768,6.049107074737549
5552032,6.135371208190918
5552304,6.2272725105285645
5554864,6.013513565063477
5555616,6.008968830108643
5558080,5.855855941772461
5560288,5.954545497894287
5562832,6.194690227508545
5563888,6.026785850524902
5565872,5.856481552124023
5565952,5.976744174957275
5566832,5.837103843688965
5567392,6.1936936378479
5569952,6.036036014556885
5569952,6.165919303894043
5570160,6.050228118896484
5571104,6.233766078948975
5572064,5.939393997192383
5572224,5.8447489738464355
5573712,5.950226306915283
5574800,5.892857074737549
5577248,6.159090995788574
5578336,6.0
5578800,6.1587982177734375
5578992,5.55555534362793
5579216,5.0
5580448,5.940366744995117
5580592,5.739910125732422
5580880,5.698689937591553
5581536,6.058558464050293
5582304,5.825687885284424
5582816,5.91928243637085
5585888,5.874439239501953
5586896,6.01036262512207
5589440,6.085972785949707
5589840,5.55555534362793
5589952,5.82191801071167
5592784,6.004566192626953
5594608,6.004566192626953
5595296,5.9151787757873535
5596592,5.933333396911621
5598432,5.9375
5600848,6.026200771331787
5600896,6.422222137451172
5602208,5.878378391265869
5605904,6.25
5605984,6.153846263885498
5607488,5.9259257316589355
5607616,5.958904266357422
5608032,6.081080913543701
5608256,5.863636493682861
5609072,5.681818008422852
5611776,6.232876777648926
5612688,6.1777777671813965
5612736,6.143497943878174
5613088,6.018099784851074
5614640,5.9772725105285645
5614768,5.991189479827881
5616368,5.848214149475098
5618800,6.082949161529541
5618896,6.228070259094238
5621440,6.187214374542236
5624944,6.018099784851074
5625024,6.053811550140381
5625344,5.9633026123046875
5625488,6.004464149475098
5626000,6.204545497894287
5626688,6.40625
5628608,6.165919303894043
5628720,6.111111164093018
5630624,6.063348293304443
5630912,6.026785850524902
5632144,6.045454502105713
5634128,6.146789073944092
5635904,6.165919303894043
5636000,5.788288116455078
5636336,5.796460151672363
5636736,6.036036014556885
5636800,5.894495487213135
5639840,5.757575988769531
5640944,6.108597278594971
5641840,5.945945739746094
5644496,6.04072380065918
5649568,6.216814041137695
5650144,5.972222328186035
5650496,5.973451137542725
5651616,6.153846263885498
5652160,6.004566192626953
5654080,6.345291614532471
5656288,5.945945739746094
5657344,5.9954752922058105
5657600,5.837103843688965
5657632,5.8715596199035645
5661152,5.8597283363342285
5661152,6.018099784851074
5661168,5.6692914962768555
5661216,5.695067405700684
5661232,6.3274335861206055
5662864,6.018099784851074
5663824,6.036036014556885
5664496,5.929203510284424
5664656,5.894495487213135
5667568,6.0714287757873535
5667824,6.125654220581055
5668112,5.955555438995361
5668256,5.691964149475098
5671328,6.192660331726074
5671824,6.0714287757873535
5671968,5.8370041847229
5671984,6.044444561004639
5672368,5.818583965301514
5673168,5.73913049697876
5675136,6.0714287757873535
5675328,5.890410900115967
5676576,6.036036014556885
5676768,5.7589287757873535
5677488,6.105990886688232
5678896,5.900900840759277
5679872,5.983606338500977
5681760,6.027397155761719
5683904,6.351931095123291
5684272,6.095890522003174
5684640,6.04072380065918
5685984,5.900900840759277
5686032,5.8108110427856445
5686304,5.8125
5687056,6.032110214233398
5688960,6.153846263885498
5689632,5.825892925262451
5689648,6.081080913543701
5691072,5.818181991577148
5691344,6.04072380065918
5691376,6.222222328186035
5693328,6.017699241638184
5694128,5.867579936981201
5695328,5.8968610763549805
5696752,5.707762718200684
5696784,6.0679612159729
5697696,5.967741966247559
5701152,5.9146342277526855
5701232,6.045454502105713
5701296,5.848214149475098
5702336,6.027397155761719
5703344,6.0572686195373535
5703856,5.593607425689697
5704256,6.206896781921387
5705408,6.101321697235107
5708336,6.004566192626953
5710432,5.954545497894287
5710672,5.982142925262451
5711424,5.903083801269531
5713104,6.0
5714496,5.9772725105285645
5714512,5.909090995788574
5714688,6.058558464050293
5715440,5.799086570739746
5715744,6.152073860168457
5716736,6.106194496154785
5716896,6.098654747009277
5718112,6.026785850524902
5718304,5.800000190734863
5720336,5.9598212242126465
5721152,5.862832069396973
5724208,5.776397705078125
5725808,5.825892925262451
5725952,6.074561595916748
5728688,5.7762556076049805
5729488,6.004366874694824
5729664,5.886363506317139
5730368,6.060606002807617
5733088,5.7373270988464355
5733984,5.911110877990723
5736992,5.653152942657471
5738896,5.570776462554932
5740016,5.730593681335449
5743040,5.911110877990723
5744160,5.695067405700684
5744864,5.804347991943359
5745504,5.729166507720947
5745680,5.9146342277526855
5747296,5.882352828979492
5749584,5.878378391265869
5750832,5.704545497894287
5753248,5.955555438995361
5754832,5.837103843688965
5756432,5.9598212242126465
5756560,5.825687885284424
5757200,5.562129974365234
5759728,5.939086437225342
5761440,5.707762718200684
5761552,5.7589287757873535
5761568,5.874439239501953
5762208,5.952381134033203
5762832,5.829596519470215
5763328,5.641025543212891
5764960,5.7762556076049805
5765616,5.755555629730225
5766400,5.788288116455078
5769232,5.711111068725586
5769344,5.707762718200684
5769936,5.740740776062012
5770048,5.454545497894287
5772112,5.681818008422852
5772112,5.672645568847656
5772736,5.9633026123046875
5773536,5.78125
5774112,5.6306304931640625
5774352,5.726872444152832
5775696,5.852017879486084
5775712,5.636363506317139
5777072,6.0227274894714355
5779952,5.917030334472656
5780992,5.743243217468262
5781376,5.5180182456970215
5782880,5.796460151672363
5784560,5.900900840759277
5785216,5.736607074737549
5787120,5.855855941772461
5787392,5.795454502105713
5791376,5.5227274894714355
5791824,5.695652008056641
5792752,5.5847954750061035
5792848,5.7079644203186035
5792992,5.701357364654541
5793584,5.746606349945068
5793696,5.7207207679748535
5794880,5.696969509124756
5797216,5.840707778930664
5798064,5.97777795791626
5798544,6.140350818634033
5798880,5.678732872009277
5799808,5.8071746826171875
5807952,5.802752494812012
5809808,5.870535850524902
5811520,5.833333492279053
5811792,6.055046081542969
5811984,5.852017879486084
5813056,5.8913044929504395
5814208,6.153846263885498
5814816,6.2844038009643555
5815328,5.818181991577148
5817792,5.769230842590332
5820304,6.0775861740112305
5820448,5.890410900115967
5820528,5.886363506317139
5821248,5.7373270988464355
5821456,5.986842155456543
5821728,6.234568119049072
5823152,6.184210300445557
5833792,6.069869041442871
5834080,5.941704273223877
5834464,6.082949161529541
5837168,5.851528167724609
5837392,5.892857074737549
5837632,5.678732872009277
5838000,6.1016950607299805
5841888,5.882352828979492
5843248,5.692640781402588
5844608,5.882352828979492
5846000,5.869565010070801
5847840,5.739910125732422
5848096,5.757575988769531
5848112,5.723981857299805
5848416,5.945945739746094
5850896,5.681818008422852
5851328,6.2672810554504395
5852144,6.081080913543701
5852672,6.02222204208374
5853136,6.085972785949707
5854736,5.900620937347412
5855152,5.990991115570068
5856256,5.964125633239746
5858480,5.825687885284424
5858864,6.076233386993408
5859376,5.888888835906982
5859952,5.5180182456970215
5859984,6.081080913543701
5860912,6.187214374542236
5861648,5.8552632331848145
5862624,5.753424644470215
5863024,6.013216018676758
5863776,5.814479827880859
5865360,5.995575428009033
5865856,5.990991115570068
5866816,5.967741966247559
5867792,5.685840606689453
5868016,5.802752494812012
5868128,6.031390190124512
5869472,5.840909004211426
5870704,5.777777671813965
5871040,5.753424644470215
5871312,6.141552448272705
5871504,5.829493045806885
5873024,5.678732872009277
5874832,5.958904266357422
5875680,5.972850799560547
5876720,5.91928243637085
5876800,5.913241863250732
5877776,6.08695650100708
5878208,6.049107074737549
5880352,6.061946868896484
5881424,5.800000190734863
5881696,5.848214149475098
5883392,5.955555438995361
5883840,6.171171188354492
5885424,5.829596519470215
5887488,6.008968830108643
5889536,5.9954752922058105
5890272,6.205357074737549
5890480,5.945945739746094
5892544,6.255605220794678
5894416,6.111111164093018
5896992,5.972222328186035
5897296,6.121212005615234
5898016,5.7589287757873535
5900048,5.818583965301514
5901680,5.917030334472656
5904208,6.1210761070251465
5904320,5.486725807189941
5905072,5.833333492279053
5906272,5.573394298553467
5906720,5.900900840759277
5910144,5.769230842590332
5910192,5.717592716217041
5911376,6.018099784851074
5911504,5.972850799560547
5917616,5.570776462554932
5917904,6.171171188354492
5918144,5.78125
5918240,5.695067405700684
5918528,5.799086570739746
5919024,5.911110877990723
5921728,5.627802848815918
5922112,5.717488765716553
5922928,5.78125
5923440,5.892857074737549
5923760,5.874439239501953
5924000,5.89595365524292
5924512,5.7727274894714355
5925360,6.04072380065918
5925648,5.704545497894287
5926528,5.8035712242126465
5927600,5.8035712242126465
5928032,5.878378391265869
5928112,5.8035712242126465
5928480,5.78341007232666
5928800,5.990991115570068
5929824,5.837103843688965
5930080,5.972850799560547
5931152,5.744185924530029
5932464,5.795454502105713
5932704,5.9817352294921875
5933392,5.990991115570068
5934352,5.9234232902526855
5934848,5.698689937591553
5935168,5.878378391265869
5936048,5.829596519470215
5936384,5.917030334472656
5936464,6.0
5937744,6.123348236083984
5939584,5.535714149475098
5940928,5.904977321624756
5942352,5.8035712242126465
5943616,5.886363506317139
5946320,6.119402885437012
5948320,5.815450668334961
5948976,5.656108379364014
5949824,5.779816627502441
5950848,5.67685604095459
5951248,6.228070259094238
5951872,5.904977321624756
5954432,5.874439239501953
5955584,5.929203510284424
5956128,5.9234232902526855
5956592,5.791855335235596
5959088,5.791855335235596
5963152,5.760368824005127
5963584,5.892857074737549
5964208,5.7727274894714355
5965088,5.870646953582764
5966272,5.730088710784912
5966736,5.650224208831787
5967632,5.814479827880859
5967872,5.429864406585693
5971328,5.9954752922058105
5972272,5.944206237792969
5972816,5.565610885620117
5974400,5.7207207679748535
5977408,5.795454502105713
5978640,6.047008514404297
5978976,5.818583965301514
5981472,5.662100315093994
5982512,6.012269973754883
5983632,5.982142925262451
5985008,5.833333492279053
5985664,5.573394298553467
5985712,5.760368824005127
5985728,5.829596519470215
5986176,6.205357074737549
5987168,5.863636493682861
5989312,5.8597283363342285
5989632,5.565610885620117
5990032,6.101321697235107
5990752,6.390134334564209
5990896,6.165919303894043
5991328,6.085972785949707
5992928,6.044444561004639
5993120,5.894495487213135
5993248,5.911110877990723
5996416,6.1210761070251465
5998464,5.9276018142700195
5999920,4.761904716491699
5999936,5.894495487213135
6002112,5.743243217468262
6007088,5.8108110427856445
6007104,5.779816627502441
6007872,5.8597283363342285
6011280,5.7079644203186035
6012016,5.967741966247559
6013888,5.833333492279053
6014256,5.941704273223877
6014272,5.867579936981201
6014448,5.969827651977539
6014624,5.878378391265869
6015008,5.7974138259887695
6018000,5.791855335235596
6018032,5.691964149475098
6018960,4.905660152435303
6019216,6.009174346923828
6021376,5.7272725105285645
6022592,5.774336338043213
6024624,5.588235378265381
6025392,5.874439239501953
6025456,5.892857074737549
6028448,5.730593681335449
6029968,5.8733625411987305
6031264,5.814479827880859
6035568,6.129032135009766
6036640,5.878378391265869
6037136,5.633484363555908
6038352,5.730593681335449
6038816,5.779816627502441
6039152,5.8597283363342285
6039424,6.153846263885498
6040272,5.745856285095215
6042464,5.638766288757324
6042640,5.6306304931640625
6043072,5.784753322601318
6046864,5.878378391265869
6047104,5.8071746826171875
6049088,5.730593681335449
6053120,5.848623752593994
6053168,5.535714149475098
6054816,5.511111259460449
6056096,5.569620132446289
6056624,5.5180182456970215
6056752,5.619469165802002
6057600,5.7522125244140625
6057920,5.833333492279053
6059792,6.066666603088379
6060192,5.54054069519043
6060320,5.608108043670654
6062288,5.792951583862305
6062640,5.706521511077881
6063376,5.784753322601318
6063712,5.662100315093994
6065856,5.833333492279053
6066912,5.681818008422852
6067264,5.9954752922058105
6070656,5.9146342277526855
6074064,5.964125633239746
6074688,5.7754011154174805
6074928,5.7727274894714355
6075376,5.795454502105713
6076592,5.882352828979492
6077120,5.746606349945068
6081488,5.852017879486084
6083120,5.7589287757873535
6084576,5.837103843688965
6085072,6.008968830108643
6086672,5.791855335235596
6087456,5.867579936981201
6089456,6.039823055267334
6089984,5.568862438201904
6090976,5.867579936981201
6092224,5.669642925262451
6093408,5.8035712242126465
6096576,6.018099784851074
6097984,5.976190567016602
6099024,6.044444561004639
6100048,5.810184955596924
6100736,5.653152942657471
6100880,5.6306304931640625
6102976,5.599078178405762
6104032,1.3809523582458496
6104416,5.784753322601318
6105616,6.131221771240234
6105648,5.909090995788574
6106624,5.892857074737549
6106720,5.599078178405762
6107600,6.0652174949646
6109104,5.954545497894287
6110048,5.833333492279053
6115072,5.91928243637085
6117296,5.9276018142700195
6119872,5.972850799560547
6120880,5.852017879486084
6120896,6.106194496154785
6122112,5.733944892883301
6122464,5.622119903564453
6122960,5.76576566696167
6126096,5.769230842590332
6126240,5.69767427444458
6126448,5.829493045806885
6127088,5.802469253540039
6128912,5.855855941772461
6129344,5.682819366455078
6129632,6.148648738861084
6129840,5.9598212242126465
6130288,5.879629611968994
6133136,5.596330165863037
6133856,5.878378391265869
6134592,5.590909004211426
6135344,5.714285850524902
6137216,5.958904266357422
6138128,5.7727274894714355
6139984,5.863636493682861
6140496,5.909090995788574
6140704,5.8479533195495605
6141344,5.622222423553467
6144064,5.698198318481445
6144240,5.756880760192871
6144672,5.755555629730225
6144736,5.800000190734863
6147616,5.678732872009277
6148672,6.158536434173584
6150720,5.630841255187988
6151376,5.753424644470215
6151904,5.655021667480469
6152032,5.565610885620117
6153472,5.938864707946777
6153680,5.8597283363342285
6154128,6.042780876159668
6154192,5.509259223937988
6154880,5.486111164093018
6155536,5.691964149475098
6155648,5.933333396911621
6157632,5.550458908081055
6157824,5.4347825050354
6159232,5.695067405700684
6159456,5.688889026641846
6161280,5.6167402267456055
6163968,5.733333110809326
6164480,5.701357364654541
6164864,5.882352828979492
6165616,5.698198318481445
6167312,5.9375
6167904,5.903083801269531
6169072,5.695067405700684
6169888,5.862832069396973
6171824,5.746606349945068
6173200,5.833333492279053
6174544,5.911110877990723
6175088,5.599999904632568
6175760,5.701754570007324
6176224,5.840909004211426
6176800,5.829493045806885
6177040,5.856481552124023
6177104,6.008968830108643
6179744,5.662100315093994
6180608,5.945945739746094
6181184,5.9259257316589355
6183392,5.792683124542236
6184224,5.955555438995361
6184752,5.8108110427856445
6187376,6.0
6187472,5.900900840759277
6187568,5.848214149475098
6188352,6.1160712242126465
6188976,5.8222222328186035
6190128,5.795454502105713
6191392,6.103603839874268
6191712,5.9234232902526855
6193984,5.829493045806885
6197104,6.0
6198544,5.945945739746094
6199088,5.929203510284424
6199680,6.0625
6201856,5.685840606689453
6201936,6.068181991577148
6202320,6.146789073944092
6202752,5.8552632331848145
6203232,5.913241863250732
6204224,5.8385090827941895
6207824,6.031390190124512
6208384,5.982142925262451
6209104,5.954545497894287
6213904,5.814479827880859
6214032,6.103603839874268
6216288,5.844444274902344
6218336,5.9375
6219120,5.585585594177246
6220080,6.085972785949707
6223632,5.723981857299805
6224896,5.811403274536133
6225744,5.881057262420654
6225936,5.792683124542236
6226944,5.691964149475098
6227312,5.573394298553467
6229184,5.9598212242126465
6233088,5.8447489738464355
6235488,5.96846866607666
6235536,5.886363506317139
6237488,5.702479362487793
6237536,5.736433982849121
6237616,6.111111164093018
6239888,5.950226306915283
6240240,5.791855335235596
6241056,5.8447489738464355
6242000,6.050228118896484
6243456,5.900900840759277
6244192,6.098654747009277
6244256,5.777777671813965
6244592,6.068181991577148
6244688,5.863636493682861
6247024,5.900900840759277
6247808,5.972850799560547
6249056,5.96846866607666
6249456,5.657894611358643
6250000,6.004464149475098
6255824,5.931818008422852
6257104,6.026785850524902
6257952,5.784753322601318
6259120,5.876068592071533
6261504,5.936072826385498
6262992,5.890410900115967
6265680,5.9210524559021
6266464,5.882352828979492
6272080,5.944700241088867
6272560,6.153846263885498
6272864,5.9954752922058105
6273616,6.098654747009277
6274032,5.82191801071167
6274992,6.052631378173828
6276432,5.990991115570068
6276528,6.365638732910156
6277504,6.216216087341309
6277648,5.97777795791626
6278144,5.811403274536133
6280992,5.789473533630371
6284592,6.2727274894714355
6288064,6.425339221954346
6290944,6.081080913543701
6291920,6.013513565063477
6292032,6.088889122009277
6292192,5.886363506317139
6292464,6.216216087341309
6292592,6.266666889190674
6294432,6.059907913208008
6295248,6.090909004211426
6295632,6.25
6297840,6.196319103240967
6298784,6.113636493682861
6299152,5.8597283363342285
6300704,6.328828811645508
6301056,6.221198081970215
6301472,6.017699241638184
6305920,6.345291614532471
6306160,6.36771297454834
6306352,6.199999809265137
6306352,5.986842155456543
6307072,6.2107625007629395
6307344,6.705202102661133
6308448,6.108597278594971
6308608,5.951327323913574
6309680,6.159090995788574
6313008,6.063348293304443
6313296,6.0714287757873535
6313568,6.199999809265137
6316848,5.904977321624756
6317424,6.17511510848999
6319088,5.973451137542725
6319216,6.238532066345215
6319440,6.244444370269775
6320944,5.958904266357422
6323856,6.136363506317139
6324032,6.09375
6324256,6.347032070159912
6324896,5.829596519470215
6326400,6.295454502105713
6327632,6.018099784851074
6330096,6.131221771240234
6331280,5.656108379364014
6331376,6.0
6333424,6.0217390060424805
6334656,5.9598212242126465
6334672,5.829596519470215
6335136,6.416184902191162
6335568,5.814479827880859
6335760,5.9598212242126465
6336960,5.75
6338048,5.921658992767334
6338352,5.636363506317139
6338448,6.194690227508545
6340784,6.1936936378479
6341776,6.018099784851074
6341840,5.714285850524902
6342704,5.9598212242126465
6342848,5.837103843688965
6346048,5.625
6347664,5.704545497894287
6349632,5.784753322601318
6349712,5.75
6351312,5.625
6351392,5.799086570739746
6352560,6.013216018676758
6352864,6.063348293304443
6353584,5.895196437835693
6354416,6.11398983001709
6356288,5.958904266357422
6356960,5.739910125732422
6357136,6.239316463470459
6357296,5.769230842590332
6358576,5.986842155456543
6359600,5.78125
6363776,5.945945739746094
6364544,5.950226306915283
6365664,6.09649133682251
6368688,5.848623752593994
6368720,4.918032646179199
6369408,5.733333110809326
6370848,5.7727274894714355
6372720,5.806451797485352
6374928,6.221198081970215
6375808,6.100917339324951
6375840,5.931818008422852
6376224,5.814479827880859
6378432,5.423728942871094
6378544,5.755555629730225
6379536,5.7079644203186035
6379888,5.848214149475098
6381360,5.515695095062256
6381424,6.036036014556885
6382928,5.763888835906982
6383072,5.931818008422852
6383792,5.7272725105285645
6384544,5.909090995788574
6385344,5.995575428009033
6388496,5.9772725105285645
6388672,6.0
6389136,6.008771896362305
6392544,6.153846263885498
6393104,5.350877285003662
6393856,5.878378391265869
6395552,5.625
6395760,6.21004581451416
6396272,6.026785850524902
6396688,6.053811550140381
6397424,5.900900840759277
6397728,5.898617744445801
6399536,5.955555438995361
6400096,6.25
6404576,6.188340663909912
6406992,6.131221771240234
6407152,6.145374298095703
6407216,6.255707740783691
6407264,5.928143501281738
6410208,6.300448417663574
6410784,6.261261463165283
6410848,6.188340663909912
6411712,6.3274335861206055
6412304,6.233183860778809
6413104,6.18055534362793
6413632,6.283783912658691
6413952,6.204545497894287
6414416,6.3063063621521
6417360,6.018099784851074
6417888,5.894495487213135
6418000,6.101321697235107
6418144,5.1724138259887695
6418480,6.013513565063477
6418976,5.973451137542725
6422320,6.076233386993408
6424512,6.045454502105713
6424768,6.159090995788574
6425840,6.095890522003174
6427280,6.058558464050293
6428720,5.9817352294921875
6429408,5.972850799560547
6430800,6.004566192626953
6431712,6.21004581451416
6432112,5.866666793823242
6433104,6.152073860168457
6435248,6.206140518188477
6435808,6.23913049697876
6438816,6.171171188354492
6439376,5.96846866607666
6441616,6.052631378173828
6442912,6.052631378173828
6445552,6.088889122009277
6446512,6.1210761070251465
6446608,6.073059558868408
6447040,6.090909004211426
6448864,5.660792827606201
6450096,5.950226306915283
6454352,6.261261463165283
6456208,5.863636493682861
6457264,6.294642925262451
6459616,5.806451797485352
6459824,6.0
6460592,5.96846866607666
6460992,6.103896141052246
6461104,5.990783214569092
6462048,5.633802890777588
6464688,5.91928243637085
6464752,5.825687885284424
6464800,5.848214149475098
6465056,6.2155961990356445
6465216,5.8222222328186035
6465616,5.855855941772461
6467744,5.870535850524902
6471152,5.829596519470215
6471280,5.795454502105713
6473824,5.787036895751953
6474720,6.058558464050293
6474976,6.036585330963135
6475024,5.972850799560547
6475424,6.176470756530762
6475904,6.013216018676758
6476288,6.013513565063477
6478976,5.950226306915283
6479024,5.982142925262451
6479824,5.909090995788574
6481024,5.852017879486084
6481968,5.878378391265869
6482240,5.818181991577148
6482560,5.874439239501953
6482800,6.138392925262451
6485696,5.954545497894287
6486160,5.848214149475098
6489248,5.746606349945068
6491760,5.888888835906982
6492608,5.730088710784912
6492944,5.867579936981201
6493392,5.627802848815918
6494032,5.878378391265869
6494656,5.7762556076049805
6496144,5.7272725105285645
6497648,5.779816627502441
6499664,5.82191801071167
6501360,5.802752494812012
6502368,5.675675868988037
6502864,5.730088710784912
6503312,5.762331962585449
6504176,5.796460151672363
6504592,5.604395389556885
6504944,5.707762718200684
6506480,5.8222222328186035
6508112,5.753424644470215
6512224,5.672645568847656
6512448,5.691964149475098
6513024,5.705521583557129
6513888,5.701357364654541
6515520,5.936072826385498
6517808,5.9151787757873535
6519232,6.0
6519248,5.96069860458374
6519312,5.917431354522705
6519616,5.76576566696167
6521296,5.552995204925537
6522752,6.050228118896484
6524912,6.244444370269775
6527216,5.840909004211426
6527280,5.821596145629883
6530160,5.907079696655273
6530368,5.733333110809326
6533616,5.762331962585449
6533808,6.299559593200684
6534560,5.682819366455078
6536464,6.049107074737549
6537568,6.189427375793457
6538080,5.799086570739746
6538800,5.9234232902526855
6538864,5.894495487213135
6540464,6.039823055267334
6542384,5.753424644470215
6543328,5.9817352294921875
6543824,5.986546993255615
6544192,5.714285850524902
6547552,5.900900840759277
6548032,5.886363506317139
6548080,5.75
6550512,5.558035850524902
6551616,5.568181991577148
6554016,5.788288116455078
6554256,5.9146342277526855
6554304,5.784753322601318
6556768,5.7727274894714355
6559248,5.691964149475098
6561104,5.740740776062012
6561360,5.856481552124023
6561392,5.529953956604004
6565104,6.133333206176758
6565488,5.698198318481445
6565504,5.900900840759277
6565872,5.989305019378662
6567232,5.796460151672363
6567360,5.931818008422852
6569104,5.825892925262451
6570864,5.619469165802002
6570912,6.018099784851074
6571488,5.44910192489624
6572528,6.232876777648926
6572656,5.791855335235596
6574480,5.8385090827941895
6575312,5.777777671813965
6577984,5.7110090255737305
6578720,6.061946868896484
6579248,6.045454502105713
6581376,5.688889026641846
6581536,5.746606349945068
6581632,5.814479827880859
6582048,5.8035712242126465
6582848,5.9490742683410645
6583232,5.892857074737549
6585232,6.026785850524902
6585856,5.91928243637085
6586448,5.851528167724609
6589840,5.990991115570068
6589968,6.153846263885498
6590352,6.16740083694458
6592336,5.779816627502441
6592640,6.181818008422852
6593392,5.9276018142700195
6595072,5.97560977935791
6600560,5.825892925262451
6600768,6.039823055267334
6602608,5.844444274902344
6603680,5.617283821105957
6603744,5.784753322601318
6605888,6.0714287757873535
6606432,5.681818008422852
6606640,5.8968610763549805
6606832,5.723684310913086
6607248,5.945945739746094
6609056,5.890410900115967
6609104,5.882352828979492
6614720,5.791855335235596
6616592,6.123348236083984
6617152,6.058558464050293
6617584,5.972850799560547
6617936,6.204819202423096
6618288,5.945945739746094
6620528,5.901639461517334
6620768,5.784753322601318
6621760,6.128318786621094
6622256,5.972850799560547
6624400,5.862832069396973
6625456,5.678732872009277
6627472,6.052631378173828
6628032,5.5625
6630976,5.884955883026123
6631472,5.515695095062256
6631632,6.049107074737549
6632512,5.7589287757873535
6634528,5.769230842590332
6634912,5.68493127822876
6635008,5.818181991577148
6635232,5.7589287757873535
6635312,5.532994747161865
6636400,5.911110877990723
6636848,5.739910125732422
6637744,5.951327323913574
6639520,5.82191801071167
6641152,6.1777777671813965
6641888,5.688889026641846
6642096,5.585585594177246
6642192,6.147186279296875
6648240,5.9259257316589355
6649152,6.034482955932617
6649488,5.717488765716553
6650896,6.184210300445557
6650992,5.9276018142700195
6651776,6.129807472229004
6652000,5.9210524559021
6652000,5.9276018142700195
6652176,5.890804767608643
6653392,5.848214149475098
6654800,6.008968830108643
6658880,5.769230842590332
6659040,5.650224208831787
6660592,6.0714287757873535
6662880,6.108597278594971
6663632,6.053811550140381
6665504,5.65217399597168
6666784,5.9151787757873535
6669792,5.933333396911621
6669808,6.441717624664307
6671232,5.848623752593994
6672032,5.964912414550781
6673360,6.063348293304443
6674368,6.013216018676758
6674864,5.973451137542725
6676016,6.077981472015381
6676512,6.058558464050293
6677184,6.1936936378479
6679808,5.739645004272461
6682704,5.704545497894287
6683136,5.8071746826171875
6683184,6.063348293304443
6683664,5.904977321624756
6689856,5.7272725105285645
6689920,5.545454502105713
6690352,5.96846866607666
6692416,5.852017879486084
6692560,5.7272725105285645
6696032,5.844444274902344
6696224,5.9210524559021
6696496,5.9763312339782715
6699120,5.9151787757873535
6699328,5.796178340911865
6700592,5.986546993255615
6702672,5.791855335235596
6702688,5.903083801269531
6705104,5.5714287757873535
6705248,5.76576566696167
6705360,5.9772725105285645
6705440,5.9276018142700195
6706704,5.675675868988037
6712336,5.799086570739746
6715872,5.641025543212891
6716048,5.8071746826171875
6717888,5.837103843688965
6718976,5.7207207679748535
6719088,5.698198318481445
6719648,5.627802848815918
6721376,5.852534770965576
6722416,5.874439239501953
6722656,5.698198318481445
6724336,5.950226306915283
6727888,5.852017879486084
6728528,5.714285850524902
6729632,5.642201900482178
6729664,5.6392693519592285
6729680,5.818583965301514
6732912,5.717488765716553
6735136,5.8035712242126465
6735648,5.825892925262451
6737936,5.805084705352783
6738256,5.947136402130127
6738432,5.840909004211426
6740272,5.739910125732422
6740944,5.769230842590332
6741504,5.675675868988037
6743680,5.794117450714111
6743712,5.954545497894287
6743888,5.769230842590332
6744832,5.8968610763549805
6745136,5.799086570739746
6745664,5.7079644203186035
6746368,5.6108598709106445
6747552,5.789473533630371
6750976,5.6392693519592285
6752304,5.695067405700684
6752880,5.589519500732422
6753296,5.774336338043213
6754704,5.799086570739746
6754928,5.521472454071045
6757120,5.739910125732422
6757872,6.0
6758112,5.753424644470215
6758176,5.707762718200684
6758352,5.748898506164551
6759040,5.9276018142700195
6759600,5.649350643157959
6759664,5.7110090255737305
6761808,5.796460151672363
6761952,5.714285850524902
6762080,5.972850799560547
6764880,5.852534770965576
6765584,5.840707778930664
6768896,5.743243217468262
6768912,5.695067405700684
6770416,5.879629611968994
6771232,5.619469165802002
6772672,5.5760369300842285
6774416,5.744680881500244
6776640,5.786163330078125
6777152,5.590909004211426
6778032,6.088889122009277
6778512,5.733944892883301
6779328,5.862069129943848
6781792,6.199095249176025
6784016,5.796460151672363
6784352,5.739910125732422
6784416,5.8447489738464355
6786464,5.622119903564453
6787184,5.955555438995361
6789504,5.7272725105285645
6790304,5.796460151672363
6790752,5.9234232902526855
6793632,5.695652008056641
6797184,5.54054069519043
6798208,5.954545497894287
6799696,5.633484363555908
6800704,5.616438388824463
6802256,5.622222423553467
6805776,5.7762556076049805
6806912,5.840707778930664
6809120,5.900900840759277
6809392,5.590909004211426
6810208,5.502283096313477
6811600,5.717488765716553
6812784,5.622119903564453
6812960,5.900900840759277
6813488,5.788288116455078
6814624,5.7272725105285645
6815408,5.678732872009277
6816320,5.755814075469971
6817424,5.580357074737549
6817536,5.769230842590332
6818128,5.755555629730225
6818160,5.82191801071167
6818320,5.9151787757873535
6819104,5.590062141418457
6819904,6.0792951583862305
6821744,6.008968830108643
6821824,5.825687885284424
6822416,5.829596519470215
6822496,5.8385090827941895
6822640,5.909090995788574
6823360,5.668202877044678
6823808,5.945945739746094
6824608,5.868544578552246
6825664,5.900900840759277
6826224,6.163793087005615
6827056,6.0
6827920,6.0792951583862305
6828176,5.585585594177246
6830960,5.714285850524902
6832112,5.9817352294921875
6832752,5.7727274894714355
6834032,5.829596519470215
6834480,6.018099784851074
6835872,6.058558464050293
6836912,5.0
6837200,6.026785850524902
6837712,6.036036014556885
6838544,5.9375
6839552,5.753424644470215
6840592,6.026200771331787
6842576,3.6363637447357178
6843728,5.656108379364014
6843792,5.949367046356201
6845232,5.890410900115967
6846208,5.973451137542725
6846336,5.9772725105285645
6846656,5.675675868988037
6848544,5.892857074737549
6850960,5.8552632331848145
6854512,5.972850799560547
6855216,5.7207207679748535
6855936,5.852017879486084
6859008,5.627802848815918
6859344,6.0
6860928,6.176470756530762
6860976,5.954545497894287
6861056,6.095890522003174
6861808,5.8370041847229
6861904,5.656108379364014
6862512,5.68807315826416
6864592,5.888888835906982
6864608,5.656108379364014
6866464,5.954545497894287
6867408,5.97777795791626
6867968,5.864197731018066
6869104,6.0
6870960,6.108597278594971
6871392,5.911110877990723
6871808,5.840707778930664
6872416,5.840707778930664
6874768,5.8071746826171875
6876048,5.929203510284424
6876224,5.900900840759277
6880304,5.9598212242126465
6880688,6.018099784851074
6880800,6.049107074737549
6883680,6.164383411407471
6887072,6.082949161529541
6888960,6.061946868896484
6889424,5.8597283363342285
6890432,5.938864707946777
6891056,6.150442600250244
6892160,5.814479827880859
6893024,5.848214149475098
6893920,5.986546993255615
6894960,5.7727274894714355
6896656,6.143497943878174
6897376,5.707762718200684
6898736,5.1785712242126465
6899504,5.903083801269531
6903760,5.882352828979492
6903872,5.762331962585449
6904848,5.958904266357422
6905728,5.888888835906982
6908896,5.7272725105285645
6909264,5.760368824005127
6910192,5.958904266357422
6913728,6.121212005615234
6913840,6.031390190124512
6917712,6.009174346923828
6918096,6.145374298095703
6918816,6.013216018676758
6919664,6.111111164093018
6922368,5.9954752922058105
6923120,6.1210761070251465
6923904,5.9259257316589355
6924528,6.176470756530762
6927872,5.833333492279053
6928064,6.363636493682861
6928432,6.0
6929744,6.176470756530762
6932560,6.238738536834717
6934576,6.045454502105713
6935568,6.0
6936080,6.050228118896484
6936736,6.402439117431641
6937472,5.945945739746094
6938096,6.004566192626953
6939248,6.098654747009277
6939664,6.233183860778809
6940480,5.9772725105285645
6940960,5.762331962585449
6941040,6.081080913543701
6942048,5.863636493682861
6942864,5.955555438995361
6946912,6.049107074737549
6947408,6.123348236083984
6947552,5.941704273223877
6948448,5.9259257316589355
6951024,5.945945739746094
6951776,6.049107074737549
6951904,5.767441749572754
6952672,5.945945739746094
6955440,5.909090995788574
6955808,6.031390190124512
6956800,5.964912414550781
6959008,5.818583965301514
6959392,5.941704273223877
6960464,5.933333396911621
6961680,5.798319339752197
6961712,5.958904266357422
6961776,5.848214149475098
6961936,5.75
6962656,5.991189479827881
6964784,5.973451137542725
6965072,6.090909004211426
6965184,5.855855941772461
6965296,5.695067405700684
6967728,5.696969509124756
6968896,6.004464149475098
6969040,5.660792827606201
6970640,5.878378391265869
6971904,6.085972785949707
6972272,5.825892925262451
6973568,5.82191801071167
6974896,5.777777671813965
6976176,5.917030334472656
6976720,5.941704273223877
6978432,5.863636493682861
6979552,5.707762718200684
6980752,5.613636493682861
6982128,5.5625
6983360,5.663716793060303
6984288,5.886363506317139
6984976,6.026785850524902
6985008,5.580357074737549
6985600,5.909090995788574
6986960,5.736607074737549
6988544,5.675675868988037
6989648,5.8222222328186035
6990240,5.76576566696167
6991952,5.825892925262451
6992160,5.636363506317139
6992320,5.906735897064209
6995680,5.9633026123046875
6995904,5.767543792724609
6996368,5.818181991577148
6997344,5.596330165863037
6999248,5.945945739746094
7005136,5.8968610763549805
7008128,5.886363506317139
7009392,5.945945739746094
7011616,6.153846263885498
7012080,5.892857074737549
7016304,5.911949634552002
7020032,6.017699241638184
7021600,5.743243217468262
7021632,5.5
7023392,5.650224208831787
7023568,5.6306304931640625
7025904,5.5760369300842285
7030160,5.662100315093994
7030640,5.714285850524902
7031360,5.769230842590332
7033088,5.78125
7034240,5.46875
7034896,5.7727274894714355
7035760,5.717488765716553
7036672,5.650224208831787
7037344,5.784753322601318
7038464,5.8108110427856445
7039344,5.784753322601318
7040128,5.940366744995117
7040336,5.853658676147461
7043792,6.052631378173828
7045216,6.058558464050293
7045712,5.740740776062012
7046608,5.9598212242126465
7047792,5.799086570739746
7048800,5.560538291931152
7051568,5.702479362487793
7052352,5.423728942871094
7052432,6.061946868896484
7052816,5.9375
7056464,6.101321697235107
7057280,5.947136402130127
7058000,5.866666793823242
7058176,5.8715596199035645
7058192,5.267857074737549
7058688,5.837103843688965
7059104,6.053811550140381
7059968,5.7110090255737305
7061696,5.913241863250732
7061744,5.659090995788574
7063072,5.904977321624756
7065904,5.8597283363342285
7066976,5.900620937347412
7066992,5.825687885284424
7068816,5.757575988769531
7069728,6.059907913208008
7071360,6.013513565063477
7072416,6.21004581451416
7073664,5.833333492279053
7074992,5.8968610763549805
7077216,5.904977321624756
7080384,5.9598212242126465
7083968,5.947136402130127
7084384,6.013824939727783
7084880,5.7272725105285645
7084912,5.814479827880859
7086512,6.008771896362305
7087296,5.982142925262451
7089360,6.004464149475098
7090864,6.076233386993408
7090928,5.779816627502441
7092016,5.7589287757873535
7094320,6.077981472015381
7094416,5.78341007232666
7095056,6.0
7097264,6.008771896362305
7098032,5.9375
7099008,5.596330165863037
7099088,5.6306304931640625
7100016,5.458715438842773
7101248,5.936072826385498
7104400,6.004464149475098
7105152,5.717488765716553
7105504,5.931818008422852
7108256,5.707762718200684
7108688,5.613636493682861
7108736,5.909090995788574
7108752,5.9598212242126465
7109072,5.900900840759277
7109312,5.784753322601318
7112224,5.6306304931640625
7112288,5.7727274894714355
7112320,5.560538291931152
7112368,5.650224208831787
7113376,5.7589287757873535
7115328,5.8447489738464355
7116064,5.950226306915283
7116560,5.8222222328186035
7117952,6.143497943878174
7119360,5.990991115570068
7121520,5.698198318481445
7122992,6.216814041137695
7123664,5.791855335235596
7126560,5.900900840759277
7127200,5.863636493682861
7130128,5.405405521392822
7132880,5.659090995788574
7133520,5.493273735046387
7133872,5.730088710784912
7137168,5.859030723571777
7137360,5.825892925262451
7138176,5.590909004211426
7139360,5.784753322601318
7141008,5.9429826736450195
7142688,5.848623752593994
7144320,5.678732872009277
7146192,5.570776462554932
7146832,5.903083801269531
7148288,5.847457408905029
7148512,5.681818008422852
7149856,6.050228118896484
7150576,5.802752494812012
7150736,5.964125633239746
7150912,5.945945739746094
7151648,6.0227274894714355
7151840,5.7762556076049805
7153216,5.68807315826416
7155360,5.82191801071167
7155920,5.668202877044678
7156784,6.013513565063477
7158896,5.636363506317139
7160512,5.8071746826171875
7160928,5.558139324188232
7161136,6.04072380065918
7161264,6.17391300201416
7162352,5.6108598709106445
7164928,5.8108110427856445
7165072,6.098654747009277
7165072,5.950226306915283
7166032,5.675675868988037
7168496,5.9234232902526855
7170304,5.796460151672363
7172016,5.739910125732422
7172016,5.8447489738464355
7172112,5.799086570739746
7172368,5.811403274536133
7173904,5.7589287757873535
7176544,5.678732872009277
7178352,5.662100315093994
7178384,5.863636493682861
7179456,5.653152942657471
7180304,5.422222137451172
7180528,5.825892925262451
7180816,5.799086570739746
7182448,5.9375
7183088,5.840707778930664
7184320,5.596330165863037
7185392,5.529953956604004
7185424,5.714285850524902
7187568,5.825892925262451
7189008,5.644444465637207
7189584,5.599078178405762
7190048,5.714285850524902
7190464,5.792951583862305
7191168,5.669642925262451
7192608,5.714285850524902
7192800,5.701754570007324
7196400,5.6306304931640625
7196704,5.886363506317139
7197632,5.588235378265381
7198224,5.833333492279053
7198288,5.608108043670654
7199632,5.5227274894714355
7200272,5.472972869873047
7202320,5.560538291931152
7204528,5.886363506317139
7207760,5.8597283363342285
7207904,5.986546993255615
7208304,5.665137767791748
7208768,5.508474349975586
7212240,5.585585594177246
7212352,5.91928243637085
7213936,5.8108110427856445
7214832,5.681818008422852
7215648,6.04938268661499
7216112,5.9151787757873535
7216800,5.969162940979004
7217168,5.636363506317139
7217792,5.565610885620117
7217792,5.9259257316589355
7218320,5.967741966247559
7218816,5.859030723571777
7219136,5.552995204925537
7220384,5.5227274894714355
7221936,5.622119903564453
7222944,5.7762556076049805
7225456,5.619266033172607
7225904,5.669642925262451
7226368,5.8447489738464355
7227888,5.470851898193359
7228576,5.788288116455078
7229792,5.7589287757873535
7231936,5.671296119689941
7233040,5.605381011962891
7233696,5.755555629730225
7234112,5.535714149475098
7235536,5.9375
7237136,5.550458908081055
7237600,5.486725807189941
7237696,5.874439239501953
7239680,5.570776462554932
7240640,5.833333492279053
7243184,5.68807315826416
7244272,5.945945739746094
7245456,5.4666666984558105
7245760,5.68493127822876
7245952,5.678732872009277
7248176,5.8597283363342285
7249520,5.855855941772461
7250288,6.073059558868408
7251408,6.0
7251408,5.580357074737549
7252560,5.802752494812012
7256640,5.769230842590332
7258576,6.034482955932617
7258720,5.941704273223877
7259168,6.044444561004639
7260880,5.814978122711182
7261040,5.954545497894287
7264352,5.921658992767334
7264672,5.730088710784912
7265760,5.8035712242126465
7266640,5.806451797485352
7267632,5.8447489738464355
7267776,5.788288116455078
7267904,5.791855335235596
7270272,5.884955883026123
7271728,5.913241863250732
7272832,5.874439239501953
7273088,6.099137783050537
7273424,5.563063144683838
7273776,5.7207207679748535
7274368,5.8715596199035645
7274544,5.9234232902526855
7274992,5.8968610763549805
7277120,5.986546993255615
7277968,5.78125
7278880,5.678732872009277
7279984,5.8071746826171875
7280256,5.91928243637085
7281184,5.9276018142700195
7281808,5.986842155456543
7285456,5.82191801071167
7285616,5.860465049743652
7287424,5.833333492279053
7288176,5.91928243637085
7288256,5.8968610763549805
7288992,6.106194496154785
7289200,5.941704273223877
7294864,5.82191801071167
7297744,5.739910125732422
7297904,6.024844646453857
7298560,5.547945022583008
7299600,5.833333492279053
7301008,5.964912414550781
7302640,6.300448417663574
7302704,5.7860260009765625
7303328,5.9954752922058105
7305008,5.508474349975586
7309312,5.874439239501953
7310464,5.829596519470215
7310944,5.863636493682861
7311792,5.657894611358643
7312304,5.878378391265869
7313408,5.75
7314400,5.641592979431152
7315776,5.995575428009033
7316480,5.874439239501953
7316992,6.188340663909912
7321584,6.058558464050293
7321776,5.958904266357422
7323712,6.113636493682861
7325744,6.053811550140381
7327792,5.855855941772461
7328256,6.090909004211426
7328816,6.004566192626953
7330704,6.026785850524902
7331184,6.045454502105713
7332560,6.063348293304443
7332848,5.829596519470215
7334320,5.909090995788574
7334464,6.004366874694824
7334960,6.061946868896484
7335424,5.96875
7336832,6.018099784851074
7337216,5.925110340118408
7337296,5.9276018142700195
7337312,6.106194496154785
7337872,5.950226306915283
7338496,6.045454502105713
7340432,6.0714287757873535
7341472,5.982142925262451
7342656,6.018099784851074
7342720,5.7110090255737305
7346128,6.18055534362793
7348512,5.995575428009033
7349424,5.723981857299805
7349504,6.036866188049316
7352960,5.986546993255615
7354816,5.947136402130127
7355776,5.936072826385498
7355904,5.841121673583984
7356992,6.053811550140381
7357840,6.2443437576293945
7359248,5.792951583862305
7359520,5.746606349945068
7360256,5.844444274902344
7360624,5.995575428009033
7362448,6.105990886688232
7363712,5.940366744995117
7363744,6.09649133682251
7363792,5.954545497894287
7366368,5.990991115570068
7366768,6.288888931274414
7367360,6.044444561004639
7367408,6.205357074737549
7368768,6.082251071929932
7369200,6.138392925262451
7370032,6.226994037628174
7370448,6.179039478302002
7370832,5.8597283363342285
7371344,5.8125
7373392,6.066666603088379
7374432,5.9817352294921875
7374512,6.068181991577148
7377600,5.9234232902526855
7378112,5.892857074737549
7378320,6.068181991577148
7380416,6.103603839874268
7380432,5.969162940979004
7380448,5.986238479614258
7380944,6.035242080688477
7381888,6.103603839874268
7383440,6.045454502105713
7383952,5.779816627502441
7384672,6.3364057540893555
7387648,6.123348236083984
7388064,6.108597278594971
7389024,6.3063063621521
7389072,5.784753322601318
7390384,5.964125633239746
7391216,6.1936936378479
7391616,6.1160712242126465
7393952,6.238738536834717
7394368,6.228070259094238
7395536,6.072961330413818
7396016,5.972222328186035
7396320,6.228070259094238
7398240,5.9954752922058105
7398304,6.36771297454834
7398480,6.085972785949707
7398592,6.162280559539795
7401776,6.0227274894714355
7402928,6.232876777648926
7403168,6.188340663909912
7403264,6.232876777648926
7404608,6.013513565063477
7405344,6.036036014556885
7405360,5.8597283363342285
7406896,6.221719264984131
7408208,6.035242080688477
7408800,6.21212100982666
7410112,6.116279125213623
7410192,6.126126289367676
7410288,6.085972785949707
7410352,5.936072826385498
7410608,6.190476417541504
7411440,5.96846866607666
7412752,5.753424644470215
7414224,6.088889122009277
7415696,6.04938268661499
7417760,6.0
7418880,6.038135528564453
7419760,5.9817352294921875
7419776,6.25
7420448,6.018099784851074
7421376,6.222222328186035
7422464,5.784753322601318
7422944,5.90452241897583
7424976,6.0714287757873535
7427968,6.148648738861084
7428304,6.085972785949707
7428656,5.881057262420654
7430032,6.0
7430512,5.97777795791626
7433104,5.874439239501953
7433712,5.882352828979492
7435760,5.8222222328186035
7436944,6.088889122009277
7437600,5.987654209136963
7441840,6.0638298988342285
7443280,5.97777795791626
7444816,5.9954752922058105
7445648,5.770925045013428
7447568,5.9954752922058105
7447568,6.018099784851074
7450224,6.111111164093018
7450832,5.945945739746094
7451264,6.043478488922119
7452000,6.090909004211426
7452304,5.855855941772461
7452560,6.085972785949707
7454048,6.053811550140381
7456240,6.1210761070251465
7457584,5.802469253540039
7458016,6.3125
7461408,5.931818008422852
7461936,5.863636493682861
7463728,5.681818008422852
7463792,6.04072380065918
7464192,5.616438388824463
7464512,6.050228118896484
7468096,5.784753322601318
7468640,6.004566192626953
7471696,5.730593681335449
7475888,6.048035144805908
7477584,5.863636493682861
7482384,5.9633026123046875
7484224,6.16740083694458
7484688,5.82191801071167
7487872,5.991189479827881
7489408,6.081080913543701
7490416,5.936072826385498
7491312,5.829493045806885
7491424,6.153846263885498
7492432,6.055046081542969
7492912,5.8715596199035645
7493584,6.189427375793457
7494016,5.829493045806885
7494400,6.02222204208374
7495312,6.098654747009277
7496592,6.058558464050293
7499392,5.791855335235596
7500144,5.91928243637085
7500240,5.748898506164551
7501984,5.767441749572754
7503040,5.698198318481445
7503584,5.882352828979492
7503744,6.0714287757873535
7503744,5.940366744995117
7504176,5.964125633239746
7504560,5.654205799102783
7506384,6.067073345184326
7506592,5.723981857299805
7507232,5.438596725463867
7507936,6.050228118896484
7508752,6.113537311553955
7509952,5.8108110427856445
7510176,5.951327323913574
7511248,5.903083801269531
7512528,5.75
7513792,5.565610885620117
7515360,5.68493127822876
7516112,5.784753322601318
7517760,5.682819366455078
7517968,5.936072826385498
7518880,5.8222222328186035
7519584,5.753424644470215
7521280,5.867579936981201
7523120,5.821596145629883
7524416,6.008968830108643
7525200,6.008771896362305
7525984,5.904977321624756
7526832,5.704845905303955
7528784,5.691244125366211
7533152,5.565610885620117
7536480,5.608108043670654
7539664,6.133333206176758
7540912,6.134259223937988
7540928,5.955555438995361
7541648,5.859030723571777
7542240,5.8597283363342285
7542288,5.791855335235596
7543264,6.0714287757873535
7544080,5.7762556076049805
7546992,5.776397705078125
7550336,5.844444274902344
7551088,6.127450942993164
7551872,5.7589287757873535
7552800,5.740740776062012
7556912,5.545454502105713
7557376,5.75
7557728,5.561497211456299
7559008,5.818181991577148
7559680,5.578703880310059
7560448,5.659090995788574
7561248,5.509259223937988
7564464,5.96846866607666
7565120,5.707762718200684
7565328,5.622222423553467
7567344,6.047008514404297
7569280,5.678732872009277
7570848,5.642201900482178
7570960,5.746606349945068
7571248,6.125
7572016,6.026785850524902
7573200,6.008968830108643
7575072,5.904977321624756
7575072,5.636363506317139
7575184,5.903083801269531
7576464,5.899122714996338
7577120,5.740740776062012
7578720,5.7110090255737305
7578752,5.833333492279053
7580064,5.892857074737549
7582752,5.818181991577148
7584240,5.898617744445801
7584416,6.113636493682861
7584848,5.8222222328186035
7585824,5.7727274894714355
7585872,5.904977321624756
7586288,5.760368824005127
7586288,5.7727274894714355
7587616,5.911110877990723
7589296,6.189427375793457
7589504,5.8222222328186035
7592592,5.982142925262451
7592800,5.619266033172607
7594976,5.8968610763549805
7595664,5.888324737548828
7595856,5.847457408905029
7595872,6.076233386993408
7596320,5.890410900115967
7597120,5.613636493682861
7598640,5.707762718200684
7599360,5.944700241088867
7600464,5.840909004211426
7602960,5.878378391265869
7603264,5.8447489738464355
7603376,5.957943916320801
7603472,5.6473212242126465
7605360,5.91928243637085
7605408,5.76576566696167
7605824,5.723270416259766
7606336,5.78341007232666
7607120,5.604395389556885
7608688,5.681818008422852
7608912,5.814479827880859
7609536,6.074561595916748
7611440,5.954545497894287
7612624,5.8108110427856445
7613072,5.7272725105285645
7614176,5.911110877990723
7614800,6.106194496154785
7616112,5.833333492279053
7616320,5.890410900115967
7616640,5.878378391265869
7617168,6.035242080688477
7617728,5.746606349945068
7619744,5.625
7621744,5.688889026641846
7623984,5.987654209136963
7628144,5.91928243637085
7629216,5.568181991577148
7630288,5.76576566696167
7630400,5.945945739746094
7631088,5.855855941772461
7632416,6.058558464050293
7634144,5.922746658325195
7634352,5.814978122711182
7637648,5.717488765716553
7638896,5.784753322601318
7639328,5.909090995788574
7639648,5.848214149475098
7642544,5.792951583862305
7642560,5.789473533630371
7644320,5.6306304931640625
7646224,5.899122714996338
7646736,5.986546993255615
7647952,6.017699241638184
7652352,6.197916507720947
7654208,5.94059419631958
7654992,5.7272725105285645
7656176,6.027397155761719
7656752,5.763888835906982
7657824,5.8222222328186035
7659728,5.882352828979492
7660448,5.894495487213135
7660464,5.609755992889404
7661536,5.711111068725586
7661792,5.622119903564453
7663056,5.675675868988037
7666560,5.795454502105713
7666816,5.657894611358643
7666864,5.7079644203186035
7670208,6.199095249176025
7670384,5.8108110427856445
7671040,5.795454502105713
7672496,6.052631378173828
7673712,6.1238532066345215
7675824,5.580357074737549
7679296,5.69444465637207
7679520,5.593607425689697
7679776,5.814978122711182
7683664,6.103603839874268
7683808,5.900900840759277
7683824,5.659090995788574
7684592,5.863636493682861
7685200,5.619469165802002
7685616,5.923566818237305
7685872,5.96846866607666
7686848,5.9276018142700195
7688176,5.605381011962891
7688864,6.162280559539795
7690928,5.46875
7691056,5.7272725105285645
7691568,5.650224208831787
7694480,5.701357364654541
7696640,5.597345352172852
7697632,5.7727274894714355
7698176,5.8597283363342285
7699584,5.7272725105285645
7699616,5.733944892883301
7700624,5.456621170043945
7701520,5.9633026123046875
7702496,5.675675868988037
7703216,5.6026787757873535
7703232,5.903083801269531
7703408,5.846153736114502
7704208,5.650224208831787
7705088,5.7207207679748535
7705968,5.8071746826171875
7706032,5.580357074737549
7706096,5.848214149475098
7713184,5.8597283363342285
7713216,5.8035712242126465
7715328,5.9259257316589355
7715936,5.701357364654541
7721248,5.76576566696167
7721568,5.695067405700684
7724896,5.563063144683838
7725616,5.590909004211426
7727472,5.7762556076049805
7727904,5.964125633239746
7728400,5.7272725105285645
7732432,6.108597278594971
7735552,5.8597283363342285
7738176,6.017699241638184
7738448,5.909090995788574
7738848,5.8597283363342285
7740352,5.9375
7741088,5.8035712242126465
7742192,5.884955883026123
7742224,5.605381011962891
7742656,5.829596519470215
7742800,5.986238479614258
7749056,5.814479827880859
7749952,5.682819366455078
7750032,5.881057262420654
7751424,5.597484111785889
7752352,5.688889026641846
7755360,5.784753322601318
7757456,5.833333492279053
7758080,5.8108110427856445
7759232,5.748898506164551
7759552,5.7727274894714355
7759808,5.795454502105713
7760720,5.855855941772461
7761472,5.759162425994873
7763136,5.581395149230957
7763232,5.851528167724609
7763696,5.982905864715576
7764752,5.766870975494385
7765536,5.7762556076049805
7765952,6.108597278594971
7766192,5.892857074737549
7766240,5.681818008422852
7767168,5.763888835906982
7767264,5.792683124542236
7767664,5.855855941772461
7768032,5.563063144683838
7769184,6.012269973754883
7771776,5.599078178405762
7772080,5.740740776062012
7774064,5.869565010070801
7775328,5.882352828979492
7775664,5.739910125732422
7775984,5.6392693519592285
7776352,5.558035850524902
7777792,5.730337142944336
7779088,5.791855335235596
7779984,5.656108379364014
7780240,5.68807315826416
7780288,5.852017879486084
7782544,5.775862216949463
7783184,5.986842155456543
7783248,5.537189960479736
7785232,5.656108379364014
7785488,5.833333492279053
7786976,5.656108379364014
7787616,5.563063144683838
7788672,6.011904716491699
7789728,5.627802848815918
7790112,5.535714149475098
7792592,5.704545497894287
7792624,5.8913044929504395
7792864,5.585585594177246
7793088,5.530973434448242
7793296,5.6306304931640625
7793664,5.791855335235596
7793888,5.9234232902526855
7797568,5.655021667480469
7798336,5.746606349945068
7799776,5.762331962585449
7800896,5.762712001800537
7802912,5.68493127822876
7802960,5.777777671813965
7803280,5.7110090255737305
7807216,5.748898506164551
7807280,6.148648738861084
7808848,5.605381011962891
7810064,5.762712001800537
7810768,5.588235378265381
7814352,5.739910125732422
7815088,5.698198318481445
7815312,5.580357074737549
7817104,5.739910125732422
7817248,5.669642925262451
7818096,6.081730842590332
7818848,5.454545497894287
7818928,5.933333396911621
7822336,5.668202877044678
7822496,5.788288116455078
7825968,5.888888835906982
7826672,5.784753322601318
7828320,5.67756986618042
7829392,5.6108598709106445
7831344,5.8447489738464355
7832240,5.840707778930664
7832336,5.8035712242126465
7835472,5.605381011962891
7836160,6.063348293304443
7836624,5.91928243637085
7836832,5.788288116455078
7838352,5.596330165863037
7839424,5.659090995788574
7839840,5.67685604095459
7840080,5.665137767791748
7840128,5.779816627502441
7842416,5.825471878051758
7843008,5.941704273223877
7843552,5.4279279708862305
7844672,5.685840606689453
7847232,5.547945022583008
7848080,6.053811550140381
7849744,5.8447489738464355
7850496,5.753424644470215
7852736,5.625
7854400,5.855855941772461
7856656,5.867579936981201
7857696,5.972850799560547
7858016,6.088889122009277
7859504,5.837103843688965
7859856,5.892857074737549
7860704,5.9276018142700195
7861264,5.762331962585449
7861536,5.698198318481445
7865136,6.0714287757873535
7866928,6.1187214851379395
7868112,5.878378391265869
7868336,5.9772725105285645
7868656,6.073059558868408
7869104,5.733333110809326
7871408,5.833333492279053
7871424,6.138392925262451
7872672,5.675675868988037
7873184,5.8597283363342285
7874640,5.7272725105285645
7875776,5.917431354522705
7877856,5.613636493682861
7877936,5.935828685760498
7878592,5.964912414550781
7882064,5.625
7882112,6.050228118896484
7883296,5.762331962585449
7883792,5.917431354522705
7885568,5.940366744995117
7885680,5.76576566696167
7885872,5.9375
7886512,5.774336338043213
7887312,5.913241863250732
7889184,6.153846263885498
7890048,5.659090995788574
7890400,5.7762556076049805
7890752,5.8222222328186035
7892240,5.653152942657471
7892288,6.09375
7892496,5.972850799560547
7895808,5.8447489738464355
7895840,6.013513565063477
7896352,5.762331962585449
7897968,5.982142925262451
7899440,5.6473212242126465
7901584,5.8222222328186035
7901744,5.590062141418457
7903088,5.736607074737549
7904384,5.784753322601318
7906576,5.7373270988464355
7906976,6.041666507720947
7908624,6.009174346923828
7909072,6.2443437576293945
7910176,5.736607074737549
7912144,5.707762718200684
7912832,5.940170764923096
7913360,5.484581470489502
7914032,5.599078178405762
7916880,5.570776462554932
7917680,5.796460151672363
7918544,5.7762556076049805
7920544,5.8552632331848145
7922208,5.635964870452881
7922896,5.68493127822876
7922992,5.913241863250732
7925600,6.041666507720947
7927568,5.799086570739746
7928032,5.936072826385498
7928384,5.695067405700684
7931872,5.622119903564453
7933408,5.806451797485352
7933440,5.802752494812012
7934368,5.760368824005127
7936432,5.936072826385498
7936480,5.947136402130127
7937008,5.9375
7937312,5.565610885620117
7940976,5.9375
7941888,5.75
7942208,5.874439239501953
7943184,5.730593681335449
7943504,5.7522125244140625
7944064,5.5429863929748535
7944544,5.653152942657471
7945056,5.526315689086914
7945776,5.8108110427856445
7945808,6.013513565063477
7947984,5.739910125732422
7949456,5.681818008422852
7951504,5.593607425689697
7955056,5.746606349945068
7957856,5.755555629730225
7960896,5.746606349945068
7961840,5.802469253540039
7962304,5.590909004211426
7962352,5.55555534362793
7962880,6.030701637268066
7963552,5.659090995788574
7964960,5.9276018142700195
7965280,6.168224334716797
7967504,5.784753322601318
7968992,5.8968610763549805
7969376,5.799086570739746
7970544,5.622119903564453
7970992,5.714285850524902
7972432,5.695067405700684
7973488,5.596330165863037
7973536,5.636363506317139
7974384,5.890410900115967
7976080,5.76576566696167
7976512,5.892857074737549
7977088,5.736607074737549
7981184,5.590909004211426
7981488,5.681818008422852
7981680,5.806451797485352
7983232,5.8035712242126465
7983520,5.753424644470215
7983728,5.8733625411987305
7984720,5.818181991577148
7985472,5.827338218688965
7985920,5.972222328186035
7986896,5.769230842590332
7988368,5.528634548187256
7988592,5.76576566696167
7988960,5.944700241088867
7992208,5.833333492279053
7992496,5.682819366455078
7993856,5.636363506317139
7994176,5.91928243637085
7996144,5.8035712242126465
7999248,5.944700241088867
8002288,5.950226306915283
8002480,5.982658863067627
8003232,5.855855941772461
8003296,5.613636493682861
8003856,5.792683124542236
8005072,5.776397705078125
8005424,6.046511650085449
8005792,5.940366744995117
8007360,5.7110090255737305
8008496,5.951327323913574
8010560,5.818965435028076
8010832,5.833333492279053
8011040,5.814978122711182
8014032,5.986546993255615
8019440,5.972850799560547
8023184,5.829596519470215
8025680,5.596330165863037
8026544,5.7860260009765625
8026544,5.698198318481445
8028160,5.800000190734863
8028592,5.659090995788574
8028720,5.723684310913086
8031808,5.802752494812012
8035504,5.829493045806885
8035648,5.894495487213135
8035840,5.704545497894287
8038976,5.753424644470215
8039600,5.653152942657471
8041360,6.0227274894714355
8042512,5.892857074737549
8042512,6.0
8042848,5.829596519470215
8043136,5.7272725105285645
8043488,5.825687885284424
8044448,6.288888931274414
8046704,6.013216018676758
8047120,5.7079644203186035
8048480,5.636363506317139
8048624,5.6108598709106445
8051584,5.678732872009277
8052400,5.7589287757873535
8052720,5.973451137542725
8054352,5.656108379364014
8056704,5.483870983123779
8057536,5.590909004211426
8058160,5.670731544494629
8058768,5.653152942657471
8059232,5.886363506317139
8060384,5.7207207679748535
8060464,5.829596519470215
8060736,6.0
8062480,5.670731544494629
8062768,5.75
8065952,5.650224208831787
8066592,5.936072826385498
8066976,6.008968830108643
8067328,5.570776462554932
8067696,5.903083801269531
8071440,5.560538291931152
8073184,5.7272725105285645
8074784,5.82191801071167
8075024,5.829596519470215
8075632,5.456621170043945
8077840,5.9276018142700195
8078624,5.9598212242126465
8079168,5.704545497894287
8079680,5.870535850524902
8080688,5.740740776062012
8081632,5.8071746826171875
8081696,5.588235378265381
8082704,5.633484363555908
8082992,5.627802848815918
8083264,5.762331962585449
8083856,5.904977321624756
8085024,5.7079644203186035
8085520,6.018099784851074
8085520,5.769230842590332
8088640,6.004464149475098
8089216,5.878378391265869
8091120,5.8125
8092784,5.833333492279053
8093344,5.743243217468262
8093376,5.911110877990723
8093408,5.855855941772461
8094128,5.800000190734863
8094240,5.641592979431152
8094560,5.733944892883301
8095008,5.579710006713867
8096048,5.8035712242126465
8098528,5.68493127822876
8099920,5.895196437835693
8101376,5.863636493682861
8101696,5.941704273223877
8102096,5.563063144683838
8103600,5.681818008422852
8104192,5.545454502105713
8104816,5.8035712242126465
8105104,5.636363506317139
8105680,5.570776462554932
8106976,5.7272725105285645
8109792,5.590062141418457
8112112,5.648148059844971
8112560,5.568181991577148
8114896,5.9151787757873535
8116800,5.898617744445801
8117664,5.707762718200684
8118448,5.669642925262451
8118912,5.791855335235596
8120352,5.6108598709106445
8121952,5.733944892883301
8123104,5.91928243637085
8123456,6.076233386993408
8123648,5.78125
8123824,5.656108379364014
8123984,5.663716793060303
8124400,5.806451797485352
8125312,5.911214828491211
8125648,6.0
8126976,5.707762718200684
8127264,5.852017879486084
8127376,5.8378376960754395
8129984,5.701357364654541
8130832,5.608108043670654
8130880,5.7272725105285645
8130992,5.644444465637207
8132160,6.060606002807617
8132704,5.515021324157715
8135712,5.837103843688965
8135952,5.665137767791748
8137072,6.012269973754883
8137264,5.913241863250732
8140080,5.941704273223877
8140736,5.614035129547119
8141328,6.140350818634033
8142592,5.733944892883301
8144496,5.5760369300842285
8144864,5.8071746826171875
8145104,5.890410900115967
8147600,6.036036014556885
8147840,5.945945739746094
8149792,5.898617744445801
8150816,5.91304349899292
8151376,5.9259257316589355
8151936,5.886363506317139
8152352,5.904977321624756
8152464,5.884955883026123
8153552,5.799086570739746
8154096,5.6473212242126465
8154176,5.7762556076049805
8157168,6.0
8157728,5.746606349945068
8159104,5.739910125732422
8159456,6.004566192626953
8159616,5.882352828979492
8161552,5.814479827880859
8163920,5.791855335235596
8166992,5.818181991577148
8167664,6.034482955932617
8168384,5.695067405700684
8169984,5.795454502105713
8170240,5.588235378265381
8171312,5.863636493682861
8172176,5.863636493682861
8172512,5.818181991577148
8173488,5.701357364654541
8173584,5.769230842590332
8174528,5.833333492279053
8181280,5.986546993255615
8181824,5.8447489738464355
8183104,5.9633026123046875
8183776,5.9276018142700195
8183968,5.877192974090576
8184224,5.859030723571777
8186720,5.860215187072754
8186784,6.060606002807617
8187776,5.904977321624756
8188160,6.1777777671813965
8188976,6.044444561004639
8189376,6.211180210113525
8190272,6.131221771240234
8191488,5.844155788421631
8191920,6.0227274894714355
8193680,6.211453914642334
8195888,5.9375
8196864,5.823529243469238
8199104,6.063348293304443
8202096,5.900900840759277
8202736,5.9375
8204496,6.128318786621094
8206480,5.76576566696167
8207088,5.982142925262451
8207568,5.933333396911621
8207904,6.160714149475098
8209776,5.656108379364014
8211648,5.711111068725586
8212656,5.902777671813965
8212784,5.7762556076049805
8213760,6.04072380065918
8213824,5.8108110427856445
8214336,6.0
8217344,5.753424644470215
8217504,5.784753322601318
8217920,5.874439239501953
8219216,5.82191801071167
8219728,5.882352828979492
8220928,5.78125
8220928,5.663716793060303
8221344,5.870535850524902
8223024,5.8108110427856445
8223248,5.7762556076049805
8224128,5.742358207702637
8224624,6.176470756530762
8224944,5.892857074737549
8224992,5.753424644470215
8226528,5.733333110809326
8230144,5.644444465637207
8230960,5.8968610763549805
8233248,5.680850982666016
8233648,5.52036190032959
8233712,5.698198318481445
8236448,5.675675868988037
8236960,5.5333333015441895
8237312,5.669642925262451
8240784,1.3809523582458496
8242560,5.855855941772461
8244832,5.745614051818848
8244992,5.78125
8246048,5.527523040771484
8246176,5.866666793823242
8247888,5.656108379364014
8248400,5.6306304931640625
8249216,5.558035850524902
8250000,5.833333492279053
8250400,5.7727274894714355
8252336,5.622317790985107
8253216,5.545454502105713
8254016,5.688889026641846
8256608,5.67685604095459
8257376,5.622222423553467
8258688,5.4910712242126465
8259424,5.825892925262451
8261344,4.642857074737549
8265792,5.590909004211426
8265856,5.590909004211426
8266960,5.698198318481445
8267504,5.443037986755371
8269408,5.678732872009277
8270176,6.081080913543701
8270176,5.717488765716553
8271072,5.678732872009277
8271696,5.76576566696167
8271888,5.678732872009277
8277360,5.714285850524902
8280176,5.762331962585449
8280880,5.7207207679748535
8280912,5.904977321624756
8282544,5.753424644470215
8284608,5.58695650100708
8288256,5.682819366455078
8291136,5.925110340118408
8291424,5.666666507720947
8291776,5.82191801071167
8291792,5.848623752593994
8292656,5.717488765716553
8293456,5.931818008422852
8293696,5.884955883026123
8295280,5.714285850524902
8295504,5.894495487213135
8295712,5.8035712242126465
8296720,5.678732872009277
8298176,5.894495487213135
8299808,5.8035712242126465
8300288,5.878378391265869
8301200,5.9598212242126465
8305808,5.5760369300842285
8306112,5.659090995788574
8306336,5.669642925262451
8309568,5.717488765716553
8310640,5.944700241088867
8310944,5.671296119689941
8311040,5.973451137542725
8311872,5.736607074737549
8313136,5.855855941772461
8313456,5.9598212242126465
8317120,5.739910125732422
8317792,5.650224208831787
8318224,5.8222222328186035
8318832,5.818583965301514
8318992,5.870535850524902
8319616,5.659090995788574
8320192,5.581395149230957
8320400,5.743243217468262
8320528,5.874439239501953
8320896,5.682819366455078
8321200,5.8968610763549805
8321392,6.049107074737549
8322368,6.068181991577148
8322944,5.675675868988037
8326592,5.947136402130127
8328368,5.650224208831787
8328576,5.9954752922058105
8330128,5.75
8330640,5.560538291931152
8331296,5.840909004211426
8332896,6.018099784851074
8334448,5.695067405700684
8335920,5.945945739746094
8337296,5.8071746826171875
8338640,5.7727274894714355
8340256,5.717488765716553
8342848,5.730593681335449
8343088,5.526315689086914
8343328,5.770925045013428
8344320,5.680751323699951
8345488,5.769230842590332
8346816,6.008771896362305
8347952,5.7079644203186035
8349888,5.931818008422852
8352608,5.733944892883301
8353744,5.6108598709106445
8354016,5.723684310913086
8354528,5.462184906005859
8355008,5.878378391265869
8357440,5.653152942657471
8357600,5.7522125244140625
8358112,5.739910125732422
8359008,5.779816627502441
8361008,5.900900840759277
8363792,5.608108043670654
8365808,5.746606349945068
8365824,5.884955883026123
8369408,5.739910125732422
8369984,5.791855335235596
8371568,5.678732872009277
8372304,5.625
8372400,5.645161151885986
8372800,5.7727274894714355
8373632,5.757575988769531
8374896,5.642201900482178
8375280,5.650224208831787
8375872,5.787036895751953
8377760,5.756880760192871
8378512,5.911110877990723
8378816,5.5
8379920,5.746606349945068
8384720,5.701357364654541
8386528,5.904977321624756
8387024,5.9276018142700195
8387312,5.8071746826171875
8389344,5.65217399597168
8389632,5.662100315093994
8392992,5.669642925262451
8393728,5.882352828979492
8394464,5.733333110809326
8395712,5.627802848815918
8396320,5.9259257316589355
8397680,5.863636493682861
8398176,5.869565010070801
8399280,5.653152942657471
8399600,5.840909004211426
8403648,5.547945022583008
8404272,5.636363506317139
8404352,5.565610885620117
8404800,5.650224208831787
8405632,5.882352828979492
8406688,5.659090995788574
8407456,5.723981857299805
8408320,5.82191801071167
8410144,6.010638236999512
8411424,5.6306304931640625
8412832,5.4910712242126465
8413648,5.740740776062012
8413808,5.769230842590332
8414720,5.8597283363342285
8414784,5.8108110427856445
8415408,5.6392693519592285
8415792,5.814479827880859
8422480,5.5069122314453125
8422640,5.730088710784912
8424288,5.429864406585693
8424768,5.6108598709106445
8425632,5.568181991577148
8426496,5.563063144683838
8426608,5.439815044403076
8430032,5.585585594177246
8430112,5.642201900482178
8432416,5.762331962585449
8432752,5.565610885620117
8433664,5.5069122314453125
8434752,5.717488765716553
8436544,5.547945022583008
8437168,5.855855941772461
8438512,5.5829596519470215
8438672,5.6108598709106445
8439520,5.669642925262451
8442496,5.529953956604004
8443824,5.888888835906982
8444848,5.78341007232666
8445680,5.714285850524902
8446112,5.844444274902344
8447008,5.870535850524902
8449568,5.720930099487305
8450320,5.746606349945068
8451408,6.045454502105713
8452464,5.590909004211426
8452960,5.627802848815918
8456912,5.636363506317139
8457392,5.527523040771484
8457616,5.7762556076049805
8460944,5.633484363555908
8461104,5.791855335235596
8462592,5.7272725105285645
8463360,5.746606349945068
8463856,5.4910712242126465
8464064,5.701357364654541
8464288,5.804347991943359
8464768,5.825687885284424
8464960,5.695067405700684
8466176,5.560538291931152
8468288,5.8447489738464355
8468896,5.9375
8470928,5.784753322601318
8472432,5.7272725105285645
8473312,5.739910125732422
8474064,5.955555438995361
8475024,6.024844646453857
8475456,5.788288116455078
8476256,5.1724138259887695
8477584,6.004566192626953
8478032,6.188340663909912
8478528,5.619266033172607
8478896,5.7727274894714355
8479120,5.877192974090576
8480048,5.9276018142700195
8480880,5.8108110427856445
8481696,5.791855335235596
8482048,6.004566192626953
8482688,5.945945739746094
8485264,6.0
8485584,5.740740776062012
8488800,5.5
8489152,5.675675868988037
8489200,6.084070682525635
8491536,6.068181991577148
8491904,5.470851898193359
8492448,5.814978122711182
8495568,5.936072826385498
8495888,5.7272725105285645
8496304,6.044444561004639
8496336,5.6167402267456055
8496720,5.5227274894714355
8496880,5.787233829498291
8496944,5.497737407684326
8497856,5.882352828979492
8498512,6.055046081542969
8499552,5.96846866607666
8501392,6.090909004211426
8503024,5.8108110427856445
8503824,5.7589287757873535
8503904,5.8071746826171875
8504000,5.909090995788574
8504064,5.886363506317139
8504976,5.739910125732422
8505232,5.755395889282227
8506704,5.672645568847656
8506880,5.891891956329346
8506912,5.5069122314453125
8507168,5.723684310913086
8507552,5.882352828979492
8510208,5.8071746826171875
8513568,5.739910125732422
8513664,5.686695098876953
8514528,5.792951583862305
8515184,5.868263244628906
8515856,5.698198318481445
8516304,5.54054069519043
8516432,5.614973068237305
8518416,5.936072826385498
8518720,5.7727274894714355
8522400,5.807860374450684
8524336,5.688889026641846
8528736,5.756880760192871
8529328,5.877192974090576
8529712,5.806451797485352
8534016,5.395349025726318
8534896,5.7207207679748535
8535312,5.616438388824463
8535424,5.792951583862305
8535776,5.572519302368164
8536400,5.799086570739746
8536560,5.681818008422852
8536848,5.495495319366455
8538448,5.6108598709106445
8538800,5.599078178405762
8539584,5.68807315826416
8541920,5.879629611968994
8543136,5.675675868988037
8543568,6.063348293304443
8543712,5.691964149475098
8546480,5.75
8549904,5.720930099487305
8551216,5.814479827880859
8553536,5.633484363555908
8554352,5.691964149475098
8555872,6.1086955070495605
8556224,6.018099784851074
8557424,5.833333492279053
8557424,5.68807315826416
8557888,5.681818008422852
8561424,5.704545497894287
8561888,5.642201900482178
8562496,5.892857074737549
8564992,5.875576019287109
8565968,5.633484363555908
8566144,5.730593681335449
8567520,5.784753322601318
8567680,5.733944892883301
8571616,5.882352828979492
8571808,5.717488765716553
8575392,5.762331962585449
8576848,5.735930919647217
8578256,5.733944892883301
8578432,6.243386268615723
8579536,5.8035712242126465
8580240,5.678732872009277
8582160,5.784753322601318
8583808,5.76576566696167
8585152,5.774336338043213
8585472,5.633484363555908
8586592,6.044444561004639
8587712,5.753424644470215
8588720,5.675675868988037
8589008,5.7727274894714355
8590096,5.802752494812012
8590192,6.126126289367676
8591392,5.917030334472656
8592080,5.7207207679748535
8592704,5.662100315093994
8593328,5.75
8594560,5.633484363555908
8596064,5.818181991577148
8598432,5.760368824005127
8599280,5.568181991577148
8600032,5.814479827880859
8601680,5.733333110809326
8601824,5.969827651977539
8602352,5.704545497894287
8603312,5.714285850524902
8603440,5.622119903564453
8603648,5.911110877990723
8605312,5.619469165802002
8605920,5.743243217468262
8607152,5.9633026123046875
8610160,5.795454502105713
8610224,5.833333492279053
8611792,5.96846866607666
8612432,5.7727274894714355
8613328,5.641592979431152
8613392,5.730593681335449
8615104,5.497737407684326
8617008,5.644444465637207
8617216,5.691964149475098
8617488,5.802752494812012
8617744,5.8071746826171875
8619504,5.783783912658691
8620736,6.108597278594971
8620736,5.852534770965576
8621936,5.8968610763549805
8622496,5.7727274894714355
8625520,5.852017879486084
8627920,5.726872444152832
8629056,5.431818008422852
8631088,5.662100315093994
8632720,5.717488765716553
8632880,5.656108379364014
8633552,5.678732872009277
8634880,5.638766288757324
8637568,5.525114059448242
8639840,5.656108379364014
8639888,5.769230842590332
8640880,5.91928243637085
8641968,5.656108379364014
8642576,5.933333396911621
8643488,5.580357074737549
8646928,5.740740776062012
8647136,5.650224208831787
8649872,5.818583965301514
8649952,5.939393997192383
8650528,5.825892925262451
8651808,5.833333492279053
8653536,5.739910125732422
8654112,5.650224208831787
8656048,5.855855941772461
8656176,5.799086570739746
8656400,5.799086570739746
8658304,5.530303001403809
8659936,5.840909004211426
8661216,5.753424644470215
8661584,5.636363506317139
8662592,5.560538291931152
8663408,5.8108110427856445
8666912,5.894495487213135
8667664,5.672645568847656
8668288,5.681818008422852
8668720,5.605381011962891
8669744,5.659090995788574
8673008,5.696969509124756
8673824,5.779816627502441
8674864,5.717488765716553
8676528,5.707762718200684
8678048,5.56872034072876
8678144,5.5227274894714355
8678880,5.833333492279053
8679600,5.39170503616333
8680976,5.96846866607666
8681568,5.410958766937256
8682064,5.644444465637207
8682960,5.678732872009277
8683504,5.770925045013428
8686480,5.570776462554932
8688656,5.76576566696167
8691312,5.662100315093994
8693600,5.6306304931640625
8694144,5.416666507720947
8698304,5.504587173461914
8698576,4.629629611968994
8699248,5.672645568847656
8699552,5.665137767791748
8702096,5.662100315093994
8704288,5.607476711273193
8705536,5.8447489738464355
8706128,5.837103843688965
8706560,5.8071746826171875
8706880,5.698198318481445
8708160,5.900900840759277
8709904,5.691244125366211
8710064,5.76576566696167
8710112,5.42553186416626
8710960,5.69767427444458
8712704,5.585585594177246
8714000,5.904977321624756
8716160,5.465116500854492
8718624,5.6108598709106445
8719696,5.7272725105285645
8721984,5.825892925262451
8725824,5.605381011962891
8725968,5.698198318481445
8726704,5.756880760192871
8727648,6.058558464050293
8727840,5.678732872009277
8728320,5.931818008422852
8731056,5.698198318481445
8733952,5.844444274902344
8734208,5.685840606689453
8735376,5.848623752593994
8736208,5.659090995788574
8736256,5.698198318481445
8736464,5.525114059448242
8736768,5.870535850524902
8737296,5.7272725105285645
8737632,5.8296942710876465
8739344,5.704545497894287
8739760,5.656108379364014
8739840,5.739910125732422
8740960,5.493273735046387
8741792,5.829596519470215
8742496,5.8968610763549805
8743344,5.493273735046387
8743504,5.766870975494385
8744384,5.538116455078125
8745328,5.7272725105285645
8746080,5.762331962585449
8747120,5.577777862548828
8748176,5.370370388031006
8748352,5.748898506164551
8749776,5.7641921043396
8751472,5.678732872009277
8751632,5.681818008422852
8752016,5.789473533630371
8752384,5.743243217468262
8752416,5.990991115570068
8754016,5.696202754974365
8754048,5.678732872009277
8755312,5.6026787757873535
8755984,5.714285850524902
8757568,5.672645568847656
8758784,5.900900840759277
8761472,5.324675559997559
8761584,5.704545497894287
8763968,5.6473212242126465
8764288,5.840909004211426
8764864,5.7207207679748535
8768176,5.534883499145508
8770992,5.818181991577148
8771376,5.802752494812012
8772064,5.931818008422852
8772256,5.840707778930664
8772352,5.714285850524902
8775040,5.657894611358643
8775040,5.877192974090576
8775792,5.75
8777392,5.636363506317139
8782192,5.7272725105285645
8782224,5.558035850524902
8782352,5.707762718200684
8783440,6.0333333015441895
8785696,5.788288116455078
8786480,5.879629611968994
8787408,5.531914710998535
8788848,5.4910712242126465
8790032,5.788288116455078
8791536,5.659090995788574
8791600,5.723981857299805
8792672,5.5227274894714355
8793056,5.7522125244140625
8793248,5.666666507720947
8796208,5.75
8796352,6.1160712242126465
8796416,5.6473212242126465
8797904,5.775862216949463
8798080,5.7272725105285645
8798544,5.504587173461914
8800400,5.656108379364014
8800704,5.535714149475098
8805200,5.5227274894714355
8806608,5.704545497894287
8807664,6.008771896362305
8807856,5.894495487213135
8809104,5.7762556076049805
8809376,5.78125
8812144,5.800000190734863
8812688,5.762331962585449
8813376,5.760368824005127
8813712,5.799086570739746
8814176,5.714285850524902
8816912,5.704545497894287
8817760,5.9375
8819472,5.656108379364014
8819856,5.656108379364014
8820400,5.862832069396973
8821376,5.955555438995361
8821888,5.867579936981201
8822048,5.8447489738464355
8823344,5.771605014801025
8823584,5.720930099487305
8824912,5.818181991577148
8826112,5.545454502105713
8827168,5.784753322601318
8829184,5.763888835906982
8830032,5.972850799560547
8830576,5.717488765716553
8833232,6.085972785949707
8834080,5.642201900482178
8840672,5.91928243637085
8840880,5.848214149475098
8841712,5.958904266357422
8842128,5.863636493682861
8844400,5.185184955596924
8845264,5.9276018142700195
8845568,5.859030723571777
8846112,5.68493127822876
8846400,5.840707778930664
8847216,5.695067405700684
8847776,5.784753322601318
8847904,6.055046081542969
8847968,5.723981857299805
8848208,5.2717390060424805
8849632,5.936072826385498
8850496,5.791855335235596
8850784,5.788288116455078
8852144,5.8071746826171875
8852544,5.087719440460205
8852704,5.863636493682861
8855984,5.841121673583984
8856032,5.867579936981201
8856048,5.91304349899292
8857600,5.650224208831787
8857936,5.9598212242126465
8860992,5.707762718200684
8861504,5.743243217468262
8863072,5.656108379364014
8863120,5.837103843688965
8863392,5.837103843688965
8864240,5.65217399597168
8864384,5.75
8864672,5.7860260009765625
8866800,5.769230842590332
8867616,5.818181991577148
8869296,5.7272725105285645
8870160,5.78341007232666
8871488,5.678732872009277
8871776,5.788288116455078
8874112,5.743243217468262
8878352,6.1187214851379395
8878368,5.717488765716553
8878576,5.788288116455078
8879056,5.995575428009033
8880768,5.945945739746094
8881776,5.8968610763549805
8881872,6.045454502105713
8881872,5.848623752593994
8881888,5.886363506317139
8882560,5.642201900482178
8884224,5.950226306915283
8884560,4.300000190734863
8887328,5.938864707946777
8887920,5.5829596519470215
8888480,5.671296119689941
8891408,5.882352828979492
8891472,5.788288116455078
8892640,5.6473212242126465
8895072,5.688889026641846
8896128,5.792951583862305
8896128,5.762331962585449
8898656,5.829596519470215
8898704,5.78125
8899680,5.840909004211426
8901168,5.662100315093994
8901376,5.906976699829102
8902016,5.616438388824463
8902256,5.669642925262451
8903360,5.7207207679748535
8904656,5.829493045806885
8904960,5.784753322601318
8905168,5.680473327636719
8905568,5.746606349945068
8907504,5.862832069396973
8909504,6.126126289367676
8910848,5.698689937591553
8911968,5.668202877044678
8914048,6.027397155761719
8918976,5.818181991577148
8919008,5.894495487213135
8921520,5.958904266357422
8922560,5.769230842590332
8924128,5.7207207679748535
8926128,5.506608009338379
8926992,5.753424644470215
8927296,5.450450420379639
8928848,5.829596519470215
8929856,5.733333110809326
8930592,5.9375
8930832,5.892857074737549
8930944,5.7272725105285645
8932192,5.837103843688965
8934352,5.730593681335449
8937728,5.746606349945068
8937728,5.68493127822876
8937856,5.756880760192871
8940528,5.837103843688965
8941312,5.852017879486084
8943120,5.9234232902526855
8945376,5.69767427444458
8946624,5.991379261016846
8947568,5.532407283782959
8951056,5.714285850524902
8951728,5.753424644470215
8952432,5.662100315093994
8957056,6.004566192626953
8958608,5.853658676147461
8962800,5.592105388641357
8963328,5.67685604095459
8965456,5.945945739746094
8965584,5.9375
8965696,5.954545497894287
8965968,5.7110090255737305
8966032,5.6392693519592285
8967888,5.707762718200684
8969472,5.802752494812012
8970512,5.964912414550781
8973072,5.833333492279053
8973168,5.9375
8974240,5.754310131072998
8974992,5.642201900482178
8976256,5.78341007232666
8976288,5.777777671813965
8976656,5.986546993255615
8976672,6.061946868896484
8978576,5.933333396911621
8978608,6.222222328186035
8979232,5.68493127822876
8983360,5.818181991577148
8983840,5.884955883026123
8983984,5.964125633239746
8987536,6.053811550140381
8989280,5.746606349945068
8990464,6.159090995788574
8990688,6.0
8991104,5.833333492279053
8992784,5.802752494812012
9000656,6.044444561004639
9001584,5.7272725105285645
9001760,5.7272725105285645
9003552,5.665137767791748
9004176,5.852017879486084
9004944,5.76576566696167
9005168,5.739910125732422
9005552,5.882352828979492
9007040,5.909090995788574
9007152,5.848214149475098
9007856,5.8715596199035645
9010608,5.672645568847656
9010624,5.8968610763549805
9011328,5.608108043670654
9011952,5.825687885284424
9012176,5.578703880310059
9012208,5.788288116455078
9012400,5.8035712242126465
9014240,5.955555438995361
9014976,5.6086955070495605
9015808,5.774336338043213
9017792,5.656108379364014
9017904,5.68493127822876
9018320,5.821596145629883
9018496,5.730593681335449
9019152,5.8071746826171875
9019392,5.76576566696167
9021520,5.8222222328186035
9022192,5.894495487213135
9022672,5.730593681335449
9022736,5.982142925262451
9022864,5.802752494812012
9025584,5.904977321624756
9025808,5.844444274902344
9026096,6.053811550140381
9026544,5.743243217468262
9028496,5.825687885284424
9032960,5.855855941772461
9033552,5.642201900482178
9035680,6.053811550140381
9036272,5.866666793823242
9036528,5.495495319366455
9040560,5.8222222328186035
9042496,5.8385090827941895
9043696,5.788288116455078
9044928,5.8108110427856445
9046448,5.76576566696167
9046592,5.833333492279053
9047888,5.662100315093994
9049584,5.904977321624756
9052096,5.848214149475098
9053136,5.4751129150390625
9054816,5.833333492279053
9054912,5.837103843688965
9057728,5.829596519470215
9058064,5.789473533630371
9058288,5.8447489738464355
9061200,5.894495487213135
9061776,6.17511510848999
9062736,5.675675868988037
9063280,5.68493127822876
9063776,5.6875
9065296,5.7762556076049805
9069584,5.788288116455078
9071056,5.678732872009277
9073344,5.678732872009277
9073712,5.648148059844971
9075648,5.7522125244140625
9075776,5.739910125732422
9075840,5.806451797485352
9077280,5.833333492279053
9078112,5.870535850524902
9078512,5.855855941772461
9079328,5.862832069396973
9080176,5.7589287757873535
9081760,5.7110090255737305
9081824,5.909090995788574
9087728,5.9234232902526855
9088944,5.9772725105285645
9089952,5.972850799560547
9090368,5.964912414550781
9091344,6.061946868896484
9091952,5.848214149475098
9092400,5.733944892883301
9093856,5.8552632331848145
9094032,5.818181991577148
9096048,5.855855941772461
9096352,5.9887003898620605
9098416,5.950226306915283
9100544,5.8597283363342285
9103120,5.701357364654541
9103504,5.740740776062012
9106608,5.795454502105713
9108288,5.935828685760498
9108320,5.78341007232666
9109232,5.68807315826416
9109328,6.2443437576293945
9110256,5.941704273223877
9111888,5.78125
9112592,5.840909004211426
9114192,5.695067405700684
9116240,5.881057262420654
9117344,5.882352828979492
9117840,5.859030723571777
9119040,5.933333396911621
9120944,5.8370041847229
9123584,5.840707778930664
9124432,5.691964149475098
9124480,5.568181991577148
9125744,5.799086570739746
9126816,5.769230842590332
9128448,5.685840606689453
9130800,5.958904266357422
9131696,5.7207207679748535
9133280,5.714285850524902
9133296,5.645161151885986
9133888,5.5069122314453125
9135136,5.565610885620117
9135472,5.568181991577148
9136768,5.76576566696167
9140240,5.508474349975586
9143952,5.7589287757873535
9144032,5.669642925262451
9146784,5.8370041847229
9147168,5.558035850524902
9149264,5.707762718200684
9150864,5.580357074737549
9151104,5.8071746826171875
9152528,5.777777671813965
9152816,5.504587173461914
9152944,5.6108598709106445
9154032,5.788288116455078
9154512,5.5947136878967285
9154704,5.4910712242126465
9154720,5.6306304931640625
9156512,5.472972869873047
9156832,5.493273735046387
9157120,5.0
9157856,5.867579936981201
9157984,5.593607425689697
9158304,5.7272725105285645
9158336,5.7727274894714355
9159232,5.814978122711182
9161792,5.627906799316406
9163904,5.723981857299805
9166480,5.54054069519043
9167056,5.739910125732422
9167168,5.9772725105285645
9168928,5.950226306915283
9168992,5.568181991577148
9169024,5.848214149475098
9170096,5.511111259460449
9172128,5.479452133178711
9172816,5.907079696655273
9173648,5.5429863929748535
9175536,5.552995204925537
9175728,5.8035712242126465
9176336,5.762712001800537
9177152,5.802752494812012
9180512,5.900900840759277
9180736,5.91928243637085
9182144,5.882352828979492
9183168,5.590909004211426
9184224,5.714285850524902
9185072,5.730088710784912
9189488,5.608108043670654
9189872,5.613636493682861
9190128,5.7522125244140625
9190336,5.627802848815918
9190480,5.799086570739746
9190704,5.493273735046387
9191744,5.691964149475098
9192496,5.808383464813232
9194064,5.538116455078125
9194992,5.638766288757324
9197264,5.695067405700684
9199600,5.894495487213135
9200592,5.678732872009277
9201168,5.9375
9202144,5.755555629730225
9204384,5.688889026641846
9210080,5.799086570739746
9212320,5.52036190032959
9213616,5.613636493682861
9214336,5.802469253540039
9216256,5.5180182456970215
9216800,5.913241863250732
9216896,5.788288116455078
9217200,5.818583965301514
9218448,5.73913049697876
9221920,5.55555534362793
9222560,5.736607074737549
9226512,5.769230842590332
9227520,5.653152942657471
9228048,6.0572686195373535
9231104,5.695067405700684
9232976,5.991189479827881
9233680,5.862832069396973
9237216,5.863636493682861
9237568,5.769230842590332
9238448,5.964125633239746
9239808,5.972850799560547
9240240,5.852534770965576
9242240,5.714285850524902
9243680,5.9234232902526855
9244272,5.82191801071167
9244464,5.870535850524902
9244672,5.870535850524902
9244704,5.852017879486084
9244768,5.882352828979492
9245584,5.627802848815918
9247152,5.9210524559021
9248336,5.76576566696167
9250720,5.8108110427856445
9251520,5.859872817993164
9252688,5.650224208831787
9253984,5.669642925262451
9255040,5.585585594177246
9256304,6.133333206176758
9257520,5.818181991577148
9261040,5.958904266357422
9261520,5.753424644470215
9262208,5.714285850524902
9262592,5.851528167724609
9263488,5.833333492279053
9264416,5.863636493682861
9266144,5.68493127822876
9266800,5.882352828979492
9268144,5.717488765716553
9268752,5.802469253540039
9269280,5.678732872009277
9270464,5.883720874786377
9270992,5.714285850524902
9271728,5.739910125732422
9271984,5.730593681335449
9272816,5.795454502105713
9273264,5.788288116455078
9275280,5.6108598709106445
9275488,5.68807315826416
9275520,5.76576566696167
9276528,5.874439239501953
9280016,5.898617744445801
9282112,5.714285850524902
9282448,5.800000190734863
9285136,5.911110877990723
9286448,5.098039150238037
9288464,6.052631378173828
9289552,6.108597278594971
9289584,5.9817352294921875
9291072,5.97560977935791
9293088,5.825687885284424
9294624,6.095890522003174
9295824,5.746606349945068
9296944,5.769230842590332
9297392,5.888888835906982
9297776,6.126126289367676
9298128,5.550458908081055
9298928,6.063348293304443
9300432,5.878378391265869
9300960,5.857142925262451
9301984,5.909090995788574
9308048,5.784753322601318
9308144,5.8222222328186035
9309808,5.855855941772461
9315456,5.791855335235596
9318688,5.636363506317139
9321840,5.8108110427856445
9322448,5.650224208831787
9322736,6.030701637268066
9326304,5.96846866607666
9326656,5.604650974273682
9327696,5.743243217468262
9329184,5.769230842590332
9331264,5.743243217468262
9332592,5.678732872009277
9333120,5.9276018142700195
9333904,5.844444274902344
9334704,5.7079644203186035
9334784,5.707762718200684
9335952,5.829493045806885
9336528,5.75
9336608,5.806451797485352
9337104,5.931818008422852
9337552,5.748898506164551
9341056,6.238532066345215
9341872,5.7272725105285645
9343568,5.886363506317139
9346832,5.711111068725586
9347472,5.799086570739746
9349040,5.945945739746094
9351088,5.622222423553467
9352784,5.723981857299805
9355264,5.878378391265869
9361936,5.6026787757873535
9365616,5.550458908081055
9366608,6.076233386993408
9367104,5.695067405700684
9369040,5.704545497894287
9370704,5.825892925262451
9374720,5.6473212242126465
9374736,5.650224208831787
9376176,5.577777862548828
9377856,5.788288116455078
9378272,5.4751129150390625
9379328,5.743243217468262
9380016,5.904977321624756
9382928,5.6473212242126465
9383328,5.954545497894287
9384640,5.866666793823242
9384880,5.865800857543945
9385056,5.482456207275391
9385360,6.018099784851074
9385360,5.802752494812012
9385872,5.8597283363342285
9386848,5.753424644470215
9387312,5.75
9388416,5.82191801071167
9388496,5.5180182456970215
9389472,5.669642925262451
9392448,5.818181991577148
9394176,5.7589287757873535
9394528,6.008968830108643
9395568,5.814978122711182
9395680,5.7272725105285645
9398928,5.633187770843506
9398992,5.833333492279053
9400480,5.843023300170898
9401440,5.91928243637085
9404240,5.756880760192871
9405072,5.530973434448242
9406064,5.931818008422852
9406448,5.9210524559021
9407856,5.97777795791626
9410432,5.762331962585449
9412128,5.726872444152832
9412240,5.525114059448242
9413680,5.945945739746094
9413952,5.570776462554932
9415056,5.717488765716553
9420336,5.870535850524902
9423712,5.862832069396973
9423968,5.774336338043213
9426544,5.904977321624756
9427312,5.736607074737549
9427568,5.8035712242126465
9428256,5.864197731018066
9428288,6.039823055267334
9428960,5.91928243637085
9429344,5.892857074737549
9430112,5.6306304931640625
9431536,5.921658992767334
9432528,5.990991115570068
9432896,5.8597283363342285
9434672,5.619266033172607
9435136,5.78125
9435520,5.619469165802002
9437184,5.877192974090576
9438464,5.818583965301514
9439664,5.659090995788574
9440704,5.890410900115967
9440992,5.593607425689697
9441488,5.746606349945068
9442496,5.855855941772461
9444576,6.008968830108643
9448224,5.704845905303955
9448240,5.814479827880859
9449632,5.825892925262451
9449664,5.848214149475098
9452848,5.941704273223877
9453200,6.081080913543701
9455168,5.6108598709106445
9455856,6.0
9457904,5.859030723571777
9458704,5.681818008422852
9458704,5.814978122711182
9459552,6.035242080688477
9460000,5.8035712242126465
9462352,5.947136402130127
9462880,5.5829596519470215
9463120,5.926723957061768
9463536,5.75
9465024,5.672645568847656
9465248,5.791855335235596
9466768,5.859030723571777
9467216,5.795454502105713
9468704,6.027397155761719
9470192,5.814479827880859
9471216,5.909090995788574
9474464,5.874439239501953
9476624,5.837103843688965
9477312,5.744185924530029
9478272,5.644444465637207
9480256,5.791855335235596
9480384,5.903083801269531
9480784,5.879629611968994
9485392,5.852017879486084
9487104,5.972850799560547
9487488,5.9772725105285645
9488960,5.9234232902526855
9491056,5.747663497924805
9491088,5.9375
9491728,5.639534950256348
9494608,6.0
9496032,5.844444274902344
9497376,6.21004581451416
9498176,6.053811550140381
9498704,5.878378391265869
9500976,6.049107074737549
9501552,5.950226306915283
9501616,6.1777777671813965
9502208,5.779816627502441
9503120,5.972850799560547
9505424,6.063348293304443
9506768,6.0
9510144,5.904977321624756
9510336,5.9234232902526855
9512528,6.036036014556885
9512976,5.9234232902526855
9513056,6.108597278594971
9513760,5.900900840759277
9513952,5.711111068725586
9515856,5.900900840759277
9516064,5.818181991577148
9516656,5.870535850524902
9519296,5.909090995788574
9520096,5.788288116455078
9520800,5.788288116455078
9520816,5.9276018142700195
9521184,5.825892925262451
9523552,6.103603839874268
9523776,6.084070682525635
9524096,6.148648738861084
9527920,5.837103843688965
9528336,5.855855941772461
9528752,6.055046081542969
9529840,6.031390190124512
9533568,6.045454502105713
9534416,6.027397155761719
9535360,5.886363506317139
9537904,5.944700241088867
9538560,6.027397155761719
9538944,6.081080913543701
9541072,5.863636493682861
9541200,6.21004581451416
9542288,5.905172348022461
9542944,5.986546993255615
9544304,5.8597283363342285
9550176,6.026785850524902
9551776,5.675675868988037
9553168,5.7207207679748535
9554304,5.608108043670654
9554624,6.155555725097656
9554992,5.675675868988037
9555408,5.663716793060303
9555456,5.8597283363342285
9555760,5.8715596199035645
9557552,5.9598212242126465
9559280,5.936072826385498
9560368,5.899122714996338
9560496,5.703125
9562096,5.795454502105713
9562752,5.688889026641846
9563760,5.818181991577148
9566240,5.7373270988464355
9567472,5.900900840759277
9568032,5.784753322601318
9569616,5.599078178405762
9569920,5.825687885284424
9571728,5.659090995788574
9573136,5.5760369300842285
9573376,6.09375
9573392,5.743243217468262
9573472,5.837103843688965
9574480,5.982142925262451
9574560,5.8715596199035645
9575152,5.8597283363342285
9576144,5.698198318481445
9576992,5.736607074737549
9578016,5.840909004211426
9579104,5.717488765716553
9580272,5.818181991577148
9581168,5.9817352294921875
9587136,5.599999904632568
9587568,5.681818008422852
9587680,5.972850799560547
9588880,5.933333396911621
9589600,5.892857074737549
9590976,5.97560977935791
9591088,5.82191801071167
9592272,5.97777795791626
9593376,5.802752494812012
9594432,5.695067405700684
9594544,5.608108043670654
9595664,5.8447489738464355
9595984,5.8108110427856445
9596752,5.746606349945068
9597264,5.666666507720947
9597984,5.837103843688965
9598112,6.058558464050293
9599264,5.8035712242126465
9600112,5.685483932495117
9600288,5.704545497894287
9603072,5.788288116455078
9606800,5.608108043670654
9608656,5.597345352172852
9610336,5.7272725105285645
9612784,5.9598212242126465
9614368,5.922618865966797
9615136,5.714285850524902
9615680,5.665137767791748
9617904,5.7272725105285645
9618736,5.6473212242126465
9619328,5.951327323913574
9619536,5.9375
9621248,5.701357364654541
9621248,5.840707778930664
9622736,5.779816627502441
9623056,5.9817352294921875
9628064,5.829493045806885
9628640,5.945945739746094
9633408,5.9598212242126465
9633584,5.806451797485352
9633696,6.004464149475098
9633872,5.76576566696167
9635744,5.900900840759277
9635792,5.784753322601318
9636240,5.78125
9636528,5.814479827880859
9636704,5.840909004211426
9638336,5.410958766937256
9639200,5.627802848815918
9639456,5.877192974090576
9640112,5.852017879486084
9641328,5.7727274894714355
9643008,5.742358207702637
9645088,5.814479827880859
9645840,5.8222222328186035
9647200,5.945945739746094
9648064,5.568181991577148
9648576,5.852534770965576
9649824,5.791855335235596
9651728,5.964912414550781
9651968,5.723981857299805
9652288,5.588235378265381
9653792,5.866666793823242
9654528,5.653152942657471
9656864,5.5829596519470215
9658656,5.900900840759277
9658896,5.892857074737549
9659376,5.840909004211426
9659680,5.852017879486084
9660176,5.672645568847656
9660800,5.890410900115967
9662224,5.653152942657471
9662656,5.7727274894714355
9663232,5.769230842590332
9664768,6.026785850524902
9666192,5.863636493682861
9666768,5.909090995788574
9667552,6.049107074737549
9668224,6.147186279296875
9668624,5.852534770965576
9670256,5.935672283172607
9670832,5.8715596199035645
9671104,5.6108598709106445
9671360,5.890410900115967
9672160,5.681818008422852
9672592,5.622119903564453
9673056,5.755555629730225
9674416,5.560538291931152
9674992,5.818583965301514
9675408,5.882352828979492
9676176,5.784753322601318
9678192,5.898617744445801
9678896,5.898617744445801
9680512,5.964125633239746
9680944,5.818583965301514
9682912,5.675675868988037
9683664,5.886363506317139
9683968,5.91928243637085
9684512,5.762331962585449
9684800,5.904761791229248
9685344,5.538116455078125
9685648,5.779816627502441
9685968,5.585585594177246
9687552,5.941704273223877
9688032,5.799086570739746
9690544,5.958904266357422
9691600,5.900900840759277
9692240,5.867579936981201
9695760,5.7762556076049805
9697696,5.6306304931640625
9697776,5.990783214569092
9698848,5.7589287757873535
9702400,5.837103843688965
9704752,5.5429863929748535
9705904,5.894495487213135
9707328,5.913241863250732
9708096,4.8214287757873535
9708304,5.633484363555908
9708528,5.760368824005127
9709904,5.909090995788574
9711616,5.616438388824463
9713488,5.762331962585449
9715136,5.6392693519592285
9717280,5.875576019287109
9717520,5.678732872009277
9717536,5.9782609939575195
9718784,5.848214149475098
9719424,5.106382846832275
9721888,5.746606349945068
9722240,5.958904266357422
9722496,6.013513565063477
9724544,5.747663497924805
9724704,5.945945739746094
9724784,5.913241863250732
9725952,5.767441749572754
9728160,5.711111068725586
9729520,5.8108110427856445
9732464,5.886363506317139
9733072,5.9276018142700195
9733536,5.840909004211426
9734096,5.892857074737549
9734384,6.026785850524902
9736112,5.875
9738464,5.662100315093994
9739008,5.837103843688965
9739536,5.829596519470215
9741392,5.678732872009277
9742672,5.82191801071167
9743168,5.76576566696167
9743872,5.9276018142700195
9744976,5.784753322601318
9745136,5.913241863250732
9749760,5.863636493682861
9750192,5.799086570739746
9750976,5.931818008422852
9751792,5.668202877044678
9751936,5.671296119689941
9753264,5.756880760192871
9755504,6.045454502105713
9756304,5.829596519470215
9759104,5.9598212242126465
9759344,5.714285850524902
9762304,5.9151787757873535
9762880,5.590909004211426
9763632,5.878378391265869
9764032,5.672645568847656
9765872,5.8108110427856445
9766336,5.627906799316406
9766656,5.950920104980469
9768112,5.894495487213135
9769920,5.829596519470215
9770608,5.769230842590332
9771504,5.828220844268799
9774128,5.662100315093994
9777712,5.762331962585449
9777856,5.7110090255737305
9780176,6.143497943878174
9781296,5.730593681335449
9781312,5.78125
9784016,5.682819366455078
9784016,5.753424644470215
9784624,5.698198318481445
9785760,5.513392925262451
9788544,5.863636493682861
9789952,5.766870975494385
9790128,5.926723957061768
9793648,5.799086570739746
9796688,5.9259257316589355
9797120,5.8296942710876465
9801616,6.04072380065918
9801712,5.9375
9801824,5.746606349945068
9807264,5.972850799560547
9807792,6.009174346923828
9807904,5.767543792724609
9808960,5.746606349945068
9811744,6.100917339324951
9813936,5.848623752593994
9816784,5.8222222328186035
9819792,5.800000190734863
9820704,5.76576566696167
9821136,5.829596519470215
9822096,5.767543792724609
9822144,5.733333110809326
9823152,5.928143501281738
9824512,5.608108043670654
9825168,5.547945022583008
9827408,5.535714149475098
9828576,5.671296119689941
9833008,5.526315689086914
9835104,5.851528167724609
9836848,5.717592716217041
9838800,5.409090995788574
9839376,5.678732872009277
9840816,5.605381011962891
9841152,5.6473212242126465
9841840,5.695067405700684
9842960,5.470851898193359
9843728,5.792951583862305
9845424,5.5829596519470215
9846016,5.78125
9847136,5.650224208831787
9849008,5.739910125732422
9852560,5.550000190734863
9853088,5.641592979431152
9854400,5.525114059448242
9858144,5.568181991577148
9860160,5.575221061706543
9861808,5.691964149475098
9862160,5.791855335235596
9863264,5.644444465637207
9864032,5.5829596519470215
9865120,5.588235378265381
9865344,5.698198318481445
9868848,5.642201900482178
9868944,5.493273735046387
9870480,5.365296840667725
9871392,5.704845905303955
9872544,5.55555534362793
9874080,5.892857074737549
9874976,5.762331962585449
9876080,5.78125
9876960,5.748898506164551
9877888,5.8447489738464355
9881040,5.9598212242126465
9881696,5.578703880310059
9883216,5.769230842590332
9884608,5.6306304931640625
9884912,5.578703880310059
9885696,5.800865650177002
9887600,5.605381011962891
9888240,5.973451137542725
9888368,5.4464287757873535
9888512,6.049107074737549
9888720,5.590909004211426
9888896,5.622222423553467
9890496,5.530973434448242
9890592,5.788288116455078
9890800,5.506608009338379
9891104,5.825687885284424
9891216,5.625
9892336,5.911110877990723
9893744,5.704545497894287
9894592,5.77142858505249
9894784,5.743243217468262
9895488,5.691244125366211
9895952,5.7272725105285645
9897376,6.125
9898976,5.668202877044678
9899680,5.644444465637207
9900960,5.545454502105713
9900976,5.8035712242126465
9905440,5.8071746826171875
9906752,5.7110090255737305
9908192,5.572687149047852
9908304,5.714285850524902
9910928,5.574712753295898
9911472,5.5
9911792,5.669642925262451
9911824,5.570776462554932
9912624,5.653152942657471
9912816,5.633484363555908
9913152,5.678732872009277
9913456,5.669642925262451
9913808,5.593607425689697
9913904,5.470851898193359
9916176,5.588235378265381
9916928,5.672645568847656
9917344,5.681818008422852
9917488,5.605381011962891
9920352,5.613636493682861
9921808,5.733333110809326
9922448,5.743243217468262
9923232,5.698198318481445
9924208,5.659090995788574
9924432,5.829493045806885
9924512,5.96846866607666
9924912,5.6108598709106445
9925952,5.779816627502441
9927792,5.470851898193359
9928144,5.575221061706543
9928992,5.7207207679748535
9929008,5.638766288757324
9930144,5.8125
9930304,5.701357364654541
9930688,5.454545497894287
9931600,5.504587173461914
9931664,5.550458908081055
9933088,5.837103843688965
9935312,5.650224208831787
9936832,5.563063144683838
9937888,6.0
9938800,5.650224208831787
9940384,5.497737407684326
9941040,5.565610885620117
9941328,5.515695095062256
9942288,5.5429863929748535
9943824,5.44444465637207
9946144,5.7906975746154785
9947600,5.911110877990723
9947824,5.5180182456970215
9948272,5.792951583862305
9949696,5.701357364654541
9949904,5.401785850524902
9951152,5.4751129150390625
9956704,5.46875
9956992,5.497737407684326
9958688,5.714285850524902
9958704,5.698198318481445
9961344,5.76576566696167
9961760,5.802752494812012
9961904,5.4666666984558105
9962320,5.488888740539551
9962704,5.730593681335449
9962896,5.515695095062256
9963200,5.642201900482178
9965360,5.825892925262451
9970000,5.672645568847656
9970160,5.613636493682861
9971024,5.563063144683838
9972096,5.9234232902526855
9974624,5.6086955070495605
9975392,5.714285850524902
9976512,5.617283821105957
9976576,5.649717330932617
9977056,5.515695095062256
9977328,5.633187770843506
9979184,5.472972869873047
9979200,5.521472454071045
9981776,5.650224208831787
9983328,5.660792827606201
9984336,5.5333333015441895
9989776,5.8222222328186035
9990816,5.733333110809326
9992624,5.553097248077393
9993824,5.4666666984558105
9994192,5.627802848815918
