step,value
320,1.899999976158142
384,1.5833333730697632
688,1.440000057220459
688,2.82608699798584
784,3.224489688873291
816,1.600000023841858
864,2.648648738861084
960,1.8235293626785278
1040,3.1578948497772217
1248,2.392857074737549
1264,1.2083333730697632
1344,2.5217392444610596
1472,2.307692289352417
1584,1.0
1616,1.3809523582458496
1744,2.857142925262451
1904,3.529411792755127
1968,1.894736886024475
2096,2.090909004211426
2192,1.8125
2336,1.814814805984497
2464,2.941176414489746
2560,3.5
2672,2.799999952316284
2688,2.6818182468414307
2976,2.0
3008,2.95652174949646
3008,2.8421051502227783
3184,3.7567567825317383
3504,3.799999952316284
3552,3.057142972946167
3808,2.2352941036224365
3872,2.2857143878936768
3904,2.0370371341705322
4016,2.119999885559082
4080,2.2352941036224365
4096,2.2352941036224365
4224,1.3809523582458496
4336,1.7200000286102295
4480,1.3809523582458496
4576,2.620689630508423
4624,2.6666667461395264
4800,1.1428571939468384
4912,2.5714285373687744
5264,3.6842105388641357
5312,2.7391304969787598
5520,1.8125
5616,1.4500000476837158
5664,1.7241379022598267
5712,2.5
5920,1.0
5984,2.736842155456543
6000,2.2068965435028076
6032,2.5199999809265137
6112,1.2083333730697632
6144,2.2121212482452393
6208,2.8235294818878174
6272,2.2857143878936768
6352,3.2352941036224365
6496,3.225806474685669
6688,2.5517241954803467
6992,1.7297297716140747
7232,2.0833332538604736
7232,2.4800000190734863
7696,2.222222328186035
7760,2.299999952316284
8016,2.370370388031006
8304,1.8125
8336,1.6799999475479126
8496,1.4736841917037964
8528,1.0
8688,2.6956522464752197
8976,1.2564102411270142
9072,3.1891891956329346
9120,1.7391303777694702
9248,3.6111111640930176
9264,3.2051281929016113
9360,1.923076868057251
9488,1.4838709831237793
9488,1.0
9792,3.215686321258545
10128,2.9285714626312256
10320,1.5263158082962036
10400,1.84375
10512,1.75
10544,2.375
10576,4.25
10816,2.3698630332946777
10912,4.050000190734863
10976,2.5999999046325684
11232,1.0
11376,1.440000057220459
11376,1.4500000476837158
11392,2.1034483909606934
11600,1.95652174949646
11712,3.08695650100708
11824,4.42307710647583
12000,2.411764621734619
12160,1.0
12352,4.142857074737549
12448,2.8235294818878174
12480,3.6470587253570557
12736,1.6956521272659302
12832,1.7826087474822998
13312,2.971428632736206
13472,3.8888888359069824
13584,1.91304349899292
13680,2.857142925262451
13808,2.5531914234161377
14080,1.5199999809265137
14320,2.076923131942749
14432,1.580645203590393
14544,3.9473683834075928
14720,2.0833332538604736
14928,1.2083333730697632
14976,1.894736886024475
15232,1.8974359035491943
15488,3.529411792755127
15616,3.78947377204895
15696,1.5428571701049805
15888,4.0
15904,1.899999976158142
15968,1.4736841917037964
16272,4.0625
16432,3.653846263885498
16464,1.7647058963775635
16688,2.86956524848938
16704,2.629629611968994
16752,3.529411792755127
16992,2.607142925262451
17136,1.75
17408,1.4500000476837158
17584,2.5185184478759766
17728,1.6388888359069824
17840,1.9047619104385376
17952,2.1481480598449707
17968,2.8125
18016,1.2083333730697632
18144,3.3333332538604736
18240,2.4210526943206787
18304,2.1764705181121826
18352,2.5
18816,1.5263158082962036
19040,1.923076868057251
19344,1.3200000524520874
19376,3.058823585510254
19392,2.2352941036224365
19424,2.6666667461395264
19472,2.736842155456543
19920,3.1034483909606934
20064,1.5263158082962036
20144,2.2580645084381104
20304,1.9375
20592,3.529411792755127
20768,3.027777671813965
20816,2.807692289352417
20992,2.3529412746429443
21072,3.8235294818878174
21168,1.8571428060531616
21312,1.0
21392,1.5263158082962036
21408,2.3913042545318604
21520,3.555555582046509
21744,2.5135135650634766
21856,1.3333333730697632
22192,2.375
22336,1.899999976158142
22528,1.0
22576,2.0
22880,1.8125
22960,1.1428571939468384
23040,3.5789473056793213
23168,3.3529412746429443
23200,2.409090995788574
23200,2.875
23280,4.888888835906982
23536,2.4000000953674316
23552,1.8125
23600,1.884615421295166
23712,2.935483932495117
23744,3.9642856121063232
23888,3.076923131942749
23904,4.192307472229004
24112,2.5
24128,1.0
24224,2.1052632331848145
24352,2.7647058963775635
24400,2.799999952316284
24528,3.6666667461395264
24528,2.238095283508301
24656,4.0
24720,1.899999976158142
24848,1.0
25088,2.8974359035491943
25136,2.9000000953674316
25440,1.0
25568,3.2727272510528564
25712,2.4000000953674316
25760,3.0
25776,3.0
26048,1.884615421295166
26448,1.4500000476837158
26512,2.777777671813965
26816,1.4500000476837158
26912,2.307692289352417
27264,2.777777671813965
27264,2.0
27520,3.620689630508423
27568,2.057142972946167
27632,1.7317073345184326
27744,2.4000000953674316
27984,2.4054055213928223
28272,2.473684310913086
28368,2.8620688915252686
28480,2.4193549156188965
28832,2.5714285373687744
28896,2.8275861740112305
29008,1.580645203590393
29088,1.6799999475479126
29216,2.5
29520,2.2941176891326904
29584,3.1111111640930176
29616,3.375
29632,1.559999942779541
29680,3.1818182468414307
29904,3.066666603088379
29920,1.545454502105713
29920,2.344827651977539
29936,3.095238208770752
30080,2.3333332538604736
30224,2.8787879943847656
30288,3.809523820877075
30464,4.121212005615234
30496,3.1875
30848,3.5999999046325684
30928,2.642857074737549
31328,2.5806450843811035
31440,3.303030252456665
31536,2.8378379344940186
31536,1.5945945978164673
31840,3.04347825050354
32160,2.409090995788574
32480,2.4800000190734863
32624,2.620689630508423
33024,1.875
33104,3.6363637447357178
33280,2.78947377204895
33376,3.25
33600,1.7647058963775635
33808,1.4814814329147339
34048,3.461538553237915
34640,2.3499999046325684
34656,2.384615421295166
34784,1.6896551847457886
35392,3.1500000953674316
35392,1.0
35504,2.6666667461395264
35680,4.117647171020508
36336,1.8125
36352,2.0370371341705322
36384,1.6666666269302368
36416,2.2941176891326904
36560,1.5416666269302368
36624,1.6206896305084229
36656,2.6956522464752197
36736,3.125
36784,2.4583332538604736
37056,2.592592477798462
37104,1.0
37328,3.617021322250366
37408,3.3333332538604736
37648,3.4285714626312256
38128,3.777777671813965
38240,1.0
38336,2.769230842590332
38384,2.08695650100708
38448,1.5263158082962036
38608,1.8125
38720,2.549999952316284
38752,2.0
38768,3.799999952316284
38832,3.303030252456665
39056,3.422222137451172
39104,3.3333332538604736
39136,3.3333332538604736
39280,4.0
39424,3.0
39456,1.4736841917037964
40000,3.6111111640930176
40112,1.8421052694320679
40240,2.9166667461395264
40320,2.5641026496887207
40416,2.5217392444610596
40592,2.9629628658294678
40608,3.5135135650634766
40624,1.8125
40736,1.9615384340286255
40768,4.5
40880,1.8125
41104,1.4500000476837158
41264,2.5
41344,2.7272727489471436
41744,3.769230842590332
41824,2.648648738861084
41856,3.6666667461395264
41872,3.2799999713897705
42432,4.226415157318115
42560,4.375
43024,2.1052632331848145
43088,1.7272727489471436
43296,2.0
43424,2.9696969985961914
43472,3.2571427822113037
43616,2.3684210777282715
43632,2.82608699798584
43904,2.4137930870056152
43920,1.814814805984497
44032,3.114285707473755
44208,2.777777671813965
44240,3.7931034564971924
44560,2.615384578704834
44576,2.75
44592,1.3333333730697632
44624,3.3333332538604736
44752,2.4000000953674316
44800,3.698113203048706
45008,1.8125
45136,3.3777778148651123
45168,2.307692289352417
45216,2.1481480598449707
45232,1.2083333730697632
45248,2.1935484409332275
45328,3.3111112117767334
45424,1.3809523582458496
45536,3.2941176891326904
45568,3.3333332538604736
45680,4.878048896789551
45824,2.444444417953491
46112,3.4848484992980957
46288,2.0
46416,3.5250000953674316
46416,2.5
46448,2.1052632331848145
46544,2.454545497894287
46688,2.46875
46720,2.375
46928,3.1034483909606934
47056,4.266666889190674
47120,2.200000047683716
47152,3.5172414779663086
47280,2.0833332538604736
47344,5.454545497894287
47360,5.0
47744,3.055555582046509
48128,1.4500000476837158
48320,2.5
48496,3.409090995788574
48640,3.939393997192383
48656,3.558823585510254
48736,4.032258033752441
48816,1.4736841917037964
48896,3.5
48944,2.941176414489746
49040,2.4583332538604736
49152,3.064516067504883
49216,1.5416666269302368
49488,4.512195110321045
49488,2.307692289352417
49600,2.82608699798584
49664,1.814814805984497
49888,2.9166667461395264
49904,2.1764705181121826
49952,4.3214287757873535
50048,4.5652174949646
50096,2.3636362552642822
50144,4.285714149475098
50304,3.0526316165924072
50416,5.526315689086914
50528,2.1875
50640,1.8125
50992,3.7931034564971924
51088,4.166666507720947
51296,3.0
51584,4.137930870056152
52000,4.166666507720947
52016,2.153846263885498
52336,3.378378391265869
52464,5.903225898742676
52752,4.787233829498291
52816,3.076923131942749
52880,2.8214285373687744
52896,3.153846263885498
53120,4.411764621734619
53568,5.55555534362793
53792,2.9600000381469727
53888,3.762500047683716
54272,3.1818182468414307
54272,5.235294342041016
54352,3.088235378265381
54576,3.3255813121795654
54624,4.57692289352417
54848,1.7352941036224365
54992,4.0
55520,1.923076868057251
55584,3.725490093231201
55728,4.440000057220459
55744,3.5357143878936768
56144,4.411764621734619
56560,4.5
56848,2.892857074737549
56944,4.682926654815674
56976,4.259259223937988
57056,2.2352941036224365
57184,1.4500000476837158
57328,4.952381134033203
57568,3.3399999141693115
57600,2.6956522464752197
57744,5.013888835906982
57920,2.473684310913086
57984,4.853658676147461
58112,3.729729652404785
58256,4.846153736114502
58304,3.7931034564971924
58608,3.04347825050354
58624,4.736842155456543
58656,3.9696969985961914
58976,2.857142925262451
59008,6.1016950607299805
59136,3.076923131942749
59376,3.700000047683716
59584,3.9189188480377197
60016,1.8095238208770752
60096,3.689655065536499
60384,3.3333332538604736
60528,5.610687255859375
60544,1.814814805984497
60656,3.8070175647735596
60656,3.4666666984558105
60944,4.583333492279053
61504,1.8125
61600,5.25
61664,4.666666507720947
61936,3.4285714626312256
62672,3.2799999713897705
62880,3.409090995788574
63344,2.8235294818878174
63648,3.829787254333496
63968,2.8947367668151855
63984,3.424999952316284
64224,4.232558250427246
65248,3.3714284896850586
65376,3.2666666507720947
65472,4.285714149475098
65824,3.25
65952,5.147058963775635
66144,5.0
66240,4.5714287757873535
66480,5.384615421295166
66992,5.121951103210449
67632,4.5428571701049805
67952,4.9375
68016,5.0
68112,3.5
68144,4.2580647468566895
68784,3.7234041690826416
69072,5.474999904632568
69216,4.269230842590332
69936,5.650000095367432
70096,2.777777671813965
70128,5.55555534362793
70352,3.878048896789551
70688,5.670103073120117
71376,3.8684210777282715
71984,6.296296119689941
72224,5.441176414489746
72320,6.162790775299072
72576,6.666666507720947
72592,3.8499999046325684
73152,6.0
73296,4.5806450843811035
73328,3.529411792755127
73712,6.089887619018555
73760,3.892857074737549
73872,5.641790866851807
74032,2.13043475151062
74080,4.34782600402832
74160,5.599999904632568
74448,6.0714287757873535
74624,2.08695650100708
75344,3.142857074737549
75632,5.659340858459473
75680,4.138888835906982
75776,5.142857074737549
76128,5.400000095367432
76304,4.285714149475098
76384,5.08695650100708
76512,5.594594478607178
76704,3.25
76768,5.6434783935546875
76928,5.8214287757873535
77216,4.878048896789551
77232,4.545454502105713
77248,6.382978916168213
77456,6.810344696044922
77664,6.111111164093018
77872,6.052631378173828
78544,5.81632661819458
78592,5.102040767669678
78800,4.181818008422852
78848,4.277777671813965
79392,5.930232524871826
79504,5.0
79872,4.361701965332031
80112,3.04347825050354
80288,5.714285850524902
80544,4.230769157409668
80576,6.087500095367432
80688,6.545454502105713
80960,4.230769157409668
81248,5.529411792755127
81632,2.08695650100708
81776,5.322580814361572
82032,4.25
82064,2.2352941036224365
82288,4.3255815505981445
82544,5.135922431945801
82896,3.799999952316284
83120,6.25
83264,4.117647171020508
83776,5.77419376373291
84720,6.92307710647583
84864,6.293103218078613
84896,5.714285850524902
85872,5.74545431137085
86112,5.104166507720947
86304,5.918604850769043
88000,5.55555534362793
88160,6.839622497558594
88192,5.769230842590332
88416,6.973684310913086
88656,3.7142856121063232
88768,5.431034564971924
88960,6.21212100982666
89008,5.699999809265137
89632,4.666666507720947
89824,6.9811320304870605
90048,3.7096774578094482
91952,6.623376846313477
92176,5.611111164093018
92304,3.942857027053833
92512,5.9375
92560,4.166666507720947
92576,2.8684210777282715
93392,5.60606050491333
93760,4.378378391265869
94384,6.25
94496,6.228070259094238
95568,3.8235294818878174
95616,5.476190567016602
95776,5.26086950302124
95840,6.510416507720947
96816,6.129032135009766
96848,5.313725471496582
97136,2.526315689086914
97712,5.148148059844971
98304,6.376811504364014
98320,6.095890522003174
98416,5.0
98448,5.964125633239746
98544,6.493902206420898
98800,4.285714149475098
98864,5.147058963775635
98976,5.9375
99024,6.320754528045654
99600,7.199999809265137
99920,5.483870983123779
100608,6.342592716217041
100912,4.4210524559021
101280,6.756756782531738
102128,6.285714149475098
102304,6.023622035980225
102768,5.535714149475098
102928,5.369565010070801
103696,6.424731254577637
104032,6.543778896331787
104848,5.901639461517334
104848,6.25
104896,5.758293628692627
105072,6.298701286315918
105184,5.588235378265381
107072,6.078431606292725
107072,7.049180507659912
107184,6.820276260375977
107328,5.813953399658203
108976,5.700934410095215
109760,5.454545497894287
109936,5.882352828979492
110064,5.875
110416,7.395833492279053
111024,6.206896781921387
111040,5.569620132446289
111232,6.028368949890137
111344,6.315789699554443
111424,6.842105388641357
111600,6.50602388381958
113248,5.69444465637207
113472,5.915493011474609
113936,6.859375
114784,6.7682929039001465
115040,6.0
115152,3.1818182468414307
115424,6.206896781921387
115520,6.708074569702148
115680,6.3537116050720215
117440,4.782608509063721
118000,6.411764621734619
119104,6.4285712242126465
119504,3.3333332538604736
119680,5.625
120368,6.396226406097412
120896,3.529411792755127
121424,5.365853786468506
121424,5.265305995941162
121456,5.95121955871582
122272,5.5
122464,6.4285712242126465
124352,5.974026203155518
124816,6.617647171020508
124816,6.623376846313477
126464,6.376811504364014
127216,6.468085289001465
127424,6.358381271362305
127680,6.565476417541504
127728,6.666666507720947
128336,5.869565010070801
128784,6.090225696563721
129120,6.09375
129232,4.629629611968994
132032,7.5471696853637695
132208,6.79104471206665
132608,6.606334686279297
132624,6.395349025726318
135072,6.73913049697876
135280,6.940639495849609
136928,5.5
137952,6.395349025726318
139936,6.2650604248046875
139984,6.875
141296,7.59375
143296,6.365079402923584
144016,7.0714287757873535
144112,6.985294342041016
145056,7.2727274894714355
145456,6.158536434173584
145472,6.941964149475098
146688,4.058823585510254
147264,7.037036895751953
148592,6.737287998199463
149056,6.929133892059326
149248,6.0
149248,5.0
149264,7.130044937133789
149664,6.875
150192,6.122807025909424
150720,3.529411792755127
151888,6.94915246963501
152576,6.724137783050537
152672,6.363636493682861
152928,5.7272725105285645
153664,6.417910575866699
154400,6.296296119689941
154416,8.043478012084961
155216,6.458333492279053
155296,7.369565010070801
155664,5.135135173797607
156000,7.25
156976,6.417910575866699
157120,7.0
157536,7.232142925262451
158688,4.44444465637207
158832,5.1785712242126465
159072,4.117647171020508
159120,4.230769157409668
160496,6.627218723297119
161504,7.511415481567383
161712,6.205263137817383
162464,7.431192874908447
162592,6.368852615356445
162832,7.085470199584961
162912,7.5
163232,5.416666507720947
163616,5.873015880584717
164576,6.933333396911621
164784,4.583333492279053
165136,6.756756782531738
165376,7.453416347503662
167168,7.1186442375183105
167696,7.090909004211426
168048,6.666666507720947
168192,5.57692289352417
168240,7.1929826736450195
168608,7.3412699699401855
168704,6.25
168736,5.7272725105285645
169056,6.855895042419434
169184,7.758620738983154
169408,6.603773593902588
172768,7.142857074737549
174864,7.409090995788574
175904,7.009132385253906
176304,7.02222204208374
176704,7.333333492279053
177856,6.458333492279053
178256,6.5227274894714355
178384,7.853881359100342
179520,7.0
179888,6.714285850524902
181152,7.149038314819336
182336,7.395349025726318
182368,7.028985500335693
183744,7.058823585510254
183984,6.941176414489746
184080,6.747252941131592
184624,7.364055156707764
184736,6.85792350769043
184960,6.933333396911621
185600,7.342342376708984
186944,7.130044937133789
187280,7.235294342041016
187328,6.210526466369629
187504,7.4528303146362305
187552,7.432432651519775
187808,6.735848903656006
188800,7.48427677154541
189920,6.333333492279053
191200,7.782608509063721
191472,7.697368621826172
191920,7.005649566650391
192320,7.345132827758789
192352,7.954545497894287
193104,7.432432651519775
193456,6.691176414489746
193728,7.410714149475098
193792,7.322981357574463
194256,4.96875
194624,7.297297477722168
194880,7.584905624389648
195024,7.55656099319458
195136,7.364864826202393
195472,7.729257583618164
195808,7.447183132171631
195984,7.1518988609313965
196032,7.25
196704,6.79104471206665
198624,7.058823585510254
199312,7.5789475440979
199632,7.455357074737549
199952,7.771084308624268
200448,7.43055534362793
201824,7.733333110809326
204480,7.254901885986328
204560,7.354838848114014
205552,7.454545497894287
206800,7.614678859710693
207120,7.1646342277526855
207504,7.4666666984558105
208032,7.6785712242126465
209328,7.909090995788574
209648,7.514124393463135
210272,6.657894611358643
211472,7.647058963775635
211776,7.768240451812744
215920,7.682926654815674
216640,7.66519832611084
217024,7.5
217104,7.554347991943359
218176,7.1186442375183105
219152,7.441860675811768
220752,7.474999904632568
221056,7.279661178588867
221360,7.462686538696289
221664,7.7300615310668945
222768,7.644444465637207
223184,7.641509532928467
226384,7.777777671813965
226784,8.009259223937988
226912,7.818181991577148
227856,7.598039150238037
228128,6.829268455505371
228192,7.931034564971924
228416,7.86697244644165
228464,7.857142925262451
228896,8.0
230480,6.666666507720947
230528,7.711111068725586
230768,7.511312007904053
230992,7.25
231216,7.916666507720947
233216,7.886363506317139
233920,7.9279279708862305
234016,7.659090995788574
234032,7.682926654815674
234128,6.648351669311523
234768,8.173516273498535
235600,7.647058963775635
237648,7.911110877990723
237984,7.687224864959717
238560,7.356828212738037
238640,7.659574508666992
239728,7.423312664031982
240784,7.96380090713501
241280,7.5
245072,8.16513729095459
246016,7.901785850524902
246240,8.045454978942871
246512,7.476635456085205
246880,8.133333206176758
247856,7.733333110809326
247984,7.854077339172363
248672,5.346153736114502
248784,8.081395149230957
249120,7.737226486206055
249712,7.962963104248047
249984,8.220720291137695
250640,8.190045356750488
250752,8.028168678283691
252240,7.711442947387695
253360,8.086420059204102
254160,8.474575996398926
254448,7.710280418395996
256048,8.027523040771484
256640,8.228571891784668
258544,8.036529541015625
259248,7.688889026641846
259456,7.092105388641357
259456,5.9375
260560,8.230088233947754
260720,7.586206912994385
261040,8.127854347229004
262992,8.590909004211426
264544,8.55203628540039
266288,8.251121520996094
267440,7.863436222076416
268512,8.310502052307129
268960,8.222222328186035
269008,7.54878044128418
270720,7.692307472229004
270832,7.810650825500488
270864,6.943396091461182
271056,8.533333778381348
271472,7.882352828979492
272048,8.4375
273120,8.227272987365723
273280,8.44444465637207
274240,8.584474563598633
276912,7.566371917724609
277056,8.495574951171875
277200,8.62385368347168
277792,8.32579231262207
278752,8.295454978942871
279072,8.424657821655273
280480,8.648648262023926
281040,8.591548919677734
282432,8.416289329528809
283328,8.761467933654785
283968,8.34101390838623
285056,7.8125
285312,8.584474563598633
285472,6.097560882568359
286448,8.068181991577148
286464,8.777292251586914
288048,8.584071159362793
288576,8.181818008422852
288592,8.090909004211426
289984,8.477272987365723
291584,8.681818008422852
292080,8.387096405029297
293520,8.425926208496094
294048,8.49315071105957
297424,8.616071701049805
297536,8.571428298950195
297712,8.800000190734863
299616,8.474575996398926
300800,8.42767333984375
303216,8.75
306208,8.677129745483398
306272,8.414633750915527
306592,8.642534255981445
306688,8.11855697631836
306752,8.681818008422852
307936,8.55203628540039
308240,8.538812637329102
309136,8.461538314819336
309216,8.35616397857666
310256,8.558558464050293
311456,8.401826858520508
313024,8.904109954833984
313792,8.526785850524902
313968,8.636363983154297
317600,8.02690601348877
318960,8.641975402832031
319872,8.541666984558105
320976,8.251121520996094
322480,8.584474563598633
324848,8.372093200683594
324928,8.387096405029297
325728,8.275861740112305
327632,8.508771896362305
327920,8.509316444396973
328352,8.577981948852539
329136,8.914027214050293
329264,8.75
331696,8.08510684967041
332032,8.272727012634277
334240,8.721461296081543
335888,8.587444305419922
336512,8.657407760620117
336560,8.669724464416504
336640,8.767123222351074
337216,8.532110214233398
337856,8.514851570129395
338656,8.513513565063477
339168,8.479262351989746
339200,8.353658676147461
340688,8.270642280578613
342704,8.363636016845703
345536,8.874459266662598
345712,8.538812637329102
346688,8.230158805847168
346880,8.62385368347168
347760,8.313253402709961
348192,8.699551582336426
349184,8.193832397460938
351392,8.625592231750488
351824,8.616071701049805
353152,8.045454978942871
353712,8.873873710632324
353760,8.045112609863281
354496,8.681818008422852
355616,8.47826099395752
356768,7.878787994384766
357280,8.46846866607666
358736,8.482142448425293
359776,8.355855941772461
361872,8.590909004211426
363280,8.62385368347168
365024,8.32317066192627
365104,8.55203628540039
365888,7.9772725105285645
367744,8.58108139038086
367856,8.767123222351074
368784,8.733031272888184
369024,8.823529243469238
370096,8.616071701049805
370256,8.4375
371376,8.819875717163086
372368,8.538812637329102
372704,8.363636016845703
375024,8.722467422485352
377088,7.44444465637207
377232,8.778280258178711
377440,8.558558464050293
377552,7.8481011390686035
378880,8.409090995788574
380992,8.733031272888184
381584,8.807339668273926
382416,8.636363983154297
382496,8.279569625854492
382592,8.280254364013672
383216,8.43891429901123
383696,8.628318786621094
384144,8.571428298950195
384480,8.640351295471191
385216,8.940092086791992
385936,8.652968406677246
387920,8.722467422485352
388688,8.461538314819336
391392,8.818181991577148
391648,8.733031272888184
392352,7.313432693481445
393792,8.343949317932129
393824,8.91891860961914
394976,8.206277847290039
395792,8.699551582336426
395920,8.49099063873291
399504,8.513513565063477
400496,9.08675765991211
404400,8.894009590148926
404416,8.914027214050293
405632,8.733031272888184
406464,8.416289329528809
407088,8.75
407472,8.425926208496094
407872,7.122448921203613
408000,8.928571701049805
409952,8.555046081542969
410320,8.280543327331543
410640,8.054298400878906
411536,8.681818008422852
411776,8.322981834411621
412800,7.833333492279053
413600,8.43612289428711
414256,8.409090995788574
415600,8.870967864990234
417392,8.62385368347168
417712,8.88888931274414
417792,8.733031272888184
419200,9.196428298950195
419680,8.167701721191406
421360,8.788546562194824
421376,7.885714054107666
421488,8.800000190734863
425440,8.54838752746582
427584,8.363228797912598
428304,8.703703880310059
428448,8.513513565063477
429280,8.242009162902832
430224,8.617511749267578
432096,8.89867877960205
432160,8.936651229858398
433728,8.532110214233398
437296,8.378377914428711
437872,8.949771881103516
438528,8.654708862304688
438928,9.08675765991211
439904,9.178082466125488
440864,8.716216087341309
441040,8.405797004699707
444176,8.904109954833984
446176,8.894009590148926
448128,9.196428298950195
451408,9.08675765991211
453168,9.08675765991211
453280,9.070796012878418
453392,8.693694114685059
453648,8.904109954833984
454928,9.060773849487305
457408,9.259259223937988
457776,9.292237281799316
458464,8.89908218383789
460224,9.140271186828613
462400,9.21658992767334
464032,8.92376708984375
464496,9.049774169921875
465952,9.095022201538086
466848,9.0
467552,8.812785148620605
467984,9.078341484069824
468272,9.1304349899292
470880,8.963963508605957
470944,8.46846866607666
472656,7.599999904632568
474304,9.141104698181152
475200,8.411765098571777
476160,8.733031272888184
476544,9.2660551071167
477632,8.289473533630371
478832,8.772727012634277
479456,9.140271186828613
479696,8.909090995788574
480096,9.230769157409668
480720,9.132420539855957
482368,8.818181991577148
483008,9.095022201538086
484640,9.303797721862793
484784,8.834080696105957
485536,8.894009590148926
485760,8.958333015441895
486592,8.789237976074219
486832,8.963414192199707
486928,8.380281448364258
489776,8.531073570251465
491216,8.761061668395996
491664,9.080717086791992
492000,9.055299758911133
492880,8.518518447875977
494096,9.132420539855957
494784,8.767123222351074
496848,9.144144058227539
497648,8.88888931274414
498048,8.949771881103516
499792,9.292237281799316
499952,9.004525184631348
500240,9.285714149475098
500832,8.622641563415527
503328,9.054054260253906
504640,9.128439903259277
505152,9.189188957214355
506144,9.193548202514648
506544,8.706467628479004
506960,9.159292221069336
507408,9.090909004211426
507920,9.140271186828613
508672,8.812785148620605
510384,9.230769157409668
513664,8.710407257080078
514224,8.789237976074219
517056,8.571428298950195
518768,9.212963104248047
518848,9.022727012634277
520640,8.789237976074219
521344,7.407407283782959
521888,9.174311637878418
524208,9.0
527712,9.174311637878418
528480,9.022727012634277
531104,8.968609809875488
531392,9.147981643676758
532000,9.192825317382812
533776,9.120369911193848
536016,8.909090995788574
536160,9.315068244934082
537152,9.095022201538086
538432,9.227272987365723
539280,9.189188957214355
539936,9.247787475585938
541712,9.10313892364502
542576,9.570136070251465
543200,8.89908218383789
544336,9.082569122314453
545632,9.058296203613281
545984,8.971962928771973
546096,9.08675765991211
546768,8.558558464050293
547888,9.36651611328125
549552,8.60360336303711
551808,8.95927619934082
551840,9.012345314025879
553152,9.017857551574707
553232,9.151785850524902
553504,9.036697387695312
555408,9.189188957214355
556848,9.189188957214355
560064,8.885000228881836
560240,9.140271186828613
560800,8.868778228759766
561632,9.045454978942871
562624,9.035087585449219
563120,8.940092086791992
563888,9.054054260253906
564816,9.22374439239502
565184,8.95927619934082
566560,8.925233840942383
567152,8.863636016845703
567376,9.279279708862305
569488,9.301801681518555
570240,9.684684753417969
570768,9.155555725097656
573344,9.2660551071167
573744,9.121622085571289
574224,9.433961868286133
574416,9.0
575184,9.049774169921875
577792,9.147981643676758
581504,9.406393051147461
582912,9.449541091918945
585776,9.452054977416992
586512,9.285714149475098
588080,8.946187973022461
589200,9.18552017211914
591360,9.147058486938477
591408,9.178082466125488
592128,9.058296203613281
592336,9.457013130187988
592912,9.330357551574707
593536,8.833333015441895
594048,9.036697387695312
594960,8.738636016845703
595184,9.090909004211426
595872,9.318181991577148
596496,9.417040824890137
598432,9.208145141601562
598672,9.447004318237305
599024,9.333333015441895
599216,9.375
599328,9.348836898803711
601296,9.372197151184082
601984,9.220183372497559
602016,9.10313892364502
602224,9.23766803741455
605552,9.594594955444336
605728,9.0
607152,9.18552017211914
608272,9.18552017211914
609280,9.454545021057129
610368,9.244444847106934
612608,9.2660551071167
612848,9.547511100769043
613392,9.363636016845703
613520,9.227272987365723
615200,9.189188957214355
615280,9.026548385620117
616816,8.914027214050293
617344,9.170506477355957
618736,9.140271186828613
619360,8.995433807373047
620224,7.777777671813965
621904,9.189188957214355
622288,9.140271186828613
622832,9.212963104248047
623360,9.241071701049805
623760,9.454545021057129
623984,9.189188957214355
624112,8.867924690246582
626912,9.276018142700195
629296,9.132420539855957
629312,9.174311637878418
630208,8.868778228759766
631104,9.166666984558105
631392,9.178082466125488
631504,8.818181991577148
633504,8.986486434936523
634352,9.321267127990723
634992,8.928571701049805
635008,9.31192684173584
636624,8.954545021057129
636640,9.409090995788574
637008,9.398148536682129
638208,9.099099159240723
638496,8.990825653076172
641712,9.241071701049805
642048,9.2660551071167
644512,8.949771881103516
644992,9.151785850524902
645616,9.279279708862305
647344,9.22374439239502
648816,8.834080696105957
649120,9.136363983154297
649776,9.304932594299316
650640,9.058296203613281
650816,9.212963104248047
650832,9.090909004211426
654320,8.990825653076172
655104,8.973214149475098
655552,9.018264770507812
656272,9.192825317382812
657680,9.209301948547363
657808,9.21658992767334
658224,8.883721351623535
658848,8.914027214050293
663024,8.995433807373047
663312,8.669724464416504
665872,8.796296119689941
666896,8.92376708984375
666992,8.828828811645508
667632,8.609865188598633
668032,8.675799369812012
668224,9.178082466125488
668848,8.778280258178711
671808,8.636363983154297
672352,9.128439903259277
675888,8.727272987365723
677408,7.948718070983887
678688,8.778280258178711
679376,8.421052932739258
681088,8.515283584594727
681376,8.584071159362793
682064,8.738739013671875
682256,8.44339656829834
684688,8.672566413879395
684960,8.699551582336426
685696,8.230088233947754
685936,8.545454978942871
687360,8.479262351989746
687680,8.542600631713867
689088,7.964601993560791
690656,8.544600486755371
692960,8.318181991577148
693104,8.310502052307129
698256,8.46846866607666
698400,8.28125
699424,8.636363983154297
699440,8.502202987670898
700240,8.761061668395996
700976,8.636363983154297
701184,8.081395149230957
702560,8.914027214050293
703408,8.660714149475098
704608,8.274335861206055
705376,8.705357551574707
705616,8.45291519165039
705936,8.772727012634277
706464,8.571428298950195
709152,8.25
710048,8.789237976074219
710720,8.235294342041016
710864,8.423423767089844
712080,8.636363983154297
714336,8.088889122009277
714768,8.370165824890137
715472,8.095237731933594
716128,8.636363983154297
717040,7.818181991577148
717888,8.122172355651855
718176,8.693694114685059
719200,7.760180950164795
720752,8.375
720784,7.955555438995361
720912,8.22580623626709
722592,7.9772725105285645
723648,7.715735912322998
724192,7.885462760925293
726848,7.860360145568848
727712,8.363636016845703
727728,7.7272725105285645
727952,8.385650634765625
727952,7.924528121948242
728880,8.066666603088379
730672,7.885462760925293
733328,8.03797435760498
733968,8.214285850524902
734288,7.933333396911621
736976,8.0
739392,7.737556457519531
739936,7.7727274894714355
740960,7.61061954498291
741408,7.9464287757873535
741456,7.465753555297852
742320,7.84403657913208
742880,7.922374248504639
744064,7.752293586730957
744848,6.860465049743652
745648,7.816901206970215
745824,7.9279279708862305
746736,8.16513729095459
747680,8.153153419494629
747776,8.415178298950195
748688,8.17391300201416
749904,8.264840126037598
753024,8.149779319763184
753056,8.156682014465332
754080,8.290597915649414
754928,8.310502052307129
755088,8.4375
756352,8.440366744995117
756416,8.37320613861084
756704,8.07860279083252
757632,8.416289329528809
757792,7.962085247039795
758608,8.165939331054688
759552,8.638392448425293
759680,8.236607551574707
759712,7.675159454345703
760208,8.16513729095459
760752,7.755102157592773
762256,8.502202987670898
763328,8.266666412353516
764368,8.310185432434082
765728,8.22580623626709
765840,8.430493354797363
766048,8.318181991577148
766656,8.294930458068848
767568,8.32579231262207
772048,8.574660301208496
773792,8.144796371459961
773872,8.198198318481445
775040,8.288288116455078
775072,8.378377914428711
775424,8.532110214233398
777984,8.565022468566895
778064,8.235294342041016
778608,8.477272987365723
780768,8.546255111694336
781488,8.302752494812012
781600,8.090909004211426
781808,8.272727012634277
782016,8.16513729095459
782128,8.454545021057129
782656,8.60091781616211
782704,8.571428298950195
783200,8.424657821655273
783232,8.125
785040,8.416289329528809
785696,8.198198318481445
787152,8.181818008422852
787712,8.445945739746094
787968,8.616071701049805
788608,8.243243217468262
789088,8.565217018127441
791584,8.11111068725586
792896,7.941176414489746
794176,7.912087917327881
796128,8.153153419494629
798272,8.447488784790039
798336,8.251121520996094
799008,8.399999618530273
801280,8.648648262023926
801664,8.638497352600098
801936,8.526785850524902
804784,8.495574951171875
805088,8.096330642700195
805168,8.348624229431152
807904,8.190045356750488
808176,7.9464287757873535
808480,8.34782600402832
809712,8.726114273071289
811344,8.318181991577148
811728,7.777777671813965
811936,8.04651165008545
812288,8.02690601348877
813264,8.076923370361328
813424,8.105022430419922
813536,8.096590995788574
814736,8.103447914123535
814896,8.165680885314941
815216,8.294930458068848
818480,8.486238479614258
819024,7.972350120544434
821568,8.141592979431152
821856,8.153153419494629
822096,8.258928298950195
822704,8.27510929107666
823376,8.035714149475098
827552,8.401826858520508
829664,8.066666603088379
829696,8.080357551574707
830864,7.991266250610352
831952,7.914798259735107
833520,8.399999618530273
833712,8.333333015441895
834112,7.702702522277832
834816,8.06306266784668
835728,8.108108520507812
837120,8.571428298950195
841360,8.144796371459961
843232,8.378995895385742
844896,8.236842155456543
844944,8.251121520996094
846032,8.176795959472656
847504,7.937219619750977
849296,7.753164768218994
849696,8.136363983154297
850656,8.040816307067871
852368,7.770270347595215
852992,8.348416328430176
853264,8.248847961425781
854240,8.251121520996094
854576,7.9464287757873535
854944,7.789473533630371
858528,8.385650634765625
861376,8.224299430847168
862016,7.914798259735107
862128,7.9464287757873535
863024,7.938596725463867
863488,8.108108520507812
863488,7.808218955993652
864016,8.02690601348877
867280,8.379630088806152
869152,8.206277847290039
870592,8.425926208496094
870848,8.333333015441895
872384,7.919075012207031
872880,8.177778244018555
874800,7.9452056884765625
875056,8.333333015441895
875168,7.7397260665893555
876112,7.5409836769104
877856,7.782805442810059
880000,8.045454978942871
880640,8.49315071105957
881232,8.051947593688965
881840,7.8947367668151855
882064,8.318181991577148
883296,7.901785850524902
886960,8.3259916305542
887200,8.60360336303711
888272,8.144796371459961
888368,8.122172355651855
888928,8.333333015441895
890464,8.60091781616211
890480,8.108695983886719
890656,8.363636016845703
891072,8.045976638793945
891168,8.372093200683594
894208,8.082191467285156
894880,8.198198318481445
896176,7.958715438842773
897344,8.113207817077637
900896,8.148148536682129
901168,8.495574951171875
902656,8.264840126037598
903760,8.633540153503418
904432,8.659090995788574
905216,8.416289329528809
905488,8.587963104248047
906192,8.613636016845703
909152,8.288288116455078
909744,6.638888835906982
910016,8.272727012634277
911488,8.116591453552246
913136,8.035714149475098
914432,8.5
915152,7.916666507720947
915520,8.377193450927734
916656,8.35616397857666
918752,8.169642448425293
918800,8.493975639343262
919904,8.75
920160,8.558558464050293
920288,8.181818008422852
922208,8.25
922224,8.506787300109863
924720,7.888888835906982
924832,8.220858573913574
926960,8.636363983154297
927936,8.48888874053955
928272,8.669724464416504
928304,8.520179748535156
928544,8.587963104248047
928624,8.815789222717285
929600,8.990825653076172
930144,8.454545021057129
930992,8.375
934512,8.447488784790039
935296,8.755760192871094
935584,8.832598686218262
936352,8.609865188598633
936768,8.92376708984375
937152,8.669724464416504
937536,8.842592239379883
938880,8.940092086791992
942800,8.954545021057129
944464,8.55140209197998
946080,8.771929740905762
946176,8.590909004211426
946960,8.675799369812012
949360,8.648648262023926
950000,8.681818008422852
953552,8.95927619934082
954016,8.641975402832031
957088,8.609865188598633
957504,8.883928298950195
958272,8.684210777282715
963024,8.699551582336426
964096,8.626126289367676
965152,8.812785148620605
965424,8.520179748535156
966496,8.634259223937988
967424,8.733031272888184
968192,8.506787300109863
969200,8.571428298950195
969984,8.782608985900879
970192,8.778280258178711
970864,8.34101390838623
970912,8.479262351989746
971664,8.703703880310059
974096,8.318181991577148
974432,8.60360336303711
977344,8.486238479614258
977616,8.49315071105957
977760,8.280543327331543
977808,8.219178199768066
978576,8.794642448425293
978704,8.125
978800,8.378377914428711
980768,8.520179748535156
984112,8.333333015441895
985264,9.166666984558105
985776,8.204545021057129
985952,8.220858573913574
986624,8.348214149475098
986992,8.391304016113281
987664,8.778280258178711
988048,8.371040344238281
988320,8.340909004211426
988640,8.302752494812012
988752,8.099547386169434
989216,8.364485740661621
990560,8.34782600402832
990944,8.401826858520508
991296,8.274335861206055
991888,8.778280258178711
994528,8.475336074829102
994576,8.744292259216309
994880,8.430493354797363
995200,8.039647102355957
995408,8.822221755981445
996720,8.823529243469238
998160,8.235294342041016
998944,8.818181991577148
999216,8.258426666259766
999536,7.82608699798584
999680,8.280543327331543
999808,8.693694114685059
1002272,8.394495010375977
1007520,8.767123222351074
1007904,8.107476234436035
1008304,8.441176414489746
1008832,8.370043754577637
1010512,8.828828811645508
1012128,7.800000190734863
1012976,8.288288116455078
1013456,8.136363983154297
1014288,8.0
1014672,8.46846866607666
1015056,8.681818008422852
1015088,8.317972183227539
1016496,8.392857551574707
1017984,8.834080696105957
1018144,8.240740776062012
1018928,8.318181991577148
1019008,8.303167343139648
1021312,8.60360336303711
1022688,8.447488784790039
1024736,8.571428298950195
1027328,8.318181991577148
1027936,8.479262351989746
1027936,8.689956665039062
1028704,8.628318786621094
1029296,7.599999904632568
1031488,8.687783241271973
1032016,8.426966667175293
1032160,8.141592979431152
1033696,8.416289329528809
1034032,7.063492298126221
1037200,8.303167343139648
1038496,8.235294342041016
1039920,8.454545021057129
1041040,7.9938273429870605
1042576,7.981651306152344
1043408,8.571428298950195
1043568,8.715084075927734
1043952,8.352941513061523
1044640,8.258928298950195
1044800,8.565022468566895
1045488,8.479262351989746
1049824,8.343558311462402
1049936,8.090909004211426
1053472,8.318181991577148
1056128,8.447488784790039
1056592,8.486238479614258
1056896,8.556700706481934
1058192,8.430493354797363
1058304,8.354978561401367
1058512,8.186274528503418
1058992,9.090909004211426
1059424,8.294930458068848
1059680,8.506787300109863
1060608,8.392857551574707
1060784,8.31838607788086
1061360,8.530701637268066
1061888,8.520179748535156
1063968,8.55203628540039
1065280,8.251121520996094
1065536,8.61111068725586
1065680,8.280254364013672
1069696,8.721461296081543
1071472,8.789237976074219
1073856,8.904109954833984
1075184,8.258928298950195
1076464,8.777777671813965
1079600,8.363228797912598
1080800,8.873873710632324
1080928,8.392857551574707
1081712,8.733031272888184
1081808,8.648648262023926
1082272,8.733031272888184
1083792,8.823529243469238
1084416,8.48888874053955
1084448,8.486238479614258
1085408,8.705357551574707
1087008,8.834080696105957
1087040,8.767123222351074
1088528,8.636363983154297
1088800,8.660714149475098
1088928,8.63013744354248
1089824,8.820960998535156
1091408,8.479262351989746
1092464,8.859648704528809
1092528,8.25
1093520,7.841409683227539
1096448,8.099547386169434
1098544,7.579617977142334
1098576,8.099547386169434
1098736,8.386363983154297
1099680,8.513513565063477
1100336,8.545454978942871
1100944,8.177778244018555
1102112,8.69565200805664
1102224,8.387096405029297
1103392,8.362069129943848
1104000,8.114034652709961
1104528,8.392857551574707
1105552,8.641304016113281
1105616,8.944953918457031
1108816,8.4375
1109184,8.440366744995117
1109664,8.172042846679688
1111232,8.385650634765625
1111328,8.316831588745117
1111520,8.333333015441895
1112432,8.51111125946045
1114816,8.34080696105957
1116048,8.533333778381348
1116336,8.64628791809082
1118288,8.564814567565918
1118608,8.518518447875977
1118816,8.454545021057129
1119568,8.242009162902832
1122400,8.565022468566895
1124560,8.699551582336426
1125024,8.461538314819336
1125632,8.995433807373047
1126624,8.853211402893066
1127920,8.012422561645508
1129072,8.794642448425293
1129216,8.675799369812012
1129456,7.684210300445557
1130656,8.288288116455078
1131856,8.3125
1132416,8.46846866607666
1132480,8.235294342041016
1132688,8.425926208496094
1133008,8.891402244567871
1133056,8.440366744995117
1133344,8.1578950881958
1134208,8.506787300109863
1134320,8.422222137451172
1135696,8.870967864990234
1138608,8.761467933654785
1139136,8.154205322265625
1139600,8.660714149475098
1142992,8.62385368347168
1143584,8.456221580505371
1145264,8.558558464050293
1146736,8.44444465637207
1147984,8.243243217468262
1148848,8.385650634765625
1150672,7.995495319366455
1151392,8.44444465637207
1154272,8.185840606689453
1156240,8.0
1157536,7.733333110809326
1157936,7.872807025909424
1158512,8.212669372558594
1160160,8.202764511108398
1162736,8.088889122009277
1165712,8.538812637329102
1166272,8.022727012634277
1167088,8.430493354797363
1169056,8.202764511108398
1169296,8.34080696105957
1169888,8.295964241027832
1170624,8.068181991577148
1171872,8.0
1172672,8.155555725097656
1173664,8.028168678283691
1174336,8.318181991577148
1176640,8.214285850524902
1178544,8.513513565063477
1178992,8.545454978942871
1179168,8.303571701049805
1180112,8.02395248413086
1180720,8.454545021057129
1181264,7.954545497894287
1185248,8.393665313720703
1186128,8.60360336303711
1186160,7.873302936553955
1186288,8.070175170898438
1187168,7.592592716217041
1188880,8.458149909973145
1189616,8.248847961425781
1194400,7.964601993560791
1194976,8.108108520507812
1195920,7.885462760925293
1197168,7.944785118103027
1197616,7.652439117431641
1197936,7.91304349899292
1197936,8.045454978942871
1200400,8.097345352172852
1201184,8.018017768859863
1202560,7.488687992095947
1203296,7.5
1203616,8.364779472351074
1203856,8.093023300170898
1204272,7.869955062866211
1206176,7.866666793823242
1206864,7.635135173797607
1210096,7.545454502105713
1210768,7.318181991577148
1211472,7.782805442810059
1212384,7.232142925262451
1213408,7.427184581756592
1214224,7.397660732269287
1216544,7.195121765136719
1217200,8.0
1219232,7.577777862548828
1219696,7.935780048370361
1220080,7.441860675811768
1221200,7.82608699798584
1221344,7.612612724304199
1221936,7.669491291046143
1222768,7.5460124015808105
1223344,7.5
1224208,7.621145248413086
1224688,7.55760383605957
1224912,7.972972869873047
1225856,7.936507701873779
1227856,7.399103164672852
1228032,7.644444465637207
1230240,7.889908313751221
1230320,7.853881359100342
1230656,7.533632278442383
1232592,7.8222222328186035
1233616,7.4285712242126465
1233840,7.6339287757873535
1234592,7.714285850524902
1236016,7.803738117218018
1236304,7.356828212738037
1236864,7.9452056884765625
1237216,7.745535850524902
1239808,7.7018632888793945
1240256,7.4147725105285645
1240384,7.6497697830200195
1240512,7.857142925262451
1242352,7.7727274894714355
1243056,7.657657623291016
1243920,7.442922592163086
1244752,8.43137264251709
1244928,7.566371917724609
1245216,7.21212100982666
1245424,7.8947367668151855
1245904,7.55656099319458
1247424,7.926267147064209
1247424,8.0
1247584,8.24034309387207
1251888,7.802690505981445
1252352,7.760416507720947
1252464,7.973568439483643
1252784,8.037383079528809
1252848,7.964601993560791
1257376,7.981651306152344
1259120,8.171296119689941
1263344,8.0
1264304,8.080357551574707
1264480,8.119266510009766
1265760,8.0
1268048,7.702702522277832
1269632,8.004484176635742
1270048,7.625
1270688,7.844827651977539
1270832,8.004291534423828
1271728,7.40174674987793
1272160,8.212669372558594
1272160,7.560975551605225
1272288,6.767676830291748
1272592,7.8378376960754395
1272976,7.743362903594971
1273584,7.636363506317139
1273856,7.222222328186035
1275008,7.457627296447754
1277680,7.889908313751221
1279008,7.085201740264893
1279632,7.7272725105285645
1279696,7.345132827758789
1279712,7.681818008422852
1280864,7.649572849273682
1281200,7.146118640899658
1282560,7.792792797088623
1282560,7.224669456481934
1283200,7.041284561157227
1286352,7.288888931274414
1287696,7.4539875984191895
1288400,7.5
1288848,7.69911527633667
1289088,7.556053638458252
1289456,7.830357074737549
1289872,7.2869954109191895
1292736,7.643171787261963
1292992,7.286585330963135
1293424,7.96380090713501
1293488,7.305935859680176
1294160,7.775229454040527
1294928,7.9910712242126465
1295216,8.102409362792969
1297760,7.8125
1298208,7.55555534362793
1298320,8.073394775390625
1298608,7.534246444702148
1298912,7.777777671813965
1304624,8.122270584106445
1305760,8.082191467285156
1306608,7.892376899719238
1307536,7.8947367668151855
1307936,7.741228103637695
1308464,8.310502052307129
1308544,8.272727012634277
1311472,8.227272987365723
1312080,8.272727012634277
1312960,8.456221580505371
1313264,8.251121520996094
1314000,7.918551921844482
1315088,8.027523040771484
1317824,8.206277847290039
1321328,8.348624229431152
1321712,8.914027214050293
1322048,8.609865188598633
1324832,8.318584442138672
1325632,8.206277847290039
1326384,8.583690643310547
1326976,8.475336074829102
1329184,8.416289329528809
1329968,8.295964241027832
1331168,8.648648262023926
1332320,8.863636016845703
1332720,8.675799369812012
1335152,8.721461296081543
1335712,8.89867877960205
1335936,8.44444465637207
1340576,8.590909004211426
1341104,8.619909286499023
1342144,8.654708862304688
1343104,8.464912414550781
1343328,8.761467933654785
1343952,9.00900936126709
1344112,8.243243217468262
1346928,8.392857551574707
1347632,8.401826858520508
1347952,8.48888874053955
1349264,8.348214149475098
1349504,8.355855941772461
1350160,8.574766159057617
1351504,8.144796371459961
1351552,7.857142925262451
1351712,8.280543327331543
1352208,8.461538314819336
1352576,8.571428298950195
1353680,8.447488784790039
1355744,8.590909004211426
1356448,8.761260986328125
1357264,8.63228702545166
1358256,8.63013744354248
1358704,8.577777862548828
1358768,8.63013744354248
1358880,8.639053344726562
1360224,8.201754570007324
1362304,8.214285850524902
1362384,8.475336074829102
1362448,8.755555152893066
1363600,8.281938552856445
1365056,8.333333015441895
1366176,8.333333015441895
1366688,8.597285270690918
1366912,8.536585807800293
1369088,8.266666412353516
1369728,8.529411315917969
1370496,7.931034564971924
1370832,8.44444465637207
1372928,8.506787300109863
1373920,8.310502052307129
1374672,8.63013744354248
1377392,8.513513565063477
1377456,8.636363983154297
1377632,8.542600631713867
1378080,8.409090995788574
1378496,8.416289329528809
1380000,8.49315071105957
1380144,8.840909004211426
1383520,8.765822410583496
1384112,8.95927619934082
1384240,8.461538314819336
1384864,8.596490859985352
1385104,8.954545021057129
1385136,8.654708862304688
1385520,8.584474563598633
1387696,8.465116500854492
1388496,8.061224937438965
1388752,8.392857551574707
1390848,8.461538314819336
1391216,8.2339448928833
1391744,8.60360336303711
1392240,8.587444305419922
1392384,8.805309295654297
1393376,8.452381134033203
1395280,8.772727012634277
1395648,8.371040344238281
1396880,8.122172355651855
1396912,8.840909004211426
1398560,9.041095733642578
1399312,8.377193450927734
1403024,8.672566413879395
1403168,8.46846866607666
1403968,8.778280258178711
1409104,8.392857551574707
1411248,8.767123222351074
1411408,8.333333015441895
1412416,8.545454978942871
1412608,8.532110214233398
1413536,8.626126289367676
1413744,8.522727012634277
1414240,8.057554244995117
1414720,8.584071159362793
1415968,8.506787300109863
1416336,8.744394302368164
1416768,8.818181991577148
1416816,8.377193450927734
1417120,8.654708862304688
1417344,8.486238479614258
1417440,8.571428298950195
1420912,8.378377914428711
1421968,8.350515365600586
1422272,8.657407760620117
1424768,8.28125
1425408,8.525641441345215
1425488,8.082191467285156
1425520,8.59813117980957
1425872,8.59375
1429184,7.798165321350098
1429328,8.090909004211426
1429600,8.206277847290039
1431008,8.183856964111328
1431136,8.04444408416748
1431696,8.672566413879395
1432544,8.34101390838623
1435552,7.926267147064209
1436336,8.190045356750488
1436976,8.678414344787598
1437424,8.289473533630371
1439296,8.34080696105957
1439856,8.607305526733398
1442064,8.545454978942871
1442848,8.55203628540039
1443264,8.47826099395752
1443360,8.577777862548828
1443520,8.212669372558594
1444704,8.616071701049805
1446208,8.949771881103516
1446288,8.42767333984375
1446912,8.642534255981445
1448176,9.03153133392334
1448304,8.807339668273926
1449696,8.755760192871094
1450576,9.132420539855957
1451104,8.990825653076172
1453184,8.801843643188477
1453424,9.022222518920898
1453616,8.782608985900879
1453920,8.790698051452637
1455552,8.385650634765625
1456800,9.022222518920898
1457216,8.727678298950195
1457520,8.591548919677734
1461024,8.853211402893066
1461216,8.660714149475098
1463328,8.87614631652832
1464048,8.88888931274414
1464512,8.858447074890137
1464528,8.761467933654785
1464800,9.058296203613281
1466112,8.863636016845703
1467760,8.878923416137695
1471024,8.46846866607666
1471344,8.789237976074219
1473264,8.881987571716309
1473984,8.944953918457031
1474576,8.577981948852539
1474592,8.963963508605957
1475120,8.659090995788574
1475600,8.558558464050293
1476832,8.818181991577148
1477568,8.699551582336426
1478112,8.721461296081543
1478400,9.049774169921875
1480128,8.362069129943848
1480512,8.371040344238281
1481152,8.699551582336426
1481504,8.904109954833984
1482032,8.805309295654297
1482064,8.558952331542969
1484656,8.944953918457031
1485616,8.393665313720703
1487328,8.597285270690918
1488128,8.828828811645508
1488176,8.166666984558105
1488736,8.75545883178711
1490976,8.43612289428711
1491168,8.590909004211426
1491312,8.49315071105957
1491648,8.81944465637207
1491712,8.565022468566895
1491824,8.509316444396973
1493520,8.955696105957031
1495824,8.280543327331543
1495856,8.520709991455078
1498080,7.576271057128906
1498176,8.5
1498880,8.738739013671875
1500672,8.625
1501632,8.858447074890137
1501664,8.761467933654785
1501728,9.140271186828613
1502496,8.777777671813965
1502544,8.823529243469238
1502944,8.818181991577148
1503680,8.842592239379883
1505216,8.642534255981445
1505280,8.669724464416504
1506304,8.640000343322754
1506480,8.871681213378906
1506736,8.681818008422852
1508528,8.533333778381348
1508752,8.863636016845703
1509040,8.600000381469727
1509856,8.823529243469238
1512256,8.636363983154297
1512288,8.883721351623535
1513152,8.577777862548828
1513824,8.513513565063477
1516176,8.525345802307129
1516224,8.75
1516704,8.268156051635742
1519376,8.522727012634277
1519744,8.35616397857666
1520240,8.5
1522832,8.858447074890137
1523680,8.254716873168945
1525456,8.81165885925293
1526752,8.363636016845703
1529120,8.43317985534668
1530992,8.772727012634277
1532128,8.545454978942871
1532944,8.571428298950195
1533520,8.62385368347168
1533584,8.251121520996094
1534464,8.385650634765625
1534592,8.75
1534736,8.24034309387207
1536368,8.333333015441895
1537888,8.032407760620117
1539680,8.080357551574707
1540128,8.108108520507812
1540656,8.421052932739258
1541984,7.951541900634766
1543232,8.082191467285156
1546800,8.333333015441895
1547248,8.385650634765625
1547392,8.518518447875977
1550176,8.715596199035645
1550400,8.214285850524902
1550704,8.440366744995117
1552352,8.607305526733398
1553280,8.447488784790039
1553968,8.657407760620117
1554688,8.796296119689941
1556112,7.931034564971924
1557088,8.363636016845703
1558256,8.288888931274414
1558880,7.9375
1563744,8.136363983154297
1563904,8.258928298950195
1563952,7.792792797088623
1564592,8.386363983154297
1565280,8.122172355651855
1566032,8.1614351272583
1567472,8.513513565063477
1567472,8.62385368347168
1568160,8.34080696105957
1570624,8.62385368347168
1571232,8.410138130187988
1571808,8.50467300415039
1572208,7.698564529418945
1572848,8.428571701049805
1574112,8.456221580505371
1577360,8.318181991577148
1578768,8.65217399597168
1579312,8.190045356750488
1580160,8.727272987365723
1580720,8.597285270690918
1581712,8.663594245910645
1582960,8.546255111694336
1584080,8.506787300109863
1584464,8.571428298950195
1585168,8.511628150939941
1586128,8.622221946716309
1586560,8.458149909973145
1587024,8.654708862304688
1588624,8.491379737854004
1588768,8.616071701049805
1588960,8.5
1589408,8.472222328186035
1589408,8.41409683227539
1589744,8.577777862548828
1591216,8.715596199035645
1591488,8.535032272338867
1592336,8.738739013671875
1594032,8.386363983154297
1595760,8.294930458068848
1596720,8.251121520996094
1597344,8.164556503295898
1597408,8.285714149475098
1597888,8.139534950256348
1598848,8.155555725097656
1598880,8.071748733520508
1599360,8.495574951171875
1599856,8.032787322998047
1602832,8.348624229431152
1603008,8.288288116455078
1603344,8.34101390838623
1604656,8.214285850524902
1606896,8.416289329528809
1610144,8.0
1611440,7.9452056884765625
1611840,8.363636016845703
1613472,7.645740032196045
1613744,7.8947367668151855
1614048,7.986425399780273
1618112,7.9279279708862305
1618576,7.586206912994385
1618640,7.441860675811768
1618992,7.923976421356201
1620720,8.44444465637207
1621184,7.805429935455322
1623712,8.026315689086914
1624080,7.922374248504639
1625392,8.05555534362793
1626928,7.530864238739014
1627632,8.036529541015625
1627712,8.0
1627792,8.0316743850708
1629680,7.889908313751221
1630432,8.348017692565918
1631728,7.828054428100586
1633024,7.947598457336426
1633760,7.703488349914551
1634720,7.924528121948242
1635760,8.081761360168457
1637360,7.9268293380737305
1638320,8.409090995788574
1639200,7.901785850524902
1639296,7.863636493682861
1639840,7.706421852111816
1640784,7.758620738983154
1642608,8.045454978942871
1642656,8.418604850769043
1645088,8.018433570861816
1645296,8.116591453552246
1645424,8.144796371459961
1646240,8.318584442138672
1647296,7.9279279708862305
1652560,8.16513729095459
1653920,8.475336074829102
1654480,8.061674118041992
1654928,8.394495010375977
1656112,8.204545021057129
1660640,7.831050395965576
1660720,7.972972869873047
1661104,8.288288116455078
1662752,7.156862735748291
1662816,8.009049415588379
1663376,8.224299430847168
1663744,8.032787322998047
1664192,7.841409683227539
1664624,7.937219619750977
1665664,7.9464287757873535
1666912,7.7272725105285645
1668080,7.68558931350708
1668704,7.635135173797607
1672256,7.85067892074585
1672656,7.675438404083252
1672848,7.668161392211914
1673008,7.950310707092285
1674176,7.738095283508301
1676256,8.394495010375977
1676352,7.752293586730957
1677632,7.953488349914551
1678688,7.857142925262451
1679776,7.990867614746094
1681232,7.9910712242126465
1681936,7.84403657913208
1683040,7.8418803215026855
1683296,7.625570774078369
1684864,7.409909725189209
1685264,6.938775539398193
1685552,7.4666666984558105
1686208,7.281105995178223
1686256,7.685184955596924
1686784,7.511520862579346
1687584,7.816594123840332
1688064,8.510638236999512
1688352,7.4375
1689808,7.398190021514893
1689808,7.589285850524902
1690768,7.676767826080322
1691552,7.676990985870361
1693888,7.612612724304199
1695104,7.692307472229004
1695120,7.545044898986816
1695536,7.579185485839844
1696080,7.4852070808410645
1696352,7.686915874481201
1698384,7.388392925262451
1698704,7.914798259735107
1698784,7.599999904632568
1698944,7.752809047698975
1699024,7.777777671813965
1699120,7.802690505981445
1702352,8.02690601348877
1702624,8.122270584106445
1703072,8.064516067504883
1703520,8.245614051818848
1705424,7.9452056884765625
1706592,7.7906975746154785
1708896,7.523148059844971
1709152,7.857142925262451
1709728,8.045454978942871
1709872,8.054298400878906
1710096,7.623318195343018
1711696,7.839506149291992
1712384,7.764976978302002
1713760,7.412280559539795
1714656,8.309859275817871
1716000,7.8698225021362305
1716112,7.823276042938232
1716208,7.534246444702148
1717248,7.75
1718480,7.847222328186035
1719008,7.7419352531433105
1720384,7.84403657913208
1723312,7.863636493682861
1723968,7.668161392211914
1725664,7.7906975746154785
1726304,7.745535850524902
1726880,7.599999904632568
1730464,7.668161392211914
1730768,7.622222423553467
1731472,7.706421852111816
1732240,7.75
1732368,8.256880760192871
1732688,7.897196292877197
1732752,7.8348212242126465
1733824,7.84403657913208
1735920,7.5227274894714355
1736048,7.860261917114258
1736272,7.937219619750977
1737568,8.026315689086914
1737856,7.792792797088623
1738624,8.34080696105957
1739952,8.45291519165039
1743152,8.109756469726562
1745120,8.097345352172852
1746096,7.7272725105285645
1746640,8.281938552856445
1746736,8.251121520996094
1747024,8.144796371459961
1748320,7.972972869873047
1749056,8.214285850524902
1750640,7.866666793823242
1753152,8.288288116455078
1755760,8.532110214233398
1756704,8.721461296081543
1761168,8.14220142364502
1762624,8.502304077148438
1764448,8.310502052307129
1764736,8.63013744354248
1764960,7.808218955993652
1765184,8.666666984558105
1765648,7.953216552734375
1765744,8.32579231262207
1766384,8.44444465637207
1768560,8.379630088806152
1768912,8.57758617401123
1770640,8.093023300170898
1772576,8.125
1772928,7.947598457336426
1773136,8.59030818939209
1776288,8.568181991577148
1777072,8.265766143798828
1779712,8.671171188354492
1780032,8.5
1781744,8.288288116455078
1782432,8.580246925354004
1787888,8.597285270690918
1789056,8.744394302368164
1789600,8.362832069396973
1790016,8.95927619934082
1790768,8.721461296081543
1792016,8.558558464050293
1796080,8.133333206176758
1796896,8.110599517822266
1799120,8.49315071105957
1800512,8.258928298950195
1802064,8.133333206176758
1803392,8.256880760192871
1804096,8.408071517944336
1805792,8.136363983154297
1806480,8.465116500854492
1807632,8.149779319763184
1807888,8.230088233947754
1807920,8.235294342041016
1808816,8.318965911865234
1809328,8.362832069396973
1809424,8.318181991577148
1811264,8.371040344238281
1811600,8.709677696228027
1812384,8.536036491394043
1812544,8.823529243469238
1812832,8.461538314819336
1812896,8.513513565063477
1813744,8.789237976074219
1814128,8.942730903625488
1815024,8.526785850524902
1819520,8.727678298950195
1819728,8.529411315917969
1820000,8.853211402893066
1822128,8.669724464416504
1822160,8.60759449005127
1823616,8.800000190734863
1824368,8.807339668273926
1825008,8.617021560668945
1825440,8.818181991577148
1825696,8.863636016845703
1826944,8.828828811645508
1827168,9.095022201538086
1829392,9.128439903259277
1831440,9.095022201538086
1831936,8.873873710632324
1832448,9.08675765991211
1834000,9.260089874267578
1835504,9.03153133392334
1835936,8.947368621826172
1836176,9.132420539855957
1837440,8.875
1838992,8.940092086791992
1839216,8.914027214050293
1839536,9.320987701416016
1840048,8.834080696105957
1840688,8.721461296081543
1841008,9.00900936126709
1842512,9.0
1843536,9.220183372497559
1844640,8.660714149475098
1845344,8.586956977844238
1846048,9.090909004211426
1846416,8.744588851928711
1847216,8.832598686218262
1847680,9.170506477355957
1849584,8.721461296081543
1850176,8.954545021057129
1851712,8.675799369812012
1851728,8.963963508605957
1851792,8.755555152893066
1852400,8.904109954833984
1852736,8.565022468566895
1853488,8.914027214050293
1853520,8.873873710632324
1855360,9.054054260253906
1856272,8.733031272888184
1856736,8.924731254577637
1857584,8.990825653076172
1860592,9.196428298950195
1861808,8.709677696228027
1862336,9.174311637878418
1862544,8.95555591583252
1864016,9.045454978942871
1866496,8.734939575195312
1867312,8.823529243469238
1867840,9.041095733642578
1870880,8.963963508605957
1873488,8.721461296081543
1874736,8.660714149475098
1875056,8.842592239379883
1876576,8.944953918457031
1876832,8.392857551574707
1877024,8.727272987365723
1877136,8.847926139831543
1878176,8.513513565063477
1879232,8.755555152893066
1879600,8.6875
1880144,8.91891860961914
1880320,8.755760192871094
1881648,8.883928298950195
1881728,8.584474563598633
1882688,8.474575996398926
1882736,8.761467933654785
1883936,8.844444274902344
1885024,8.482142448425293
1885104,8.772727012634277
1885808,8.819875717163086
1886336,8.794642448425293
1887312,8.55203628540039
1888624,8.863636016845703
1888864,8.660714149475098
1891088,8.894009590148926
1894848,8.727272987365723
1895520,8.609865188598633
1898624,8.558558464050293
1899232,8.671171188354492
1899392,8.789237976074219
1901952,8.577981948852539
1902448,8.305085182189941
1903648,8.545454978942871
1908016,8.506787300109863
1909120,8.258928298950195
1909152,8.672566413879395
1909808,8.235294342041016
1910880,8.3259916305542
1911584,8.333333015441895
1912352,8.318181991577148
1913392,7.914798259735107
1913664,8.198198318481445
1915200,8.066666603088379
1915248,7.7092509269714355
1916272,8.271604537963867
1917072,7.955555438995361
1917472,8.395061492919922
1918592,7.568807125091553
1919072,8.045454978942871
1919488,7.964071750640869
1919936,8.035714149475098
1922480,8.227848052978516
1925872,8.104265213012695
1925872,7.828054428100586
1925936,8.454545021057129
1926688,7.892376899719238
1927072,8.272727012634277
1927264,7.764976978302002
1929392,7.990867614746094
1929472,8.204545021057129
1931568,8.199999809265137
1932672,8.206277847290039
1932992,7.901785850524902
1933024,7.692307472229004
1933088,7.96380090713501
1935152,7.413793087005615
1935744,7.8947367668151855
1936192,7.71689510345459
1936640,8.144796371459961
1937792,7.82608699798584
1939136,7.61061954498291
1939488,7.935780048370361
1941584,7.803738117218018
1942016,7.911110877990723
1942240,7.764705657958984
1942816,8.06306266784668
1943328,7.777777671813965
1945056,7.600896835327148
1945664,7.467248916625977
1945952,7.65217399597168
1947152,7.5
1948544,7.878787994384766
1950304,7.804878234863281
1950544,7.55656099319458
1951728,6.914893627166748
1952032,7.626728057861328
1952384,7.875
1952992,7.623456954956055
1953248,7.647058963775635
1954208,7.195121765136719
1954464,7.34375
1955664,7.579908847808838
1955888,7.293578147888184
1956336,7.3502302169799805
1956544,7.317073345184326
1957296,7.464788913726807
1959216,7.692307472229004
1960448,7.641921520233154
1960928,7.004405498504639
1962416,7.114537239074707
1962592,6.818181991577148
1963600,6.951754570007324
1963888,7.1875
1965328,7.241379261016846
1965456,7.0506911277771
1965760,7.533632278442383
1967280,7.356828212738037
1968224,7.142857074737549
1968528,7.4375
1969264,7.131147384643555
1969856,7.6027398109436035
1970032,7.488584518432617
1971024,7.018348693847656
1971552,7.567567348480225
1971648,7.589285850524902
1971936,7.3214287757873535
1975264,7.590909004211426
1976320,7.534246444702148
1977120,7.544642925262451
1977248,7.6339287757873535
1977968,7.5
1978080,7.612612724304199
1978512,7.644628047943115
1978816,7.4666666984558105
1979872,7.737556457519531
1980448,7.644444465637207
1981584,7.3972601890563965
1982352,7.818181991577148
1983952,7.660550594329834
1984176,7.56944465637207
1987104,7.808218955993652
1988032,7.6339287757873535
1988608,7.75
1990320,7.954545497894287
1991312,7.38095235824585
1991584,8.584905624389648
1992080,7.684210300445557
1993008,8.127854347229004
1995104,7.98742151260376
1997968,7.853881359100342
1998144,7.96380090713501
1998288,8.054298400878906
1998496,8.228699684143066
2002032,7.909090995788574
2002160,8.333333015441895
2002208,8.054298400878906
2002960,8.097345352172852
2004544,7.734806537628174
2005040,8.082191467285156
2005408,7.757847309112549
2006160,8.050314903259277
2006464,8.302752494812012
2007280,8.294930458068848
2008336,8.0
2008624,8.385650634765625
2008768,8.35616397857666
2008816,8.240740776062012
2009008,8.392857551574707
2013872,8.170731544494629
2014528,8.281938552856445
2015504,8.165680885314941
2015696,8.34101390838623
2016112,8.526785850524902
2021056,8.538812637329102
2022496,8.451327323913574
2022528,8.318181991577148
2022768,8.440366744995117
2023264,9.063926696777344
2026064,8.466666221618652
2026464,8.311111450195312
2026608,8.565022468566895
2027872,8.378377914428711
2028800,8.533333778381348
2030512,8.618420600891113
2031392,8.522727012634277
2032336,8.409090995788574
2034864,8.62385368347168
2035536,8.072916984558105
2035696,8.256880760192871
2038512,8.273542404174805
2040608,8.60360336303711
2040912,8.302752494812012
2041984,8.036529541015625
2042768,8.371040344238281
2043872,8.248847961425781
2044464,7.782805442810059
2046032,8.295454978942871
2047216,8.416289329528809
2047456,8.1614351272583
2047984,8.287671089172363
2048160,8.333333015441895
2049936,8.173516273498535
2050784,8.423423767089844
2051424,8.3259916305542
2053040,8.303571701049805
2053264,8.217391014099121
2053504,8.125
2055232,8.681818008422852
2056656,7.9910712242126465
2058608,8.378377914428711
2059264,8.672839164733887
2063328,8.727272987365723
2063968,8.447488784790039
2064944,8.333333015441895
2066416,8.363636016845703
2068112,8.212669372558594
2075904,8.409090995788574
2076272,8.565217018127441
2076752,8.04932689666748
2077392,8.080357551574707
2077584,8.401826858520508
2078208,8.303571701049805
2081824,7.987804889678955
2083488,8.539822578430176
2083536,8.240740776062012
2083616,8.378377914428711
2085424,8.035714149475098
2085424,8.0
2085888,8.311111450195312
2086688,8.1875
2087040,8.333333015441895
2087056,8.409090995788574
2087456,8.266666412353516
2089616,8.5
2090176,8.648648262023926
2092368,8.190183639526367
2093776,8.258928298950195
2094160,8.663594245910645
2094176,8.778280258178711
2095088,8.944953918457031
2099600,8.800000190734863
2100192,8.904109954833984
2101328,8.60360336303711
2102976,9.11111068725586
2103136,8.909090995788574
2104432,8.371040344238281
2106544,8.963963508605957
2107952,8.354430198669434
2108736,8.451327323913574
2111936,8.789237976074219
2113104,8.577981948852539
2113920,8.755555152893066
2114880,8.873239517211914
2114880,8.663594245910645
2115248,8.715596199035645
2116832,8.681818008422852
2117392,8.81944465637207
2118368,8.894009590148926
2118816,8.626126289367676
2119824,8.669724464416504
2119952,8.201438903808594
2120240,8.893805503845215
2122032,8.783783912658691
2122992,8.59030818939209
2124576,8.597285270690918
2126528,8.477272987365723
2126880,8.772727012634277
2128176,8.834355354309082
2130880,8.949771881103516
2131744,8.648648262023926
2132048,8.823529243469238
2133760,9.049774169921875
2134016,9.058296203613281
2134208,8.778280258178711
2134384,9.144144058227539
2135680,9.181818008422852
2135696,8.700440406799316
2138848,8.909090995788574
2143184,8.558558464050293
2144464,8.812785148620605
2144864,8.766519546508789
2144944,8.727272987365723
2145120,8.733031272888184
2145216,8.772727012634277
2146352,8.394495010375977
2146720,8.513513565063477
2149856,8.772727012634277
2151040,8.243243217468262
2151984,8.577981948852539
2152512,8.392857551574707
2156608,8.648648262023926
2159824,8.755760192871094
2160416,8.761467933654785
2160720,8.61111068725586
2160752,8.61111068725586
2160784,8.256880760192871
2161456,8.348416328430176
2163232,9.234233856201172
2163328,8.577981948852539
2163920,8.761467933654785
2164272,8.894009590148926
2166240,8.681818008422852
2166448,8.828828811645508
2166592,8.313253402709961
2167856,8.789237976074219
2168160,8.348624229431152
2169392,7.5
2172560,8.664596557617188
2172624,8.6304349899292
2173280,8.421052932739258
2174944,8.613636016845703
2176720,8.858447074890137
2178672,8.448275566101074
2180208,8.248847961425781
2180512,8.295964241027832
2181152,8.295964241027832
2183760,8.642534255981445
2184080,8.806305885314941
2184288,8.594470024108887
2184704,8.823529243469238
2185520,8.847926139831543
2185728,8.49315071105957
2188112,8.333333015441895
2188240,8.522727012634277
2188944,8.513513565063477
2189264,8.683035850524902
2191600,8.479262351989746
2192352,8.777777671813965
2194304,8.597285270690918
2195440,8.333333015441895
2195904,8.506787300109863
2195952,8.454545021057129
2196112,8.91891860961914
2197520,8.465116500854492
2197776,8.19444465637207
2201920,8.440366744995117
2204720,8.348416328430176
2205408,8.064516067504883
2206608,8.227272987365723
2206720,8.34101390838623
2207632,8.311111450195312
2207840,8.034934043884277
2207888,8.0625
2208336,8.355555534362793
2210288,8.06306266784668
2211424,8.363636016845703
2213136,8.080357551574707
2214896,8.425926208496094
2215408,8.55203628540039
2216064,8.408071517944336
2217568,8.133333206176758
2217616,8.173516273498535
2217776,8.371040344238281
2219008,8.258928298950195
2219728,8.343558311462402
2221184,7.972972869873047
2222704,8.0
2223248,8.287671089172363
2223792,8.243243217468262
2226032,8.47826099395752
2226928,8.310185432434082
2227392,8.49315071105957
2227408,8.04444408416748
2227824,8.565022468566895
2228176,8.542600631713867
2228528,8.577777862548828
2230544,8.51111125946045
2230976,7.972972869873047
2231856,8.16513729095459
2232128,7.9910712242126465
2232272,8.214285850524902
2232448,8.004385948181152
2234144,8.125
2237056,8.082191467285156
2237664,8.01369857788086
2237952,8.092485427856445
2238016,7.982062816619873
2239136,7.6785712242126465
2239408,7.83410120010376
2241008,7.3214287757873535
2241424,8.113207817077637
2243680,8.351648330688477
2243712,7.828054428100586
2244352,7.692307472229004
2245968,7.747747898101807
2246560,7.8947367668151855
2247632,7.407407283782959
2248800,7.354259967803955
2248816,7.2049689292907715
2250304,7.654867172241211
2250976,7.847533702850342
2252256,7.880184173583984
2254576,7.254464149475098
2254992,7.839506149291992
2255808,7.330316543579102
2257600,7.644444465637207
2257920,7.5842695236206055
2258144,7.590090274810791
2258864,8.068181991577148
2259504,7.270742416381836
2260240,7.194570064544678
2261168,7.668161392211914
2264800,7.30088472366333
2266032,7.431192874908447
2266560,7.805429935455322
2267120,7.146118640899658
2267472,7.533632278442383
2267552,7.004405498504639
2268416,7.407407283782959
2270128,7.432432651519775
2271104,7.601809978485107
2272304,7.441860675811768
2273776,8.295964241027832
2274176,7.942477703094482
2274464,7.7215189933776855
2275008,7.723214149475098
2275104,8.169013977050781
2275936,7.935780048370361
2276288,7.944785118103027
2277232,7.901785850524902
2277312,7.901785850524902
2277328,7.96380090713501
2277888,8.169642448425293
2279456,8.01369857788086
2280064,7.873302936553955
2280992,7.982456207275391
2281456,8.288288116455078
2281856,8.04651165008545
2285264,7.831050395965576
2286224,7.903930187225342
2286848,8.43891429901123
2287184,8.0316743850708
2287728,7.973568439483643
2288896,8.60465145111084
2289056,7.737556457519531
2290448,8.0
2290752,7.860261917114258
2291904,7.899543285369873
2294688,7.96875
2295728,7.75
2296416,7.75
2298000,8.0
2299696,7.853881359100342
2304896,7.909090995788574
2304944,8.067484855651855
2305504,8.1065092086792
2305632,8.363636016845703
2306768,7.9452056884765625
2306976,8.064516067504883
2308512,8.46846866607666
2310288,8.264840126037598
2312560,8.506787300109863
2313792,8.256880760192871
2313920,8.407079696655273
2314032,8.506787300109863
2316160,8.198758125305176
2316768,8.355855941772461
2317616,8.34080696105957
2319152,8.141592979431152
2319904,8.416289329528809
2321296,8.068181991577148
2323456,8.461538314819336
2323632,8.027523040771484
2324464,8.26388931274414
2327872,8.796296119689941
2328512,8.295964241027832
2328832,8.43891429901123
2328880,8.45911979675293
2329408,8.445945739746094
2331568,8.271027565002441
2331568,8.363636016845703
2332432,8.738739013671875
2334400,8.506787300109863
2335008,8.520179748535156
2335104,8.399999618530273
2335920,8.704545021057129
2337936,8.59030818939209
2338688,8.949771881103516
2339488,8.738739013671875
2339504,8.568181991577148
2339632,8.609865188598633
2342064,8.858447074890137
2342336,8.458149909973145
2343024,8.173516273498535
2343728,8.256880760192871
2345696,8.609865188598633
2345728,8.486238479614258
2346080,8.558558464050293
2348704,8.895705223083496
2349312,8.699551582336426
2350176,8.565022468566895
2352032,8.309859275817871
2352832,8.163265228271484
2352896,7.61904764175415
2355184,8.525345802307129
2355392,8.050314903259277
2357344,8.430493354797363
2358944,8.099547386169434
2359040,8.314606666564941
2360192,8.281938552856445
2361456,8.416289329528809
2361600,7.8930816650390625
2362336,8.25
2362528,8.479262351989746
2362768,8.045454978942871
2364336,8.243243217468262
2365136,8.352941513061523
2365872,7.954545497894287
2366192,8.282208442687988
2366304,8.21276569366455
2368512,8.273542404174805
2368960,8.363228797912598
2372224,8.04878044128418
2373040,8.116591453552246
2375072,8.295964241027832
2375232,8.378377914428711
2375728,8.227272987365723
2376016,8.355555534362793
2377168,7.680180072784424
2378384,8.616071701049805
2378576,8.113207817077637
2378960,8.303571701049805
2380720,8.506787300109863
2381232,8.064516067504883
2381408,7.954545497894287
2381488,8.362445831298828
2381824,7.808218955993652
2383184,7.625570774078369
2384848,8.355555534362793
2385424,8.147321701049805
2385872,8.17391300201416
2386080,8.045454978942871
2388528,8.416289329528809
2388928,7.899543285369873
2389648,7.972972869873047
2389776,8.311111450195312
2391424,8.219178199768066
2392000,8.181818008422852
2392544,8.04932689666748
2393072,7.7533040046691895
2394560,7.981651306152344
2395392,7.668161392211914
2395472,8.090909004211426
2395552,7.955555438995361
2398256,8.181818008422852
2399744,8.235294342041016
2399776,8.258928298950195
2401728,8.767123222351074
2402400,8.054298400878906
2402560,7.958715438842773
2402608,8.378377914428711
2402608,8.280543327331543
2403312,8.265766143798828
2403600,7.954545497894287
2404288,8.238993644714355
2405120,8.113207817077637
2406096,7.873302936553955
2409712,7.918551921844482
2410272,8.14220142364502
2412256,8.04054069519043
2412400,8.4375
2413280,8.445945739746094
2413872,8.364055633544922
2415040,8.440366744995117
2415776,8.363636016845703
2415808,8.393665313720703
2415968,8.333333015441895
2417312,8.348624229431152
2419664,8.392857551574707
2420240,8.068181991577148
2420400,8.125
2421216,7.82608699798584
2421568,8.089887619018555
2422160,8.090909004211426
2422208,8.209877014160156
2423040,7.9464287757873535
2424000,8.571428298950195
2424816,8.191964149475098
2424944,8.190045356750488
2427712,8.540372848510742
2428160,7.972972869873047
2428448,8.238993644714355
2428512,8.243243217468262
2431536,8.202764511108398
2431952,8.215859413146973
2431984,7.909090995788574
2432816,8.082191467285156
2434560,8.25
2439120,8.136363983154297
2439136,8.303571701049805
2439168,7.8481011390686035
2442320,8.513513565063477
2442912,8.19444465637207
2443424,8.232558250427246
2443552,8.269230842590332
2444112,8.198758125305176
2446384,8.1578950881958
2446576,8.486842155456543
2446960,8.687783241271973
2448560,8.394495010375977
2448864,8.371040344238281
2448912,7.964601993560791
2450144,8.153153419494629
2450480,8.264840126037598
2451312,8.385650634765625
2451552,8.588956832885742
2452080,8.35616397857666
2453040,8.495574951171875
2453360,8.21100902557373
2455104,8.506787300109863
2456624,8.144796371459961
2456752,7.361111164093018
2457440,8.544303894042969
2457600,8.371040344238281
2457808,8.675799369812012
2459152,8.613636016845703
2459936,8.863636016845703
2460832,8.598726272583008
2463440,8.14220142364502
2464096,8.209607124328613
2465520,8.090909004211426
2467968,8.447488784790039
2468224,8.185840606689453
2469104,8.520179748535156
2469424,8.181818008422852
2470672,8.524229049682617
2471792,7.972972869873047
2472640,8.401826858520508
2473184,8.372093200683594
2473472,8.07860279083252
2474800,8.482142448425293
2480496,8.39622688293457
2481696,8.621495246887207
2483312,8.198198318481445
2484912,8.087557792663574
2486832,8.858447074890137
2487616,8.982300758361816
2489584,8.577981948852539
2489936,8.75
2491152,8.431818008422852
2491200,8.868778228759766
2491888,8.392857551574707
2494624,8.60360336303711
2494656,8.440366744995117
2495360,8.148148536682129
2498208,8.597285270690918
2498256,8.893805503845215
2498912,8.482142448425293
2499056,8.703703880310059
2500624,8.733031272888184
2500912,7.599999904632568
2501056,8.47826099395752
2504752,8.303571701049805
2505152,8.44444465637207
2505264,8.590909004211426
2505280,8.090909004211426
2508208,8.15217399597168
2508736,8.171296119689941
2509408,8.018433570861816
2510096,8.243243217468262
2512160,8.243243217468262
2513568,8.05555534362793
2515152,8.355555534362793
2518560,8.04651165008545
2519520,8.805309295654297
2519584,8.538812637329102
2520640,8.716814041137695
2523088,8.693694114685059
2523168,8.385650634765625
2523424,8.482142448425293
2524768,8.407079696655273
2524832,8.322981834411621
2525360,8.5
2525776,8.545454978942871
2526064,8.92376708984375
2526336,8.646788597106934
2527296,8.251121520996094
2527696,7.976190567016602
2528432,8.4375
2529232,8.60465145111084
2530800,8.681818008422852
2531792,8.411214828491211
2532400,8.619909286499023
2533296,8.387096405029297
2533824,8.363636016845703
2533888,8.705357551574707
2535312,8.788820266723633
2536352,9.032258033752441
2536640,8.571428298950195
2537888,8.883928298950195
2538656,8.577981948852539
2539072,8.89908218383789
2539872,8.904109954833984
2540176,8.863636016845703
2541408,8.944953918457031
2542080,8.9375
2543168,8.947368621826172
2543584,8.722943305969238
2545392,8.914027214050293
2545952,8.727272987365723
2546784,8.942730903625488
2547584,8.760330200195312
2548848,8.55813980102539
2548976,8.586956977844238
2550096,8.757763862609863
2550352,8.198198318481445
2550832,8.371040344238281
2551808,8.628318786621094
2553056,8.260869979858398
2553504,8.780488014221191
2555696,8.513513565063477
2557376,9.023255348205566
2557456,8.090909004211426
2559168,8.767123222351074
2560384,8.990825653076172
2561008,8.778280258178711
2563136,8.812785148620605
2563744,8.318181991577148
2564784,8.687783241271973
2565040,8.805031776428223
2566304,8.532110214233398
2568048,8.693694114685059
2568624,9.090909004211426
2570480,8.893805503845215
2570992,8.818181991577148
2571328,8.828828811645508
2571536,8.909090995788574
2571952,9.039300918579102
2572144,8.654708862304688
2575664,8.881278991699219
2578176,8.532110214233398
2578352,8.858447074890137
2580432,8.301886558532715
2580784,8.950616836547852
2581088,8.709677696228027
2582800,8.873873710632324
2582896,8.772727012634277
2584096,8.699551582336426
2584272,8.22580623626709
2584624,8.568181991577148
2585936,8.44298267364502
2586624,8.634361267089844
2587312,8.693694114685059
2587520,8.55555534362793
2588832,8.416289329528809
2589040,8.590909004211426
2589360,8.127854347229004
2590592,8.28125
2591648,8.43317985534668
2593104,8.594470024108887
2593520,8.681818008422852
2595328,8.590909004211426
2598208,8.13559341430664
2599504,7.840909004211426
2603152,8.59030818939209
2604512,7.950310707092285
2605248,8.116591453552246
2608400,8.511628150939941
2609744,7.891566276550293
2610592,8.43220329284668
2611744,8.464912414550781
2613280,8.654708862304688
2613808,8.538812637329102
2614304,8.654708862304688
2616880,8.482142448425293
2617856,8.687783241271973
2618208,8.783783912658691
2618592,8.839285850524902
2620400,8.385650634765625
2621536,8.190045356750488
2622000,8.532110214233398
2622224,8.384955406188965
2624624,8.863636016845703
2627024,8.75
2628464,8.683035850524902
2628496,8.761467933654785
2628608,8.715596199035645
2629760,7.788461685180664
2632096,8.517699241638184
2632880,8.311111450195312
2634208,8.484163284301758
2635712,8.51111125946045
2636208,8.371040344238281
2636736,8.287036895751953
2637856,8.313253402709961
2638000,8.425926208496094
2639776,8.400900840759277
2639904,8.584474563598633
2641200,8.88888931274414
2641952,8.223684310913086
2644608,6.9811320304870605
2645328,8.068181991577148
2645424,8.447488784790039
2647472,8.281938552856445
2648112,8.447488784790039
2648304,7.873302936553955
2649008,8.116591453552246
2650112,7.918551921844482
2651024,8.310811042785645
2651104,8.078703880310059
2651744,7.964601993560791
2655200,8.363636016845703
2655312,7.657657623291016
2656080,8.198198318481445
2656752,8.325688362121582
2657040,8.440366744995117
2658160,7.937219619750977
2659104,8.165939331054688
2659664,7.903225898742676
2660208,7.261904716491699
2662080,7.899543285369873
2662688,7.668161392211914
2663872,8.136363983154297
2663936,8.318181991577148
2664752,7.873563289642334
2665264,8.721461296081543
2667552,7.866666793823242
2667792,8.183856964111328
2668752,8.42767333984375
2669776,8.212669372558594
2671344,7.241379261016846
2671888,8.108108520507812
2672416,7.850877285003662
2674496,7.857142925262451
2674928,7.847533702850342
2675504,8.01204776763916
2675920,7.889908313751221
2675984,7.792792797088623
2678992,7.8318586349487305
2679040,7.5
2679504,7.873302936553955
2679616,7.873302936553955
2682464,7.327188968658447
2683104,7.592592716217041
2684320,7.782805442810059
2685584,7.068181991577148
2686160,7.782805442810059
2687040,8.02690601348877
2688368,7.234042644500732
2688880,7.810650825500488
2690240,7.723214149475098
2695440,7.950450420379639
2695616,7.606837749481201
2696576,8.125
2698960,7.71689510345459
2699152,7.363636493682861
2699744,7.777777671813965
2701664,7.879464149475098
2702528,7.747747898101807
2702688,7.818181991577148
2703376,7.920353889465332
2704416,7.958715438842773
2705248,7.6086955070495605
2707296,8.02690601348877
2707344,7.937219619750977
2707344,7.625
2709088,7.870370388031006
2709616,8.181818008422852
2709744,7.681818008422852
2710864,7.8378376960754395
2712592,8.417430877685547
2714368,8.073394775390625
2716064,8.05555534362793
2716832,8.144796371459961
2717120,6.888888835906982
2717584,8.009259223937988
2718016,8.090909004211426
2719424,8.260869979858398
2719696,8.295964241027832
2721392,8.456221580505371
2722816,8.733031272888184
2723904,8.054298400878906
2723904,8.545454978942871
2724224,8.108108520507812
2725328,8.636363983154297
2727056,8.584474563598633
2727808,8.4375
2729232,9.0625
2729424,8.32579231262207
2730272,8.642534255981445
2731328,8.310502052307129
2733360,8.248847961425781
2733808,8.030973434448242
2734976,8.416289329528809
2735248,8.235294342041016
2735584,7.954545497894287
2735904,8.239130020141602
2736880,8.173516273498535
2737376,7.813953399658203
2738336,8.227272987365723
2738496,8.017621040344238
2741712,8.240740776062012
2742096,7.843137264251709
2745184,8.425926208496094
2745840,8.43317985534668
2746976,8.408071517944336
2748960,8.502202987670898
2749296,8.206277847290039
2749664,8.099547386169434
2749872,8.064516067504883
2751488,8.454545021057129
2754160,8.399999618530273
2756048,8.181818008422852
2756096,8.46625804901123
2756336,8.173516273498535
2758672,8.49315071105957
2758704,8.371040344238281
2759632,8.206277847290039
2759824,8.064516067504883
2759920,8.333333015441895
2760304,8.545454978942871
2760976,8.394495010375977
2762864,8.136363983154297
2763424,8.4375
2764032,8.0
2765888,7.85067892074585
2768256,8.251121520996094
2768592,8.054298400878906
2769248,8.110599517822266
2769600,8.05555534362793
2771840,8.071748733520508
2771968,7.953216552734375
2772144,7.918551921844482
2772960,7.0
2773376,8.311111450195312
2773728,7.606837749481201
2774336,7.723214149475098
2774576,8.017621040344238
2776880,8.15384578704834
2777776,7.706421852111816
2779056,8.018433570861816
2781760,8.136363983154297
2783552,8.027523040771484
2784352,7.802690505981445
2784544,8.266666412353516
2787936,7.533632278442383
2789664,7.743362903594971
2790240,8.144796371459961
2790496,7.920353889465332
2790848,7.569060802459717
2791168,7.935780048370361
2793008,8.035714149475098
2793264,7.57692289352417
2793744,7.706421852111816
2794096,7.6339287757873535
2794752,7.763157844543457
2795728,7.97777795791626
2796640,7.918551921844482
2797888,7.923728942871094
2798032,7.792792797088623
2798720,7.782805442810059
2801584,7.941176414489746
2802992,8.06306266784668
2803760,8.0
2804240,8.04054069519043
2804400,7.636363506317139
2805984,7.82608699798584
2806480,7.882883071899414
2807968,8.409090995788574
2808656,8.108108520507812
2809472,7.695852756500244
2810160,7.455357074737549
2810864,7.709677219390869
2811648,8.22510814666748
2812880,8.153153419494629
2812928,7.045454502105713
2813760,8.169642448425293
2814432,8.061674118041992
2815024,8.116591453552246
2816480,7.941176414489746
2818608,7.869955062866211
2818736,8.099547386169434
2820272,7.789473533630371
2822784,8.198198318481445
2823232,8.340909004211426
2824480,8.191964149475098
2826144,8.401826858520508
2828096,8.333333015441895
2828640,8.302752494812012
2829440,7.96380090713501
2830880,8.243243217468262
2832352,8.139534950256348
2833136,8.302752494812012
2833152,8.222222328186035
2833856,8.371040344238281
2834256,8.083700180053711
2835936,8.116591453552246
2836400,8.164556503295898
2837792,7.441860675811768
2838848,8.0316743850708
2838928,8.183856964111328
2840096,8.475336074829102
2840272,8.018017768859863
2840960,8.423423767089844
2841024,7.659574508666992
2841616,8.529411315917969
2841648,7.764705657958984
2842352,8.417430877685547
2842832,8.536036491394043
2844192,7.9452056884765625
2844208,8.310502052307129
2847344,7.802690505981445
2848736,8.009049415588379
2849392,8.119266510009766
2850928,7.847533702850342
2850992,7.937219619750977
2852368,8.013392448425293
2854560,7.882883071899414
2854896,8.064516067504883
2856528,8.071748733520508
2856992,8.333333015441895
2857328,8.43317985534668
2858896,7.9910712242126465
2860480,7.972350120544434
2861952,8.068181991577148
2862384,8.153153419494629
2864400,8.34101390838623
2864688,8.318181991577148
2866224,8.116591453552246
2866304,8.160919189453125
2866784,8.3259916305542
2867360,6.924528121948242
2867952,8.099547386169434
2869040,8.141592979431152
2871408,8.379630088806152
2871456,8.21100902557373
2874272,7.988165855407715
2874496,8.149779319763184
2876144,8.068965911865234
2876256,7.958715438842773
2877840,7.935780048370361
2878176,8.22510814666748
2878496,8.461538314819336
2879776,8.265766143798828
2881328,8.243243217468262
2881472,7.937219619750977
2882240,7.9012346267700195
2883392,8.177778244018555
2883824,7.942477703094482
2885056,7.959641456604004
2885600,7.96380090713501
2885760,8.04932689666748
2886384,7.7727274894714355
2886656,7.926267147064209
2886848,7.870370388031006
2888560,8.251121520996094
2891264,7.3684210777282715
2892352,8.054298400878906
2893872,8.024691581726074
2893920,7.954545497894287
2896048,8.30434799194336
2900688,8.155555725097656
2900896,8.280543327331543
2901040,8.064516067504883
2901072,8.243243217468262
2901424,8.181818008422852
2901584,7.961783409118652
2902656,8.169642448425293
2903568,8.268156051635742
2904496,8.258928298950195
2905360,7.981651306152344
2907232,8.310502052307129
2907392,8.399999618530273
2907760,8.190045356750488
2908560,8.018017768859863
2908768,8.2339448928833
2912096,7.954545497894287
2912272,7.86697244644165
2912736,8.272727012634277
2914400,7.942477703094482
2918144,7.882883071899414
2918672,8.21100902557373
2918928,7.931034564971924
2919360,8.090909004211426
2919760,7.930232524871826
2921040,7.825112342834473
2922896,8.0
2922960,7.7727274894714355
2923040,8.127854347229004
2924768,8.287036895751953
2924944,8.144796371459961
2925040,8.21100902557373
2926432,8.425926208496094
2926512,8.240740776062012
2930000,7.972972869873047
2933680,8.179824829101562
2935888,8.272727012634277
2936080,8.125
2936832,8.113636016845703
2937360,8.482142448425293
2939360,8.16513729095459
2940512,8.32579231262207
2942992,8.0
2946608,8.296943664550781
2950032,8.27510929107666
2951120,8.288288116455078
2951696,8.409090995788574
2951920,7.7876105308532715
2954144,5.769230842590332
2955248,8.054298400878906
2958208,8.43317985534668
2958816,8.333333015441895
2959264,8.236607551574707
2960048,8.1614351272583
2962832,8.289473533630371
2965856,8.219178199768066
2966416,8.392857551574707
2966832,8.127854347229004
2966832,8.294930458068848
2966880,8.461538314819336
2967200,8.395061492919922
2969376,8.099547386169434
2970832,8.44444465637207
2972848,8.440366744995117
2974992,8.266666412353516
2975376,8.1614351272583
2976800,8.401826858520508
2977088,8.209301948547363
2981104,8.41409683227539
2984032,8.486238479614258
2985824,8.209607124328613
2987200,8.076923370361328
2987728,8.119266510009766
2988128,8.1578950881958
2990224,8.136363983154297
2991296,8.333333015441895
2991936,8.009049415588379
2993184,8.119658470153809
2995168,8.425926208496094
2996224,7.816092014312744
2996704,8.088889122009277
2996768,8.295964241027832
2997328,8.363636016845703
2998016,8.447488784790039
2998848,8.206277847290039
2999584,8.206277847290039
3000704,7.880184173583984
3001424,8.206277847290039
3002208,8.440366744995117
3002304,8.07453441619873
3002336,8.530805587768555
3003856,8.418604850769043
3005040,8.082191467285156
3007344,8.136363983154297
3007360,8.532110214233398
3009568,8.458149909973145
3010272,8.295964241027832
3013088,8.303571701049805
3013376,8.036529541015625
3015088,8.116591453552246
3015312,7.986425399780273
3015696,8.108108520507812
3016256,7.8348212242126465
3016656,7.923976421356201
3018720,8.116591453552246
3018864,7.692307472229004
3020256,7.47787618637085
3022112,7.614678859710693
3023856,7.669683456420898
3024336,7.7419352531433105
3025616,7.788018226623535
3025920,7.9220781326293945
3026448,7.704545497894287
3026896,6.666666507720947
3026928,7.924528121948242
3027968,8.05309772491455
3028464,7.8289475440979
3029472,8.190045356750488
3029936,7.863636493682861
3030352,7.767441749572754
3030432,7.958715438842773
3031824,8.080357551574707
3031888,8.0
3031920,8.232558250427246
3034288,7.96380090713501
3036480,8.177778244018555
3037008,7.97169828414917
3038064,7.760180950164795
3039072,8.302752494812012
3040768,7.809734344482422
3041136,8.02690601348877
3042416,8.190045356750488
3042480,8.230088233947754
3043760,8.343558311462402
3044672,8.022222518920898
3047680,7.905405521392822
3048784,8.008849143981934
3050576,8.431818008422852
3054416,8.379630088806152
3055120,7.740740776062012
3056160,7.982062816619873
3056880,7.688889026641846
3057504,8.237885475158691
3058640,7.968036651611328
3058640,7.9452056884765625
3059248,8.035714149475098
3060416,8.0
3060848,7.7727274894714355
3061088,7.986425399780273
3062288,8.080357551574707
3062832,8.02690601348877
3065872,8.206277847290039
3066672,7.853881359100342
3066992,8.061674118041992
3067328,7.951807022094727
3067968,8.198198318481445
3068640,8.248847961425781
3070304,8.05309772491455
3071424,8.093023300170898
3072608,8.183856964111328
3074128,8.266666412353516
3075232,8.21100902557373
3077344,8.099547386169434
3077632,8.21100902557373
3077728,8.440366744995117
3078480,8.088889122009277
3079056,8.202764511108398
3079136,8.273542404174805
3080064,8.294930458068848
3082096,8.144796371459961
3082608,7.895927429199219
3083728,7.861635208129883
3084592,8.5
3084848,8.082191467285156
3085024,8.31838607788086
3087056,8.018017768859863
3087200,7.882883071899414
3087248,8.287671089172363
3087952,8.032407760620117
3088496,7.9452056884765625
3089968,7.954545497894287
3093040,7.857142925262451
3094272,8.251121520996094
3095232,8.1578950881958
3096112,7.903225898742676
3097088,8.477272987365723
3097648,7.899543285369873
3097760,8.34101390838623
3099744,8.036529541015625
3100240,8.502202987670898
3102128,7.770270347595215
3102624,8.248847961425781
3102960,8.302752494812012
3105520,7.847533702850342
3106400,8.479262351989746
3106592,8.230088233947754
3107328,8.212669372558594
3107824,8.577777862548828
3109536,8.538812637329102
3109952,8.616071701049805
3110112,8.538812637329102
3113056,8.538812637329102
3113984,8.545454978942871
3117312,7.981651306152344
3117504,8.387096405029297
3119632,8.4375
3119824,8.401826858520508
3120192,8.186046600341797
3120352,8.25
3120800,8.248847961425781
3121072,8.46846866607666
3121104,8.235294342041016
3122016,8.577981948852539
3124624,8.371040344238281
3124720,8.545454978942871
3126048,8.204545021057129
3127360,7.746479034423828
3130768,8.49315071105957
3131408,8.5
3131488,8.204545021057129
3131696,8.386363983154297
3131792,8.243243217468262
3134496,8.423423767089844
3134816,8.280543327331543
3135200,8.32579231262207
3136688,8.584474563598633
3137216,8.094170570373535
3138112,8.677129745483398
3138464,8.235294342041016
3138672,8.295454978942871
3140256,8.333333015441895
3141568,8.440366744995117
3141920,8.068181991577148
3142528,8.169642448425293
3145696,8.425926208496094
3145776,8.113636016845703
3146400,8.51111125946045
3148608,8.522727012634277
3150848,8.401826858520508
3151584,8.245614051818848
3152160,8.076923370361328
3152336,8.5
3152400,8.248847961425781
3152528,8.461538314819336
3152640,8.224299430847168
3155824,8.241758346557617
3156480,8.577981948852539
3158160,8.461538314819336
3159376,8.348214149475098
3159440,8.532110214233398
3159616,8.497653007507324
3160544,8.288288116455078
3166640,8.636363983154297
3166656,8.506787300109863
3173536,8.400900840759277
3173568,8.482142448425293
3174496,8.310502052307129
3175872,8.34101390838623
3177088,8.416289329528809
3178000,8.440366744995117
3178208,8.256880760192871
3178880,8.386363983154297
3180624,8.5
3180720,8.273542404174805
3180832,8.16513729095459
3181616,8.48888874053955
3181856,8.458149909973145
3182416,8.363636016845703
3184624,8.34101390838623
3185488,8.274335861206055
3188240,8.738739013671875
3189184,8.109756469726562
3190064,8.3259916305542
3192176,8.147321701049805
3195376,8.423423767089844
3197056,8.004694938659668
3198432,8.136363983154297
3198992,8.440366744995117
3201776,8.108108520507812
3202032,8.258928298950195
3202208,8.235294342041016
3202752,8.183856964111328
3203088,8.303571701049805
3203744,8.243243217468262
3207344,8.183856964111328
3207520,7.9220781326293945
3207632,8.272727012634277
3208832,8.35616397857666
3209168,7.847533702850342
3209504,8.62385368347168
3210128,8.190045356750488
3210416,8.325581550598145
3211872,8.201754570007324
3212480,8.061674118041992
3212720,8.289473533630371
3212752,7.982062816619873
3213648,7.899543285369873
3213920,8.256880760192871
3214720,8.122172355651855
3216432,8.07860279083252
3219792,8.183856964111328
3219936,7.798165321350098
3220032,8.1304349899292
3220448,8.177778244018555
3220640,8.272727012634277
3220704,8.045454978942871
3222560,7.929515361785889
3224112,8.125
3224256,8.206277847290039
3224864,8.371560096740723
3224960,8.173516273498535
3225232,7.937219619750977
3226832,8.248847961425781
3227200,8.149779319763184
3230608,7.792792797088623
3230832,7.9910712242126465
3231488,7.924107074737549
3232256,7.0714287757873535
3232304,8.071748733520508
3235872,7.711111068725586
3237680,7.886363506317139
3237952,8.179824829101562
3238960,7.7215189933776855
3239376,7.990867614746094
3240928,8.162790298461914
3241312,8.01369857788086
3241456,8.0
3241616,7.362204551696777
3241808,8.235294342041016
3242560,8.392857551574707
3243008,7.8378376960754395
3244928,7.986111164093018
3245360,7.926267147064209
3245424,8.0
3248640,8.116591453552246
3248992,7.882883071899414
3250704,7.8481011390686035
3251344,7.794759750366211
3252176,7.863636493682861
3252256,7.9279279708862305
3252752,8.169642448425293
3253728,7.918551921844482
3254224,8.036529541015625
3255680,8.147321701049805
3256048,8.102678298950195
3258432,8.02690601348877
3259168,8.136363983154297
3259520,7.9141106605529785
3262096,8.34101390838623
3262464,8.07453441619873
3263232,8.130630493164062
3265600,8.119266510009766
3270080,8.35616397857666
3270912,8.190045356750488
3271712,7.9279279708862305
3273088,8.21100902557373
3273584,8.340611457824707
3273664,8.427229881286621
3274032,8.191964149475098
3276544,8.295454978942871
3280016,7.870370388031006
3280064,8.064516067504883
3281792,8.258928298950195
3282304,8.280543327331543
3284288,8.080357551574707
3284784,7.825112342834473
3286128,7.808218955993652
3286400,8.15068531036377
3287472,8.265766143798828
3287792,8.18807315826416
3287856,8.333333015441895
3288272,6.836734771728516
3288624,8.25991153717041
3291072,8.144796371459961
3291808,8.186046600341797
3291888,8.533333778381348
3292944,8.185840606689453
3294656,8.565022468566895
3298208,8.054298400878906
3301952,8.181818008422852
3302400,8.333333015441895
3302992,8.484163284301758
3303264,8.181818008422852
3303792,8.266666412353516
3303920,8.136363983154297
3304272,8.466666221618652
3304752,8.46846866607666
3307632,8.349282264709473
3308736,7.9493088722229
3310912,8.018017768859863
3311600,7.990867614746094
3312592,7.924528121948242
3313776,8.088889122009277
3314320,8.280543327331543
3314480,8.1963472366333
3314816,8.423423767089844
3315968,8.251121520996094
3316112,8.136363983154297
3317392,8.25
3317952,7.995495319366455
3318016,8.318181991577148
3319488,8.401826858520508
3324128,7.942477703094482
3324656,8.108108520507812
3325072,8.185840606689453
3325920,8.082191467285156
3326592,8.219178199768066
3327904,8.04651165008545
3328096,8.096330642700195
3328160,8.333333015441895
3328656,8.410138130187988
3330496,8.466666221618652
3331456,8.080357551574707
3331936,8.0
3334992,8.1963472366333
3335104,7.8289475440979
3335248,7.770270347595215
3335408,7.792792797088623
3336592,8.148148536682129
3337536,8.036529541015625
3338224,7.879464149475098
3339328,8.093023300170898
3340128,7.909090995788574
3342080,7.922374248504639
3342192,8.144796371459961
3347680,7.702702522277832
3348432,8.054298400878906
3350304,7.9910712242126465
3353440,7.857142925262451
3353856,7.460317611694336
3354320,7.675438404083252
3354752,7.7419352531433105
3355136,8.251121520996094
3357856,7.7727274894714355
3358656,7.990867614746094
3360960,8.099547386169434
3361904,8.071748733520508
3362672,7.982456207275391
3363536,8.256880760192871
3363968,8.21100902557373
3364048,8.082191467285156
3366256,7.802690505981445
3368176,7.714931964874268
3368848,7.8240742683410645
3368864,7.972350120544434
3369136,8.274335861206055
3370752,8.113636016845703
3371056,8.0
3371792,7.741228103637695
3372640,8.045454978942871
3378896,8.036529541015625
3378944,7.82110071182251
3381392,8.190045356750488
3382416,7.853881359100342
3385968,7.533936500549316
3387440,7.82110071182251
3387552,7.905405521392822
3389744,7.767857074737549
3392656,7.613636493682861
3392912,7.863636493682861
3393072,7.34375
3393312,7.762557029724121
3394128,7.9910712242126465
3396320,7.395349025726318
3396528,7.710280418395996
3396560,7.788018226623535
3397632,7.752293586730957
3397824,7.863636493682861
3397952,7.695652008056641
3400336,7.396313190460205
3401184,7.545454502105713
3403360,7.711111068725586
3404288,7.772925853729248
3404720,7.882883071899414
3404928,7.454545497894287
3405104,8.105727195739746
3407664,7.792792797088623
3408432,8.073394775390625
3411152,7.7419352531433105
3412512,7.935780048370361
3414272,7.986111164093018
3414608,8.06306266784668
3416112,7.544642925262451
3416688,7.882883071899414
3417824,7.612612724304199
3418800,8.105022430419922
3419008,7.785714149475098
3419440,8.036529541015625
3419824,8.15384578704834
3421344,7.926267147064209
3422512,8.073394775390625
3423376,7.973568439483643
3424864,8.082191467285156
3425040,7.6744184494018555
3425408,8.009049415588379
3425840,7.672811031341553
3426032,7.305935859680176
3426848,7.708333492279053
3428464,7.886363506317139
3428640,7.918551921844482
3428784,7.835051536560059
3431792,7.937219619750977
3432016,7.737556457519531
3433488,7.720930099487305
3434464,7.442922592163086
3435472,8.11111068725586
3436064,7.6875
3436448,7.690582752227783
3437968,8.004587173461914
3439104,8.054298400878906
3439168,7.737556457519531
3439296,8.04054069519043
3439952,7.775229454040527
3440720,7.912844181060791
3442656,7.96380090713501
3443088,7.841409683227539
3444288,8.04444408416748
3445856,8.294930458068848
3449648,8.18807315826416
3449792,8.371040344238281
3453376,8.183856964111328
3455024,8.122172355651855
3455936,8.0
3456432,8.078703880310059
3457520,7.623318195343018
3458608,8.004484176635742
3460416,7.775229454040527
3461120,8.370535850524902
3461968,7.873302936553955
3462048,8.037383079528809
3462576,8.222222328186035
3463904,7.837209224700928
3464016,8.119266510009766
3464736,8.018433570861816
3465504,7.818181991577148
3467472,8.050458908081055
3467600,8.02690601348877
3469184,8.253274917602539
3470240,8.264840126037598
3471296,8.482142448425293
3473168,8.14220142364502
3473280,8.271604537963867
3473600,7.798742294311523
3474336,7.98742151260376
3474480,7.911110877990723
3474736,8.036529541015625
3474880,8.183856964111328
3475040,8.116591453552246
3475776,7.654321193695068
3476208,8.243243217468262
3476448,8.075117111206055
3477312,8.099547386169434
3478352,8.258928298950195
3479328,8.144796371459961
3480672,7.578125
3480800,8.206277847290039
3481440,8.071748733520508
3482976,7.96380090713501
3483344,8.202764511108398
3483488,8.05936050415039
3484416,8.026315689086914
3484784,8.224299430847168
3484912,8.148148536682129
3485440,8.220720291137695
3489408,8.009259223937988
3491472,8.219178199768066
3492352,8.113636016845703
3493536,7.860360145568848
3495024,7.918551921844482
3497696,7.590909004211426
3499616,7.909090995788574
3499920,7.757847309112549
3500096,8.119266510009766
3500608,8.183856964111328
3502272,8.116591453552246
3504160,8.122172355651855
3505280,8.400900840759277
3505568,8.035714149475098
3505840,7.9279279708862305
3507008,8.183856964111328
3507040,7.841409683227539
3512016,7.96380090713501
3512800,7.866666793823242
3512960,7.802690505981445
3513360,7.096774101257324
3514080,7.777777671813965
3514080,7.96380090713501
3514816,7.533936500549316
3516320,7.968036651611328
3516544,7.959641456604004
3517136,7.955555438995361
3517456,7.802690505981445
3517600,8.075221061706543
3519264,7.488986968994141
3519408,7.907488822937012
3521280,7.7876105308532715
3521296,8.318181991577148
3524224,7.926267147064209
3524736,7.955555438995361
3524832,8.190045356750488
3529792,8.16513729095459
3530480,8.127854347229004
3531264,5.473684310913086
3531424,8.018017768859863
3531456,7.889908313751221
3531776,8.009259223937988
3533728,8.214285850524902
3535040,8.071748733520508
3535536,8.116591453552246
3536912,7.958715438842773
3537728,8.07860279083252
3538176,7.394958019256592
3540128,8.136363983154297
3541728,8.202764511108398
3542064,8.348624229431152
3542480,8.401826858520508
3542800,8.018017768859863
3543664,8.25
3544304,8.348416328430176
3545296,8.288288116455078
3546032,7.847533702850342
3547648,8.127854347229004
3547952,7.880184173583984
3550592,8.193832397460938
3552368,8.068181991577148
3552752,7.986425399780273
3552832,8.080357551574707
3553408,8.171296119689941
3554176,8.295964241027832
3554176,8.173516273498535
3554384,8.15920352935791
3557856,8.287036895751953
3558848,7.954545497894287
3559504,8.167420387268066
3560336,8.177570343017578
3561392,7.886363506317139
3562384,8.318181991577148
3562624,7.75
3563072,8.288288116455078
3563168,8.251121520996094
3564528,7.8070173263549805
3573840,7.920353889465332
3574000,7.981651306152344
3574288,8.264840126037598
3577344,8.310502052307129
3577584,8.273542404174805
3577856,8.054298400878906
3579040,8.181818008422852
3580224,8.159090995788574
3580432,8.050458908081055
3581456,8.085585594177246
3581552,8.02173900604248
3582288,8.454545021057129
3585408,8.34080696105957
3586112,8.243243217468262
3587632,8.17391300201416
3587856,8.153153419494629
3587888,8.423423767089844
3588064,8.06306266784668
3588576,8.190045356750488
3589472,8.35616397857666
3591200,8.175675392150879
3591536,8.169642448425293
3592928,8.04651165008545
3594832,8.227272987365723
3594960,7.972350120544434
3596528,8.14220142364502
3598240,8.087557792663574
3598352,8.21100902557373
3598432,8.392857551574707
3598512,7.876106262207031
3599632,8.116591453552246
3601184,8.179824829101562
3601776,8.318181991577148
3601952,8.160377502441406
3602032,7.860360145568848
3602256,8.409090995788574
3604624,7.990653991699219
3605488,7.860465049743652
3605728,8.32579231262207
3607776,8.538812637329102
3609008,8.265766143798828
3609616,8.090909004211426
3611104,8.378377914428711
3611376,8.303571701049805
3612624,8.318181991577148
3613760,8.302752494812012
3615216,7.84403657913208
3615856,8.348624229431152
3615904,8.407079696655273
3616208,8.227272987365723
3617312,8.190045356750488
3617936,8.181818008422852
3620032,8.251121520996094
3620144,8.461538314819336
3621824,8.272727012634277
3623168,8.093023300170898
3623296,8.363228797912598
3623616,8.19444465637207
3626656,8.271889686584473
3628720,8.533333778381348
3629168,8.220720291137695
3630624,8.526785850524902
3632224,8.558952331542969
3632592,8.243243217468262
3633568,8.274335861206055
3633760,8.251121520996094
3634208,8.385650634765625
3634400,8.179824829101562
3637120,8.13364028930664
3637456,8.248847961425781
3640656,8.113636016845703
3640656,8.227272987365723
3640944,7.950450420379639
3644208,8.009049415588379
3644624,8.093023300170898
3644976,8.083700180053711
3646512,7.847533702850342
3647616,8.042452812194824
3648160,8.113636016845703
3648320,7.986425399780273
3648464,8.018433570861816
3648512,8.240740776062012
3650096,8.251121520996094
3651312,7.935780048370361
3651664,8.274335861206055
3653120,8.207964897155762
3654096,7.972972869873047
3654704,8.116591453552246
3654768,8.036529541015625
3655104,8.274335861206055
3655280,8.265766143798828
3655632,8.144796371459961
3658208,8.018017768859863
3659056,8.125
3660304,8.147321701049805
3661088,8.202764511108398
3664768,7.7397260665893555
3665376,7.7876105308532715
3667760,7.873302936553955
3668992,8.169642448425293
3669488,8.004385948181152
3669760,7.808218955993652
3670832,7.909090995788574
3671248,7.9493088722229
3671872,7.863636493682861
3672752,7.982062816619873
3673632,8.099547386169434
3674704,8.125
3675504,8.141592979431152
3675904,7.782805442810059
3676240,8.116591453552246
3676352,7.96875
3679520,8.087557792663574
3679568,7.762557029724121
3679792,7.918551921844482
3681424,8.401826858520508
3681840,8.675799369812012
3682640,8.190045356750488
3683072,8.088889122009277
3684368,8.363636016845703
3685472,8.274335861206055
3686688,8.264840126037598
3686880,8.392857551574707
3686944,8.004484176635742
3687840,7.990867614746094
3687904,8.045454978942871
3688960,7.968036651611328
3689648,8.242009162902832
3691392,8.235294342041016
3692544,8.1614351272583
3694736,8.1578950881958
3696208,8.070175170898438
3696816,8.333333015441895
3697264,8.333333015441895
3698448,8.082191467285156
3701696,8.18807315826416
3702560,7.660550594329834
3702992,7.9279279708862305
3704384,8.082191467285156
3704432,8.222222328186035
3704736,8.209607124328613
3711792,8.156682014465332
3712576,8.198198318481445
3715312,8.018017768859863
3715776,8.045454978942871
3717232,8.109756469726562
3719744,8.393665313720703
3725600,8.265766143798828
3726368,8.288288116455078
3727440,8.21100902557373
3729120,8.479532241821289
3731168,8.394495010375977
3731296,8.400900840759277
3732656,8.613636016845703
3733872,8.245614051818848
3735680,8.404254913330078
3736560,8.362832069396973
3737456,8.318181991577148
3740944,8.287036895751953
3743584,8.093023300170898
3743648,8.127854347229004
3745264,8.302752494812012
3746224,8.231707572937012
3749248,7.882883071899414
3749856,8.108108520507812
3753008,8.018433570861816
3753328,8.101851463317871
3753408,8.090909004211426
3754016,7.882883071899414
3756624,8.0
3756864,8.125
3757936,8.214285850524902
3758704,8.1963472366333
3758896,7.457627296447754
3760432,8.461538314819336
3760592,8.0
3761152,8.144796371459961
3763024,8.272727012634277
3763920,8.294930458068848
3767680,7.96380090713501
3767696,8.169642448425293
3768496,8.257918357849121
3769552,8.266666412353516
3770976,7.892376899719238
3771168,8.155555725097656
3773120,8.153153419494629
3774432,7.883720874786377
3774768,8.364055633544922
3774784,8.073394775390625
3774784,8.177778244018555
3775264,7.982062816619873
3775504,7.798165321350098
3777984,8.190045356750488
3778224,8.141592979431152
3778304,8.1963472366333
3781488,8.136363983154297
3781552,7.954545497894287
3781872,8.119266510009766
3782928,7.818181991577148
3783680,7.573529243469238
3783856,8.191964149475098
3784288,8.401826858520508
3785024,7.986111164093018
3785280,8.169642448425293
3785440,8.32579231262207
3787200,8.108108520507812
3788608,8.303571701049805
3788976,8.447488784790039
3789552,8.099547386169434
3789616,8.310811042785645
3790592,8.127854347229004
3790928,8.21100902557373
3792176,8.018017768859863
3794096,8.440366744995117
3794240,8.571428298950195
3794992,8.190045356750488
3796624,7.792792797088623
3798496,8.004587173461914
3799248,8.06306266784668
3800208,8.027523040771484
3800752,8.181818008422852
3801248,8.472222328186035
3802832,7.423312664031982
3804624,7.767441749572754
3805024,7.96380090713501
3805040,8.009049415588379
3806384,7.909090995788574
3806832,8.054298400878906
3807424,7.931818008422852
3808512,7.600896835327148
3808512,7.802690505981445
3809952,7.8378376960754395
3809968,7.938596725463867
3811904,7.8125
3812048,8.136363983154297
3813488,7.931818008422852
3813680,7.9279279708862305
3816000,7.981651306152344
3817056,7.9279279708862305
3817248,8.153153419494629
3817472,8.139013290405273
3818960,8.06306266784668
3819152,8.240740776062012
3819536,8.272727012634277
3820752,8.16513729095459
3821056,8.02690601348877
3822032,8.198198318481445
3822352,8.045454978942871
3822528,8.108108520507812
3822656,8.073394775390625
3824000,8.378995895385742
3829408,8.272727012634277
3831344,7.986111164093018
3831696,8.119266510009766
3833664,3.529411792755127
3834688,7.9910712242126465
3835072,7.7272725105285645
3836768,8.01369857788086
3838480,8.280543327331543
3839776,8.295454978942871
3842192,8.354978561401367
3843328,8.167420387268066
3845600,8.243243217468262
3845696,7.614678859710693
3846096,8.252212524414062
3847648,8.228699684143066
3850624,8.101851463317871
3852960,7.9464287757873535
3853232,7.9910712242126465
3854672,8.119266510009766
3854992,8.251121520996094
3856496,8.090909004211426
3858224,7.941176414489746
3859424,8.272727012634277
3859776,7.9452056884765625
3859856,8.169642448425293
3859968,8.287036895751953
3860160,7.9910712242126465
3863392,8.136363983154297
3863552,8.1614351272583
3863760,8.325892448425293
3864656,8.303167343139648
3865008,7.962963104248047
3865376,7.9279279708862305
3867360,8.303167343139648
3868288,8.097345352172852
3868592,8.206277847290039
3868752,7.7419352531433105
3868896,8.333333015441895
3870560,8.130630493164062
3871904,7.9910712242126465
3874768,7.954545497894287
3874944,8.219178199768066
3875680,8.234042167663574
3875680,8.363636016845703
3878320,8.099547386169434
3878928,8.113636016845703
3881296,7.590909004211426
3881424,8.289473533630371
3882368,7.59345817565918
3882736,7.962963104248047
3886672,8.099547386169434
3888528,7.954545497894287
3889216,8.198198318481445
3889920,7.968036651611328
3890128,8.206277847290039
3892256,8.06306266784668
3893440,7.9452056884765625
3893904,8.1614351272583
3895872,8.082191467285156
3896464,8.056768417358398
3897120,7.937219619750977
3897728,8.04054069519043
3898416,8.090909004211426
3899968,7.82110071182251
3900080,8.175675392150879
3900704,8.02690601348877
3903136,7.973568439483643
3904176,8.0
3904224,8.122270584106445
3904240,7.818181991577148
3905424,8.093023300170898
3906992,7.863636493682861
3907776,7.8125
3907792,7.828054428100586
3908928,8.119266510009766
3912464,8.045454978942871
3912624,8.090909004211426
3913904,7.873302936553955
3915968,7.889908313751221
3916912,8.102678298950195
3917056,8.073394775390625
3917728,8.022222518920898
3918528,8.009049415588379
3918928,7.995495319366455
3920480,7.972972869873047
3920992,7.9452056884765625
3921232,7.84403657913208
3924464,8.108108520507812
3924784,7.918551921844482
3925216,7.958715438842773
3925792,7.918551921844482
3927536,8.099547386169434
3928032,7.995495319366455
3930128,8.136363983154297
3931632,8.167420387268066
3932320,7.909090995788574
3933280,8.080357551574707
3934080,7.825112342834473
3934560,8.02690601348877
3935072,8.127854347229004
3935168,7.863636493682861
3935168,8.181818008422852
3935536,7.981651306152344
3936464,8.108108520507812
3938672,7.889908313751221
3938768,7.7312774658203125
3940080,7.933333396911621
3940192,7.2727274894714355
3940416,7.5
3942304,7.747747898101807
3942944,7.737556457519531
3943392,8.198198318481445
3943776,7.600896835327148
3943824,8.144796371459961
3943920,8.073394775390625
3943952,7.886363506317139
3944928,7.65350866317749
3945904,7.802690505981445
3947424,7.901785850524902
3947536,7.578475475311279
3948992,7.578475475311279
3949536,7.860261917114258
3951056,7.488584518432617
3952864,7.86697244644165
3953648,7.7727274894714355
3954032,7.850877285003662
3954752,8.043478012084961
3955136,8.009049415588379
3957136,7.83410120010376
3958048,7.84403657913208
3958160,7.488584518432617
3958208,7.558139324188232
3958656,7.853881359100342
3959424,7.9464287757873535
3961120,7.876712322235107
3962336,7.610063076019287
3963664,7.798165321350098
3966544,7.909090995788574
3967552,7.5227274894714355
3967696,7.880184173583984
3968704,7.785387992858887
3970912,7.981651306152344
3973824,7.886363506317139
3975792,8.054298400878906
3977344,7.876712322235107
3977888,7.941176414489746
3979312,7.9452056884765625
3979600,8.203463554382324
3981520,7.889908313751221
3981632,6.666666507720947
3984272,7.981651306152344
3984464,7.818181991577148
3985200,8.085585594177246
3988016,8.0316743850708
3988912,8.148148536682129
3991616,7.66519832611084
3992096,7.882883071899414
3993600,7.660550594329834
3993792,7.47706413269043
3994112,8.16513729095459
3995040,7.831050395965576
3995648,7.918551921844482
3996752,7.757847309112549
3996960,7.785387992858887
3998592,7.782805442810059
3999424,7.8913044929504395
4000432,7.522522449493408
4000592,7.72123908996582
4000816,7.828054428100586
4000864,7.592592716217041
4000960,7.725225448608398
4001968,7.880184173583984
4002288,7.432432651519775
4003872,7.937219619750977
4006304,7.889908313751221
4006480,8.219178199768066
4006640,7.767441749572754
4007952,7.688889026641846
4008912,7.663551330566406
4009952,7.747747898101807
4011552,7.545454502105713
4011936,7.601809978485107
4012736,7.625570774078369
4013824,7.477477550506592
4015088,7.590909004211426
4018672,7.616822242736816
4019008,7.802690505981445
4019232,7.770270347595215
4020464,7.692307472229004
4020880,7.84403657913208
4022272,7.9772725105285645
4022816,7.892376899719238
4023392,7.937219619750977
4023648,7.857142925262451
4024048,7.841409683227539
4024720,7.8378376960754395
4025008,7.55760383605957
4025952,7.903930187225342
4026048,7.7397260665893555
4027216,7.882883071899414
4027984,7.570093631744385
4031168,7.767857074737549
4031568,7.982062816619873
4033120,7.782805442810059
4034688,7.467248916625977
4035232,7.663551330566406
4036640,7.6497697830200195
4037824,7.760180950164795
4038256,7.770270347595215
4038352,7.828054428100586
4040704,7.825112342834473
4043824,7.7876105308532715
4044672,7.743362903594971
4044864,7.659090995788574
4045536,7.775229454040527
4047472,7.555066108703613
4047648,7.570093631744385
4048336,7.685184955596924
4049344,7.719298362731934
4049808,7.603686809539795
4051040,7.657657623291016
4052480,7.710843563079834
4052512,7.9452056884765625
4054224,7.590909004211426
4054720,7.847533702850342
4054752,7.860360145568848
4056528,7.737556457519531
4058208,7.4193549156188965
4059168,7.7130045890808105
4059936,7.954545497894287
4061584,7.706421852111816
4061824,7.7419352531433105
4062432,5.255319118499756
4063536,7.745535850524902
4064880,7.579908847808838
4066000,7.624434471130371
4066288,7.7727274894714355
4066688,7.714931964874268
4067104,7.432432651519775
4068816,7.899543285369873
4069600,7.873302936553955
4069824,7.681818008422852
4070272,8.099547386169434
4072064,7.7901787757873535
4072208,7.892376899719238
4072464,7.860360145568848
4074624,8.012422561645508
4074656,7.73913049697876
4075728,8.036529541015625
4075952,7.654867172241211
4076624,7.420814514160156
4076688,7.84403657913208
4076944,8.0316743850708
4077360,7.860360145568848
4078112,7.534883499145508
4079472,7.808218955993652
4082128,7.875
4084464,7.792792797088623
4085360,7.828054428100586
4085520,7.567567348480225
4085712,7.757847309112549
4085760,7.318181991577148
4086048,7.61904764175415
4086304,7.6729559898376465
4086400,7.0
4086528,7.488584518432617
4089296,7.863636493682861
4089808,7.442922592163086
4089808,7.798165321350098
4091120,7.522522449493408
4094272,7.142857074737549
4094688,7.800000190734863
4094752,7.692307472229004
4096720,7.409090995788574
4097184,7.700892925262451
4097712,7.557077407836914
4100160,7.251184940338135
4100768,7.5
4101920,7.466960430145264
4103520,7.3214287757873535
4103904,7.5227274894714355
4105040,7.660550594329834
4105392,7.590909004211426
4105520,7.611607074737549
4105536,7.589285850524902
4106880,7.456521511077881
4107520,7.755555629730225
4107808,7.818181991577148
4108896,7.545871734619141
4109024,7.339449405670166
4111056,7.466367721557617
4111888,7.511415481567383
4112256,7.38938045501709
4112416,7.534246444702148
4115456,7.950450420379639
4115952,7.659090995788574
4118032,7.747747898101807
4118096,7.362385272979736
4118720,7.657657623291016
4119568,7.55555534362793
4122368,7.375565528869629
4122800,7.43055534362793
4123264,7.702702522277832
4125776,7.442922592163086
4126336,7.363636493682861
4126896,7.522522449493408
4128640,7.534246444702148
4129760,6.736842155456543
4131984,7.355555534362793
4132208,7.342342376708984
4132752,7.3672566413879395
4134112,7.377777576446533
4135536,7.911110877990723
4136720,7.409090995788574
4137424,4.627906799316406
4137744,7.2727274894714355
4138128,7.142857074737549
4139472,7.488888740539551
4141280,7.2727274894714355
4143168,7.420814514160156
4144512,7.094017028808594
4148064,7.47706413269043
4148560,7.853982448577881
4150384,7.52212381362915
4151680,7.386363506317139
4152128,7.792792797088623
4153296,7.791666507720947
4153840,7.911110877990723
4154000,7.9279279708862305
4155280,7.388392925262451
4155456,7.374429225921631
4157152,7.433035850524902
4157360,7.488584518432617
4158320,7.407407283782959
4159232,7.5
4161824,7.488687992095947
4162496,7.4772725105285645
4162832,7.399103164672852
4164576,7.680180072784424
4166400,7.477477550506592
4167360,7.443946361541748
4167504,7.311110973358154
4167648,7.811059951782227
4168880,7.3972601890563965
4169904,7.567567348480225
4171440,7.901785850524902
4171888,7.5
4174720,7.374429225921631
4175424,7.454545497894287
4176048,7.339449405670166
4176192,7.737556457519531
4176784,7.409090995788574
4177024,7.488986968994141
4178240,7.545044898986816
4181120,7.601809978485107
4183296,7.422680377960205
4184000,7.725225448608398
4186064,7.8289475440979
4186864,7.599999904632568
4187680,7.647058963775635
4191744,8.05555534362793
4192608,7.8378376960754395
4195696,7.723214149475098
4199296,7.700892925262451
4199824,7.885462760925293
4200928,7.863636493682861
4201008,8.06306266784668
4202048,8.099547386169434
4202800,7.892376899719238
4203152,7.83410120010376
4203392,7.972972869873047
4204544,7.657657623291016
4206576,7.782805442810059
4206784,7.61061954498291
4206896,8.096330642700195
4209968,7.866666793823242
4210368,7.937219619750977
4212736,8.085585594177246
4215056,7.729357719421387
4216768,7.623318195343018
4216928,7.731481552124023
4217632,7.567567348480225
4218768,7.972972869873047
4218880,7.96380090713501
4221168,7.863636493682861
4222368,7.901785850524902
4222384,7.798165321350098
4226496,7.488479137420654
4226608,7.752293586730957
4228080,7.853881359100342
4228320,7.818181991577148
4229392,7.813953399658203
4229680,8.027523040771484
4230160,7.601809978485107
4230480,7.557077407836914
4231168,8.082191467285156
4231376,7.752293586730957
4231616,7.7727274894714355
4232640,7.6712327003479
4233584,8.198198318481445
4233920,7.71689510345459
4234048,7.747747898101807
4234256,8.06306266784668
4235136,7.990867614746094
4236688,7.663551330566406
4240064,7.7727274894714355
4240976,7.899543285369873
4240992,7.578475475311279
4241104,7.828054428100586
4241760,7.704545497894287
4244608,7.591742992401123
4244832,7.261146545410156
4245520,7.7397260665893555
4247440,8.071748733520508
4247696,7.5
4248032,7.55656099319458
4248688,7.340909004211426
4248960,8.02690601348877
4250432,6.875
4252192,7.9464287757873535
4252192,7.84403657913208
4252880,7.681818008422852
4254560,7.567567348480225
4254736,7.354259967803955
4255168,7.4666666984558105
4255712,7.237442970275879
4258080,6.388888835906982
4258112,7.714931964874268
4258272,7.818181991577148
4258672,7.55555534362793
4259920,7.6339287757873535
4261840,7.882883071899414
4262432,7.612612724304199
4262688,7.579908847808838
4263168,7.802690505981445
4265296,7.757847309112549
4266384,7.420814514160156
4266608,7.760180950164795
4266704,7.681818008422852
4267232,7.1681413650512695
4270272,7.237442970275879
4271760,7.316513538360596
4272384,7.8318586349487305
4273792,7.5806450843811035
4273888,7.288888931274414
4276848,7.305935859680176
4279568,7.61061954498291
4280608,7.568181991577148
4281840,7.7419352531433105
4284400,7.775229454040527
4287376,7.5
4287888,7.7419352531433105
4290352,7.488986968994141
4290432,7.621145248413086
4291424,7.645740032196045
4292320,7.623318195343018
4293072,7.567567348480225
4296656,7.399103164672852
4298544,7.695852756500244
4300176,7.3972601890563965
4302400,7.613636493682861
4302848,7.570093631744385
4303616,7.767857074737549
4304336,7.331838607788086
4308384,7.488888740539551
4308448,7.385321140289307
4309152,7.4193549156188965
4310736,7.5
4310896,7.57709264755249
4314320,7.363636493682861
4314848,7.695852756500244
4317040,7.747747898101807
4317888,7.567567348480225
4321472,7.488687992095947
4322416,7.567567348480225
4324080,7.4776787757873535
4325760,7.309417247772217
4325856,7.511312007904053
4325968,7.237442970275879
4328912,7.027027130126953
4329232,7.337963104248047
4331952,7.352941036224365
4332736,7.41304349899292
4332768,7.454545497894287
4333152,7.2123894691467285
4334224,7.174887657165527
4336256,7.281105995178223
4336720,7.1621623039245605
4337824,7.3214287757873535
4338400,7.624434471130371
4339456,7.0506911277771
4339856,7.1651787757873535
4340464,7.432432651519775
4341360,7.5
4343232,7.2907490730285645
4343632,7.15596342086792
4345232,7.488789081573486
4346544,7.2602739334106445
4347600,7.26457405090332
4348000,7.184684753417969
4348960,7.245370388031006
4350448,7.094594478607178
4350480,7.28310489654541
4350848,7.207207202911377
4351152,7.511312007904053
4352272,7.511111259460449
4352320,7.049549579620361
4352400,6.859504222869873
4352464,7.385321140289307
4354064,7.399103164672852
4354768,7.207207202911377
4355120,7.342342376708984
4355152,7.26457405090332
4357360,7.578475475311279
4359504,7.362385272979736
4365392,7.7727274894714355
4367744,7.431818008422852
4368032,7.139738082885742
4369248,7.407407283782959
4371840,7.466063499450684
4371872,7.752293586730957
4372256,7.327188968658447
4375200,7.433035850524902
4376112,7.7272725105285645
4376368,7.579185485839844
4376640,7.309417247772217
4378576,7.330316543579102
4378832,7.590909004211426
4379744,7.511312007904053
4379968,7.611607074737549
4380192,7.647058963775635
4380576,7.454128265380859
4382400,7.635135173797607
4382912,7.443946361541748
4383104,7.373271942138672
4383248,7.637614727020264
4383488,7.7130045890808105
4385712,7.522522449493408
4385984,7.757847309112549
4390608,7.614678859710693
4395472,7.534883499145508
4397504,7.5806450843811035
4397680,7.454955101013184
4398256,4.844444274902344
4399040,7.567567348480225
4403744,7.578475475311279
4404736,7.950450420379639
4407072,7.7419352531433105
4407312,7.522522449493408
4407744,7.808218955993652
4409760,7.901785850524902
4411824,7.905405521392822
4415088,7.762557029724121
4418144,7.96380090713501
4418912,6.851851940155029
4419824,7.937219619750977
4420160,7.873302936553955
4421584,7.889908313751221
4422432,7.752293586730957
4423968,7.803738117218018
4426176,8.165939331054688
4426576,8.066666603088379
4428400,7.808218955993652
4428688,7.747747898101807
4429664,8.018433570861816
4431680,7.853881359100342
4435616,7.782805442810059
4436352,7.6027398109436035
4436496,7.757009506225586
4439072,8.018017768859863
4439680,7.73542594909668
4440192,7.612612724304199
4440848,7.589285850524902
4442704,7.5
4443168,7.83410120010376
4443424,7.96875
4446016,7.8947367668151855
4447264,7.86697244644165
4450592,7.8318586349487305
4451600,7.873302936553955
4454368,7.9772725105285645
4456992,7.73913049697876
4457520,7.5227274894714355
4458512,7.785387992858887
4458800,7.755555629730225
4459568,7.650602340698242
4460496,7.706421852111816
4460560,7.624434471130371
4462064,7.614678859710693
4462080,7.454955101013184
4465120,7.8318586349487305
4465904,7.7130045890808105
4467312,7.622222423553467
4467600,7.5227274894714355
4468528,7.873302936553955
4468768,7.841409683227539
4469296,7.621145248413086
4472768,7.668161392211914
4472800,7.637614727020264
4476608,7.866666793823242
4477888,7.838428020477295
4479456,7.84403657913208
4479472,7.579908847808838
4482976,7.86697244644165
4483568,7.420814514160156
4483616,7.800000190734863
4486096,7.873302936553955
4488368,7.737556457519531
4490336,7.533632278442383
4490976,7.931818008422852
4492352,7.8318586349487305
4493344,7.737556457519531
4494464,7.705627918243408
4495440,7.795454502105713
4495920,7.8378376960754395
4496320,7.725225448608398
4496736,7.635135173797607
4497088,7.990867614746094
4497344,7.6315789222717285
4497984,7.762557029724121
4499504,7.7130045890808105
4500064,7.754629611968994
4507008,7.857142925262451
4508224,7.71689510345459
4509232,7.857142925262451
4510176,7.453703880310059
4512080,7.729257583618164
4512112,7.805429935455322
4514320,7.723214149475098
4515664,7.737556457519531
4517152,7.5
4521008,7.6785712242126465
4521904,7.568181991577148
4522304,7.625570774078369
4522624,7.73542594909668
4523136,7.974137783050537
4524704,7.603686809539795
4524848,7.733333110809326
4524896,7.6712327003479
4528432,7.802690505981445
4528768,7.590909004211426
4528768,7.322834491729736
4529024,7.681818008422852
4530896,7.762557029724121
4535536,7.647058963775635
4537952,7.752293586730957
4539136,7.589285850524902
4539296,8.214285850524902
4539312,7.914798259735107
4539504,7.6687116622924805
4540352,8.363636016845703
4541296,7.866666793823242
4542400,7.8240742683410645
4544192,7.5789475440979
4545072,7.747747898101807
4545392,8.009049415588379
4546048,7.973568439483643
4546832,7.815315246582031
4549536,7.926267147064209
4549936,8.13364028930664
4550080,8.009049415588379
4550384,8.167420387268066
4551424,7.972972869873047
4551584,7.546296119689941
4553024,8.099547386169434
4553456,7.762557029724121
4553664,7.926267147064209
4555120,7.9772725105285645
4555360,7.8378376960754395
4557200,7.831050395965576
4560784,8.090909004211426
4561888,8.018433570861816
4566304,7.802690505981445
4567840,7.922374248504639
4568512,8.108108520507812
4569856,7.9910712242126465
4570304,7.754629611968994
4572048,7.909090995788574
4572400,8.064516067504883
4573392,7.873302936553955
4575968,7.725225448608398
4576960,8.108108520507812
4577472,8.058035850524902
4578768,7.954545497894287
4579568,7.798165321350098
4580576,7.995495319366455
4581008,7.7727274894714355
4581984,7.995495319366455
4582016,7.909090995788574
4584992,8.073394775390625
4585552,8.333333015441895
4586720,8.009049415588379
4586800,8.119266510009766
4587712,8.080357551574707
4588800,8.15068531036377
4589104,8.071748733520508
4590208,7.926267147064209
4591296,8.094170570373535
4592048,7.805429935455322
4593728,7.808218955993652
4595216,8.425926208496094
4595920,8.036529541015625
4596336,8.333333015441895
4597184,7.954545497894287
4598752,8.022727012634277
4599744,8.215859413146973
4602224,8.171296119689941
4603264,8.105022430419922
4604464,8.113636016845703
4604560,7.694064140319824
4606880,8.423423767089844
4608112,8.06306266784668
4608240,8.136363983154297
4609952,8.173516273498535
4610528,8.054298400878906
4611280,8.144796371459961
4611632,7.853881359100342
4611760,8.004587173461914
4611888,7.7533040046691895
4613904,8.280543327331543
4615072,8.272727012634277
4617120,8.177778244018555
4618592,7.899543285369873
4618752,7.938596725463867
4618800,8.136363983154297
4619712,8.431818008422852
4619968,8.090909004211426
4622000,7.986725807189941
4622256,8.274335861206055
4622320,7.882883071899414
4622320,8.082191467285156
4623504,8.401826858520508
4623840,8.272727012634277
4624208,8.401826858520508
4624528,8.348214149475098
4625792,8.25
4627168,8.451327323913574
4629120,8.236607551574707
4630672,8.256880760192871
4631328,8.219178199768066
4631920,8.333333015441895
4634160,8.454545021057129
4635312,8.273542404174805
4638880,8.220720291137695
4639072,8.113636016845703
4640080,8.139013290405273
4640880,7.96380090713501
4641728,8.065217018127441
4641968,8.093023300170898
4642256,8.206277847290039
4644720,8.116591453552246
4645088,7.924107074737549
4645840,8.34080696105957
4646128,8.423423767089844
4646800,8.064516067504883
4650832,8.085585594177246
4653312,8.076923370361328
4653968,8.32579231262207
4656544,7.876106262207031
4657680,8.177778244018555
4658864,8.295964241027832
4659648,8.272727012634277
4660400,8.227272987365723
4661152,8.169642448425293
4663296,8.009259223937988
4663760,8.242009162902832
4667280,8.071748733520508
4667504,8.153153419494629
4668560,7.982062816619873
4673104,7.882883071899414
4674384,8.310811042785645
4676384,7.918551921844482
4677072,8.127854347229004
4677312,7.719298362731934
4677712,8.32579231262207
4677712,8.173516273498535
4677920,8.090909004211426
4678224,7.995495319366455
4680240,8.243243217468262
4680624,7.782805442810059
4681296,8.348624229431152
4681744,8.264840126037598
4682496,8.303167343139648
4682496,8.16513729095459
4683216,8.095237731933594
4684368,8.202764511108398
4684736,8.325688362121582
4685104,8.190045356750488
4686768,7.941176414489746
4687920,8.167420387268066
4688672,8.108108520507812
4689696,8.169642448425293
4690224,8.018433570861816
4690384,8.266666412353516
4691456,8.0
4691920,8.43891429901123
4691952,7.986425399780273
4693456,8.045454978942871
4693776,8.190045356750488
4694544,7.942477703094482
4695664,8.272727012634277
4695792,8.071748733520508
4696768,8.113636016845703
4697680,8.04444408416748
4698256,7.6315789222717285
4699024,7.752293586730957
4699136,7.8240742683410645
4699280,7.954545497894287
4700368,7.901785850524902
4701264,8.116591453552246
4702576,8.009049415588379
4702768,8.018433570861816
4704848,8.116591453552246
4705360,8.088889122009277
4706144,8.122172355651855
4706288,8.050458908081055
4713344,8.363228797912598
4714560,8.25
4716880,8.045454978942871
4719264,8.202764511108398
4722800,7.654321193695068
4723984,7.972972869873047
4725168,8.097345352172852
4726080,8.318181991577148
4726320,8.1963472366333
4727248,7.950450420379639
4727472,7.903225898742676
4727504,8.027523040771484
4727648,8.264840126037598
4727760,7.972972869873047
4731184,8.068181991577148
4732272,8.0
4734528,7.9452056884765625
4738032,8.064516067504883
4738240,8.171296119689941
4738336,7.828054428100586
4740256,7.990867614746094
4741888,8.32579231262207
4743312,7.818181991577148
4745104,7.7130045890808105
4745472,7.6785712242126465
4748480,7.959641456604004
4749184,7.725225448608398
4750480,7.7876105308532715
4751216,7.914798259735107
4751536,7.692307472229004
4751856,7.8222222328186035
4752672,8.064516067504883
4754560,7.889908313751221
4754624,7.914798259735107
4755392,7.818181991577148
4757504,7.916666507720947
4758048,8.13364028930664
4759808,8.04054069519043
4761952,8.219178199768066
4762992,7.831050395965576
4763296,8.018017768859863
4765040,8.0
4765712,8.122065544128418
4766496,7.958715438842773
4766768,7.8240742683410645
4768960,8.141592979431152
4770016,8.036529541015625
4772752,8.113636016845703
4773936,8.004694938659668
4775104,7.222222328186035
4779536,7.924528121948242
4779888,7.882883071899414
4780464,8.0
4780976,8.0
4781008,7.752293586730957
4783216,7.909090995788574
4784560,8.212669372558594
4784960,7.986425399780273
4785728,8.280543327331543
4786640,7.954545497894287
4786752,7.7272725105285645
4786848,7.954545497894287
4786976,8.130630493164062
4788192,7.818181991577148
4788976,8.220720291137695
4789648,7.0731706619262695
4791712,7.899543285369873
4793936,8.04054069519043
4795264,7.986425399780273
4795360,8.377193450927734
4796288,8.05555534362793
4797008,8.206277847290039
4799440,8.009259223937988
4800240,7.853881359100342
4801680,8.093023300170898
4802736,7.990867614746094
4803792,8.32579231262207
4803840,8.116591453552246
4804672,8.310811042785645
4805840,8.199999809265137
4805872,7.909090995788574
4805984,7.96380090713501
4806864,7.873302936553955
4806880,8.264840126037598
4807456,8.088889122009277
4808208,7.752293586730957
4808336,8.18807315826416
4809424,8.116591453552246
4809472,7.839506149291992
4809840,7.882883071899414
4810416,8.159090995788574
4810944,7.857142925262451
4811808,8.214285850524902
4811888,7.986425399780273
4812368,7.818181991577148
4812992,8.06306266784668
4813520,7.905405521392822
4814368,7.912844181060791
4816448,7.958715438842773
4817584,7.847533702850342
4817840,7.97777795791626
4820128,8.288288116455078
4821760,8.169642448425293
4822144,7.853881359100342
4822560,7.7533040046691895
4824368,8.295964241027832
4824736,7.873302936553955
4824944,8.06306266784668
4825088,8.279816627502441
4827904,8.386363983154297
4828880,7.869955062866211
4829536,8.116278648376465
4830928,7.926267147064209
4832256,7.972972869873047
4832256,8.018017768859863
4834368,8.348214149475098
4837264,8.0
4839232,8.219178199768066
4839536,8.235294342041016
4840448,7.982062816619873
4840736,8.240740776062012
4841344,8.16513729095459
4843664,7.972350120544434
4844800,7.837209224700928
4845104,8.0
4846080,8.1963472366333
4846320,8.05936050415039
4846416,8.147321701049805
4846800,7.2727274894714355
4847168,8.302752494812012
4847328,8.136363983154297
4847488,8.136363983154297
4849168,8.099547386169434
4850160,8.440366744995117
4850368,8.06306266784668
4852784,8.177778244018555
4852816,7.7300615310668945
4854256,8.235294342041016
4856368,8.071748733520508
4856928,8.082191467285156
4857072,8.04444408416748
4857392,8.130841255187988
4860608,7.886363506317139
4861584,7.511415481567383
4865248,7.955555438995361
4866992,7.831050395965576
4867664,7.863636493682861
4867776,7.8125
4868496,7.841409683227539
4868496,7.863636493682861
4868800,7.895927429199219
4870112,7.660550594329834
4870464,7.708333492279053
4871264,7.8125
4872528,7.7727274894714355
4872704,7.802690505981445
4873392,7.384259223937988
4873504,7.780269145965576
4874160,7.767857074737549
4874240,6.730769157409668
4874848,7.79904317855835
4876224,7.6027398109436035
4877776,7.733333110809326
4879376,7.568807125091553
4879456,7.886363506317139
4879760,7.590909004211426
4882688,7.889908313751221
4883232,7.964601993560791
4884944,7.828054428100586
4886448,7.892376899719238
4887904,7.96380090713501
4888464,7.818181991577148
4890016,7.795454502105713
4890064,8.136363983154297
4890720,7.601809978485107
4891248,7.6712327003479
4892048,7.840909004211426
4892656,7.828054428100586
4894832,8.116591453552246
4894960,7.579908847808838
4895488,7.954545497894287
4895568,7.922374248504639
4897808,7.805429935455322
4900576,7.666666507720947
4902144,7.545454502105713
4902624,8.058035850524902
4904016,7.755555629730225
4904288,7.705627918243408
4905856,8.05936050415039
4906080,7.511415481567383
4907680,7.853881359100342
4908592,7.579185485839844
4909408,7.69911527633667
4911216,7.797356605529785
4914064,7.747747898101807
4914752,7.714931964874268
4914896,7.857142925262451
4916352,7.783019065856934
4916544,7.695852756500244
4917584,7.899543285369873
4918832,7.869955062866211
4919232,7.592592716217041
4920048,7.935780048370361
4921120,7.931818008422852
4921312,7.9452056884765625
4924672,7.565789699554443
4927152,7.69911527633667
4930416,7.557077407836914
4930720,7.706421852111816
4933440,7.511627674102783
4933536,7.815315246582031
4935712,7.857142925262451
4936912,8.05555534362793
4938752,7.7272725105285645
4940016,8.054298400878906
4941056,7.939815044403076
4941376,7.972972869873047
4942320,7.972972869873047
4943584,7.905405521392822
4946496,7.767857074737549
4946720,8.068181991577148
4950048,7.976744174957275
4951504,7.720930099487305
4952096,7.802690505981445
4952192,4.976190567016602
4953744,7.9525861740112305
4959008,7.792792797088623
4959232,8.127854347229004
4960752,8.125
4961696,8.190045356750488
4962608,7.745535850524902
4967136,8.167420387268066
4968096,8.045454978942871
4969376,7.688889026641846
4971600,8.06306266784668
4971648,7.760180950164795
4972128,7.863636493682861
4973296,8.04054069519043
4974976,7.8378376960754395
4975280,7.7876105308532715
4975760,7.860360145568848
4977552,7.590909004211426
4978592,7.777777671813965
4978816,7.886363506317139
4980176,7.959641456604004
4982816,7.889908313751221
4983168,8.05936050415039
4983936,7.895927429199219
4984080,7.968036651611328
4984736,7.886363506317139
4985424,7.785387992858887
4985568,7.912844181060791
4985920,7.873302936553955
4987536,7.767857074737549
4988912,8.110599517822266
4989136,8.06306266784668
4991168,7.795454502105713
4992944,8.02690601348877
4993520,7.825112342834473
4993728,7.675438404083252
4994528,7.990867614746094
4995344,7.600896835327148
4996688,7.899543285369873
4997088,7.6315789222717285
4997728,7.889908313751221
4998096,8.220720291137695
4998272,7.901785850524902
5000896,8.050458908081055
5000928,8.022727012634277
5001216,7.083333492279053
5002400,7.895927429199219
5004784,7.71689510345459
5007248,7.818181991577148
5007600,8.122172355651855
5008912,7.831050395965576
5009680,7.615740776062012
5012912,8.181818008422852
5016864,7.695852756500244
5018496,7.828054428100586
5019424,8.190045356750488
5020432,8.198198318481445
5020448,8.026315689086914
5021488,7.888888835906982
5022688,8.085585594177246
5023696,7.623318195343018
5024848,7.935780048370361
5025744,7.83410120010376
5025920,7.659090995788574
5026480,7.972972869873047
5026784,8.116591453552246
5030352,7.9452056884765625
5032864,8.125
5033408,6.199999809265137
5034384,8.018433570861816
5034560,8.035714149475098
5034592,7.954545497894287
5037424,7.853881359100342
5037952,7.920353889465332
5038976,7.7272725105285645
5039136,7.926267147064209
5040128,8.273542404174805
5040576,7.7272725105285645
5040992,7.600896835327148
5042464,8.064516067504883
5043552,7.924107074737549
5044496,7.792792797088623
5045008,7.757847309112549
5045296,7.762557029724121
5045520,7.9329609870910645
5046928,7.9452056884765625
5048608,8.082191467285156
5048816,8.05936050415039
5048928,7.780269145965576
5050176,8.0
5050320,7.901785850524902
5050672,7.889908313751221
5050736,7.918551921844482
5053056,7.530864238739014
5054624,8.068181991577148
5054720,7.590909004211426
5055920,7.85067892074585
5059568,7.972972869873047
5060240,7.937219619750977
5062304,7.802690505981445
5063120,7.986425399780273
5063136,8.153153419494629
5063280,7.8271026611328125
5063760,7.808218955993652
5064480,8.135965347290039
5064880,8.169642448425293
5065328,7.818181991577148
5065840,7.988165855407715
5066544,7.941176414489746
5066704,8.175675392150879
5067776,8.273542404174805
5068416,7.909090995788574
5074464,7.808218955993652
5074800,7.853881359100342
5075584,7.863636493682861
5076496,7.847533702850342
5076864,8.186046600341797
5077072,7.954545497894287
5078000,7.9772725105285645
5080080,7.937219619750977
5080416,7.873302936553955
5080528,8.0
5080960,8.181818008422852
5082544,7.7727274894714355
5083568,7.972350120544434
5086128,8.1614351272583
5087136,8.288288116455078
5087152,8.273542404174805
5087664,7.918551921844482
5090688,7.795454502105713
5091568,7.899543285369873
5091712,8.25991153717041
5092736,7.8378376960754395
5094192,7.912844181060791
5095152,8.071748733520508
5096720,7.777777671813965
5097344,7.895927429199219
5097568,7.9910712242126465
5098944,7.920353889465332
5099872,7.770270347595215
5102192,7.7419352531433105
5102816,8.113636016845703
5102896,7.911110877990723
5103920,7.990867614746094
5104672,8.0316743850708
5104880,7.9452056884765625
5106288,7.847222328186035
5109104,7.7727274894714355
5109360,8.127854347229004
5110160,7.607361793518066
5110496,7.972972869873047
5113376,7.702702522277832
5116048,7.911110877990723
5116816,7.982062816619873
5119632,7.982062816619873
5120848,7.972972869873047
5121200,7.6712327003479
5123248,7.955555438995361
5123456,7.982062816619873
5127072,7.752293586730957
5127952,7.8378376960754395
5128368,7.818181991577148
5128896,7.802690505981445
5130336,7.648401737213135
5130496,7.954545497894287
5131904,7.636363506317139
5135088,7.873302936553955
5135712,8.235294342041016
5135824,7.911110877990723
5136032,7.782805442810059
5137664,7.9279279708862305
5139984,7.8378376960754395
5140912,7.681818008422852
5141680,8.099547386169434
5144192,7.818181991577148
5144880,7.704545497894287
5148256,7.96875
5149216,8.198198318481445
5150048,7.879464149475098
5150896,7.882883071899414
5152496,7.9464287757873535
5153184,8.130630493164062
5158064,7.863636493682861
5159120,7.96380090713501
5159488,8.018433570861816
5160784,7.579185485839844
5161312,7.954545497894287
5162032,7.721972942352295
5162080,8.02690601348877
5163936,8.022222518920898
5164000,7.604790210723877
5167472,8.090909004211426
5168000,7.8318586349487305
5168064,7.567567348480225
5171488,8.018433570861816
5174192,8.094170570373535
5175056,7.972972869873047
5176304,7.7272725105285645
5176720,7.899543285369873
5177712,7.942477703094482
5178320,7.762557029724121
5178384,7.567567348480225
5178688,7.625570774078369
5180544,8.181818008422852
5181232,7.869955062866211
5181632,7.775229454040527
5183888,7.767857074737549
5184816,7.7727274894714355
5185344,7.922374248504639
5185552,8.251121520996094
5185616,7.926267147064209
5188384,7.860360145568848
5188400,8.045454978942871
5189184,7.770270347595215
5190496,8.0316743850708
5191968,7.869955062866211
5192224,7.708333492279053
5192768,7.623318195343018
5194528,7.7727274894714355
5194928,7.7272725105285645
5195472,7.889908313751221
5196048,7.876712322235107
5196224,7.533632278442383
5196256,7.863636493682861
5196464,7.747747898101807
5197408,7.968036651611328
5198032,7.935780048370361
5198112,8.038277626037598
5199072,8.147321701049805
5199648,7.840909004211426
5199776,7.760180950164795
5201616,7.912844181060791
5201712,7.798165321350098
5203360,7.780269145965576
5205536,8.318181991577148
5206192,7.957746505737305
5206688,8.116591453552246
5206720,7.9493088722229
5206880,8.01369857788086
5207008,8.018433570861816
5208320,7.857142925262451
5209824,7.964601993560791
5210624,7.825112342834473
5213344,7.876712322235107
5215728,7.641509532928467
5215904,7.96380090713501
5216144,7.7419352531433105
5217248,7.5
5217264,7.926267147064209
5217664,7.831050395965576
5219280,7.647058963775635
5219504,7.922374248504639
5221072,7.912844181060791
5223024,7.737556457519531
5223088,7.488789081573486
5224368,7.747747898101807
5224816,7.723214149475098
5224848,7.544642925262451
5225936,7.866666793823242
5226592,7.657657623291016
5228000,7.7876105308532715
5228352,7.7272725105285645
5228624,7.981651306152344
5230240,7.819383144378662
5231200,7.681818008422852
5231776,7.52293586730957
5232048,7.7901787757873535
5234864,7.938596725463867
5235296,7.488584518432617
5240368,7.857142925262451
5240832,7.637614727020264
5244688,7.755555629730225
5245696,7.702702522277832
5245760,7.879464149475098
5248240,7.947598457336426
5248384,7.7533040046691895
5249424,7.84403657913208
5250896,7.866666793823242
5251264,7.65625
5251424,8.06306266784668
5251632,7.623318195343018
5251792,7.941176414489746
5251920,8.0
5253344,7.863636493682861
5253680,7.844444274902344
5255248,7.933333396911621
5255440,7.831050395965576
5256560,7.982062816619873
5256992,7.808218955993652
5257232,8.144796371459961
5259744,7.911110877990723
5260112,7.933333396911621
5261680,8.009049415588379
5262480,8.06306266784668
5265664,8.125
5266880,7.986725807189941
5267536,8.119266510009766
5268000,7.965367794036865
5268768,7.972972869873047
5269280,8.04444408416748
5269600,8.153153419494629
5270768,7.9452056884765625
5272304,8.113636016845703
5272464,7.847533702850342
5273344,7.880184173583984
5276064,8.273542404174805
5276064,8.035714149475098
5277520,8.01369857788086
5278272,8.355555534362793
5279408,8.064516067504883
5279888,8.251121520996094
5280288,8.25
5280496,7.895927429199219
5281104,7.892376899719238
5281792,8.036529541015625
5284000,7.792207717895508
5284032,8.0
5284592,7.71689510345459
5284688,8.116591453552246
5285312,7.899543285369873
5289520,8.04932689666748
5290208,7.720930099487305
5290592,7.762557029724121
5291824,7.6712327003479
5292112,7.853881359100342
5292528,8.119266510009766
5293088,7.882883071899414
5293744,7.745535850524902
5293760,7.782805442810059
5295360,8.045454978942871
5297376,8.008849143981934
5297776,7.911110877990723
5298032,7.818181991577148
5299152,7.885462760925293
5299280,7.711111068725586
5303232,8.199999809265137
5304928,8.075221061706543
5305520,7.972972869873047
5308496,7.982062816619873
5310800,8.153153419494629
5311360,7.9464287757873535
5311520,7.9279279708862305
5313312,7.802690505981445
5313408,7.972972869873047
5314944,8.116591453552246
5316400,7.909090995788574
5316832,8.068181991577148
5316896,7.926267147064209
5316944,7.986725807189941
5318496,7.895927429199219
5318656,8.198198318481445
5319360,7.8289475440979
5319552,8.136363983154297
5319760,7.901785850524902
5319984,7.869955062866211
5320480,7.892376899719238
5320480,7.9772725105285645
5320512,7.922374248504639
5321392,8.153153419494629
5322128,7.702702522277832
5322800,7.8125
5322960,7.9910712242126465
5323056,8.16513729095459
5324016,7.7272725105285645
5324112,8.097345352172852
5324816,7.841409683227539
5325840,6.111111164093018
5326576,7.7397260665893555
5327696,7.982062816619873
5329440,7.96875
5329920,8.085585594177246
5333376,7.6744184494018555
5333648,7.660550594329834
5334048,7.882883071899414
5334656,8.02690601348877
5336560,7.990867614746094
5337280,7.853881359100342
5338752,7.782805442810059
5340432,7.737556457519531
5340752,8.378377914428711
5341136,8.080357551574707
5343344,7.986425399780273
5343504,8.0
5347200,7.920353889465332
5348848,7.873302936553955
5350720,7.6712327003479
5352320,7.950450420379639
5355984,7.972972869873047
5356368,7.688889026641846
5358096,7.828054428100586
5358736,7.601809978485107
5360288,7.959641456604004
5361312,7.972972869873047
5362000,7.757847309112549
5363520,7.9279279708862305
5364416,7.808218955993652
5364928,7.886363506317139
5365360,7.828054428100586
5365568,7.8378376960754395
5365776,8.068181991577148
5368848,8.257918357849121
5370160,7.882883071899414
5371536,7.792792797088623
5373776,7.844444274902344
5374320,7.885462760925293
5376080,7.920353889465332
5378352,7.614678859710693
5378640,7.954545497894287
5379040,7.892376899719238
5379152,7.782805442810059
5379232,7.924107074737549
5381952,7.873302936553955
5382208,7.860360145568848
5382800,7.262443542480469
5383360,8.06306266784668
5384464,7.914798259735107
5388496,7.853881359100342
5389168,7.681818008422852
5389728,7.803738117218018
5389728,7.954545497894287
5391632,7.853881359100342
5392576,8.035714149475098
5392608,7.805429935455322
5392640,7.939815044403076
5392912,7.770270347595215
5393488,8.034934043884277
5393792,7.990867614746094
5394736,7.85067892074585
5395152,7.760180950164795
5396816,7.853881359100342
5397392,7.857142925262451
5397680,8.295964241027832
5399152,7.680180072784424
5400256,7.808218955993652
5401248,7.995495319366455
5403584,7.901785850524902
5405280,8.317972183227539
5406704,7.683486461639404
5406832,7.990867614746094
5408320,8.0
5409424,8.1614351272583
5410656,7.511415481567383
5410992,7.924107074737549
5416368,7.96380090713501
5416912,8.090909004211426
5417728,7.873302936553955
5421344,8.19565200805664
5421760,7.863636493682861
5421776,8.230088233947754
5421808,7.545454502105713
5423120,7.767857074737549
5424560,7.895927429199219
5425824,7.931818008422852
5428144,7.869955062866211
5428832,7.82110071182251
5431680,7.818181991577148
5432288,8.090909004211426
5432352,8.082191467285156
5432432,7.986425399780273
5434128,7.780269145965576
5435904,7.96380090713501
5437408,7.876712322235107
5438144,8.090909004211426
5439424,8.144796371459961
5439712,7.863436222076416
5442352,8.06306266784668
5444384,7.411764621734619
5444784,7.798165321350098
5449904,8.206277847290039
5451920,8.169642448425293
5453104,8.073394775390625
5453904,8.35616397857666
5457088,8.004587173461914
5460368,7.909090995788574
5460400,7.857142925262451
5460608,7.7130045890808105
5462176,8.264840126037598
5462528,8.125
5462800,7.889908313751221
5463744,7.869955062866211
5463776,7.9279279708862305
5463920,7.71689510345459
5464384,7.96380090713501
5464720,8.076923370361328
5465760,8.02690601348877
5467504,7.792792797088623
5469408,7.7533040046691895
5470912,7.757847309112549
5470976,7.8009257316589355
5471920,8.0
5473136,7.825112342834473
5473312,8.018017768859863
5473408,7.731481552124023
5474400,7.557077407836914
5476592,7.66519832611084
5477824,7.899543285369873
5477984,7.52293586730957
5478352,7.986725807189941
5478592,7.775229454040527
5480112,7.567567348480225
5480560,7.7092509269714355
5482528,7.6497697830200195
5483504,7.823529243469238
5484000,7.708333492279053
5488640,7.704545497894287
5488976,7.853881359100342
5491184,7.4666666984558105
5491328,7.69911527633667
5492544,7.590090274810791
5492944,7.676990985870361
5493152,7.920353889465332
5494672,7.65625
5494720,7.636363506317139
5496064,7.488479137420654
5496480,7.840909004211426
5498112,7.590909004211426
5499216,7.692307472229004
5499584,7.625570774078369
5500080,7.544642925262451
5501184,8.018433570861816
5501456,8.05936050415039
5501488,7.545454502105713
5502016,7.747747898101807
5502768,7.647058963775635
5502944,7.511111259460449
5503792,7.533936500549316
5504768,7.668161392211914
5505488,7.792792797088623
5506736,7.795454502105713
5507264,7.692307472229004
5510768,7.775229454040527
5511104,7.47706413269043
5511728,7.647058963775635
5511808,7.7727274894714355
5512192,7.613636493682861
5515312,7.802690505981445
5515360,7.624434471130371
5516384,7.857142925262451
5516992,8.257918357849121
5517904,8.0
5518048,7.950450420379639
5521792,7.886363506317139
5524224,7.982062816619873
5526000,7.805429935455322
5526944,7.972350120544434
5528672,7.680180072784424
5531232,8.045454978942871
5533504,7.873302936553955
5534352,8.181818008422852
5534768,8.0
5535568,8.204545021057129
5535792,7.853881359100342
5536400,7.685184955596924
5537568,7.981651306152344
5537632,7.926267147064209
5537888,7.886363506317139
5538304,7.795454502105713
5539952,7.681818008422852
5540752,8.05309772491455
5540928,7.7300615310668945
5541200,8.06306266784668
5541792,7.621145248413086
5545344,7.782805442810059
5548016,7.798165321350098
5548256,7.85067892074585
5549968,7.579185485839844
5550976,7.621951103210449
5551552,7.7727274894714355
5553040,7.954545497894287
5553248,7.454545497894287
5557152,7.828054428100586
5557792,7.873302936553955
5561296,7.798165321350098
5562736,7.546296119689941
5563312,7.648401737213135
5564192,7.7272725105285645
5564528,8.018017768859863
5564768,7.847222328186035
5565616,7.67391300201416
5565744,8.122172355651855
5565968,7.762557029724121
5567184,7.9279279708862305
5568352,7.968036651611328
5569184,7.9279279708862305
5569248,8.119266510009766
5570656,7.702702522277832
5573104,7.9464287757873535
5574224,7.792792797088623
5576064,7.892376899719238
5578192,7.681818008422852
5578736,7.714931964874268
5579904,7.916666507720947
5581936,7.96380090713501
5583680,8.06306266784668
5584000,7.937219619750977
5585728,8.009259223937988
5587072,8.0
5589888,8.0
5590560,8.027523040771484
5590992,7.953488349914551
5591872,8.0
5592288,8.094170570373535
5593104,8.090909004211426
5595792,7.7727274894714355
5596112,7.853881359100342
5597008,7.909090995788574
5598048,7.7727274894714355
5599376,8.1614351272583
5601200,8.090909004211426
5602928,8.0316743850708
5603280,7.7727274894714355
5604832,7.8378376960754395
5606800,8.036529541015625
5607056,7.743362903594971
5607120,8.058035850524902
5607648,7.911110877990723
5608048,7.9772725105285645
5608368,7.941176414489746
5609696,8.087557792663574
5610064,7.937219619750977
5610080,8.054298400878906
5610352,8.167420387268066
5610352,7.9279279708862305
5612144,7.7272725105285645
5616432,8.173516273498535
5617408,8.159090995788574
5617536,8.340909004211426
5619280,8.125
5620672,7.918551921844482
5620736,8.0
5621232,8.318181991577148
5621440,8.133333206176758
5622240,8.173516273498535
5622592,8.04444408416748
5623520,7.96380090713501
5624256,7.937219619750977
5626128,8.068181991577148
5626432,8.094170570373535
5627920,8.02690601348877
5628016,8.136363983154297
5628304,7.922374248504639
5628512,8.288288116455078
5629952,7.968036651611328
5631424,8.207964897155762
5635216,7.700892925262451
5636080,8.1614351272583
5638112,8.204545021057129
5640752,7.9268293380737305
5641328,7.853881359100342
5643120,7.912844181060791
5645664,8.252212524414062
5646080,7.995391845703125
5646608,8.156682014465332
5647632,8.009049415588379
5649552,7.916666507720947
5651168,7.9493088722229
5651328,8.127854347229004
5652992,8.175675392150879
5653280,8.400900840759277
5654624,7.990867614746094
5654816,8.13364028930664
5654864,8.082191467285156
5656544,8.054298400878906
5656656,7.901785850524902
5656848,7.880184173583984
5661744,8.076923370361328
5662576,8.127854347229004
5664080,8.224299430847168
5665264,7.899543285369873
5666064,8.179723739624023
5667056,7.860360145568848
5667104,8.136363983154297
5667504,8.022727012634277
5667824,8.0316743850708
5670624,7.982062816619873
5674000,8.036529541015625
5674400,7.873302936553955
5676688,8.054298400878906
5678160,7.777777671813965
5679296,7.880184173583984
5679472,7.818181991577148
5680176,7.7419352531433105
5681232,7.694064140319824
5681776,7.96380090713501
5682288,7.782805442810059
5682864,8.06306266784668
5683952,7.828054428100586
5688384,8.378377914428711
5688528,7.733333110809326
5688912,7.909090995788574
5688960,7.937219619750977
5691920,8.266666412353516
5691968,8.251121520996094
5692000,7.911110877990723
5692464,7.84403657913208
5694672,7.847533702850342
5695488,8.108108520507812
5695536,8.0
5697136,7.762557029724121
5702592,7.828054428100586
5703344,8.119468688964844
5704368,7.922374248504639
5706096,8.068181991577148
5706112,7.990867614746094
5706288,8.099547386169434
5707744,7.782805442810059
5709648,8.110599517822266
5713088,7.972350120544434
5713216,7.863636493682861
5713632,7.880184173583984
5714400,7.8222222328186035
5714448,8.054298400878906
5716672,7.802690505981445
5716736,8.204545021057129
5717472,8.139013290405273
5717776,7.72123908996582
5717968,7.905405521392822
5718400,7.805429935455322
5718432,7.863636493682861
5720224,8.009049415588379
5720272,7.700892925262451
5721520,7.828054428100586
5721648,7.780269145965576
5721920,7.71689510345459
5723856,7.876106262207031
5723952,7.911110877990723
5724128,7.7130045890808105
5724304,8.02690601348877
5724832,7.802690505981445
5728752,7.762557029724121
5732368,7.711111068725586
5734544,8.237885475158691
5735680,7.476851940155029
5735920,7.636363506317139
5738272,7.568181991577148
5739136,7.6712327003479
5740720,8.009049415588379
5741568,7.681818008422852
5741680,7.702702522277832
5743088,8.009049415588379
5744272,7.420814514160156
5745088,7.785387992858887
5745200,7.214612007141113
5745456,7.488888740539551
5745696,7.254464149475098
5748016,7.488687992095947
5748832,7.455752372741699
5749520,7.318181991577148
5751568,7.623318195343018
5752384,7.55656099319458
5752528,7.83410120010376
5753120,7.455357074737549
5753648,7.55656099319458
5755840,7.725225448608398
5756896,7.544642925262451
5757056,7.4528303146362305
5757680,7.623318195343018
5759360,7.6027398109436035
5759392,8.018017768859863
5760864,7.293578147888184
5761136,7.623318195343018
5762256,7.723214149475098
5762864,7.52293586730957
5764032,7.399103164672852
5768576,7.420814514160156
5769456,7.7727274894714355
5771248,7.364864826202393
5776016,7.880184173583984
5777168,7.7533040046691895
5778208,7.745535850524902
5780704,7.2727274894714355
5781088,7.4666666984558105
5781664,7.466063499450684
5782128,7.431818008422852
5782144,7.511312007904053
5782656,7.4776787757873535
5782704,7.568807125091553
5784256,7.466063499450684
5787296,7.579185485839844
5787792,7.25
5787984,7.5
5788496,7.780269145965576
5790192,7.725225448608398
5791712,7.4772725105285645
5792512,7.511111259460449
5792560,7.442922592163086
5793376,7.7092509269714355
5793472,7.657657623291016
5794304,7.818181991577148
5795728,7.638888835906982
5796080,7.442922592163086
5799136,7.647058963775635
5800880,7.5
5802096,7.59345817565918
5802192,7.818181991577148
5802208,7.7092509269714355
5803568,7.567567348480225
5804048,7.899543285369873
5809648,7.831050395965576
5810576,7.924107074737549
5812656,7.351598262786865
5812976,7.590909004211426
5813200,7.647058963775635
5814432,7.938596725463867
5814688,7.566964149475098
5816480,7.568807125091553
5818224,7.954545497894287
5820384,7.907488822937012
5821616,7.690582752227783
5822288,7.601809978485107
5822544,7.636363506317139
5822832,7.612612724304199
5823440,7.55760383605957
5823744,7.800000190734863
5823856,7.782805442810059
5826832,7.568181991577148
5828944,7.903225898742676
5828944,7.488789081573486
5831024,7.901785850524902
5832176,7.747747898101807
5834192,7.767857074737549
5836016,7.760180950164795
5836928,7.685184955596924
5838208,7.522522449493408
5841696,7.96380090713501
5843984,7.669683456420898
5844576,8.004587173461914
5844896,7.635135173797607
5845024,7.802690505981445
5845296,7.648401737213135
5845504,7.695852756500244
5848800,8.198198318481445
5848864,7.725225448608398
5849488,7.752293586730957
5850144,7.777777671813965
5852176,7.644444465637207
5852224,7.688889026641846
5852992,7.683486461639404
5853584,7.5
5854352,7.9464287757873535
5857424,7.892376899719238
5859392,7.7397260665893555
5862464,7.72123908996582
5863296,7.818181991577148
5864976,7.455752372741699
5865072,7.782805442810059
5866048,7.578475475311279
5866480,7.6724138259887695
5866768,7.511415481567383
5868128,7.533632278442383
5868656,7.399103164672852
5869472,7.6712327003479
5870320,7.647058963775635
5870384,7.737556457519531
5870704,7.466063499450684
5872192,7.818181991577148
5872640,7.5652174949646
5873136,7.9452056884765625
5873408,7.681818008422852
5873888,7.625570774078369
5876384,7.331838607788086
5876608,8.035714149475098
5876656,7.625570774078369
5877008,7.6785712242126465
5877616,7.641921520233154
5878752,7.374429225921631
5879936,7.669683456420898
5880160,7.533936500549316
5883760,7.5223212242126465
5884304,7.659090995788574
5886976,7.614678859710693
5887904,7.745535850524902
5889088,7.2727274894714355
5890864,7.44444465637207
5891264,7.545454502105713
5891776,7.5227274894714355
5892832,7.44239616394043
5893488,7.511415481567383
5894016,7.831050395965576
5894688,7.420814514160156
5895648,7.762557029724121
5895840,7.718894004821777
5897568,7.488687992095947
5900944,7.84403657913208
5903824,7.828054428100586
5905760,7.578475475311279
5906464,7.737556457519531
5907232,7.6712327003479
5908048,7.636363506317139
5908128,7.863636493682861
5909280,7.534246444702148
5909440,7.792792797088623
5910032,7.725225448608398
5911632,7.84403657913208
5912784,7.71689510345459
5912784,7.882883071899414
5913552,7.579908847808838
5914784,7.802690505981445
5917088,7.590909004211426
5920096,7.825112342834473
5920160,7.6315789222717285
5921184,7.6339287757873535
5921488,7.568181991577148
5923440,7.762557029724121
5923616,7.762557029724121
5924032,7.611607074737549
5925888,7.624434471130371
5927776,7.7130045890808105
5929440,7.466063499450684
5929568,7.292576313018799
5930624,7.387387275695801
5932464,7.6497697830200195
5934032,7.737556457519531
5934432,7.7130045890808105
5934608,7.408257007598877
5934912,7.6785712242126465
5935680,7.668161392211914
5936048,7.898230075836182
5936480,7.579908847808838
5939616,7.792792797088623
5939712,7.841409683227539
5941712,7.747747898101807
5943184,7.5
5945264,7.714931964874268
5948592,7.747747898101807
5950336,7.7312774658203125
5952240,7.522522449493408
5953040,7.648401737213135
5953488,7.7272725105285645
5955280,7.375565528869629
5955712,7.73542594909668
5957456,7.488687992095947
5957728,7.56944465637207
5958080,7.647058963775635
5959312,7.648401737213135
5959552,7.239819049835205
5960208,7.657657623291016
5961728,7.184684753417969
5963120,7.815315246582031
5965296,7.657657623291016
5966512,7.645740032196045
5966672,7.488687992095947
5967216,7.762557029724121
5967344,7.477477550506592
5968752,7.795454502105713
5968896,7.611607074737549
5969104,6.666666507720947
5969920,7.712264060974121
5970176,7.431192874908447
5970928,7.556053638458252
5973776,7.762557029724121
5976192,7.477477550506592
5977888,7.876712322235107
5978048,7.478070259094238
5978928,7.566371917724609
5981600,7.44343900680542
5983344,7.6712327003479
5984480,7.331838607788086
5985488,7.873302936553955
5986752,7.660550594329834
5987728,7.423312664031982
5990208,7.805429935455322
5990336,7.802690505981445
5991488,7.52212381362915
5995072,7.623318195343018
5995168,7.544642925262451
5996512,7.982062816619873
5997280,7.668161392211914
5997392,7.818181991577148
5997536,7.692307472229004
5998352,7.84403657913208
6001040,7.752293586730957
6001376,7.706421852111816
6001920,7.725225448608398
6002432,7.8318586349487305
6004368,7.886363506317139
6004464,8.141592979431152
6005552,7.9279279708862305
6006544,7.704545497894287
6008112,7.590909004211426
6008128,8.119266510009766
6008912,7.733333110809326
6010512,7.792792797088623
6013616,8.243243217468262
6014080,7.882883071899414
6015056,7.7727274894714355
6015072,7.888888835906982
6015264,7.937219619750977
6015968,7.792792797088623
6017616,8.045454978942871
6017808,7.889908313751221
6019680,7.899543285369873
6020080,7.8378376960754395
6021120,7.798165321350098
6023168,7.96875
6025552,7.635135173797607
6025648,7.534562110900879
6025760,8.004484176635742
6025936,8.066666603088379
6026144,7.863636493682861
6026672,7.808218955993652
6029232,8.090909004211426
6030272,7.954545497894287
6030912,7.802690505981445
6033792,8.080357551574707
6038864,7.635135173797607
6039520,7.782805442810059
6039744,7.798165321350098
6040000,8.070175170898438
6040304,7.990867614746094
6040944,7.901785850524902
6043536,7.75
6045168,7.873302936553955
6046704,7.847533702850342
6047088,8.054298400878906
6047104,7.792792797088623
6050592,7.788018226623535
6050624,8.190045356750488
6050656,8.06306266784668
6050752,7.995495319366455
6051008,7.809734344482422
6052096,7.757847309112549
6053024,7.912844181060791
6053840,7.870370388031006
6053904,7.84403657913208
6054208,7.866666793823242
6056704,7.777777671813965
6057136,7.788018226623535
6057536,8.119468688964844
6057728,7.853881359100342
6060720,7.959641456604004
6061344,8.177778244018555
6061360,8.050458908081055
6061376,8.198198318481445
6062192,7.986425399780273
6063072,7.9910712242126465
6064672,7.798165321350098
6064736,8.061674118041992
6066144,7.920560836791992
6066608,7.7272725105285645
6067792,7.995495319366455
6068464,6.666666507720947
6069216,7.912844181060791
6071728,7.880184173583984
6074368,7.96875
6074816,8.0
6075232,7.935780048370361
6075504,8.009259223937988
6075504,7.637614727020264
6076592,8.009049415588379
6077344,8.0316743850708
6079120,8.04444408416748
6079152,8.009049415588379
6079184,7.918551921844482
6081904,7.863636493682861
6082000,7.770270347595215
6082144,7.56944465637207
6083952,7.802690505981445
6085264,7.898230075836182
6086048,7.79141092300415
6086288,7.688889026641846
6086304,7.815315246582031
6088992,7.534246444702148
6092288,7.83410120010376
6092560,7.747747898101807
6092672,7.702702522277832
6093088,7.782608509063721
6093440,7.8348212242126465
6094080,7.792792797088623
6094848,7.85067892074585
6096608,8.018017768859863
6099680,7.659090995788574
6100544,7.729357719421387
6100560,7.672811031341553
6101728,7.8348212242126465
6103792,7.635135173797607
6104576,7.770270347595215
6104688,7.828054428100586
6105008,7.612612724304199
6106752,7.579908847808838
6107248,7.647058963775635
6107360,7.725225448608398
6107552,7.872807025909424
6108272,7.533632278442383
6108544,7.568181991577148
6110960,7.879464149475098
6111168,7.2727274894714355
6113952,7.545871734619141
6114704,7.5227274894714355
6116992,7.55760383605957
6117408,7.8125
6119264,7.757847309112549
6120576,7.636363506317139
6121008,7.566964149475098
6121584,7.702702522277832
6121712,7.941176414489746
6124224,7.687224864959717
6125296,7.802690505981445
6128624,7.557077407836914
6129184,7.725225448608398
6130000,7.47706413269043
6133552,7.342342376708984
6135696,7.782805442810059
6135936,7.285068035125732
6136304,7.578475475311279
6136704,7.757847309112549
6138640,7.423580646514893
6140672,7.737556457519531
6141856,7.683486461639404
6144272,7.578475475311279
6145920,7.808218955993652
6147488,7.645740032196045
6147776,7.647058963775635
6148896,7.681818008422852
6151104,7.599999904632568
6152880,7.757009506225586
6153040,7.662036895751953
6153088,7.707423686981201
6153712,7.669683456420898
6154160,7.8318586349487305
6154704,7.5
6156624,7.757847309112549
6157232,7.5
6157312,7.767857074737549
6160816,7.958715438842773
6160832,7.544642925262451
6161088,7.594936847686768
6161600,7.454545497894287
6163744,7.785387992858887
6163760,7.432432651519775
6164400,7.409909725189209
6164832,7.757847309112549
6165600,7.723214149475098
6165632,7.5
6167376,7.688889026641846
6167424,7.986425399780273
6168608,5.358974456787109
6170976,7.737556457519531
6172304,7.6712327003479
6172576,7.7727274894714355
6174464,7.647058963775635
6174512,7.659090995788574
6176176,7.857142925262451
6176272,7.702702522277832
6178528,7.579908847808838
6179120,7.511312007904053
6182848,7.760180950164795
6183040,7.669683456420898
6183360,7.432432651519775
6183568,7.390350818634033
6183904,7.236842155456543
6185072,7.652582168579102
6185120,7.635135173797607
6186512,7.719298362731934
6188576,7.431192874908447
6189984,7.354259967803955
6190032,7.566964149475098
6190096,7.71689510345459
6190432,7.311110973358154
6199680,7.511210918426514
6201184,7.668161392211914
6202912,7.38938045501709
6203472,7.544642925262451
6203536,7.159090995788574
6204192,7.420814514160156
6205616,7.270642280578613
6206400,7.455357074737549
6207040,7.477477550506592
6209344,7.5227274894714355
6211168,7.293578147888184
6211264,7.090909004211426
6211632,7.133333206176758
6211952,7.342342376708984
6212688,7.094594478607178
6213328,7.228915691375732
6214656,7.235023021697998
6225376,7.1990742683410645
6225536,7.432432651519775
6225648,7.38938045501709
6228448,7.236842155456543
6229040,7.058823585510254
6229120,7.219730854034424
6229168,7.305935859680176
6229616,7.375565528869629
6234160,7.431818008422852
6235216,7.262443542480469
6236272,7.399103164672852
6238176,7.25
6239248,7.318181991577148
6239632,7.420814514160156
6239648,7.3214287757873535
6240304,7.26086950302124
6242656,7.229729652404785
6242832,7.26457405090332
6244784,7.762557029724121
6244800,7.454545497894287
6245488,7.579185485839844
6246464,7.61061954498291
6246800,7.723214149475098
6248384,7.511210918426514
6250224,7.181818008422852
6250912,7.466063499450684
6251920,7.318181991577148
6252304,7.0
6252384,7.747747898101807
6253216,7.5806450843811035
6253472,7.522522449493408
6255424,7.798165321350098
6255440,7.2602739334106445
6255904,7.28310489654541
6257040,7.295597553253174
6257424,7.47706413269043
6258992,7.229729652404785
6259728,7.488789081573486
6259824,7.612612724304199
6260368,7.805429935455322
6260448,7.2093024253845215
6261040,7.5333333015441895
6262896,7.511415481567383
6263360,7.743362903594971
6263376,7.511312007904053
6263616,7.1875
6265024,7.384259223937988
6266976,7.511111259460449
6267536,7.30232572555542
6269664,7.692307472229004
6269712,7.568807125091553
6270048,7.331838607788086
6270464,7.5
6273072,7.659090995788574
6273568,7.579908847808838
6273696,7.386363506317139
6274976,7.375565528869629
6276080,7.443946361541748
6277456,7.363636493682861
6279808,7.456896781921387
6281216,7.511520862579346
6281920,7.566371917724609
6282096,7.578475475311279
6284416,7.142857074737549
6285920,7.6712327003479
6288832,7.197309494018555
6289120,7.316513538360596
6290384,7.201834678649902
6291952,7.432432651519775
6293968,7.26457405090332
6296240,7.5109171867370605
6296256,7.522522449493408
6297408,7.5
6298272,7.785087585449219
6298784,7.398190021514893
6302112,7.615740776062012
6302352,7.747747898101807
6302944,7.55656099319458
6303328,7.2602739334106445
6303664,7.65625
6309568,7.623318195343018
6310016,7.61061954498291
6310160,8.0
6310400,7.669683456420898
6310784,7.44343900680542
6311040,7.6497697830200195
6313648,7.511520862579346
6314384,7.968036651611328
6315328,7.55555534362793
6315376,7.777777671813965
6315920,7.534246444702148
6316080,8.036529541015625
6316624,7.747747898101807
6317264,7.777777671813965
6317920,7.704545497894287
6318688,7.7397260665893555
6319712,7.8318586349487305
6320192,7.747747898101807
6320192,7.635135173797607
6320224,7.644444465637207
6320720,7.688889026641846
6321664,7.625570774078369
6322272,7.623318195343018
6323248,7.704545497894287
6324320,7.782805442810059
6324576,7.545044898986816
6325200,7.636363506317139
6325936,7.637614727020264
6326768,7.591742992401123
6326944,7.8222222328186035
6327968,8.15450668334961
6328512,8.243243217468262
6328832,7.809734344482422
6329456,7.876712322235107
6331680,7.685184955596924
6333072,8.1304349899292
6334480,7.818181991577148
6335920,8.280543327331543
6338528,7.905405521392822
6340176,7.873302936553955
6341120,7.7130045890808105
6341616,7.96380090713501
6343200,7.73542594909668
6343616,8.25
6343728,7.96380090713501
6346768,7.8378376960754395
6348208,8.054298400878906
6348336,7.972972869873047
6348736,7.767857074737549
6351584,7.738095283508301
6355504,7.888888835906982
6355744,7.770270347595215
6356752,8.02690601348877
6357872,7.933333396911621
6358112,7.872807025909424
6358832,7.811059951782227
6359856,7.986425399780273
6360384,7.937219619750977
6363552,7.922374248504639
6364992,7.792792797088623
6365264,7.805429935455322
6366448,7.71689510345459
6369856,7.7901787757873535
6371088,7.795454502105713
6371472,7.795454502105713
6374096,7.926267147064209
6375040,7.905405521392822
6376320,7.873302936553955
6377184,7.815315246582031
6377744,8.004587173461914
6377744,7.159090995788574
6377776,7.737556457519531
6379088,7.83410120010376
6379792,7.723214149475098
6381376,7.73913049697876
6382272,7.755555629730225
6383024,7.782805442810059
6383296,8.2339448928833
6383760,7.892376899719238
6383968,7.792792797088623
6385408,8.070175170898438
6385616,7.71689510345459
6386208,7.647058963775635
6388416,7.860360145568848
6390816,7.899543285369873
6391872,7.937219619750977
6391936,7.754629611968994
6394848,7.795454502105713
6399072,8.090909004211426
6399168,7.8378376960754395
6400848,7.785387992858887
6404272,7.870370388031006
6404960,8.064516067504883
6405360,7.647058963775635
6405424,7.876712322235107
6406016,8.144796371459961
6406896,7.737556457519531
6407456,7.568807125091553
6407856,7.802690505981445
6409776,7.873302936553955
6410480,7.802690505981445
6411520,7.901785850524902
6412480,8.087557792663574
6413088,7.692307472229004
6415152,7.8378376960754395
6416176,7.982062816619873
6417744,7.775229454040527
6418160,7.8378376960754395
6420224,7.847533702850342
6422704,8.018017768859863
6423120,8.082191467285156
6423904,7.8378376960754395
6427312,7.557077407836914
6429040,7.909090995788574
6429456,7.640449523925781
6429920,7.6327433586120605
6430320,7.685184955596924
6430912,7.695852756500244
6431712,7.860465049743652
6432832,7.9452056884765625
6434480,8.017621040344238
6434528,7.688889026641846
6435456,7.714931964874268
6439440,7.623318195343018
6439664,7.880184173583984
6440896,7.657657623291016
6445104,7.6712327003479
6445280,7.9525861740112305
6445840,7.798165321350098
6447168,7.982062816619873
6448144,7.876106262207031
6448608,7.86697244644165
6449376,7.840909004211426
6450368,7.957316875457764
6450528,7.802690505981445
6452064,7.55656099319458
6452176,7.882883071899414
6453072,7.956521511077881
6454272,7.86697244644165
6454576,7.683486461639404
6455888,7.7397260665893555
6456576,7.454128265380859
6457824,7.72123908996582
6459248,7.612612724304199
6460128,7.737556457519531
6463696,7.725225448608398
6467344,7.929515361785889
6468016,7.922374248504639
6468112,7.762557029724121
6468336,7.704545497894287
6468512,8.227272987365723
6469216,7.889908313751221
6475072,7.764976978302002
6475552,7.9279279708862305
6477968,7.7397260665893555
6478592,7.604650974273682
6479184,7.876106262207031
6479696,8.04444408416748
6482480,7.795454502105713
6482720,7.909090995788574
6483232,7.762557029724121
6485728,7.84403657913208
6486032,7.909090995788574
6489616,7.7130045890808105
6490272,7.9452056884765625
6492784,7.931818008422852
6493168,8.083700180053711
6493296,7.6712327003479
6493824,8.054298400878906
6496432,7.545871734619141
6496848,7.488584518432617
6497296,7.546296119689941
6499808,7.465437889099121
6499920,7.7419352531433105
6500256,7.7272725105285645
6500288,7.802690505981445
6500480,7.544247627258301
6501824,7.662036895751953
6503520,7.757847309112549
6507952,7.681818008422852
6510640,7.96875
6513696,7.522522449493408
6514144,7.511415481567383
6514192,7.488687992095947
6514944,7.995391845703125
6515120,7.815315246582031
6515968,8.009049415588379
6518624,7.798165321350098
6519072,8.090909004211426
6519504,7.805429935455322
6520640,7.816901206970215
6521280,7.918551921844482
6521712,7.511111259460449
6521824,7.899543285369873
6522144,7.6712327003479
6522608,8.045454978942871
6523136,7.7130045890808105
6525728,7.912844181060791
6526688,7.828054428100586
6528432,7.645740032196045
6528800,7.72123908996582
6530048,7.638888835906982
6531408,7.909090995788574
6532048,8.0
6532496,7.9279279708862305
6533296,7.55656099319458
6533872,7.760180950164795
6535600,7.85067892074585
6536816,7.7397260665893555
6537440,7.681818008422852
6538336,7.808218955993652
6538576,7.643171787261963
6540368,7.941176414489746
6542896,7.808218955993652
6543344,7.625570774078369
6543920,7.805429935455322
6545680,7.567567348480225
6546400,7.729357719421387
6546592,7.782805442810059
6546608,7.9279279708862305
6546960,8.04444408416748
6546976,7.747747898101807
6547968,7.55656099319458
6549216,7.613636493682861
6549744,7.873302936553955
6549952,7.737556457519531
6550528,7.777777671813965
6550992,7.420814514160156
6553552,7.737556457519531
6553664,7.636363506317139
6554176,7.465753555297852
6557568,7.8378376960754395
6557600,7.82110071182251
6558112,7.545044898986816
6560240,7.892376899719238
6561104,7.465753555297852
6561200,7.857142925262451
6563328,8.068181991577148
6564224,7.909090995788574
6565344,8.05309772491455
6567440,7.8318586349487305
6568304,7.802690505981445
6568880,7.659090995788574
6570384,7.873302936553955
6570864,7.6785712242126465
6571312,7.847533702850342
6571344,8.0
6571536,8.009049415588379
6571728,7.706421852111816
6574400,7.818181991577148
6575056,7.743362903594971
6575344,7.7419352531433105
6578000,7.916666507720947
6578576,7.71689510345459
6578848,7.752293586730957
6581952,7.847533702850342
6581984,7.7901787757873535
6582000,7.692307472229004
6582400,7.737556457519531
6582656,7.568807125091553
6584640,7.556053638458252
6585728,7.808218955993652
6585904,7.7272725105285645
6588640,7.668161392211914
6590832,7.668161392211914
6592736,7.1875
6593088,7.7533040046691895
6593360,7.443946361541748
6594416,7.937219619750977
6596096,7.601809978485107
6596208,7.737556457519531
6596544,7.545044898986816
6596656,7.612612724304199
6597664,7.5
6598304,7.857142925262451
6602224,7.692307472229004
6602928,7.456140518188477
6603328,7.647058963775635
6608352,7.780269145965576
6608704,7.857142925262451
6610816,7.73542594909668
6613344,7.901785850524902
6613760,7.857142925262451
6614448,7.805429935455322
6618048,8.004587173461914
6619968,7.579185485839844
6620480,7.892376899719238
6620832,7.9452056884765625
6621360,7.7419352531433105
6621696,7.654867172241211
6624000,7.694064140319824
6624528,7.747747898101807
6627920,7.84403657913208
6630368,7.657657623291016
6630512,7.847533702850342
6632064,7.8378376960754395
6632112,7.880184173583984
6633104,7.96380090713501
6634720,7.866666793823242
6635024,7.8378376960754395
6635680,7.866666793823242
6637456,7.6712327003479
6638224,7.889908313751221
6639008,7.44444465637207
6639152,7.986425399780273
6639360,8.056768417358398
6639408,7.831050395965576
6642096,7.466367721557617
6642736,8.0
6644704,7.6712327003479
6645136,7.879464149475098
6645776,7.6785712242126465
6651376,7.909090995788574
6653328,7.909090995788574
6653360,7.805429935455322
6654368,7.912844181060791
6656896,7.648401737213135
6658832,7.853881359100342
6661504,8.06306266784668
6662320,7.7727274894714355
6667584,8.054298400878906
6667664,7.635135173797607
6668496,7.912844181060791
6669424,7.7397260665893555
6670576,7.9910712242126465
6671104,7.762557029724121
6672288,7.920353889465332
6672912,7.982062816619873
6673232,7.624434471130371
6674240,7.659090995788574
6674272,8.054298400878906
6676800,8.085585594177246
6680688,7.942477703094482
6683888,7.692307472229004
6686160,7.800000190734863
6686240,7.692307472229004
6688496,7.767857074737549
6688784,7.590909004211426
6688800,7.922374248504639
6688864,7.745535850524902
6688928,7.82110071182251
6690880,7.38938045501709
6691952,7.7419352531433105
6692496,8.175675392150879
6694464,7.802690505981445
6695520,8.085585594177246
6696000,7.660550594329834
6696384,7.879464149475098
6696624,7.363636493682861
6696880,7.782805442810059
6701856,8.080357551574707
6702960,7.702702522277832
6702976,7.853881359100342
6703008,7.873302936553955
6703424,7.889908313751221
6703792,7.665094375610352
6704032,7.747747898101807
6705008,7.982062816619873
6706176,8.04054069519043
6709040,8.071748733520508
6710032,7.676056385040283
6710208,7.590909004211426
6713296,7.73542594909668
6713808,7.876712322235107
6714560,7.972350120544434
6715680,7.840909004211426
6715744,7.723214149475098
6717360,7.612612724304199
6719840,8.0
6720304,7.853881359100342
6720784,7.876712322235107
6721312,7.566964149475098
6723312,7.911110877990723
6724320,7.863636493682861
6727072,7.641921520233154
6728048,7.909090995788574
6728112,7.601809978485107
6729344,7.905405521392822
6731280,7.876712322235107
6731296,7.729357719421387
6732016,7.818181991577148
6732304,7.6712327003479
6732416,7.808218955993652
6733152,7.880184173583984
6734816,7.71689510345459
6734928,7.706421852111816
6735136,7.9452056884765625
6738144,8.155555725097656
6738384,7.995495319366455
6738496,7.702702522277832
6739280,7.657657623291016
6739600,7.466367721557617
6742704,7.818181991577148
6743744,8.076923370361328
6746240,7.590909004211426
6746368,7.704545497894287
6747584,7.694064140319824
6748432,7.7901787757873535
6749184,7.614678859710693
6749376,7.522522449493408
6750208,7.853881359100342
6750832,7.657657623291016
6752960,7.668161392211914
6753536,7.968036651611328
6753744,7.818181991577148
6754176,7.7876105308532715
6756080,7.828054428100586
6756400,7.918551921844482
6760560,7.863636493682861
6761200,7.579908847808838
6763168,7.792792797088623
6765872,7.694064140319824
6766080,7.795454502105713
6767136,7.611607074737549
6767696,7.782805442810059
6770592,7.603686809539795
6772528,7.625570774078369
6773040,7.662036895751953
6773472,7.431192874908447
6773936,8.009049415588379
6775760,7.431818008422852
6776480,7.601809978485107
6777552,7.777777671813965
6777744,7.680180072784424
6778352,7.692307472229004
6778400,7.578475475311279
6780496,7.613636493682861
6781104,7.420814514160156
6781504,7.6339287757873535
6781936,7.466367721557617
6782784,7.601809978485107
6785472,7.340909004211426
6785808,7.592592716217041
6786512,7.354259967803955
6789872,7.680180072784424
6791264,7.711111068725586
6791808,7.659090995788574
6792704,7.71689510345459
6792800,7.399103164672852
6793760,7.488986968994141
6794736,7.361111164093018
6795376,7.477477550506592
6795552,7.442922592163086
6796512,7.388392925262451
6797872,7.578475475311279
6798752,7.587939739227295
6802384,7.466063499450684
6803264,7.737556457519531
6803968,7.6497697830200195
6804864,7.442922592163086
6804896,7.545454502105713
6805008,7.361963272094727
6807280,7.578475475311279
6808544,7.681818008422852
6809088,7.613636493682861
6809520,7.623318195343018
6809984,7.601809978485107
6810272,7.889908313751221
6810352,7.847533702850342
6810656,7.762557029724121
6812640,7.918551921844482
6814160,7.958715438842773
6814592,7.953488349914551
6816176,7.818181991577148
6816400,7.61061954498291
6816400,7.694064140319824
6817120,7.635135173797607
6820160,7.847533702850342
6821216,7.71689510345459
6821424,7.762557029724121
6823632,7.523148059844971
6824752,7.714931964874268
6826944,7.488584518432617
6827808,7.704545497894287
6828304,7.795454502105713
6828528,7.647058963775635
6828864,7.694064140319824
6831616,7.8125
6831952,7.624434471130371
6833488,7.75
6835568,7.52293586730957
6837072,7.623318195343018
6838816,7.69911527633667
6839536,7.857142925262451
6842336,7.899543285369873
6843008,7.453703880310059
6844176,7.601809978485107
6844816,7.718894004821777
6845872,7.409090995788574
6846624,7.5333333015441895
6852336,7.760180950164795
6852912,7.733333110809326
6853680,7.636363506317139
6856400,7.737556457519531
6856512,7.767857074737549
6857024,7.599999904632568
6858336,7.613636493682861
6858752,7.534246444702148
6859664,7.317073345184326
6862384,7.743362903594971
6862496,7.533632278442383
6862608,7.657657623291016
6863040,7.568807125091553
6863072,7.545044898986816
6863200,7.52293586730957
6864208,7.752293586730957
6867248,7.918551921844482
6867776,7.792792797088623
6869600,7.5
6870512,7.788018226623535
6870848,7.6339287757873535
6871328,7.7419352531433105
6871472,7.692307472229004
6873152,7.407407283782959
6873680,7.669683456420898
6873936,7.767857074737549
6876640,7.86697244644165
6876720,7.635135173797607
6877504,7.612612724304199
6877632,7.752293586730957
6878400,7.465753555297852
6879728,7.3287672996521
6880192,7.777777671813965
6880768,7.375565528869629
6883248,7.636363506317139
6883840,7.625570774078369
6886784,7.648401737213135
6888480,7.972972869873047
6888976,7.624434471130371
6890352,7.905405521392822
6890816,7.623318195343018
6891616,7.798165321350098
6892032,8.009049415588379
6892784,7.882883071899414
6895184,7.815315246582031
6896432,7.690582752227783
6898864,7.700892925262451
6899344,7.6086955070495605
6899728,7.601809978485107
6900816,7.488584518432617
6901488,7.911110877990723
6902048,7.8125
6902480,7.8222222328186035
6903408,7.488584518432617
6905232,7.534883499145508
6910048,7.534246444702148
6910256,7.546296119689941
6910368,7.55555534362793
6911696,7.432432651519775
6913008,7.644444465637207
6915696,7.545454502105713
6916560,7.692307472229004
6916944,7.443946361541748
6916960,7.83410120010376
6917344,7.5
6919376,7.47787618637085
6920096,7.681818008422852
6923056,7.511312007904053
6925008,7.636363506317139
6926048,7.318181991577148
6927856,7.511312007904053
6928304,7.71689510345459
6931168,7.612612724304199
6931376,7.351598262786865
6931840,7.4772725105285645
6933200,7.613636493682861
6934288,7.873302936553955
6935408,7.522522449493408
6936800,7.299107074737549
6936976,7.44343900680542
6937008,7.760180950164795
6938224,7.731481552124023
6940688,7.5
6941264,7.420091152191162
6941488,7.918551921844482
6942080,7.635135173797607
6945408,7.668161392211914
6945968,7.488687992095947
6946080,7.648401737213135
6948528,7.636363506317139
6949664,7.578475475311279
6951840,7.511520862579346
6952112,7.668161392211914
6952288,7.644444465637207
6955008,7.700892925262451
6958288,7.589285850524902
6959360,7.439024448394775
6959632,7.659090995788574
6959760,7.488789081573486
6963616,7.636363506317139
6963840,7.362385272979736
6965264,7.488789081573486
6965328,7.659090995788574
6965456,7.7419352531433105
6966080,7.488584518432617
6968816,7.533936500549316
6969440,7.444933891296387
6969696,7.601809978485107
6969872,7.853881359100342
6970896,7.386363506317139
6970992,7.55555534362793
6973232,7.407407283782959
6973536,7.719298362731934
6976048,7.84403657913208
6976864,7.860360145568848
6977120,7.695852756500244
6979552,7.737556457519531
6979648,7.828054428100586
6980272,7.351598262786865
6980432,7.432432651519775
6981504,7.335907459259033
6982736,7.731481552124023
6983792,7.706421852111816
6984192,7.624434471130371
6985120,7.83410120010376
6988592,7.704545497894287
6988608,7.718894004821777
6990048,7.873302936553955
6990880,7.5227274894714355
6991168,7.831050395965576
6992144,7.647058963775635
6994448,7.681818008422852
6999184,7.895927429199219
6999248,7.986425399780273
7001856,7.752293586730957
7002624,7.710280418395996
7002864,7.688889026641846
7005312,7.5806450843811035
7005472,7.909090995788574
7005936,7.6712327003479
7006064,7.672811031341553
7006224,7.879464149475098
7006432,7.882883071899414
7008576,7.873302936553955
7008976,7.828054428100586
7014944,7.857142925262451
7016000,7.6712327003479
7016688,7.702702522277832
7017392,7.880184173583984
7018176,7.972972869873047
7019152,7.813953399658203
7020208,7.97777795791626
7020976,7.488789081573486
7022192,7.972350120544434
7022832,7.600896835327148
7025232,7.950450420379639
7025584,7.918551921844482
7026256,7.694064140319824
7026880,7.702702522277832
7029152,7.522522449493408
7030272,7.692307472229004
7032496,7.544642925262451
7032752,7.388392925262451
7033296,7.831050395965576
7033888,7.762557029724121
7035824,7.694064140319824
7036144,7.57709264755249
7036272,7.579908847808838
7036320,7.725225448608398
7037056,7.762557029724121
7037248,7.466063499450684
7037456,7.8378376960754395
7040336,7.818181991577148
7040864,7.636363506317139
7041968,7.4772725105285645
7042912,7.590909004211426
7043248,7.533632278442383
7048048,7.647058963775635
7049120,7.853982448577881
7050528,7.780269145965576
7051328,7.432432651519775
7051344,7.680180072784424
7051536,7.636363506317139
7052224,7.683486461639404
7052448,7.747747898101807
7052640,7.431818008422852
7054640,7.680180072784424
7054976,7.577777862548828
7058688,7.869955062866211
7059056,7.853881359100342
7061664,7.590909004211426
7063312,7.795454502105713
7064816,8.04444408416748
7065728,7.647058963775635
7067712,7.6027398109436035
7070256,7.702702522277832
7070384,7.567567348480225
7072544,7.578475475311279
7072624,8.009049415588379
7073888,7.798165321350098
7075456,7.612612724304199
7076032,7.857142925262451
7076384,7.818181991577148
7077280,7.613636493682861
7078352,7.591742992401123
7081152,7.7130045890808105
7081904,7.895927429199219
7083376,7.71689510345459
7083504,7.797356605529785
7084368,7.723214149475098
7084800,7.612612724304199
7090592,7.545871734619141
7090640,7.860261917114258
7091488,7.844444274902344
7093936,7.688889026641846
7094032,7.853881359100342
7097552,7.71689510345459
7097664,7.788018226623535
7097728,7.75
7100992,7.636363506317139
7101104,7.941176414489746
7101472,7.795454502105713
7104480,7.55760383605957
7104560,8.054298400878906
7106656,7.828054428100586
7107440,7.760180950164795
7107968,7.972350120544434
7107984,8.0316743850708
7108352,7.84403657913208
7114080,7.704545497894287
7118608,7.706421852111816
7118736,7.918551921844482
7119248,7.6712327003479
7120800,7.71689510345459
7121120,7.375565528869629
7122368,7.476851940155029
7122816,7.702702522277832
7124352,7.668161392211914
7124704,7.668161392211914
7126080,7.465437889099121
7129664,7.354259967803955
7129936,7.7272725105285645
7131536,7.755555629730225
7131952,7.643171787261963
7132000,7.566371917724609
7134048,7.603686809539795
7134864,7.647058963775635
7136992,7.420091152191162
7137056,7.623318195343018
7140288,7.339449405670166
7140432,7.578475475311279
7140560,7.454955101013184
7140560,7.362385272979736
7141936,7.418604850769043
7143552,7.603686809539795
7143920,7.422222137451172
7145552,7.755555629730225
7145808,7.488789081573486
7146416,7.465753555297852
7147360,7.702702522277832
7147600,7.4666666984558105
7147648,7.52293586730957
7147680,7.387387275695801
7150688,7.568181991577148
7153360,7.262443542480469
7154672,7.511312007904053
7154848,7.589285850524902
7155056,7.601809978485107
7157808,7.745535850524902
7157952,7.668161392211914
7159456,7.83410120010376
7159920,7.26457405090332
7160048,7.386363506317139
7161280,7.385321140289307
7161360,7.71689510345459
7161760,7.432432651519775
7161808,7.217194557189941
7161824,7.399103164672852
7164768,7.188940048217773
7164880,7.420091152191162
7164960,7.623318195343018
7167104,7.28310489654541
7168448,7.342342376708984
7171776,7.52293586730957
7171984,7.385321140289307
7172848,7.295454502105713
7173952,7.395349025726318
7175712,7.75
7176800,7.612612724304199
7179552,7.591742992401123
7179952,7.376681804656982
7180368,7.477477550506592
7181088,7.660550594329834
7182608,7.590909004211426
7184336,7.828054428100586
7186800,7.274774551391602
7187024,7.385321140289307
7187456,7.579185485839844
7189792,7.624434471130371
7190320,7.6712327003479
7193056,7.637614727020264
7193600,7.681818008422852
7193888,7.601809978485107
7196928,7.743362903594971
7200544,7.55555534362793
7201120,7.760180950164795
7203648,7.55656099319458
7204416,7.52293586730957
7205136,7.7272725105285645
7208720,7.544642925262451
7210784,7.466063499450684
7211856,7.47706413269043
7213008,7.723214149475098
7213904,6.965517044067383
7215152,7.354259967803955
7215856,7.567567348480225
7216576,7.477477550506592
7217168,7.793427467346191
7218224,7.5227274894714355
7218784,7.636363506317139
7219376,7.488584518432617
7221216,7.385321140289307
7221216,7.818181991577148
7221776,7.375565528869629
7221776,7.534246444702148
7221968,7.442922592163086
7222608,7.544642925262451
7223584,7.47706413269043
7224400,7.616822242736816
7225280,7.651162624359131
7225296,7.488584518432617
7225808,7.421524524688721
7225856,7.363636493682861
7226400,7.386363506317139
7226528,7.566371917724609
7227664,7.780374050140381
7228128,7.488789081573486
7229312,7.454128265380859
7230016,7.4666666984558105
7231136,7.5
7231680,7.85067892074585
7231888,7.692307472229004
7235248,7.747747898101807
7235952,7.704545497894287
7236496,7.668161392211914
7237856,7.5
7238720,7.511111259460449
7239504,7.330316543579102
7240752,7.8378376960754395
7241472,7.955555438995361
7242288,7.657657623291016
7242672,7.600896835327148
7243408,7.407407283782959
7244192,7.590909004211426
7246624,7.533936500549316
7247856,7.543859481811523
7248368,7.71689510345459
7249792,7.637614727020264
7250240,7.478070259094238
7250256,7.683486461639404
7250640,7.4193549156188965
7252992,7.52212381362915
7255536,7.65625
7259136,7.747747898101807
7260016,7.7727274894714355
7260448,7.895927429199219
7263600,7.603686809539795
7263600,7.853881359100342
7264416,7.56944465637207
7264864,7.75
7265328,7.5
7266192,7.792792797088623
7266848,7.488789081573486
7267120,7.899543285369873
7268848,8.036529541015625
7269168,7.895927429199219
7270864,7.737556457519531
7271552,7.937219619750977
7272352,7.723214149475098
7274256,7.873302936553955
7275152,7.911110877990723
7275520,7.669683456420898
7276880,7.879464149475098
7277712,7.899543285369873
7279040,7.694064140319824
7281248,7.863636493682861
7281376,7.780269145965576
7285696,7.792792797088623
7285824,8.054298400878906
7285904,7.941176414489746
7288720,7.511736869812012
7292096,7.657657623291016
7293024,7.7533040046691895
7294064,7.669683456420898
7294752,8.013392448425293
7295552,8.04444408416748
7296192,7.863636493682861
7296720,7.922374248504639
7298256,7.660550594329834
7299088,7.7727274894714355
7300208,7.9910712242126465
7301744,7.83410120010376
7302592,7.853881359100342
7304224,7.818181991577148
7304704,7.805429935455322
7309616,7.9910712242126465
7309680,8.090909004211426
7310016,8.045454978942871
7310944,7.920353889465332
7313488,8.004385948181152
7314144,7.645740032196045
7314368,7.590909004211426
7315872,7.6027398109436035
7319024,7.959641456604004
7320288,7.782805442810059
7323824,7.625570774078369
7324176,7.972972869873047
7324208,7.853881359100342
7325248,7.752293586730957
7327808,7.850877285003662
7328608,7.9452056884765625
7328960,7.876712322235107
7330384,7.755555629730225
7333360,8.280543327331543
7333872,8.018433570861816
7334384,7.752293586730957
7335312,7.899543285369873
7338384,7.545871734619141
7340464,7.737556457519531
7341520,7.831050395965576
7341872,7.511520862579346
7342288,7.603686809539795
7343152,7.6712327003479
7343968,7.86697244644165
7345120,7.899543285369873
7345376,7.431192874908447
7346176,7.695852756500244
7346656,7.802690505981445
7346688,7.795454502105713
7347968,7.785387992858887
7348736,7.97777795791626
7352416,7.44239616394043
7352656,7.702702522277832
7353232,7.762557029724121
7353952,7.706421852111816
7356416,7.798165321350098
7357344,7.725225448608398
7357600,7.929515361785889
7358464,7.798165321350098
7361120,7.968036651611328
7361696,7.725225448608398
7362848,7.737556457519531
7364624,8.302752494812012
7365168,7.916666507720947
7366416,7.614678859710693
7366992,7.757847309112549
7367504,7.695852756500244
7367536,7.75
7368096,7.870370388031006
7368624,7.604650974273682
7370000,7.706421852111816
7370080,7.420814514160156
7370464,7.857142925262451
7371008,7.454128265380859
7373456,7.729357719421387
7374544,7.853881359100342
7375088,7.640186786651611
7376592,7.511312007904053
7377088,7.613636493682861
7377520,7.511415481567383
7379744,7.7727274894714355
7380480,7.592592716217041
7381664,7.420814514160156
7382272,7.7901787757873535
7383584,7.533936500549316
7384048,7.297297477722168
7384992,7.647058963775635
7386752,7.44239616394043
7387696,7.695852756500244
7388384,7.409909725189209
7389312,7.785387992858887
7390336,7.511210918426514
7390944,7.442922592163086
7391056,7.477477550506592
7391248,7.737556457519531
7392800,7.465437889099121
7394560,7.47706413269043
7395664,7.545454502105713
7396304,7.5
7398128,7.432432651519775
7398240,7.782805442810059
7398848,7.330316543579102
7401712,7.7130045890808105
7401824,7.612612724304199
7402736,7.422222137451172
7403616,7.72123908996582
7406032,7.676990985870361
7412016,7.7272725105285645
7415376,7.293578147888184
7415920,7.55760383605957
7418912,7.2727274894714355
7419040,7.6339287757873535
7423024,7.714931964874268
7426816,7.66519832611084
7428160,7.647058963775635
7428544,7.592592716217041
7430176,7.545454502105713
7430224,7.888888835906982
7433136,7.853881359100342
7437168,7.752293586730957
7437200,7.613636493682861
7437456,7.901785850524902
7439936,7.579908847808838
7440800,7.410714149475098
7441792,7.7727274894714355
7442272,7.635135173797607
7443472,7.6687116622924805
7443968,7.61061954498291
7445360,7.454955101013184
7445760,7.626728057861328
7446560,7.599999904632568
7447008,7.762557029724121
7450560,7.700892925262451
7451616,7.591742992401123
7452512,7.219730854034424
7453008,7.668161392211914
7454656,7.454545497894287
7455216,7.455357074737549
7458576,7.522522449493408
7459520,7.601809978485107
7459584,7.47706413269043
7460016,7.648401737213135
7463552,7.75
7464400,7.579908847808838
7464672,7.802690505981445
7465088,7.442922592163086
7465488,7.522522449493408
7465520,7.589285850524902
7466640,7.590090274810791
7466768,7.777777671813965
7467968,7.680180072784424
7468704,7.777777671813965
7468992,7.268518447875977
7470672,7.307692527770996
7473872,7.442922592163086
7474960,7.545871734619141
7475344,7.319819927215576
7476112,7.899543285369873
7477696,7.57709264755249
7479088,7.431192874908447
7479632,7.853881359100342
7482144,7.71689510345459
7482816,7.432432651519775
7485264,7.7300615310668945
7488544,7.636363506317139
7492096,7.55656099319458
7492384,7.511210918426514
7493120,7.825112342834473
7493216,7.660550594329834
7493616,7.747747898101807
7495488,7.545454502105713
7496880,7.568807125091553
7496992,7.376681804656982
7498992,7.706421852111816
7499072,7.863636493682861
7500320,7.669683456420898
7501216,7.792792797088623
7502240,7.432432651519775
7503664,7.5
7504608,7.757847309112549
7506352,7.544642925262451
7507312,7.770270347595215
7507360,7.828054428100586
7507648,7.601809978485107
7508352,7.568181991577148
7511488,7.466063499450684
7513408,7.688889026641846
7514016,7.567567348480225
7514352,7.590909004211426
7515200,7.737556457519531
7516976,7.747747898101807
7517024,7.690582752227783
7517216,7.685184955596924
7517872,7.557077407836914
7517920,7.815315246582031
7519072,7.704545497894287
7520528,7.692307472229004
7520560,7.7272725105285645
7520736,7.3972601890563965
7521728,7.8378376960754395
7522512,7.534246444702148
7524752,7.702702522277832
7525040,7.645740032196045
7525552,7.782805442810059
7527568,7.909090995788574
7528272,7.3972601890563965
7528976,7.714931964874268
7531344,7.669683456420898
7532128,7.590909004211426
7534928,7.522522449493408
7535808,7.385321140289307
7538992,7.654867172241211
7540512,7.534246444702148
7541984,7.648401737213135
7542784,7.307692527770996
7542880,7.443946361541748
7546032,7.775229454040527
7546368,7.4193549156188965
7547216,7.6497697830200195
7547344,7.534246444702148
7550256,7.47787618637085
7550880,7.75
7553200,7.669683456420898
7554272,7.625570774078369
7555696,7.601809978485107
7557408,7.566964149475098
7557648,7.578475475311279
7558192,7.3913044929504395
7559840,7.545044898986816
7559904,7.770270347595215
7560288,7.688889026641846
7560624,7.356828212738037
7561152,7.431192874908447
7561744,7.714931964874268
7564496,7.612612724304199
7565024,7.955555438995361
7565328,8.02690601348877
7566832,7.926267147064209
7567952,7.69767427444458
7570288,7.885462760925293
7570432,7.8125
7570480,7.7419352531433105
7570864,7.853881359100342
7571472,7.762557029724121
7574352,7.83410120010376
7574720,7.808218955993652
7574896,7.657657623291016
7575296,7.511312007904053
7577840,7.7419352531433105
7579456,8.082191467285156
7581184,7.863636493682861
7581344,7.591742992401123
7581760,7.8378376960754395
7581776,7.75
7582800,7.579908847808838
7585984,7.7130045890808105
7588128,7.669683456420898
7588320,7.409090995788574
7589136,7.863636493682861
7589616,7.410714149475098
7590128,7.805429935455322
7591104,7.579908847808838
7591904,7.747747898101807
7592864,7.669683456420898
7593424,7.465437889099121
7594704,7.6785712242126465
7594912,7.663551330566406
7595152,7.431192874908447
7596944,7.420091152191162
7598688,7.818181991577148
7599328,7.488584518432617
7599728,7.659090995788574
7600256,7.568181991577148
7600688,7.83410120010376
7602304,7.454545497894287
7602432,7.702702522277832
7606336,7.56944465637207
7606464,7.647058963775635
7607296,7.683486461639404
7607616,7.666666507720947
7608784,7.636363506317139
7609424,7.798165321350098
7610032,7.432432651519775
7612704,7.070706844329834
7614288,7.795454502105713
7617328,7.792792797088623
7617488,7.775229454040527
7617872,7.869955062866211
7618144,7.47706413269043
7621456,7.647058963775635
7621680,7.590909004211426
7623712,7.55656099319458
7624464,7.777777671813965
7625008,7.331838607788086
7626928,7.65625
7627056,7.876712322235107
7627216,7.706421852111816
7627536,7.6339287757873535
7627888,7.579908847808838
7628032,7.8378376960754395
7628464,7.613636493682861
7628752,7.409090995788574
7630240,7.533936500549316
7630656,7.7272725105285645
7631664,7.863636493682861
7633744,7.568807125091553
7635216,7.714931964874268
7635504,7.6027398109436035
7637088,7.75
7638096,7.455357074737549
7638528,7.714931964874268
7639120,7.418604850769043
7641904,7.545454502105713
7642512,7.568181991577148
7644768,7.557077407836914
7644784,7.647058963775635
7645440,7.636363506317139
7647856,7.792792797088623
7648336,7.647058963775635
7648416,7.6712327003479
7649616,7.888888835906982
7651360,7.752293586730957
7653168,7.692307472229004
7655152,7.733333110809326
7655952,7.714931964874268
7656160,7.7397260665893555
7656432,7.556053638458252
7659040,7.579185485839844
7659776,7.557077407836914
7660400,7.706421852111816
7662112,7.5
7662400,7.603686809539795
7663184,7.723214149475098
7666832,7.636363506317139
7669504,7.466063499450684
7669648,7.533039569854736
7670032,7.614678859710693
7671504,7.44343900680542
7672080,7.798165321350098
7674608,7.681818008422852
7675600,7.557077407836914
7676672,7.614678859710693
7677216,7.476851940155029
7678064,7.764976978302002
7678144,7.704545497894287
7678592,7.5227274894714355
7680608,7.660550594329834
7680960,7.82110071182251
7682816,7.743902206420898
7683216,7.802690505981445
7683824,7.737556457519531
7684064,7.725225448608398
7684592,7.465437889099121
7684976,7.704545497894287
7685072,7.567567348480225
7686304,7.83410120010376
7688112,7.7397260665893555
7688704,7.8318586349487305
7689872,7.85067892074585
7690336,7.909090995788574
7691152,7.757847309112549
7691872,7.792792797088623
7692208,7.465437889099121
7695952,7.8125
7696944,7.704545497894287
7698256,7.737556457519531
7698880,7.990867614746094
7699024,7.863636493682861
7699504,7.714931964874268
7700592,8.122172355651855
7705824,7.704545497894287
7707488,7.777777671813965
7708976,7.863636493682861
7709312,7.880184173583984
7709408,7.7419352531433105
7709968,7.511312007904053
7712448,7.725225448608398
7713056,7.659090995788574
7713296,7.828054428100586
7713824,7.96380090713501
7716480,7.808218955993652
7720112,7.8378376960754395
7720912,7.909090995788574
7722016,7.568807125091553
7722704,7.792792797088623
7723536,7.926267147064209
7724176,7.911110877990723
7725280,7.811059951782227
7727024,7.659090995788574
7727184,7.623318195343018
7727648,7.56944465637207
7732208,7.953488349914551
7732640,7.71689510345459
7734560,7.9772725105285645
7736976,7.681818008422852
7738576,7.990867614746094
7738672,7.557077407836914
7739792,7.876712322235107
7741552,7.950450420379639
7742128,7.647058963775635
7743696,7.511111259460449
7744016,7.625570774078369
7745168,7.733333110809326
7745440,7.511312007904053
7745824,7.477477550506592
7746464,7.733333110809326
7748096,7.706421852111816
7748368,7.522522449493408
7748368,7.636363506317139
7748672,7.568807125091553
7748720,7.599999904632568
7749360,7.7727274894714355
7751824,7.454545497894287
7752240,7.6027398109436035
7753664,7.443946361541748
7753824,7.546296119689941
7757280,7.511627674102783
7759280,7.545454502105713
7760576,6.379310131072998
7760736,7.909090995788574
7764144,8.130630493164062
7765856,7.645740032196045
7766432,7.873302936553955
7766640,7.7727274894714355
7768304,7.892376899719238
7769328,7.545454502105713
7769872,7.808218955993652
7770256,7.733333110809326
7770496,7.681818008422852
7771472,7.972972869873047
7772096,7.892376899719238
7773056,7.873563289642334
7774720,7.752293586730957
7774784,7.466367721557617
7774928,7.6785712242126465
7776320,7.798165321350098
7776944,7.782805442810059
7777680,7.800000190734863
7778272,7.603686809539795
7778464,7.708333492279053
7779968,7.645740032196045
7780128,7.636363506317139
7780512,7.972972869873047
7781824,7.644444465637207
7781888,7.55555534362793
7782848,7.566371917724609
7783904,7.488584518432617
7785552,7.7130045890808105
7785680,7.641921520233154
7789152,7.6785712242126465
7789216,7.5227274894714355
7789920,7.454545497894287
7790832,7.808218955993652
7790992,7.55656099319458
7791248,7.777777671813965
7792480,7.75
7793360,7.307692527770996
7794128,7.879464149475098
7794400,7.522522449493408
7796192,7.857142925262451
7798096,7.9772725105285645
7799520,7.805429935455322
7800112,7.4193549156188965
7800528,7.964601993560791
7800528,7.534246444702148
7801056,7.918551921844482
7801616,7.762557029724121
7803056,7.613636493682861
7804576,7.511415481567383
7804944,7.777777671813965
7806912,7.819383144378662
7807248,7.805429935455322
7808032,7.7876105308532715
7808784,7.567567348480225
7808880,7.7272725105285645
7808912,7.777777671813965
7810112,7.737556457519531
7812400,7.622222423553467
7814272,7.752293586730957
7814816,7.511312007904053
7815072,7.828054428100586
7815696,7.5333333015441895
7815936,7.545454502105713
7816096,7.578475475311279
7818256,7.3972601890563965
7818704,7.815315246582031
7819344,7.841409683227539
7819360,7.725225448608398
7821376,7.798165321350098
7821840,7.757847309112549
7821936,7.297297477722168
7822096,7.704545497894287
7822320,7.955555438995361
7822416,7.455357074737549
7822896,7.737556457519531
7824336,7.52293586730957
7825808,7.764976978302002
7826544,7.624434471130371
7829360,7.466063499450684
7829536,7.7397260665893555
7831520,7.5227274894714355
7831520,7.566964149475098
7832016,7.5
7832896,7.681818008422852
7833152,7.5333333015441895
7833664,7.869955062866211
7836384,7.396313190460205
7839648,7.782805442810059
7839680,7.5
7839760,7.4772725105285645
7840160,7.75
7840752,7.636363506317139
7842256,7.800000190734863
7844128,7.418604850769043
7845616,7.55760383605957
7847280,7.747747898101807
7847792,7.660550594329834
7847904,7.5806450843811035
7849328,7.886363506317139
7853136,7.808218955993652
7854512,7.752293586730957
7856480,7.986425399780273
7856544,7.729357719421387
7857392,7.797356605529785
7858464,7.990867614746094
7858592,7.792792797088623
7861344,7.863636493682861
7861840,7.882883071899414
7862176,7.892376899719238
7863568,7.9279279708862305
7863712,7.981651306152344
7863712,7.5333333015441895
7865136,7.808218955993652
7867264,7.895927429199219
7868704,8.018017768859863
7869312,7.636363506317139
7872864,7.782805442810059
7873936,7.6785712242126465
7874560,7.757847309112549
7875184,7.954545497894287
7875456,7.672811031341553
7875520,7.905405521392822
7879024,7.950450420379639
7879984,7.752293586730957
7882880,7.660550594329834
7887104,7.85067892074585
7888560,7.863636493682861
7893952,7.782805442810059
7894160,7.901785850524902
7895424,7.880184173583984
7895648,8.009049415588379
7899200,7.847533702850342
7900688,7.918551921844482
7902464,7.924107074737549
7902704,8.190045356750488
7903008,7.911110877990723
7904016,8.045454978942871
7904256,7.9279279708862305
7905024,7.9464287757873535
7906080,8.133333206176758
7906224,7.899543285369873
7906688,7.995495319366455
7908352,7.792792797088623
7910944,7.9464287757873535
7911776,7.973568439483643
7911888,7.909090995788574
7913648,8.190045356750488
7914720,7.747747898101807
7914784,7.975460052490234
7914896,7.802690505981445
7915376,8.035714149475098
7915552,7.9279279708862305
7916976,7.863636493682861
7918880,8.027523040771484
7919136,8.02690601348877
7920560,7.668161392211914
7920752,8.054298400878906
7921920,7.964601993560791
7922688,8.009049415588379
7922736,8.204545021057129
7924128,8.018017768859863
7926112,7.7727274894714355
7927408,7.798165321350098
7928096,7.973568439483643
7929616,7.912844181060791
7930960,7.692307472229004
7931216,8.153153419494629
7931408,7.818181991577148
7933104,8.116591453552246
7934768,7.873302936553955
7936656,7.96380090713501
7938144,8.147321701049805
7938416,8.113636016845703
7939680,7.795454502105713
7940400,8.113636016845703
7942400,8.1614351272583
7945328,8.054298400878906
7947472,8.02690601348877
7950384,8.0
7953920,7.737556457519531
7954416,7.669683456420898
7956096,8.119468688964844
7956112,8.009259223937988
7956144,7.972972869873047
7956256,7.972972869873047
7956432,8.125
7958000,8.1614351272583
7959376,8.090909004211426
7961568,7.657657623291016
7964592,8.302752494812012
7966704,7.950450420379639
7966768,7.863636493682861
7966960,8.06306266784668
7971360,8.068181991577148
7971792,8.0
7972272,7.96380090713501
7973904,7.831050395965576
7974144,7.75
7974896,7.886363506317139
7975776,8.027523040771484
7978720,7.863636493682861
7980112,8.058035850524902
7980880,8.05936050415039
7981520,7.9279279708862305
7984512,7.767857074737549
7985568,7.85067892074585
7985808,7.567567348480225
7986480,8.127854347229004
7988080,7.905405521392822
7988368,8.009049415588379
7990256,8.099547386169434
7990688,7.737556457519531
7990784,7.56944465637207
7991744,8.139013290405273
7992064,7.8125
7994304,8.066666603088379
7995136,7.84403657913208
7995360,8.266666412353516
7998784,8.0
7999232,7.8125
7999376,7.7533040046691895
7999744,8.068181991577148
8001328,8.050458908081055
8001392,8.386363983154297
8002368,7.75
8002400,8.04444408416748
8002496,7.7727274894714355
8004496,8.125
8005808,7.695852756500244
8008032,7.818181991577148
8008048,7.918551921844482
8009856,8.023255348205566
8011168,7.767857074737549
8011440,8.054298400878906
8011648,8.04444408416748
8011904,8.186046600341797
8013152,7.777777671813965
8014320,7.85067892074585
8015072,7.920353889465332
8016640,8.06306266784668
8018800,7.668161392211914
8019216,7.840909004211426
8019952,7.737556457519531
8020128,7.668161392211914
8020528,7.818181991577148
8020560,7.954545497894287
8021488,7.876106262207031
8022320,8.026315689086914
8023744,8.022222518920898
8023968,7.981651306152344
8024112,7.873302936553955
8025872,8.009049415588379
8027472,7.892376899719238
8028032,8.054298400878906
8029456,8.144796371459961
8030848,8.18807315826416
8031072,7.831050395965576
8032256,7.899543285369873
8032928,8.071748733520508
8032960,7.545871734619141
8033088,7.873302936553955
8034128,7.680180072784424
8036032,7.83410120010376
8038192,8.02690601348877
8040144,8.193832397460938
8044688,8.0
8045488,7.937219619750977
8045648,7.802690505981445
8045840,7.982062816619873
8047808,7.690582752227783
8049040,7.873302936553955
8050736,7.866666793823242
8050784,7.4776787757873535
8053856,7.798742294311523
8054208,7.291666507720947
8055552,7.466367721557617
8056224,7.599999904632568
8056288,7.7727274894714355
8059040,7.764976978302002
8059104,7.757847309112549
8060064,7.545044898986816
8062688,7.819383144378662
8063456,7.8348212242126465
8063936,7.647058963775635
8068752,7.924107074737549
8070560,7.657657623291016
8071584,7.702702522277832
8073248,7.909090995788574
8073472,7.802690505981445
8074704,8.058035850524902
8076736,7.657657623291016
8077008,7.9772725105285645
8077200,7.6785712242126465
8078288,8.183856964111328
8078688,7.725225448608398
8079424,7.828054428100586
8082912,7.702702522277832
8083024,7.659090995788574
8083888,7.625570774078369
8086576,6.976744174957275
8086608,7.869955062866211
8087536,7.885462760925293
8089296,8.04054069519043
8090112,7.9772725105285645
8091840,7.690582752227783
8095344,7.802690505981445
8095888,7.762557029724121
8096336,7.808218955993652
8099920,7.937219619750977
8100272,7.840909004211426
8100528,7.7272725105285645
8100864,7.7533040046691895
8101216,7.625570774078369
8101680,7.710280418395996
8102112,7.635135173797607
8103104,7.819383144378662
8104496,7.568807125091553
8105264,7.959641456604004
8107312,7.702702522277832
8107568,7.7419352531433105
8107840,7.972350120544434
8110560,7.6712327003479
8113104,7.723214149475098
8114064,7.86697244644165
8114640,7.941176414489746
8115840,7.959641456604004
8115856,7.982062816619873
8117296,7.870370388031006
8118048,7.601809978485107
8118592,7.892376899719238
8119440,7.982062816619873
8119488,7.818181991577148
8120128,8.3259916305542
8121136,8.272727012634277
8121584,7.7727274894714355
8121744,7.880184173583984
8122048,7.882883071899414
8122352,8.06306266784668
8129088,7.853881359100342
8129216,8.009049415588379
8131920,7.9452056884765625
8132224,8.0
8137472,7.931818008422852
8138000,7.82110071182251
8141136,7.924107074737549
8142352,7.922374248504639
8143488,8.0
8144256,8.090909004211426
8144576,7.918551921844482
8148624,8.099547386169434
8151904,7.8222222328186035
8154240,7.954545497894287
8154304,8.06306266784668
8155168,8.036529541015625
8156544,8.076923370361328
8156640,7.795454502105713
8158272,7.729357719421387
8158384,7.958715438842773
8159136,8.054298400878906
8159360,8.125
8165520,7.853881359100342
8166320,7.906976699829102
8166544,8.198198318481445
8168176,7.737556457519531
8168992,7.916666507720947
8171984,8.217592239379883
8174128,7.692307472229004
8174416,7.96380090713501
8176416,7.889908313751221
8176912,7.785387992858887
8177024,7.918551921844482
8177280,7.882883071899414
8177936,8.1963472366333
8180464,8.073394775390625
8180560,7.954545497894287
8180816,8.068181991577148
8181808,7.981651306152344
8182400,8.153153419494629
8182720,8.348624229431152
8183440,7.9493088722229
8183760,8.036529541015625
8184368,7.918551921844482
8184672,7.860465049743652
8184976,8.175675392150879
8185344,8.175675392150879
8186192,8.05555534362793
8189264,7.760180950164795
8189664,8.139013290405273
8191200,7.986425399780273
8192784,7.694064140319824
8193200,8.272727012634277
8193216,7.788018226623535
8193920,7.7130045890808105
8195168,7.762557029724121
8196784,7.860360145568848
8197600,8.122172355651855
8197616,8.045454978942871
8198080,8.119266510009766
8200080,8.017621040344238
8201024,8.130630493164062
8201024,8.054298400878906
8202656,8.071748733520508
8203104,7.9279279708862305
8205200,8.035714149475098
8205648,8.099547386169434
8206160,7.82110071182251
8207472,7.972972869873047
8208096,7.805429935455322
8210144,8.05555534362793
8210224,8.243243217468262
8210896,7.8222222328186035
8211008,8.0
8211024,7.578475475311279
8211600,7.958715438842773
8212384,7.892376899719238
8216048,8.173516273498535
8216512,8.099547386169434
8217952,7.892376899719238
8218752,7.714931964874268
8220000,8.1578950881958
8220720,7.818181991577148
8220864,8.136363983154297
8221440,7.764976978302002
8223888,7.857142925262451
8225120,7.885462760925293
8225184,7.7397260665893555
8227104,7.792792797088623
8227840,7.800000190734863
8228608,7.718894004821777
8232176,7.9464287757873535
8232768,7.7419352531433105
8233584,7.909090995788574
8234944,7.71689510345459
8234944,7.624434471130371
8235904,7.926267147064209
8236448,7.981651306152344
8237696,8.090909004211426
8239952,7.82110071182251
8240800,7.909090995788574
8244256,7.614678859710693
8245072,7.69767427444458
8246464,7.808218955993652
8247744,7.603686809539795
8248640,7.657657623291016
8249280,8.004484176635742
8250080,7.9464287757873535
8250544,7.557077407836914
8253520,7.647058963775635
8254352,7.635135173797607
8255296,7.926267147064209
8255600,7.909090995788574
8256368,7.431818008422852
8257088,7.8378376960754395
8257888,7.909090995788574
8258528,7.918551921844482
8258784,7.625
8260464,7.82110071182251
8260560,7.747747898101807
8261872,7.729357719421387
8262864,7.706421852111816
8265856,7.762557029724121
8266224,7.831050395965576
8267616,7.590909004211426
8268384,7.7397260665893555
8271056,7.615740776062012
8273184,8.07860279083252
8274736,7.780269145965576
8276352,7.901785850524902
8276784,8.013392448425293
8277552,8.085585594177246
8278288,7.828054428100586
8279936,7.825112342834473
8280208,7.808218955993652
8280496,7.878787994384766
8284080,7.73542594909668
8285360,7.635135173797607
8287072,7.825112342834473
8287248,7.892376899719238
8287504,7.96380090713501
8287712,7.623318195343018
8290352,7.922374248504639
8290608,7.886363506317139
8291216,8.027523040771484
8292448,8.054298400878906
8293184,8.030973434448242
8294640,7.955555438995361
8296704,8.01369857788086
8296816,8.008849143981934
8297952,8.085585594177246
8301168,8.181818008422852
8301488,7.954545497894287
8302992,7.96380090713501
8303120,8.018433570861816
8304480,7.873302936553955
8305072,7.757847309112549
8305104,7.96380090713501
8305424,7.82110071182251
8306688,7.981651306152344
8308096,7.641509532928467
8309280,8.06306266784668
8310112,7.857142925262451
8310160,7.681818008422852
8311424,7.972350120544434
8311728,7.809734344482422
8312128,7.935780048370361
8315104,7.909090995788574
8315216,7.83410120010376
8316096,7.69911527633667
8317376,7.918551921844482
8317952,7.660550594329834
8318864,7.797356605529785
8320896,7.7397260665893555
8321472,7.71689510345459
8322768,7.863636493682861
8324320,7.907488822937012
8326272,7.96380090713501
8326448,8.009049415588379
8328608,8.009049415588379
8329168,7.7727274894714355
8329184,7.82110071182251
8329888,7.933333396911621
8331568,7.702702522277832
8332704,8.082191467285156
8332832,7.7130045890808105
8333728,7.958715438842773
8336464,8.008849143981934
8337536,7.7300615310668945
8337696,7.694064140319824
8340448,7.840909004211426
8342064,7.909090995788574
8343424,7.9910712242126465
8343424,8.136363983154297
8345536,7.7727274894714355
8347520,7.909090995788574
8347968,7.863636493682861
8348352,7.853881359100342
8351872,7.762557029724121
8352752,7.669683456420898
8353696,7.545871734619141
8354160,7.770270347595215
8356208,7.55760383605957
8356256,7.818181991577148
8356960,7.870370388031006
8357424,7.695852756500244
8361264,8.0
8361632,7.637614727020264
8361792,7.792792797088623
8363312,7.895927429199219
8363328,7.895927429199219
8364048,7.747747898101807
8364832,7.702702522277832
8364912,7.668161392211914
8365312,7.785387992858887
8365680,7.911110877990723
8368096,7.8378376960754395
8369280,7.897196292877197
8371648,7.9279279708862305
8375168,7.71689510345459
8377584,7.71689510345459
8380976,7.648401737213135
8382144,7.8240742683410645
8383024,7.954545497894287
8383040,7.782805442810059
8383424,7.8378376960754395
8383680,7.981651306152344
8385088,7.903225898742676
8385744,7.9910712242126465
8388144,8.058035850524902
8389552,7.7272725105285645
8390064,7.909090995788574
8390800,7.692307472229004
8391712,7.645740032196045
8392832,7.880184173583984
8394224,7.828054428100586
8394256,7.7419352531433105
8395200,7.863636493682861
8396704,7.714931964874268
8397216,7.533632278442383
8397792,7.75
8400160,7.702702522277832
8401536,8.080357551574707
8402400,7.44343900680542
8402432,7.863636493682861
8403776,7.844444274902344
8404160,7.838428020477295
8404592,7.3287672996521
8405152,8.177778244018555
8406944,7.681818008422852
8407264,7.931818008422852
8407664,7.82110071182251
8408928,7.553191661834717
8409344,7.972972869873047
8410304,7.522522449493408
8412944,7.685184955596924
8413616,7.511312007904053
8414368,7.96380090713501
8414864,7.905405521392822
8417504,7.763157844543457
8420080,7.399103164672852
8423264,7.745535850524902
8423568,7.805429935455322
8424592,7.857142925262451
8424656,7.905405521392822
8425104,7.692307472229004
8425696,7.795454502105713
8426592,7.398190021514893
8427120,7.692307472229004
8428672,7.8378376960754395
8429680,7.828054428100586
8431648,7.408257007598877
8432144,7.590090274810791
8432432,7.648401737213135
8435104,7.782805442810059
8439840,7.5806450843811035
8440816,7.762557029724121
8444576,7.914798259735107
8447408,7.870370388031006
8447792,7.624434471130371
8447824,7.747747898101807
8449200,7.706421852111816
8449904,7.7727274894714355
8450288,7.770270347595215
8451232,7.568807125091553
8452112,7.7272725105285645
8453120,7.798165321350098
8456976,7.61061954498291
8457072,7.579185485839844
8457376,7.853881359100342
8460480,7.614678859710693
8461760,7.601809978485107
8462032,7.591742992401123
8463344,8.068181991577148
8463424,7.545044898986816
8464080,7.568807125091553
8465296,7.765486717224121
8465424,7.706421852111816
8465472,8.004484176635742
8468832,7.590090274810791
8468960,7.853881359100342
8469664,7.8378376960754395
8469968,7.885462760925293
8472624,7.614678859710693
8473920,7.831050395965576
8473984,7.808218955993652
8476144,7.757847309112549
8478112,7.981651306152344
8479584,7.681818008422852
8479776,7.647058963775635
8479792,7.657657623291016
8481008,7.6497697830200195
8482448,7.511415481567383
8482544,7.544247627258301
8483088,7.990867614746094
8483840,7.568807125091553
8484704,7.782805442810059
8486944,7.635135173797607
8488544,7.590909004211426
8488656,7.652582168579102
8489456,7.870370388031006
8490160,7.6027398109436035
8493728,7.636363506317139
8494864,7.6712327003479
8497184,7.669683456420898
8497312,7.363636493682861
8497456,7.659090995788574
8499264,7.798165321350098
8500832,7.922374248504639
8501120,7.443946361541748
8501536,7.579908847808838
8502368,7.644444465637207
8503680,7.6327433586120605
8503968,7.637614727020264
8504496,7.533936500549316
8504800,7.59825325012207
8505024,7.603686809539795
8505776,7.668161392211914
8506336,7.636363506317139
8507840,7.762557029724121
8507984,7.704545497894287
8510704,7.754629611968994
8511600,7.657657623291016
8513376,7.6027398109436035
8515168,7.706421852111816
8515296,6.904761791229248
8515376,7.808218955993652
8515488,7.545454502105713
8516192,7.692307472229004
8516208,7.568181991577148
8516640,7.601809978485107
8516992,7.800000190734863
8517760,7.577639579772949
8518656,7.782805442810059
8519888,7.939815044403076
8520560,7.725225448608398
8522272,7.652582168579102
8523488,7.455357074737549
8524064,7.669683456420898
8524064,7.706421852111816
8525856,7.65625
8526896,7.866666793823242
8526912,7.364864826202393
8527344,7.895927429199219
8528320,7.69767427444458
8529328,7.453703880310059
8531136,7.681818008422852
8532912,7.533632278442383
8534208,7.55555534362793
8534624,7.55760383605957
8536400,7.660550594329834
8537504,7.7272725105285645
8540016,7.808218955993652
8540080,7.69911527633667
8540528,7.7727274894714355
8541088,7.918551921844482
8543616,7.798165321350098
8544544,8.14220142364502
8545136,7.558685302734375
8545200,7.555066108703613
8546784,7.752293586730957
8547040,7.972350120544434
8547152,7.614678859710693
8547168,8.009049415588379
8547504,7.692307472229004
8548128,7.914798259735107
8548672,7.222222328186035
8548688,7.782805442810059
8550192,7.466367721557617
8550560,7.876712322235107
8551984,8.004587173461914
8553392,7.644444465637207
8553872,7.808218955993652
8554128,7.256637096405029
8554272,7.808218955993652
8555216,7.723214149475098
8557888,7.747747898101807
8558832,7.644444465637207
8559264,7.623318195343018
8559264,7.792792797088623
8562816,7.895927429199219
8563904,7.603686809539795
8564736,7.364864826202393
8565008,7.909090995788574
8566400,7.65625
8567616,7.860360145568848
8567856,7.603686809539795
8568288,7.613636493682861
8569552,7.648401737213135
8570080,7.863636493682861
8571040,8.102678298950195
8572976,7.96875
8573680,7.96875
8574608,7.815315246582031
8575136,7.792792797088623
8575552,8.027523040771484
8575584,8.082191467285156
8576656,8.076923370361328
8576848,7.706421852111816
8576960,7.695852756500244
8580272,7.792792797088623
8580496,7.7727274894714355
8582432,7.747747898101807
8582736,7.544247627258301
8583552,7.895927429199219
8585248,7.831050395965576
8587328,8.288288116455078
8590928,7.700892925262451
8590960,7.8318586349487305
8591184,7.782805442810059
8593072,7.660550594329834
8594256,7.7727274894714355
8594528,7.792792797088623
8595056,7.7727274894714355
8595920,7.937219619750977
8596576,7.75
8596704,7.47706413269043
8598000,7.870370388031006
8604880,7.805429935455322
8605136,7.857142925262451
8606864,7.723214149475098
8607200,7.590090274810791
8607312,7.9279279708862305
8607712,7.875
8610560,7.669683456420898
8610592,7.6339287757873535
8611360,8.039647102355957
8611872,7.626728057861328
8613392,7.614678859710693
8613920,7.511415481567383
8614112,7.71689510345459
8614912,7.737556457519531
8615456,7.545454502105713
8617488,7.882883071899414
8619184,7.909090995788574
8620992,7.637614727020264
8622560,7.926267147064209
8626048,7.695852756500244
8626176,7.544642925262451
8628320,7.931818008422852
8629840,7.8378376960754395
8631280,7.614678859710693
8631616,7.660550594329834
8631760,7.5227274894714355
8633344,7.765486717224121
8635712,7.579185485839844
8636592,7.534246444702148
8636768,7.8222222328186035
8637376,7.782805442810059
8637968,7.6497697830200195
8638688,7.840909004211426
8641536,7.725225448608398
8641632,7.342342376708984
8642288,7.8348212242126465
8642816,8.027523040771484
8643664,7.825112342834473
8644416,7.775229454040527
8645072,7.840909004211426
8645440,7.83410120010376
8647088,7.926267147064209
8647264,7.901785850524902
8647712,7.55656099319458
8648752,7.666666507720947
8648928,7.534562110900879
8649584,7.85067892074585
8650672,7.982062816619873
8654448,7.7272725105285645
8654880,7.647058963775635
8656848,7.558685302734375
8657952,7.911110877990723
8658064,7.866666793823242
8660816,7.719298362731934
8661360,8.022222518920898
8661728,7.853881359100342
8665200,7.662036895751953
8667392,7.792792797088623
8669056,7.798165321350098
8669904,8.036529541015625
8670800,7.454545497894287
8671040,7.929515361785889
8672320,8.198198318481445
8672928,7.931818008422852
8673824,7.828054428100586
8675040,7.909090995788574
8675648,7.647058963775635
8677216,7.6712327003479
8678112,7.488479137420654
8679216,7.702702522277832
8681424,7.990867614746094
8682176,7.8378376960754395
8683248,7.647058963775635
8684384,7.577777862548828
8686384,7.681818008422852
8690704,7.905405521392822
8691136,7.782805442810059
8691920,7.511312007904053
8692384,7.863636493682861
8694256,7.782805442810059
8695040,7.882883071899414
8695360,7.568807125091553
8696224,7.47706413269043
8697024,7.488479137420654
8697072,7.991266250610352
8702480,7.818181991577148
8705296,7.757847309112549
8705968,7.737556457519531
8706032,7.624434471130371
8707760,7.533632278442383
8709584,7.8222222328186035
8713152,8.018017768859863
8716080,7.938596725463867
8716368,7.579908847808838
8716768,7.8222222328186035
8716880,7.857142925262451
8718112,7.534246444702148
8718688,7.725225448608398
8718976,8.274335861206055
8720304,7.818181991577148
8720560,7.899543285369873
8720768,7.745535850524902
8721920,7.714931964874268
8723168,7.8240742683410645
8725280,7.886363506317139
8725392,7.962963104248047
8726512,7.657657623291016
8730768,7.795454502105713
8731152,8.105022430419922
8731312,7.75
8734544,7.962085247039795
8736096,7.892376899719238
8736144,7.798165321350098
8736352,7.844444274902344
8737152,8.177778244018555
8737952,7.926267147064209
8738336,7.8240742683410645
8742080,8.01369857788086
8743136,7.96380090713501
8743280,8.108108520507812
8743904,7.954545497894287
8744304,8.288288116455078
8744848,7.982062816619873
8745104,7.986425399780273
8745312,8.130630493164062
8745440,7.9772725105285645
8745600,7.876712322235107
8745728,7.681818008422852
8746464,7.972972869873047
8746768,7.83410120010376
8747392,8.018433570861816
8748080,8.071748733520508
8749264,7.931818008422852
8751552,7.8009257316589355
8753536,8.004484176635742
8753904,8.035714149475098
8755600,7.860360145568848
8755728,7.745535850524902
8756112,8.102678298950195
8758112,7.873302936553955
8759568,8.090909004211426
8761024,7.895927429199219
8762480,7.831050395965576
8763440,8.009049415588379
8765632,7.831050395965576
8768080,7.792792797088623
8768448,7.909090995788574
8768800,7.901785850524902
8769680,7.857142925262451
8770480,7.909090995788574
8772224,8.113636016845703
8773232,7.55656099319458
8775360,8.05309772491455
8777632,7.937219619750977
8779184,7.792792797088623
8779760,8.036529541015625
8780416,8.222222328186035
8780480,7.918551921844482
8782992,8.02690601348877
8783344,7.892376899719238
8783968,8.144796371459961
8784576,7.995495319366455
8786560,8.06306266784668
8789520,8.34080696105957
8791200,7.892376899719238
8791312,8.288888931274414
8794736,7.909090995788574
8795216,7.909090995788574
8797056,8.125
8797424,7.695852756500244
8797504,8.022727012634277
8798176,7.702702522277832
8799840,7.762557029724121
8800144,7.71689510345459
8800752,7.747747898101807
8801008,7.706421852111816
8803552,7.880184173583984
8803840,8.090909004211426
8804352,7.901785850524902
8805520,7.912844181060791
8810704,7.648401737213135
8811664,7.659090995788574
8812512,7.723214149475098
8813072,7.692307472229004
8815008,7.795454502105713
8815168,7.767857074737549
8816128,7.8222222328186035
8818576,7.73542594909668
8819744,7.96380090713501
8820176,7.488687992095947
8821376,7.951807022094727
8821792,7.680180072784424
8823248,7.795454502105713
8823328,7.737556457519531
8823648,7.5
8824864,7.863636493682861
8825072,7.916666507720947
8829184,7.613636493682861
8830384,7.55656099319458
8830448,7.8378376960754395
8830784,7.802690505981445
8831600,7.847533702850342
8832112,7.84403657913208
8832880,7.937219619750977
8834320,8.0
8835680,8.070175170898438
8837440,7.863636493682861
8838960,7.751091480255127
8839328,7.819383144378662
8839408,7.853535175323486
8840192,7.7419352531433105
8840640,7.972350120544434
8841408,7.5
8842256,7.9910712242126465
8848032,7.788018226623535
8848416,7.788018226623535
8849696,8.054298400878906
8850016,7.672811031341553
8851488,7.7419352531433105
8852960,7.706421852111816
8853232,7.995495319366455
8856336,7.981651306152344
8856576,7.886363506317139
8858560,7.82110071182251
8858624,7.644444465637207
8860288,7.880184173583984
8860352,7.568807125091553
8860416,7.589285850524902
8862240,8.0
8863664,8.206277847290039
8864192,7.7397260665893555
8864688,7.815315246582031
8865584,7.465753555297852
8869040,7.7419352531433105
8870064,7.669683456420898
8870960,7.85067892074585
8871360,7.777777671813965
8872560,7.762557029724121
8872720,7.840909004211426
8875840,7.7130045890808105
8876192,7.522522449493408
8877888,7.882883071899414
8878128,7.792792797088623
8878448,7.7130045890808105
8879440,7.6785712242126465
8881728,7.857142925262451
8883232,7.780269145965576
8883456,7.657657623291016
8884432,7.990867614746094
8887008,7.647058963775635
8887200,7.692307472229004
8888720,7.7901787757873535
8889168,7.692307472229004
8890288,7.71689510345459
8890400,7.612612724304199
8890528,7.918551921844482
8891584,7.6497697830200195
8891888,7.9279279708862305
8892208,7.706421852111816
8895072,7.733333110809326
8895536,7.797356605529785
8896432,7.757009506225586
8899072,7.7272725105285645
8899296,7.895927429199219
8899872,7.488789081573486
8901216,7.600896835327148
8902272,7.545044898986816
8902752,7.723214149475098
8903584,7.431818008422852
8903904,7.466367721557617
8904864,7.613636493682861
8905776,7.929515361785889
8906240,7.644444465637207
8906384,7.534246444702148
8906624,7.511520862579346
8908016,7.488789081573486
8908384,7.694064140319824
8909664,7.922374248504639
8910176,7.55656099319458
8911536,7.625570774078369
8912432,8.071748733520508
8915088,7.352941036224365
8915568,7.8378376960754395
8915920,7.534562110900879
8917296,8.099547386169434
8917568,7.96380090713501
8919072,7.706421852111816
8921376,7.764976978302002
8922128,7.886363506317139
8923120,7.959641456604004
8923440,7.615740776062012
8923792,7.873302936553955
8923936,7.591742992401123
8924112,7.669683456420898
8924128,7.955555438995361
8924384,7.785387992858887
8926192,7.770270347595215
8927696,7.488789081573486
8929360,7.386363506317139
8930704,7.442922592163086
8930832,7.96380090713501
8931040,7.659090995788574
8931232,7.579185485839844
8931280,7.668161392211914
8931440,7.568181991577148
8933232,7.5227274894714355
8933616,7.305935859680176
8933936,7.55760383605957
8934272,7.567567348480225
8934640,7.5
8935872,7.7397260665893555
8936752,7.7272725105285645
8940064,7.7130045890808105
8940352,7.723214149475098
8940352,7.399103164672852
8941472,7.7092509269714355
8942128,7.972972869873047
8942816,7.8222222328186035
8943344,7.636363506317139
8943632,7.972972869873047
8945520,7.6497697830200195
8945744,7.955555438995361
8949280,7.7727274894714355
8950912,7.44239616394043
8955904,7.638888835906982
8956176,7.889908313751221
8956992,7.729357719421387
8961168,7.669683456420898
8962112,7.8378376960754395
8962528,7.612612724304199
8962736,7.733333110809326
8963024,7.825112342834473
8963952,7.476851940155029
8964224,7.511111259460449
8964624,7.995391845703125
8965616,7.52293586730957
8965872,7.567567348480225
8967104,7.533936500549316
8968704,7.676990985870361
8970624,7.762557029724121
8971008,7.7397260665893555
8971280,7.762557029724121
8971312,7.659090995788574
8973888,7.431192874908447
8975408,7.692307472229004
8977088,7.612612724304199
8979088,7.743362903594971
8980768,7.911110877990723
8981728,7.5471696853637695
8982032,7.534246444702148
8982800,7.5227274894714355
8983536,7.488687992095947
8984000,7.5
8984976,7.3660712242126465
8985184,7.237442970275879
8985392,6.792452812194824
8988816,7.747747898101807
8989616,7.1621623039245605
8989888,7.704545497894287
8992400,7.599999904632568
8993328,7.6339287757873535
8993424,7.431818008422852
8994672,7.5227274894714355
8994752,7.8125
8998480,7.410714149475098
8999472,7.374429225921631
9002576,7.348837375640869
9004048,7.8125
9005344,7.5
9005472,7.59345817565918
9006800,7.5
9007376,7.146118640899658
9009312,7.345132827758789
9010880,7.408257007598877
9012400,7.660550594329834
9012544,7.522522449493408
9013872,7.692307472229004
9014944,7.398190021514893
9016000,7.375565528869629
9016080,7.704545497894287
9017424,7.511312007904053
9017488,7.613636493682861
9018480,7.5
9018720,7.409090995788574
9019888,7.704545497894287
9021008,7.333333492279053
9021808,7.590090274810791
9023296,7.32608699798584
9025744,7.4772725105285645
9026656,7.546296119689941
9028080,7.545454502105713
9028848,7.534246444702148
9029216,7.555066108703613
9029456,7.8125
9030832,7.13302755355835
9030864,8.154762268066406
9031648,7.96875
9032528,7.339449405670166
9033008,7.918551921844482
9035216,7.545044898986816
9037648,7.745535850524902
9037728,7.533632278442383
9039568,8.070175170898438
9039600,7.55656099319458
9039872,7.755555629730225
9040608,7.785387992858887
9040736,7.795454502105713
9043104,7.683486461639404
9044480,8.022222518920898
9044784,7.9279279708862305
9045024,8.008849143981934
9045200,7.533936500549316
9047024,7.668161392211914
9048288,7.488479137420654
9048368,7.399103164672852
9049488,7.802690505981445
9050320,7.8125
9053264,7.71689510345459
9054128,7.782805442810059
9055360,7.657657623291016
9056576,7.702702522277832
9057280,7.764976978302002
9058832,7.706421852111816
9060816,7.7727274894714355
9060992,7.730496406555176
9061152,7.83410120010376
9062400,7.770270347595215
9064992,7.6712327003479
9067344,7.702702522277832
9067904,7.795454502105713
9068528,7.818181991577148
9069568,7.454545497894287
9070176,7.690582752227783
9071584,7.533936500549316
9073744,7.590090274810791
9074480,8.031914710998535
9075248,7.690582752227783
9077328,7.914798259735107
9077968,7.623318195343018
9078224,7.911110877990723
9079232,7.422222137451172
9081536,7.815315246582031
9081824,7.700892925262451
9083456,7.386363506317139
9083712,7.873302936553955
9084304,8.139013290405273
9085136,7.9782609939575195
9086288,7.625570774078369
9087936,7.964601993560791
9089280,7.9452056884765625
9089824,7.681818008422852
9090560,7.305935859680176
9090720,7.798165321350098
9091504,7.71689510345459
9094992,7.7419352531433105
9096032,7.635135173797607
9096608,7.591742992401123
9096880,7.752293586730957
9097824,7.7727274894714355
9101408,7.982062816619873
9101456,7.5
9103200,7.802690505981445
9104976,7.770270347595215
9106464,7.657657623291016
9106480,7.909090995788574
9107264,7.601809978485107
9107632,7.760180950164795
9109136,7.873302936553955
9110032,8.090909004211426
9110848,7.73542594909668
9111104,7.767857074737549
9111536,7.747252941131592
9114640,7.590909004211426
9116784,7.788018226623535
9117136,7.612612724304199
9120128,7.7130045890808105
9121744,7.52293586730957
9122288,7.7727274894714355
9126816,7.922374248504639
9127520,7.688889026641846
9128128,7.7727274894714355
9128656,7.941176414489746
9128784,8.018017768859863
9130864,7.828054428100586
9132432,7.702702522277832
9133888,7.798165321350098
9134848,7.6712327003479
9135888,7.752293586730957
9135888,7.82110071182251
9136880,7.3972601890563965
9138816,7.885462760925293
9139296,7.432432651519775
9139488,7.6785712242126465
9139504,7.723214149475098
9141888,7.5
9143008,7.52293586730957
9145440,7.847533702850342
9147520,7.805429935455322
9148656,7.71689510345459
9150624,7.647058963775635
9154176,7.55656099319458
9154896,7.601809978485107
9155152,7.714931964874268
9156064,7.601809978485107
9157136,7.782805442810059
9157280,7.647058963775635
9157376,7.5223212242126465
9160752,7.644444465637207
9161216,7.731481552124023
9163504,7.853881359100342
9163664,7.972972869873047
9164400,7.687224864959717
9164912,7.918551921844482
9165312,7.723214149475098
9165584,7.9464287757873535
9166416,7.863636493682861
9166752,7.648401737213135
9167056,7.828054428100586
9168384,7.96380090713501
9168448,7.75
9168752,7.733644962310791
9170320,7.770270347595215
9171408,7.909090995788574
9171504,7.657657623291016
9171968,7.853881359100342
9172720,7.7272725105285645
9173808,7.55760383605957
9174272,7.747747898101807
9175024,7.624434471130371
9176432,7.692307472229004
9177712,7.818181991577148
9177776,7.7876105308532715
9178640,7.757847309112549
9180960,7.83410120010376
9180976,7.792792797088623
9181456,7.723214149475098
9182064,7.692307472229004
9182096,7.442922592163086
9183584,7.986425399780273
9184272,7.659090995788574
9184928,7.955555438995361
9185648,7.55656099319458
9186880,7.55656099319458
9188448,7.579908847808838
9191712,7.6785712242126465
9191968,7.853881359100342
9193104,7.613636493682861
9193488,7.466960430145264
9194960,7.847222328186035
9197856,7.590909004211426
9199120,7.544642925262451
9200320,7.533632278442383
9200688,7.7130045890808105
9202224,7.579908847808838
9202352,7.831050395965576
9202736,7.788018226623535
9204592,8.0
9205040,7.802690505981445
9206320,7.692307472229004
9206912,7.990867614746094
9212128,7.729357719421387
9212768,7.511312007904053
9212848,7.386363506317139
9212880,7.681818008422852
9213968,7.828054428100586
9215472,7.590909004211426
9217088,7.733333110809326
9217648,7.466063499450684
9219088,7.8222222328186035
9220592,7.792792797088623
9221728,7.590909004211426
9221760,7.534246444702148
9223360,7.706421852111816
9223824,7.488479137420654
9224160,7.612612724304199
9226896,7.5227274894714355
9226992,7.818181991577148
9227104,7.566964149475098
9228528,7.660550594329834
9228752,7.362385272979736
9228784,7.990867614746094
9231184,7.899543285369873
9231632,7.797356605529785
9235840,7.659090995788574
9237616,7.692307472229004
9238368,7.601809978485107
9238928,7.844444274902344
9239808,7.680180072784424
9240384,7.659090995788574
9242944,7.385321140289307
9243824,7.737556457519531
9244752,7.522522449493408
9245040,7.825112342834473
9245472,7.780269145965576
9248320,7.770270347595215
9249056,7.73542594909668
9250336,7.954545497894287
9250480,7.340909004211426
9251760,7.69911527633667
9252672,7.511111259460449
9253184,7.700892925262451
9253216,7.614678859710693
9254048,7.545044898986816
9254768,8.209877014160156
9256256,7.982062816619873
9257152,7.795454502105713
9258624,7.644444465637207
9260304,7.818181991577148
9261168,7.522522449493408
9262160,7.636363506317139
9264272,7.647058963775635
9264416,7.5
9265408,7.47787618637085
9271920,7.5333333015441895
9272080,7.9141106605529785
9272576,7.611607074737549
9273648,7.305935859680176
9275552,7.6327433586120605
9276592,7.281105995178223
9277232,7.511210918426514
9277712,7.72123908996582
9277952,7.924107074737549
9278528,7.73542594909668
9278720,7.745535850524902
9279072,7.648401737213135
9279136,7.681818008422852
9279456,7.688889026641846
9281472,7.465753555297852
9281776,7.792792797088623
9282048,7.6712327003479
9283728,7.7272725105285645
9284416,7.804878234863281
9284752,7.752293586730957
9287632,7.55656099319458
9287952,7.85067892074585
9287984,7.815315246582031
9289376,7.669683456420898
9289792,7.488687992095947
9292912,7.863636493682861
9293392,7.96875
9294800,7.9279279708862305
9295056,7.941176414489746
9295664,7.6027398109436035
9296880,7.788018226623535
9296880,7.831050395965576
9297040,7.788018226623535
9298656,7.5333333015441895
9299936,7.737556457519531
9300944,7.825112342834473
9302192,7.600896835327148
9304048,7.909090995788574
9304304,7.990867614746094
9306512,7.831050395965576
9311184,8.018433570861816
9311184,8.04932689666748
9311392,8.099547386169434
9311920,7.613636493682861
9313616,7.860360145568848
9313952,7.635135173797607
9314656,7.8222222328186035
9314704,8.219178199768066
9314752,7.882883071899414
9315104,7.880184173583984
9316400,7.955555438995361
9317392,8.290597915649414
9319920,8.082191467285156
9320688,8.054298400878906
9321024,7.818181991577148
9323712,7.840909004211426
9324320,7.866666793823242
9325696,8.008849143981934
9327856,7.863636493682861
9328848,7.7419352531433105
9328928,7.931818008422852
9331376,7.853881359100342
9331648,7.895927429199219
9332464,7.909090995788574
9334000,8.054298400878906
9334224,7.7130045890808105
9334240,8.018433570861816
9334944,7.657657623291016
9336320,7.808218955993652
9337568,8.04054069519043
9337760,7.886363506317139
9337776,7.7727274894714355
9338384,7.937219619750977
9340592,7.914798259735107
9342464,7.96380090713501
9343824,7.895927429199219
9345008,8.071748733520508
9347008,7.770270347595215
9350848,7.7419352531433105
9351728,7.729357719421387
9352064,7.954545497894287
9354352,7.86697244644165
9355632,7.798165321350098
9357328,7.914798259735107
9359104,7.986111164093018
9360080,7.840909004211426
9360432,7.888888835906982
9362048,7.954545497894287
9363312,7.909090995788574
9363824,8.018017768859863
9364384,7.870370388031006
9364752,7.802690505981445
9364960,7.785387992858887
9367984,7.737556457519531
9368928,7.818181991577148
9370976,7.690582752227783
9371072,7.680180072784424
9371536,8.009049415588379
9373440,7.708333492279053
9374496,7.899543285369873
9376368,7.7092509269714355
9378768,7.901785850524902
9379168,7.882883071899414
9380560,8.144796371459961
9384080,7.840909004211426
9385040,7.752293586730957
9385920,7.800000190734863
9389824,8.0
9392048,7.6497697830200195
9395536,7.972350120544434
9396544,7.454128265380859
9396640,7.7397260665893555
9399024,7.841409683227539
9399072,7.835497856140137
9399104,7.972972869873047
9399936,7.626728057861328
9400000,7.886363506317139
9400992,7.5
9403488,7.880184173583984
9403696,7.690582752227783
9403872,7.625570774078369
9407008,7.795454502105713
9407312,7.666666507720947
9407312,7.65625
9408704,7.660550594329834
9409504,7.75
9409792,7.798165321350098
9410576,7.905405521392822
9410880,7.8378376960754395
9412160,7.906976699829102
9412192,7.695852756500244
9412512,8.008849143981934
9416544,7.782805442810059
9417616,7.688889026641846
9417920,7.972972869873047
9418176,7.83410120010376
9418640,7.857142925262451
9421680,7.752293586730957
9422560,7.590909004211426
9423936,7.754629611968994
9424608,7.899543285369873
9424976,7.880184173583984
9425760,7.7130045890808105
9428176,7.7272725105285645
9433728,7.737556457519531
9435616,8.018017768859863
9435760,7.522522449493408
9436960,7.857142925262451
9437088,7.825112342834473
9438272,7.533632278442383
9439168,7.918551921844482
9439408,7.7312774658203125
9439936,7.557077407836914
9440544,7.7130045890808105
9440816,7.7727274894714355
9443248,7.909090995788574
9443456,7.6027398109436035
9444336,7.579908847808838
9445168,7.612612724304199
9445424,7.511312007904053
9445920,7.544642925262451
9446176,7.647058963775635
9446384,7.659090995788574
9446976,7.534246444702148
9447840,7.408257007598877
9449696,7.557077407836914
9450560,7.892376899719238
9451200,7.566964149475098
9451264,7.8125
9451392,7.96380090713501
9453184,7.719298362731934
9453456,7.625570774078369
9454752,8.099547386169434
9455808,7.893518447875977
9456464,7.899543285369873
9456736,7.601809978485107
9456944,7.9493088722229
9458512,8.013392448425293
9459264,7.860465049743652
9459504,7.798165321350098
9460496,7.922374248504639
9461808,7.7397260665893555
9466576,7.745535850524902
9467584,7.82110071182251
9468208,7.732919216156006
9469664,7.926267147064209
9470048,8.009259223937988
9473744,7.876712322235107
9475296,7.681818008422852
9477184,7.802690505981445
9478672,7.941176414489746
9479552,7.935780048370361
9480288,7.5
9481728,7.981651306152344
9483072,7.694064140319824
9485552,7.6785712242126465
9486576,7.889908313751221
9488544,8.064516067504883
9488848,7.82110071182251
9490992,7.861635208129883
9491456,7.737556457519531
9491456,7.935780048370361
9494480,7.623318195343018
9495008,7.941176414489746
9496416,7.860465049743652
9497232,7.831050395965576
9497280,7.982062816619873
9498416,8.202764511108398
9498592,7.802690505981445
9501568,7.863636493682861
9503312,7.933333396911621
9504448,7.937219619750977
9507056,8.090909004211426
9507936,7.757847309112549
9509184,7.660550594329834
9509232,7.825112342834473
9509744,7.889908313751221
9511504,8.004587173461914
9511520,7.825112342834473
9512208,7.9279279708862305
9512768,7.982062816619873
9513904,7.590909004211426
9515072,7.396313190460205
9515792,7.600896835327148
9521664,8.125
9522800,7.5806450843811035
9523552,7.816594123840332
9524464,7.71689510345459
9524944,7.590090274810791
9525792,7.924107074737549
9526352,7.895927429199219
9528016,7.918551921844482
9528128,7.6785712242126465
9530272,7.762557029724121
9530512,7.454128265380859
9531312,7.847222328186035
9532048,7.918551921844482
9534192,8.018017768859863
9535056,7.615740776062012
9537488,7.853881359100342
9537728,8.181818008422852
9540944,7.737556457519531
9542464,7.6339287757873535
9542688,8.054298400878906
9543632,7.668161392211914
9544128,7.853881359100342
9544720,7.889908313751221
9546368,7.8348212242126465
9546752,7.863636493682861
9548368,7.777777671813965
9550304,7.873302936553955
9551760,7.831050395965576
9552080,7.8222222328186035
9552864,7.9452056884765625
9553504,7.7130045890808105
9555136,7.708333492279053
9558256,7.681818008422852
9558800,7.52293586730957
9558944,7.672811031341553
9559872,7.568807125091553
9561264,7.905405521392822
9562928,7.8348212242126465
9564880,7.659090995788574
9566112,7.643171787261963
9567728,7.909090995788574
9568160,7.869955062866211
9568256,7.7419352531433105
9569376,7.764976978302002
9569952,7.373271942138672
9571264,7.818181991577148
9574768,7.82110071182251
9578912,7.4772725105285645
9579008,7.958715438842773
9581040,7.752293586730957
9581440,7.6086955070495605
9583472,7.647058963775635
9585152,7.888888835906982
9585984,7.828054428100586
9587056,7.892376899719238
9587120,7.909090995788574
9587280,8.071748733520508
9588176,7.590909004211426
9589040,7.922374248504639
9589552,8.153153419494629
9589616,7.981651306152344
9590864,7.892376899719238
9591632,7.935780048370361
9591728,8.009049415588379
9592256,7.9347825050354
9592528,7.880184173583984
9593424,7.805429935455322
9593696,8.026315689086914
9593792,8.054298400878906
9595232,7.935780048370361
9596704,8.027523040771484
9598768,8.045454978942871
9601344,7.9452056884765625
9601360,7.636363506317139
9602288,8.325892448425293
9603840,7.901785850524902
9604144,8.190045356750488
9604496,7.853982448577881
9604896,8.167420387268066
9606880,8.0
9608032,7.899543285369873
9608480,8.071748733520508
9609920,8.027523040771484
9610432,7.986425399780273
9610944,8.009049415588379
9611632,8.080357551574707
9611984,7.828054428100586
9614528,8.004484176635742
9615456,7.880184173583984
9615504,8.287671089172363
9617008,8.080357551574707
9618064,8.0
9619024,7.922374248504639
9620016,7.828054428100586
9624160,8.018017768859863
9624992,7.969432353973389
9625136,7.9452056884765625
9625296,8.113207817077637
9625680,7.805429935455322
9625792,8.264840126037598
9626896,8.310502052307129
9627680,8.127854347229004
9629424,7.8318586349487305
9629664,8.173516273498535
9630480,7.7130045890808105
9632224,8.136363983154297
9634864,8.1614351272583
9635744,8.173516273498535
9636304,8.090909004211426
9637648,8.0316743850708
9639296,7.818181991577148
9645360,7.82110071182251
9647456,7.567567348480225
9648944,8.116591453552246
9649936,8.287671089172363
9651408,7.627906799316406
9651936,8.018017768859863
9651952,7.702702522277832
9652464,7.6027398109436035
9654208,7.9464287757873535
9657616,7.9279279708862305
9658032,7.6497697830200195
9658560,7.777777671813965
9662032,7.700534820556641
9662512,7.937219619750977
9664240,7.880184173583984
9666672,8.045454978942871
9668544,8.082191467285156
9669120,7.892376899719238
9672832,7.965367794036865
9673184,7.9772725105285645
9673824,7.990867614746094
9675392,7.6712327003479
9675760,7.544642925262451
9678304,7.579908847808838
9679264,7.75
9679408,7.929515361785889
9679968,8.202764511108398
9680224,7.636363506317139
9680240,7.941176414489746
9680432,7.968036651611328
9680944,8.035714149475098
9682528,7.522522449493408
9684032,7.924107074737549
9686160,7.743362903594971
9687120,7.7130045890808105
9687920,7.592592716217041
9689568,7.488789081573486
9690448,7.603686809539795
9691504,7.534246444702148
9693472,7.782805442810059
9694304,7.926267147064209
9697072,7.683486461639404
9697824,8.071748733520508
9697856,7.729357719421387
9698272,7.912844181060791
9698944,7.669683456420898
9700400,7.625570774078369
9701888,8.155555725097656
9701920,7.752293586730957
9704016,7.955555438995361
9704864,7.83410120010376
9704976,7.9452056884765625
9705648,7.612612724304199
9707232,7.660550594329834
9707744,7.6497697830200195
9707872,7.9452056884765625
9708688,7.707423686981201
9709056,7.566371917724609
9711360,7.762557029724121
9711360,7.83410120010376
9711728,7.782805442810059
9712576,7.762557029724121
9716128,7.762557029724121
9718224,8.035714149475098
9718368,8.096330642700195
9721808,7.797356605529785
9722688,8.058035850524902
9725296,7.7419352531433105
9725712,7.916666507720947
9725968,7.731481552124023
9727040,7.688889026641846
9729376,7.763157844543457
9730576,7.725225448608398
9732400,7.718894004821777
9733376,8.108108520507812
9733808,7.899543285369873
9733872,7.762557029724121
9734128,7.747747898101807
9735872,8.125
9736208,7.972972869873047
9736576,7.922374248504639
9737376,8.096330642700195
9739232,7.6497697830200195
9744560,7.882883071899414
9744816,7.8318586349487305
9746624,7.84403657913208
9752320,7.954545497894287
9755280,7.954545497894287
9757872,7.935780048370361
9759232,8.083700180053711
9759888,8.206277847290039
9763488,7.767857074737549
9764256,8.113636016845703
9764848,7.885462760925293
9765520,8.0
9768352,7.660550594329834
9768576,7.657657623291016
9769920,7.8378376960754395
9771360,8.1614351272583
9771808,7.860465049743652
9771856,8.1614351272583
9772112,8.018017768859863
9773024,8.144796371459961
9773088,7.889908313751221
9774848,7.825112342834473
9774976,8.0
9778464,7.866666793823242
9778864,7.899543285369873
9780160,8.113636016845703
9782832,8.153153419494629
9784752,7.866666793823242
9785664,7.853881359100342
9786000,7.950450420379639
9788256,7.958715438842773
9789760,8.06306266784668
9792736,7.614678859710693
9796736,8.133333206176758
9799888,7.96380090713501
9803760,7.818181991577148
9803792,7.454545497894287
9804608,7.795454502105713
9806960,7.647058963775635
9808384,8.0
9812032,7.752293586730957
9812624,7.636363506317139
9814128,7.692307472229004
9815456,7.718894004821777
9815568,7.818181991577148
9816944,7.659090995788574
9817856,7.706421852111816
9820560,7.800000190734863
9821232,7.972972869873047
9821488,7.899543285369873
9821536,8.125
9822576,7.860360145568848
9822672,7.723214149475098
9823280,7.9910712242126465
9823632,7.534246444702148
9824352,7.815315246582031
9824992,7.792792797088623
9825248,7.568807125091553
9825296,7.953488349914551
9827136,7.614678859710693
9829680,7.882883071899414
9829744,7.603686809539795
9831808,7.7397260665893555
9832064,7.782805442810059
9832464,7.990867614746094
9833232,7.692307472229004
9835680,7.879464149475098
9835952,7.880184173583984
9838096,7.737556457519531
9839024,7.6712327003479
9842080,7.706421852111816
9842528,7.637614727020264
9843072,7.760180950164795
9844768,7.690582752227783
9845696,7.733333110809326
9846288,7.847533702850342
9848528,7.96380090713501
9849504,7.8348212242126465
9849712,7.899543285369873
9851904,8.125
9852096,8.108108520507812
9852736,7.9452056884765625
9858112,7.889908313751221
9860624,8.071748733520508
9861664,7.96380090713501
9864032,7.96380090713501
9864480,7.818181991577148
9865168,7.614678859710693
9866368,7.647058963775635
9866400,7.752293586730957
9866416,7.889908313751221
9866912,7.723214149475098
9867376,7.755555629730225
9867536,7.84403657913208
9867680,8.32579231262207
9869664,7.802690505981445
9870064,7.885462760925293
9870448,7.681818008422852
9872352,7.733333110809326
9873312,7.841409683227539
9873632,7.950450420379639
9874528,7.591742992401123
9876736,7.782608509063721
9877168,7.5227274894714355
9878160,8.185840606689453
9878384,7.782805442810059
9878688,7.9452056884765625
9879280,7.625570774078369
9880736,8.018017768859863
9881552,7.873302936553955
9881920,7.9279279708862305
9885680,7.6712327003479
9885904,7.920353889465332
9887808,7.9452056884765625
9887872,7.818181991577148
9891024,7.899543285369873
9891424,7.986425399780273
9892464,7.905405521392822
9893088,7.802690505981445
9895136,8.119266510009766
9895712,7.6712327003479
9895936,7.972972869873047
9897328,8.288888931274414
9898352,7.9452056884765625
9899456,7.853881359100342
9899808,7.84403657913208
9900832,7.798165321350098
9901888,7.889908313751221
9902352,7.995495319366455
9902768,7.9279279708862305
9904336,8.103447914123535
9905440,7.9452056884765625
9905968,7.955555438995361
9907312,8.082191467285156
9909520,8.190045356750488
9912496,7.534246444702148
9913472,7.863636493682861
9915056,8.108108520507812
9916480,7.892376899719238
9917264,8.102678298950195
9917488,7.782805442810059
9918592,7.863636493682861
9923504,7.762557029724121
9924304,7.636363506317139
9924336,7.757847309112549
9925104,7.818181991577148
9927472,7.792792797088623
9927952,7.579908847808838
9928656,7.918551921844482
9929248,7.708333492279053
9930128,7.6497697830200195
9932752,7.706421852111816
9934704,7.672811031341553
9935024,7.636363506317139
9935728,7.702702522277832
9936400,7.725225448608398
9938528,7.84403657913208
9938544,7.86697244644165
9938608,8.116591453552246
9939968,7.702702522277832
9941648,7.968036651611328
9943424,7.777777671813965
9945312,8.018433570861816
9947072,7.819383144378662
9948224,8.202764511108398
9948848,7.7272725105285645
9950528,7.912844181060791
9950816,7.82608699798584
9951552,7.7727274894714355
9952000,7.972972869873047
9952352,7.981651306152344
9954032,7.935780048370361
9954144,8.054298400878906
9955072,7.762557029724121
9956576,8.071748733520508
9958032,7.747747898101807
9959168,7.847533702850342
9959296,7.986425399780273
9959520,7.805429935455322
9961408,7.922374248504639
9962224,8.02690601348877
9962368,7.7876105308532715
9966288,7.831050395965576
9966608,8.009049415588379
9966864,8.041474342346191
9967504,7.85067892074585
9971904,7.866666793823242
9972848,7.895927429199219
9973392,7.767857074737549
9976448,7.6339287757873535
9976592,7.792792797088623
9977008,8.073394775390625
9979120,7.660550594329834
9979408,7.9279279708862305
9980448,7.782805442810059
9980816,7.737556457519531
9982656,7.954545497894287
9987824,7.929515361785889
9988112,7.798165321350098
9989840,7.869955062866211
9991344,7.808218955993652
9992224,8.082191467285156
9992864,7.831050395965576
9993248,8.027523040771484
9993392,7.918551921844482
9993552,8.06306266784668
9994224,7.805429935455322
