step,value
320,0.0723538026213646
384,0.06541892141103745
688,0.0751265436410904
688,0.05939244478940964
784,0.07382598519325256
816,0.08645201474428177
864,0.05897116661071777
960,0.08882737904787064
1040,0.06839469820261002
1248,0.054477956146001816
1264,0.07748761028051376
1344,0.06336706131696701
1472,0.06830605119466782
1584,0.06409081816673279
1616,0.07602928578853607
1744,0.08491136133670807
1904,0.07731378078460693
1968,0.07154034823179245
2096,0.07647018134593964
2192,0.0773492231965065
2336,0.07803826034069061
2464,0.07555681467056274
2560,0.0876043438911438
2672,0.06151194125413895
2688,0.07974550873041153
2976,0.07407697290182114
3008,0.06638321280479431
3008,0.07419219613075256
3184,0.07860913872718811
3504,0.06241689622402191
3552,0.05934532731771469
3808,0.07478876411914825
3872,0.05800928175449371
3904,0.05108048766851425
4016,0.07963640987873077
4080,0.07528553158044815
4096,0.07495374977588654
4224,0.07656042277812958
4336,0.0636373907327652
4480,0.0851309597492218
4576,0.09633532166481018
4624,0.07835139334201813
4800,0.058882515877485275
4912,0.06459363549947739
5264,0.06698541343212128
5312,0.063487708568573
5520,0.07727500051259995
5616,0.07250005751848221
5664,0.060069337487220764
5712,0.0916973128914833
5920,0.06627122312784195
5984,0.06587929278612137
6000,0.062162794172763824
6032,0.06627844274044037
6112,0.07783963531255722
6144,0.07936771214008331
6208,0.07433638721704483
6272,0.0829409584403038
6352,0.06648419052362442
6496,0.0565904900431633
6688,0.06052880361676216
6992,0.05644300952553749
7232,0.08142296224832535
7232,0.09527791291475296
7696,0.07036503404378891
7760,0.078387051820755
8016,0.1016835942864418
8304,0.06563398241996765
8336,0.09413798898458481
8496,0.07584743201732635
8528,0.07420961558818817
8688,0.07645765691995621
8976,0.05535378307104111
9072,0.06550607085227966
9120,0.08235345780849457
9248,0.08526796847581863
9264,0.06529805064201355
9360,0.07513748109340668
9488,0.0725005716085434
9488,0.06396175175905228
9792,0.05563511699438095
10128,0.07672097533941269
10320,0.07348550856113434
10400,0.08141665905714035
10512,0.07363446056842804
10544,0.06307917088270187
10576,0.0967361256480217
10816,0.04865469038486481
10912,0.0734257847070694
10976,0.07377468049526215
11232,0.07430803775787354
11376,0.08136571198701859
11376,0.07744701951742172
11392,0.06611069291830063
11600,0.0793573409318924
11712,0.08007092028856277
11824,0.09471588581800461
12000,0.07883652299642563
12160,0.07423615455627441
12352,0.06956334412097931
12448,0.08047697693109512
12480,0.07869583368301392
12736,0.05837003141641617
12832,0.0828239768743515
13312,0.07772917300462723
13472,0.06592295318841934
13584,0.07014691084623337
13680,0.06310787051916122
13808,0.11640215665102005
14080,0.07034306228160858
14320,0.07025834918022156
14432,0.048976242542266846
14544,0.07563043385744095
14720,0.07790573686361313
14928,0.07788893580436707
14976,0.07604677230119705
15232,0.059165362268686295
15488,0.06485921889543533
15616,0.07347891479730606
15696,0.06601528823375702
15888,0.08359099179506302
15904,0.08351457864046097
15968,0.06929846107959747
16272,0.08149311691522598
16432,0.06510066241025925
16464,0.07548444718122482
16688,0.06205723434686661
16704,0.06404434889554977
16752,0.0775512307882309
16992,0.09863395243883133
17136,0.05245114862918854
17408,0.08026907593011856
17584,0.07774107158184052
17728,0.0555105097591877
17840,0.056345295161008835
17952,0.05940426141023636
17968,0.0709804967045784
18016,0.08579158037900925
18144,0.09182805567979813
18240,0.06722871959209442
18304,0.05153430253267288
18352,0.07455755770206451
18816,0.06387490779161453
19040,0.0940927043557167
19344,0.08134297281503677
19376,0.06708534061908722
19392,0.06400604546070099
19424,0.06558619439601898
19472,0.06583067774772644
19920,0.07060274481773376
20064,0.06321554630994797
20144,0.06040727719664574
20304,0.050367433577775955
20592,0.0785161629319191
20768,0.07179559767246246
20816,0.08715708553791046
20992,0.06484446674585342
21072,0.07309436053037643
21168,0.07764402031898499
21312,0.06411252170801163
21392,0.07356224209070206
21408,0.07889074832201004
21520,0.07499980181455612
21744,0.07381325215101242
21856,0.06082236394286156
22192,0.07884496450424194
22336,0.08332289010286331
22528,0.06627736985683441
22576,0.06635531783103943
22880,0.07719641923904419
22960,0.05519508942961693
23040,0.07149197161197662
23168,0.07536527514457703
23200,0.06412958353757858
23200,0.0841786190867424
23280,0.06698842346668243
23536,0.0740947499871254
23552,0.07726375013589859
23600,0.09375732392072678
23712,0.06411199271678925
23744,0.06444497406482697
23888,0.087179996073246
23904,0.08125346153974533
24112,0.0884600356221199
24128,0.06400730460882187
24224,0.07486129552125931
24352,0.07538659125566483
24400,0.06493362784385681
24528,0.06576590985059738
24528,0.09277947247028351
24656,0.06377479434013367
24720,0.07142169773578644
24848,0.07065519690513611
25088,0.07864948362112045
25136,0.08343765139579773
25440,0.0641239732503891
25568,0.07086202502250671
25712,0.04837603121995926
25760,0.0667676031589508
25776,0.0752083957195282
26048,0.06914617866277695
26448,0.08014064282178879
26512,0.04908394813537598
26816,0.08035795390605927
26912,0.10230351239442825
27264,0.0704272985458374
27264,0.0825023502111435
27520,0.08748619258403778
27568,0.07547563314437866
27632,0.06989367306232452
27744,0.07027337700128555
27984,0.08232247084379196
28272,0.06542883813381195
28368,0.07444524019956589
28480,0.06025708094239235
28832,0.09290434420108795
28896,0.06460121273994446
29008,0.04743177816271782
29088,0.08917916566133499
29216,0.07172050327062607
29520,0.06552284955978394
29584,0.06905819475650787
29616,0.061574820429086685
29632,0.05579466372728348
29680,0.05516844242811203
29904,0.07658068090677261
29920,0.09322045743465424
29920,0.09603001177310944
29936,0.07068690657615662
30080,0.06328625977039337
30224,0.08575732260942459
30288,0.09241891652345657
30464,0.08468849211931229
30496,0.06964001804590225
30848,0.08802963048219681
30928,0.05667717009782791
31328,0.08069072663784027
31440,0.0771743580698967
31536,0.07899367809295654
31536,0.0792926475405693
31840,0.06960723549127579
32160,0.06949520856142044
32480,0.08853606879711151
32624,0.0580078586935997
33024,0.07676196843385696
33104,0.08417031168937683
33280,0.07610185444355011
33376,0.08168111741542816
33600,0.06902003288269043
33808,0.10397069901227951
34048,0.09236026555299759
34640,0.09341660141944885
34656,0.09980260580778122
34784,0.06630218029022217
35392,0.056019995361566544
35392,0.0743064135313034
35504,0.07588427513837814
35680,0.06795516610145569
36336,0.07734113931655884
36352,0.06951376050710678
36384,0.07330343872308731
36416,0.07672794163227081
36560,0.08239011466503143
36624,0.06672752648591995
36656,0.06176863610744476
36736,0.08726600557565689
36784,0.07542551308870316
37056,0.09628568589687347
37104,0.06424955278635025
37328,0.09538483619689941
37408,0.0866033285856247
37648,0.07060268521308899
38128,0.06808891147375107
38240,0.07421984523534775
38336,0.04366679489612579
38384,0.056545060127973557
38448,0.06325261294841766
38608,0.0671662986278534
38720,0.0625501275062561
38752,0.09160257130861282
38768,0.10149163007736206
38832,0.07104925811290741
39056,0.08123433589935303
39104,0.06399135291576385
39136,0.07614706456661224
39280,0.06804298609495163
39424,0.08653584867715836
39456,0.06592477858066559
40000,0.07247006893157959
40112,0.05520172044634819
40240,0.08208653330802917
40320,0.06381841003894806
40416,0.06171343848109245
40592,0.07120484113693237
40608,0.06387452036142349
40624,0.0772789865732193
40736,0.0968032032251358
40768,0.061609089374542236
40880,0.06614070385694504
41104,0.08036380261182785
41264,0.046017926186323166
41344,0.10641545057296753
41744,0.09607843309640884
41824,0.07145392149686813
41856,0.08334442228078842
41872,0.058524735271930695
42432,0.10612723231315613
42560,0.07057026028633118
43024,0.07491031289100647
43088,0.08404072374105453
43296,0.047077544033527374
43424,0.06498619168996811
43472,0.07552726566791534
43616,0.07608813792467117
43632,0.07015836983919144
43904,0.057587895542383194
43920,0.08941977471113205
44032,0.06912758946418762
44208,0.06516323983669281
44240,0.08369484543800354
44560,0.10100149363279343
44576,0.07080075144767761
44592,0.06384003162384033
44624,0.08266367763280869
44752,0.07379818707704544
44800,0.0929970070719719
45008,0.07137847691774368
45136,0.04282597824931145
45168,0.07876608520746231
45216,0.09476932883262634
45232,0.08280760794878006
45248,0.06158117949962616
45328,0.05003880336880684
45424,0.07574290782213211
45536,0.0832519605755806
45568,0.092265784740448
45680,0.05687958747148514
45824,0.06844556331634521
46112,0.07392209023237228
46288,0.07414103299379349
46416,0.06564982235431671
46416,0.10701274126768112
46448,0.07497753202915192
46544,0.06096780672669411
46688,0.0781659483909607
46720,0.07901167869567871
46928,0.10116712003946304
47056,0.09663999825716019
47120,0.05602123215794563
47152,0.09106270968914032
47280,0.08932652324438095
47344,0.07929142564535141
47360,0.08198908716440201
47744,0.06742366403341293
48128,0.08041421324014664
48320,0.08120953291654587
48496,0.05162500590085983
48640,0.05782701075077057
48656,0.04420021176338196
48736,0.06847361475229263
48816,0.07571741193532944
48896,0.054825808852910995
48944,0.0754496306180954
49040,0.07587426155805588
49152,0.07264641672372818
49216,0.0744662806391716
49488,0.07887519896030426
49488,0.09903279691934586
49600,0.06180298328399658
49664,0.08215127885341644
49888,0.06870416551828384
49904,0.06894871592521667
49952,0.064022958278656
50048,0.06632198393344879
50096,0.08041437715291977
50144,0.10609885305166245
50304,0.07126010954380035
50416,0.08514723926782608
50528,0.07562387734651566
50640,0.06615988910198212
50992,0.06076221913099289
51088,0.0762219950556755
51296,0.04597849026322365
51584,0.08193197101354599
52000,0.07068893313407898
52016,0.07191391289234161
52336,0.07105489075183868
52464,0.07786504179239273
52752,0.06502483040094376
52816,0.098232701420784
52880,0.0778471976518631
52896,0.09917200356721878
53120,0.07539089024066925
53568,0.07906205207109451
53792,0.060117390006780624
53888,0.0809626504778862
54272,0.06770750135183334
54272,0.09978964179754257
54352,0.08409325778484344
54576,0.0772344097495079
54624,0.0829169824719429
54848,0.09534924477338791
54992,0.09378878027200699
55520,0.07214958965778351
55584,0.10160695016384125
55728,0.08831056207418442
55744,0.09250399470329285
56144,0.0669616237282753
56560,0.08106139302253723
56848,0.08291525393724442
56944,0.08563298732042313
56976,0.10126416385173798
57056,0.06382597237825394
57184,0.07042289525270462
57328,0.07229620963335037
57568,0.07507771253585815
57600,0.07111237198114395
57744,0.09009340405464172
57920,0.08620677143335342
57984,0.08959096670150757
58112,0.07491113245487213
58256,0.07763375341892242
58304,0.06958049535751343
58608,0.06642366945743561
58624,0.07433298975229263
58656,0.06973057985305786
58976,0.0646243765950203
59008,0.10515215247869492
59136,0.08347424119710922
59376,0.07165748625993729
59584,0.06567251682281494
60016,0.0744323879480362
60096,0.07425707578659058
60384,0.07587209343910217
60528,0.09851565957069397
60544,0.0810329020023346
60656,0.09462793916463852
60656,0.0600195974111557
60944,0.08366093039512634
61504,0.07725578546524048
61600,0.07679134607315063
61664,0.08686366677284241
61936,0.09433428198099136
62672,0.06690548360347748
62880,0.09223723411560059
63344,0.07938418537378311
63648,0.09008369594812393
63968,0.07085470110177994
63984,0.07070222496986389
64224,0.09145889431238174
65248,0.06380642205476761
65376,0.06885445863008499
65472,0.08629342913627625
65824,0.05810912698507309
65952,0.07505453377962112
66144,0.08939008414745331
66240,0.0715508908033371
66480,0.10224940627813339
66992,0.08213357627391815
67632,0.07693132013082504
67952,0.1007608026266098
68016,0.06726568192243576
68112,0.09465321153402328
68144,0.08996186405420303
68784,0.09372206777334213
69072,0.08735521882772446
69216,0.09672281891107559
69936,0.07350847125053406
70096,0.06121070683002472
70128,0.07338687032461166
70352,0.05529411882162094
70688,0.08952074497938156
71376,0.07370278984308243
71984,0.10608436912298203
72224,0.05820101127028465
72320,0.08377528935670853
72576,0.06058717891573906
72592,0.07219614088535309
73152,0.08282596617937088
73296,0.062222231179475784
73328,0.07117345929145813
73712,0.10328115522861481
73760,0.09306929260492325
73872,0.10681500285863876
74032,0.05844535306096077
74080,0.06650867313146591
74160,0.0900176614522934
74448,0.08255958557128906
74624,0.08948326855897903
75344,0.0633583590388298
75632,0.09355872869491577
75680,0.07282107323408127
75776,0.1054321750998497
76128,0.06322464346885681
76304,0.07235263288021088
76384,0.0888037160038948
76512,0.06864918768405914
76704,0.07173168659210205
76768,0.10884648561477661
76928,0.09102553874254227
77216,0.06712593883275986
77232,0.08167511224746704
77248,0.10392387956380844
77456,0.10398291051387787
77664,0.0798800066113472
77872,0.08443913608789444
78544,0.09786809980869293
78592,0.08907094597816467
78800,0.08590686321258545
78848,0.08019225299358368
79392,0.09925408661365509
79504,0.08701465278863907
79872,0.06761635094881058
80112,0.08120949566364288
80288,0.07148797065019608
80544,0.09782836586236954
80576,0.09281862527132034
80688,0.10374709963798523
80960,0.1087828278541565
81248,0.10517287999391556
81632,0.06441681832075119
81776,0.08677323907613754
82032,0.07784024626016617
82064,0.074779212474823
82288,0.07079672068357468
82544,0.09668579697608948
82896,0.06780117005109787
83120,0.10757104307413101
83264,0.07649612426757812
83776,0.08718973398208618
84720,0.10548174381256104
84864,0.11328184604644775
84896,0.07896184176206589
85872,0.08894822001457214
86112,0.09875734150409698
86304,0.09296872466802597
88000,0.06784386187791824
88160,0.10695702582597733
88192,0.08634738624095917
88416,0.11199365556240082
88656,0.08365390449762344
88768,0.07357378304004669
88960,0.07650136947631836
89008,0.09447633475065231
89632,0.08195888251066208
89824,0.11207529157400131
90048,0.07939788699150085
91952,0.10820187628269196
92176,0.10227356106042862
92304,0.05503363907337189
92512,0.07578776776790619
92560,0.06939896941184998
92576,0.062033120542764664
93392,0.07765482366085052
93760,0.06956568360328674
94384,0.10399880260229111
94496,0.11139753460884094
95568,0.07745074480772018
95616,0.08342020213603973
95776,0.06380251795053482
95840,0.1146453469991684
96816,0.07506271451711655
96848,0.06682489067316055
97136,0.07591281831264496
97712,0.09772618860006332
98304,0.1109684407711029
98320,0.11334193497896194
98416,0.07800167053937912
98448,0.11526098102331161
98544,0.10941729694604874
98800,0.09759406745433807
98864,0.0693957507610321
98976,0.09189710021018982
99024,0.10437177121639252
99600,0.09729113429784775
99920,0.0958433523774147
100608,0.10360798984766006
100912,0.07491562515497208
101280,0.10151873528957367
102128,0.07006137818098068
102304,0.10258352756500244
102768,0.08441676944494247
102928,0.10175932198762894
103696,0.11846457421779633
104032,0.12123308330774307
104848,0.08017301559448242
104848,0.08422055840492249
104896,0.11086726933717728
105072,0.08197472244501114
105184,0.07951859384775162
107072,0.10451743006706238
107072,0.09195367991924286
107184,0.12312215566635132
107328,0.05909557268023491
108976,0.08031752705574036
109760,0.0863863080739975
109936,0.07512233406305313
110064,0.07534799724817276
110416,0.10198386013507843
111024,0.1108894944190979
111040,0.09736917912960052
111232,0.1067408099770546
111344,0.10415689647197723
111424,0.08542872220277786
111600,0.08385584503412247
113248,0.07498853653669357
113472,0.06798236817121506
113936,0.10345776379108429
114784,0.09999073296785355
115040,0.07648419588804245
115152,0.0654415562748909
115424,0.1101924329996109
115520,0.11089769005775452
115680,0.11300081759691238
117440,0.07440491765737534
118000,0.09830455482006073
119104,0.08106202632188797
119504,0.0760568231344223
119680,0.06926220655441284
120368,0.10512824356555939
120896,0.07736149430274963
121424,0.06409832835197449
121424,0.09403277188539505
121456,0.09052979201078415
122272,0.10640988498926163
122464,0.08023593574762344
124352,0.10869117081165314
124816,0.09868955612182617
124816,0.09140744805335999
126464,0.08904771506786346
127216,0.10730640590190887
127424,0.11315857619047165
127680,0.10754263401031494
127728,0.11677274107933044
128336,0.09949786216020584
128784,0.09985040873289108
129120,0.0628003478050232
129232,0.08248227089643478
132032,0.08180481195449829
132208,0.10060934722423553
132608,0.11236165463924408
132624,0.10837279260158539
135072,0.08642996102571487
135280,0.12148808687925339
136928,0.06945105642080307
137952,0.09642856568098068
139936,0.09620839357376099
139984,0.07487417757511139
141296,0.11714209616184235
143296,0.10266512632369995
144016,0.09657905995845795
144112,0.10348627716302872
145056,0.09372944384813309
145456,0.11234474182128906
145472,0.11974108964204788
146688,0.07758540660142899
147264,0.12093579769134521
148592,0.11504507809877396
149056,0.1007814109325409
149248,0.07060585170984268
149248,0.09626822918653488
149264,0.12286916375160217
149664,0.09934450685977936
150192,0.1093117967247963
150720,0.07733660191297531
151888,0.113214872777462
152576,0.09985488653182983
152672,0.07877522706985474
152928,0.08639909327030182
153664,0.09942873567342758
154400,0.1028788834810257
154416,0.0900593101978302
155216,0.08501561731100082
155296,0.11741290986537933
155664,0.06504464149475098
156000,0.11948814988136292
156976,0.11380383372306824
157120,0.10116089880466461
157536,0.10931306332349777
158688,0.08460274338722229
158832,0.09115966409444809
159072,0.07529211044311523
159120,0.10052407532930374
160496,0.11408322304487228
161504,0.12478125840425491
161712,0.10543396323919296
162464,0.12299266457557678
162592,0.11221389472484589
162832,0.10363594442605972
162912,0.0986703485250473
163232,0.07616998255252838
163616,0.10253681242465973
164576,0.11103417724370956
164784,0.07648599147796631
165136,0.10827741771936417
165376,0.11224564909934998
167168,0.09961798787117004
167696,0.12308690696954727
168048,0.10568434745073318
168192,0.09373030811548233
168240,0.11534756422042847
168608,0.10054288059473038
168704,0.07788042724132538
168736,0.08833793550729752
169056,0.120470330119133
169184,0.10761986672878265
169408,0.10041332244873047
172768,0.08470951020717621
174864,0.1247609481215477
175904,0.10220836102962494
176304,0.11419863253831863
176704,0.12112700939178467
177856,0.10382873564958572
178256,0.09236420691013336
178384,0.12125962227582932
179520,0.07078241556882858
179888,0.1035027801990509
181152,0.11542866379022598
182336,0.10633967071771622
182368,0.1065395325422287
183744,0.11255378276109695
183984,0.09821789711713791
184080,0.11842085421085358
184624,0.12107191234827042
184736,0.11398755013942719
184960,0.10594990849494934
185600,0.12516826391220093
186944,0.12311722338199615
187280,0.11277181655168533
187328,0.10719083994626999
187504,0.11956121772527695
187552,0.11736582964658737
187808,0.11079562455415726
188800,0.11645934730768204
189920,0.07180196791887283
191200,0.1191818118095398
191472,0.12132982909679413
191920,0.10024698078632355
192320,0.12234719842672348
192352,0.12385758012533188
193104,0.1197359561920166
193456,0.10730209946632385
193728,0.10782332718372345
193792,0.12061560153961182
194256,0.09462299197912216
194624,0.12322751432657242
194880,0.11408237367868423
195024,0.12182639539241791
195136,0.11892200261354446
195472,0.12699751555919647
195808,0.08403327316045761
195984,0.10234016180038452
196032,0.11410634964704514
196704,0.10387931764125824
198624,0.10926726460456848
199312,0.11030009388923645
199632,0.11692150682210922
199952,0.10925869643688202
200448,0.12551815807819366
201824,0.12197647243738174
204480,0.10528938472270966
204560,0.11099749058485031
205552,0.11916734278202057
206800,0.12483160197734833
207120,0.11034909635782242
207504,0.12332610040903091
208032,0.10800575464963913
209328,0.12111157178878784
209648,0.11879647523164749
210272,0.07666590064764023
211472,0.11791510134935379
211776,0.11600347608327866
215920,0.06706765294075012
216640,0.11582622677087784
217024,0.1185544803738594
217104,0.11292082071304321
218176,0.1034957692027092
219152,0.10500410199165344
220752,0.1101500391960144
221056,0.11249445378780365
221360,0.10282380878925323
221664,0.11585958302021027
222768,0.11718058586120605
223184,0.09740613400936127
226384,0.1029961034655571
226784,0.1256568431854248
226912,0.12202836573123932
227856,0.11334838718175888
228128,0.08336775004863739
228192,0.11417841166257858
228416,0.1181793212890625
228464,0.11408526450395584
228896,0.12584522366523743
230480,0.07207528501749039
230528,0.12132477015256882
230768,0.12472263723611832
230992,0.11898646503686905
231216,0.0999075397849083
233216,0.1248571127653122
233920,0.12453415989875793
234016,0.1252550631761551
234032,0.09479429572820663
234128,0.10541030019521713
234768,0.12334036082029343
235600,0.08695235848426819
237648,0.12003453075885773
237984,0.1243954449892044
238560,0.11993229389190674
238640,0.10106087476015091
239728,0.11457210034132004
240784,0.11926450580358505
241280,0.10533219575881958
245072,0.1259171962738037
246016,0.11760449409484863
246240,0.11860394477844238
246512,0.11409325152635574
246880,0.1206769198179245
247856,0.11883315443992615
247984,0.11157123744487762
248672,0.08278349041938782
248784,0.11699923872947693
249120,0.10134688019752502
249712,0.12109724432229996
249984,0.12267953157424927
250640,0.12235882133245468
250752,0.10697019100189209
252240,0.11915979534387589
253360,0.11962824314832687
254160,0.11170630156993866
254448,0.11142835766077042
256048,0.12447511404752731
256640,0.10758572071790695
258544,0.12498094886541367
259248,0.12069418281316757
259456,0.11154238879680634
259456,0.08832928538322449
260560,0.11815960705280304
260720,0.06103408336639404
261040,0.12722380459308624
262992,0.1234920397400856
264544,0.1263086497783661
266288,0.12191954255104065
267440,0.12249642610549927
268512,0.1253729611635208
268960,0.1183440312743187
269008,0.11111719906330109
270720,0.08405376970767975
270832,0.10981005430221558
270864,0.1066025123000145
271056,0.12190962582826614
271472,0.10864792764186859
272048,0.12903596460819244
273120,0.1248035803437233
273280,0.11293794959783554
274240,0.1285131424665451
276912,0.1183256134390831
277056,0.12807007133960724
277200,0.128885880112648
277792,0.12482091784477234
278752,0.11852933466434479
279072,0.12451634556055069
280480,0.12254585325717926
281040,0.10541263967752457
282432,0.1251973956823349
283328,0.12854261696338654
283968,0.12763404846191406
285056,0.10915140807628632
285312,0.12336231023073196
285472,0.09342353790998459
286448,0.11362040787935257
286464,0.12359154969453812
288048,0.11797327548265457
288576,0.12725476920604706
288592,0.12230240553617477
289984,0.12545660138130188
291584,0.12550321221351624
292080,0.12870275974273682
293520,0.1259484887123108
294048,0.12813037633895874
297424,0.12335527688264847
297536,0.12717276811599731
297712,0.12270049005746841
299616,0.10870883613824844
300800,0.12084341794252396
303216,0.10190238803625107
306208,0.12630468606948853
306272,0.1186022236943245
306592,0.12792137265205383
306688,0.11679455637931824
306752,0.12418772280216217
307936,0.12805938720703125
308240,0.12791544198989868
309136,0.12487566471099854
309216,0.12258973717689514
310256,0.12486866861581802
311456,0.1236945316195488
313024,0.12607832252979279
313792,0.12336042523384094
313968,0.12428135424852371
317600,0.12174078077077866
318960,0.1143416240811348
319872,0.12758474051952362
320976,0.12247081100940704
322480,0.12187661975622177
324848,0.08565554767847061
324928,0.12386929988861084
325728,0.10804609209299088
327632,0.12132211774587631
327920,0.11790353059768677
328352,0.12725438177585602
329136,0.12549945712089539
329264,0.12472134083509445
331696,0.08862532675266266
332032,0.1197436973452568
334240,0.1289706528186798
335888,0.12542420625686646
336512,0.1240362897515297
336560,0.1272597312927246
336640,0.13163623213768005
337216,0.12472537159919739
337856,0.11211095005273819
338656,0.12571747601032257
339168,0.1244988739490509
339200,0.11716224998235703
340688,0.12714789807796478
342704,0.12060841172933578
345536,0.11822658032178879
345712,0.12853489816188812
346688,0.10799282789230347
346880,0.1264190673828125
347760,0.09608796238899231
348192,0.12272928655147552
349184,0.121749147772789
351392,0.12027715891599655
351824,0.12528100609779358
353152,0.12021253257989883
353712,0.12300768494606018
353760,0.1108950525522232
354496,0.12686574459075928
355616,0.11716344952583313
356768,0.10724037885665894
357280,0.12143751233816147
358736,0.12042338401079178
359776,0.1264621615409851
361872,0.12263725697994232
363280,0.11996618658304214
365024,0.11616815626621246
365104,0.12853333353996277
365888,0.12897856533527374
367744,0.12244033068418503
367856,0.12358745187520981
368784,0.12332353740930557
369024,0.12345947325229645
370096,0.12176775932312012
370256,0.12235616892576218
371376,0.1176004484295845
372368,0.13154344260692596
372704,0.10950375348329544
375024,0.11864745616912842
377088,0.09537331759929657
377232,0.1271970272064209
377440,0.12706293165683746
377552,0.11934028565883636
378880,0.12225668132305145
380992,0.12286259233951569
381584,0.12401885539293289
382416,0.1271042823791504
382496,0.09970210492610931
382592,0.1175905093550682
383216,0.11619006842374802
383696,0.11921552568674088
384144,0.10333394259214401
384480,0.12810494005680084
385216,0.12457305938005447
385936,0.12854713201522827
387920,0.11788807809352875
388688,0.1254018247127533
391392,0.12835381925106049
391648,0.12723398208618164
392352,0.10102177411317825
393792,0.11154082417488098
393824,0.12168300151824951
394976,0.12038880586624146
395792,0.12120058387517929
395920,0.12574169039726257
399504,0.12504304945468903
400496,0.12764349579811096
404400,0.1299392729997635
404416,0.12544457614421844
405632,0.1298646330833435
406464,0.1270287185907364
407088,0.12251732498407364
407472,0.1275767832994461
407872,0.09638871997594833
408000,0.12294367700815201
409952,0.12555496394634247
410320,0.12753698229789734
410640,0.11987679451704025
411536,0.12116561084985733
411776,0.11912909150123596
412800,0.09469273686408997
413600,0.12342556565999985
414256,0.11167854815721512
415600,0.12548063695430756
417392,0.12695899605751038
417712,0.12178214639425278
417792,0.12476938217878342
419200,0.12423943728208542
419680,0.11561932414770126
421360,0.1257837414741516
421376,0.11424411833286285
421488,0.1260487288236618
425440,0.1286444216966629
427584,0.12010689824819565
428304,0.12565188109874725
428448,0.12622591853141785
429280,0.12585021555423737
430224,0.12828955054283142
432096,0.12119712680578232
432160,0.12422936409711838
433728,0.12411919236183167
437296,0.12316404283046722
437872,0.12702427804470062
438528,0.1302953064441681
438928,0.12610675394535065
439904,0.1311854124069214
440864,0.1254802793264389
441040,0.10314799100160599
444176,0.127477765083313
446176,0.13184651732444763
448128,0.12741485238075256
451408,0.12546370923519135
453168,0.12866996228694916
453280,0.12402422726154327
453392,0.1261848360300064
453648,0.1271902471780777
454928,0.10879766196012497
457408,0.12360905855894089
457776,0.12712977826595306
458464,0.12962356209754944
460224,0.1251169592142105
462400,0.12376421689987183
464032,0.12457435578107834
464496,0.127539724111557
465952,0.1274205893278122
466848,0.12950707972049713
467552,0.12427576631307602
467984,0.12541887164115906
468272,0.11980754882097244
470880,0.1275205910205841
470944,0.12258163094520569
472656,0.0793251097202301
474304,0.12541446089744568
475200,0.1088872104883194
476160,0.12619620561599731
476544,0.12854857742786407
477632,0.10515481978654861
478832,0.12508349120616913
479456,0.1224576011300087
479696,0.12140342593193054
480096,0.12446556985378265
480720,0.12649895250797272
482368,0.1268783062696457
483008,0.1284554898738861
484640,0.11979991942644119
484784,0.12295479327440262
485536,0.1266700178384781
485760,0.1273968368768692
486592,0.13025972247123718
486832,0.12063650786876678
486928,0.12324371933937073
489776,0.1211356669664383
491216,0.1185055822134018
491664,0.12863104045391083
492000,0.12572048604488373
492880,0.09464181959629059
494096,0.128196582198143
494784,0.12508340179920197
496848,0.12358839809894562
497648,0.12834540009498596
498048,0.12197991460561752
499792,0.12900209426879883
499952,0.13111615180969238
500240,0.11970020085573196
500832,0.11782442778348923
503328,0.12765175104141235
504640,0.12609224021434784
505152,0.12419013679027557
506144,0.12775473296642303
506544,0.12236379832029343
506960,0.12912602722644806
507408,0.12374167889356613
507920,0.12622497975826263
508672,0.12481673061847687
510384,0.12761129438877106
513664,0.12909182906150818
514224,0.12798842787742615
517056,0.1190221831202507
518768,0.13107995688915253
518848,0.12126956880092621
520640,0.12568065524101257
521344,0.11325573176145554
521888,0.12780192494392395
524208,0.12828360497951508
527712,0.1231159120798111
528480,0.12451565265655518
531104,0.1285613626241684
531392,0.12387990951538086
532000,0.12387333810329437
533776,0.12920238077640533
536016,0.12897634506225586
536160,0.12133666127920151
537152,0.12720255553722382
538432,0.13132168352603912
539280,0.13171182572841644
539936,0.1251617968082428
541712,0.1278110146522522
542576,0.12359966337680817
543200,0.12711504101753235
544336,0.12771210074424744
545632,0.124083012342453
545984,0.1250832974910736
546096,0.12421740591526031
546768,0.12699086964130402
547888,0.12794139981269836
549552,0.12726324796676636
551808,0.12510979175567627
551840,0.11814963072538376
553152,0.1222955733537674
553232,0.1274808645248413
553504,0.12709444761276245
555408,0.12854380905628204
556848,0.12899234890937805
560064,0.11650223284959793
560240,0.12542667984962463
560800,0.12549659609794617
561632,0.12827713787555695
562624,0.12231985479593277
563120,0.1273627132177353
563888,0.12945492565631866
564816,0.12846113741397858
565184,0.12340047955513
566560,0.12326052784919739
567152,0.12746210396289825
567376,0.12169700860977173
569488,0.11527955532073975
570240,0.13128039240837097
570768,0.11925400048494339
573344,0.12615486979484558
573744,0.12793175876140594
574224,0.11641395092010498
574416,0.12403712421655655
575184,0.13056299090385437
577792,0.12745629251003265
581504,0.12506793439388275
582912,0.1268533170223236
585776,0.13033434748649597
586512,0.13025453686714172
588080,0.12966880202293396
589200,0.12688790261745453
591360,0.11039289832115173
591408,0.12569835782051086
592128,0.12374649941921234
592336,0.12640316784381866
592912,0.12832581996917725
593536,0.11961241811513901
594048,0.12988364696502686
594960,0.11728798598051071
595184,0.12383175641298294
595872,0.12794941663742065
596496,0.12605029344558716
598432,0.1288619339466095
598672,0.12513935565948486
599024,0.11294674128293991
599216,0.12417666614055634
599328,0.12262938916683197
601296,0.12610431015491486
601984,0.13187946379184723
602016,0.12537921965122223
602224,0.12784983217716217
605552,0.12651243805885315
605728,0.12637147307395935
607152,0.1251063197851181
608272,0.12384042143821716
609280,0.12654376029968262
610368,0.12165921181440353
612608,0.131962388753891
612848,0.12458819895982742
613392,0.12751324474811554
613520,0.125032439827919
615200,0.12793497741222382
615280,0.12574702501296997
616816,0.12668874859809875
617344,0.12617698311805725
618736,0.12302865087985992
619360,0.12534460425376892
620224,0.08202897757291794
621904,0.12539543211460114
622288,0.13027571141719818
622832,0.12537525594234467
623360,0.12535791099071503
623760,0.12904015183448792
623984,0.13217590749263763
624112,0.10941062867641449
626912,0.12458252906799316
629296,0.13104110956192017
629312,0.1225675567984581
630208,0.12566648423671722
631104,0.12734411656856537
631392,0.09881476312875748
631504,0.12503868341445923
633504,0.12411753088235855
634352,0.12585987150669098
634992,0.12340804189443588
635008,0.12783858180046082
636624,0.12668906152248383
636640,0.12964506447315216
637008,0.12610794603824615
638208,0.12444198131561279
638496,0.12712512910366058
641712,0.11984322965145111
642048,0.12527872622013092
644512,0.12807171046733856
644992,0.1277054399251938
645616,0.12393062561750412
647344,0.12667126953601837
648816,0.1218743845820427
649120,0.1309177726507187
649776,0.12382063269615173
650640,0.12638673186302185
650816,0.1292329728603363
650832,0.12886638939380646
654320,0.12744413316249847
655104,0.11669116467237473
655552,0.1269189864397049
656272,0.1294683963060379
657680,0.12507939338684082
657808,0.12317271530628204
658224,0.12878522276878357
658848,0.12850433588027954
663024,0.12447893619537354
663312,0.1240445226430893
665872,0.1252279430627823
666896,0.1258361041545868
666992,0.12642771005630493
667632,0.1275026500225067
668032,0.12330373376607895
668224,0.1308528333902359
668848,0.12384162098169327
671808,0.12644213438034058
672352,0.12772990763187408
675888,0.12782007455825806
677408,0.12238138169050217
678688,0.12700475752353668
679376,0.12009717524051666
681088,0.12081735581159592
681376,0.11943882703781128
682064,0.12551486492156982
682256,0.12659066915512085
684688,0.1233154833316803
684960,0.12018142640590668
685696,0.12041857838630676
685936,0.12389369308948517
687360,0.12622122466564178
687680,0.12219950556755066
689088,0.11747875809669495
690656,0.12538094818592072
692960,0.1285271793603897
693104,0.12674427032470703
698256,0.11614116281270981
698400,0.12678788602352142
699424,0.1254323571920395
699440,0.12105506658554077
700240,0.1211608275771141
700976,0.1250988394021988
701184,0.09593286365270615
702560,0.12533843517303467
703408,0.12347035109996796
704608,0.12509040534496307
705376,0.11495145410299301
705616,0.12817497551441193
705936,0.12566673755645752
706464,0.12000546604394913
709152,0.12374503165483475
710048,0.12506341934204102
710720,0.1228211522102356
710864,0.12266277521848679
712080,0.1259823590517044
714336,0.1234680712223053
714768,0.10867677628993988
715472,0.06614188104867935
716128,0.1281316578388214
717040,0.12291744351387024
717888,0.12252815067768097
718176,0.11995163559913635
719200,0.12383914738893509
720752,0.10705298185348511
720784,0.11686767637729645
720912,0.12295050919055939
722592,0.09960643202066422
723648,0.11737596988677979
724192,0.12437412887811661
726848,0.1301872283220291
727712,0.12800493836402893
727728,0.1210644319653511
727952,0.1162915974855423
727952,0.11281495541334152
728880,0.09438729286193848
730672,0.1231125071644783
733328,0.12365889549255371
733968,0.12482065707445145
734288,0.12710294127464294
736976,0.13009071350097656
739392,0.12716791033744812
739936,0.1204470545053482
740960,0.11399418860673904
741408,0.12245940417051315
741456,0.10699615627527237
742320,0.11655566841363907
742880,0.12526461482048035
744064,0.12969709932804108
744848,0.09207198768854141
745648,0.11529415845870972
745824,0.1240769624710083
746736,0.12895558774471283
747680,0.1249435544013977
747776,0.12152764201164246
748688,0.12182711064815521
749904,0.12739573419094086
753024,0.11931322515010834
753056,0.12660445272922516
754080,0.11315697431564331
754928,0.12363239377737045
755088,0.13005636632442474
756352,0.12899959087371826
756416,0.11299652606248856
756704,0.12075488269329071
757632,0.12389859557151794
757792,0.12239436060190201
758608,0.12353275716304779
759552,0.12474434077739716
759680,0.12559770047664642
759712,0.11938468366861343
760208,0.12424011528491974
760752,0.10166692733764648
762256,0.12585167586803436
763328,0.11711084097623825
764368,0.12683261930942535
765728,0.12608890235424042
765840,0.12735266983509064
766048,0.12591515481472015
766656,0.12495443969964981
767568,0.13086119294166565
772048,0.12701404094696045
773792,0.12156140804290771
773872,0.11693860590457916
775040,0.12206075340509415
775072,0.10242931544780731
775424,0.11802243441343307
777984,0.12038318812847137
778064,0.12073294073343277
778608,0.1277896612882614
780768,0.12398356944322586
781488,0.1239413395524025
781600,0.1315557360649109
781808,0.12303323298692703
782016,0.1263958066701889
782128,0.1290944665670395
782656,0.13081608712673187
782704,0.12539160251617432
783200,0.12598860263824463
783232,0.11877749860286713
785040,0.1263931542634964
785696,0.12358773499727249
787152,0.11736240237951279
787712,0.12295322865247726
787968,0.11686764657497406
788608,0.12172164022922516
789088,0.11972514539957047
791584,0.12288659811019897
792896,0.12403389811515808
794176,0.0986279845237732
796128,0.12467247992753983
798272,0.1251348853111267
798336,0.129261776804924
799008,0.12248129397630692
801280,0.12841708958148956
801664,0.1108851209282875
801936,0.12066987156867981
804784,0.1274448186159134
805088,0.12459684908390045
805168,0.12629111111164093
807904,0.12092813104391098
808176,0.11798140406608582
808480,0.12233360856771469
809712,0.12067244946956635
811344,0.12755492329597473
811728,0.08885975182056427
811936,0.12161142379045486
812288,0.12366641312837601
813264,0.12471608817577362
813424,0.12958675622940063
813536,0.10819399356842041
814736,0.1088898703455925
814896,0.10788322985172272
815216,0.1295626014471054
818480,0.12070620059967041
819024,0.12250924110412598
821568,0.12096760421991348
821856,0.12791836261749268
822096,0.12612619996070862
822704,0.11979841440916061
823376,0.12455245852470398
827552,0.1288755089044571
829664,0.12403282523155212
829696,0.11934582889080048
830864,0.1161416620016098
831952,0.12721142172813416
833520,0.09458361566066742
833712,0.1251349300146103
834112,0.11736079305410385
834816,0.12806503474712372
835728,0.12622612714767456
837120,0.1222451701760292
841360,0.1269567310810089
843232,0.12386705726385117
844896,0.11082500964403152
844944,0.12130105495452881
846032,0.11548297852277756
847504,0.1286073476076126
849296,0.11866967380046844
849696,0.12249576300382614
850656,0.0968945324420929
852368,0.123308926820755
852992,0.12041588872671127
853264,0.12537598609924316
854240,0.12514129281044006
854576,0.12178517878055573
854944,0.10504049062728882
858528,0.12086335569620132
861376,0.12734070420265198
862016,0.12141227722167969
862128,0.12175662815570831
863024,0.11816345155239105
863488,0.12854419648647308
863488,0.12442200630903244
864016,0.12401086837053299
867280,0.1252155750989914
869152,0.12631107866764069
870592,0.12150491774082184
870848,0.12350676208734512
872384,0.11295736581087112
872880,0.12489430606365204
874800,0.12421507388353348
875056,0.12582726776599884
875168,0.12205228209495544
876112,0.11037877202033997
877856,0.12013284862041473
880000,0.12833720445632935
880640,0.12390270084142685
881232,0.121675044298172
881840,0.10919158160686493
882064,0.12741854786872864
883296,0.12241420149803162
886960,0.1246754452586174
887200,0.12351176142692566
888272,0.12037987262010574
888368,0.11615315079689026
888928,0.12810133397579193
890464,0.13149456679821014
890480,0.11225680261850357
890656,0.12293043732643127
891072,0.10513841360807419
891168,0.1299150288105011
894208,0.12502598762512207
894880,0.12288731336593628
896176,0.1250123679637909
897344,0.11198177188634872
900896,0.11387532949447632
901168,0.12273899465799332
902656,0.12545356154441833
903760,0.11292524635791779
904432,0.12575088441371918
905216,0.12076528370380402
905488,0.13056492805480957
906192,0.12404176592826843
909152,0.12520155310630798
909744,0.08142812550067902
910016,0.12558580935001373
911488,0.12358739972114563
913136,0.12252302467823029
914432,0.1272004246711731
915152,0.12061791867017746
915520,0.1210530623793602
916656,0.12252373993396759
918752,0.12780891358852386
918800,0.1202942505478859
919904,0.09793839603662491
920160,0.12742117047309875
920288,0.1274106800556183
922208,0.1204342395067215
922224,0.12645381689071655
924720,0.08710910379886627
924832,0.11453817784786224
926960,0.1254572719335556
927936,0.11874910444021225
928272,0.12752266228199005
928304,0.12103704363107681
928544,0.10959561914205551
928624,0.12299598008394241
929600,0.12429078668355942
930144,0.12827005982398987
930992,0.11894354224205017
934512,0.12589287757873535
935296,0.12597058713436127
935584,0.12423133850097656
936352,0.13055388629436493
936768,0.13023707270622253
937152,0.1265019178390503
937536,0.12905536592006683
938880,0.12301208823919296
942800,0.12898162007331848
944464,0.12751398980617523
946080,0.12306440621614456
946176,0.12823821604251862
946960,0.12643107771873474
949360,0.1236371323466301
950000,0.1249329224228859
953552,0.12315767258405685
954016,0.12269238382577896
957088,0.1242426186800003
957504,0.1206825003027916
958272,0.12346060574054718
963024,0.12304966896772385
964096,0.1297752410173416
965152,0.1300826221704483
965424,0.12652583420276642
966496,0.12410939484834671
967424,0.12361212074756622
968192,0.12699171900749207
969200,0.12504684925079346
969984,0.11884415149688721
970192,0.1287151277065277
970864,0.12758326530456543
970912,0.12732340395450592
971664,0.13108468055725098
974096,0.12802553176879883
974432,0.12677527964115143
977344,0.12303001433610916
977616,0.12957614660263062
977760,0.12122736871242523
977808,0.11878463625907898
978576,0.12173204123973846
978704,0.12214001268148422
978800,0.12076419591903687
980768,0.12002028524875641
984112,0.12309010326862335
985264,0.10465938597917557
985776,0.12588265538215637
985952,0.11514025926589966
986624,0.12765853106975555
986992,0.12080192565917969
987664,0.1179206520318985
988048,0.12386371195316315
988320,0.12670287489891052
988640,0.12466320395469666
988752,0.1309223771095276
989216,0.12998633086681366
990560,0.1147904098033905
990944,0.12441238760948181
991296,0.12143781781196594
991888,0.12294572591781616
994528,0.12545709311962128
994576,0.1277695894241333
994880,0.12252215296030045
995200,0.11860737204551697
995408,0.12520672380924225
996720,0.10110342502593994
998160,0.12697888910770416
998944,0.12841010093688965
999216,0.11849410831928253
999536,0.08322098106145859
999680,0.1284949779510498
999808,0.12824124097824097
1002272,0.12619087100028992
1007520,0.10709986090660095
1007904,0.1249532476067543
1008304,0.10340598970651627
1008832,0.12031719833612442
1010512,0.12482873350381851
1012128,0.09405139088630676
1012976,0.12356199324131012
1013456,0.12537866830825806
1014288,0.10282161831855774
1014672,0.12591618299484253
1015056,0.12761300802230835
1015088,0.1278495490550995
1016496,0.10376528650522232
1017984,0.12155020236968994
1018144,0.11638829112052917
1018928,0.13036267459392548
1019008,0.12029856443405151
1021312,0.12240920215845108
1022688,0.12655767798423767
1024736,0.12506528198719025
1027328,0.12815722823143005
1027936,0.12723195552825928
1027936,0.12183807790279388
1028704,0.12078581750392914
1029296,0.09545691311359406
1031488,0.1212410181760788
1032016,0.10796017944812775
1032160,0.11993803828954697
1033696,0.1277846395969391
1034032,0.10333505272865295
1037200,0.12337440252304077
1038496,0.12370873987674713
1039920,0.13146792352199554
1041040,0.11229036003351212
1042576,0.12405924499034882
1043408,0.11724251508712769
1043568,0.10805029422044754
1043952,0.1014428362250328
1044640,0.11667594313621521
1044800,0.1233360767364502
1045488,0.12569327652454376
1049824,0.12144063413143158
1049936,0.12299615144729614
1053472,0.12472868710756302
1056128,0.12610752880573273
1056592,0.12436661124229431
1056896,0.11331528425216675
1058192,0.12560077011585236
1058304,0.11436700820922852
1058512,0.11592142283916473
1058992,0.12424344569444656
1059424,0.12815764546394348
1059680,0.1207742840051651
1060608,0.12560850381851196
1060784,0.12342463433742523
1061360,0.1197689101099968
1061888,0.12254989892244339
1063968,0.1218888983130455
1065280,0.1189664900302887
1065536,0.11976422369480133
1065680,0.11620695888996124
1069696,0.1269616037607193
1071472,0.1224989965558052
1073856,0.12362466752529144
1075184,0.12190865725278854
1076464,0.11904790997505188
1079600,0.12467816472053528
1080800,0.12442202121019363
1080928,0.12024910748004913
1081712,0.12814244627952576
1081808,0.12473253160715103
1082272,0.12384653091430664
1083792,0.13143253326416016
1084416,0.1228490024805069
1084448,0.13325320184230804
1085408,0.12174887955188751
1087008,0.12680640816688538
1087040,0.12744846940040588
1088528,0.11986885219812393
1088800,0.12243975698947906
1088928,0.12580552697181702
1089824,0.1203651949763298
1091408,0.1267925351858139
1092464,0.12287572771310806
1092528,0.12197533249855042
1093520,0.11581506580114365
1096448,0.12064892798662186
1098544,0.10442197322845459
1098576,0.1254955381155014
1098736,0.12880009412765503
1099680,0.12284119427204132
1100336,0.11216617375612259
1100944,0.1234498843550682
1102112,0.12389927357435226
1102224,0.12940146028995514
1103392,0.11867932975292206
1104000,0.12091443687677383
1104528,0.12939941883087158
1105552,0.11773566901683807
1105616,0.12675365805625916
1108816,0.11973509192466736
1109184,0.12629561126232147
1109664,0.10546036064624786
1111232,0.12669417262077332
1111328,0.10573652386665344
1111520,0.12184147536754608
1112432,0.121219702064991
1114816,0.1255059540271759
1116048,0.11668173968791962
1116336,0.12548133730888367
1118288,0.12791505455970764
1118608,0.12447580695152283
1118816,0.12160288542509079
1119568,0.12653273344039917
1122400,0.11895051598548889
1124560,0.1274367719888687
1125024,0.12454000860452652
1125632,0.12416936457157135
1126624,0.12223276495933533
1127920,0.11880515515804291
1129072,0.12593509256839752
1129216,0.12860319018363953
1129456,0.09826522320508957
1130656,0.12293735891580582
1131856,0.11432602256536484
1132416,0.12270557135343552
1132480,0.12343214452266693
1132688,0.12826231122016907
1133008,0.12488822638988495
1133056,0.1268644481897354
1133344,0.124261274933815
1134208,0.12841200828552246
1134320,0.11925607174634933
1135696,0.12497923523187637
1138608,0.1285189986228943
1139136,0.1257455199956894
1139600,0.1247561052441597
1142992,0.12250906229019165
1143584,0.120915986597538
1145264,0.12487727403640747
1146736,0.12156987190246582
1147984,0.12371864914894104
1148848,0.12259506434202194
1150672,0.12441429495811462
1151392,0.08576396852731705
1154272,0.12484703212976456
1156240,0.1174311712384224
1157536,0.12501969933509827
1157936,0.11958664655685425
1158512,0.12497564405202866
1160160,0.1248335912823677
1162736,0.11732804030179977
1165712,0.12385031580924988
1166272,0.12684541940689087
1167088,0.12473557144403458
1169056,0.11976555734872818
1169296,0.12617826461791992
1169888,0.12534210085868835
1170624,0.11875484138727188
1171872,0.11581653356552124
1172672,0.1280163675546646
1173664,0.11727521568536758
1174336,0.1274368017911911
1176640,0.12004665285348892
1178544,0.12146002054214478
1178992,0.12415961921215057
1179168,0.12156450003385544
1180112,0.11407224833965302
1180720,0.13015687465667725
1181264,0.12292306125164032
1185248,0.1229085773229599
1186128,0.12763245403766632
1186160,0.1320662945508957
1186288,0.12273954600095749
1187168,0.10607192665338516
1188880,0.11978273838758469
1189616,0.12446677684783936
1194400,0.12372064590454102
1194976,0.08875934779644012
1195920,0.12302521616220474
1197168,0.12081757932901382
1197616,0.10737277567386627
1197936,0.1089068353176117
1197936,0.1225535199046135
1200400,0.1221390813589096
1201184,0.12552548944950104
1202560,0.12121590971946716
1203296,0.12230508774518967
1203616,0.12165914475917816
1203856,0.1255064606666565
1204272,0.1251903623342514
1206176,0.12030502408742905
1206864,0.11883161216974258
1210096,0.12403987348079681
1210768,0.1250000149011612
1211472,0.12546195089817047
1212384,0.12243716418743134
1213408,0.11297514289617538
1214224,0.09692210704088211
1216544,0.11292064189910889
1217200,0.12084877490997314
1219232,0.1252969205379486
1219696,0.11301571875810623
1220080,0.1268930584192276
1221200,0.09811443835496902
1221344,0.12413149327039719
1221936,0.11749796569347382
1222768,0.11416392773389816
1223344,0.12714971601963043
1224208,0.11259958148002625
1224688,0.12510092556476593
1224912,0.12373214960098267
1225856,0.10904178023338318
1227856,0.12648014724254608
1228032,0.12130901962518692
1230240,0.12433035671710968
1230320,0.12765347957611084
1230656,0.12566515803337097
1232592,0.12227234989404678
1233616,0.09774110466241837
1233840,0.12355237454175949
1234592,0.07531258463859558
1236016,0.10766153782606125
1236304,0.11885342001914978
1236864,0.12759801745414734
1237216,0.11507612466812134
1239808,0.11339665204286575
1240256,0.11346687376499176
1240384,0.12296172231435776
1240512,0.11934976279735565
1242352,0.1217963695526123
1243056,0.12253104150295258
1243920,0.12090163677930832
1244752,0.09727825969457626
1244928,0.12399686872959137
1245216,0.11638397723436356
1245424,0.10947325080633163
1245904,0.11637093126773834
1247424,0.121297188103199
1247424,0.10562268644571304
1247584,0.11918307095766068
1251888,0.11819981038570404
1252352,0.10190505534410477
1252464,0.12573522329330444
1252784,0.10871841013431549
1252848,0.11997365951538086
1257376,0.10527938604354858
1259120,0.1250818818807602
1263344,0.10364136844873428
1264304,0.12718214094638824
1264480,0.1288849413394928
1265760,0.11100071668624878
1268048,0.12235478311777115
1269632,0.11819642037153244
1270048,0.11219330132007599
1270688,0.1137143075466156
1270832,0.11491132527589798
1271728,0.11684722453355789
1272160,0.12408562749624252
1272160,0.09226193279027939
1272288,0.09977483749389648
1272592,0.12046172469854355
1272976,0.11596613377332687
1273584,0.12509143352508545
1273856,0.10322868078947067
1275008,0.10452967882156372
1277680,0.12841950356960297
1279008,0.12543563544750214
1279632,0.11918400973081589
1279696,0.113383449614048
1279712,0.12581151723861694
1280864,0.11858462542295456
1281200,0.12050272524356842
1282560,0.1267143338918686
1282560,0.11596912890672684
1283200,0.11843210458755493
1286352,0.12375311553478241
1287696,0.11627253144979477
1288400,0.08590993285179138
1288848,0.11643879115581512
1289088,0.1251332312822342
1289456,0.12644411623477936
1289872,0.12790797650814056
1292736,0.12222708016633987
1292992,0.11451740562915802
1293424,0.12503361701965332
1293488,0.12234146893024445
1294160,0.12018252164125443
1294928,0.12602195143699646
1295216,0.11050401628017426
1297760,0.11981845647096634
1298208,0.1231827437877655
1298320,0.12362170964479446
1298608,0.12251382321119308
1298912,0.11695393174886703
1304624,0.11676241457462311
1305760,0.12462802231311798
1306608,0.12704993784427643
1307536,0.10800966620445251
1307936,0.11415907740592957
1308464,0.12697327136993408
1308544,0.12209711223840714
1311472,0.12504523992538452
1312080,0.11979218572378159
1312960,0.1285407841205597
1313264,0.13255557417869568
1314000,0.12228129059076309
1315088,0.12222453206777573
1317824,0.12016073614358902
1321328,0.12968552112579346
1321712,0.12390681356191635
1322048,0.12539583444595337
1324832,0.12057320773601532
1325632,0.12141840159893036
1326384,0.11253701895475388
1326976,0.12281360477209091
1329184,0.12666988372802734
1329968,0.12073279172182083
1331168,0.12245354056358337
1332320,0.12477850168943405
1332720,0.12331214547157288
1335152,0.12909752130508423
1335712,0.1283566653728485
1335936,0.12182854861021042
1340576,0.11768201738595963
1341104,0.12341836094856262
1342144,0.12565971910953522
1343104,0.12457238882780075
1343328,0.1196678951382637
1343952,0.12659882009029388
1344112,0.12204448878765106
1346928,0.11828456073999405
1347632,0.12256185710430145
1347952,0.12547063827514648
1349264,0.12648917734622955
1349504,0.12633636593818665
1350160,0.12015733867883682
1351504,0.12151280790567398
1351552,0.1112789735198021
1351712,0.12018318474292755
1352208,0.1276826560497284
1352576,0.128162682056427
1353680,0.1244860514998436
1355744,0.12146914750337601
1356448,0.12818598747253418
1357264,0.12777335941791534
1358256,0.12547416985034943
1358704,0.12054149061441422
1358768,0.12589271366596222
1358880,0.11289898306131363
1360224,0.12458879500627518
1362304,0.12090849876403809
1362384,0.10644952207803726
1362448,0.12632696330547333
1363600,0.12580637633800507
1365056,0.1175737977027893
1366176,0.12214416265487671
1366688,0.12154357135295868
1366912,0.11537084728479385
1369088,0.12497851252555847
1369728,0.12370336800813675
1370496,0.10787641257047653
1370832,0.11948438733816147
1372928,0.11997605860233307
1373920,0.12798987329006195
1374672,0.1339813470840454
1377392,0.12836967408657074
1377456,0.10677966475486755
1377632,0.1295454204082489
1378080,0.12391569465398788
1378496,0.1271398663520813
1380000,0.1210584044456482
1380144,0.12700766324996948
1383520,0.11475899070501328
1384112,0.12590879201889038
1384240,0.1299360692501068
1384864,0.1209917813539505
1385104,0.12470683455467224
1385136,0.1269802451133728
1385520,0.12701675295829773
1387696,0.12413739413022995
1388496,0.09258290380239487
1388752,0.12468843162059784
1390848,0.1276383250951767
1391216,0.12290406227111816
1391744,0.1261068880558014
1392240,0.12121521681547165
1392384,0.1219395324587822
1393376,0.09156467765569687
1395280,0.1283942013978958
1395648,0.12217488139867783
1396880,0.12478870898485184
1396912,0.12721730768680573
1398560,0.12679381668567657
1399312,0.11906387656927109
1403024,0.12729859352111816
1403168,0.12730607390403748
1403968,0.12624719738960266
1409104,0.12892530858516693
1411248,0.1254856437444687
1411408,0.11307310312986374
1412416,0.12383904308080673
1412608,0.1254996508359909
1413536,0.11432285606861115
1413744,0.12921451032161713
1414240,0.10860683768987656
1414720,0.12113917618989944
1415968,0.1247013658285141
1416336,0.12351028621196747
1416768,0.12489688396453857
1416816,0.11718012392520905
1417120,0.12326852232217789
1417344,0.12369181960821152
1417440,0.12667815387248993
1420912,0.12645424902439117
1421968,0.11277402192354202
1422272,0.1230480968952179
1424768,0.12048116326332092
1425408,0.1101585254073143
1425488,0.129907488822937
1425520,0.12747298181056976
1425872,0.12531138956546783
1429184,0.10169485956430435
1429328,0.1286255270242691
1429600,0.12749670445919037
1431008,0.11884889751672745
1431136,0.11696275323629379
1431696,0.12598492205142975
1432544,0.12866194546222687
1435552,0.1296480894088745
1436336,0.12174047529697418
1436976,0.12375805526971817
1437424,0.12726183235645294
1439296,0.12771736085414886
1439856,0.12636153399944305
1442064,0.12618930637836456
1442848,0.125471830368042
1443264,0.1115947961807251
1443360,0.12221986055374146
1443520,0.12436971068382263
1444704,0.12262659519910812
1446208,0.12752097845077515
1446288,0.11846719682216644
1446912,0.12454155832529068
1448176,0.1254134476184845
1448304,0.12524273991584778
1449696,0.12461142987012863
1450576,0.1332385092973709
1451104,0.1224576011300087
1453184,0.12876632809638977
1453424,0.11346137523651123
1453616,0.11920829117298126
1453920,0.1285138577222824
1455552,0.12449046969413757
1456800,0.12591256201267242
1457216,0.12275102734565735
1457520,0.11068014800548553
1461024,0.12503957748413086
1461216,0.12679758667945862
1463328,0.12579289078712463
1464048,0.12867653369903564
1464512,0.12645916640758514
1464528,0.12487781792879105
1464800,0.12236315757036209
1466112,0.12306293100118637
1467760,0.12592163681983948
1471024,0.12391376495361328
1471344,0.12448740750551224
1473264,0.1213713213801384
1473984,0.12296613305807114
1474576,0.11983726173639297
1474592,0.12849161028862
1475120,0.12302514910697937
1475600,0.11979502439498901
1476832,0.1275022178888321
1477568,0.12488901615142822
1478112,0.12903228402137756
1478400,0.12947441637516022
1480128,0.1052263081073761
1480512,0.12583038210868835
1481152,0.12339736521244049
1481504,0.12670205533504486
1482032,0.1239929050207138
1482064,0.11941763013601303
1484656,0.12999247014522552
1485616,0.12757985293865204
1487328,0.12874500453472137
1488128,0.12152048945426941
1488176,0.09800717979669571
1488736,0.12481161206960678
1490976,0.12022971361875534
1491168,0.12292829155921936
1491312,0.12084801495075226
1491648,0.1284935176372528
1491712,0.12175694853067398
1491824,0.1168445497751236
1493520,0.11803194880485535
1495824,0.12365975975990295
1495856,0.11393788456916809
1498080,0.10529264062643051
1498176,0.12508171796798706
1498880,0.12837442755699158
1500672,0.11276456713676453
1501632,0.11749077588319778
1501664,0.1223592758178711
1501728,0.12379821389913559
1502496,0.12802258133888245
1502544,0.12266848236322403
1502944,0.12658852338790894
1503680,0.11863252520561218
1505216,0.125576451420784
1505280,0.13239885866641998
1506304,0.10093146562576294
1506480,0.1252891570329666
1506736,0.12331122905015945
1508528,0.1248910129070282
1508752,0.12523037195205688
1509040,0.09830012172460556
1509856,0.1267455369234085
1512256,0.12511008977890015
1512288,0.12906013429164886
1513152,0.12870022654533386
1513824,0.12408675998449326
1516176,0.12766128778457642
1516224,0.11915091425180435
1516704,0.1174987182021141
1519376,0.12013008445501328
1519744,0.1298622190952301
1520240,0.13000977039337158
1522832,0.13085494935512543
1523680,0.12443128973245621
1525456,0.12471865117549896
1526752,0.12588879466056824
1529120,0.126429945230484
1530992,0.12803682684898376
1532128,0.1262263059616089
1532944,0.12617644667625427
1533520,0.12615439295768738
1533584,0.1247095987200737
1534464,0.1196625828742981
1534592,0.12152546644210815
1534736,0.11657673120498657
1536368,0.07613358646631241
1537888,0.11208692938089371
1539680,0.12416156381368637
1540128,0.1259090006351471
1540656,0.1217571571469307
1541984,0.1200890988111496
1543232,0.1273888349533081
1546800,0.12259510159492493
1547248,0.12642982602119446
1547392,0.11452734470367432
1550176,0.12982177734375
1550400,0.12246543914079666
1550704,0.12388965487480164
1552352,0.12755751609802246
1553280,0.12344338744878769
1553968,0.12382964044809341
1554688,0.12070749700069427
1556112,0.10650710761547089
1557088,0.12765461206436157
1558256,0.12372076511383057
1558880,0.11696019768714905
1563744,0.12884096801280975
1563904,0.12403126060962677
1563952,0.12418421357870102
1564592,0.12329351902008057
1565280,0.12002850323915482
1566032,0.12733601033687592
1567472,0.11857602745294571
1567472,0.12481774389743805
1568160,0.12217239290475845
1570624,0.1274266541004181
1571232,0.13071484863758087
1571808,0.1291436403989792
1572208,0.11343058943748474
1572848,0.09677816927433014
1574112,0.1274777203798294
1577360,0.12329808622598648
1578768,0.12214270979166031
1579312,0.12324363738298416
1580160,0.13113552331924438
1580720,0.12235710024833679
1581712,0.12603792548179626
1582960,0.11811608821153641
1584080,0.12697243690490723
1584464,0.12452382594347
1585168,0.12533237040042877
1586128,0.1279112696647644
1586560,0.12131317704916
1587024,0.12624938786029816
1588624,0.11847163736820221
1588768,0.12371854484081268
1588960,0.12595774233341217
1589408,0.1256728619337082
1589408,0.12284243106842041
1589744,0.11703521013259888
1591216,0.12693817913532257
1591488,0.11864137649536133
1592336,0.12837426364421844
1594032,0.1212194636464119
1595760,0.1223238930106163
1596720,0.12416492402553558
1597344,0.11733958125114441
1597408,0.09911127388477325
1597888,0.12549178302288055
1598848,0.11527074873447418
1598880,0.12382493913173676
1599360,0.12527205049991608
1599856,0.10811630636453629
1602832,0.1286277323961258
1603008,0.12576085329055786
1603344,0.11552906781435013
1604656,0.1255638152360916
1606896,0.12274785339832306
1610144,0.12390358000993729
1611440,0.12671390175819397
1611840,0.12543077766895294
1613472,0.12443637102842331
1613744,0.1199202910065651
1614048,0.12449639290571213
1618112,0.12706361711025238
1618576,0.10725114494562149
1618640,0.09139291197061539
1618992,0.10737041383981705
1620720,0.1250934898853302
1621184,0.12284339219331741
1623712,0.1222519502043724
1624080,0.12539590895175934
1625392,0.12400589138269424
1626928,0.09289047122001648
1627632,0.12487185001373291
1627712,0.12713268399238586
1627792,0.11770866811275482
1629680,0.1241627037525177
1630432,0.11916875839233398
1631728,0.12613309919834137
1633024,0.11391390115022659
1633760,0.11235015094280243
1634720,0.10848302394151688
1635760,0.12182830274105072
1637360,0.116724893450737
1638320,0.07740925252437592
1639200,0.12010064721107483
1639296,0.12113139033317566
1639840,0.1278930902481079
1640784,0.1145637035369873
1642608,0.12669044733047485
1642656,0.1259346902370453
1645088,0.1242622435092926
1645296,0.12580087780952454
1645424,0.1185656189918518
1646240,0.11815960705280304
1647296,0.12321772426366806
1652560,0.13121874630451202
1653920,0.1263761669397354
1654480,0.12362831830978394
1654928,0.12810762226581573
1656112,0.12813632190227509
1660640,0.13125008344650269
1660720,0.1256622076034546
1661104,0.1268477886915207
1662752,0.11183901131153107
1662816,0.12405988574028015
1663376,0.11276938766241074
1663744,0.10319551825523376
1664192,0.11657136678695679
1664624,0.12774313986301422
1665664,0.12778088450431824
1666912,0.12156698107719421
1668080,0.12234997749328613
1668704,0.131166011095047
1672256,0.126816526055336
1672656,0.1270701289176941
1672848,0.1238119825720787
1673008,0.1196587085723877
1674176,0.10499093681573868
1676256,0.1254914104938507
1676352,0.12765128910541534
1677632,0.1122879609465599
1678688,0.12462618201971054
1679776,0.12939801812171936
1681232,0.11586419492959976
1681936,0.12308201938867569
1683040,0.11398016661405563
1683296,0.12522810697555542
1684864,0.11830539256334305
1685264,0.08811349421739578
1685552,0.12480111420154572
1686208,0.12399624288082123
1686256,0.12434935569763184
1686784,0.1222902461886406
1687584,0.11159409582614899
1688064,0.10620324313640594
1688352,0.11750619113445282
1689808,0.12514765560626984
1689808,0.12554395198822021
1690768,0.10413075238466263
1691552,0.11986543238162994
1693888,0.12057217955589294
1695104,0.1252884864807129
1695120,0.12234724313020706
1695536,0.12749485671520233
1696080,0.11678233742713928
1696352,0.1260838657617569
1698384,0.12439385801553726
1698704,0.12155794352293015
1698784,0.10834936797618866
1698944,0.10825388133525848
1699024,0.10269323736429214
1699120,0.12314588576555252
1702352,0.12334024906158447
1702624,0.1232033520936966
1703072,0.1202644631266594
1703520,0.09930966049432755
1705424,0.12577040493488312
1706592,0.07293763011693954
1708896,0.12646803259849548
1709152,0.1214488223195076
1709728,0.12334992736577988
1709872,0.12661753594875336
1710096,0.1210772916674614
1711696,0.1242033988237381
1712384,0.12356465309858322
1713760,0.11378731578588486
1714656,0.12647128105163574
1716000,0.11478191614151001
1716112,0.11833799630403519
1716208,0.09940999001264572
1717248,0.11986120045185089
1718480,0.12714026868343353
1719008,0.12270582467317581
1720384,0.12253377586603165
1723312,0.12851642072200775
1723968,0.12530657649040222
1725664,0.09559699892997742
1726304,0.11309104412794113
1726880,0.12200970202684402
1730464,0.12072936445474625
1730768,0.11441206932067871
1731472,0.12365606427192688
1732240,0.11701776087284088
1732368,0.12263511121273041
1732688,0.1151394173502922
1732752,0.12284109741449356
1733824,0.12192176282405853
1735920,0.1216982826590538
1736048,0.11016925424337387
1736272,0.125721275806427
1737568,0.12400124967098236
1737856,0.12623028457164764
1738624,0.12706486880779266
1739952,0.12268112599849701
1743152,0.11884773522615433
1745120,0.12171043455600739
1746096,0.11488710343837738
1746640,0.11933751404285431
1746736,0.12588737905025482
1747024,0.1211167499423027
1748320,0.11844391375780106
1749056,0.12091469764709473
1750640,0.12699280679225922
1753152,0.12369294464588165
1755760,0.12926332652568817
1756704,0.12574397027492523
1761168,0.12385515123605728
1762624,0.12512104213237762
1764448,0.12508665025234222
1764736,0.12509676814079285
1764960,0.10095030814409256
1765184,0.09651865065097809
1765648,0.11306401342153549
1765744,0.12427284568548203
1766384,0.11716187000274658
1768560,0.12554194033145905
1768912,0.11412190645933151
1770640,0.12607190012931824
1772576,0.11244996637105942
1772928,0.11817561835050583
1773136,0.11891534179449081
1776288,0.12543584406375885
1777072,0.12430761754512787
1779712,0.12630446255207062
1780032,0.12748056650161743
1781744,0.12141162902116776
1782432,0.1192169114947319
1787888,0.12711390852928162
1789056,0.12887954711914062
1789600,0.12069586664438248
1790016,0.12432488799095154
1790768,0.1256759762763977
1792016,0.1204654648900032
1796080,0.12740789353847504
1796896,0.12353614717721939
1799120,0.12765881419181824
1800512,0.12707549333572388
1802064,0.12400062382221222
1803392,0.12933140993118286
1804096,0.1250273585319519
1805792,0.12573140859603882
1806480,0.1288703829050064
1807632,0.12229350209236145
1807888,0.11976458132266998
1807920,0.12025239318609238
1808816,0.11653678119182587
1809328,0.12095965445041656
1809424,0.12021586298942566
1811264,0.1267462968826294
1811600,0.10069482028484344
1812384,0.12233494967222214
1812544,0.1213352382183075
1812832,0.1240018904209137
1812896,0.12503857910633087
1813744,0.12223424762487411
1814128,0.1273401528596878
1815024,0.1261070966720581
1819520,0.12927287817001343
1819728,0.12257268279790878
1820000,0.12630924582481384
1822128,0.12438321113586426
1822160,0.1134323924779892
1823616,0.12069110572338104
1824368,0.12977974116802216
1825008,0.10666318982839584
1825440,0.12387177348136902
1825696,0.12896038591861725
1826944,0.12739060819149017
1827168,0.12330570071935654
1829392,0.12804393470287323
1831440,0.1277647763490677
1831936,0.12479890137910843
1832448,0.12628339231014252
1834000,0.12970514595508575
1835504,0.12919242680072784
1835936,0.10915045440196991
1836176,0.1271040439605713
1837440,0.11723420768976212
1838992,0.12272126972675323
1839216,0.1255730390548706
1839536,0.12470419704914093
1840048,0.12702779471874237
1840688,0.12878210842609406
1841008,0.1259862184524536
1842512,0.1263638138771057
1843536,0.13018126785755157
1844640,0.12783539295196533
1845344,0.10511520504951477
1846048,0.12713214755058289
1846416,0.11538948118686676
1847216,0.12565527856349945
1847680,0.12879109382629395
1849584,0.11758116632699966
1850176,0.12433986365795135
1851712,0.127770334482193
1851728,0.1287577897310257
1851792,0.12408235669136047
1852400,0.12874415516853333
1852736,0.1224997267127037
1853488,0.12324110418558121
1853520,0.12554435431957245
1855360,0.12910594046115875
1856272,0.12471537292003632
1856736,0.11113783717155457
1857584,0.12928682565689087
1860592,0.12803326547145844
1861808,0.11332285404205322
1862336,0.12432273477315903
1862544,0.12677541375160217
1864016,0.12022830545902252
1866496,0.10399070382118225
1867312,0.1253250688314438
1867840,0.13045980036258698
1870880,0.1256992518901825
1873488,0.12982487678527832
1874736,0.12872157990932465
1875056,0.1246296614408493
1876576,0.12283831089735031
1876832,0.12192251533269882
1877024,0.1276901811361313
1877136,0.12869714200496674
1878176,0.12082885205745697
1879232,0.12853963673114777
1879600,0.12097284942865372
1880144,0.12575668096542358
1880320,0.13007786870002747
1881648,0.12634600698947906
1881728,0.12432043999433517
1882688,0.11210191994905472
1882736,0.12403351813554764
1883936,0.12360908091068268
1885024,0.12484586983919144
1885104,0.13117608428001404
1885808,0.11599881201982498
1886336,0.11606889218091965
1887312,0.1285223811864853
1888624,0.12630881369113922
1888864,0.1230403408408165
1891088,0.12785924971103668
1894848,0.12593546509742737
1895520,0.1290859580039978
1898624,0.12403248250484467
1899232,0.12298759818077087
1899392,0.12205563485622406
1901952,0.12445068359375
1902448,0.10678505897521973
1903648,0.12489181011915207
1908016,0.12422271817922592
1909120,0.11828936636447906
1909152,0.11708173155784607
1909808,0.1268996298313141
1910880,0.12003051489591599
1911584,0.12181683629751205
1912352,0.1248711422085762
1913392,0.12342715263366699
1913664,0.12257643789052963
1915200,0.1254931390285492
1915248,0.1185082420706749
1916272,0.11661504209041595
1917072,0.11939167231321335
1917472,0.12160734087228775
1918592,0.0981144830584526
1919072,0.12345928698778152
1919488,0.11770119518041611
1919936,0.12120405584573746
1922480,0.11677270382642746
1925872,0.12435609847307205
1925872,0.11737693846225739
1925936,0.12804464995861053
1926688,0.12145030498504639
1927072,0.1219332218170166
1927264,0.12430828809738159
1929392,0.12010440975427628
1929472,0.11745316535234451
1931568,0.09734313189983368
1932672,0.12381026148796082
1932992,0.1281275749206543
1933024,0.11992993205785751
1933088,0.12736934423446655
1935152,0.10633067786693573
1935744,0.11536429077386856
1936192,0.1221618503332138
1936640,0.1268218606710434
1937792,0.11127911508083344
1939136,0.12355651706457138
1939488,0.12666437029838562
1941584,0.1263265460729599
1942016,0.12061574310064316
1942240,0.0946967676281929
1942816,0.1203223168849945
1943328,0.12378887087106705
1945056,0.12331759929656982
1945664,0.11570145189762115
1945952,0.11711462587118149
1947152,0.12181667238473892
1948544,0.1201622411608696
1950304,0.06727448850870132
1950544,0.12554433941841125
1951728,0.10047844052314758
1952032,0.12226555496454239
1952384,0.07092656195163727
1952992,0.11884374171495438
1953248,0.10803385823965073
1954208,0.11825764924287796
1954464,0.12107551097869873
1955664,0.12382416427135468
1955888,0.12775665521621704
1956336,0.12814214825630188
1956544,0.0805295780301094
1957296,0.1111016497015953
1959216,0.12146862596273422
1960448,0.10931524634361267
1960928,0.12456819415092468
1962416,0.11615224182605743
1962592,0.11366669088602066
1963600,0.12195594608783722
1963888,0.09848980605602264
1965328,0.11616409569978714
1965456,0.12610383331775665
1965760,0.12461231648921967
1967280,0.11687035858631134
1968224,0.0794377475976944
1968528,0.11115548014640808
1969264,0.10991978645324707
1969856,0.12344391644001007
1970032,0.12074199318885803
1971024,0.1023908481001854
1971552,0.12136216461658478
1971648,0.10415899008512497
1971936,0.09907889366149902
1975264,0.12812398374080658
1976320,0.12550806999206543
1977120,0.12251947820186615
1977248,0.12140030413866043
1977968,0.12494894117116928
1978080,0.12311200797557831
1978512,0.10647769272327423
1978816,0.12182451039552689
1979872,0.11460058391094208
1980448,0.1230398491024971
1981584,0.09883840382099152
1982352,0.12511873245239258
1983952,0.12668508291244507
1984176,0.13099122047424316
1987104,0.12079084664583206
1988032,0.12099897116422653
1988608,0.11542882770299911
1990320,0.1257781982421875
1991312,0.11023447662591934
1991584,0.09615910053253174
1992080,0.1129138320684433
1993008,0.12413544207811356
1995104,0.11375851184129715
1997968,0.13011534512043
1998144,0.12208442389965057
1998288,0.12940450012683868
1998496,0.12487897276878357
2002032,0.12654611468315125
2002160,0.11360612511634827
2002208,0.1258564442396164
2002960,0.12196599692106247
2004544,0.11888312548398972
2005040,0.12282519042491913
2005408,0.12192154675722122
2006160,0.11765019595623016
2006464,0.12630271911621094
2007280,0.12456478178501129
2008336,0.12105505168437958
2008624,0.11803654581308365
2008768,0.13125216960906982
2008816,0.1270529329776764
2009008,0.12564878165721893
2013872,0.10588298738002777
2014528,0.11719124019145966
2015504,0.11322915554046631
2015696,0.11687983572483063
2016112,0.12268678843975067
2021056,0.121677927672863
2022496,0.11943522840738297
2022528,0.12236451357603073
2022768,0.12633264064788818
2023264,0.13007645308971405
2026064,0.12336675822734833
2026464,0.12080225348472595
2026608,0.12278082221746445
2027872,0.12811614573001862
2028800,0.12497074156999588
2030512,0.11962233483791351
2031392,0.12356477230787277
2032336,0.12831708788871765
2034864,0.12488577514886856
2035536,0.10925289988517761
2035696,0.12632347643375397
2038512,0.12444617599248886
2040608,0.13138149678707123
2040912,0.12282099574804306
2041984,0.12387016415596008
2042768,0.12427570670843124
2043872,0.12670710682868958
2044464,0.12267708778381348
2046032,0.12842148542404175
2047216,0.12195831537246704
2047456,0.122647725045681
2047984,0.12568211555480957
2048160,0.12817347049713135
2049936,0.12695243954658508
2050784,0.12455320358276367
2051424,0.1171363815665245
2053040,0.12153802812099457
2053264,0.12129096686840057
2053504,0.12235662341117859
2055232,0.12047077715396881
2056656,0.12304918467998505
2058608,0.12376953661441803
2059264,0.11593663692474365
2063328,0.1274051070213318
2063968,0.12791642546653748
2064944,0.09250307083129883
2066416,0.12480898201465607
2068112,0.12491380423307419
2075904,0.12815245985984802
2076272,0.12118296325206757
2076752,0.12362504750490189
2077392,0.12121191620826721
2077584,0.12327703833580017
2078208,0.12361718714237213
2081824,0.11937841773033142
2083488,0.12098776549100876
2083536,0.12679173052310944
2083616,0.12517431378364563
2085424,0.12527526915073395
2085424,0.12775498628616333
2085888,0.12093658745288849
2086688,0.1174127534031868
2087040,0.12606213986873627
2087056,0.13095153868198395
2087456,0.1260058432817459
2089616,0.11316531151533127
2090176,0.12384062260389328
2092368,0.1227034404873848
2093776,0.12190831452608109
2094160,0.12922723591327667
2094176,0.12511543929576874
2095088,0.12890994548797607
2099600,0.12707462906837463
2100192,0.12182013690471649
2101328,0.11942212283611298
2102976,0.1251029372215271
2103136,0.12202250212430954
2104432,0.13013024628162384
2106544,0.12446627020835876
2107952,0.1145981177687645
2108736,0.12487466633319855
2111936,0.12463406473398209
2113104,0.13006792962551117
2113920,0.12773559987545013
2114880,0.10320750623941422
2114880,0.1261931210756302
2115248,0.12993967533111572
2116832,0.12373243272304535
2117392,0.1241229921579361
2118368,0.1277277022600174
2118816,0.11996825039386749
2119824,0.12912796437740326
2119952,0.10270315408706665
2120240,0.12237802147865295
2122032,0.1262233853340149
2122992,0.12162467837333679
2124576,0.12478441745042801
2126528,0.12772373855113983
2126880,0.12216830253601074
2128176,0.11804576963186264
2130880,0.12744013965129852
2131744,0.12617792189121246
2132048,0.12422984838485718
2133760,0.12666036188602448
2134016,0.12622793018817902
2134208,0.12382803112268448
2134384,0.12551993131637573
2135680,0.12510864436626434
2135696,0.12109792977571487
2138848,0.12652269005775452
2143184,0.1269746571779251
2144464,0.13197903335094452
2144864,0.12539181113243103
2144944,0.12741389870643616
2145120,0.12628307938575745
2145216,0.12690946459770203
2146352,0.1276160031557083
2146720,0.12480985373258591
2149856,0.1242901012301445
2151040,0.12393438071012497
2151984,0.12818318605422974
2152512,0.10292982310056686
2156608,0.1186707466840744
2159824,0.12908467650413513
2160416,0.12851083278656006
2160720,0.1164429634809494
2160752,0.1107533797621727
2160784,0.1253393292427063
2161456,0.12369375675916672
2163232,0.12818333506584167
2163328,0.12781710922718048
2163920,0.12521687150001526
2164272,0.12968821823596954
2166240,0.12355180084705353
2166448,0.12696032226085663
2166592,0.11489357054233551
2167856,0.12237418442964554
2168160,0.1247306615114212
2169392,0.10223399102687836
2172560,0.11564425379037857
2172624,0.12098007649183273
2173280,0.12069448083639145
2174944,0.1244412288069725
2176720,0.1255471408367157
2178672,0.11396482586860657
2180208,0.12541110813617706
2180512,0.12972994148731232
2181152,0.12247975170612335
2183760,0.1227530986070633
2184080,0.12421604245901108
2184288,0.12511534988880157
2184704,0.1262510120868683
2185520,0.126419797539711
2185728,0.1224234327673912
2188112,0.1249362975358963
2188240,0.12483328580856323
2188944,0.1258961260318756
2189264,0.12220088392496109
2191600,0.12761768698692322
2192352,0.10692597925662994
2194304,0.13070790469646454
2195440,0.12355098873376846
2195904,0.120705246925354
2195952,0.12750980257987976
2196112,0.12791511416435242
2197520,0.12952348589897156
2197776,0.12716791033744812
2201920,0.12546798586845398
2204720,0.12134493887424469
2205408,0.12578707933425903
2206608,0.12655356526374817
2206720,0.1258908361196518
2207632,0.1210162341594696
2207840,0.11894938349723816
2207888,0.11879289150238037
2208336,0.1255701333284378
2210288,0.12508952617645264
2211424,0.12394827604293823
2213136,0.12217576801776886
2214896,0.12223593145608902
2215408,0.12361566722393036
2216064,0.11784157902002335
2217568,0.1296924203634262
2217616,0.12620651721954346
2217776,0.1264684498310089
2219008,0.12013304233551025
2219728,0.12023675441741943
2221184,0.12549372017383575
2222704,0.12403695285320282
2223248,0.1272042989730835
2223792,0.12473218142986298
2226032,0.11572395265102386
2226928,0.12604130804538727
2227392,0.12641142308712006
2227408,0.12933537364006042
2227824,0.12592047452926636
2228176,0.12234341353178024
2228528,0.12467353790998459
2230544,0.12312968820333481
2230976,0.12059149891138077
2231856,0.12493430823087692
2232128,0.12833867967128754
2232272,0.10848846286535263
2232448,0.12303628772497177
2234144,0.12120013684034348
2237056,0.10673333704471588
2237664,0.124293252825737
2237952,0.11302991211414337
2238016,0.12567922472953796
2239136,0.121152862906456
2239408,0.12388381361961365
2241008,0.11137235909700394
2241424,0.11575289070606232
2243680,0.11293745040893555
2243712,0.12058773636817932
2244352,0.07871528714895248
2245968,0.1247805580496788
2246560,0.10337954759597778
2247632,0.12090707570314407
2248800,0.11256144940853119
2248816,0.11691258102655411
2250304,0.11964494735002518
2250976,0.12166763097047806
2252256,0.12402679026126862
2254576,0.12374046444892883
2254992,0.11426066607236862
2255808,0.12002624571323395
2257600,0.1248396709561348
2257920,0.1058545857667923
2258144,0.11906104534864426
2258864,0.0929235965013504
2259504,0.11879914253950119
2260240,0.12154565751552582
2261168,0.1258479803800583
2264800,0.12716718018054962
2266032,0.12704555690288544
2266560,0.12375310808420181
2267120,0.12457356601953506
2267472,0.12199626863002777
2267552,0.11672995984554291
2268416,0.1193215399980545
2270128,0.12439865618944168
2271104,0.12675462663173676
2272304,0.09419014304876328
2273776,0.12390708923339844
2274176,0.120546355843544
2274464,0.12011026591062546
2275008,0.12319003790616989
2275104,0.11885570734739304
2275936,0.12150457501411438
2276288,0.11509820073843002
2277232,0.12620261311531067
2277312,0.12405415624380112
2277328,0.12362973392009735
2277888,0.12490533292293549
2279456,0.12420200556516647
2280064,0.12560613453388214
2280992,0.11827616393566132
2281456,0.12020839750766754
2281856,0.12799938023090363
2285264,0.12715278565883636
2286224,0.11606335639953613
2286848,0.12326502799987793
2287184,0.12051662802696228
2287728,0.11699651181697845
2288896,0.08264996111392975
2289056,0.12358193844556808
2290448,0.1167244017124176
2290752,0.11416073143482208
2291904,0.1292039006948471
2294688,0.12149883061647415
2295728,0.11527546495199203
2296416,0.10259492695331573
2298000,0.11372051388025284
2299696,0.12725922465324402
2304896,0.12322127819061279
2304944,0.11043691635131836
2305504,0.11014093458652496
2305632,0.12027981132268906
2306768,0.12079301476478577
2306976,0.12818385660648346
2308512,0.1251690685749054
2310288,0.1260976493358612
2312560,0.12306641042232513
2313792,0.11337647587060928
2313920,0.11601230502128601
2314032,0.12243854254484177
2316160,0.11500254273414612
2316768,0.12493825703859329
2317616,0.11962205171585083
2319152,0.12678329646587372
2319904,0.12612521648406982
2321296,0.10815314203500748
2323456,0.12537556886672974
2323632,0.1118219643831253
2324464,0.12495873868465424
2327872,0.11832907050848007
2328512,0.13000068068504333
2328832,0.12851452827453613
2328880,0.11741115152835846
2329408,0.12126024067401886
2331568,0.1265571266412735
2331568,0.12635773420333862
2332432,0.12411705404520035
2334400,0.12400959432125092
2335008,0.12165458500385284
2335104,0.1242917850613594
2335920,0.12476475536823273
2337936,0.12023021280765533
2338688,0.1287185549736023
2339488,0.12551988661289215
2339504,0.12383641302585602
2339632,0.13222789764404297
2342064,0.12598256766796112
2342336,0.12253032624721527
2343024,0.12454327195882797
2343728,0.12669968605041504
2345696,0.12570862472057343
2345728,0.12439069151878357
2346080,0.1261727511882782
2348704,0.11627823114395142
2349312,0.12246682494878769
2350176,0.1190037876367569
2352032,0.11286720633506775
2352832,0.10124258697032928
2352896,0.07415290921926498
2355184,0.12486129254102707
2355392,0.11854080855846405
2357344,0.125580295920372
2358944,0.125144362449646
2359040,0.1081327274441719
2360192,0.12208108603954315
2361456,0.1238713189959526
2361600,0.11457285284996033
2362336,0.12682496011257172
2362528,0.12526582181453705
2362768,0.11984559893608093
2364336,0.11985259503126144
2365136,0.09485433995723724
2365872,0.1248495802283287
2366192,0.1082787960767746
2366304,0.1147921085357666
2368512,0.12405972182750702
2368960,0.12406256794929504
2372224,0.10954561829566956
2373040,0.12583553791046143
2375072,0.11860805004835129
2375232,0.12819324433803558
2375728,0.12183213979005814
2376016,0.1248985230922699
2377168,0.12126537412405014
2378384,0.12516480684280396
2378576,0.11775527149438858
2378960,0.12689194083213806
2380720,0.12179813534021378
2381232,0.12761880457401276
2381408,0.12825390696525574
2381488,0.12352621555328369
2381824,0.125202015042305
2383184,0.12767478823661804
2384848,0.12321404367685318
2385424,0.12446767091751099
2385872,0.11820650845766068
2386080,0.1202603355050087
2388528,0.13023358583450317
2388928,0.11794431507587433
2389648,0.1294451504945755
2389776,0.12323669344186783
2391424,0.12534496188163757
2392000,0.12217031419277191
2392544,0.1267763078212738
2393072,0.11454659700393677
2394560,0.12555186450481415
2395392,0.12465687841176987
2395472,0.12450490891933441
2395552,0.12107571959495544
2398256,0.1271299421787262
2399744,0.12523680925369263
2399776,0.1283906102180481
2401728,0.12279707938432693
2402400,0.11818573623895645
2402560,0.1283503919839859
2402608,0.127431720495224
2402608,0.12342477589845657
2403312,0.1262950897216797
2403600,0.12846770882606506
2404288,0.09606553614139557
2405120,0.1133321225643158
2406096,0.12280402332544327
2409712,0.11987002193927765
2410272,0.12501920759677887
2412256,0.12536557018756866
2412400,0.12219250947237015
2413280,0.12641865015029907
2413872,0.12524031102657318
2415040,0.12413773685693741
2415776,0.12520083785057068
2415808,0.12762320041656494
2415968,0.12787030637264252
2417312,0.12811672687530518
2419664,0.12222188711166382
2420240,0.12751267850399017
2420400,0.10328865051269531
2421216,0.12167704850435257
2421568,0.1048336997628212
2422160,0.12176916003227234
2422208,0.11606854200363159
2423040,0.12312435358762741
2424000,0.12616634368896484
2424816,0.11801304668188095
2424944,0.1245768740773201
2427712,0.11196556687355042
2428160,0.12968556582927704
2428448,0.11304417252540588
2428512,0.12304676324129105
2431536,0.12989942729473114
2431952,0.12559211254119873
2431984,0.12276440113782883
2432816,0.12272725999355316
2434560,0.11644890159368515
2439120,0.12592774629592896
2439136,0.12245997786521912
2439168,0.11581077426671982
2442320,0.12872755527496338
2442912,0.09444531798362732
2443424,0.1296156495809555
2443552,0.09863656759262085
2444112,0.1190154179930687
2446384,0.11917561292648315
2446576,0.12322760373353958
2446960,0.12408486008644104
2448560,0.12628330290317535
2448864,0.12485321611166
2448912,0.1194252073764801
2450144,0.12398301064968109
2450480,0.12158661335706711
2451312,0.12118356674909592
2451552,0.11665775626897812
2452080,0.12279747426509857
2453040,0.11964975297451019
2453360,0.12464522570371628
2455104,0.1288103461265564
2456624,0.12166918814182281
2456752,0.09985225647687912
2457440,0.11600637435913086
2457600,0.1255742460489273
2457808,0.12802161276340485
2459152,0.12236720323562622
2459936,0.1296870857477188
2460832,0.11371686309576035
2463440,0.13003422319889069
2464096,0.12298458814620972
2465520,0.10680894553661346
2467968,0.12177064269781113
2468224,0.12458361685276031
2469104,0.12810134887695312
2469424,0.1261923611164093
2470672,0.12002857029438019
2471792,0.12924811244010925
2472640,0.12703680992126465
2473184,0.09220080077648163
2473472,0.12119077146053314
2474800,0.12492622435092926
2480496,0.11708474904298782
2481696,0.1283579170703888
2483312,0.1259189248085022
2484912,0.1283309906721115
2486832,0.1271788775920868
2487616,0.12037421017885208
2489584,0.12297237664461136
2489936,0.1296246349811554
2491152,0.12715953588485718
2491200,0.13036368787288666
2491888,0.10948782414197922
2494624,0.13112135231494904
2494656,0.12774856388568878
2495360,0.1302935779094696
2498208,0.12332545220851898
2498256,0.12181878089904785
2498912,0.12344729155302048
2499056,0.128825381398201
2500624,0.12914127111434937
2500912,0.09513097256422043
2501056,0.12123806029558182
2504752,0.12718342244625092
2505152,0.12360814958810806
2505264,0.1231851577758789
2505280,0.1272188425064087
2508208,0.1161462590098381
2508736,0.1305345892906189
2509408,0.12835922837257385
2510096,0.12209546566009521
2512160,0.12029673159122467
2513568,0.1279841661453247
2515152,0.1221616119146347
2518560,0.12705637514591217
2519520,0.1212419718503952
2519584,0.12505178153514862
2520640,0.12065255641937256
2523088,0.11969920992851257
2523168,0.12162244319915771
2523424,0.1183413490653038
2524768,0.12389568984508514
2524832,0.12028461694717407
2525360,0.12272745370864868
2525776,0.12856923043727875
2526064,0.125249981880188
2526336,0.12270282208919525
2527296,0.1180935949087143
2527696,0.10671043395996094
2528432,0.1232931986451149
2529232,0.12603749334812164
2530800,0.1276034116744995
2531792,0.12821660935878754
2532400,0.12474235147237778
2533296,0.11256176233291626
2533824,0.12558045983314514
2533888,0.12139963358640671
2535312,0.1187809556722641
2536352,0.12866367399692535
2536640,0.12259907275438309
2537888,0.12408769875764847
2538656,0.12512390315532684
2539072,0.1283116191625595
2539872,0.1187310442328453
2540176,0.12675026059150696
2541408,0.12452439963817596
2542080,0.11619536578655243
2543168,0.10383976995944977
2543584,0.1179896742105484
2545392,0.13342680037021637
2545952,0.12626653909683228
2546784,0.12426210194826126
2547584,0.11469590663909912
2548848,0.12318182736635208
2548976,0.11725051701068878
2550096,0.1217358186841011
2550352,0.12528572976589203
2550832,0.12816987931728363
2551808,0.12411082535982132
2553056,0.11488272249698639
2553504,0.11887853592634201
2555696,0.1272847056388855
2557376,0.12306376546621323
2557456,0.10603278875350952
2559168,0.12252979725599289
2560384,0.12573842704296112
2561008,0.12262529134750366
2563136,0.12652383744716644
2563744,0.12115716934204102
2564784,0.1255314201116562
2565040,0.12054023891687393
2566304,0.12753567099571228
2568048,0.125942662358284
2568624,0.12756729125976562
2570480,0.119965098798275
2570992,0.12436192482709885
2571328,0.128538116812706
2571536,0.1290597766637802
2571952,0.1218767985701561
2572144,0.12174836546182632
2575664,0.12601417303085327
2578176,0.12788255512714386
2578352,0.12883596122264862
2580432,0.10544244945049286
2580784,0.11958429962396622
2581088,0.11921925842761993
2582800,0.12215125560760498
2582896,0.12542912364006042
2584096,0.12702547013759613
2584272,0.12604573369026184
2584624,0.1283784657716751
2585936,0.1201731488108635
2586624,0.12723350524902344
2587312,0.12153825908899307
2587520,0.12041811645030975
2588832,0.12349054962396622
2589040,0.12206204980611801
2589360,0.12508074939250946
2590592,0.10915494710206985
2591648,0.12439306080341339
2593104,0.130674809217453
2593520,0.12431156635284424
2595328,0.11874238401651382
2598208,0.10567151755094528
2599504,0.10781311243772507
2603152,0.12401332706212997
2604512,0.12198329716920853
2605248,0.1219351664185524
2608400,0.12245410680770874
2609744,0.10898584872484207
2610592,0.1251382827758789
2611744,0.12226235121488571
2613280,0.11946528404951096
2613808,0.12258577346801758
2614304,0.12855611741542816
2616880,0.1223210021853447
2617856,0.12315019220113754
2618208,0.12527577579021454
2618592,0.1261122077703476
2620400,0.12060524523258209
2621536,0.12091542780399323
2622000,0.13184215128421783
2622224,0.12272997200489044
2624624,0.12416400015354156
2627024,0.11906930059194565
2628464,0.11298772692680359
2628496,0.12604692578315735
2628608,0.12233396619558334
2629760,0.11122952401638031
2632096,0.12249816209077835
2632880,0.12823612987995148
2634208,0.12709414958953857
2635712,0.12310986965894699
2636208,0.12651187181472778
2636736,0.12997587025165558
2637856,0.09966922551393509
2638000,0.12518401443958282
2639776,0.12859567999839783
2639904,0.12470465898513794
2641200,0.12381897866725922
2641952,0.11711549013853073
2644608,0.10336779057979584
2645328,0.12640438973903656
2645424,0.1239992156624794
2647472,0.12391356378793716
2648112,0.1217634379863739
2648304,0.12442589551210403
2649008,0.12553055584430695
2650112,0.12739336490631104
2651024,0.1261914074420929
2651104,0.1263713538646698
2651744,0.12188549339771271
2655200,0.1280527561903
2655312,0.12336792051792145
2656080,0.12669481337070465
2656752,0.12445488572120667
2657040,0.12298325449228287
2658160,0.12603196501731873
2659104,0.11862591654062271
2659664,0.12717144191265106
2660208,0.09232213348150253
2662080,0.1239343211054802
2662688,0.12485945224761963
2663872,0.12887954711914062
2663936,0.12640997767448425
2664752,0.1048588752746582
2665264,0.12442906945943832
2667552,0.12207506597042084
2667792,0.12128296494483948
2668752,0.11853291094303131
2669776,0.11759263277053833
2671344,0.1054534837603569
2671888,0.12231694906949997
2672416,0.12360759824514389
2674496,0.12136491388082504
2674928,0.12294941395521164
2675504,0.1180717870593071
2675920,0.12664052844047546
2675984,0.13102933764457703
2678992,0.11978290975093842
2679040,0.12027593702077866
2679504,0.12997621297836304
2679616,0.11841040104627609
2682464,0.12291144579648972
2683104,0.1127043291926384
2684320,0.1280817836523056
2685584,0.12809525430202484
2686160,0.12373023480176926
2687040,0.12201877683401108
2688368,0.11419125646352768
2688880,0.11267855763435364
2690240,0.11075350642204285
2695440,0.12245666235685349
2695616,0.10219355672597885
2696576,0.12341050803661346
2698960,0.1254955232143402
2699152,0.12636183202266693
2699744,0.122282974421978
2701664,0.12070780992507935
2702528,0.12728922069072723
2702688,0.1247813031077385
2703376,0.12070946395397186
2704416,0.11889036744832993
2705248,0.11880409717559814
2707296,0.1269339919090271
2707344,0.1238376721739769
2707344,0.11881586909294128
2709088,0.10603126138448715
2709616,0.11623933911323547
2709744,0.09481305629014969
2710864,0.12053373456001282
2712592,0.11835923790931702
2714368,0.11997879296541214
2716064,0.12673771381378174
2716832,0.12157229334115982
2717120,0.07840707153081894
2717584,0.12909482419490814
2718016,0.12175268679857254
2719424,0.1209375262260437
2719696,0.12512901425361633
2721392,0.12210648506879807
2722816,0.1275566965341568
2723904,0.1224769875407219
2723904,0.12432320415973663
2724224,0.11975952982902527
2725328,0.11406408995389938
2727056,0.12326110899448395
2727808,0.11929738521575928
2729232,0.12437213957309723
2729424,0.12584857642650604
2730272,0.12443028390407562
2731328,0.12392187863588333
2733360,0.12503065168857574
2733808,0.124727264046669
2734976,0.13152939081192017
2735248,0.12731552124023438
2735584,0.12504854798316956
2735904,0.12084659188985825
2736880,0.11898766458034515
2737376,0.12570670247077942
2738336,0.11933248490095139
2738496,0.11965666711330414
2741712,0.12799659371376038
2742096,0.09616151452064514
2745184,0.12795618176460266
2745840,0.1286880522966385
2746976,0.11739185452461243
2748960,0.11849778890609741
2749296,0.12242624908685684
2749664,0.12439858913421631
2749872,0.12919266521930695
2751488,0.12564606964588165
2754160,0.12440219521522522
2756048,0.1265162080526352
2756096,0.11507131904363632
2756336,0.12009798735380173
2758672,0.12534646689891815
2758704,0.12581957876682281
2759632,0.1310138702392578
2759824,0.12668228149414062
2759920,0.12607738375663757
2760304,0.12476886808872223
2760976,0.1275855302810669
2762864,0.12654870748519897
2763424,0.12689194083213806
2764032,0.1107078567147255
2765888,0.12077920138835907
2768256,0.12509198486804962
2768592,0.12566718459129333
2769248,0.12898585200309753
2769600,0.09227561205625534
2771840,0.12781351804733276
2771968,0.11270642280578613
2772144,0.12047629803419113
2772960,0.09857740998268127
2773376,0.12270719558000565
2773728,0.09271202981472015
2774336,0.11800090223550797
2774576,0.12382019311189651
2776880,0.10505718737840652
2777776,0.12669530510902405
2779056,0.12572044134140015
2781760,0.12241008877754211
2783552,0.1245892271399498
2784352,0.12246198952198029
2784544,0.12353038787841797
2787936,0.12110551446676254
2789664,0.11992315202951431
2790240,0.12235661596059799
2790496,0.11982811987400055
2790848,0.11708378791809082
2791168,0.12943431735038757
2793008,0.129538893699646
2793264,0.0969507172703743
2793744,0.12351390719413757
2794096,0.11823594570159912
2794752,0.12082882970571518
2795728,0.12438052892684937
2796640,0.12342438846826553
2797888,0.11644607037305832
2798032,0.1251850724220276
2798720,0.12910299003124237
2801584,0.10896217077970505
2802992,0.12135662138462067
2803760,0.12126050144433975
2804240,0.126479834318161
2804400,0.1224546805024147
2805984,0.11550506949424744
2806480,0.12402258813381195
2807968,0.0884573757648468
2808656,0.11684058606624603
2809472,0.12304748594760895
2810160,0.12527979910373688
2810864,0.12738054990768433
2811648,0.12222258746623993
2812880,0.12542279064655304
2812928,0.07705269753932953
2813760,0.12952791154384613
2814432,0.1181880310177803
2815024,0.12462956458330154
2816480,0.12914732098579407
2818608,0.12823665142059326
2818736,0.1284092664718628
2820272,0.10128268599510193
2822784,0.1197720542550087
2823232,0.1234343945980072
2824480,0.12499373406171799
2826144,0.12481670081615448
2828096,0.12007687240839005
2828640,0.12843681871891022
2829440,0.12728533148765564
2830880,0.12144120037555695
2832352,0.11738437414169312
2833136,0.12524396181106567
2833152,0.12230993062257767
2833856,0.126491978764534
2834256,0.12754179537296295
2835936,0.11965151131153107
2836400,0.11941852420568466
2837792,0.11079828441143036
2838848,0.126792773604393
2838928,0.11731290817260742
2840096,0.12664636969566345
2840272,0.12204468995332718
2840960,0.12171158939599991
2841024,0.11856703460216522
2841616,0.12581387162208557
2841648,0.1102055162191391
2842352,0.12498272955417633
2842832,0.12413402646780014
2844192,0.12572793662548065
2844208,0.12745040655136108
2847344,0.12385953962802887
2848736,0.12501639127731323
2849392,0.1264982521533966
2850928,0.12336566299200058
2850992,0.11834821105003357
2852368,0.1250368058681488
2854560,0.12324544042348862
2854896,0.12517069280147552
2856528,0.12273035198450089
2856992,0.1247396394610405
2857328,0.12737417221069336
2858896,0.12513776123523712
2860480,0.12286398559808731
2861952,0.12168236076831818
2862384,0.12606549263000488
2864400,0.12264134734869003
2864688,0.13003884255886078
2866224,0.12031668424606323
2866304,0.09986311197280884
2866784,0.11885270476341248
2867360,0.10395265370607376
2867952,0.12803825736045837
2869040,0.12222301214933395
2871408,0.1247943863272667
2871456,0.12638111412525177
2874272,0.11696925014257431
2874496,0.11973169445991516
2876144,0.10054705291986465
2876256,0.12642279267311096
2877840,0.12237001955509186
2878176,0.11688035726547241
2878496,0.12756755948066711
2879776,0.12639114260673523
2881328,0.12172801047563553
2881472,0.1271146982908249
2882240,0.11414942145347595
2883392,0.12389399111270905
2883824,0.12065823376178741
2885056,0.11880271881818771
2885600,0.12498850375413895
2885760,0.12167554348707199
2886384,0.13152509927749634
2886656,0.12368398159742355
2886848,0.1225213035941124
2888560,0.12356068193912506
2891264,0.06739138811826706
2892352,0.12375132739543915
2893872,0.1146509200334549
2893920,0.11991346627473831
2896048,0.11720418184995651
2900688,0.12637507915496826
2900896,0.1244763731956482
2901040,0.12687724828720093
2901072,0.12240539491176605
2901424,0.12060389667749405
2901584,0.11601362377405167
2902656,0.12883618474006653
2903568,0.12130270898342133
2904496,0.12417972087860107
2905360,0.12472490221261978
2907232,0.1275128424167633
2907392,0.12325039505958557
2907760,0.12477394193410873
2908560,0.12245365977287292
2908768,0.12825733423233032
2912096,0.12925508618354797
2912272,0.12827366590499878
2912736,0.13105158507823944
2914400,0.1231619194149971
2918144,0.1257334202528
2918672,0.12521949410438538
2918928,0.10825317353010178
2919360,0.1233627200126648
2919760,0.11856435984373093
2921040,0.12130802869796753
2922896,0.13166901469230652
2922960,0.13050468266010284
2923040,0.12586475908756256
2924768,0.12279568612575531
2924944,0.12397755682468414
2925040,0.12682794034481049
2926432,0.1270580291748047
2926512,0.12790971994400024
2930000,0.1252484917640686
2933680,0.12298880517482758
2935888,0.12900294363498688
2936080,0.11457037180662155
2936832,0.12555553019046783
2937360,0.1276712715625763
2939360,0.12666526436805725
2940512,0.12390675395727158
2942992,0.1288217306137085
2946608,0.11826230585575104
2950032,0.12208537757396698
2951120,0.12208814173936844
2951696,0.12983745336532593
2951920,0.1205916553735733
2954144,0.07827030122280121
2955248,0.124486044049263
2958208,0.1258322149515152
2958816,0.12331026792526245
2959264,0.13144323229789734
2960048,0.12144243717193604
2962832,0.11892576515674591
2965856,0.12386208027601242
2966416,0.12313637882471085
2966832,0.12288982421159744
2966832,0.1281018853187561
2966880,0.12829335033893585
2967200,0.11560406535863876
2969376,0.12539535760879517
2970832,0.11998970806598663
2972848,0.12694692611694336
2974992,0.12197522073984146
2975376,0.12638713419437408
2976800,0.13245585560798645
2977088,0.12437716871500015
2981104,0.1250404715538025
2984032,0.13390950858592987
2985824,0.12200695276260376
2987200,0.12591677904129028
2987728,0.13042518496513367
2988128,0.11889991909265518
2990224,0.12690913677215576
2991296,0.12500542402267456
2991936,0.12872444093227386
2993184,0.11272517591714859
2995168,0.1306026577949524
2996224,0.11276596039533615
2996704,0.12592820823192596
2996768,0.12378838658332825
2997328,0.12047801166772842
2998016,0.12727400660514832
2998848,0.12059240788221359
2999584,0.12351254373788834
3000704,0.12815123796463013
3001424,0.11851385235786438
3002208,0.12365002185106277
3002304,0.11171190440654755
3002336,0.11779636144638062
3003856,0.12297141551971436
3005040,0.12484761327505112
3007344,0.12239700555801392
3007360,0.12694306671619415
3009568,0.1206299215555191
3010272,0.11822649091482162
3013088,0.12549179792404175
3013376,0.13146284222602844
3015088,0.12574604153633118
3015312,0.12271048128604889
3015696,0.12497177720069885
3016256,0.12688995897769928
3016656,0.10831218212842941
3018720,0.1270260065793991
3018864,0.12346559017896652
3020256,0.122377410531044
3022112,0.12248510122299194
3023856,0.12586911022663116
3024336,0.1241934671998024
3025616,0.12235677987337112
3025920,0.10610109567642212
3026448,0.1333223432302475
3026896,0.10464024543762207
3026928,0.1163279190659523
3027968,0.122940294444561
3028464,0.11896748840808868
3029472,0.12634053826332092
3029936,0.12294729053974152
3030352,0.12829598784446716
3030432,0.12577179074287415
3031824,0.1264585554599762
3031888,0.12945303320884705
3031920,0.11570416390895844
3034288,0.1273481696844101
3036480,0.12339919805526733
3037008,0.1148814857006073
3038064,0.12783415615558624
3039072,0.12750275433063507
3040768,0.1241472139954567
3041136,0.12687622010707855
3042416,0.12995992600917816
3042480,0.12141598016023636
3043760,0.11898888647556305
3044672,0.12172752618789673
3047680,0.118831105530262
3048784,0.12221603840589523
3050576,0.1296044886112213
3054416,0.125232994556427
3055120,0.10271359980106354
3056160,0.12552277743816376
3056880,0.12030766904354095
3057504,0.1226644366979599
3058640,0.12683933973312378
3058640,0.12212444096803665
3059248,0.12154652178287506
3060416,0.12145081162452698
3060848,0.12106039375066757
3061088,0.1242775097489357
3062288,0.12438300997018814
3062832,0.12550422549247742
3065872,0.12326908856630325
3066672,0.12597784399986267
3066992,0.1212964579463005
3067328,0.10750497132539749
3067968,0.12325432151556015
3068640,0.12394639849662781
3070304,0.1226242184638977
3071424,0.12921801209449768
3072608,0.12116287648677826
3074128,0.12293659150600433
3075232,0.12644894421100616
3077344,0.12757925689220428
3077632,0.12686969339847565
3077728,0.12462913990020752
3078480,0.12674887478351593
3079056,0.12730297446250916
3079136,0.12518692016601562
3080064,0.1265515685081482
3082096,0.12069134414196014
3082608,0.12406191974878311
3083728,0.11610434204339981
3084592,0.1276259571313858
3084848,0.1266452819108963
3085024,0.12293481826782227
3087056,0.12297120690345764
3087200,0.12255650013685226
3087248,0.12905316054821014
3087952,0.12780533730983734
3088496,0.1255940943956375
3089968,0.12626633048057556
3093040,0.11635003983974457
3094272,0.12645289301872253
3095232,0.11770156770944595
3096112,0.1274643987417221
3097088,0.12797126173973083
3097648,0.12271367758512497
3097760,0.12728188931941986
3099744,0.12409074604511261
3100240,0.1227688416838646
3102128,0.09854916483163834
3102624,0.12557846307754517
3102960,0.12518683075904846
3105520,0.11768073588609695
3106400,0.12689274549484253
3106592,0.1232929527759552
3107328,0.12380971014499664
3107824,0.12681636214256287
3109536,0.12185431271791458
3109952,0.12757335603237152
3110112,0.13431987166404724
3113056,0.1289849877357483
3113984,0.13117408752441406
3117312,0.12694306671619415
3117504,0.12838177382946014
3119632,0.12493529170751572
3119824,0.1239820122718811
3120192,0.1252395659685135
3120352,0.1278286874294281
3120800,0.12518510222434998
3121072,0.1263500303030014
3121104,0.1294306069612503
3122016,0.12639161944389343
3124624,0.12626230716705322
3124720,0.12190539389848709
3126048,0.12622135877609253
3127360,0.10538969933986664
3130768,0.12574400007724762
3131408,0.12653674185276031
3131488,0.1328057050704956
3131696,0.12562891840934753
3131792,0.12340386211872101
3134496,0.12416352331638336
3134816,0.1284361481666565
3135200,0.12269988656044006
3136688,0.12261290848255157
3137216,0.12363661825656891
3138112,0.1251111775636673
3138464,0.12877917289733887
3138672,0.12359992414712906
3140256,0.12411492317914963
3141568,0.12788516283035278
3141920,0.1284007579088211
3142528,0.12193494290113449
3145696,0.13155525922775269
3145776,0.12343116849660873
3146400,0.12674355506896973
3148608,0.12934017181396484
3150848,0.12102838605642319
3151584,0.11962828040122986
3152160,0.11991412937641144
3152336,0.12759286165237427
3152400,0.1283254325389862
3152528,0.12684066593647003
3152640,0.12412984669208527
3155824,0.12105043977499008
3156480,0.12763838469982147
3158160,0.12178263813257217
3159376,0.12465304136276245
3159440,0.12511271238327026
3159616,0.10909249633550644
3160544,0.12632085382938385
3166640,0.12738186120986938
3166656,0.1224331259727478
3173536,0.1255982220172882
3173568,0.12508632242679596
3174496,0.1278957724571228
3175872,0.12757083773612976
3177088,0.12620708346366882
3178000,0.12756428122520447
3178208,0.12951785326004028
3178880,0.132770374417305
3180624,0.1253386288881302
3180720,0.12319821119308472
3180832,0.12685246765613556
3181616,0.1234734058380127
3181856,0.12526880204677582
3182416,0.1268967092037201
3184624,0.12921541929244995
3185488,0.12865407764911652
3188240,0.12810660898685455
3189184,0.11887604743242264
3190064,0.12400998175144196
3192176,0.12667803466320038
3195376,0.12965725362300873
3197056,0.1123485341668129
3198432,0.12456192076206207
3198992,0.12380986660718918
3201776,0.127488374710083
3202032,0.11845528334379196
3202208,0.12258962541818619
3202752,0.1279374659061432
3203088,0.12406032532453537
3203744,0.12565180659294128
3207344,0.12527255713939667
3207520,0.0851556807756424
3207632,0.12349552661180496
3208832,0.12553590536117554
3209168,0.12284477800130844
3209504,0.1318502575159073
3210128,0.12923596799373627
3210416,0.12999610602855682
3211872,0.12467359006404877
3212480,0.12407457828521729
3212720,0.12050861120223999
3212752,0.11960338801145554
3213648,0.12553739547729492
3213920,0.12151795625686646
3214720,0.13216659426689148
3216432,0.11992264539003372
3219792,0.12347207963466644
3219936,0.10937313735485077
3220032,0.1220875158905983
3220448,0.12008600682020187
3220640,0.1294875293970108
3220704,0.1232953742146492
3222560,0.11984109878540039
3224112,0.12568898499011993
3224256,0.11877621710300446
3224864,0.1287931650876999
3224960,0.13044463098049164
3225232,0.12497996538877487
3226832,0.12481625378131866
3227200,0.12033902108669281
3230608,0.12951348721981049
3230832,0.1259707659482956
3231488,0.12354490906000137
3232256,0.10108703374862671
3232304,0.12383901327848434
3235872,0.12436463683843613
3237680,0.13031437993049622
3237952,0.12170082330703735
3238960,0.10052083432674408
3239376,0.11334294825792313
3240928,0.1272190362215042
3241312,0.12144756317138672
3241456,0.12826111912727356
3241616,0.1032860279083252
3241808,0.12835881114006042
3242560,0.12260076403617859
3243008,0.12546519935131073
3244928,0.11607153713703156
3245360,0.12584398686885834
3245424,0.1236741840839386
3248640,0.12158132344484329
3248992,0.12698937952518463
3250704,0.1160566583275795
3251344,0.1208573654294014
3252176,0.12416774779558182
3252256,0.127140074968338
3252752,0.12541994452476501
3253728,0.13009656965732574
3254224,0.12826958298683167
3255680,0.12676645815372467
3256048,0.11848293244838715
3258432,0.1262708604335785
3259168,0.12479738891124725
3259520,0.11229900270700455
3262096,0.12771068513393402
3262464,0.1166297048330307
3263232,0.12729504704475403
3265600,0.12491954118013382
3270080,0.12758326530456543
3270912,0.12284853309392929
3271712,0.1311703324317932
3273088,0.12379077821969986
3273584,0.116301029920578
3273664,0.11222665756940842
3274032,0.12518267333507538
3276544,0.12880927324295044
3280016,0.12180975824594498
3280064,0.12472919374704361
3281792,0.12567394971847534
3282304,0.12318158149719238
3284288,0.12482087314128876
3284784,0.12110540270805359
3286128,0.12823396921157837
3286400,0.12764494121074677
3287472,0.12564316391944885
3287792,0.12243835628032684
3287856,0.12462718039751053
3288272,0.09783223271369934
3288624,0.1235332116484642
3291072,0.12322252243757248
3291808,0.1308877319097519
3291888,0.11714891344308853
3292944,0.12668345868587494
3294656,0.12952882051467896
3298208,0.12253642827272415
3301952,0.12930604815483093
3302400,0.12790293991565704
3302992,0.12435346841812134
3303264,0.126561239361763
3303792,0.12038250267505646
3303920,0.12756650149822235
3304272,0.12809796631336212
3304752,0.12896285951137543
3307632,0.11671070009469986
3308736,0.1280413717031479
3310912,0.12970036268234253
3311600,0.12465224415063858
3312592,0.10530827939510345
3313776,0.12638914585113525
3314320,0.12537649273872375
3314480,0.12530331313610077
3314816,0.1224808618426323
3315968,0.12865330278873444
3316112,0.12350285798311234
3317392,0.11986332386732101
3317952,0.13225431740283966
3318016,0.12488895654678345
3319488,0.1260686069726944
3324128,0.1263366937637329
3324656,0.12769214808940887
3325072,0.12084632366895676
3325920,0.12818287312984467
3326592,0.12799546122550964
3327904,0.13043387234210968
3328096,0.12227144092321396
3328160,0.12763862311840057
3328656,0.1317276507616043
3330496,0.12507037818431854
3331456,0.12551383674144745
3331936,0.12585194408893585
3334992,0.12466484308242798
3335104,0.11791755259037018
3335248,0.12748998403549194
3335408,0.12676112353801727
3336592,0.1316477656364441
3337536,0.1252688467502594
3338224,0.12643736600875854
3339328,0.12632861733436584
3340128,0.12086836248636246
3342080,0.12221360206604004
3342192,0.1270538717508316
3347680,0.11663739383220673
3348432,0.1281309425830841
3350304,0.1288619041442871
3353440,0.12057196348905563
3353856,0.10449443012475967
3354320,0.12175308912992477
3354752,0.12893414497375488
3355136,0.12878823280334473
3357856,0.12384078651666641
3358656,0.12493710219860077
3360960,0.12734563648700714
3361904,0.12597844004631042
3362672,0.12413868308067322
3363536,0.12478652596473694
3363968,0.1262008249759674
3364048,0.12636800110340118
3366256,0.11992909014225006
3368176,0.12499688565731049
3368848,0.12740056216716766
3368864,0.1257859766483307
3369136,0.12326758354902267
3370752,0.1321144849061966
3371056,0.12780746817588806
3371792,0.11835931241512299
3372640,0.12630954384803772
3378896,0.12555477023124695
3378944,0.12885116040706635
3381392,0.12597905099391937
3382416,0.11619135737419128
3385968,0.13012266159057617
3387440,0.11968949437141418
3387552,0.12126261740922928
3389744,0.11960116028785706
3392656,0.12507829070091248
3392912,0.12362909317016602
3393072,0.12519018352031708
3393312,0.12431307882070541
3394128,0.1282724142074585
3396320,0.12909701466560364
3396528,0.12500129640102386
3396560,0.12542273104190826
3397632,0.1280207633972168
3397824,0.12831567227840424
3397952,0.12434069812297821
3400336,0.12026602029800415
3401184,0.12212160974740982
3403360,0.12115252017974854
3404288,0.1264326572418213
3404720,0.12148568034172058
3404928,0.12680946290493011
3405104,0.1224660575389862
3407664,0.12330342084169388
3408432,0.1278996467590332
3411152,0.12209043651819229
3412512,0.12106963992118835
3414272,0.12586946785449982
3414608,0.12530916929244995
3416112,0.11081986874341965
3416688,0.12367477267980576
3417824,0.128836989402771
3418800,0.12989741563796997
3419008,0.10650000721216202
3419440,0.12562596797943115
3419824,0.11542346328496933
3421344,0.127421036362648
3422512,0.12670178711414337
3423376,0.12484444677829742
3424864,0.12685582041740417
3425040,0.11128818243741989
3425408,0.12321776151657104
3425840,0.12334229052066803
3426032,0.13023698329925537
3426848,0.12395748496055603
3428464,0.1320560872554779
3428640,0.12286686152219772
3428784,0.11949358880519867
3431792,0.12752002477645874
3432016,0.12430331110954285
3433488,0.12605997920036316
3434464,0.1258382797241211
3435472,0.12232982367277145
3436064,0.1200459823012352
3436448,0.11591937392950058
3437968,0.12831717729568481
3439104,0.12492898851633072
3439168,0.12454645335674286
3439296,0.12669049203395844
3439952,0.1269366443157196
3440720,0.10648809373378754
3442656,0.12851083278656006
3443088,0.1199042871594429
3444288,0.12541674077510834
3445856,0.12391164898872375
3449648,0.1241522803902626
3449792,0.12397871166467667
3453376,0.12579259276390076
3455024,0.12608256936073303
3455936,0.1286361664533615
3456432,0.1317163109779358
3457520,0.12673982977867126
3458608,0.12200522422790527
3460416,0.12884005904197693
3461120,0.12581448256969452
3461968,0.12413710355758667
3462048,0.12429966777563095
3462576,0.12306255102157593
3463904,0.12564557790756226
3464016,0.1294095367193222
3464736,0.1254212111234665
3465504,0.12868031859397888
3467472,0.12637503445148468
3467600,0.12572668492794037
3469184,0.12352097779512405
3470240,0.12280535697937012
3471296,0.1271941065788269
3473168,0.12234411388635635
3473280,0.11751482635736465
3473600,0.11761685460805893
3474336,0.11469752341508865
3474480,0.12801329791545868
3474736,0.12308386713266373
3474880,0.12576338648796082
3475040,0.12839581072330475
3475776,0.11655770987272263
3476208,0.1244339868426323
3476448,0.12767547369003296
3477312,0.13003304600715637
3478352,0.12439687550067902
3479328,0.12048402428627014
3480672,0.1078895628452301
3480800,0.1250585913658142
3481440,0.1254384070634842
3482976,0.12547314167022705
3483344,0.12685762345790863
3483488,0.12815530598163605
3484416,0.12411125749349594
3484784,0.12577135860919952
3484912,0.1302885264158249
3485440,0.12948574125766754
3489408,0.13015970587730408
3491472,0.125267893075943
3492352,0.12330473959445953
3493536,0.12557443976402283
3495024,0.11984032392501831
3497696,0.1237340047955513
3499616,0.12396455556154251
3499920,0.12362420558929443
3500096,0.1274241805076599
3500608,0.12784762680530548
3502272,0.12759193778038025
3504160,0.12720343470573425
3505280,0.12751108407974243
3505568,0.1255706399679184
3505840,0.11964874714612961
3507008,0.1257014125585556
3507040,0.12085709720849991
3512016,0.12746919691562653
3512800,0.1264149248600006
3512960,0.12523797154426575
3513360,0.10376153141260147
3514080,0.1279309242963791
3514080,0.126048281788826
3514816,0.12793128192424774
3516320,0.12574557960033417
3516544,0.1227717399597168
3517136,0.1237349659204483
3517456,0.12299301475286484
3517600,0.12378821521997452
3519264,0.11779414862394333
3519408,0.11921621114015579
3521280,0.12393815815448761
3521296,0.12714403867721558
3524224,0.1265009194612503
3524736,0.12771978974342346
3524832,0.12565936148166656
3529792,0.11992927640676498
3530480,0.1275818645954132
3531264,0.07326600700616837
3531424,0.12102760374546051
3531456,0.12874546647071838
3531776,0.13243618607521057
3533728,0.12656237185001373
3535040,0.12783588469028473
3535536,0.12325038015842438
3536912,0.1296459436416626
3537728,0.11476173996925354
3538176,0.11042071133852005
3540128,0.12660367786884308
3541728,0.1252143234014511
3542064,0.1281510591506958
3542480,0.123601034283638
3542800,0.12684281170368195
3543664,0.11926621198654175
3544304,0.11922372877597809
3545296,0.1292528361082077
3546032,0.1227785125374794
3547648,0.12888139486312866
3547952,0.11226537078619003
3550592,0.11962650716304779
3552368,0.12713438272476196
3552752,0.12558259069919586
3552832,0.12458860129117966
3553408,0.13075587153434753
3554176,0.12423435598611832
3554176,0.12572194635868073
3554384,0.10969939827919006
3557856,0.12320347875356674
3558848,0.12476222962141037
3559504,0.12887373566627502
3560336,0.12632781267166138
3561392,0.12822869420051575
3562384,0.1260899305343628
3562624,0.11628162860870361
3563072,0.12577956914901733
3563168,0.12583225965499878
3564528,0.11806152015924454
3573840,0.1282460242509842
3574000,0.12775357067584991
3574288,0.128485769033432
3577344,0.12571090459823608
3577584,0.12343806773424149
3577856,0.12716302275657654
3579040,0.1268777847290039
3580224,0.12612807750701904
3580432,0.12814642488956451
3581456,0.12464901804924011
3581552,0.11709725856781006
3582288,0.12795224785804749
3585408,0.1297701746225357
3586112,0.12593771517276764
3587632,0.12089414149522781
3587856,0.12761421501636505
3587888,0.12895791232585907
3588064,0.126332089304924
3588576,0.12237482517957687
3589472,0.12709340453147888
3591200,0.12581023573875427
3591536,0.12173347920179367
3592928,0.1311071813106537
3594832,0.12399229407310486
3594960,0.11870087683200836
3596528,0.13045738637447357
3598240,0.12684229016304016
3598352,0.12394923716783524
3598432,0.12262466549873352
3598512,0.1239405944943428
3599632,0.12695425748825073
3601184,0.11491606384515762
3601776,0.12668359279632568
3601952,0.11280351132154465
3602032,0.12583193182945251
3602256,0.12709257006645203
3604624,0.13100948929786682
3605488,0.12490981072187424
3605728,0.1258743852376938
3607776,0.12187495827674866
3609008,0.12417276948690414
3609616,0.1297813206911087
3611104,0.12762242555618286
3611376,0.1290266364812851
3612624,0.12360019981861115
3613760,0.12544073164463043
3615216,0.12769123911857605
3615856,0.12712185084819794
3615904,0.12546148896217346
3616208,0.12318291515111923
3617312,0.125418558716774
3617936,0.121978260576725
3620032,0.12575218081474304
3620144,0.12759314477443695
3621824,0.1266632378101349
3623168,0.12290894240140915
3623296,0.1290794014930725
3623616,0.12985599040985107
3626656,0.1311267912387848
3628720,0.12436458468437195
3629168,0.12678490579128265
3630624,0.11858098208904266
3632224,0.1270596981048584
3632592,0.12652941048145294
3633568,0.12281160056591034
3633760,0.12552109360694885
3634208,0.12470612674951553
3634400,0.12514899671077728
3637120,0.11973628401756287
3637456,0.1250017136335373
3640656,0.12383415549993515
3640656,0.12477096170186996
3640944,0.12686561048030853
3644208,0.12759529054164886
3644624,0.1260797381401062
3644976,0.12289443612098694
3646512,0.12097365409135818
3647616,0.10730047523975372
3648160,0.1262601912021637
3648320,0.12808434665203094
3648464,0.12804394960403442
3648512,0.12791389226913452
3650096,0.12070795893669128
3651312,0.12419705092906952
3651664,0.12795980274677277
3653120,0.12442830950021744
3654096,0.12470029294490814
3654704,0.1266326755285263
3654768,0.12230833619832993
3655104,0.12223411351442337
3655280,0.1228170320391655
3655632,0.12220355123281479
3658208,0.12481564283370972
3659056,0.123245008289814
3660304,0.12617994844913483
3661088,0.12900833785533905
3664768,0.12965776026248932
3665376,0.12301388382911682
3667760,0.12822189927101135
3668992,0.12250396609306335
3669488,0.12586848437786102
3669760,0.12299902737140656
3670832,0.12090227007865906
3671248,0.12535957992076874
3671872,0.12749256193637848
3672752,0.1246982291340828
3673632,0.12763483822345734
3674704,0.12747859954833984
3675504,0.12077482789754868
3675904,0.12500585615634918
3676240,0.12658052146434784
3676352,0.1237991526722908
3679520,0.13173815608024597
3679568,0.13041186332702637
3679792,0.1274562031030655
3681424,0.12648314237594604
3681840,0.12362433969974518
3682640,0.1279507428407669
3683072,0.1270548552274704
3684368,0.13025183975696564
3685472,0.12078910320997238
3686688,0.1263917088508606
3686880,0.1208132952451706
3686944,0.10800357908010483
3687840,0.12421271204948425
3687904,0.12135081738233566
3688960,0.12783437967300415
3689648,0.12688162922859192
3691392,0.12745124101638794
3692544,0.12559668719768524
3694736,0.12551435828208923
3696208,0.11926542967557907
3696816,0.12665998935699463
3697264,0.12732850015163422
3698448,0.12857259809970856
3701696,0.12955151498317719
3702560,0.12808676064014435
3702992,0.12412672489881516
3704384,0.12519268691539764
3704432,0.12376659363508224
3704736,0.12755058705806732
3711792,0.1271938979625702
3712576,0.11323142051696777
3715312,0.12402286380529404
3715776,0.12875613570213318
3717232,0.11698133498430252
3719744,0.12532508373260498
3725600,0.12521417438983917
3726368,0.12599243223667145
3727440,0.1329990178346634
3729120,0.11419134587049484
3731168,0.1271325945854187
3731296,0.13042709231376648
3732656,0.12860602140426636
3733872,0.12671589851379395
3735680,0.11332038789987564
3736560,0.1195119321346283
3737456,0.12655118107795715
3740944,0.12780192494392395
3743584,0.1312934309244156
3743648,0.12267974019050598
3745264,0.12520337104797363
3746224,0.1168428510427475
3749248,0.12386435270309448
3749856,0.12116142362356186
3753008,0.1318252980709076
3753328,0.1321716010570526
3753408,0.12462516874074936
3754016,0.12782913446426392
3756624,0.12527868151664734
3756864,0.13114984333515167
3757936,0.12374929338693619
3758704,0.12671475112438202
3758896,0.10525652021169662
3760432,0.13217012584209442
3760592,0.12175484001636505
3761152,0.12555253505706787
3763024,0.13086742162704468
3763920,0.12648698687553406
3767680,0.1270837038755417
3767696,0.12637853622436523
3768496,0.12562178075313568
3769552,0.12531086802482605
3770976,0.12329787015914917
3771168,0.12008693814277649
3773120,0.12719394266605377
3774432,0.12926770746707916
3774768,0.12862491607666016
3774784,0.1259893774986267
3774784,0.12303484231233597
3775264,0.1285649687051773
3775504,0.1254088133573532
3777984,0.12781381607055664
3778224,0.12675157189369202
3778304,0.12997785210609436
3781488,0.12065309286117554
3781552,0.12378872185945511
3781872,0.12733124196529388
3782928,0.12654997408390045
3783680,0.10368648916482925
3783856,0.11986963450908661
3784288,0.1261681616306305
3785024,0.12419167160987854
3785280,0.1268875151872635
3785440,0.12838426232337952
3787200,0.12818193435668945
3788608,0.13044464588165283
3788976,0.13280139863491058
3789552,0.12954555451869965
3789616,0.12954962253570557
3790592,0.12484345585107803
3790928,0.12539678812026978
3792176,0.12512078881263733
3794096,0.12869936227798462
3794240,0.1259894073009491
3794992,0.12584610283374786
3796624,0.12530432641506195
3798496,0.12941937148571014
3799248,0.12504898011684418
3800208,0.1299372911453247
3800752,0.12812088429927826
3801248,0.12408638000488281
3802832,0.11109638214111328
3804624,0.12425778061151505
3805024,0.12686166167259216
3805040,0.12004456669092178
3806384,0.1228262335062027
3806832,0.12937110662460327
3807424,0.11935283243656158
3808512,0.12334296852350235
3808512,0.12055828422307968
3809952,0.1265614777803421
3809968,0.12119366228580475
3811904,0.11932536959648132
3812048,0.1263604313135147
3813488,0.12374204397201538
3813680,0.1281951516866684
3816000,0.12833695113658905
3817056,0.12541557848453522
3817248,0.1272653192281723
3817472,0.12298798561096191
3818960,0.12166758626699448
3819152,0.13207706809043884
3819536,0.12632469832897186
3820752,0.1243869736790657
3821056,0.1229797974228859
3822032,0.12621507048606873
3822352,0.12584108114242554
3822528,0.12264183908700943
3822656,0.12839294970035553
3824000,0.12086290121078491
3829408,0.12772628664970398
3831344,0.12270601093769073
3831696,0.1262872964143753
3833664,0.07513678073883057
3834688,0.12508414685726166
3835072,0.1277461051940918
3836768,0.12526677548885345
3838480,0.1283918172121048
3839776,0.12604431807994843
3842192,0.12904146313667297
3843328,0.12091269344091415
3845600,0.12456047534942627
3845696,0.12584522366523743
3846096,0.11912214756011963
3847648,0.12425220012664795
3850624,0.12446568161249161
3852960,0.12549695372581482
3853232,0.12402518838644028
3854672,0.12383648008108139
3854992,0.12589342892169952
3856496,0.12020852416753769
3858224,0.1270820051431656
3859424,0.12622296810150146
3859776,0.13076916337013245
3859856,0.12553653120994568
3859968,0.12374506145715714
3860160,0.12890315055847168
3863392,0.12356135994195938
3863552,0.12124750763177872
3863760,0.12937933206558228
3864656,0.12754540145397186
3865008,0.1259184032678604
3865376,0.12289374321699142
3867360,0.12692362070083618
3868288,0.12173037230968475
3868592,0.12499906867742538
3868752,0.13001614809036255
3868896,0.1300232708454132
3870560,0.12623299658298492
3871904,0.12620654702186584
3874768,0.12762293219566345
3874944,0.11421369761228561
3875680,0.11875304579734802
3875680,0.13002172112464905
3878320,0.12397953122854233
3878928,0.12680597603321075
3881296,0.12550872564315796
3881424,0.12224619835615158
3882368,0.10894908010959625
3882736,0.12717419862747192
3886672,0.13099488615989685
3888528,0.12837889790534973
3889216,0.1299281269311905
3889920,0.1223471462726593
3890128,0.12738528847694397
3892256,0.12884382903575897
3893440,0.12443143874406815
3893904,0.12012547254562378
3895872,0.12649649381637573
3896464,0.11139420419931412
3897120,0.12371547520160675
3897728,0.12173803150653839
3898416,0.1231619268655777
3899968,0.1244213730096817
3900080,0.12031462788581848
3900704,0.12221162766218185
3903136,0.1300428807735443
3904176,0.1295018345117569
3904224,0.11822649091482162
3904240,0.12970054149627686
3905424,0.12701959908008575
3906992,0.131409153342247
3907776,0.1261235624551773
3907792,0.12061814218759537
3908928,0.12347651273012161
3912464,0.12914711236953735
3912624,0.1281271129846573
3913904,0.1260617971420288
3915968,0.12252767384052277
3916912,0.12895487248897552
3917056,0.1239842101931572
3917728,0.11959454417228699
3918528,0.1285509616136551
3918928,0.12422521412372589
3920480,0.12830254435539246
3920992,0.12882091104984283
3921232,0.12458524107933044
3924464,0.12359850108623505
3924784,0.11953261494636536
3925216,0.11677582561969757
3925792,0.1270979344844818
3927536,0.12590548396110535
3928032,0.1274275779724121
3930128,0.12748177349567413
3931632,0.12656015157699585
3932320,0.12584632635116577
3933280,0.1272568553686142
3934080,0.12607672810554504
3934560,0.1254381388425827
3935072,0.10899120569229126
3935168,0.12611083686351776
3935168,0.1282208114862442
3935536,0.12425695359706879
3936464,0.1269003450870514
3938672,0.1253112405538559
3938768,0.1274508684873581
3940080,0.13056178390979767
3940192,0.10625063627958298
3940416,0.13093705475330353
3942304,0.11302147805690765
3942944,0.11937066167593002
3943392,0.12408404797315598
3943776,0.1275867372751236
3943824,0.12682536244392395
3943920,0.12878690659999847
3943952,0.12690477073192596
3944928,0.11922094225883484
3945904,0.12664106488227844
3947424,0.11812376230955124
3947536,0.1231878250837326
3948992,0.11702769994735718
3949536,0.12139889597892761
3951056,0.12224676460027695
3952864,0.12450315058231354
3953648,0.12794393301010132
3954032,0.12048730999231339
3954752,0.12340020388364792
3955136,0.12924379110336304
3957136,0.12754805386066437
3958048,0.12640011310577393
3958160,0.12804624438285828
3958208,0.12506268918514252
3958656,0.12258068472146988
3959424,0.12775790691375732
3961120,0.12233445048332214
3962336,0.11438647657632828
3963664,0.12958243489265442
3966544,0.12975449860095978
3967552,0.1261124610900879
3967696,0.12662070989608765
3968704,0.12776769697666168
3970912,0.12703575193881989
3973824,0.12699677050113678
3975792,0.11892972886562347
3977344,0.13370566070079803
3977888,0.1277676224708557
3979312,0.12939895689487457
3979600,0.12355764210224152
3981520,0.12171448022127151
3981632,0.07631726562976837
3984272,0.1254180371761322
3984464,0.12297341227531433
3985200,0.1273827999830246
3988016,0.12826459109783173
3988912,0.12859752774238586
3991616,0.12864741683006287
3992096,0.12414108216762543
3993600,0.13173896074295044
3993792,0.13044726848602295
3994112,0.12619741261005402
3995040,0.12361562997102737
3995648,0.12198223173618317
3996752,0.12491656839847565
3996960,0.12661316990852356
3998592,0.12655261158943176
3999424,0.1153842955827713
4000432,0.1298823356628418
4000592,0.12490116059780121
4000816,0.12623003125190735
4000864,0.1313115507364273
4000960,0.12368344515562057
4001968,0.1262667328119278
4002288,0.12508851289749146
4003872,0.11885937303304672
4006304,0.12686359882354736
4006480,0.12616652250289917
4006640,0.12638439238071442
4007952,0.12313179671764374
4008912,0.11179192364215851
4009952,0.12775886058807373
4011552,0.12537570297718048
4011936,0.12349774688482285
4012736,0.1259051263332367
4013824,0.1224798858165741
4015088,0.12080523371696472
4018672,0.12764781713485718
4019008,0.12371811270713806
4019232,0.12654371559619904
4020464,0.12258615344762802
4020880,0.13070067763328552
4022272,0.12540559470653534
4022816,0.12209274619817734
4023392,0.12480124086141586
4023648,0.12620116770267487
4024048,0.11786872893571854
4024720,0.12715454399585724
4025008,0.12852437794208527
4025952,0.12296177446842194
4026048,0.123087078332901
4027216,0.12694023549556732
4027984,0.1295984387397766
4031168,0.1203484907746315
4031568,0.12668541073799133
4033120,0.12610569596290588
4034688,0.12797312438488007
4035232,0.1250745952129364
4036640,0.12287396937608719
4037824,0.13357700407505035
4038256,0.11136994510889053
4038352,0.12458938360214233
4040704,0.11890199035406113
4043824,0.12301553040742874
4044672,0.12430959194898605
4044864,0.1276206076145172
4045536,0.12336146086454391
4047472,0.11839766800403595
4047648,0.12871435284614563
4048336,0.11991645395755768
4049344,0.11975133419036865
4049808,0.12293808162212372
4051040,0.12768878042697906
4052480,0.11256702989339828
4052512,0.1275719702243805
4054224,0.12551404535770416
4054720,0.12588323652744293
4054752,0.12264754623174667
4056528,0.12874141335487366
4058208,0.12811587750911713
4059168,0.12369845807552338
4059936,0.13152337074279785
4061584,0.12209030240774155
4061824,0.13129213452339172
4062432,0.08592074364423752
4063536,0.12152770906686783
4064880,0.12832306325435638
4066000,0.12847653031349182
4066288,0.12665016949176788
4066688,0.12655307352542877
4067104,0.1268736869096756
4068816,0.12835431098937988
4069600,0.12892168760299683
4069824,0.13081300258636475
4070272,0.13012754917144775
4072064,0.1232546716928482
4072208,0.12550964951515198
4072464,0.12779811024665833
4074624,0.11940111219882965
4074656,0.12416449189186096
4075728,0.12587477266788483
4075952,0.1233837679028511
4076624,0.12461503595113754
4076688,0.1257546991109848
4076944,0.12302723526954651
4077360,0.1207156553864479
4078112,0.1249954104423523
4079472,0.12759201228618622
4082128,0.11473959684371948
4084464,0.12298887968063354
4085360,0.11797774583101273
4085520,0.12650898098945618
4085712,0.12530042231082916
4085760,0.12883955240249634
4086048,0.1182900071144104
4086304,0.11212120205163956
4086400,0.10087423026561737
4086528,0.12214478105306625
4089296,0.1271333396434784
4089808,0.12551701068878174
4089808,0.12787219882011414
4091120,0.12463033199310303
4094272,0.12308496236801147
4094688,0.1228257566690445
4094752,0.12822259962558746
4096720,0.12397665530443192
4097184,0.11984137445688248
4097712,0.12924692034721375
4100160,0.11413609236478806
4100768,0.12376809865236282
4101920,0.12736177444458008
4103520,0.1241496205329895
4103904,0.12197872996330261
4105040,0.12258511036634445
4105392,0.12740913033485413
4105520,0.12283923476934433
4105536,0.12674689292907715
4106880,0.12359444051980972
4107520,0.12821921706199646
4107808,0.12719473242759705
4108896,0.12454639375209808
4109024,0.12832848727703094
4111056,0.12076783925294876
4111888,0.1311337798833847
4112256,0.12690535187721252
4112416,0.12869851291179657
4115456,0.12528860569000244
4115952,0.12298847734928131
4118032,0.12909922003746033
4118096,0.1310756355524063
4118720,0.12629933655261993
4119568,0.12526538968086243
4122368,0.12292096763849258
4122800,0.12650413811206818
4123264,0.125200092792511
4125776,0.12437297403812408
4126336,0.12452278286218643
4126896,0.12134964019060135
4128640,0.12610551714897156
4129760,0.11374765634536743
4131984,0.12572506070137024
4132208,0.12326259166002274
4132752,0.11695247143507004
4134112,0.12330348789691925
4135536,0.12717925012111664
4136720,0.12549754977226257
4137424,0.08914414048194885
4137744,0.12222377955913544
4138128,0.12699684500694275
4139472,0.12738493084907532
4141280,0.12790152430534363
4143168,0.12720951437950134
4144512,0.11839409917593002
4148064,0.1277371197938919
4148560,0.12822699546813965
4150384,0.12125226855278015
4151680,0.127671018242836
4152128,0.12719640135765076
4153296,0.11532605439424515
4153840,0.12316077202558517
4154000,0.12517550587654114
4155280,0.13012318313121796
4155456,0.12484784424304962
4157152,0.1257684975862503
4157360,0.1246149018406868
4158320,0.11862453073263168
4159232,0.12314685434103012
4161824,0.12527430057525635
4162496,0.1281900703907013
4162832,0.12436749041080475
4164576,0.12580211460590363
4166400,0.12317598611116409
4167360,0.12334504723548889
4167504,0.12542344629764557
4167648,0.13254901766777039
4168880,0.12903150916099548
4169904,0.11649961769580841
4171440,0.12193082273006439
4171888,0.12549465894699097
4174720,0.13083110749721527
4175424,0.12423566728830338
4176048,0.12359217554330826
4176192,0.12015649676322937
4176784,0.1266242116689682
4177024,0.12168560177087784
4178240,0.1278996616601944
4181120,0.12174255400896072
4183296,0.1045912429690361
4184000,0.12281809747219086
4186064,0.12649330496788025
4186864,0.12896764278411865
4187680,0.12655755877494812
4191744,0.1301185041666031
4192608,0.12810762226581573
4195696,0.12355253845453262
4199296,0.12088754028081894
4199824,0.11948670446872711
4200928,0.13198517262935638
4201008,0.12401755154132843
4202048,0.13172908127307892
4202800,0.12759815156459808
4203152,0.12390255182981491
4203392,0.12592755258083344
4204544,0.12709283828735352
4206576,0.127593994140625
4206784,0.12730491161346436
4206896,0.12395089864730835
4209968,0.12831754982471466
4210368,0.12098436802625656
4212736,0.12320936471223831
4215056,0.11983499675989151
4216768,0.13037221133708954
4216928,0.13087451457977295
4217632,0.12467046827077866
4218768,0.12748479843139648
4218880,0.12311948090791702
4221168,0.12569870054721832
4222368,0.11543593555688858
4222384,0.12829624116420746
4226496,0.12669125199317932
4226608,0.1252075433731079
4228080,0.1274024099111557
4228320,0.13082054257392883
4229392,0.12700097262859344
4229680,0.12198567390441895
4230160,0.13173078000545502
4230480,0.1263079196214676
4231168,0.1268865168094635
4231376,0.12697544693946838
4231616,0.1263498216867447
4232640,0.12712465226650238
4233584,0.12546147406101227
4233920,0.12289738655090332
4234048,0.12747736275196075
4234256,0.1276717633008957
4235136,0.12718728184700012
4236688,0.12028073519468307
4240064,0.12549225986003876
4240976,0.13169728219509125
4240992,0.12410672008991241
4241104,0.13002493977546692
4241760,0.12757258117198944
4244608,0.12550313770771027
4244832,0.11790008842945099
4245520,0.12682050466537476
4247440,0.12612266838550568
4247696,0.1271550953388214
4248032,0.12259921431541443
4248688,0.12368293851613998
4248960,0.12220262736082077
4250432,0.10932641476392746
4252192,0.12153154611587524
4252192,0.126750186085701
4252880,0.12753479182720184
4254560,0.12642709910869598
4254736,0.12671983242034912
4255168,0.12421992421150208
4255712,0.13035742938518524
4258080,0.07598282396793365
4258112,0.1276485025882721
4258272,0.12509341537952423
4258672,0.12650014460086823
4259920,0.12726780772209167
4261840,0.12580706179141998
4262432,0.12472236901521683
4262688,0.12719103693962097
4263168,0.12903325259685516
4265296,0.12721122801303864
4266384,0.13060547411441803
4266608,0.1309613585472107
4266704,0.12840335071086884
4267232,0.09974072128534317
4270272,0.12897834181785583
4271760,0.12961027026176453
4272384,0.1272309273481369
4273792,0.12844717502593994
4273888,0.12958566844463348
4276848,0.1262454241514206
4279568,0.12156616896390915
4280608,0.12539467215538025
4281840,0.13094736635684967
4284400,0.13104349374771118
4287376,0.12859533727169037
4287888,0.1286151111125946
4290352,0.12274761497974396
4290432,0.12444990128278732
4291424,0.12840363383293152
4292320,0.12603914737701416
4293072,0.12940815091133118
4296656,0.12723805010318756
4298544,0.13146056234836578
4300176,0.13391025364398956
4302400,0.12691448628902435
4302848,0.12649381160736084
4303616,0.125294029712677
4304336,0.1286388337612152
4308384,0.12260355800390244
4308448,0.13061507046222687
4309152,0.12658782303333282
4310736,0.129334956407547
4310896,0.12266968935728073
4314320,0.12731841206550598
4314848,0.12026608735322952
4317040,0.12359438091516495
4317888,0.1279875934123993
4321472,0.12196852266788483
4322416,0.1254136860370636
4324080,0.1251545250415802
4325760,0.12731444835662842
4325856,0.12648504972457886
4325968,0.12695686519145966
4328912,0.10399030148983002
4329232,0.12471435964107513
4331952,0.12955337762832642
4332736,0.11928555369377136
4332768,0.1275504231452942
4333152,0.12279057502746582
4334224,0.12969353795051575
4336256,0.13083089888095856
4336720,0.1337355375289917
4337824,0.1207907646894455
4338400,0.12109915167093277
4339456,0.12266352027654648
4339856,0.11951540410518646
4340464,0.12888704240322113
4341360,0.12783265113830566
4343232,0.12348099797964096
4343632,0.1175599917769432
4345232,0.12592878937721252
4346544,0.12321077287197113
4347600,0.12542474269866943
4348000,0.12398362159729004
4348960,0.13052110373973846
4350448,0.12426383048295975
4350480,0.12772883474826813
4350848,0.1232042908668518
4351152,0.1311749368906021
4352272,0.12235566973686218
4352320,0.12569022178649902
4352400,0.11136499047279358
4352464,0.12959754467010498
4354064,0.12405608594417572
4354768,0.11938710510730743
4355120,0.12723928689956665
4355152,0.12520065903663635
4357360,0.12092059850692749
4359504,0.13057242333889008
4365392,0.12269148975610733
4367744,0.12300978600978851
4368032,0.12159694731235504
4369248,0.1153942421078682
4371840,0.1304580122232437
4371872,0.12909424304962158
4372256,0.1253824681043625
4375200,0.12264066934585571
4376112,0.12488649785518646
4376368,0.12754487991333008
4376640,0.12682132422924042
4378576,0.12688274681568146
4378832,0.12593171000480652
4379744,0.12726227939128876
4379968,0.1201997920870781
4380192,0.12685801088809967
4380576,0.12558315694332123
4382400,0.12666678428649902
4382912,0.12382735311985016
4383104,0.12725447118282318
4383248,0.12968701124191284
4383488,0.12450938671827316
4385712,0.12214791774749756
4385984,0.12203346192836761
4390608,0.1253678798675537
4395472,0.12977705895900726
4397504,0.12534388899803162
4397680,0.1224966049194336
4398256,0.10381656140089035
4399040,0.11929156631231308
4403744,0.13152393698692322
4404736,0.12854702770709991
4407072,0.1271624118089676
4407312,0.12374040484428406
4407744,0.12819236516952515
4409760,0.13061636686325073
4411824,0.12824377417564392
4415088,0.12816734611988068
4418144,0.12681813538074493
4418912,0.10570957511663437
4419824,0.12233727425336838
4420160,0.12742768228054047
4421584,0.12596450746059418
4422432,0.128886416554451
4423968,0.12893344461917877
4426176,0.1260329782962799
4426576,0.12964440882205963
4428400,0.12219342589378357
4428688,0.13060952723026276
4429664,0.12516330182552338
4431680,0.12868353724479675
4435616,0.12600266933441162
4436352,0.1257602572441101
4436496,0.1253320723772049
4439072,0.13093462586402893
4439680,0.12962087988853455
4440192,0.12817969918251038
4440848,0.12519872188568115
4442704,0.13087444007396698
4443168,0.12990804016590118
4443424,0.12353925406932831
4446016,0.12122416496276855
4447264,0.12508408725261688
4450592,0.1231326013803482
4451600,0.12518161535263062
4454368,0.12567932903766632
4456992,0.11778346449136734
4457520,0.12585778534412384
4458512,0.13075266778469086
4458800,0.12407707422971725
4459568,0.11228952556848526
4460496,0.13090118765830994
4460560,0.12481949478387833
4462064,0.12534542381763458
4462080,0.12886346876621246
4465120,0.12438377737998962
4465904,0.13088558614253998
4467312,0.12204747647047043
4467600,0.12054920941591263
4468528,0.12771055102348328
4468768,0.12269578874111176
4469296,0.12496758997440338
4472768,0.12539012730121613
4472800,0.12499033659696579
4476608,0.1290513426065445
4477888,0.12364893406629562
4479456,0.1309402734041214
4479472,0.1296098381280899
4482976,0.13133671879768372
4483568,0.12794238328933716
4483616,0.1276130974292755
4486096,0.1296909749507904
4488368,0.12599597871303558
4490336,0.12534238398075104
4490976,0.13170112669467926
4492352,0.12666192650794983
4493344,0.12663023173809052
4494464,0.12247751653194427
4495440,0.12942305207252502
4495920,0.12465672194957733
4496320,0.1294133961200714
4496736,0.1279112696647644
4497088,0.13012392818927765
4497344,0.12331118434667587
4497984,0.1299666166305542
4499504,0.12697741389274597
4500064,0.13117000460624695
4507008,0.12113471329212189
4508224,0.1289699822664261
4509232,0.12429636716842651
4510176,0.12456999719142914
4512080,0.11898752301931381
4512112,0.13072510063648224
4514320,0.12270576506853104
4515664,0.1183021143078804
4517152,0.12388750165700912
4521008,0.12151555716991425
4521904,0.11964736133813858
4522304,0.12419864535331726
4522624,0.12448578327894211
4523136,0.1220237985253334
4524704,0.12643828988075256
4524848,0.12274925410747528
4524896,0.12444836646318436
4528432,0.12170155346393585
4528768,0.13150735199451447
4528768,0.11207042634487152
4529024,0.13041585683822632
4530896,0.12981683015823364
4535536,0.1266009360551834
4537952,0.12440682202577591
4539136,0.1235247254371643
4539296,0.12317510694265366
4539312,0.12456569820642471
4539504,0.1214982122182846
4540352,0.1292119175195694
4541296,0.1236591637134552
4542400,0.12886790931224823
4544192,0.10991609841585159
4545072,0.12616488337516785
4545392,0.12335161864757538
4546048,0.12673169374465942
4546832,0.12756672501564026
4549536,0.12577705085277557
4549936,0.13314391672611237
4550080,0.12550091743469238
4550384,0.12291887402534485
4551424,0.12640365958213806
4551584,0.12819787859916687
4553024,0.12912824749946594
4553456,0.12644003331661224
4553664,0.12700743973255157
4555120,0.12403901666402817
4555360,0.1306944042444229
4557200,0.1318218857049942
4560784,0.12687285244464874
4561888,0.1253136843442917
4566304,0.12342240661382675
4567840,0.12392735481262207
4568512,0.12574683129787445
4569856,0.12694986164569855
4570304,0.12834785878658295
4572048,0.12782785296440125
4572400,0.1271379142999649
4573392,0.12885168194770813
4575968,0.12726563215255737
4576960,0.127513125538826
4577472,0.12794771790504456
4578768,0.1250760704278946
4579568,0.12464632093906403
4580576,0.13050682842731476
4581008,0.129291832447052
4581984,0.12822434306144714
4582016,0.12813884019851685
4584992,0.12745420634746552
4585552,0.12939496338367462
4586720,0.12958624958992004
4586800,0.12828896939754486
4587712,0.1253073513507843
4588800,0.12861286103725433
4589104,0.1306218057870865
4590208,0.1278424859046936
4591296,0.126410573720932
4592048,0.12596844136714935
4593728,0.1273326426744461
4595216,0.12919126451015472
4595920,0.12829120457172394
4596336,0.12468117475509644
4597184,0.12831881642341614
4598752,0.1224740520119667
4599744,0.12419749051332474
4602224,0.12835726141929626
4603264,0.12730306386947632
4604464,0.13011305034160614
4604560,0.12420204281806946
4606880,0.12438911944627762
4608112,0.12286050617694855
4608240,0.1302998960018158
4609952,0.12296069413423538
4610528,0.127951979637146
4611280,0.12903468310832977
4611632,0.1250341534614563
4611760,0.12667448818683624
4611888,0.12223473191261292
4613904,0.12686097621917725
4615072,0.1276252269744873
4617120,0.12388643622398376
4618592,0.12957589328289032
4618752,0.12169861793518066
4618800,0.126760333776474
4619712,0.12866733968257904
4619968,0.12717987596988678
4622000,0.12724968791007996
4622256,0.12228395789861679
4622320,0.1261729598045349
4622320,0.13221484422683716
4623504,0.12057808041572571
4623840,0.12810494005680084
4624208,0.12163903564214706
4624528,0.12582799792289734
4625792,0.12755711376667023
4627168,0.12685051560401917
4629120,0.1232495829463005
4630672,0.12475518137216568
4631328,0.12903697788715363
4631920,0.12472807615995407
4634160,0.12781570851802826
4635312,0.12455481290817261
4638880,0.12644149363040924
4639072,0.12430647760629654
4640080,0.12340790033340454
4640880,0.12723924219608307
4641728,0.12438696622848511
4641968,0.1284460425376892
4642256,0.12768463790416718
4644720,0.12595690786838531
4645088,0.12634998559951782
4645840,0.1289096474647522
4646128,0.13279898464679718
4646800,0.12164653837680817
4650832,0.13128873705863953
4653312,0.1316368728876114
4653968,0.12823881208896637
4656544,0.1242542639374733
4657680,0.13089405000209808
4658864,0.13075844943523407
4659648,0.1293582320213318
4660400,0.12590868771076202
4661152,0.12536011636257172
4663296,0.13191232085227966
4663760,0.13008499145507812
4667280,0.1256224364042282
4667504,0.13016977906227112
4668560,0.12672382593154907
4673104,0.12701788544654846
4674384,0.12320541590452194
4676384,0.13441288471221924
4677072,0.12630921602249146
4677312,0.0984320268034935
4677712,0.12983940541744232
4677712,0.1282166987657547
4677920,0.12907171249389648
4678224,0.12200621515512466
4680240,0.12442058324813843
4680624,0.12972533702850342
4681296,0.13323789834976196
4681744,0.12798480689525604
4682496,0.12838901579380035
4682496,0.1266157180070877
4683216,0.12241712957620621
4684368,0.13002079725265503
4684736,0.13295388221740723
4685104,0.13038627803325653
4686768,0.12958797812461853
4687920,0.1274036318063736
4688672,0.12712030112743378
4689696,0.11978589743375778
4690224,0.12603962421417236
4690384,0.1246873140335083
4691456,0.13386374711990356
4691920,0.1250344067811966
4691952,0.12914711236953735
4693456,0.12621735036373138
4693776,0.12936371564865112
4694544,0.12406379729509354
4695664,0.12932506203651428
4695792,0.1281547099351883
4696768,0.12766821682453156
4697680,0.12655723094940186
4698256,0.08604244887828827
4699024,0.1272464245557785
4699136,0.12943626940250397
4699280,0.1286359280347824
4700368,0.12489517778158188
4701264,0.1273939311504364
4702576,0.12683473527431488
4702768,0.12760043144226074
4704848,0.12673556804656982
4705360,0.12915515899658203
4706144,0.12968038022518158
4706288,0.1308050900697708
4713344,0.1258818805217743
4714560,0.13044710457324982
4716880,0.12599891424179077
4719264,0.12779000401496887
4722800,0.12293341755867004
4723984,0.12370406091213226
4725168,0.12382367998361588
4726080,0.12265747040510178
4726320,0.12903471291065216
4727248,0.12643878161907196
4727472,0.12802325189113617
4727504,0.13123682141304016
4727648,0.1323685348033905
4727760,0.12971796095371246
4731184,0.1304204761981964
4732272,0.12265756726264954
4734528,0.13412047922611237
4738032,0.12831389904022217
4738240,0.12721115350723267
4738336,0.13006213307380676
4740256,0.13498735427856445
4741888,0.1315971165895462
4743312,0.13035087287425995
4745104,0.12907034158706665
4745472,0.12476634234189987
4748480,0.12915468215942383
4749184,0.1276114135980606
4750480,0.1258823722600937
4751216,0.1311090737581253
4751536,0.12974457442760468
4751856,0.11755917221307755
4752672,0.12665627896785736
4754560,0.13462413847446442
4754624,0.12341806292533875
4755392,0.1321348398923874
4757504,0.12676410377025604
4758048,0.12691710889339447
4759808,0.12668223679065704
4761952,0.12100881338119507
4762992,0.1226588785648346
4763296,0.12922580540180206
4765040,0.13493606448173523
4765712,0.12896057963371277
4766496,0.12583404779434204
4766768,0.1306522935628891
4768960,0.12632125616073608
4770016,0.12592481076717377
4772752,0.12411251664161682
4773936,0.12420275807380676
4775104,0.11430547386407852
4779536,0.11400911211967468
4779888,0.1289140284061432
4780464,0.12503911554813385
4780976,0.1280561238527298
4781008,0.12961582839488983
4783216,0.1333332359790802
4784560,0.12972718477249146
4784960,0.13145701587200165
4785728,0.13223864138126373
4786640,0.1267889142036438
4786752,0.12753483653068542
4786848,0.12752343714237213
4786976,0.12847977876663208
4788192,0.13227245211601257
4788976,0.12912073731422424
4789648,0.0835299864411354
4791712,0.1305750608444214
4793936,0.12599331140518188
4795264,0.12960882484912872
4795360,0.12270822376012802
4796288,0.1320345550775528
4797008,0.12973031401634216
4799440,0.12715356051921844
4800240,0.12654565274715424
4801680,0.12953902781009674
4802736,0.1287371963262558
4803792,0.12666691839694977
4803840,0.12895508110523224
4804672,0.12794813513755798
4805840,0.13067501783370972
4805872,0.12726643681526184
4805984,0.13081006705760956
4806864,0.12561161816120148
4806880,0.13011731207370758
4807456,0.12597091495990753
4808208,0.13182957470417023
4808336,0.12931832671165466
4809424,0.13365218043327332
4809472,0.11834598332643509
4809840,0.12757240235805511
4810416,0.12977717816829681
4810944,0.13037040829658508
4811808,0.12333329766988754
4811888,0.13206231594085693
4812368,0.12666617333889008
4812992,0.13090482354164124
4813520,0.12918616831302643
4814368,0.12715205550193787
4816448,0.13023154437541962
4817584,0.12663687765598297
4817840,0.12698888778686523
4820128,0.12574243545532227
4821760,0.12643197178840637
4822144,0.12784655392169952
4822560,0.12429337203502655
4824368,0.131062850356102
4824736,0.12844626605510712
4824944,0.1251891553401947
4825088,0.1278538852930069
4827904,0.12384442985057831
4828880,0.12815488874912262
4829536,0.13261635601520538
4830928,0.12230069935321808
4832256,0.12258666008710861
4832256,0.12591037154197693
4834368,0.12739437818527222
4837264,0.12581104040145874
4839232,0.12763631343841553
4839536,0.1223699301481247
4840448,0.12484811991453171
4840736,0.1234981119632721
4841344,0.12707439064979553
4843664,0.12665338814258575
4844800,0.12661480903625488
4845104,0.12638738751411438
4846080,0.12568528950214386
4846320,0.1300126165151596
4846416,0.12786999344825745
4846800,0.07862342149019241
4847168,0.12417314946651459
4847328,0.12970252335071564
4847488,0.1274508833885193
4849168,0.13036684691905975
4850160,0.12754803895950317
4850368,0.12925343215465546
4852784,0.1256387084722519
4852816,0.12568596005439758
4854256,0.12853461503982544
4856368,0.12853386998176575
4856928,0.12799017131328583
4857072,0.12106084823608398
4857392,0.12948966026306152
4860608,0.12413156777620316
4861584,0.13346317410469055
4865248,0.12740549445152283
4866992,0.1269427388906479
4867664,0.13018666207790375
4867776,0.127359539270401
4868496,0.13390018045902252
4868496,0.1276472508907318
4868800,0.12436532229185104
4870112,0.1334928721189499
4870464,0.12907204031944275
4871264,0.12689004838466644
4872528,0.1272503286600113
4872704,0.13192123174667358
4873392,0.13177046179771423
4873504,0.1292889565229416
4874160,0.12518000602722168
4874240,0.09006259590387344
4874848,0.11575599759817123
4876224,0.12899655103683472
4877776,0.13026288151741028
4879376,0.12718670070171356
4879456,0.12897981703281403
4879760,0.12626342475414276
4882688,0.1287720948457718
4883232,0.11802312731742859
4884944,0.12584072351455688
4886448,0.12879808247089386
4887904,0.1225108727812767
4888464,0.12959466874599457
4890016,0.13046105206012726
4890064,0.1297740340232849
4890720,0.1271340548992157
4891248,0.12255630642175674
4892048,0.1262575089931488
4892656,0.1287638396024704
4894832,0.12978523969650269
4894960,0.13188999891281128
4895488,0.13047583401203156
4895568,0.12470091134309769
4897808,0.12880481779575348
4900576,0.1296216994524002
4902144,0.12047488987445831
4902624,0.12094037234783173
4904016,0.12788867950439453
4904288,0.1277344971895218
4905856,0.13173343241214752
4906080,0.12793214619159698
4907680,0.13294461369514465
4908592,0.13099007308483124
4909408,0.12251124531030655
4911216,0.12620821595191956
4914064,0.12281692028045654
4914752,0.13443250954151154
4914896,0.1277032494544983
4916352,0.12352559715509415
4916544,0.1172613725066185
4917584,0.13123704493045807
4918832,0.1296842098236084
4919232,0.13042226433753967
4920048,0.1265488564968109
4921120,0.12582489848136902
4921312,0.12939174473285675
4924672,0.11790943890810013
4927152,0.12161985784769058
4930416,0.12653779983520508
4930720,0.1236530989408493
4933440,0.1293264925479889
4933536,0.13042250275611877
4935712,0.12690800428390503
4936912,0.13292476534843445
4938752,0.12786896526813507
4940016,0.12728245556354523
4941056,0.12727683782577515
4941376,0.12295765429735184
4942320,0.12866592407226562
4943584,0.1262737363576889
4946496,0.1305694729089737
4946720,0.13039587438106537
4950048,0.12658651173114777
4951504,0.1265212446451187
4952096,0.1303260326385498
4952192,0.08701843023300171
4953744,0.12079786509275436
4959008,0.13074712455272675
4959232,0.1305452287197113
4960752,0.12464743107557297
4961696,0.12621179223060608
4962608,0.1304669827222824
4967136,0.12575919926166534
4968096,0.12708953022956848
4969376,0.12700100243091583
4971600,0.1220981702208519
4971648,0.12396041303873062
4972128,0.12653584778308868
4973296,0.12657169997692108
4974976,0.12759792804718018
4975280,0.12960468232631683
4975760,0.12617501616477966
4977552,0.1287091225385666
4978592,0.1239953339099884
4978816,0.131036177277565
4980176,0.12752112746238708
4982816,0.13074181973934174
4983168,0.1295255571603775
4983936,0.13015800714492798
4984080,0.12952624261379242
4984736,0.12225926667451859
4985424,0.12816600501537323
4985568,0.12904635071754456
4985920,0.12775641679763794
4987536,0.12329419702291489
4988912,0.1266922950744629
4989136,0.12432622909545898
4991168,0.1292310208082199
4992944,0.12308666855096817
4993520,0.12557969987392426
4993728,0.12254404276609421
4994528,0.12899290025234222
4995344,0.1280372589826584
4996688,0.11660595238208771
4997088,0.1222827136516571
4997728,0.13307316601276398
4998096,0.1288568079471588
4998272,0.1235731840133667
5000896,0.1279982626438141
5000928,0.12981298565864563
5001216,0.10084913671016693
5002400,0.1258428990840912
5004784,0.13303950428962708
5007248,0.13144488632678986
5007600,0.13204427063465118
5008912,0.12895679473876953
5009680,0.12815795838832855
5012912,0.12762102484703064
5016864,0.1273733377456665
5018496,0.1251736879348755
5019424,0.12750199437141418
5020432,0.12388456612825394
5020448,0.12206778675317764
5021488,0.12556132674217224
5022688,0.12692831456661224
5023696,0.12844400107860565
5024848,0.1337203085422516
5025744,0.13274115324020386
5025920,0.12607908248901367
5026480,0.12504741549491882
5026784,0.12667502462863922
5030352,0.12834694981575012
5032864,0.13004492223262787
5033408,0.10579858720302582
5034384,0.12643617391586304
5034560,0.1334388703107834
5034592,0.13062433898448944
5037424,0.1253548413515091
5037952,0.12059564888477325
5038976,0.13226386904716492
5039136,0.13413386046886444
5040128,0.12872003018856049
5040576,0.12868502736091614
5040992,0.13087411224842072
5042464,0.12916913628578186
5043552,0.12909914553165436
5044496,0.128153458237648
5045008,0.12599165737628937
5045296,0.12852047383785248
5045520,0.11218690127134323
5046928,0.13271108269691467
5048608,0.126867413520813
5048816,0.12654149532318115
5048928,0.1274460256099701
5050176,0.12819984555244446
5050320,0.12207930535078049
5050672,0.12851758301258087
5050736,0.1294664889574051
5053056,0.12257570773363113
5054624,0.12904787063598633
5054720,0.12538373470306396
5055920,0.12966984510421753
5059568,0.12657247483730316
5060240,0.12446384131908417
5062304,0.13070350885391235
5063120,0.12541717290878296
5063136,0.1269865781068802
5063280,0.13037067651748657
5063760,0.12854044139385223
5064480,0.1228252500295639
5064880,0.12254881858825684
5065328,0.12876740097999573
5065840,0.10836546868085861
5066544,0.12963475286960602
5066704,0.13058780133724213
5067776,0.12683476507663727
5068416,0.12892548739910126
5074464,0.1279715746641159
5074800,0.12903371453285217
5075584,0.1309855580329895
5076496,0.1304682195186615
5076864,0.13013219833374023
5077072,0.12919071316719055
5078000,0.13263669610023499
5080080,0.12371084094047546
5080416,0.12328741699457169
5080528,0.12311253696680069
5080960,0.13125266134738922
5082544,0.12957854568958282
5083568,0.1304774135351181
5086128,0.12732480466365814
5087136,0.12645381689071655
5087152,0.12617036700248718
5087664,0.12878645956516266
5090688,0.12374718487262726
5091568,0.13038022816181183
5091712,0.12572665512561798
5092736,0.13023342192173004
5094192,0.12769977748394012
5095152,0.12352728843688965
5096720,0.13217386603355408
5097344,0.12854793667793274
5097568,0.12413156777620316
5098944,0.12458685040473938
5099872,0.12378966808319092
5102192,0.1278442144393921
5102816,0.12665987014770508
5102896,0.12773646414279938
5103920,0.13035550713539124
5104672,0.12398858368396759
5104880,0.1308392733335495
5106288,0.12736104428768158
5109104,0.1280471235513687
5109360,0.127460315823555
5110160,0.12438574433326721
5110496,0.12546353042125702
5113376,0.13379694521427155
5116048,0.12604564428329468
5116816,0.12692780792713165
5119632,0.12179733067750931
5120848,0.12941226363182068
5121200,0.1324109584093094
5123248,0.12795200943946838
5123456,0.12704579532146454
5127072,0.1267438381910324
5127952,0.12668611109256744
5128368,0.12892165780067444
5128896,0.13058796525001526
5130336,0.12740956246852875
5130496,0.12989750504493713
5131904,0.1320044994354248
5135088,0.13453252613544464
5135712,0.12455485016107559
5135824,0.1229306161403656
5136032,0.12757086753845215
5137664,0.12342458218336105
5139984,0.1256447434425354
5140912,0.1319906860589981
5141680,0.12639032304286957
5144192,0.13209977746009827
5144880,0.1260152906179428
5148256,0.1299719512462616
5149216,0.1272881031036377
5150048,0.12536649405956268
5150896,0.12817104160785675
5152496,0.13135814666748047
5153184,0.1353103220462799
5158064,0.128484308719635
5159120,0.1289038211107254
5159488,0.13318198919296265
5160784,0.12395467609167099
5161312,0.1290649026632309
5162032,0.1260760873556137
5162080,0.1265784651041031
5163936,0.12593066692352295
5164000,0.12415257096290588
5167472,0.13087821006774902
5168000,0.12622641026973724
5168064,0.13064242899417877
5171488,0.13204798102378845
5174192,0.12672458589076996
5175056,0.12910185754299164
5176304,0.12703192234039307
5176720,0.1280268132686615
5177712,0.11763923615217209
5178320,0.1302323192358017
5178384,0.1335451602935791
5178688,0.12696623802185059
5180544,0.13133417069911957
5181232,0.13006040453910828
5181632,0.1293100267648697
5183888,0.1278689205646515
5184816,0.1322830617427826
5185344,0.12682422995567322
5185552,0.12599700689315796
5185616,0.12971803545951843
5188384,0.1250339299440384
5188400,0.12741783261299133
5189184,0.1235378235578537
5190496,0.1244775578379631
5191968,0.123873770236969
5192224,0.1306355893611908
5192768,0.12828205525875092
5194528,0.13254529237747192
5194928,0.12849575281143188
5195472,0.13051806390285492
5196048,0.12880770862102509
5196224,0.12977997958660126
5196256,0.12903788685798645
5196464,0.12746641039848328
5197408,0.12944874167442322
5198032,0.12685170769691467
5198112,0.1212596520781517
5199072,0.1266513168811798
5199648,0.13290312886238098
5199776,0.12539714574813843
5201616,0.12268808484077454
5201712,0.1333598792552948
5203360,0.13144689798355103
5205536,0.12739244103431702
5206192,0.12665289640426636
5206688,0.12531132996082306
5206720,0.12873810529708862
5206880,0.12674060463905334
5207008,0.12678664922714233
5208320,0.12425775825977325
5209824,0.12430426478385925
5210624,0.13008730113506317
5213344,0.1293545663356781
5215728,0.11771751940250397
5215904,0.13088442385196686
5216144,0.12694504857063293
5217248,0.13237364590168
5217264,0.129808709025383
5217664,0.12952587008476257
5219280,0.125102236866951
5219504,0.12870992720127106
5221072,0.12968380749225616
5223024,0.12967900931835175
5223088,0.13263069093227386
5224368,0.1334339678287506
5224816,0.1289757788181305
5224848,0.12425519526004791
5225936,0.12315721809864044
5226592,0.12707459926605225
5228000,0.12995940446853638
5228352,0.13001593947410583
5228624,0.10887973010540009
5230240,0.12121701240539551
5231200,0.12833663821220398
5231776,0.12751954793930054
5232048,0.1268218755722046
5234864,0.12450467050075531
5235296,0.12941837310791016
5240368,0.12140549719333649
5240832,0.12756048142910004
5244688,0.12704671919345856
5245696,0.1290295571088791
5245760,0.12501399219036102
5248240,0.12179059535264969
5248384,0.12314057350158691
5249424,0.13121794164180756
5250896,0.12655408680438995
5251264,0.13572055101394653
5251424,0.12412106245756149
5251632,0.12484297901391983
5251792,0.12645338475704193
5251920,0.12695123255252838
5253344,0.12915360927581787
5253680,0.12486562877893448
5255248,0.12328550219535828
5255440,0.1293068826198578
5256560,0.12754923105239868
5256992,0.12799334526062012
5257232,0.1283600628376007
5259744,0.12696975469589233
5260112,0.12455771118402481
5261680,0.13550806045532227
5262480,0.12643137574195862
5265664,0.12896500527858734
5266880,0.12446247786283493
5267536,0.12840543687343597
5268000,0.12331874668598175
5268768,0.12790711224079132
5269280,0.13082771003246307
5269600,0.13050466775894165
5270768,0.13040928542613983
5272304,0.125821053981781
5272464,0.126300647854805
5273344,0.12912672758102417
5276064,0.12910838425159454
5276064,0.12858322262763977
5277520,0.13225023448467255
5278272,0.11939273029565811
5279408,0.13199034333229065
5279888,0.12657791376113892
5280288,0.1275642216205597
5280496,0.1234356239438057
5281104,0.12797127664089203
5281792,0.12656348943710327
5284000,0.12114253640174866
5284032,0.13363376259803772
5284592,0.12863610684871674
5284688,0.12767790257930756
5285312,0.13152363896369934
5289520,0.12862491607666016
5290208,0.1286434680223465
5290592,0.12970738112926483
5291824,0.1306343674659729
5292112,0.13221855461597443
5292528,0.1293230801820755
5293088,0.12477555871009827
5293744,0.12480652332305908
5293760,0.12933048605918884
5295360,0.1256341189146042
5297376,0.12695738673210144
5297776,0.12318207323551178
5298032,0.13026802241802216
5299152,0.12864290177822113
5299280,0.12770842015743256
5303232,0.12889665365219116
5304928,0.12414538115262985
5305520,0.12963099777698517
5308496,0.1279328316450119
5310800,0.12872733175754547
5311360,0.12348832190036774
5311520,0.13060405850410461
5313312,0.12844465672969818
5313408,0.12841980159282684
5314944,0.12697277963161469
5316400,0.13221681118011475
5316832,0.12749163806438446
5316896,0.12854425609111786
5316944,0.13218705356121063
5318496,0.13071107864379883
5318656,0.1274207979440689
5319360,0.12311165034770966
5319552,0.1267736703157425
5319760,0.12718908488750458
5319984,0.12949302792549133
5320480,0.12323707342147827
5320480,0.13174675405025482
5320512,0.1290639042854309
5321392,0.13005153834819794
5322128,0.13055483996868134
5322800,0.12582844495773315
5322960,0.1265135556459427
5323056,0.1318407952785492
5324016,0.12790776789188385
5324112,0.12540465593338013
5324816,0.12700976431369781
5325840,0.11350829154253006
5326576,0.12653283774852753
5327696,0.12206527590751648
5329440,0.12561717629432678
5329920,0.13063247501850128
5333376,0.13068357110023499
5333648,0.13193842768669128
5334048,0.128550186753273
5334656,0.12429818511009216
5336560,0.1289856731891632
5337280,0.11782130599021912
5338752,0.1295686811208725
5340432,0.13233594596385956
5340752,0.12662917375564575
5341136,0.12612241506576538
5343344,0.12876290082931519
5343504,0.12366808950901031
5347200,0.12764409184455872
5348848,0.12517739832401276
5350720,0.1271624118089676
5352320,0.1264718472957611
5355984,0.12221090495586395
5356368,0.1242649182677269
5358096,0.13058076798915863
5358736,0.12788400053977966
5360288,0.12929019331932068
5361312,0.12131474912166595
5362000,0.12532228231430054
5363520,0.12609849870204926
5364416,0.12938812375068665
5364928,0.130415141582489
5365360,0.13046157360076904
5365568,0.12468312680721283
5365776,0.12378309667110443
5368848,0.12491116672754288
5370160,0.13028326630592346
5371536,0.12644228339195251
5373776,0.12452006340026855
5374320,0.12275295704603195
5376080,0.12127850204706192
5378352,0.1277165710926056
5378640,0.13026928901672363
5379040,0.1232122853398323
5379152,0.1255805641412735
5379232,0.12842430174350739
5381952,0.12605217099189758
5382208,0.12342977523803711
5382800,0.12854570150375366
5383360,0.1300378441810608
5384464,0.13125118613243103
5388496,0.1308455914258957
5389168,0.12696076929569244
5389728,0.12660710513591766
5389728,0.1296929121017456
5391632,0.12985573709011078
5392576,0.12593555450439453
5392608,0.12670867145061493
5392640,0.1287832409143448
5392912,0.13332897424697876
5393488,0.12551164627075195
5393792,0.13066793978214264
5394736,0.1264023333787918
5395152,0.13018780946731567
5396816,0.13103064894676208
5397392,0.12904314696788788
5397680,0.1298789381980896
5399152,0.13109910488128662
5400256,0.12727712094783783
5401248,0.13008837401866913
5403584,0.12830817699432373
5405280,0.13416437804698944
5406704,0.12905599176883698
5406832,0.12860730290412903
5408320,0.13248275220394135
5409424,0.12716324627399445
5410656,0.1293635219335556
5410992,0.11685781180858612
5416368,0.12953276932239532
5416912,0.12757043540477753
5417728,0.1336117535829544
5421344,0.12432841956615448
5421760,0.13086842000484467
5421776,0.12752775847911835
5421808,0.13106104731559753
5423120,0.12848524749279022
5424560,0.13010431826114655
5425824,0.1272948831319809
5428144,0.12901771068572998
5428832,0.1283474862575531
5431680,0.12907294929027557
5432288,0.1274818629026413
5432352,0.12541437149047852
5432432,0.1267622858285904
5434128,0.12866581976413727
5435904,0.12458574026823044
5437408,0.13232015073299408
5438144,0.12446195632219315
5439424,0.12904301285743713
5439712,0.12599840760231018
5442352,0.12897615134716034
5444384,0.1071813553571701
5444784,0.12748205661773682
5449904,0.12659431993961334
5451920,0.12623724341392517
5453104,0.13250306248664856
5453904,0.12436176836490631
5457088,0.12750738859176636
5460368,0.1254894882440567
5460400,0.1297728270292282
5460608,0.12807849049568176
5462176,0.12883786857128143
5462528,0.12806101143360138
5462800,0.12720559537410736
5463744,0.12239926308393478
5463776,0.1304483264684677
5463920,0.13215096294879913
5464384,0.12938348948955536
5464720,0.1258375644683838
5465760,0.11619934439659119
5467504,0.13007473945617676
5469408,0.12667511403560638
5470912,0.13231246173381805
5470976,0.13227184116840363
5471920,0.12766240537166595
5473136,0.12523561716079712
5473312,0.1241597831249237
5473408,0.1296263188123703
5474400,0.12914974987506866
5476592,0.12468079477548599
5477824,0.13110019266605377
5477984,0.1294209063053131
5478352,0.12471157312393188
5478592,0.13035286962985992
5480112,0.13232359290122986
5480560,0.1253615766763687
5482528,0.13229355216026306
5483504,0.11712184548377991
5484000,0.12756145000457764
5488640,0.1283094733953476
5488976,0.12825967371463776
5491184,0.12778204679489136
5491328,0.12249172478914261
5492544,0.12603382766246796
5492944,0.12414758652448654
5493152,0.12220236659049988
5494672,0.1199689507484436
5494720,0.12972252070903778
5496064,0.13073357939720154
5496480,0.12518493831157684
5498112,0.12934812903404236
5499216,0.129238560795784
5499584,0.1266445368528366
5500080,0.12587380409240723
5501184,0.13226106762886047
5501456,0.12257061153650284
5501488,0.13448095321655273
5502016,0.12711720168590546
5502768,0.13245819509029388
5502944,0.12570500373840332
5503792,0.1324053555727005
5504768,0.12617279589176178
5505488,0.12284038960933685
5506736,0.1259310394525528
5507264,0.12654806673526764
5510768,0.12741534411907196
5511104,0.13443727791309357
5511728,0.12545843422412872
5511808,0.12988591194152832
5512192,0.13111115992069244
5515312,0.12368378788232803
5515360,0.132105752825737
5516384,0.12443961948156357
5516992,0.12935316562652588
5517904,0.1294887363910675
5518048,0.12626716494560242
5521792,0.12610311806201935
5524224,0.12172950059175491
5526000,0.12832611799240112
5526944,0.12769091129302979
5528672,0.12890271842479706
5531232,0.12658663094043732
5533504,0.12934373319149017
5534352,0.1307383030653
5534768,0.1277962028980255
5535568,0.12898267805576324
5535792,0.1291424036026001
5536400,0.12691274285316467
5537568,0.1298525035381317
5537632,0.12743064761161804
5537888,0.12985530495643616
5538304,0.1259865164756775
5539952,0.1280485987663269
5540752,0.1210857480764389
5540928,0.12783600389957428
5541200,0.12984617054462433
5541792,0.12141691148281097
5545344,0.12795300781726837
5548016,0.12603537738323212
5548256,0.13137169182300568
5549968,0.1314353346824646
5550976,0.11512699723243713
5551552,0.1271195113658905
5553040,0.12557178735733032
5553248,0.1276187151670456
5557152,0.1250009834766388
5557792,0.12616828083992004
5561296,0.1300559788942337
5562736,0.12749865651130676
5563312,0.12416443973779678
5564192,0.12563447654247284
5564528,0.12948393821716309
5564768,0.13178607821464539
5565616,0.12975019216537476
5565744,0.12658794224262238
5565968,0.12395167350769043
5567184,0.12731985747814178
5568352,0.13116516172885895
5569184,0.12901979684829712
5569248,0.1273091435432434
5570656,0.1265261471271515
5573104,0.13347375392913818
5574224,0.1278323233127594
5576064,0.12540370225906372
5578192,0.12766003608703613
5578736,0.12725429236888885
5579904,0.12498588114976883
5581936,0.130876362323761
5583680,0.1256505697965622
5584000,0.12667323648929596
5585728,0.13153572380542755
5587072,0.12934400141239166
5589888,0.1276010274887085
5590560,0.12676694989204407
5590992,0.12795479595661163
5591872,0.1295587718486786
5592288,0.12380903959274292
5593104,0.13416419923305511
5595792,0.13085922598838806
5596112,0.12768462300300598
5597008,0.1317596286535263
5598048,0.1284620314836502
5599376,0.1270771026611328
5601200,0.1280231475830078
5602928,0.13130684196949005
5603280,0.12739606201648712
5604832,0.1270858347415924
5606800,0.13350962102413177
5607056,0.12411033362150192
5607120,0.13246484100818634
5607648,0.12649677693843842
5608048,0.12350745499134064
5608368,0.13415275514125824
5609696,0.12414739280939102
5610064,0.12168621271848679
5610080,0.12901850044727325
5610352,0.12705133855342865
5610352,0.12432574480772018
5612144,0.12315598875284195
5616432,0.12977585196495056
5617408,0.12969842553138733
5617536,0.13588234782218933
5619280,0.12860940396785736
5620672,0.13099455833435059
5620736,0.13147293031215668
5621232,0.13451717793941498
5621440,0.12146510183811188
5622240,0.13172738254070282
5622592,0.12791293859481812
5623520,0.1256379634141922
5624256,0.12568111717700958
5626128,0.12856055796146393
5626432,0.12666982412338257
5627920,0.12564648687839508
5628016,0.1296762079000473
5628304,0.12476267665624619
5628512,0.13058997690677643
5629952,0.13090185821056366
5631424,0.12944816052913666
5635216,0.12726782262325287
5636080,0.12688252329826355
5638112,0.12878333032131195
5640752,0.1202712208032608
5641328,0.13168001174926758
5643120,0.1295347809791565
5645664,0.12393547594547272
5646080,0.13100308179855347
5646608,0.1281033754348755
5647632,0.13187041878700256
5649552,0.13346229493618011
5651168,0.12554162740707397
5651328,0.12892408668994904
5652992,0.12978866696357727
5653280,0.1292886883020401
5654624,0.12765063345432281
5654816,0.130921870470047
5654864,0.13295501470565796
5656544,0.13111120462417603
5656656,0.13103359937667847
5656848,0.1289006620645523
5661744,0.12822271883487701
5662576,0.12888911366462708
5664080,0.1308864802122116
5665264,0.13016562163829803
5666064,0.13087765872478485
5667056,0.12840992212295532
5667104,0.13038092851638794
5667504,0.13060052692890167
5667824,0.12435141205787659
5670624,0.12694483995437622
5674000,0.12622898817062378
5674400,0.12347482144832611
5676688,0.1278374195098877
5678160,0.12832289934158325
5679296,0.12648828327655792
5679472,0.12715819478034973
5680176,0.13016502559185028
5681232,0.12795403599739075
5681776,0.13534894585609436
5682288,0.13002820312976837
5682864,0.11504373699426651
5683952,0.12688185274600983
5688384,0.1219402477145195
5688528,0.12648896872997284
5688912,0.12953481078147888
5688960,0.12776856124401093
5691920,0.12840132415294647
5691968,0.1263897567987442
5692000,0.12426526844501495
5692464,0.12294717133045197
5694672,0.12865696847438812
5695488,0.12509474158287048
5695536,0.1262054294347763
5697136,0.1313595473766327
5702592,0.13044698536396027
5703344,0.1260303407907486
5704368,0.1302841156721115
5706096,0.13118164241313934
5706112,0.12501539289951324
5706288,0.12943525612354279
5707744,0.1301148235797882
5709648,0.1305871605873108
5713088,0.1299205869436264
5713216,0.12674258649349213
5713632,0.12739522755146027
5714400,0.1264391541481018
5714448,0.13105958700180054
5716672,0.1271723359823227
5716736,0.12800930440425873
5717472,0.13060422241687775
5717776,0.12520460784435272
5717968,0.12717626988887787
5718400,0.1258414089679718
5718432,0.11436154693365097
5720224,0.1253104954957962
5720272,0.12323751300573349
5721520,0.13094462454319
5721648,0.12642858922481537
5721920,0.13031944632530212
5723856,0.12156164646148682
5723952,0.129695862531662
5724128,0.12868179380893707
5724304,0.12334168702363968
5724832,0.12997443974018097
5728752,0.13241897523403168
5732368,0.12395676225423813
5734544,0.11999159306287766
5735680,0.12743979692459106
5735920,0.12732060253620148
5738272,0.12741805613040924
5739136,0.12749223411083221
5740720,0.1316075623035431
5741568,0.129385307431221
5741680,0.1263357549905777
5743088,0.12493617087602615
5744272,0.12386658042669296
5745088,0.133932426571846
5745200,0.12570558488368988
5745456,0.123400017619133
5745696,0.12861479818820953
5748016,0.1291779726743698
5748832,0.12434010952711105
5749520,0.1323319971561432
5751568,0.1253359168767929
5752384,0.12972930073738098
5752528,0.1316157728433609
5753120,0.12563887238502502
5753648,0.1279274970293045
5755840,0.12855979800224304
5756896,0.12104878574609756
5757056,0.11637751758098602
5757680,0.13051974773406982
5759360,0.12835213541984558
5759392,0.13076986372470856
5760864,0.1276220679283142
5761136,0.13073161244392395
5762256,0.1258472055196762
5762864,0.12410303950309753
5764032,0.11953936517238617
5768576,0.12687180936336517
5769456,0.1298588514328003
5771248,0.12667421996593475
5776016,0.12540629506111145
5777168,0.12333816289901733
5778208,0.12734808027744293
5780704,0.13007664680480957
5781088,0.1252787858247757
5781664,0.12635987997055054
5782128,0.12989303469657898
5782144,0.1295747309923172
5782656,0.1273377239704132
5782704,0.12731726467609406
5784256,0.12611745297908783
5787296,0.13100646436214447
5787792,0.12220434099435806
5787984,0.12622837722301483
5788496,0.12641945481300354
5790192,0.13145758211612701
5791712,0.1233513280749321
5792512,0.12374003231525421
5792560,0.12481763958930969
5793376,0.12378226220607758
5793472,0.12820163369178772
5794304,0.1297633945941925
5795728,0.12904536724090576
5796080,0.12479934841394424
5799136,0.1305544376373291
5800880,0.11844948679208755
5802096,0.13345128297805786
5802192,0.11542685329914093
5802208,0.12557020783424377
5803568,0.13034866750240326
5804048,0.1288088709115982
5809648,0.12454555183649063
5810576,0.12718288600444794
5812656,0.13476388156414032
5812976,0.1306799352169037
5813200,0.12918512523174286
5814432,0.12444256246089935
5814688,0.1279457062482834
5816480,0.13002081215381622
5818224,0.12848329544067383
5820384,0.1283843219280243
5821616,0.12855510413646698
5822288,0.13388514518737793
5822544,0.12922625243663788
5822832,0.12759807705879211
5823440,0.13140545785427094
5823744,0.12463399767875671
5823856,0.1285397708415985
5826832,0.12684084475040436
5828944,0.1270218789577484
5828944,0.12732279300689697
5831024,0.12488697469234467
5832176,0.12053270637989044
5834192,0.1308286339044571
5836016,0.1254090666770935
5836928,0.13034355640411377
5838208,0.12254028022289276
5841696,0.13141711056232452
5843984,0.12232516705989838
5844576,0.13218390941619873
5844896,0.12524931132793427
5845024,0.1268484741449356
5845296,0.12944751977920532
5845504,0.12394724041223526
5848800,0.12648651003837585
5848864,0.13154040277004242
5849488,0.12613391876220703
5850144,0.12276756763458252
5852176,0.1285707652568817
5852224,0.11999257653951645
5852992,0.129882350564003
5853584,0.13556568324565887
5854352,0.12794215977191925
5857424,0.13074803352355957
5859392,0.1305730938911438
5862464,0.1221042349934578
5863296,0.12913928925991058
5864976,0.1256866753101349
5865072,0.12661540508270264
5866048,0.12554265558719635
5866480,0.12345699965953827
5866768,0.12672904133796692
5868128,0.12123459577560425
5868656,0.12774567306041718
5869472,0.13150440156459808
5870320,0.12771394848823547
5870384,0.1267775446176529
5870704,0.1318567395210266
5872192,0.12577363848686218
5872640,0.12399750202894211
5873136,0.13230480253696442
5873408,0.1270735263824463
5873888,0.13338489830493927
5876384,0.12639407813549042
5876608,0.12167514115571976
5876656,0.12538912892341614
5877008,0.12849301099777222
5877616,0.12172656506299973
5878752,0.12966012954711914
5879936,0.12904103100299835
5880160,0.1300959587097168
5883760,0.1271677017211914
5884304,0.12321104109287262
5886976,0.131932333111763
5887904,0.12548841536045074
5889088,0.12724144756793976
5890864,0.1271301805973053
5891264,0.13144682347774506
5891776,0.13219870626926422
5892832,0.12853915989398956
5893488,0.13046903908252716
5894016,0.13206419348716736
5894688,0.12389041483402252
5895648,0.13005590438842773
5895840,0.12800611555576324
5897568,0.12749126553535461
5900944,0.12491364777088165
5903824,0.12902940809726715
5905760,0.12956224381923676
5906464,0.12548063695430756
5907232,0.13423696160316467
5908048,0.12520696222782135
5908128,0.1296781599521637
5909280,0.13214708864688873
5909440,0.12412668764591217
5910032,0.12751370668411255
5911632,0.13421787321567535
5912784,0.12963207066059113
5912784,0.12596939504146576
5913552,0.12406618148088455
5914784,0.12638816237449646
5917088,0.13340440392494202
5920096,0.13140031695365906
5920160,0.12319029867649078
5921184,0.12790867686271667
5921488,0.13230308890342712
5923440,0.12787489593029022
5923616,0.13141219317913055
5924032,0.12597545981407166
5925888,0.12908732891082764
5927776,0.126502126455307
5929440,0.13029848039150238
5929568,0.12324182689189911
5930624,0.12241550534963608
5932464,0.1274557113647461
5934032,0.1334652453660965
5934432,0.12591412663459778
5934608,0.1302560716867447
5934912,0.13151851296424866
5935680,0.1264166384935379
5936048,0.12261379510164261
5936480,0.12509304285049438
5939616,0.12740616500377655
5939712,0.12283577024936676
5941712,0.1301044523715973
5943184,0.1250981092453003
5945264,0.13114449381828308
5948592,0.1273898035287857
5950336,0.12785817682743073
5952240,0.1283838152885437
5953040,0.13006900250911713
5953488,0.1308048963546753
5955280,0.13091573119163513
5955712,0.12833669781684875
5957456,0.12769955396652222
5957728,0.13423557579517365
5958080,0.12577304244041443
5959312,0.12590663135051727
5959552,0.1320333182811737
5960208,0.12926265597343445
5961728,0.126822829246521
5963120,0.12521864473819733
5965296,0.13103148341178894
5966512,0.12486913800239563
5966672,0.13230262696743011
5967216,0.13049641251564026
5967344,0.13218413293361664
5968752,0.1281261295080185
5968896,0.12505948543548584
5969104,0.08702272176742554
5969920,0.12370328605175018
5970176,0.12751531600952148
5970928,0.12441224604845047
5973776,0.12898415327072144
5976192,0.1224685087800026
5977888,0.13017895817756653
5978048,0.13070309162139893
5978928,0.12592412531375885
5981600,0.12549768388271332
5983344,0.12411537021398544
5984480,0.12717609107494354
5985488,0.12186991423368454
5986752,0.13229341804981232
5987728,0.11870989203453064
5990208,0.13005560636520386
5990336,0.12622059881687164
5991488,0.12800873816013336
5995072,0.12555143237113953
5995168,0.13267716765403748
5996512,0.1306166797876358
5997280,0.12547384202480316
5997392,0.13129962980747223
5997536,0.1213897094130516
5998352,0.13261429965496063
6001040,0.12475340813398361
6001376,0.13109180331230164
6001920,0.12842613458633423
6002432,0.12216950953006744
6004368,0.13078711926937103
6004464,0.1247810497879982
6005552,0.12704256176948547
6006544,0.1342378854751587
6008112,0.12656201422214508
6008128,0.12758223712444305
6008912,0.1269279271364212
6010512,0.12495340406894684
6013616,0.1292465776205063
6014080,0.130081906914711
6015056,0.12754322588443756
6015072,0.12579204142093658
6015264,0.12457586824893951
6015968,0.12964071333408356
6017616,0.13104651868343353
6017808,0.13200703263282776
6019680,0.13047271966934204
6020080,0.13317619264125824
6021120,0.12968191504478455
6023168,0.12814894318580627
6025552,0.12813152372837067
6025648,0.1278085559606552
6025760,0.1267039179801941
6025936,0.1252046823501587
6026144,0.12571462988853455
6026672,0.1321762055158615
6029232,0.13033343851566315
6030272,0.1286090612411499
6030912,0.12584736943244934
6033792,0.12890495359897614
6038864,0.12835384905338287
6039520,0.12301260232925415
6039744,0.13041292130947113
6040000,0.11941296607255936
6040304,0.12986646592617035
6040944,0.12704995274543762
6043536,0.12861253321170807
6045168,0.12803594768047333
6046704,0.12804490327835083
6047088,0.12743960320949554
6047104,0.12551039457321167
6050592,0.1280108392238617
6050624,0.12660430371761322
6050656,0.1330241560935974
6050752,0.12884096801280975
6051008,0.1279187798500061
6052096,0.13190433382987976
6053024,0.12888838350772858
6053840,0.129507377743721
6053904,0.12647511065006256
6054208,0.12947380542755127
6056704,0.12892252206802368
6057136,0.13262982666492462
6057536,0.12686817348003387
6057728,0.12548725306987762
6060720,0.13054423034191132
6061344,0.12606564164161682
6061360,0.1283961832523346
6061376,0.1319204419851303
6062192,0.1296815276145935
6063072,0.12995237112045288
6064672,0.1306285262107849
6064736,0.12988342344760895
6066144,0.13215942680835724
6066608,0.1270820051431656
6067792,0.12482462078332901
6068464,0.06926344335079193
6069216,0.13215769827365875
6071728,0.13102644681930542
6074368,0.1284402310848236
6074816,0.1316382735967636
6075232,0.13375087082386017
6075504,0.13024108111858368
6075504,0.13140355050563812
6076592,0.12736143171787262
6077344,0.12568064033985138
6079120,0.12762905657291412
6079152,0.1308138072490692
6079184,0.1259308159351349
6081904,0.12474830448627472
6082000,0.1251746565103531
6082144,0.13251766562461853
6083952,0.12614619731903076
6085264,0.12455713003873825
6086048,0.12102317065000534
6086288,0.1281098574399948
6086304,0.12756703794002533
6088992,0.13082367181777954
6092288,0.1295086145401001
6092560,0.12480773776769638
6092672,0.12425626069307327
6093088,0.1275031715631485
6093440,0.12669271230697632
6094080,0.12268581986427307
6094848,0.13551673293113708
6096608,0.12764431536197662
6099680,0.12737178802490234
6100544,0.13161814212799072
6100560,0.12633195519447327
6101728,0.1253252774477005
6103792,0.129041850566864
6104576,0.12768402695655823
6104688,0.12602438032627106
6105008,0.12934476137161255
6106752,0.12755908071994781
6107248,0.12778329849243164
6107360,0.12993526458740234
6107552,0.12348823994398117
6108272,0.1277666836977005
6108544,0.13351498544216156
6110960,0.13017159700393677
6111168,0.12807263433933258
6113952,0.1290893256664276
6114704,0.12877191603183746
6116992,0.12300755828619003
6117408,0.12648725509643555
6119264,0.13250717520713806
6120576,0.1295851469039917
6121008,0.1313307136297226
6121584,0.12897533178329468
6121712,0.1280917078256607
6124224,0.12308413535356522
6125296,0.12466631084680557
6128624,0.1262664645910263
6129184,0.12293752282857895
6130000,0.13198824226856232
6133552,0.12092620879411697
6135696,0.13057328760623932
6135936,0.12999284267425537
6136304,0.12830850481987
6136704,0.13035401701927185
6138640,0.12018689513206482
6140672,0.12833480536937714
6141856,0.1335906982421875
6144272,0.13208842277526855
6145920,0.12859855592250824
6147488,0.12922535836696625
6147776,0.13190904259681702
6148896,0.13302749395370483
6151104,0.12168660759925842
6152880,0.1307210773229599
6153040,0.13401369750499725
6153088,0.11756818741559982
6153712,0.12791161239147186
6154160,0.12358959764242172
6154704,0.1314181536436081
6156624,0.12463974207639694
6157232,0.12742431461811066
6157312,0.12858039140701294
6160816,0.1286904662847519
6160832,0.12383861094713211
6161088,0.12356396019458771
6161600,0.13140259683132172
6163744,0.13023550808429718
6163760,0.12772847712039948
6164400,0.11949867755174637
6164832,0.13417872786521912
6165600,0.12382147461175919
6165632,0.12415256351232529
6167376,0.12103483825922012
6167424,0.1286560297012329
6168608,0.08609835803508759
6170976,0.1271701455116272
6172304,0.12860974669456482
6172576,0.12847505509853363
6174464,0.13095030188560486
6174512,0.12205415219068527
6176176,0.12830790877342224
6176272,0.12198746204376221
6178528,0.1273750513792038
6179120,0.13218460977077484
6182848,0.1263292282819748
6183040,0.12800507247447968
6183360,0.12886427342891693
6183568,0.12481460720300674
6183904,0.08976058661937714
6185072,0.12607145309448242
6185120,0.12646056711673737
6186512,0.12495190650224686
6188576,0.1288047432899475
6189984,0.12711596488952637
6190032,0.1249503493309021
6190096,0.1272796243429184
6190432,0.1278102844953537
6199680,0.1282472461462021
6201184,0.12901480495929718
6202912,0.1148032546043396
6203472,0.12044339627027512
6203536,0.1266116350889206
6204192,0.1312084197998047
6205616,0.13145564496517181
6206400,0.12613439559936523
6207040,0.12528181076049805
6209344,0.12660528719425201
6211168,0.13125942647457123
6211264,0.12267741560935974
6211632,0.12367770820856094
6211952,0.12279946357011795
6212688,0.1189163401722908
6213328,0.12459660321474075
6214656,0.125936821103096
6225376,0.12929929792881012
6225536,0.12414286285638809
6225648,0.1279895156621933
6228448,0.11791819334030151
6229040,0.13228119909763336
6229120,0.1267615407705307
6229168,0.12883184850215912
6229616,0.12500903010368347
6234160,0.12443366646766663
6235216,0.1247662678360939
6236272,0.12785083055496216
6238176,0.12429918348789215
6239248,0.12653379142284393
6239632,0.12796194851398468
6239648,0.11814907193183899
6240304,0.12379897385835648
6242656,0.1333162933588028
6242832,0.1275610327720642
6244784,0.13037686049938202
6244800,0.13002432882785797
6245488,0.13191357254981995
6246464,0.12204410880804062
6246800,0.12708677351474762
6248384,0.12743142247200012
6250224,0.1267310082912445
6250912,0.12727656960487366
6251920,0.12870681285858154
6252304,0.11200037598609924
6252384,0.13031913340091705
6253216,0.1311502903699875
6253472,0.1250125616788864
6255424,0.13150568306446075
6255440,0.13111813366413116
6255904,0.12544594705104828
6257040,0.12584708631038666
6257424,0.12247095257043839
6258992,0.12812429666519165
6259728,0.1230088323354721
6259824,0.1270359754562378
6260368,0.1317579448223114
6260448,0.11480835825204849
6261040,0.12502633035182953
6262896,0.12958863377571106
6263360,0.12267747521400452
6263376,0.12778201699256897
6263616,0.0814722329378128
6265024,0.12488896399736404
6266976,0.12771256268024445
6267536,0.12753301858901978
6269664,0.12911374866962433
6269712,0.12522278726100922
6270048,0.1285407394170761
6270464,0.12830641865730286
6273072,0.125040203332901
6273568,0.12621983885765076
6273696,0.12846149504184723
6274976,0.1318516880273819
6276080,0.12047512829303741
6277456,0.12477053701877594
6279808,0.12094686180353165
6281216,0.12713277339935303
6281920,0.1260586977005005
6282096,0.12389304488897324
6284416,0.1301116794347763
6285920,0.12903821468353271
6288832,0.12506501376628876
6289120,0.12596707046031952
6290384,0.13237980008125305
6291952,0.1265742927789688
6293968,0.12597444653511047
6296240,0.1269916594028473
6296256,0.12727564573287964
6297408,0.123692087829113
6298272,0.12529759109020233
6298784,0.12780596315860748
6302112,0.12964652478694916
6302352,0.12760594487190247
6302944,0.12627722322940826
6303328,0.13304811716079712
6303664,0.1277104616165161
6309568,0.127951517701149
6310016,0.12712058424949646
6310160,0.13014742732048035
6310400,0.1260223686695099
6310784,0.12501637637615204
6311040,0.13113529980182648
6313648,0.12900395691394806
6314384,0.13104261457920074
6315328,0.12591515481472015
6315376,0.12040700018405914
6315920,0.12490814924240112
6316080,0.12864214181900024
6316624,0.12569181621074677
6317264,0.12609373033046722
6317920,0.1255873143672943
6318688,0.12927599251270294
6319712,0.12694139778614044
6320192,0.1297091841697693
6320192,0.12911762297153473
6320224,0.1269363909959793
6320720,0.12777477502822876
6321664,0.13215361535549164
6322272,0.1255796253681183
6323248,0.13222269713878632
6324320,0.13066048920154572
6324576,0.12552155554294586
6325200,0.12743189930915833
6325936,0.1308213323354721
6326768,0.12450313568115234
6326944,0.12262210249900818
6327968,0.11927507817745209
6328512,0.12580528855323792
6328832,0.1318821907043457
6329456,0.13119105994701385
6331680,0.1214786171913147
6333072,0.1288643181324005
6334480,0.13311319053173065
6335920,0.1300293207168579
6338528,0.12525971233844757
6340176,0.1317596137523651
6341120,0.12982966005802155
6341616,0.12905777990818024
6343200,0.1286601573228836
6343616,0.12783214449882507
6343728,0.12673555314540863
6346768,0.12912333011627197
6348208,0.13153846561908722
6348336,0.13211724162101746
6348736,0.13142451643943787
6351584,0.12251514196395874
6355504,0.1292763650417328
6355744,0.12655606865882874
6356752,0.12900018692016602
6357872,0.124540776014328
6358112,0.12476719170808792
6358832,0.1314898282289505
6359856,0.12907074391841888
6360384,0.12397156655788422
6363552,0.12944296002388
6364992,0.12919986248016357
6365264,0.1317041963338852
6366448,0.13236495852470398
6369856,0.1280425488948822
6371088,0.1318579763174057
6371472,0.12799350917339325
6374096,0.13330793380737305
6375040,0.12855270504951477
6376320,0.12848597764968872
6377184,0.1268126368522644
6377744,0.1250641942024231
6377744,0.1084817498922348
6377776,0.12776266038417816
6379088,0.13153648376464844
6379792,0.1299804002046585
6381376,0.12646353244781494
6382272,0.12728172540664673
6383024,0.12976716458797455
6383296,0.12264635413885117
6383760,0.12786749005317688
6383968,0.12250067293643951
6385408,0.12037092447280884
6385616,0.13055601716041565
6386208,0.11944304406642914
6388416,0.13017572462558746
6390816,0.12688849866390228
6391872,0.11949723213911057
6391936,0.12807035446166992
6394848,0.12607955932617188
6399072,0.12917141616344452
6399168,0.12739887833595276
6400848,0.12971711158752441
6404272,0.13147369027137756
6404960,0.12665195763111115
6405360,0.13114102184772491
6405424,0.1266728937625885
6406016,0.13071320950984955
6406896,0.12842504680156708
6407456,0.1320575475692749
6407856,0.12495157867670059
6409776,0.1300441175699234
6410480,0.1311909258365631
6411520,0.1268955022096634
6412480,0.1263776421546936
6413088,0.1279648244380951
6415152,0.13418667018413544
6416176,0.12750625610351562
6417744,0.13153065741062164
6418160,0.12490557879209518
6420224,0.13339166343212128
6422704,0.1286713033914566
6423120,0.12779071927070618
6423904,0.12679103016853333
6427312,0.13104309141635895
6429040,0.1289176493883133
6429456,0.122841976583004
6429920,0.12830188870429993
6430320,0.12803134322166443
6430912,0.12738850712776184
6431712,0.13201572000980377
6432832,0.12442229688167572
6434480,0.1320848912000656
6434528,0.12654323875904083
6435456,0.12488589435815811
6439440,0.12442432343959808
6439664,0.1323373168706894
6440896,0.13039788603782654
6445104,0.12798194587230682
6445280,0.12319175153970718
6445840,0.12627087533473969
6447168,0.1275695264339447
6448144,0.12398266792297363
6448608,0.12992630898952484
6449376,0.1263723075389862
6450368,0.11762020736932755
6450528,0.12982745468616486
6452064,0.12105455994606018
6452176,0.12858125567436218
6453072,0.12481550127267838
6454272,0.13047587871551514
6454576,0.1277039498090744
6455888,0.1321886032819748
6456576,0.12615801393985748
6457824,0.12654763460159302
6459248,0.12650619447231293
6460128,0.12413392961025238
6463696,0.1304236203432083
6467344,0.12531685829162598
6468016,0.12668964266777039
6468112,0.1337229311466217
6468336,0.1284421682357788
6468512,0.13254454731941223
6469216,0.12781456112861633
6475072,0.13109804689884186
6475552,0.13152606785297394
6477968,0.13237692415714264
6478592,0.12282251566648483
6479184,0.12451910972595215
6479696,0.1265546679496765
6482480,0.12977086007595062
6482720,0.12626880407333374
6483232,0.12533365190029144
6485728,0.13005001842975616
6486032,0.12957681715488434
6489616,0.1270163208246231
6490272,0.13500143587589264
6492784,0.1281018853187561
6493168,0.12450331449508667
6493296,0.13446953892707825
6493824,0.11973349750041962
6496432,0.1295655369758606
6496848,0.12444930523633957
6497296,0.13141000270843506
6499808,0.12977424263954163
6499920,0.1309518963098526
6500256,0.12887229025363922
6500288,0.13039079308509827
6500480,0.12824663519859314
6501824,0.12737175822257996
6503520,0.1278676688671112
6507952,0.13247263431549072
6510640,0.12470054626464844
6513696,0.12642058730125427
6514144,0.12726430594921112
6514192,0.12488259375095367
6514944,0.12620486319065094
6515120,0.12839439511299133
6515968,0.12585653364658356
6518624,0.12659001350402832
6519072,0.12977463006973267
6519504,0.12818390130996704
6520640,0.1308738887310028
6521280,0.12615297734737396
6521712,0.12063564360141754
6521824,0.12792687118053436
6522144,0.1258191019296646
6522608,0.1276201456785202
6523136,0.12953554093837738
6525728,0.1257956176996231
6526688,0.1263502985239029
6528432,0.12831181287765503
6528800,0.12887389957904816
6530048,0.12990239262580872
6531408,0.1287137269973755
6532048,0.12697367370128632
6532496,0.1280623823404312
6533296,0.1297881305217743
6533872,0.13273054361343384
6535600,0.1274324655532837
6536816,0.1325761377811432
6537440,0.13406218588352203
6538336,0.12819404900074005
6538576,0.12522460520267487
6540368,0.13201284408569336
6542896,0.13083337247371674
6543344,0.13257497549057007
6543920,0.13118299841880798
6545680,0.1279366910457611
6546400,0.12977305054664612
6546592,0.1357194185256958
6546608,0.12624306976795197
6546960,0.13226181268692017
6546976,0.12554940581321716
6547968,0.12363478541374207
6549216,0.12386167049407959
6549744,0.13010530173778534
6549952,0.13037852942943573
6550528,0.12801678478717804
6550992,0.1313319206237793
6553552,0.1339372992515564
6553664,0.12531588971614838
6554176,0.13700896501541138
6557568,0.12852206826210022
6557600,0.12453293800354004
6558112,0.13032202422618866
6560240,0.12693285942077637
6561104,0.12461540102958679
6561200,0.13064731657505035
6563328,0.1304975301027298
6564224,0.12919360399246216
6565344,0.12891316413879395
6567440,0.12521956861019135
6568304,0.12459496408700943
6568880,0.1358083337545395
6570384,0.12966305017471313
6570864,0.12855936586856842
6571312,0.1269245147705078
6571344,0.1285715252161026
6571536,0.13006466627120972
6571728,0.1293753683567047
6574400,0.12623050808906555
6575056,0.12364903837442398
6575344,0.1293051838874817
6578000,0.10993636399507523
6578576,0.13194260001182556
6578848,0.12659728527069092
6581952,0.12821614742279053
6581984,0.13155138492584229
6582000,0.12493591755628586
6582400,0.12830545008182526
6582656,0.12828850746154785
6584640,0.1305731236934662
6585728,0.1310294270515442
6585904,0.12395073473453522
6588640,0.13111427426338196
6590832,0.13005128502845764
6592736,0.1288527101278305
6593088,0.12190726399421692
6593360,0.1256258487701416
6594416,0.1231616735458374
6596096,0.12933851778507233
6596208,0.12698452174663544
6596544,0.12792719900608063
6596656,0.12859556078910828
6597664,0.12379350513219833
6598304,0.1275700330734253
6602224,0.13163404166698456
6602928,0.12689842283725739
6603328,0.12974977493286133
6608352,0.13105210661888123
6608704,0.1222943514585495
6610816,0.12318311631679535
6613344,0.1251150667667389
6613760,0.12946614623069763
6614448,0.12584960460662842
6618048,0.13005487620830536
6619968,0.13055413961410522
6620480,0.12786005437374115
6620832,0.13060767948627472
6621360,0.1284116506576538
6621696,0.1290815770626068
6624000,0.12991558015346527
6624528,0.1252523958683014
6627920,0.13185308873653412
6630368,0.13032501935958862
6630512,0.12859979271888733
6632064,0.12757380306720734
6632112,0.13121238350868225
6633104,0.13089534640312195
6634720,0.1294144243001938
6635024,0.12269171327352524
6635680,0.1288813352584839
6637456,0.13067790865898132
6638224,0.13377217948436737
6639008,0.12710851430892944
6639152,0.12423047423362732
6639360,0.12230824679136276
6639408,0.12593300640583038
6642096,0.12912298738956451
6642736,0.127456933259964
6644704,0.12651406228542328
6645136,0.13225175440311432
6645776,0.12260201573371887
6651376,0.12882232666015625
6653328,0.13304543495178223
6653360,0.1301332712173462
6654368,0.13195070624351501
6656896,0.12984633445739746
6658832,0.13122281432151794
6661504,0.12832152843475342
6662320,0.12688025832176208
6667584,0.13060539960861206
6667664,0.1282060444355011
6668496,0.1295996904373169
6669424,0.12659691274166107
6670576,0.12739014625549316
6671104,0.12694601714611053
6672288,0.12752355635166168
6672912,0.12102853506803513
6673232,0.12702599167823792
6674240,0.12687839567661285
6674272,0.1305290162563324
6676800,0.1292039155960083
6680688,0.12535454332828522
6683888,0.13234522938728333
6686160,0.12172892689704895
6686240,0.12829506397247314
6688496,0.13092786073684692
6688784,0.1297445297241211
6688800,0.13199107348918915
6688864,0.12635758519172668
6688928,0.12775960564613342
6690880,0.1295822560787201
6691952,0.13037528097629547
6692496,0.12575681507587433
6694464,0.12977688014507294
6695520,0.12804213166236877
6696000,0.1268729716539383
6696384,0.1256120502948761
6696624,0.10317286103963852
6696880,0.12674729526042938
6701856,0.13043779134750366
6702960,0.1289210170507431
6702976,0.1297009438276291
6703008,0.12357176840305328
6703424,0.1305381953716278
6703792,0.13073979318141937
6704032,0.1271364390850067
6705008,0.12430514395236969
6706176,0.12916378676891327
6709040,0.12695279717445374
6710032,0.12866796553134918
6710208,0.13077452778816223
6713296,0.12685135006904602
6713808,0.12671801447868347
6714560,0.13343265652656555
6715680,0.12860961258411407
6715744,0.12577126920223236
6717360,0.13040420413017273
6719840,0.1293816715478897
6720304,0.13055603206157684
6720784,0.12811419367790222
6721312,0.1268279254436493
6723312,0.12991982698440552
6724320,0.12324508279561996
6727072,0.12495458871126175
6728048,0.12659002840518951
6728112,0.13127419352531433
6729344,0.13002824783325195
6731280,0.13214533030986786
6731296,0.12227576225996017
6732016,0.1291545331478119
6732304,0.1343660205602646
6732416,0.12896905839443207
6733152,0.12925373017787933
6734816,0.12956179678440094
6734928,0.1250389814376831
6735136,0.1301267147064209
6738144,0.12996619939804077
6738384,0.12673954665660858
6738496,0.12563647329807281
6739280,0.12720781564712524
6739600,0.12736834585666656
6742704,0.1284419298171997
6743744,0.13134169578552246
6746240,0.12938328087329865
6746368,0.12645885348320007
6747584,0.13159412145614624
6748432,0.1282089203596115
6749184,0.1301531195640564
6749376,0.12653185427188873
6750208,0.13197791576385498
6750832,0.13177601993083954
6752960,0.12871280312538147
6753536,0.12662279605865479
6753744,0.1348109394311905
6754176,0.1284242570400238
6756080,0.13289007544517517
6756400,0.12847475707530975
6760560,0.1318044811487198
6761200,0.12634295225143433
6763168,0.1255088448524475
6765872,0.13124389946460724
6766080,0.12811122834682465
6767136,0.125008687376976
6767696,0.1262275129556656
6770592,0.12858541309833527
6772528,0.12820234894752502
6773040,0.13384775817394257
6773472,0.1279425024986267
6773936,0.12736444175243378
6775760,0.12984029948711395
6776480,0.13464248180389404
6777552,0.12569497525691986
6777744,0.1302647441625595
6778352,0.1242760717868805
6778400,0.12746238708496094
6780496,0.12469203770160675
6781104,0.13243703544139862
6781504,0.12435556948184967
6781936,0.12969891726970673
6782784,0.12784628570079803
6785472,0.1320873349905014
6785808,0.10894076526165009
6786512,0.12962572276592255
6789872,0.126942440867424
6791264,0.12799836695194244
6791808,0.12915116548538208
6792704,0.13090726733207703
6792800,0.12475700676441193
6793760,0.12544356286525726
6794736,0.1311596930027008
6795376,0.12456604838371277
6795552,0.12932218611240387
6796512,0.12782882153987885
6797872,0.1258966326713562
6798752,0.11268425732851028
6802384,0.1249644011259079
6803264,0.12812811136245728
6803968,0.12812015414237976
6804864,0.12841981649398804
6804896,0.12896083295345306
6805008,0.12286462634801865
6807280,0.1283961534500122
6808544,0.12593963742256165
6809088,0.12980403006076813
6809520,0.1313197761774063
6809984,0.1285499483346939
6810272,0.12784433364868164
6810352,0.12358233332633972
6810656,0.13148953020572662
6812640,0.12417416274547577
6814160,0.13389146327972412
6814592,0.13100464642047882
6816176,0.12990520894527435
6816400,0.12541168928146362
6816400,0.126135915517807
6817120,0.12482953071594238
6820160,0.13167931139469147
6821216,0.12733596563339233
6821424,0.13102102279663086
6823632,0.12819378077983856
6824752,0.12981076538562775
6826944,0.12446083873510361
6827808,0.12887133657932281
6828304,0.12855035066604614
6828528,0.12761716544628143
6828864,0.1274217963218689
6831616,0.13100352883338928
6831952,0.12882663309574127
6833488,0.12802952527999878
6835568,0.12986630201339722
6837072,0.12957702577114105
6838816,0.12856879830360413
6839536,0.11654675751924515
6842336,0.13114650547504425
6843008,0.13034386932849884
6844176,0.12274796515703201
6844816,0.13154281675815582
6845872,0.1302986443042755
6846624,0.12432222813367844
6852336,0.12807786464691162
6852912,0.1284598857164383
6853680,0.1271667778491974
6856400,0.13229437172412872
6856512,0.13045023381710052
6857024,0.1256096065044403
6858336,0.1363849639892578
6858752,0.13120137155056
6859664,0.12182532995939255
6862384,0.12388428300619125
6862496,0.12976670265197754
6862608,0.13127513229846954
6863040,0.12980103492736816
6863072,0.12919169664382935
6863200,0.1311696171760559
6864208,0.1330893635749817
6867248,0.12541335821151733
6867776,0.1318005621433258
6869600,0.12849482893943787
6870512,0.129500612616539
6870848,0.12467774003744125
6871328,0.12881185114383698
6871472,0.1275477260351181
6873152,0.1251152604818344
6873680,0.12872447073459625
6873936,0.1265425980091095
6876640,0.1277797371149063
6876720,0.13102342188358307
6877504,0.13050593435764313
6877632,0.12671777606010437
6878400,0.13097119331359863
6879728,0.12967170774936676
6880192,0.13355915248394012
6880768,0.12928710877895355
6883248,0.13115985691547394
6883840,0.13191647827625275
6886784,0.12887096405029297
6888480,0.12754081189632416
6888976,0.12641741335391998
6890352,0.13051575422286987
6890816,0.12924186885356903
6891616,0.12867455184459686
6892032,0.1286773532629013
6892784,0.12967267632484436
6895184,0.12835873663425446
6896432,0.13304653763771057
6898864,0.12892694771289825
6899344,0.12497074156999588
6899728,0.12980812788009644
6900816,0.13181312382221222
6901488,0.12213396281003952
6902048,0.1290520876646042
6902480,0.12525621056556702
6903408,0.13011586666107178
6905232,0.1310737133026123
6910048,0.126121386885643
6910256,0.128074511885643
6910368,0.12679031491279602
6911696,0.12759481370449066
6913008,0.12394752353429794
6915696,0.1304786205291748
6916560,0.1239790990948677
6916944,0.12516449391841888
6916960,0.1306159645318985
6917344,0.1247905045747757
6919376,0.12170970439910889
6920096,0.13005195558071136
6923056,0.12777180969715118
6925008,0.13161112368106842
6926048,0.12619003653526306
6927856,0.1301092952489853
6928304,0.12994176149368286
6931168,0.1319064497947693
6931376,0.1308799833059311
6931840,0.13073694705963135
6933200,0.13260456919670105
6934288,0.1246674582362175
6935408,0.1287265568971634
6936800,0.12930575013160706
6936976,0.1295662373304367
6937008,0.12813317775726318
6938224,0.13297055661678314
6940688,0.12974825501441956
6941264,0.12980228662490845
6941488,0.12861748039722443
6942080,0.12709394097328186
6945408,0.12677761912345886
6945968,0.13563887774944305
6946080,0.1299566626548767
6948528,0.127740740776062
6949664,0.13281552493572235
6951840,0.12565180659294128
6952112,0.12711092829704285
6952288,0.12457737326622009
6955008,0.12317118793725967
6958288,0.12952075898647308
6959360,0.12053213268518448
6959632,0.1306089460849762
6959760,0.121650330722332
6963616,0.1306401491165161
6963840,0.12094469368457794
6965264,0.12646256387233734
6965328,0.13167233765125275
6965456,0.1321355700492859
6966080,0.12983658909797668
6968816,0.12813599407672882
6969440,0.12355818599462509
6969696,0.1245129406452179
6969872,0.12828628718852997
6970896,0.12793366611003876
6970992,0.12425225973129272
6973232,0.12192254513502121
6973536,0.12229172885417938
6976048,0.12949423491954803
6976864,0.12475557625293732
6977120,0.12881390750408173
6979552,0.12625014781951904
6979648,0.1295810341835022
6980272,0.12916353344917297
6980432,0.1246238648891449
6981504,0.1030106246471405
6982736,0.13171638548374176
6983792,0.12936660647392273
6984192,0.1298699527978897
6985120,0.12791213393211365
6988592,0.13134923577308655
6988608,0.12791328132152557
6990048,0.1302577555179596
6990880,0.12751281261444092
6991168,0.12611638009548187
6992144,0.12943117320537567
6994448,0.12779882550239563
6999184,0.1301417201757431
6999248,0.131114661693573
7001856,0.13172030448913574
7002624,0.1298617273569107
7002864,0.1284628063440323
7005312,0.1310122162103653
7005472,0.12829434871673584
7005936,0.12871642410755157
7006064,0.13241250813007355
7006224,0.1295558661222458
7006432,0.12584908306598663
7008576,0.12824620306491852
7008976,0.1317654550075531
7014944,0.12847799062728882
7016000,0.1297011375427246
7016688,0.1260170340538025
7017392,0.12873566150665283
7018176,0.12525591254234314
7019152,0.1296861171722412
7020208,0.12459608167409897
7020976,0.12980185449123383
7022192,0.1147003099322319
7022832,0.1269780546426773
7025232,0.13079838454723358
7025584,0.1311100870370865
7026256,0.13306638598442078
7026880,0.1291666477918625
7029152,0.13217772543430328
7030272,0.12753985822200775
7032496,0.12965251505374908
7032752,0.1284840852022171
7033296,0.13067437708377838
7033888,0.13056522607803345
7035824,0.1273694783449173
7036144,0.13076722621917725
7036272,0.1281398981809616
7036320,0.13159582018852234
7037056,0.13010546565055847
7037248,0.12882423400878906
7037456,0.12241637706756592
7040336,0.1325320601463318
7040864,0.1295442432165146
7041968,0.130567729473114
7042912,0.13015714287757874
7043248,0.12712359428405762
7048048,0.13034410774707794
7049120,0.12841787934303284
7050528,0.12867382168769836
7051328,0.127352774143219
7051344,0.13085274398326874
7051536,0.12918171286582947
7052224,0.13365797698497772
7052448,0.12933790683746338
7052640,0.1303531676530838
7054640,0.12682729959487915
7054976,0.1269984096288681
7058688,0.12838037312030792
7059056,0.12452016770839691
7061664,0.1315459907054901
7063312,0.12738342583179474
7064816,0.12777931988239288
7065728,0.1247454285621643
7067712,0.12162192910909653
7070256,0.12534666061401367
7070384,0.12571856379508972
7072544,0.13031452894210815
7072624,0.12682129442691803
7073888,0.13431212306022644
7075456,0.1278357207775116
7076032,0.1296597570180893
7076384,0.12813159823417664
7077280,0.12992846965789795
7078352,0.12769336998462677
7081152,0.13133655488491058
7081904,0.1307888776063919
7083376,0.12754687666893005
7083504,0.12774969637393951
7084368,0.13206076622009277
7084800,0.13170012831687927
7090592,0.12540698051452637
7090640,0.12810947000980377
7091488,0.1256866306066513
7093936,0.12840473651885986
7094032,0.1281662881374359
7097552,0.1301013082265854
7097664,0.13297615945339203
7097728,0.13098564743995667
7100992,0.12789903581142426
7101104,0.13403348624706268
7101472,0.12666922807693481
7104480,0.1319643259048462
7104560,0.12631578743457794
7106656,0.12623494863510132
7107440,0.12963522970676422
7107968,0.1307171732187271
7107984,0.1253836750984192
7108352,0.13076524436473846
7114080,0.12670506536960602
7118608,0.133500874042511
7118736,0.13107383251190186
7119248,0.1280166506767273
7120800,0.1284397393465042
7121120,0.1283656656742096
7122368,0.12831325829029083
7122816,0.12566374242305756
7124352,0.1313502937555313
7124704,0.13212750852108002
7126080,0.13014622032642365
7129664,0.1268784999847412
7129936,0.12823277711868286
7131536,0.12804485857486725
7131952,0.13034610450267792
7132000,0.1288585066795349
7134048,0.12858644127845764
7134864,0.12818793952465057
7136992,0.13010472059249878
7137056,0.1241912767291069
7140288,0.1327001452445984
7140432,0.12555259466171265
7140560,0.12711000442504883
7140560,0.1329638808965683
7141936,0.1260797083377838
7143552,0.1339658945798874
7143920,0.1308291107416153
7145552,0.12661541998386383
7145808,0.13128389418125153
7146416,0.13123030960559845
7147360,0.12868459522724152
7147600,0.12947502732276917
7147648,0.1264411211013794
7147680,0.12707066535949707
7150688,0.12617890536785126
7153360,0.1287328600883484
7154672,0.12804633378982544
7154848,0.1287703961133957
7155056,0.12701481580734253
7157808,0.12949353456497192
7157952,0.1255396455526352
7159456,0.1334163099527359
7159920,0.1282319575548172
7160048,0.12809741497039795
7161280,0.12935763597488403
7161360,0.1307016760110855
7161760,0.13062673807144165
7161808,0.13004516065120697
7161824,0.13290344178676605
7164768,0.13102716207504272
7164880,0.12732258439064026
7164960,0.12861517071723938
7167104,0.1278262734413147
7168448,0.12207268178462982
7171776,0.12704063951969147
7171984,0.12865780293941498
7172848,0.12756671011447906
7173952,0.13064467906951904
7175712,0.12870468199253082
7176800,0.12838438153266907
7179552,0.13235394656658173
7179952,0.12942172586917877
7180368,0.1285201460123062
7181088,0.12890397012233734
7182608,0.1267526000738144
7184336,0.129331573843956
7186800,0.1287212073802948
7187024,0.1288352906703949
7187456,0.13085779547691345
7189792,0.1272798478603363
7190320,0.12673386931419373
7193056,0.12605440616607666
7193600,0.13031752407550812
7193888,0.12709634006023407
7196928,0.12374328076839447
7200544,0.12884388864040375
7201120,0.1240861639380455
7203648,0.12671232223510742
7204416,0.12838862836360931
7205136,0.12929515540599823
7208720,0.13092732429504395
7210784,0.12921608984470367
7211856,0.11500800400972366
7213008,0.12519057095050812
7213904,0.1061277687549591
7215152,0.1276426464319229
7215856,0.12935638427734375
7216576,0.12832213938236237
7217168,0.11911933124065399
7218224,0.13332469761371613
7218784,0.1287115216255188
7219376,0.13082964718341827
7221216,0.13283264636993408
7221216,0.12915147840976715
7221776,0.13089120388031006
7221776,0.13041990995407104
7221968,0.13051429390907288
7222608,0.1315411478281021
7223584,0.13203683495521545
7224400,0.12794266641139984
7225280,0.1322840303182602
7225296,0.12999652326107025
7225808,0.12908171117305756
7225856,0.1285526305437088
7226400,0.1320963054895401
7226528,0.13043031096458435
7227664,0.1297580748796463
7228128,0.1293589472770691
7229312,0.1327318400144577
7230016,0.1307518035173416
7231136,0.13375654816627502
7231680,0.12465191632509232
7231888,0.1303836852312088
7235248,0.1283814013004303
7235952,0.12522605061531067
7236496,0.12980172038078308
7237856,0.12922237813472748
7238720,0.130842924118042
7239504,0.13054636120796204
7240752,0.12991435825824738
7241472,0.13378600776195526
7242288,0.1292008012533188
7242672,0.13040247559547424
7243408,0.12848684191703796
7244192,0.12835365533828735
7246624,0.13283570110797882
7247856,0.12514719367027283
7248368,0.13058233261108398
7249792,0.13078442215919495
7250240,0.12172521650791168
7250256,0.12851664423942566
7250640,0.13863186538219452
7252992,0.12488441169261932
7255536,0.1288730800151825
7259136,0.12872488796710968
7260016,0.129227876663208
7260448,0.12758946418762207
7263600,0.11552377045154572
7263600,0.13001874089241028
7264416,0.12885653972625732
7264864,0.1291053146123886
7265328,0.125726118683815
7266192,0.12780365347862244
7266848,0.12981848418712616
7267120,0.13147224485874176
7268848,0.1315891444683075
7269168,0.12950009107589722
7270864,0.1282491832971573
7271552,0.12629708647727966
7272352,0.125141441822052
7274256,0.12061881273984909
7275152,0.12778080999851227
7275520,0.12983283400535583
7276880,0.13300934433937073
7277712,0.1288076788187027
7279040,0.13042622804641724
7281248,0.1231011375784874
7281376,0.13223229348659515
7285696,0.12885183095932007
7285824,0.1224309578537941
7285904,0.1270654946565628
7288720,0.12226087599992752
7292096,0.13034743070602417
7293024,0.13015863299369812
7294064,0.13031575083732605
7294752,0.1299571841955185
7295552,0.13310390710830688
7296192,0.12810061872005463
7296720,0.135903999209404
7298256,0.13016678392887115
7299088,0.12937287986278534
7300208,0.12483826279640198
7301744,0.13156765699386597
7302592,0.1291048526763916
7304224,0.12992548942565918
7304704,0.1305825263261795
7309616,0.12786051630973816
7309680,0.12413731217384338
7310016,0.12953771650791168
7310944,0.12102895975112915
7313488,0.1278127133846283
7314144,0.12982575595378876
7314368,0.12978093326091766
7315872,0.13018114864826202
7319024,0.13040569424629211
7320288,0.1300707906484604
7323824,0.12806566059589386
7324176,0.12666930258274078
7324208,0.1281667947769165
7325248,0.1294099986553192
7327808,0.1317908614873886
7328608,0.12788106501102448
7328960,0.13314861059188843
7330384,0.12692297995090485
7333360,0.12903748452663422
7333872,0.13210828602313995
7334384,0.13072311878204346
7335312,0.12990811467170715
7338384,0.1319827288389206
7340464,0.1286579668521881
7341520,0.1259966492652893
7341872,0.12759079039096832
7342288,0.12982772290706635
7343152,0.13301052153110504
7343968,0.12783551216125488
7345120,0.13263703882694244
7345376,0.13154292106628418
7346176,0.13199524581432343
7346656,0.12845085561275482
7346688,0.1273212879896164
7347968,0.13348059356212616
7348736,0.12519194185733795
7352416,0.12772111594676971
7352656,0.12943315505981445
7353232,0.13221938908100128
7353952,0.13616414368152618
7356416,0.12802764773368835
7357344,0.13000117242336273
7357600,0.1251463145017624
7358464,0.13444606959819794
7361120,0.12862473726272583
7361696,0.1335306167602539
7362848,0.12842592597007751
7364624,0.13090991973876953
7365168,0.13399407267570496
7366416,0.13108472526073456
7366992,0.12570273876190186
7367504,0.12548282742500305
7367536,0.12773293256759644
7368096,0.12958882749080658
7368624,0.12694397568702698
7370000,0.1256752610206604
7370080,0.1314101666212082
7370464,0.12511369585990906
7371008,0.12565375864505768
7373456,0.13162602484226227
7374544,0.12827441096305847
7375088,0.12259416282176971
7376592,0.12350644171237946
7377088,0.1302204430103302
7377520,0.1281944066286087
7379744,0.129497691988945
7380480,0.1311870664358139
7381664,0.12533248960971832
7382272,0.1237863302230835
7383584,0.12555751204490662
7384048,0.12419526278972626
7384992,0.13058079779148102
7386752,0.12644758820533752
7387696,0.12869217991828918
7388384,0.13045479357242584
7389312,0.12986136972904205
7390336,0.1217576265335083
7390944,0.13052046298980713
7391056,0.12747158110141754
7391248,0.12887682020664215
7392800,0.1314084529876709
7394560,0.12677186727523804
7395664,0.12666432559490204
7396304,0.12772829830646515
7398128,0.13037824630737305
7398240,0.13008520007133484
7398848,0.13035409152507782
7401712,0.13094620406627655
7401824,0.12536020576953888
7402736,0.1206211969256401
7403616,0.1287962645292282
7406032,0.1155426949262619
7412016,0.12616463005542755
7415376,0.11730491369962692
7415920,0.12970244884490967
7418912,0.1320137232542038
7419040,0.12457524985074997
7423024,0.1298529952764511
7426816,0.12577103078365326
7428160,0.12684515118598938
7428544,0.1298256665468216
7430176,0.12910376489162445
7430224,0.1250789910554886
7433136,0.1315479576587677
7437168,0.13149860501289368
7437200,0.1318582445383072
7437456,0.13066212832927704
7439936,0.13037918508052826
7440800,0.12911520898342133
7441792,0.12679864466190338
7442272,0.12926319241523743
7443472,0.12251555919647217
7443968,0.12848076224327087
7445360,0.128963902592659
7445760,0.12795324623584747
7446560,0.12119697034358978
7447008,0.127175971865654
7450560,0.12978486716747284
7451616,0.12904325127601624
7452512,0.1279003620147705
7453008,0.1300165206193924
7454656,0.12847670912742615
7455216,0.1266801357269287
7458576,0.1307617872953415
7459520,0.13101908564567566
7459584,0.12790875136852264
7460016,0.1293051689863205
7463552,0.12605558335781097
7464400,0.1288325935602188
7464672,0.12868303060531616
7465088,0.1299424022436142
7465488,0.1261032223701477
7465520,0.12688198685646057
7466640,0.1293206661939621
7466768,0.12183275818824768
7467968,0.12876906991004944
7468704,0.12801823019981384
7468992,0.1320716291666031
7470672,0.13093610107898712
7473872,0.12614870071411133
7474960,0.13124269247055054
7475344,0.1274229735136032
7476112,0.12577413022518158
7477696,0.12290162593126297
7479088,0.12711885571479797
7479632,0.1303206831216812
7482144,0.1270548552274704
7482816,0.12213589251041412
7485264,0.12101021409034729
7488544,0.13009865581989288
7492096,0.12889841198921204
7492384,0.12798471748828888
7493120,0.12743106484413147
7493216,0.1273529976606369
7493616,0.12182433158159256
7495488,0.12718938291072845
7496880,0.12960447371006012
7496992,0.12768453359603882
7498992,0.130747452378273
7499072,0.13031846284866333
7500320,0.12949857115745544
7501216,0.1303747147321701
7502240,0.12809717655181885
7503664,0.13219669461250305
7504608,0.12774813175201416
7506352,0.12822364270687103
7507312,0.12575773894786835
7507360,0.12619814276695251
7507648,0.13082532584667206
7508352,0.13378390669822693
7511488,0.13132162392139435
7513408,0.12844540178775787
7514016,0.1274237036705017
7514352,0.12933951616287231
7515200,0.13038921356201172
7516976,0.12962795794010162
7517024,0.12935610115528107
7517216,0.13040561974048615
7517872,0.12947575747966766
7517920,0.1291884183883667
7519072,0.1308417171239853
7520528,0.12927915155887604
7520560,0.13324767351150513
7520736,0.12930478155612946
7521728,0.12278952449560165
7522512,0.13316892087459564
7524752,0.12768539786338806
7525040,0.13219523429870605
7525552,0.12731389701366425
7527568,0.12869322299957275
7528272,0.13132329285144806
7528976,0.12269223481416702
7531344,0.12777574360370636
7532128,0.1317383497953415
7534928,0.1228676363825798
7535808,0.12804967164993286
7538992,0.12273524701595306
7540512,0.12955154478549957
7541984,0.13016827404499054
7542784,0.1263890266418457
7542880,0.13058316707611084
7546032,0.12985500693321228
7546368,0.1295161098241806
7547216,0.1325012892484665
7547344,0.12750469148159027
7550256,0.1294075846672058
7550880,0.1289859265089035
7553200,0.12666329741477966
7554272,0.12413278967142105
7555696,0.1314537227153778
7557408,0.13154365122318268
7557648,0.12716780602931976
7558192,0.12685081362724304
7559840,0.12388698011636734
7559904,0.12745939195156097
7560288,0.11570484936237335
7560624,0.12558268010616302
7561152,0.13078053295612335
7561744,0.131449893116951
7564496,0.12355705350637436
7565024,0.12636515498161316
7565328,0.12598274648189545
7566832,0.12779216468334198
7567952,0.12745152413845062
7570288,0.12945173680782318
7570432,0.1314765214920044
7570480,0.13322095572948456
7570864,0.13080628216266632
7571472,0.13048678636550903
7574352,0.12563134729862213
7574720,0.13036152720451355
7574896,0.1294287145137787
7575296,0.1289735734462738
7577840,0.13203705847263336
7579456,0.13318504393100739
7581184,0.12781941890716553
7581344,0.1320115327835083
7581760,0.12693893909454346
7581776,0.13057169318199158
7582800,0.1300184577703476
7585984,0.130055233836174
7588128,0.12393288314342499
7588320,0.12850676476955414
7589136,0.1299978792667389
7589616,0.12871646881103516
7590128,0.12648265063762665
7591104,0.12551800906658173
7591904,0.13158641755580902
7592864,0.12519460916519165
7593424,0.13040515780448914
7594704,0.13057853281497955
7594912,0.13174012303352356
7595152,0.12734611332416534
7596944,0.13183841109275818
7598688,0.12559691071510315
7599328,0.12926369905471802
7599728,0.12855303287506104
7600256,0.12588229775428772
7600688,0.12190975993871689
7602304,0.129238560795784
7602432,0.1312859058380127
7606336,0.12717166543006897
7606464,0.12990477681159973
7607296,0.1301937848329544
7607616,0.12773752212524414
7608784,0.12920403480529785
7609424,0.13049738109111786
7610032,0.12349137663841248
7612704,0.10730912536382675
7614288,0.12870028614997864
7617328,0.13030792772769928
7617488,0.13110151886940002
7617872,0.12728562951087952
7618144,0.13182173669338226
7621456,0.12927202880382538
7621680,0.12916117906570435
7623712,0.12586906552314758
7624464,0.12791737914085388
7625008,0.13083605468273163
7626928,0.12606452405452728
7627056,0.12935106456279755
7627216,0.12427475303411484
7627536,0.12786129117012024
7627888,0.12619352340698242
7628032,0.13089430332183838
7628464,0.12582331895828247
7628752,0.1311010867357254
7630240,0.1256280094385147
7630656,0.12931372225284576
7631664,0.12727390229701996
7633744,0.12956149876117706
7635216,0.13023336231708527
7635504,0.12752263247966766
7637088,0.12867355346679688
7638096,0.12818336486816406
7638528,0.13039575517177582
7639120,0.1287120133638382
7641904,0.13236109912395477
7642512,0.1284864991903305
7644768,0.1331794708967209
7644784,0.12740592658519745
7645440,0.12918180227279663
7647856,0.13292166590690613
7648336,0.13212142884731293
7648416,0.1319199651479721
7649616,0.12713611125946045
7651360,0.12983891367912292
7653168,0.12991280853748322
7655152,0.1261051446199417
7655952,0.1240425854921341
7656160,0.13195045292377472
7656432,0.13238783180713654
7659040,0.13192149996757507
7659776,0.1285257637500763
7660400,0.13093824684619904
7662112,0.13425062596797943
7662400,0.1295124888420105
7663184,0.12568922340869904
7666832,0.13151246309280396
7669504,0.12655963003635406
7669648,0.12283328920602798
7670032,0.12145482748746872
7671504,0.1277206391096115
7672080,0.1278502643108368
7674608,0.13330623507499695
7675600,0.12471938878297806
7676672,0.12833231687545776
7677216,0.13312210142612457
7678064,0.12916958332061768
7678144,0.12569764256477356
7678592,0.1318291872739792
7680608,0.13123857975006104
7680960,0.13086697459220886
7682816,0.1263728141784668
7683216,0.12950199842453003
7683824,0.1298249512910843
7684064,0.12179139256477356
7684592,0.13375216722488403
7684976,0.1254352182149887
7685072,0.12927047908306122
7686304,0.12965352833271027
7688112,0.12921568751335144
7688704,0.13027271628379822
7689872,0.12581278383731842
7690336,0.13387255370616913
7691152,0.12369292974472046
7691872,0.1280905157327652
7692208,0.12962789833545685
7695952,0.13226184248924255
7696944,0.13045857846736908
7698256,0.1352657526731491
7698880,0.13150285184383392
7699024,0.12821465730667114
7699504,0.13185052573680878
7700592,0.1344325989484787
7705824,0.12645673751831055
7707488,0.12879861891269684
7708976,0.128109410405159
7709312,0.12707333266735077
7709408,0.13066242635250092
7709968,0.1294587105512619
7712448,0.13042758405208588
7713056,0.13080455362796783
7713296,0.13026635348796844
7713824,0.13173413276672363
7716480,0.12764395773410797
7720112,0.1305871456861496
7720912,0.13116739690303802
7722016,0.1324528306722641
7722704,0.1304720789194107
7723536,0.12837013602256775
7724176,0.13191014528274536
7725280,0.131856769323349
7727024,0.1312798261642456
7727184,0.1262819916009903
7727648,0.12878768146038055
7732208,0.12907393276691437
7732640,0.1301700323820114
7734560,0.12900857627391815
7736976,0.12868188321590424
7738576,0.1283147633075714
7738672,0.1307971328496933
7739792,0.12868376076221466
7741552,0.1265968382358551
7742128,0.1253925859928131
7743696,0.11593340337276459
7744016,0.13394376635551453
7745168,0.12902066111564636
7745440,0.12897659838199615
7745824,0.13170258700847626
7746464,0.12921912968158722
7748096,0.12980219721794128
7748368,0.12902335822582245
7748368,0.12373971194028854
7748672,0.13278347253799438
7748720,0.12566424906253815
7749360,0.1271023005247116
7751824,0.12997981905937195
7752240,0.12912821769714355
7753664,0.12450846284627914
7753824,0.13017603754997253
7757280,0.12883101403713226
7759280,0.1340695023536682
7760576,0.09818576276302338
7760736,0.1271389126777649
7764144,0.12709282338619232
7765856,0.13007663190364838
7766432,0.1268879920244217
7766640,0.13101030886173248
7768304,0.12653057277202606
7769328,0.1309846043586731
7769872,0.13098298013210297
7770256,0.12810242176055908
7770496,0.1256745606660843
7771472,0.13136273622512817
7772096,0.13270369172096252
7773056,0.11904772371053696
7774720,0.12600134313106537
7774784,0.1249101310968399
7774928,0.1260467916727066
7776320,0.12943485379219055
7776944,0.11338196694850922
7777680,0.12495238333940506
7778272,0.13201577961444855
7778464,0.12848727405071259
7779968,0.1288229078054428
7780128,0.1263531893491745
7780512,0.1357276290655136
7781824,0.12909145653247833
7781888,0.13058017194271088
7782848,0.1246291920542717
7783904,0.1287507563829422
7785552,0.12780849635601044
7785680,0.11951696872711182
7789152,0.13230165839195251
7789216,0.12963458895683289
7789920,0.12706562876701355
7790832,0.13230189681053162
7790992,0.12269110232591629
7791248,0.1260683834552765
7792480,0.12934310734272003
7793360,0.08526027947664261
7794128,0.12891873717308044
7794400,0.12999548017978668
7796192,0.13350948691368103
7798096,0.13230763375759125
7799520,0.1295958310365677
7800112,0.1300082951784134
7800528,0.1268574595451355
7800528,0.12800268828868866
7801056,0.12942451238632202
7801616,0.1310328096151352
7803056,0.13102608919143677
7804576,0.13547325134277344
7804944,0.13620349764823914
7806912,0.13074587285518646
7807248,0.1318584531545639
7808032,0.12618552148342133
7808784,0.12751425802707672
7808880,0.1296604871749878
7808912,0.12539194524288177
7810112,0.13029642403125763
7812400,0.13423675298690796
7814272,0.12757979333400726
7814816,0.12947094440460205
7815072,0.12537460029125214
7815696,0.13049006462097168
7815936,0.12596367299556732
7816096,0.13560202717781067
7818256,0.12569646537303925
7818704,0.13146114349365234
7819344,0.13119353353977203
7819360,0.1284458190202713
7821376,0.13188152015209198
7821840,0.1261368989944458
7821936,0.13050301373004913
7822096,0.1338081657886505
7822320,0.128654345870018
7822416,0.13085347414016724
7822896,0.12527522444725037
7824336,0.12925297021865845
7825808,0.1319103091955185
7826544,0.12631656229496002
7829360,0.13035848736763
7829536,0.12547776103019714
7831520,0.13113456964492798
7831520,0.1274416446685791
7832016,0.13224473595619202
7832896,0.12490668892860413
7833152,0.12586088478565216
7833664,0.12565188109874725
7836384,0.12822601199150085
7839648,0.12848731875419617
7839680,0.12941193580627441
7839760,0.1313018947839737
7840160,0.1279062181711197
7840752,0.1286913901567459
7842256,0.12594379484653473
7844128,0.13208000361919403
7845616,0.13018986582756042
7847280,0.13056473433971405
7847792,0.12901782989501953
7847904,0.13086354732513428
7849328,0.1309494972229004
7853136,0.12919531762599945
7854512,0.12820836901664734
7856480,0.13046890497207642
7856544,0.12846030294895172
7857392,0.12893271446228027
7858464,0.13083437085151672
7858592,0.12884576618671417
7861344,0.12449109554290771
7861840,0.12928825616836548
7862176,0.12717920541763306
7863568,0.13130606710910797
7863712,0.1250985562801361
7863712,0.12568114697933197
7865136,0.13337485492229462
7867264,0.13037140667438507
7868704,0.12619593739509583
7869312,0.13153986632823944
7872864,0.13276702165603638
7873936,0.1294754296541214
7874560,0.1299101561307907
7875184,0.12858641147613525
7875456,0.12778536975383759
7875520,0.12690366804599762
7879024,0.13035698235034943
7879984,0.13662946224212646
7882880,0.12627293169498444
7887104,0.1275733858346939
7888560,0.13352207839488983
7893952,0.13190968334674835
7894160,0.1311701089143753
7895424,0.1272503286600113
7895648,0.12894050776958466
7899200,0.12778842449188232
7900688,0.12995056807994843
7902464,0.1270032376050949
7902704,0.1297266036272049
7903008,0.12851989269256592
7904016,0.12943388521671295
7904256,0.13087774813175201
7905024,0.12704011797904968
7906080,0.13209764659404755
7906224,0.1312587559223175
7906688,0.13089434802532196
7908352,0.12858402729034424
7910944,0.13068249821662903
7911776,0.12890581786632538
7911888,0.13288284838199615
7913648,0.12973913550376892
7914720,0.12534509599208832
7914784,0.11762697994709015
7914896,0.13166387379169464
7915376,0.12803198397159576
7915552,0.12821364402770996
7916976,0.12887486815452576
7918880,0.12755921483039856
7919136,0.129800483584404
7920560,0.12920017540454865
7920752,0.12813825905323029
7921920,0.1319303661584854
7922688,0.12873825430870056
7922736,0.12969297170639038
7924128,0.12871497869491577
7926112,0.12264890968799591
7927408,0.1291157305240631
7928096,0.12933717668056488
7929616,0.12864603102207184
7930960,0.13121530413627625
7931216,0.12644743919372559
7931408,0.12930478155612946
7933104,0.13020791113376617
7934768,0.13102951645851135
7936656,0.13047076761722565
7938144,0.128274604678154
7938416,0.1298246830701828
7939680,0.13018225133419037
7940400,0.13276496529579163
7942400,0.1270419955253601
7945328,0.1318294107913971
7947472,0.12937547266483307
7950384,0.12712600827217102
7953920,0.12747538089752197
7954416,0.12697580456733704
7956096,0.128499835729599
7956112,0.12799957394599915
7956144,0.12485262751579285
7956256,0.12891390919685364
7956432,0.1309182047843933
7958000,0.1267338991165161
7959376,0.13224007189273834
7961568,0.12879382073879242
7964592,0.13181760907173157
7966704,0.12435469031333923
7966768,0.12994249165058136
7966960,0.12696637213230133
7971360,0.1338028609752655
7971792,0.12659433484077454
7972272,0.13111285865306854
7973904,0.12536214292049408
7974144,0.12877757847309113
7974896,0.1293296366930008
7975776,0.12897109985351562
7978720,0.12641873955726624
7980112,0.1278248429298401
7980880,0.1296377182006836
7981520,0.13026854395866394
7984512,0.12222782522439957
7985568,0.13064485788345337
7985808,0.1303204596042633
7986480,0.12841695547103882
7988080,0.12728449702262878
7988368,0.13010886311531067
7990256,0.1293184459209442
7990688,0.12846779823303223
7990784,0.12910664081573486
7991744,0.12502750754356384
7992064,0.12542657554149628
7994304,0.13307727873325348
7995136,0.13198591768741608
7995360,0.12628759443759918
7998784,0.12818410992622375
7999232,0.1299755573272705
7999376,0.13030961155891418
7999744,0.1295701563358307
8001328,0.13095742464065552
8001392,0.12628380954265594
8002368,0.12947680056095123
8002400,0.12839043140411377
8002496,0.1286323368549347
8004496,0.13165010511875153
8005808,0.13488823175430298
8008032,0.12889599800109863
8008048,0.13119782507419586
8009856,0.1314026117324829
8011168,0.13016410171985626
8011440,0.1289421021938324
8011648,0.12628918886184692
8011904,0.13269779086112976
8013152,0.12742732465267181
8014320,0.12869444489479065
8015072,0.1272611767053604
8016640,0.12644992768764496
8018800,0.13005980849266052
8019216,0.13118469715118408
8019952,0.13074733316898346
8020128,0.12926000356674194
8020528,0.13344737887382507
8020560,0.12750671803951263
8021488,0.1265675574541092
8022320,0.12477487325668335
8023744,0.1247621700167656
8023968,0.13162530958652496
8024112,0.12769624590873718
8025872,0.12500262260437012
8027472,0.1290144920349121
8028032,0.13301981985569
8029456,0.12943607568740845
8030848,0.12516964972019196
8031072,0.13335387408733368
8032256,0.12585806846618652
8032928,0.1293478161096573
8032960,0.12355473637580872
8033088,0.12942881882190704
8034128,0.12692251801490784
8036032,0.12827368080615997
8038192,0.12278290092945099
8040144,0.1229654997587204
8044688,0.13007061183452606
8045488,0.12661372125148773
8045648,0.13041360676288605
8045840,0.12923842668533325
8047808,0.12440130114555359
8049040,0.12976211309432983
8050736,0.1258101612329483
8050784,0.1318705976009369
8053856,0.11416840553283691
8054208,0.130270853638649
8055552,0.1288326382637024
8056224,0.1299470067024231
8056288,0.12978403270244598
8059040,0.13370941579341888
8059104,0.12502488493919373
8060064,0.13185663521289825
8062688,0.1245160773396492
8063456,0.12249643355607986
8063936,0.12628807127475739
8068752,0.12716954946517944
8070560,0.12591823935508728
8071584,0.1326122134923935
8073248,0.13133688271045685
8073472,0.13134333491325378
8074704,0.12923844158649445
8076736,0.1293240189552307
8077008,0.13162121176719666
8077200,0.13016600906848907
8078288,0.12828202545642853
8078688,0.1301569789648056
8079424,0.12764887511730194
8082912,0.12547890841960907
8083024,0.1291891187429428
8083888,0.12793245911598206
8086576,0.08117708563804626
8086608,0.12849481403827667
8087536,0.12583217024803162
8089296,0.13199317455291748
8090112,0.12734106183052063
8091840,0.12955982983112335
8095344,0.12509511411190033
8095888,0.12847499549388885
8096336,0.12965522706508636
8099920,0.13057340681552887
8100272,0.1292988359928131
8100528,0.1308576613664627
8100864,0.12265032529830933
8101216,0.12936267256736755
8101680,0.13486267626285553
8102112,0.12988679111003876
8103104,0.11997897922992706
8104496,0.12945519387722015
8105264,0.12806154787540436
8107312,0.1330900341272354
8107568,0.13026466965675354
8107840,0.13618941605091095
8110560,0.13326627016067505
8113104,0.13047552108764648
8114064,0.1317809671163559
8114640,0.1315383017063141
8115840,0.13302266597747803
8115856,0.1276429444551468
8117296,0.13173115253448486
8118048,0.1304759681224823
8118592,0.12507861852645874
8119440,0.1340164840221405
8119488,0.12489480525255203
8120128,0.12796668708324432
8121136,0.12564663589000702
8121584,0.12916365265846252
8121744,0.13020555675029755
8122048,0.12779007852077484
8122352,0.12774187326431274
8129088,0.12915408611297607
8129216,0.13441894948482513
8131920,0.12950588762760162
8132224,0.1286821812391281
8137472,0.13442958891391754
8138000,0.12756501138210297
8141136,0.12967289984226227
8142352,0.13055334985256195
8143488,0.12731368839740753
8144256,0.12732131779193878
8144576,0.12918341159820557
8148624,0.13124118745326996
8151904,0.12757627665996552
8154240,0.12868285179138184
8154304,0.129759281873703
8155168,0.13215774297714233
8156544,0.12674401700496674
8156640,0.13185809552669525
8158272,0.12992455065250397
8158384,0.1326894611120224
8159136,0.1312188059091568
8159360,0.1255318969488144
8165520,0.1296483874320984
8166320,0.1328381896018982
8166544,0.12904250621795654
8168176,0.12736237049102783
8168992,0.12935030460357666
8171984,0.12686508893966675
8174128,0.12527771294116974
8174416,0.12957963347434998
8176416,0.1326599270105362
8176912,0.13165444135665894
8177024,0.12863768637180328
8177280,0.12728290259838104
8177936,0.13572685420513153
8180464,0.13203689455986023
8180560,0.13164621591567993
8180816,0.1308973878622055
8181808,0.12940886616706848
8182400,0.12853984534740448
8182720,0.1270410269498825
8183440,0.13224054872989655
8183760,0.13482294976711273
8184368,0.1340906172990799
8184672,0.13001057505607605
8184976,0.13061140477657318
8185344,0.13001734018325806
8186192,0.1304892897605896
8189264,0.12969323992729187
8189664,0.1281142681837082
8191200,0.1310512125492096
8192784,0.1301620900630951
8193200,0.12664543092250824
8193216,0.13122022151947021
8193920,0.1267738789319992
8195168,0.13151094317436218
8196784,0.13383686542510986
8197600,0.13361865282058716
8197616,0.12617303431034088
8198080,0.12989650666713715
8200080,0.13033358752727509
8201024,0.13248112797737122
8201024,0.1353185772895813
8202656,0.13276554644107819
8203104,0.1277167797088623
8205200,0.13093921542167664
8205648,0.1316491663455963
8206160,0.13175836205482483
8207472,0.13039027154445648
8208096,0.126815527677536
8210144,0.13178957998752594
8210224,0.13098561763763428
8210896,0.12901070713996887
8211008,0.12433820217847824
8211024,0.1315586119890213
8211600,0.12664613127708435
8212384,0.13178282976150513
8216048,0.1320137232542038
8216512,0.13314537703990936
8217952,0.13158124685287476
8218752,0.1257609724998474
8220000,0.12828834354877472
8220720,0.13279606401920319
8220864,0.12074678391218185
8221440,0.1294022500514984
8223888,0.1287396401166916
8225120,0.1265280395746231
8225184,0.1316213309764862
8227104,0.1294759213924408
8227840,0.12616366147994995
8228608,0.1307077258825302
8232176,0.1291039139032364
8232768,0.1328819990158081
8233584,0.1323615312576294
8234944,0.13479474186897278
8234944,0.12833932042121887
8235904,0.13111865520477295
8236448,0.12727215886116028
8237696,0.1310637891292572
8239952,0.12904919683933258
8240800,0.12737523019313812
8244256,0.13586553931236267
8245072,0.12896886467933655
8246464,0.129351407289505
8247744,0.12747341394424438
8248640,0.1283639371395111
8249280,0.1306246817111969
8250080,0.13437652587890625
8250544,0.1275809407234192
8253520,0.13149282336235046
8254352,0.1297599822282791
8255296,0.1276014745235443
8255600,0.12841778993606567
8256368,0.1315801739692688
8257088,0.12841710448265076
8257888,0.130199134349823
8258528,0.1330053061246872
8258784,0.12125910073518753
8260464,0.13002891838550568
8260560,0.13042394816875458
8261872,0.13108301162719727
8262864,0.12571439146995544
8265856,0.13065357506275177
8266224,0.12899182736873627
8267616,0.1268036961555481
8268384,0.1253136843442917
8271056,0.12770366668701172
8273184,0.11695574969053268
8274736,0.12624739110469818
8276352,0.126126229763031
8276784,0.1270761787891388
8277552,0.12608842551708221
8278288,0.1297008991241455
8279936,0.12834592163562775
8280208,0.1320158690214157
8280496,0.12555789947509766
8284080,0.13095705211162567
8285360,0.1284734308719635
8287072,0.12457595020532608
8287248,0.129202201962471
8287504,0.12700696289539337
8287712,0.12486483156681061
8290352,0.13006041944026947
8290608,0.13062143325805664
8291216,0.1292288452386856
8292448,0.13505667448043823
8293184,0.13105681538581848
8294640,0.12878628075122833
8296704,0.12815633416175842
8296816,0.12775997817516327
8297952,0.13024818897247314
8301168,0.1321912407875061
8301488,0.12885349988937378
8302992,0.12758022546768188
8303120,0.12672409415245056
8304480,0.13136474788188934
8305072,0.12867450714111328
8305104,0.12693998217582703
8305424,0.12969045341014862
8306688,0.1311839520931244
8308096,0.1312641054391861
8309280,0.12942498922348022
8310112,0.13152147829532623
8310160,0.13012191653251648
8311424,0.13053558766841888
8311728,0.12614670395851135
8312128,0.13021902740001678
8315104,0.1307118684053421
8315216,0.1304621398448944
8316096,0.12705694139003754
8317376,0.12920108437538147
8317952,0.1343497931957245
8318864,0.12835052609443665
8320896,0.13027434051036835
8321472,0.13331712782382965
8322768,0.12698863446712494
8324320,0.12314338982105255
8326272,0.13236135244369507
8326448,0.1275821179151535
8328608,0.12968917191028595
8329168,0.1288013607263565
8329184,0.12941117584705353
8329888,0.12857073545455933
8331568,0.13170930743217468
8332704,0.13148947060108185
8332832,0.1280454397201538
8333728,0.13111428916454315
8336464,0.12546545267105103
8337536,0.11856503039598465
8337696,0.1303751915693283
8340448,0.12972980737686157
8342064,0.1274353563785553
8343424,0.12586964666843414
8343424,0.13168838620185852
8345536,0.1260039508342743
8347520,0.13187666237354279
8347968,0.1318262219429016
8348352,0.12967965006828308
8351872,0.13143859803676605
8352752,0.12951360642910004
8353696,0.12827357649803162
8354160,0.12680281698703766
8356208,0.130281001329422
8356256,0.13177050650119781
8356960,0.12966075539588928
8357424,0.13045497238636017
8361264,0.1277516782283783
8361632,0.1320197433233261
8361792,0.1287681609392166
8363312,0.12566538155078888
8363328,0.13157540559768677
8364048,0.1273849904537201
8364832,0.12982870638370514
8364912,0.1291494220495224
8365312,0.12921352684497833
8365680,0.12194535881280899
8368096,0.13010479509830475
8369280,0.1333460956811905
8371648,0.12942084670066833
8375168,0.13141079246997833
8377584,0.12801705300807953
8380976,0.12893252074718475
8382144,0.1337938755750656
8383024,0.12821772694587708
8383040,0.1307339370250702
8383424,0.12998725473880768
8383680,0.13301493227481842
8385088,0.13026727735996246
8385744,0.12908853590488434
8388144,0.12530316412448883
8389552,0.1290678083896637
8390064,0.13097546994686127
8390800,0.12769408524036407
8391712,0.12474285811185837
8392832,0.13125140964984894
8394224,0.13150820136070251
8394256,0.1278936117887497
8395200,0.12926556169986725
8396704,0.13280336558818817
8397216,0.12484589219093323
8397792,0.13173598051071167
8400160,0.1323888748884201
8401536,0.1257375031709671
8402400,0.1266431212425232
8402432,0.13334080576896667
8403776,0.12788312137126923
8404160,0.12907999753952026
8404592,0.12698246538639069
8405152,0.1277473270893097
8406944,0.13037829101085663
8407264,0.12715020775794983
8407664,0.12914849817752838
8408928,0.12317607551813126
8409344,0.12862303853034973
8410304,0.12869413197040558
8412944,0.13225121796131134
8413616,0.12835216522216797
8414368,0.13228705525398254
8414864,0.12658333778381348
8417504,0.120452381670475
8420080,0.12337768077850342
8423264,0.12928320467472076
8423568,0.13070127367973328
8424592,0.13433675467967987
8424656,0.13219904899597168
8425104,0.1308356076478958
8425696,0.13095878064632416
8426592,0.1315488964319229
8427120,0.12843312323093414
8428672,0.12277831882238388
8429680,0.12832973897457123
8431648,0.12844407558441162
8432144,0.12921859323978424
8432432,0.1287190467119217
8435104,0.1304418444633484
8439840,0.13416345417499542
8440816,0.12723974883556366
8444576,0.1301526427268982
8447408,0.13204450905323029
8447792,0.131251722574234
8447824,0.1293022781610489
8449200,0.13210546970367432
8449904,0.13476811349391937
8450288,0.13237997889518738
8451232,0.1277998685836792
8452112,0.1300542652606964
8453120,0.1304955780506134
8456976,0.12324652075767517
8457072,0.12438760697841644
8457376,0.13149338960647583
8460480,0.13013653457164764
8461760,0.13091516494750977
8462032,0.12837623059749603
8463344,0.13156919181346893
8463424,0.12952131032943726
8464080,0.13038021326065063
8465296,0.1258409470319748
8465424,0.130640909075737
8465472,0.12642621994018555
8468832,0.12734949588775635
8468960,0.13259346783161163
8469664,0.13017390668392181
8469968,0.12644262611865997
8472624,0.12774261832237244
8473920,0.13075590133666992
8473984,0.12971211969852448
8476144,0.13190728425979614
8478112,0.12983648478984833
8479584,0.1310078203678131
8479776,0.12912772595882416
8479792,0.13044528663158417
8481008,0.12349631637334824
8482448,0.12817411124706268
8482544,0.1256086826324463
8483088,0.13308149576187134
8483840,0.13028353452682495
8484704,0.13025683164596558
8486944,0.123526930809021
8488544,0.12788818776607513
8488656,0.1285875290632248
8489456,0.12851464748382568
8490160,0.13093292713165283
8493728,0.13298825919628143
8494864,0.1346980631351471
8497184,0.12631939351558685
8497312,0.1263352483510971
8497456,0.12760113179683685
8499264,0.12682610750198364
8500832,0.12838801741600037
8501120,0.12794335186481476
8501536,0.1310775727033615
8502368,0.1285369098186493
8503680,0.12507671117782593
8503968,0.13098490238189697
8504496,0.12764479219913483
8504800,0.12471464276313782
8505024,0.12902186810970306
8505776,0.12751689553260803
8506336,0.12842467427253723
8507840,0.12660124897956848
8507984,0.12515446543693542
8510704,0.13279566168785095
8511600,0.1270272582769394
8513376,0.1277848780155182
8515168,0.1259840577840805
8515296,0.07932300865650177
8515376,0.13087721168994904
8515488,0.13147233426570892
8516192,0.12838245928287506
8516208,0.125804141163826
8516640,0.13145746290683746
8516992,0.12505285441875458
8517760,0.12014437466859818
8518656,0.1266976296901703
8519888,0.1303952932357788
8520560,0.13229165971279144
8522272,0.13043510913848877
8523488,0.13055992126464844
8524064,0.12558546662330627
8524064,0.12617291510105133
8525856,0.13170325756072998
8526896,0.12292595207691193
8526912,0.12568597495555878
8527344,0.13196870684623718
8528320,0.130738765001297
8529328,0.13107606768608093
8531136,0.12415935844182968
8532912,0.1233263611793518
8534208,0.1282774955034256
8534624,0.12794208526611328
8536400,0.13053347170352936
8537504,0.1305798590183258
8540016,0.1312563270330429
8540080,0.12803113460540771
8540528,0.1274184286594391
8541088,0.13348355889320374
8543616,0.133066788315773
8544544,0.129228413105011
8545136,0.1276550590991974
8545200,0.12694764137268066
8546784,0.12746459245681763
8547040,0.12943871319293976
8547152,0.126648411154747
8547168,0.1264217048883438
8547504,0.13232769072055817
8548128,0.13054949045181274
8548672,0.09368044137954712
8548688,0.13112513720989227
8550192,0.12580768764019012
8550560,0.12840773165225983
8551984,0.13112598657608032
8553392,0.12407729029655457
8553872,0.13275836408138275
8554128,0.12287822365760803
8554272,0.1342802196741104
8555216,0.12947967648506165
8557888,0.13078968226909637
8558832,0.12991856038570404
8559264,0.12753532826900482
8559264,0.12904711067676544
8562816,0.12925273180007935
8563904,0.12959688901901245
8564736,0.12981265783309937
8565008,0.1297469437122345
8566400,0.12790194153785706
8567616,0.12496813386678696
8567856,0.11936693638563156
8568288,0.128854438662529
8569552,0.13128742575645447
8570080,0.13186994194984436
8571040,0.12506932020187378
8572976,0.12642468512058258
8573680,0.13179361820220947
8574608,0.1307540386915207
8575136,0.12994389235973358
8575552,0.12904739379882812
8575584,0.12782001495361328
8576656,0.12706208229064941
8576848,0.1308426558971405
8576960,0.13172219693660736
8580272,0.12724585831165314
8580496,0.12817533314228058
8582432,0.12503069639205933
8582736,0.12307412177324295
8583552,0.13064920902252197
8585248,0.12984709441661835
8587328,0.13035528361797333
8590928,0.12490721046924591
8590960,0.13270927965641022
8591184,0.12988992035388947
8593072,0.1265948861837387
8594256,0.13034559786319733
8594528,0.12616251409053802
8595056,0.12956230342388153
8595920,0.1293041855096817
8596576,0.12213794142007828
8596704,0.12988729774951935
8598000,0.12709055840969086
8604880,0.1289796084165573
8605136,0.1255040168762207
8606864,0.12994177639484406
8607200,0.1291688233613968
8607312,0.13099630177021027
8607712,0.12138938903808594
8610560,0.13025593757629395
8610592,0.13140986859798431
8611360,0.1279679387807846
8611872,0.1300855129957199
8613392,0.13000088930130005
8613920,0.1317104697227478
8614112,0.129619300365448
8614912,0.1305958330631256
8615456,0.13114725053310394
8617488,0.13363900780677795
8619184,0.13195990025997162
8620992,0.12796516716480255
8622560,0.12958873808383942
8626048,0.13435550034046173
8626176,0.12948229908943176
8628320,0.12957626581192017
8629840,0.12879051268100739
8631280,0.13022248446941376
8631616,0.1311868578195572
8631760,0.1285664141178131
8633344,0.12609794735908508
8635712,0.1283271312713623
8636592,0.1322166472673416
8636768,0.12963128089904785
8637376,0.13156047463417053
8637968,0.13008292019367218
8638688,0.1333695948123932
8641536,0.12939056754112244
8641632,0.1270793229341507
8642288,0.12791767716407776
8642816,0.13096146285533905
8643664,0.12600107491016388
8644416,0.1256805956363678
8645072,0.12630370259284973
8645440,0.12611526250839233
8647088,0.1280166655778885
8647264,0.127595916390419
8647712,0.1333627998828888
8648752,0.13311971724033356
8648928,0.12882542610168457
8649584,0.1289079636335373
8650672,0.12698811292648315
8654448,0.12765181064605713
8654880,0.1297909915447235
8656848,0.1319737732410431
8657952,0.1271779090166092
8658064,0.1259358823299408
8660816,0.11467933654785156
8661360,0.12922033667564392
8661728,0.1297520399093628
8665200,0.12069196254014969
8667392,0.1269860863685608
8669056,0.13221213221549988
8669904,0.1293877810239792
8670800,0.1346374750137329
8671040,0.1293221265077591
8672320,0.13200846314430237
8672928,0.12685462832450867
8673824,0.13187852501869202
8675040,0.1292690634727478
8675648,0.1272195726633072
8677216,0.1281389445066452
8678112,0.1318473368883133
8679216,0.13028202950954437
8681424,0.13176661729812622
8682176,0.12952852249145508
8683248,0.12857525050640106
8684384,0.12706491351127625
8686384,0.12725119292736053
8690704,0.12545479834079742
8691136,0.1268995851278305
8691920,0.1267581284046173
8692384,0.13057509064674377
8694256,0.1303195357322693
8695040,0.12980544567108154
8695360,0.13150902092456818
8696224,0.12899185717105865
8697024,0.12981657683849335
8697072,0.12370306998491287
8702480,0.1330101639032364
8705296,0.12801893055438995
8705968,0.12959185242652893
8706032,0.12578865885734558
8707760,0.12998756766319275
8709584,0.12923790514469147
8713152,0.13259124755859375
8716080,0.12965422868728638
8716368,0.1313990205526352
8716768,0.12451783567667007
8716880,0.13014574348926544
8718112,0.12834486365318298
8718688,0.12464630603790283
8718976,0.13252072036266327
8720304,0.12974384427070618
8720560,0.12856560945510864
8720768,0.12361147999763489
8721920,0.12494698911905289
8723168,0.12173119932413101
8725280,0.12870065867900848
8725392,0.12781988084316254
8726512,0.12750674784183502
8730768,0.13022515177726746
8731152,0.12685561180114746
8731312,0.13271091878414154
8734544,0.1292533576488495
8736096,0.12788666784763336
8736144,0.12852533161640167
8736352,0.12875092029571533
8737152,0.12850841879844666
8737952,0.12666606903076172
8738336,0.12817418575286865
8742080,0.1339605748653412
8743136,0.13255582749843597
8743280,0.1298821121454239
8743904,0.12580347061157227
8744304,0.13244344294071198
8744848,0.12989190220832825
8745104,0.13121052086353302
8745312,0.12799520790576935
8745440,0.13404300808906555
8745600,0.12819620966911316
8745728,0.1276669204235077
8746464,0.1311878114938736
8746768,0.12907515466213226
8747392,0.1246897503733635
8748080,0.12461856752634048
8749264,0.13172729313373566
8751552,0.13187022507190704
8753536,0.12981580197811127
8753904,0.13085858523845673
8755600,0.12915043532848358
8755728,0.12795640528202057
8756112,0.12993380427360535
8758112,0.13461126387119293
8759568,0.13188424706459045
8761024,0.13025718927383423
8762480,0.12946023046970367
8763440,0.13253279030323029
8765632,0.12454314529895782
8768080,0.12643134593963623
8768448,0.1295628845691681
8768800,0.13077831268310547
8769680,0.1270613670349121
8770480,0.1330520659685135
8772224,0.13353553414344788
8773232,0.131434366106987
8775360,0.12278416007757187
8777632,0.12466508150100708
8779184,0.13263188302516937
8779760,0.13221098482608795
8780416,0.132197305560112
8780480,0.12869469821453094
8782992,0.12803693115711212
8783344,0.13144198060035706
8783968,0.12969471514225006
8784576,0.13118715584278107
8786560,0.12993192672729492
8789520,0.12581345438957214
8791200,0.12404301017522812
8791312,0.1320248246192932
8794736,0.12917236983776093
8795216,0.12902586162090302
8797056,0.12523198127746582
8797424,0.12804514169692993
8797504,0.12750613689422607
8798176,0.12919718027114868
8799840,0.12821219861507416
8800144,0.1287485957145691
8800752,0.13052789866924286
8801008,0.13333328068256378
8803552,0.1316796988248825
8803840,0.12443753331899643
8804352,0.13093478977680206
8805520,0.1273060441017151
8810704,0.13251827657222748
8811664,0.13093440234661102
8812512,0.12685294449329376
8813072,0.1297997683286667
8815008,0.12659475207328796
8815168,0.12625905871391296
8816128,0.12429429590702057
8818576,0.13079391419887543
8819744,0.12709344923496246
8820176,0.12655895948410034
8821376,0.12028948962688446
8821792,0.1295771300792694
8823248,0.13134951889514923
8823328,0.13447165489196777
8823648,0.13196533918380737
8824864,0.13021168112754822
8825072,0.1292472779750824
8829184,0.12619878351688385
8830384,0.12568973004817963
8830448,0.12925276160240173
8830784,0.13203424215316772
8831600,0.1257486790418625
8832112,0.13289189338684082
8832880,0.1314297467470169
8834320,0.13142670691013336
8835680,0.12913772463798523
8837440,0.131442129611969
8838960,0.12075605243444443
8839328,0.12659765779972076
8839408,0.11657644063234329
8840192,0.12875725328922272
8840640,0.13232475519180298
8841408,0.12951168417930603
8842256,0.1278631091117859
8848032,0.12964710593223572
8848416,0.1301758587360382
8849696,0.12817002832889557
8850016,0.1307910978794098
8851488,0.1273294985294342
8852960,0.13285470008850098
8853232,0.12497972697019577
8856336,0.13063989579677582
8856576,0.137855663895607
8858560,0.1314108818769455
8858624,0.12974666059017181
8860288,0.13044555485248566
8860352,0.1301770806312561
8860416,0.1295756697654724
8862240,0.12355958670377731
8863664,0.12620800733566284
8864192,0.12410617619752884
8864688,0.12995603680610657
8865584,0.12876300513744354
8869040,0.13039392232894897
8870064,0.1257229894399643
8870960,0.13124999403953552
8871360,0.1276703178882599
8872560,0.12655389308929443
8872720,0.13041402399539948
8875840,0.13177084922790527
8876192,0.1276938021183014
8877888,0.12989947199821472
8878128,0.12672269344329834
8878448,0.13052040338516235
8879440,0.12937647104263306
8881728,0.13024432957172394
8883232,0.1286202073097229
8883456,0.1282416582107544
8884432,0.12723711133003235
8887008,0.131368488073349
8887200,0.1317327618598938
8888720,0.12363999336957932
8889168,0.13181103765964508
8890288,0.13231053948402405
8890400,0.13045327365398407
8890528,0.13223809003829956
8891584,0.13270609080791473
8891888,0.13301366567611694
8892208,0.128103107213974
8895072,0.125606968998909
8895536,0.12261069566011429
8896432,0.1303027868270874
8899072,0.1277593970298767
8899296,0.13101190328598022
8899872,0.12789779901504517
8901216,0.1309185028076172
8902272,0.12842120230197906
8902752,0.12673644721508026
8903584,0.1292402297258377
8903904,0.1304500848054886
8904864,0.13349208235740662
8905776,0.12562666833400726
8906240,0.1279313862323761
8906384,0.1324101686477661
8906624,0.12726354598999023
8908016,0.12358700484037399
8908384,0.12944141030311584
8909664,0.12853485345840454
8910176,0.12749280035495758
8911536,0.12738358974456787
8912432,0.13097502291202545
8915088,0.12910321354866028
8915568,0.13033398985862732
8915920,0.1330556422472
8917296,0.12665224075317383
8917568,0.13007701933383942
8919072,0.13026069104671478
8921376,0.13133570551872253
8922128,0.1325964778661728
8923120,0.1265440434217453
8923440,0.12966395914554596
8923792,0.12655280530452728
8923936,0.1350097358226776
8924112,0.13100746273994446
8924128,0.1286434531211853
8924384,0.1312548667192459
8926192,0.13243761658668518
8927696,0.12813341617584229
8929360,0.1278129667043686
8930704,0.132387176156044
8930832,0.1318948119878769
8931040,0.13088452816009521
8931232,0.13304057717323303
8931280,0.12787234783172607
8931440,0.12498412281274796
8933232,0.12481285631656647
8933616,0.1284639537334442
8933936,0.13453303277492523
8934272,0.13311299681663513
8934640,0.12756146490573883
8935872,0.12887035310268402
8936752,0.13402922451496124
8940064,0.1296144723892212
8940352,0.12509843707084656
8940352,0.1286308765411377
8941472,0.12856416404247284
8942128,0.1299024373292923
8942816,0.12477970123291016
8943344,0.12557828426361084
8943632,0.13329868018627167
8945520,0.13270501792430878
8945744,0.12710720300674438
8949280,0.1304197907447815
8950912,0.13142426311969757
8955904,0.13319827616214752
8956176,0.1289365291595459
8956992,0.12837839126586914
8961168,0.1279313862323761
8962112,0.12698936462402344
8962528,0.13000048696994781
8962736,0.12338873744010925
8963024,0.12427688390016556
8963952,0.1300375759601593
8964224,0.12555913627147675
8964624,0.13159991800785065
8965616,0.13039647042751312
8965872,0.12996119260787964
8967104,0.12846548855304718
8968704,0.1292513608932495
8970624,0.12879934906959534
8971008,0.12922364473342896
8971280,0.12309074401855469
8971312,0.1269773244857788
8973888,0.1326889991760254
8975408,0.13051888346672058
8977088,0.1316952258348465
8979088,0.12768085300922394
8980768,0.12369579821825027
8981728,0.10907936096191406
8982032,0.12961852550506592
8982800,0.11948209255933762
8983536,0.13142342865467072
8984000,0.12271315604448318
8984976,0.1279950886964798
8985184,0.12717139720916748
8985392,0.10177592188119888
8988816,0.12517598271369934
8989616,0.12434849888086319
8989888,0.13679912686347961
8992400,0.12728506326675415
8993328,0.12946908175945282
8993424,0.12699167430400848
8994672,0.13145671784877777
8994752,0.12378686666488647
8998480,0.13383705914020538
8999472,0.12739217281341553
9002576,0.13023494184017181
9004048,0.13176853954792023
9005344,0.12957307696342468
9005472,0.13101883232593536
9006800,0.12907204031944275
9007376,0.13302160799503326
9009312,0.12421656399965286
9010880,0.12764842808246613
9012400,0.12924648821353912
9012544,0.12567521631717682
9013872,0.13085193932056427
9014944,0.12717212736606598
9016000,0.13051889836788177
9016080,0.1307736337184906
9017424,0.12693578004837036
9017488,0.1318739503622055
9018480,0.12861502170562744
9018720,0.13039536774158478
9019888,0.12973079085350037
9021008,0.1266801655292511
9021808,0.13103920221328735
9023296,0.12011326104402542
9025744,0.131088986992836
9026656,0.1290379911661148
9028080,0.12925155460834503
9028848,0.12629154324531555
9029216,0.1246689185500145
9029456,0.1247561126947403
9030832,0.1293247789144516
9030864,0.12105707079172134
9031648,0.13208848237991333
9032528,0.12773244082927704
9033008,0.13059520721435547
9035216,0.12853796780109406
9037648,0.12831440567970276
9037728,0.12715882062911987
9039568,0.12869110703468323
9039600,0.12899398803710938
9039872,0.12771254777908325
9040608,0.12841694056987762
9040736,0.1328718215227127
9043104,0.13067355751991272
9044480,0.1307230144739151
9044784,0.13056261837482452
9045024,0.12232310324907303
9045200,0.12957291305065155
9047024,0.12952135503292084
9048288,0.126424640417099
9048368,0.12997010350227356
9049488,0.13134731352329254
9050320,0.1344335675239563
9053264,0.13248850405216217
9054128,0.1264137476682663
9055360,0.12543803453445435
9056576,0.12962043285369873
9057280,0.1292337328195572
9058832,0.1287219226360321
9060816,0.13237537443637848
9060992,0.1073991134762764
9061152,0.1318085491657257
9062400,0.12879681587219238
9064992,0.1337941586971283
9067344,0.1352892518043518
9067904,0.1265561431646347
9068528,0.12652848660945892
9069568,0.13284337520599365
9070176,0.1273052841424942
9071584,0.1279001235961914
9073744,0.12811298668384552
9074480,0.12342995405197144
9075248,0.13499626517295837
9077328,0.12847864627838135
9077968,0.1279449760913849
9078224,0.1275935024023056
9079232,0.12712818384170532
9081536,0.12793375551700592
9081824,0.13130974769592285
9083456,0.12878316640853882
9083712,0.13109546899795532
9084304,0.12756139039993286
9085136,0.1312159150838852
9086288,0.13147416710853577
9087936,0.1298799067735672
9089280,0.13061180710792542
9089824,0.1264948546886444
9090560,0.13166266679763794
9090720,0.12907074391841888
9091504,0.12837862968444824
9094992,0.12789598107337952
9096032,0.12772592902183533
9096608,0.12490620464086533
9096880,0.1291508823633194
9097824,0.123879574239254
9101408,0.1286538541316986
9101456,0.12876366078853607
9103200,0.1279791295528412
9104976,0.13018296658992767
9106464,0.12296367436647415
9106480,0.12823837995529175
9107264,0.12794972956180573
9107632,0.13168969750404358
9109136,0.12698231637477875
9110032,0.13256537914276123
9110848,0.13008186221122742
9111104,0.13184787333011627
9111536,0.1219596415758133
9114640,0.13138198852539062
9116784,0.1271548569202423
9117136,0.13049647212028503
9120128,0.1255212426185608
9121744,0.13401752710342407
9122288,0.1310647577047348
9126816,0.13259455561637878
9127520,0.1252635419368744
9128128,0.1311216652393341
9128656,0.1312544196844101
9128784,0.1284123957157135
9130864,0.12998110055923462
9132432,0.13125458359718323
9133888,0.1308228075504303
9134848,0.13032391667366028
9135888,0.13063465058803558
9135888,0.12717574834823608
9136880,0.11995372176170349
9138816,0.12939447164535522
9139296,0.124015212059021
9139488,0.1272401213645935
9139504,0.13053928315639496
9141888,0.12835325300693512
9143008,0.13291141390800476
9145440,0.1302151381969452
9147520,0.12622211873531342
9148656,0.13109491765499115
9150624,0.1269475221633911
9154176,0.1276126503944397
9154896,0.1296357959508896
9155152,0.13263754546642303
9156064,0.12460990250110626
9157136,0.1327943205833435
9157280,0.13361044228076935
9157376,0.12728828191757202
9160752,0.12902328372001648
9161216,0.13011910021305084
9163504,0.13169193267822266
9163664,0.12429661303758621
9164400,0.12799879908561707
9164912,0.12544791400432587
9165312,0.13127030432224274
9165584,0.13079634308815002
9166416,0.13059349358081818
9166752,0.13196367025375366
9167056,0.13414442539215088
9168384,0.12995998561382294
9168448,0.13005709648132324
9168752,0.13474899530410767
9170320,0.13197901844978333
9171408,0.12967754900455475
9171504,0.1330823451280594
9171968,0.12672963738441467
9172720,0.13153214752674103
9173808,0.12907952070236206
9174272,0.1280747652053833
9175024,0.12425289303064346
9176432,0.1302085667848587
9177712,0.1276494711637497
9177776,0.1226489320397377
9178640,0.13118486106395721
9180960,0.13237278163433075
9180976,0.12826146185398102
9181456,0.1302347332239151
9182064,0.12795865535736084
9182096,0.1300676017999649
9183584,0.1311994194984436
9184272,0.1258416473865509
9184928,0.12789899110794067
9185648,0.12524822354316711
9186880,0.13011667132377625
9188448,0.13224318623542786
9191712,0.12492762506008148
9191968,0.13208821415901184
9193104,0.13196444511413574
9193488,0.12440582364797592
9194960,0.1282876878976822
9197856,0.1273110806941986
9199120,0.12965750694274902
9200320,0.12955373525619507
9200688,0.13072729110717773
9202224,0.12941144406795502
9202352,0.1294594556093216
9202736,0.13306866586208344
9204592,0.13379865884780884
9205040,0.12696819007396698
9206320,0.12229716777801514
9206912,0.13301004469394684
9212128,0.13314491510391235
9212768,0.12710489332675934
9212848,0.13200172781944275
9212880,0.130418598651886
9213968,0.1274900734424591
9215472,0.13231298327445984
9217088,0.124536894261837
9217648,0.12794223427772522
9219088,0.12780587375164032
9220592,0.12714314460754395
9221728,0.13413776457309723
9221760,0.12767720222473145
9223360,0.1341419368982315
9223824,0.13204914331436157
9224160,0.12586143612861633
9226896,0.12776127457618713
9226992,0.13067743182182312
9227104,0.1304309368133545
9228528,0.12675675749778748
9228752,0.13068048655986786
9228784,0.12581010162830353
9231184,0.13023553788661957
9231632,0.12345242500305176
9235840,0.12375866621732712
9237616,0.13174457848072052
9238368,0.12801294028759003
9238928,0.12150155752897263
9239808,0.12802666425704956
9240384,0.12144463509321213
9242944,0.1285141557455063
9243824,0.13089776039123535
9244752,0.12827174365520477
9245040,0.1272474080324173
9245472,0.12473420053720474
9248320,0.1298430860042572
9249056,0.13326676189899445
9250336,0.13226141035556793
9250480,0.12842851877212524
9251760,0.13470466434955597
9252672,0.12780389189720154
9253184,0.12544257938861847
9253216,0.12904831767082214
9254048,0.1300828754901886
9254768,0.12472406029701233
9256256,0.12618963420391083
9257152,0.1356588453054428
9258624,0.13133637607097626
9260304,0.13122780621051788
9261168,0.13387969136238098
9262160,0.1332118809223175
9264272,0.1282314658164978
9264416,0.1347845494747162
9265408,0.12755416333675385
9271920,0.13306832313537598
9272080,0.12409663945436478
9272576,0.12892496585845947
9273648,0.133378267288208
9275552,0.1281823217868805
9276592,0.13254089653491974
9277232,0.12537813186645508
9277712,0.12810470163822174
9277952,0.128776416182518
9278528,0.12685316801071167
9278720,0.12781348824501038
9279072,0.13233914971351624
9279136,0.12967707216739655
9279456,0.12713715434074402
9281472,0.13080638647079468
9281776,0.1280132532119751
9282048,0.12131296843290329
9283728,0.13031889498233795
9284416,0.12303701788187027
9284752,0.12840916216373444
9287632,0.1258486807346344
9287952,0.13339239358901978
9287984,0.13030335307121277
9289376,0.13121864199638367
9289792,0.1289232224225998
9292912,0.13094565272331238
9293392,0.12678378820419312
9294800,0.1308620721101761
9295056,0.12659503519535065
9295664,0.12481922656297684
9296880,0.12998628616333008
9296880,0.13157910108566284
9297040,0.12847551703453064
9298656,0.1294819861650467
9299936,0.12898491322994232
9300944,0.12547966837882996
9302192,0.12619546055793762
9304048,0.13143256306648254
9304304,0.1350521445274353
9306512,0.13053441047668457
9311184,0.13242708146572113
9311184,0.12987278401851654
9311392,0.12992635369300842
9311920,0.13096924126148224
9313616,0.12830165028572083
9313952,0.12422134727239609
9314656,0.12166581302881241
9314704,0.1306161731481552
9314752,0.129668191075325
9315104,0.1332680583000183
9316400,0.1301041841506958
9317392,0.11879339069128036
9319920,0.13068707287311554
9320688,0.1287032812833786
9321024,0.1263803243637085
9323712,0.12979885935783386
9324320,0.12194749712944031
9325696,0.1256778985261917
9327856,0.12888453900814056
9328848,0.13138127326965332
9328928,0.13034547865390778
9331376,0.1341889202594757
9331648,0.12928669154644012
9332464,0.12877991795539856
9334000,0.1324404776096344
9334224,0.12629728019237518
9334240,0.13274073600769043
9334944,0.12986253201961517
9336320,0.12798281013965607
9337568,0.12927906215190887
9337760,0.12761536240577698
9337776,0.13219058513641357
9338384,0.1301991492509842
9340592,0.12384475022554398
9342464,0.13366064429283142
9343824,0.12764382362365723
9345008,0.1310773491859436
9347008,0.12917141616344452
9350848,0.13336001336574554
9351728,0.12940217554569244
9352064,0.1262437254190445
9354352,0.13586647808551788
9355632,0.12769629061222076
9357328,0.12743429839611053
9359104,0.1264929622411728
9360080,0.13178327679634094
9360432,0.13151435554027557
9362048,0.131215438246727
9363312,0.13281269371509552
9363824,0.12775276601314545
9364384,0.12916253507137299
9364752,0.12314481288194656
9364960,0.13103201985359192
9367984,0.12640199065208435
9368928,0.13138461112976074
9370976,0.1290392279624939
9371072,0.12465835362672806
9371536,0.13110549747943878
9373440,0.13075686991214752
9374496,0.12447059154510498
9376368,0.12342704832553864
9378768,0.1310560405254364
9379168,0.12815599143505096
9380560,0.13038119673728943
9384080,0.1320628970861435
9385040,0.12500177323818207
9385920,0.12729382514953613
9389824,0.1261492669582367
9392048,0.1313040405511856
9395536,0.130366712808609
9396544,0.1333041936159134
9396640,0.12783661484718323
9399024,0.12203137576580048
9399072,0.12374866753816605
9399104,0.13350044190883636
9399936,0.13370151817798615
9400000,0.13745179772377014
9400992,0.12883251905441284
9403488,0.1315147429704666
9403696,0.12987910211086273
9403872,0.127851203083992
9407008,0.1286865919828415
9407312,0.12238180637359619
9407312,0.124543696641922
9408704,0.1342417150735855
9409504,0.129808709025383
9409792,0.12797106802463531
9410576,0.12707483768463135
9410880,0.13095125555992126
9412160,0.12710238993167877
9412192,0.13511165976524353
9412512,0.12646295130252838
9416544,0.12995903193950653
9417616,0.13021039962768555
9417920,0.12879224121570587
9418176,0.12851406633853912
9418640,0.12078709900379181
9421680,0.13250474631786346
9422560,0.12679262459278107
9423936,0.13096371293067932
9424608,0.1320732831954956
9424976,0.13222526013851166
9425760,0.1264091432094574
9428176,0.1260201632976532
9433728,0.1266038417816162
9435616,0.12845787405967712
9435760,0.13049182295799255
9436960,0.12907293438911438
9437088,0.12643802165985107
9438272,0.12531410157680511
9439168,0.12533371150493622
9439408,0.12787331640720367
9439936,0.12658637762069702
9440544,0.12804436683654785
9440816,0.1268623024225235
9443248,0.12966743111610413
9443456,0.13190163671970367
9444336,0.12711448967456818
9445168,0.12583887577056885
9445424,0.1327838897705078
9445920,0.13055568933486938
9446176,0.12793831527233124
9446384,0.12583507597446442
9446976,0.12871070206165314
9447840,0.13019390404224396
9449696,0.12881334125995636
9450560,0.1252986490726471
9451200,0.12802785634994507
9451264,0.12544846534729004
9451392,0.12686796486377716
9453184,0.1253022849559784
9453456,0.12801429629325867
9454752,0.13304758071899414
9455808,0.1283644586801529
9456464,0.13071788847446442
9456736,0.12948408722877502
9456944,0.13042737543582916
9458512,0.12662366032600403
9459264,0.1285344511270523
9459504,0.1325625330209732
9460496,0.12842503190040588
9461808,0.1325521618127823
9466576,0.12785784900188446
9467584,0.13531149923801422
9468208,0.1212349683046341
9469664,0.12775693833827972
9470048,0.12998908758163452
9473744,0.1310950666666031
9475296,0.13159139454364777
9477184,0.1300523430109024
9478672,0.1294453740119934
9479552,0.12699183821678162
9480288,0.12912069261074066
9481728,0.12606100738048553
9483072,0.1272963285446167
9485552,0.125912606716156
9486576,0.1277049481868744
9488544,0.12882556021213531
9488848,0.12614072859287262
9490992,0.12263786047697067
9491456,0.12736742198467255
9491456,0.1298113614320755
9494480,0.12890852987766266
9495008,0.1233721598982811
9496416,0.1305585503578186
9497232,0.13014551997184753
9497280,0.1239873617887497
9498416,0.13163506984710693
9498592,0.13143715262413025
9501568,0.12563033401966095
9503312,0.12671567499637604
9504448,0.12752631306648254
9507056,0.1286209672689438
9507936,0.12597307562828064
9509184,0.12836438417434692
9509232,0.1271355003118515
9509744,0.130703404545784
9511504,0.12507905066013336
9511520,0.13117343187332153
9512208,0.12800948321819305
9512768,0.12957125902175903
9513904,0.1291581243276596
9515072,0.12954124808311462
9515792,0.12810924649238586
9521664,0.1325409859418869
9522800,0.13384810090065002
9523552,0.12970471382141113
9524464,0.13358677923679352
9524944,0.12676644325256348
9525792,0.12340305000543594
9526352,0.1322569102048874
9528016,0.13101474940776825
9528128,0.13126882910728455
9530272,0.13044039905071259
9530512,0.12869134545326233
9531312,0.1310255378484726
9532048,0.1269894242286682
9534192,0.1307469606399536
9535056,0.13302262127399445
9537488,0.12963706254959106
9537728,0.1304621696472168
9540944,0.13529939949512482
9542464,0.12897981703281403
9542688,0.13531796634197235
9543632,0.1282491534948349
9544128,0.13070008158683777
9544720,0.13509012758731842
9546368,0.12858116626739502
9546752,0.1303125023841858
9548368,0.12449309229850769
9550304,0.12734737992286682
9551760,0.1261390596628189
9552080,0.1299820840358734
9552864,0.12699107825756073
9553504,0.1279621422290802
9555136,0.12667809426784515
9558256,0.1282786726951599
9558800,0.13045981526374817
9558944,0.13135306537151337
9559872,0.13258105516433716
9561264,0.1282109022140503
9562928,0.13141778111457825
9564880,0.1301015317440033
9566112,0.12708145380020142
9567728,0.13186995685100555
9568160,0.1296994686126709
9568256,0.13311165571212769
9569376,0.12614020705223083
9569952,0.13008415699005127
9571264,0.1300617903470993
9574768,0.12995922565460205
9578912,0.1306242048740387
9579008,0.1290571689605713
9581040,0.12827731668949127
9581440,0.12479621917009354
9583472,0.1379437893629074
9585152,0.1301022320985794
9585984,0.13022340834140778
9587056,0.1273890882730484
9587120,0.1298781782388687
9587280,0.12883256375789642
9588176,0.12963052093982697
9589040,0.13210783898830414
9589552,0.1329718977212906
9589616,0.12867943942546844
9590864,0.12371434271335602
9591632,0.12780824303627014
9591728,0.1293443739414215
9592256,0.12291203439235687
9592528,0.13052724301815033
9593424,0.1317589282989502
9593696,0.12453330308198929
9593792,0.1275298148393631
9595232,0.12787291407585144
9596704,0.1311020851135254
9598768,0.13263408839702606
9601344,0.13157539069652557
9601360,0.13035839796066284
9602288,0.12675392627716064
9603840,0.12884551286697388
9604144,0.12936840951442719
9604496,0.13285157084465027
9604896,0.12819907069206238
9606880,0.11970646679401398
9608032,0.1308659464120865
9608480,0.12722434103488922
9609920,0.13383051753044128
9610432,0.12966105341911316
9610944,0.12725940346717834
9611632,0.13201551139354706
9611984,0.13041526079177856
9614528,0.12799064815044403
9615456,0.1312069147825241
9615504,0.13559891283512115
9617008,0.13317137956619263
9618064,0.12959732115268707
9619024,0.1310984045267105
9620016,0.13018810749053955
9624160,0.1310051530599594
9624992,0.12555401027202606
9625136,0.12751154601573944
9625296,0.11984674632549286
9625680,0.12801474332809448
9625792,0.13071177899837494
9626896,0.12859125435352325
9627680,0.12952929735183716
9629424,0.12949663400650024
9629664,0.13321249186992645
9630480,0.1276247203350067
9632224,0.13335052132606506
9634864,0.12885868549346924
9635744,0.1280796080827713
9636304,0.1283869445323944
9637648,0.1343834400177002
9639296,0.13008061051368713
9645360,0.1350669115781784
9647456,0.13069982826709747
9648944,0.12661787867546082
9649936,0.12379038333892822
9651408,0.1274639517068863
9651936,0.13143368065357208
9651952,0.12879200279712677
9652464,0.13163232803344727
9654208,0.12196873128414154
9657616,0.12929509580135345
9658032,0.13272753357887268
9658560,0.12772293388843536
9662032,0.12930822372436523
9662512,0.13373316824436188
9664240,0.12756478786468506
9666672,0.13125695288181305
9668544,0.12706227600574493
9669120,0.13012057542800903
9672832,0.1184120625257492
9673184,0.12744155526161194
9673824,0.1338653713464737
9675392,0.1271739900112152
9675760,0.1254551112651825
9678304,0.12555843591690063
9679264,0.13074299693107605
9679408,0.12520481646060944
9679968,0.13038848340511322
9680224,0.12930017709732056
9680240,0.13260287046432495
9680432,0.1362912952899933
9680944,0.13161678612232208
9682528,0.12766757607460022
9684032,0.13231070339679718
9686160,0.12790311872959137
9687120,0.12676885724067688
9687920,0.1314287632703781
9689568,0.12985967099666595
9690448,0.12923097610473633
9691504,0.13079072535037994
9693472,0.1280636489391327
9694304,0.12949666380882263
9697072,0.12569500505924225
9697824,0.12734313309192657
9697856,0.11800198256969452
9698272,0.12205282598733902
9698944,0.1287260800600052
9700400,0.12811864912509918
9701888,0.13183510303497314
9701920,0.12719479203224182
9704016,0.12971919775009155
9704864,0.12975962460041046
9704976,0.129972904920578
9705648,0.12929163873195648
9707232,0.12890951335430145
9707744,0.13201677799224854
9707872,0.12852594256401062
9708688,0.12197504192590714
9709056,0.1302502602338791
9711360,0.1340213119983673
9711360,0.1328047513961792
9711728,0.12936636805534363
9712576,0.12802304327487946
9716128,0.12980251014232635
9718224,0.12448928505182266
9718368,0.12463392317295074
9721808,0.11969173699617386
9722688,0.12853090465068817
9725296,0.12972554564476013
9725712,0.12385182827711105
9725968,0.12930183112621307
9727040,0.12963922321796417
9729376,0.12986396253108978
9730576,0.12986807525157928
9732400,0.13134454190731049
9733376,0.12690061330795288
9733808,0.12671254575252533
9733872,0.13328170776367188
9734128,0.12911508977413177
9735872,0.124040387570858
9736208,0.13222593069076538
9736576,0.13320918381214142
9737376,0.1302335262298584
9739232,0.1281651258468628
9744560,0.12957465648651123
9744816,0.12135032564401627
9746624,0.13014660775661469
9752320,0.12920334935188293
9755280,0.13155314326286316
9757872,0.13196882605552673
9759232,0.1289830058813095
9759888,0.12920325994491577
9763488,0.13042406737804413
9764256,0.1282956302165985
9764848,0.12806418538093567
9765520,0.1279516965150833
9768352,0.12753741443157196
9768576,0.12685905396938324
9769920,0.12369740754365921
9771360,0.12764409184455872
9771808,0.13131201267242432
9771856,0.12864795327186584
9772112,0.1268259882926941
9773024,0.12995217740535736
9773088,0.12900105118751526
9774848,0.12565545737743378
9774976,0.12883591651916504
9778464,0.12486950308084488
9778864,0.13315695524215698
9780160,0.1277303695678711
9782832,0.12730847299098969
9784752,0.1260179728269577
9785664,0.12856407463550568
9786000,0.129500150680542
9788256,0.12991981208324432
9789760,0.12380515038967133
9792736,0.127336323261261
9796736,0.1278044581413269
9799888,0.1288468986749649
9803760,0.12866376340389252
9803792,0.1312100887298584
9804608,0.12926454842090607
9806960,0.1307341605424881
9808384,0.12656551599502563
9812032,0.13202092051506042
9812624,0.1276201605796814
9814128,0.12563306093215942
9815456,0.13212764263153076
9815568,0.12626570463180542
9816944,0.12711718678474426
9817856,0.13229872286319733
9820560,0.12609679996967316
9821232,0.13395677506923676
9821488,0.13562864065170288
9821536,0.11943934112787247
9822576,0.12682047486305237
9822672,0.12647509574890137
9823280,0.13002918660640717
9823632,0.129298135638237
9824352,0.1277870237827301
9824992,0.13431137800216675
9825248,0.1306399405002594
9825296,0.12841831147670746
9827136,0.12989135086536407
9829680,0.12739302217960358
9829744,0.12984056770801544
9831808,0.12817522883415222
9832064,0.13078738749027252
9832464,0.12802548706531525
9833232,0.12557923793792725
9835680,0.12521004676818848
9835952,0.1289665848016739
9838096,0.12783551216125488
9839024,0.13411356508731842
9842080,0.130469411611557
9842528,0.12918667495250702
9843072,0.12701784074306488
9844768,0.13167895376682281
9845696,0.1320287138223648
9846288,0.12445221096277237
9848528,0.12733067572116852
9849504,0.12291976064443588
9849712,0.12944629788398743
9851904,0.1271810233592987
9852096,0.12728217244148254
9852736,0.13010311126708984
9858112,0.13191944360733032
9860624,0.13046497106552124
9861664,0.12913981080055237
9864032,0.13078713417053223
9864480,0.12512089312076569
9865168,0.12954610586166382
9866368,0.12889234721660614
9866400,0.1322414129972458
9866416,0.1253601610660553
9866912,0.131722554564476
9867376,0.12921904027462006
9867536,0.13073962926864624
9867680,0.12835267186164856
9869664,0.12788620591163635
9870064,0.12723413109779358
9870448,0.13336436450481415
9872352,0.12758293747901917
9873312,0.1309647560119629
9873632,0.12847338616847992
9874528,0.13063883781433105
9876736,0.12678934633731842
9877168,0.13188739120960236
9878160,0.12404080480337143
9878384,0.13262303173542023
9878688,0.1304461508989334
9879280,0.12858524918556213
9880736,0.12903143465518951
9881552,0.13139116764068604
9881920,0.12827244400978088
9885680,0.13159525394439697
9885904,0.12397418171167374
9887808,0.12740576267242432
9887872,0.12194610387086868
9891024,0.13090276718139648
9891424,0.1342846155166626
9892464,0.1298448145389557
9893088,0.130447655916214
9895136,0.12827612459659576
9895712,0.1291249841451645
9895936,0.1293766349554062
9897328,0.12096673995256424
9898352,0.13197435438632965
9899456,0.13084837794303894
9899808,0.1321590542793274
9900832,0.1311594694852829
9901888,0.12856554985046387
9902352,0.12633287906646729
9902768,0.12370676547288895
9904336,0.10229358822107315
9905440,0.12628638744354248
9905968,0.12607641518115997
9907312,0.1279395967721939
9909520,0.12439793348312378
9912496,0.1255725771188736
9913472,0.1307404786348343
9915056,0.12503036856651306
9916480,0.13179637491703033
9917264,0.12942436337471008
9917488,0.12953625619411469
9918592,0.13087688386440277
9923504,0.1308627724647522
9924304,0.1311669945716858
9924336,0.13187608122825623
9925104,0.1341496855020523
9927472,0.1307731419801712
9927952,0.12981078028678894
9928656,0.1303359717130661
9929248,0.12718340754508972
9930128,0.1314578354358673
9932752,0.13152065873146057
9934704,0.1298626810312271
9935024,0.1290053278207779
9935728,0.13047116994857788
9936400,0.13022682070732117
9938528,0.13177229464054108
9938544,0.1300632357597351
9938608,0.13076084852218628
9939968,0.13283807039260864
9941648,0.13033397495746613
9943424,0.12747208774089813
9945312,0.13208645582199097
9947072,0.12374389171600342
9948224,0.1258745938539505
9948848,0.13164277374744415
9950528,0.13256117701530457
9950816,0.11980663985013962
9951552,0.13191580772399902
9952000,0.12959735095500946
9952352,0.12490513920783997
9954032,0.13635069131851196
9954144,0.12621094286441803
9955072,0.13026608526706696
9956576,0.12881147861480713
9958032,0.12963418662548065
9959168,0.12907478213310242
9959296,0.12934467196464539
9959520,0.12468863278627396
9961408,0.12975838780403137
9962224,0.1304442435503006
9962368,0.12381748110055923
9966288,0.1279730200767517
9966608,0.13434909284114838
9966864,0.13168247044086456
9967504,0.13257203996181488
9971904,0.13072504103183746
9972848,0.12909658253192902
9973392,0.12473882734775543
9976448,0.13032732903957367
9976592,0.13137629628181458
9977008,0.12947452068328857
9979120,0.12885017693042755
9979408,0.1275271773338318
9980448,0.12796324491500854
9980816,0.12254288047552109
9982656,0.127000629901886
9987824,0.133358895778656
9988112,0.13043028116226196
9989840,0.12940138578414917
9991344,0.127228781580925
9992224,0.13046033680438995
9992864,0.12979918718338013
9993248,0.1316920518875122
9993392,0.12183879315853119
9993552,0.1311768740415573
9994224,0.12458934634923935
